name,lat,lon,state,in_margin,in_basin
830001fffffffff,66.02784617413081,44.96859487989606,1,False,False
830003fffffffff,66.47833959325565,47.36979327698465,1,False,False
830018fffffffff,67.9560432593859,50.16990856194808,1,False,False
83001afffffffff,68.33574948774286,52.933458478130405,1,False,False
83001cfffffffff,66.89469118596185,49.88128646109902,1,False,False
83001efffffffff,67.27334541922234,52.50054072198061,1,False,False
830020fffffffff,62.95722197422991,44.88876894475424,1,False,False
830028fffffffff,65.0383983679884,40.498678186325385,1,False,False
830029fffffffff,65.52343330008819,38.15715736169174,1,False,False
83002afffffffff,65.54672561718685,42.67846190359477,1,False,False
83002cfffffffff,64.02143041844597,40.66348846485257,1,False,False
83002dfffffffff,64.50614962088649,38.42731805187481,1,False,False
83004dfffffffff,61.61419533773885,38.05833803107771,1,False,False
830068fffffffff,59.57532418678518,39.17604295214775,1,False,False
830069fffffffff,59.91076334043158,37.14091067104207,1,False,False
83006bfffffffff,60.59092069370367,38.63757530502522,1,False,False
83006dfffffffff,58.91218456352616,37.716249715815145,1,False,False
8300a9fffffffff,68.67086705788694,55.80959461020304,1,False,False
8300f4fffffffff,69.40890629488605,53.41438974921621,1,False,False
8300f6fffffffff,69.74034722984194,56.46193113282645,1,False,False
830118fffffffff,60.80267673732804,48.61054524445918,1,False,False
830120fffffffff,56.3035675695285,44.76232151014494,1,False,False
830122fffffffff,56.67588000443229,46.37712265976796,1,False,False
830124fffffffff,55.41418293838977,44.748753881389376,1,False,False
830125fffffffff,55.91565115892354,43.19894857298824,1,False,False
830126fffffffff,55.7783125496586,46.31233130068724,1,False,False
830130fffffffff,56.456579993580334,49.58367309643205,1,False,False
830134fffffffff,55.56124886658112,49.41822007515064,1,False,False
830135fffffffff,56.12628635699341,47.92410618620645,1,False,False
830136fffffffff,55.86738341024624,51.06842062201184,1,False,False
830148fffffffff,55.2154926135479,42.735038857424016,1,False,False
83014dfffffffff,54.63860744747237,41.38289960159363,1,False,False
830150fffffffff,62.51092888783102,38.90256517979909,1,False,False
830151fffffffff,62.9627777070727,36.78292994454862,1,False,False
830152fffffffff,63.01806189578898,40.814708715749525,1,False,False
830153fffffffff,63.50184349621051,38.67488305593678,1,False,False
830154fffffffff,61.533766804643896,39.112660852137466,1,False,False
83015afffffffff,64.95607481958169,36.11167316388297,1,False,False
83015efffffffff,63.95309967318109,36.46150875344696,1,False,False
830169fffffffff,52.94834728190656,40.59665883767203,1,False,False
83016bfffffffff,53.683783511654624,41.746709672765576,1,False,False
830182fffffffff,60.765120831614446,62.32789256339586,1,False,False
830183fffffffff,61.54091861925507,60.80533310558361,1,False,False
830186fffffffff,59.82579062781489,61.66613316825162,1,False,False
830194fffffffff,59.185308373189145,65.12651691986247,1,False,False
830196fffffffff,59.28150368933521,67.20618733811172,1,False,False
83019dfffffffff,62.50774236120204,61.47902229368524,1,False,False
8301a1fffffffff,59.18115097866129,55.59713660348479,1,False,False
830201fffffffff,71.15147700070943,21.86078187187875,1,False,False
830203fffffffff,71.92543121679299,19.357760203560925,1,False,False
830208fffffffff,69.85193317238685,17.98735233988082,1,False,False
83020afffffffff,70.58335235984427,15.48202351649268,1,False,False
83020cfffffffff,70.1263209324994,21.0595231027322,1,False,False
83020dfffffffff,69.0857028127025,20.325766945513983,1,False,False
83020efffffffff,70.89624291371022,18.64091966919242,1,False,False
830218fffffffff,72.32367428050802,13.243478822121862,1,False,False
83021afffffffff,72.97206494347344,10.247449915782372,1,False,False
83021cfffffffff,72.66223279887888,16.652205740450206,1,False,False
83021dfffffffff,71.63017422258761,16.038802501121978,1,False,False
83021efffffffff,73.35710039597701,13.732111954248424,1,False,False
830228fffffffff,69.50954380619248,26.31329043198611,1,False,False
830229fffffffff,68.49487916027356,25.39080324616525,1,False,False
83022bfffffffff,69.32457428717974,23.305612015625545,1,False,False
83022dfffffffff,68.39125989790467,28.351569829596908,1,False,False
830241fffffffff,63.68169968812206,17.427654696029037,1,False,False
830243fffffffff,64.43175460844937,15.431684145691872,1,False,False
830244fffffffff,62.8100908158541,19.86054091709581,1,False,False
830246fffffffff,63.74545328330384,18.405637592614173,1,False,False
830248fffffffff,62.18657427207776,14.652783329693504,1,False,False
830249fffffffff,61.05098533443751,14.301909274319536,1,False,False
83024afffffffff,62.90351097409184,12.676081787564614,1,False,False
83024bfffffffff,61.76554862829673,12.384032710040067,1,False,False
83024cfffffffff,62.56698655154908,16.96631466624141,1,False,False
83024dfffffffff,61.44312186552214,16.535471999977734,1,False,False
83024efffffffff,63.31380258319559,15.028476954644544,1,False,False
830255fffffffff,64.66479947580243,16.852631864046412,1,False,False
830258fffffffff,64.7214643737754,10.846640157597658,1,False,False
830259fffffffff,63.59115024176267,10.60321186564144,1,False,False
83025afffffffff,65.37642112833073,8.598415390363058,1,False,False
83025bfffffffff,64.24667203610753,8.432810166492606,1,False,False
83025dfffffffff,64.03293538821549,12.989438725113637,1,False,False
830260fffffffff,61.69562219206846,18.948569319644825,1,False,False
830261fffffffff,60.68419131592404,17.986135922961854,1,False,False
830264fffffffff,61.7338596555384,21.25024347984708,1,False,False
830265fffffffff,60.7444367036232,20.228774308053044,1,False,False
830271fffffffff,63.75770176306754,19.665172077460227,1,False,False
830275fffffffff,63.79545341488134,22.149281576602423,1,False,False
830288fffffffff,73.99996294042917,-3.311820067070416,1,False,False
83028cfffffffff,74.59788536412165,0.0367381030815533,1,False,False
830290fffffffff,78.38642794195127,-12.032027073493396,1,False,False
830292fffffffff,77.19785456286606,-12.756393681105012,1,False,False
830293fffffffff,77.60348554072324,-15.24831804772078,1,False,False
830298fffffffff,75.64794511975444,-11.797354805973502,1,False,False
83029afffffffff,75.85302621502665,-16.101592968444653,1,False,False
83029bfffffffff,74.89578695490133,-14.833170434045522,1,False,False
83029efffffffff,76.62673059542723,-13.390516034585229,1,False,False
8302adfffffffff,74.00495260336415,10.587963207349276,1,False,False
8302c1fffffffff,68.21720083586877,1.0971416704024166,1,False,False
8302c3fffffffff,68.70009773529573,-1.681752842032421,1,False,False
8302c8fffffffff,66.491762791537,-1.212582154489039,1,False,False
8302c9fffffffff,65.37130379907614,-1.0051383807145489,1,False,False
8302cafffffffff,66.9455976335739,-3.8495727189194975,1,False,False
8302cbfffffffff,65.83459162191848,-3.535940378151038,1,False,False
8302ccfffffffff,67.11022164702236,1.2229517253872324,1,False,False
8302cdfffffffff,65.9924536221618,1.338810205687862,1,False,False
8302cefffffffff,67.60160109837004,-1.437366552363866,1,False,False
8302d2fffffffff,71.62080158343609,-8.676252611414904,1,False,False
8302d3fffffffff,70.57435753293427,-8.075178768219974,1,False,False
8302d8fffffffff,68.43909736782493,-7.0255881179975415,1,False,False
8302d9fffffffff,67.35178832604228,-6.564837645881674,1,False,False
8302dafffffffff,68.7810235618843,-9.93441005084436,1,False,False
8302dbfffffffff,67.7084705956056,-9.34921492715598,1,False,False
8302dcfffffffff,69.13300288198722,-4.559807457553675,1,False,False
8302ddfffffffff,68.04531529825336,-4.189702187285171,1,False,False
8302defffffffff,69.51354082092307,-7.527171330013226,1,False,False
8302e9fffffffff,65.99482311778175,6.244228223942095,1,False,False
8302ebfffffffff,66.57371554415259,3.7849194327567486,1,False,False
830340fffffffff,62.522972813801786,29.22681295430637,1,False,False
830341fffffffff,61.62332511136983,27.996127909680443,1,False,False
830343fffffffff,62.62080874558305,26.96601393835213,1,False,False
830344fffffffff,62.39084509581973,31.44127112622742,1,False,False
830345fffffffff,61.51627464190563,30.17096162494874,1,False,False
830346fffffffff,66.64788379288979,37.05408245701203,1,False,False
830348fffffffff,60.75328043404963,24.654051040914744,1,False,False
830349fffffffff,59.79285856682622,23.583072271476368,1,False,False
83034afffffffff,61.73367590557128,23.529824032190263,1,False,False
83034bfffffffff,60.76709822393315,22.453544962914545,1,False,False
83034cfffffffff,60.70428823812954,26.82431917825588,1,False,False
83034dfffffffff,59.7670800130237,25.708173473436936,1,False,False
83034efffffffff,61.696340347851866,25.78053567055189,1,False,False
830358fffffffff,63.7448475778214,27.042406094226347,1,False,False
830359fffffffff,62.706494743087696,22.32921672034894,1,False,False
83035bfffffffff,63.79072296710857,24.61124069529756,1,False,False
83035dfffffffff,62.68253312007615,24.66464748226265,1,False,False
830360fffffffff,61.20731368737189,34.37919843301781,1,False,False
830361fffffffff,60.36175065852616,33.10195216401337,1,False,False
830362fffffffff,62.20686341876981,33.630141505217935,1,False,False
830363fffffffff,61.376973509303255,32.30007069534081,1,False,False
830364fffffffff,60.9167093578877,36.52357824223075,1,False,False
830365fffffffff,60.188154961515714,35.10254111081091,1,False,False
830366fffffffff,61.9291107648243,35.85964111132123,1,False,False
830368fffffffff,59.61714859022172,29.86018652285681,1,False,False
830369fffffffff,58.70906819497429,28.719534454792715,1,False,False
83036afffffffff,60.6216004514747,28.95888426857467,1,False,False
83036bfffffffff,59.70801955218319,27.802137907982484,1,False,False
83036cfffffffff,59.49606059778783,31.87807183816025,1,False,False
83036dfffffffff,58.61138330978505,30.705330546714787,1,False,False
83036efffffffff,60.50684125749995,31.05285399876113,1,False,False
830480fffffffff,74.49548995882454,132.24326875070415,1,False,False
830481fffffffff,75.52470456059231,134.3805049979504,1,False,False
830482fffffffff,73.51640039185844,134.46145547555713,1,False,False
830483fffffffff,74.51986332241007,136.60370931732,1,False,False
830484fffffffff,74.38572449930629,127.90678883835486,1,False,False
830485fffffffff,75.45507576465833,129.7222861359058,1,False,False
830486fffffffff,73.4513215779744,130.37322335219264,1,False,False
830488fffffffff,76.45785188934154,141.8175811290748,1,False,False
830489fffffffff,77.37887045304474,145.0051963345171,1,False,False
83048afffffffff,75.38954575183678,143.6340594106838,1,False,False
83048bfffffffff,76.2858771512301,146.6850418435717,1,False,False
83048cfffffffff,76.53383643724908,136.83916402392404,1,False,False
83048efffffffff,75.50237396739861,139.03800852899275,1,False,False
830490fffffffff,71.52791598393458,134.52468791314897,1,False,False
830491fffffffff,72.52317326699023,136.42271905165956,1,False,False
830492fffffffff,70.54838176235926,136.27925721917822,1,False,False
830493fffffffff,71.52023694679426,138.16536492455387,1,False,False
830494fffffffff,71.46585186613926,130.8824100726925,1,False,False
830495fffffffff,72.4970028867799,132.56670288960416,1,False,False
830496fffffffff,70.5202227309126,132.82310003354462,1,False,True
830498fffffffff,73.40892584674927,142.59265124103715,1,False,False
830499fffffffff,74.31578901182269,145.19765740760784,1,False,False
83049afffffffff,72.35487932722555,144.044388945178,1,False,False
83049bfffffffff,73.23990046328343,146.55583408865576,1,False,False
83049cfffffffff,73.50190209874283,138.54831382778283,1,False,False
83049dfffffffff,74.45927211391032,140.93796370241282,1,False,False
83049efffffffff,72.4752851068121,140.25985715618447,1,False,False
8304a0fffffffff,75.04415439741658,120.64229808697168,1,False,False
8304a1fffffffff,76.16892005604463,121.97630174499103,1,False,False
8304a2fffffffff,74.19180371792986,123.64279349223231,1,False,False
8304a3fffffffff,75.29405271987729,125.12414476862712,1,False,False
8304a4fffffffff,74.7096093338764,116.32459433681365,1,False,False
8304a5fffffffff,75.85608420503956,117.28278278079,1,False,False
8304a6fffffffff,73.91651375701971,119.49505528245484,1,False,False
8304aafffffffff,76.51091207012064,131.82258454044563,1,False,False
8304aefffffffff,76.38860698867484,126.84402836902572,1,False,False
8304b0fffffffff,72.22214991245983,124.93612321855495,1,False,False
8304b1fffffffff,73.30696304257842,126.32484712788292,1,False,False
8304b2fffffffff,71.33419461473854,127.26775154942128,1,False,False
8304b3fffffffff,72.39639549545414,128.7265415557479,1,False,False
8304b4fffffffff,71.97618233534216,121.22675192527215,1,False,False
8304b5fffffffff,73.08498514294713,122.35519585206626,1,False,False
8304b6fffffffff,71.1340840841287,123.7086253990846,1,False,False
830580fffffffff,72.09726707252247,104.67088389756334,1,False,False
830581fffffffff,73.25804903460872,104.6701223825002,1,False,False
830582fffffffff,71.49285610536037,107.85846762572194,1,False,False
830583fffffffff,72.64831366522415,108.0729542063106,1,False,False
830584fffffffff,71.49248596512916,101.48405085874344,1,False,False
830585fffffffff,72.64791856251615,101.26815301814452,1,False,False
830586fffffffff,70.94323493343771,104.67155184481858,1,False,False
83058afffffffff,74.29599091343572,112.20813298858631,1,False,False
83058bfffffffff,75.4561280723858,112.81326872067216,1,False,False
83058efffffffff,73.8097987729304,108.31845984288066,1,False,True
830590fffffffff,69.70143124221904,110.47927600501087,1,False,False
830591fffffffff,70.84093068826685,110.8327957302747,1,False,False
830592fffffffff,69.0198218466175,113.10584562868804,1,False,False
830593fffffffff,70.14748840745544,113.60010805470598,1,False,True
830594fffffffff,69.20371310399675,107.5016912288622,1,False,False
830595fffffffff,70.34435970666611,107.66947566678674,1,False,False
830596fffffffff,68.56969162848883,110.16406613956208,1,False,False
830598fffffffff,72.42078996451093,114.7837200327174,1,False,False
830599fffffffff,73.56396349581775,115.5002130560996,1,False,False
83059afffffffff,71.66140111729526,117.62573272748077,1,False,False
83059bfffffffff,72.78828373719784,118.49867394802888,1,False,False
83059cfffffffff,71.98722715913502,111.23202873626003,1,False,True
83059dfffffffff,73.13928600990774,111.6864070849119,1,False,False
83059efffffffff,71.28153412391588,114.15542288684702,1,False,True
8305a0fffffffff,71.28043718385004,95.1875748166704,1,False,False
8305a1fffffffff,72.41962101116765,94.55797007307888,1,False,False
8305a2fffffffff,70.84021618680725,98.51052995065253,1,False,False
8305a3fffffffff,71.9864664808768,98.11000811198365,1,False,False
8305a4fffffffff,70.5361364934262,92.48899176561486,1,False,False
8305a5fffffffff,71.65990870656462,91.71707071702085,1,False,False
8305a6fffffffff,70.14645522646495,95.74405338989638,1,False,False
8305aafffffffff,73.80937510462104,101.021033547086,1,False,False
8305aefffffffff,73.13847282202677,97.65416788478562,1,False,False
8305b0fffffffff,69.20338449782108,101.84317726387872,1,False,False
8305b1fffffffff,70.34401156617919,101.6742872913366,1,False,False
8305b2fffffffff,68.65885947623994,104.67266846808825,1,False,False
8305b3fffffffff,69.7968214046548,104.67214247122683,1,False,False
8305b4fffffffff,68.56905455214607,99.18142683257956,1,False,False
8305b5fffffffff,69.70075765949701,98.86519413779229,1,False,False
8305b6fffffffff,68.0714484242496,101.99412033752829,1,False,False
830600fffffffff,49.13067796727681,27.82526471739457,1,False,False
830601fffffffff,48.18146683433822,26.975719269949547,1,False,False
830602fffffffff,50.08492691527285,27.083686267436388,1,False,False
830603fffffffff,49.12647860449714,26.22684814950817,1,False,False
830604fffffffff,49.11318624163205,29.40262720171444,1,False,False
830605fffffffff,48.1817934603189,28.531528841654904,1,False,False
830606fffffffff,50.07097635614716,28.70552796794342,1,False,False
830608fffffffff,47.18584525179374,24.604190884871315,1,False,False
83060afffffffff,48.1158806787856,23.80878916555,1,False,False
83060bfffffffff,47.12551739750459,23.03739721617509,1,False,False
83060efffffffff,48.15974656284931,25.40078406244585,1,False,False
830610fffffffff,52.00115830912775,27.201410706100685,1,False,False
830611fffffffff,51.04353316427218,26.30434504884708,1,False,False
830612fffffffff,52.97143861014482,26.389035563634337,1,False,False
830613fffffffff,52.00540830647798,25.484592910997016,1,False,False
830614fffffffff,51.972493130365656,28.89511303353118,1,False,False
830615fffffffff,51.03397217866026,27.97264529516835,1,False,False
830616fffffffff,52.94775427679412,28.133593018187906,1,False,False
830618fffffffff,50.04341002907746,23.779401852143177,1,False,False
830619fffffffff,49.04975286272199,22.975464535999794,1,False,False
83061afffffffff,50.989557422354046,22.907977906849908,1,False,False
83061bfffffffff,49.98633203750272,22.101817706825905,1,False,False
83061cfffffffff,50.07601975123722,25.440864204036288,1,False,False
83061dfffffffff,49.09975731258214,24.609487757016623,1,False,False
83061efffffffff,51.02901297124245,24.615257463784456,1,False,False
830622fffffffff,49.074893202503816,30.95700788756724,1,False,False
830630fffffffff,50.946398866597306,31.237536913696523,1,False,False
830631fffffffff,50.03508061595592,30.304242721224384,1,False,False
830632fffffffff,51.92043464883788,30.56326743178684,1,False,False
830633fffffffff,51.00126178432497,29.617766883542764,1,False,False
830634fffffffff,50.870432898192085,32.83001059507542,1,False,False
830635fffffffff,49.97820834849558,31.87788838850283,1,False,False
830636fffffffff,51.846066509008814,32.20368701738559,1,False,False
830680fffffffff,55.86081381714335,21.740632698432936,1,False,False
830681fffffffff,54.85094609896564,20.85936218998411,1,False,False
830682fffffffff,56.81964606580701,20.670999689105635,1,False,False
830683fffffffff,55.80198464740103,19.79077694415152,1,False,False
830684fffffffff,55.88860462379792,23.673473318498573,1,False,False
830685fffffffff,54.89848008968806,22.75306103190116,1,False,False
830686fffffffff,56.85857111115912,22.66356512832036,1,False,False
830688fffffffff,53.73405103656447,18.15019164364559,1,False,False
830689fffffffff,52.686191323918806,17.385123790800392,1,False,False
83068afffffffff,54.66411461459315,17.03303572356694,1,False,False
83068bfffffffff,53.6077040883544,16.27492162065848,1,False,False
83068cfffffffff,53.83017498595788,20.017384891658267,1,False,False
83068dfffffffff,52.79970410500196,19.21247057484624,1,False,False
83068efffffffff,54.77305013594693,18.95131795681272,1,False,False
830690fffffffff,58.78570392948049,20.461997822054137,1,False,False
830691fffffffff,57.77333319917709,19.539985266123963,1,False,False
830692fffffffff,59.739452472389424,19.260931641414427,1,False,False
830693fffffffff,58.72012618372772,18.34311157695534,1,False,False
830694fffffffff,58.81629909341116,22.56429122358848,1,False,False
830695fffffffff,57.824822458742624,21.59458196539003,1,False,False
830696fffffffff,59.78403240169348,21.43209753403885,1,False,False
830698fffffffff,56.64329878403363,16.64440826368134,1,False,False
83069cfffffffff,56.74813664393075,18.663014646372343,1,False,False
83069dfffffffff,55.711327273248656,17.828246368699055,1,False,False
83069efffffffff,57.687671697304616,17.471970133532867,1,False,False
8306a0fffffffff,54.90588169306371,26.48196963239944,1,False,False
8306a1fffffffff,53.943633054432354,25.53249208504536,1,False,False
8306a2fffffffff,55.8862942908049,25.58518813787208,1,False,False
8306a3fffffffff,54.91647439750234,24.62849345375282,1,False,False
8306a4fffffffff,54.86776924741508,28.310068731973804,1,False,False
8306a5fffffffff,53.92594495159607,27.33027677389739,1,False,False
8306a6fffffffff,55.85495105509517,27.471943216991,1,False,False
8306a8fffffffff,52.94062160771683,22.83415537898553,1,False,False
8306a9fffffffff,51.93696527490709,21.992484015957395,1,False,False
8306aafffffffff,53.8966488966168,21.872621241144323,1,False,False
8306abfffffffff,52.88430979019524,21.02999520882194,1,False,False
8306acfffffffff,52.96937965544061,24.62156627554013,1,False,False
8306adfffffffff,51.98429657759956,23.74732447719796,1,False,False
8306aefffffffff,53.93418714285832,23.712169982480457,1,False,False
8306b0fffffffff,57.82893065062645,25.64343952593432,1,False,False
8306b1fffffffff,56.86582189033275,24.636134598374152,1,False,False
8306b2fffffffff,58.812915681302805,24.644606086459845,1,False,False
8306b3fffffffff,57.84300868218795,23.63067076018007,1,False,False
8306b4fffffffff,57.783777437659545,27.62841489342083,1,False,False
8306b5fffffffff,56.84245781746424,26.58441186990612,1,False,False
8306b6fffffffff,58.7767299250132,26.697899361251324,1,False,False
8306c0fffffffff,48.6046807142595,16.323382927699704,1,False,False
8306c1fffffffff,47.543519787878445,15.674789022757489,1,False,False
8306c2fffffffff,49.501385074316985,15.285706578110773,1,False,False
8306c3fffffffff,48.429969887838034,14.644974801664905,1,False,False
8306c4fffffffff,48.7536867936079,17.998441788946412,1,False,False
8306c5fffffffff,47.70659633872536,17.316439928640342,1,False,False
8306c6fffffffff,49.66204342837208,16.999768880954846,1,False,False
8306c8fffffffff,46.27934461432426,13.442244760932512,1,False,False
8306c9fffffffff,45.202377167620426,12.877330550322926,1,False,False
8306cafffffffff,47.14268803728793,12.38774612447777,1,False,False
8306cbfffffffff,46.05494930059967,11.833485422371464,1,False,False
8306ccfffffffff,46.47970037447636,15.052465145858752,1,False,False
8306cdfffffffff,45.41434195528503,14.454985245942954,1,False,False
8306cefffffffff,47.35557899500286,14.030990201902,1,False,False
8306d0fffffffff,51.47208318713485,14.860988379886235,1,False,False
8306d1fffffffff,50.39525041277357,14.201063154649054,1,False,False
8306d2fffffffff,52.37068865878278,13.715680029934887,1,False,False
8306d3fffffffff,51.28473081077927,13.0670225505694,1,False,False
8306d4fffffffff,51.63066889589455,16.653988761610606,1,False,False
8306d5fffffffff,50.56867362724738,15.954801006405846,1,False,False
8306d6fffffffff,52.5432958555051,15.551615170282377,1,False,False
8306d8fffffffff,49.09970540123916,11.85572478227578,1,False,False
8306d9fffffffff,48.00294968262219,11.289612472049388,1,False,False
8306dafffffffff,49.96494136473856,10.697803615351932,1,False,False
8306dbfffffffff,48.858627821487794,10.145936854258183,1,False,False
8306dcfffffffff,49.31397051018376,13.5700007303046,1,False,False
8306ddfffffffff,48.22940240329499,12.966091620250168,1,False,False
8306defffffffff,50.19401524453664,12.44763828182883,1,False,False
8306e0fffffffff,47.95906809588187,20.58261902052241,1,False,False
8306e1fffffffff,46.93732718131921,19.86655723338237,1,False,False
8306e2fffffffff,48.8772594662435,19.66731145852361,1,False,False
8306e3fffffffff,47.84500899977919,18.9532613799811,1,False,False
8306e4fffffffff,48.04918811105964,22.201950598049493,1,False,False
8306e5fffffffff,47.0428528257443,21.457431690047027,1,False,False
8306e6fffffffff,48.97578403086521,21.327214823207097,1,False,False
8306e8fffffffff,45.76887318566027,17.607512072919494,1,False,False
8306e9fffffffff,44.72722527645402,16.973050575509117,1,False,False
8306eafffffffff,46.65604194718024,16.66160556678289,1,False,False
8306ebfffffffff,45.60314922323905,16.032508351516032,1,False,False
8306ecfffffffff,45.91168954306898,19.17763142098736,1,False,False
8306eefffffffff,46.80850404511862,18.26713521384832,1,False,False
8306f0fffffffff,50.83288372672772,19.450125888739034,1,False,False
8306f1fffffffff,49.79616916081378,18.70913180500027,1,False,False
8306f2fffffffff,51.7607321508744,18.442522392512856,1,False,False
8306f3fffffffff,50.71445098885288,17.705571102615213,1,False,False
8306f4fffffffff,50.924402074718856,21.185286755046576,1,False,False
8306f5fffffffff,49.904110164309664,20.410789593216897,1,False,False
8306f6fffffffff,51.86265807786768,20.22314007771274,1,False,False
830780fffffffff,55.46418696249199,34.70426061353626,1,False,False
830781fffffffff,54.60035028555301,33.612501938156505,1,False,False
830782fffffffff,56.46819508140688,34.06091089973148,1,False,False
830783fffffffff,55.59899369822272,32.94900236222368,1,False,False
830784fffffffff,55.30701492763231,36.42055651304688,1,False,False
830785fffffffff,54.46452989161453,35.311141433707725,1,False,False
830786fffffffff,56.31151873916211,35.835901204273604,1,False,False
830788fffffffff,53.81348397525739,30.84630565555897,1,False,False
830789fffffffff,52.89936935718653,29.852514284817747,1,False,False
83078afffffffff,54.80330217518164,30.10966886449961,1,False,False
83078bfffffffff,53.88218109440978,29.102471617716507,1,False,False
83078cfffffffff,53.72106437204288,32.5593054154611,1,False,False
83078dfffffffff,52.82739881520522,31.543338502334105,1,False,False
83078efffffffff,54.71372618362052,31.87796886995439,1,False,False
830790fffffffff,58.33224075449741,34.55515107219977,1,False,False
830791fffffffff,57.47556318609672,33.37788109078376,1,False,False
830792fffffffff,59.346444154483216,33.85210742476441,1,False,False
830793fffffffff,58.48523006427105,32.65159671995636,1,False,False
830794fffffffff,58.15410139624194,36.41332571744718,1,False,False
830795fffffffff,57.32025199253149,35.21519297712242,1,False,False
830796fffffffff,59.17005642085793,35.77918019210118,1,False,False
830798fffffffff,56.7087564003149,30.3925876159662,1,False,False
830799fffffffff,55.79575642497424,29.33021974453903,1,False,False
83079afffffffff,57.708867361040944,29.581511876865765,1,False,False
83079bfffffffff,56.789669002072,28.504429616151523,1,False,False
83079cfffffffff,56.60111134994329,32.24567989827767,1,False,False
83079dfffffffff,55.70998661551634,31.156843095557537,1,False,False
83079efffffffff,57.60562588675316,31.499070771253194,1,False,False
8307a3fffffffff,54.30765064062331,36.97209956280472,1,False,False
8307a4fffffffff,53.93631968966931,40.17546353962495,1,False,False
8307a8fffffffff,52.6174342385704,34.83223279214848,1,False,False
8307a9fffffffff,51.7505206554746,33.81443841298474,1,False,False
8307aafffffffff,53.60618555036614,34.23930397874527,1,False,False
8307abfffffffff,52.7330151977247,33.20387978430869,1,False,False
8307aefffffffff,53.47014795985021,35.88444350257507,1,False,False
8307b1fffffffff,56.13262436916127,37.56868383169361,1,False,False
8307b2fffffffff,57.92180069154773,38.25363420804484,1,False,False
8307b3fffffffff,57.1413063231419,37.008717052187215,1,False,False
830802fffffffff,49.261749261396886,38.00764335446791,1,False,False
830803fffffffff,50.16056749684678,38.25316338877629,1,False,False
830806fffffffff,49.12519178157849,36.62667698676047,1,False,False
830810fffffffff,47.92113671011664,38.262214191463656,1,False,False
830811fffffffff,48.69047415349897,38.84122464529641,1,False,False
830812fffffffff,47.32591994093946,39.08706263904162,1,False,False
830813fffffffff,48.10255005635422,39.67096355722475,1,False,False
830814fffffffff,47.72337849712564,36.86888620170769,1,False,False
830815fffffffff,48.4996290345655,37.4338164991369,1,False,False
830816fffffffff,47.13750943259967,37.69199803816523,1,False,False
830818fffffffff,49.88591404996321,40.3123534145417,1,False,False
830819fffffffff,50.835707807791486,40.52804478936908,1,False,False
83081afffffffff,49.25456875687427,41.2423182852212,1,False,False
83081bfffffffff,50.20842011209715,41.47702125599215,1,False,False
83081cfffffffff,49.55808704113394,39.184213279862654,1,False,False
83081dfffffffff,50.50057296547103,39.37201135684389,1,False,False
83081efffffffff,48.9392245653301,40.10573529939797,1,False,False
830824fffffffff,50.98754558219053,33.18872977986344,1,False,False
830825fffffffff,51.736691122948265,34.16509672462891,1,False,False
830829fffffffff,52.17326760441316,39.26864457907023,1,False,False
83082afffffffff,50.97995472553325,38.17549339540608,1,False,False
83082bfffffffff,51.36936175810189,39.40399429062968,1,False,False
830832fffffffff,47.69580782438324,35.55452027879832,1,False,False
830833fffffffff,48.41831904075075,36.08799437971832,1,False,False
830880fffffffff,45.582165585396616,42.94527068274142,1,False,False
830881fffffffff,46.3734984959787,43.55395009731925,1,False,False
830882fffffffff,44.90957576040425,43.75122324897863,1,False,False
830883fffffffff,45.70838552518206,44.36314710691423,1,False,False
830884fffffffff,45.438812224509206,41.53719145816552,1,False,False
830885fffffffff,46.237721475285824,42.133987283970434,1,False,False
830886fffffffff,44.77571825241506,42.34477072035704,1,False,False
830888fffffffff,47.531114961065576,45.15745651658702,1,False,False
830889fffffffff,48.50073133844606,45.47529895925095,1,False,False
83088afffffffff,46.820750608185314,46.04746138423933,1,False,False
83088bfffffffff,47.79247235505292,46.38184653162487,1,False,False
83088cfffffffff,47.26185460289177,43.96698595893538,1,False,False
83088dfffffffff,48.22529945699007,44.25519336239297,1,False,False
83088efffffffff,46.56537296933722,44.85262212712884,1,False,False
830890fffffffff,43.39832079735879,43.944560425521885,1,False,False
830891fffffffff,44.2199612606307,44.55158165353737,1,False,False
830892fffffffff,42.68408965071784,44.73625268913312,1,False,False
830893fffffffff,43.513364382324994,45.346094936990895,1,False,False
830894fffffffff,43.2664996425108,42.55139849649373,1,False,False
830895fffffffff,44.095548086208666,43.14731535444548,1,False,False
830896fffffffff,42.56158450867829,43.34536957254667,1,False,False
830898fffffffff,45.12557946099855,46.58878873045048,1,False,False
830899fffffffff,46.09449594163428,46.92503541137959,1,False,False
83089afffffffff,44.41717651746071,47.38172890131266,1,False,False
83089bfffffffff,45.35267721953298,47.79003414884481,1,False,False
83089cfffffffff,45.02629455732978,45.16644881055319,1,False,False
83089dfffffffff,45.85318115654385,45.72661320672109,1,False,False
83089efffffffff,44.32725791431243,45.9636071362529,1,False,False
8308a0fffffffff,45.91528118976958,39.32810965477396,1,False,False
8308a1fffffffff,46.71385508895846,39.908045023201886,1,False,False
8308a2fffffffff,45.278711657420246,40.14048958425051,1,False,False
8308a3fffffffff,46.084843266813344,40.72485383337975,1,False,False
8308a4fffffffff,45.72950474015355,37.94522857708522,1,False,False
8308a5fffffffff,46.534849670828834,38.51184392209589,1,False,False
8308a6fffffffff,45.102304128595,38.75666581373425,1,False,False
8308a8fffffffff,47.65281880500177,41.91892742859528,1,False,False
8308a9fffffffff,48.606664398590354,42.16159507474543,1,False,False
8308aafffffffff,47.02163303309697,42.739118909152864,1,False,False
8308abfffffffff,47.942361499632845,43.06990198890573,1,False,False
8308acfffffffff,47.49784863295327,40.49654110996283,1,False,False
8308adfffffffff,48.30408838115554,41.01740566738867,1,False,False
8308aefffffffff,46.87626538399482,41.31764842125709,1,False,False
8308b0fffffffff,43.796716677543024,40.36842452598911,1,False,False
8308b1fffffffff,44.62507637432477,40.94868720651004,1,False,False
8308b2fffffffff,43.11824817304549,41.16816513632712,1,False,False
8308b3fffffffff,43.95434022784502,41.75241571497215,1,False,False
8308b4fffffffff,43.6231099054033,38.99680875208376,1,False,False
8308b5fffffffff,44.45806016006883,39.564496104752365,1,False,False
8308b6fffffffff,42.95396866951319,39.79634804170461,1,False,False
8308c0fffffffff,52.10884964914272,45.54076100203312,1,False,False
8308c1fffffffff,53.08397294405157,45.899914609588585,1,False,False
8308c2fffffffff,51.42646267002139,46.51553171552763,1,False,False
8308c3fffffffff,52.40511516686978,46.894444432566544,1,False,False
8308c4fffffffff,51.80268610953887,44.22783813592708,1,False,False
8308c5fffffffff,52.7730244136032,44.55099350235647,1,False,False
8308c6fffffffff,51.13476235400069,45.1977060485675,1,False,False
8308c8fffffffff,54.36335809563886,47.70734437430038,1,False,False
8308c9fffffffff,55.23706582877263,47.81236317638332,1,False,False
8308cafffffffff,53.672831157861175,48.72544935372771,1,False,False
8308cbfffffffff,54.654616169409024,49.18292347636234,1,False,False
8308ccfffffffff,54.02978287237019,46.1942960733622,1,False,False
8308cdfffffffff,54.89627668289415,46.25150689779924,1,False,False
8308cefffffffff,53.38431877960792,47.29129412027896,1,False,False
8308d0fffffffff,49.7458026757545,47.094701815695785,1,False,False
8308d1fffffffff,50.72607115463962,47.47509256145037,1,False,False
8308d2fffffffff,49.02524197619717,48.02144407377551,1,False,False
8308d3fffffffff,50.00792059765926,48.41927116498149,1,False,False
8308d4fffffffff,49.47359582202459,45.806979359705714,1,False,False
8308d5fffffffff,50.44906160375092,46.15339776935117,1,False,False
8308d6fffffffff,48.76770951745771,46.73061953093412,1,False,False
8308d8fffffffff,51.97765933555122,49.269953145408245,1,False,False
8308d9fffffffff,52.96322592933672,49.72530216444026,1,False,False
8308dafffffffff,51.24662085436788,50.23333343708729,1,False,False
8308dbfffffffff,52.23479635437294,50.706796698773054,1,False,False
8308dcfffffffff,51.70781436052607,47.87287673255654,1,False,False
8308ddfffffffff,52.69031314428585,48.28923409909977,1,False,False
8308defffffffff,50.992305415476665,48.83504246193216,1,False,False
8308e0fffffffff,52.12397381471277,41.97843562803512,1,False,False
8308e1fffffffff,52.9485724115864,41.91173711922876,1,False,False
8308e2fffffffff,51.48774211373763,42.95517945983222,1,False,False
8308e3fffffffff,52.45265090572468,43.24404431006658,1,False,False
8308e4fffffffff,51.75105476076062,40.671447672392254,1,False,False
8308e5fffffffff,52.56556665881735,40.56927591665525,1,False,False
8308e6fffffffff,51.16508053932166,41.72215963983109,1,False,False
8308e8fffffffff,54.17054825627209,43.265937608811605,1,False,False
8308e9fffffffff,55.035392079983794,43.23346861885417,1,False,False
8308eafffffffff,53.68192958409467,44.72400309979262,1,False,False
8308ebfffffffff,54.54030560186043,44.73600506146668,1,False,False
8308ecfffffffff,53.78836309230961,41.84114063344578,1,False,False
8308edfffffffff,54.64339480833809,41.76629441280992,1,False,False
8308eefffffffff,53.32110285995136,43.296533049234725,1,False,False
8308f0fffffffff,49.867072578262565,43.62365876681917,1,False,False
8308f1fffffffff,50.83382403647612,43.91903264215561,1,False,False
8308f2fffffffff,49.19234531931326,44.55583451547936,1,False,False
8308f3fffffffff,50.16237739886465,44.86971409514107,1,False,False
8308f4fffffffff,49.56415185350924,42.41472874850569,1,False,False
8308f5fffffffff,50.52470763789363,42.679009903686136,1,False,False
8308f6fffffffff,48.9030508874088,43.34087356704985,1,False,False
83090afffffffff,51.077727636657045,31.877705132765293,1,False,False
83090bfffffffff,51.84444909146758,32.84557641803783,1,False,False
830914fffffffff,47.97587240412703,27.499107276253834,1,False,False
830918fffffffff,49.458519486224674,31.31917350834977,1,False,False
830919fffffffff,50.22788622444437,32.240317285679026,1,False,False
830932fffffffff,47.96677162457817,26.087752027947733,1,False,False
830952fffffffff,52.4745210758118,35.17007989058954,1,False,False
830956fffffffff,52.60009249825495,33.84294377527481,1,False,False
830959fffffffff,54.23959807042968,40.34680920015371,1,False,False
83095bfffffffff,53.395064126318665,40.46123629439039,1,False,False
830980fffffffff,44.64810908253959,33.47297131524351,1,False,False
830981fffffffff,45.43375165359346,33.98548959201465,1,False,False
830982fffffffff,43.80531240231981,34.222096507650086,1,False,False
830983fffffffff,44.59557581524177,34.73147972760348,1,False,False
830988fffffffff,46.12908963151412,35.76531970582272,1,False,False
830989fffffffff,46.93314176748544,36.31275446945314,1,False,False
83098afffffffff,45.52803114032114,36.57759084841448,1,False,False
83098bfffffffff,46.33974680004109,37.1304877416903,1,False,False
83098cfffffffff,46.203571175507626,34.50325763697801,1,False,False
83098dfffffffff,46.95757808326592,35.02627066034262,1,False,False
83098efffffffff,45.370169910517085,35.24589057882002,1,False,False
830998fffffffff,44.07679917811839,36.8374711363277,1,False,False
830999fffffffff,44.91007969798073,37.38713338333378,1,False,False
83099afffffffff,43.43400173110168,37.63895262324528,1,False,False
83099bfffffffff,44.27513138086989,38.193639562684325,1,False,False
83099cfffffffff,43.863615368211256,35.49724983036197,1,False,False
83099dfffffffff,44.70257365810357,36.03321130188911,1,False,False
83099efffffffff,43.22991882417136,36.29615103732356,1,False,False
8309a4fffffffff,45.54871411525003,28.73600009997497,1,False,False
830a00fffffffff,59.7808122416029,91.2569910030422,1,False,False
830a01fffffffff,60.79437007081939,90.735933983514,1,False,False
830a02fffffffff,59.45163922569554,93.3378092534447,1,False,False
830a03fffffffff,60.47021300300383,92.89580178845333,1,False,False
830a04fffffffff,59.071857401507614,89.68543400161025,1,False,False
830a05fffffffff,60.07648508439982,89.13685328828946,1,False,False
830a06fffffffff,58.76531511592059,91.7472997063911,1,False,False
830a08fffffffff,62.53938612941881,91.91507983026118,1,False,False
830a09fffffffff,63.58940535092219,91.36200882075794,1,False,False
830a0afffffffff,62.18899121609299,94.20781038473164,1,False,False
830a0bfffffffff,63.24402023701804,93.75880479384098,1,False,False
830a0cfffffffff,61.818386470182695,90.17369754632682,1,False,False
830a0dfffffffff,62.85205117009057,89.56532155938267,1,False,False
830a0efffffffff,61.49939501456081,92.42472790946786,1,False,False
830a10fffffffff,58.054030726582944,95.76664776257805,1,False,False
830a11fffffffff,59.08934220414876,95.38031332883384,1,False,False
830a12fffffffff,57.65167492317541,97.71635207690323,1,False,False
830a13fffffffff,58.69518494402551,97.38051343896628,1,False,False
830a14fffffffff,57.38582338952846,94.19374603904753,1,False,False
830a15fffffffff,58.4256672763384,93.77575286635116,1,False,False
830a16fffffffff,57.00542583763233,96.1353730987152,1,False,False
830a18fffffffff,60.75736272950584,96.76039411050822,1,False,False
830a19fffffffff,61.80287135139954,96.438503829431,1,False,False
830a1afffffffff,60.33825388443614,98.83731426750634,1,False,False
830a1bfffffffff,61.38317800186239,98.6031671075393,1,False,False
830a1cfffffffff,60.112974202500325,95.00446847350308,1,False,False
830a1dfffffffff,61.14508581298913,94.6217247938612,1,False,False
830a1efffffffff,59.72446120720631,97.05823323076896,1,False,False
830a20fffffffff,58.58827201068191,86.0995856404596,1,False,False
830a21fffffffff,59.58203538805055,85.48041235859897,1,False,False
830a22fffffffff,58.33746449742567,88.16381811703482,1,False,False
830a23fffffffff,59.34434932935521,87.59478378945825,1,False,False
830a24fffffffff,57.80877956527392,84.65612301476149,1,False,False
830a25fffffffff,58.804713054677215,84.0162685970841,1,False,False
830a26fffffffff,57.57882336640392,86.69184497323002,1,False,False
830a28fffffffff,61.336926721291874,86.28119158292138,1,False,False
830a29fffffffff,62.34363919550951,85.53107806149141,1,False,False
830a2afffffffff,61.08377510495527,88.52932740306929,1,False,False
830a2bfffffffff,62.10031681329663,87.8738057429769,1,False,False
830a2cfffffffff,60.56438134891711,84.78130737561669,1,False,False
830a2dfffffffff,61.55252301139738,83.99744283109037,1,False,False
830a2efffffffff,60.33810144129351,86.97657498634061,1,False,False
830a30fffffffff,57.01945345079843,90.69950774948364,1,False,False
830a31fffffffff,58.05289445006654,90.2039547671994,1,False,False
830a32fffffffff,56.6915208851716,92.6625479397748,1,False,False
830a33fffffffff,57.73535683545602,92.2153438741326,1,False,False
830a34fffffffff,56.27906282166675,89.2283928184903,1,False,False
830a35fffffffff,57.315497656835774,88.7078475241577,1,False,False
830a36fffffffff,55.97215259012209,91.17351646339452,1,False,False
830a40fffffffff,67.06322049111927,86.53921946147072,1,False,False
830a41fffffffff,68.1290075477579,85.59079219017964,1,False,False
830a42fffffffff,66.79035611393329,89.38018502534283,1,False,False
830a43fffffffff,67.87064146660715,88.58531522238353,1,False,False
830a44fffffffff,66.23833771969083,84.64240478355289,1,False,False
830a45fffffffff,67.28444275373397,83.63978899534457,1,False,False
830a46fffffffff,66.0012568933807,87.40062216604916,1,False,False
830a48fffffffff,70.04308593633533,86.72816150550801,1,False,False
830a4afffffffff,69.7593665835314,90.0001573679558,1,False,False
830a4bfffffffff,70.86579347651642,89.11348504579392,1,False,False
830a4cfffffffff,69.19697070691538,84.54205930239966,1,False,False
830a4efffffffff,68.95540410212175,87.70589387361261,1,False,False
830a50fffffffff,65.38436921457517,92.73630477802132,1,False,False
830a51fffffffff,66.46792792788393,92.15094454590064,1,False,False
830a52fffffffff,65.0089192027207,95.29567777017223,1,False,False
830a53fffffffff,66.09838516334634,94.84163287016156,1,False,False
830a54fffffffff,64.64857812265001,90.75983599863665,1,False,False
830a55fffffffff,65.71592638175389,90.10187138800131,1,False,False
830a56fffffffff,64.30942419719607,93.27011089890308,1,False,False
830a58fffffffff,68.30336421207588,93.7894011944436,1,False,False
830a59fffffffff,69.4168508582942,93.17532946613892,1,False,False
830a5afffffffff,67.89867445392481,96.68298602439184,1,False,False
830a5bfffffffff,69.01884549723697,96.23935758146332,1,False,False
830a5cfffffffff,67.55906899579061,91.50632476296344,1,False,False
830a5dfffffffff,68.65664344978697,90.79315793812818,1,False,False
830a5efffffffff,67.19685452305589,94.34192838620316,1,False,False
830a62fffffffff,65.39955576449377,82.88284085575471,1,False,False
830a63fffffffff,66.42551826845775,81.83853438017046,1,False,False
830a66fffffffff,64.55007129852822,81.24913317846517,1,False,False
830a6afffffffff,68.33204819450484,82.5368459938037,1,False,False
830a70fffffffff,64.15727561925029,86.39495227219008,1,False,False
830a71fffffffff,65.19544482916903,85.55724871679018,1,False,False
830a72fffffffff,63.89445349453408,88.9050391487216,1,False,False
830a73fffffffff,64.94457123027055,88.18611150224656,1,False,False
830a74fffffffff,63.35715420070383,84.71979879990758,1,False,False
830a75fffffffff,64.37625114729414,83.83992343097582,1,False,False
830a76fffffffff,63.12516965379135,87.16456064740902,1,False,False
830a80fffffffff,56.82974492312763,104.89856622296791,1,False,False
830a81fffffffff,57.88368497711297,104.7409505175015,1,False,False
830a82fffffffff,56.29943971403741,106.6473515821466,1,False,False
830a83fffffffff,57.3566119692255,106.53297040655902,1,False,False
830a84fffffffff,56.27483291023511,103.28992591772914,1,False,False
830a85fffffffff,57.33619361684182,103.09601751426818,1,False,False
830a86fffffffff,55.76460532940077,105.0490653708894,1,False,False
830a88fffffffff,59.41462190346536,106.55474085535435,1,False,False
830a89fffffffff,60.45239439702004,106.62734629801368,1,False,False
830a8afffffffff,58.86176816512267,108.36139226588467,1,False,False
830a8bfffffffff,59.89032063568015,108.50101634271113,1,False,False
830a8cfffffffff,58.914034049311546,104.67566694038872,1,False,False
830a8dfffffffff,59.94553262387458,104.67543520693084,1,False,False
830a8efffffffff,58.3909652392116,106.48735770668983,1,False,False
830a90fffffffff,54.67741348900039,108.4119575719883,1,False,False
830a91fffffffff,55.74706025637921,108.34163171250702,1,False,False
830a92fffffffff,54.10394326160901,110.01477056923514,1,False,False
830a93fffffffff,55.17440248179935,109.98109103749132,1,False,False
830a94fffffffff,54.15354851364819,106.86114068888617,1,False,False
830a95fffffffff,55.23155159597312,106.7566306126009,1,False,False
830a96fffffffff,53.59813285892818,108.47925568546248,1,False,False
830a98fffffffff,57.28537564684376,109.90904926738249,1,False,False
830a99fffffffff,58.28925571678294,110.0961358804632,1,False,False
830a9afffffffff,56.6953874965917,111.56718844708762,1,False,False
830a9bfffffffff,57.69930197708605,111.76018715113264,1,False,False
830a9cfffffffff,56.80646159504882,108.2680693041622,1,False,False
830a9dfffffffff,57.84736977823629,108.23160425813062,1,False,False
830a9efffffffff,56.23507468110248,109.94588594584684,1,False,False
830aa0fffffffff,56.15725215886414,99.89554092217143,1,False,False
830aa1fffffffff,57.22000106314293,99.62176240243896,1,False,False
830aa2fffffffff,55.69236616017365,101.70891842041644,1,False,False
830aa3fffffffff,56.760520473538,101.4803053422238,1,False,False
830aa4fffffffff,55.52707031548528,98.34319666788345,1,False,False
830aa5fffffffff,56.59543724560135,98.03691296849765,1,False,False
830aa6fffffffff,55.08293257736591,100.15718108611917,1,False,False
830aa8fffffffff,58.8613402077166,100.9899872448511,1,False,False
830aa9fffffffff,59.88987646323818,100.84990528748068,1,False,False
830aaafffffffff,58.385856740341424,102.89283981238394,1,False,False
830aabfffffffff,59.41440359493378,102.7963777373698,1,False,False
830aacfffffffff,58.27057399231679,99.33499417962128,1,False,False
830aadfffffffff,59.30658715753564,99.05414772494376,1,False,False
830aaefffffffff,57.81703579395385,101.24091860959386,1,False,False
830ab0fffffffff,54.119382789190965,103.65234585824852,1,False,False
830ab1fffffffff,55.20235542087292,103.4751810433608,1,False,False
830ab2fffffffff,53.60312990626908,105.33055135796567,1,False,False
830ab3fffffffff,54.68885674450491,105.19291736014256,1,False,False
830ab4fffffffff,53.523633422181646,102.13658202009108,1,False,False
830ab5fffffffff,54.61318594694547,101.92746233163936,1,False,False
830ab6fffffffff,53.02657654502174,103.82193583089736,1,False,False
830ac0fffffffff,64.20677462267865,104.67430022850812,1,False,False
830ac1fffffffff,65.30341471317838,104.67394980608786,1,False,False
830ac2fffffffff,63.64610396195432,106.88336265139093,1,False,False
830ac3fffffffff,64.7357911054127,106.98435262779856,1,False,False
830ac4fffffffff,63.645847368194,102.46558512897526,1,False,False
830ac5fffffffff,64.73552274774634,102.36392839247245,1,False,False
830ac6fffffffff,63.12212167009204,104.67462054240136,1,False,False
830ac8fffffffff,66.94929616988989,107.21691525103743,1,False,False
830ac9fffffffff,68.07175956953046,107.35173673903476,1,False,False
830acafffffffff,66.33301872936184,109.6261584884023,1,False,False
830acbfffffffff,67.44660899339218,109.8812752618747,1,False,False
830accfffffffff,66.41142538909787,104.67356482062068,1,False,False
830acdfffffffff,67.5301432694058,104.6731398932822,1,False,False
830acefffffffff,65.83707277393451,107.09504732103188,1,False,False
830ad0fffffffff,61.98824898012171,108.8146036411308,1,False,False
830ad1fffffffff,63.05667737532278,108.99149675849812,1,False,False
830ad2fffffffff,61.38388220035472,110.7470752589936,1,False,False
830ad3fffffffff,62.44158824753191,111.00014181476844,1,False,False
830ad4fffffffff,61.50387684629458,106.70580534916108,1,False,False
830ad5fffffffff,62.56861467417685,106.79085530602856,1,False,False
830ad6fffffffff,60.93263015270932,108.65163681206354,1,False,False
830ad8fffffffff,64.59295567092369,111.57506226694622,1,False,False
830ad9fffffffff,65.68530949996648,111.90340956468914,1,False,False
830adafffffffff,63.93036728469555,113.63893715926972,1,False,False
830adbfffffffff,65.01000405472678,114.0526062544132,1,False,False
830adcfffffffff,64.13736242568775,109.18417709166194,1,False,False
830addfffffffff,65.22969699639908,109.39485179576124,1,False,False
830adefffffffff,63.511486883530935,111.2751481780396,1,False,False
830ae0fffffffff,63.510721636072496,98.07395731478108,1,False,False
830ae1fffffffff,64.59215578006632,97.77339962461082,1,False,False
830ae2fffffffff,63.05617626341591,100.35781874688098,1,False,False
830ae3fffffffff,64.13683895559052,100.164508535764,1,False,False
830ae4fffffffff,62.86040873381477,96.0895495625008,1,False,False
830ae5fffffffff,63.92932992087756,95.70999777545047,1,False,False
830ae6fffffffff,62.44085478492212,98.34955516755154,1,False,False
830ae8fffffffff,66.33244399573759,99.72108478348773,1,False,False
830ae9fffffffff,67.44600468538701,99.4651371530802,1,False,False
830aeafffffffff,65.83679152287742,102.25250307798606,1,False,False
830aebfffffffff,66.94900072525598,102.12983104857264,1,False,False
830aecfffffffff,65.68447170668546,97.44434953781376,1,False,False
830aedfffffffff,66.78691816927922,97.08257906610756,1,False,False
830aeefffffffff,65.2291490869346,99.95314587237785,1,False,False
830af0fffffffff,61.50364093739988,102.6443151279813,1,False,False
830af1fffffffff,62.56836885692981,102.5587033844203,1,False,False
830af2fffffffff,60.99100423638502,104.6751851381623,1,False,False
830af3fffffffff,62.05002467577805,104.67491446834696,1,False,False
830af4fffffffff,60.93216849117034,100.69879119832964,1,False,False
830af5fffffffff,61.98776839953605,100.53529067947574,1,False,False
830af6fffffffff,60.45216762910503,102.72329253176844,1,False,False
830b02fffffffff,54.14029862961132,83.18877469833826,1,False,False
830b04fffffffff,53.466270464645135,80.05113670158723,1,False,False
830b06fffffffff,53.2964712262202,81.92191352739746,1,False,False
830b10fffffffff,52.86670398027813,85.63999676477322,1,False,False
830b11fffffffff,53.92281767408048,85.08136624281434,1,False,False
830b12fffffffff,52.6073296671739,87.47966469561005,1,False,False
830b13fffffffff,53.67486583219017,86.96041071899762,1,False,False
830b14fffffffff,52.0394437738191,84.36077391992154,1,False,False
830b15fffffffff,53.09654369963191,83.78616164879301,1,False,False
830b16fffffffff,51.797864740661495,86.17705584645958,1,False,False
830b18fffffffff,55.77052032789042,85.85636188344728,1,False,False
830b19fffffffff,56.79716827111821,85.26897330073429,1,False,False
830b1afffffffff,55.5153463768277,87.8019030913488,1,False,False
830b1bfffffffff,56.554299208208434,87.2587891594878,1,False,False
830b1cfffffffff,54.96542205250293,84.49995088620197,1,False,False
830b1efffffffff,54.72951411153721,86.4197271203873,1,False,False
830b20fffffffff,52.71365278948743,77.02075417046794,1,False,False
830b21fffffffff,53.715438841228575,76.3058976342845,1,False,False
830b22fffffffff,52.58915033202481,78.85955344091164,1,False,False
830b24fffffffff,51.80738464697065,75.90650435077033,1,False,False
830b25fffffffff,52.80898475347582,75.18571755622226,1,False,False
830b26fffffffff,51.69699297570063,77.71057983851847,1,False,False
830b30fffffffff,51.39054625325928,81.32193635947095,1,False,False
830b31fffffffff,52.43528191616916,80.69833529207041,1,False,False
830b32fffffffff,51.19439464582513,83.1220609141939,1,False,False
830b33fffffffff,52.252007380028566,82.53331986301828,1,False,False
830b34fffffffff,50.513514195407765,80.15101714173726,1,False,False
830b35fffffffff,51.55808791407184,79.51691920525049,1,False,False
830b36fffffffff,50.332889391647775,81.92306741741534,1,False,False
830b5afffffffff,62.54703761677716,83.1523362448403,1,False,False
830b5bfffffffff,63.54668531436707,82.23893354868163,1,False,False
830b60fffffffff,59.37392527526487,71.4230134907156,1,False,False
830b64fffffffff,58.47070989564477,70.28483293538572,1,False,False
830b65fffffffff,59.34462875830128,69.3068193843772,1,False,False
830b66fffffffff,58.47601351795749,72.31403414178355,1,False,False
830b80fffffffff,52.390444755534176,94.2676811330086,1,False,False
830b81fffffffff,53.483170641627545,93.89171814761336,1,False,False
830b82fffffffff,52.00048574569304,96.02616454389108,1,False,False
830b83fffffffff,53.100078605163,95.69051782887442,1,False,False
830b84fffffffff,51.65807652599245,92.87894992285852,1,False,False
830b85fffffffff,52.75385667404288,92.47892969894404,1,False,False
830b86fffffffff,51.28734689357023,94.62841438400868,1,False,False
830b88fffffffff,55.26690993693813,94.97494075187556,1,False,False
830b89fffffffff,56.33269511768186,94.59308006494967,1,False,False
830b8afffffffff,54.87074628958339,96.82449536084876,1,False,False
830b8bfffffffff,55.94412002842946,96.4876378847208,1,False,False
830b8cfffffffff,54.564745893032864,93.4995746844956,1,False,False
830b8dfffffffff,55.63442985802387,93.09022245237102,1,False,False
830b8efffffffff,54.18913536338388,95.34041859237703,1,False,False
830b90fffffffff,50.47062513556301,98.03608027154334,1,False,False
830b91fffffffff,51.58514740999463,97.75191733425112,1,False,False
830b92fffffffff,50.02705563323538,99.6900499069878,1,False,False
830b93fffffffff,51.145692161513495,99.44280459590787,1,False,False
830b94fffffffff,49.77286225283145,96.65745655743972,1,False,False
830b95fffffffff,50.891140457666765,96.34821388967822,1,False,False
830b96fffffffff,49.347784308134855,98.30896779226674,1,False,False
830b98fffffffff,53.35654579079479,98.91652362645192,1,False,False
830b99fffffffff,54.4472133358277,98.63611982373364,1,False,False
830b9afffffffff,52.90220575970452,100.64709995055132,1,False,False
830b9bfffffffff,53.99768841651594,100.40746242155484,1,False,False
830b9cfffffffff,52.69052779862658,97.45578029452751,1,False,False
830b9dfffffffff,53.78597790600494,97.14691288516802,1,False,False
830b9efffffffff,52.25578648829979,99.1851812757865,1,False,False
830ba0fffffffff,51.22951686130694,89.76224438936401,1,False,False
830ba1fffffffff,52.31895488263392,89.30158479851302,1,False,False
830ba2fffffffff,50.90403852435485,91.5246852898342,1,False,False
830ba3fffffffff,52.00226288387468,91.10238819696026,1,False,False
830ba4fffffffff,50.43679757083312,88.45848195563445,1,False,False
830ba5fffffffff,51.52769740166914,87.97865787687232,1,False,False
830ba6fffffffff,50.129453199229815,90.2050767104516,1,False,False
830ba8fffffffff,54.16543586285504,90.20455896987006,1,False,False
830ba9fffffffff,55.22881201964243,89.72686185398787,1,False,False
830baafffffffff,53.83863857249307,92.06205831740562,1,False,False
830babfffffffff,54.91164890776449,91.62729512729976,1,False,False
830bacfffffffff,53.39693206757666,88.82206262325829,1,False,False
830badfffffffff,54.4626496422876,88.32256659637062,1,False,False
830baefffffffff,53.08966363457504,90.66269361154772,1,False,False
830bb0fffffffff,49.43679825017724,93.63222661309736,1,False,False
830bb1fffffffff,50.55210847909684,93.2630837694254,1,False,False
830bb2fffffffff,49.05333061068593,95.30764761314548,1,False,False
830bb3fffffffff,50.17469224972282,94.97479799384396,1,False,False
830bb4fffffffff,48.67851659681543,92.32089663526484,1,False,False
830bb5fffffffff,49.79583143868385,91.93055413847712,1,False,False
830bb6fffffffff,48.31302477794253,93.98721027601212,1,False,False
830c6cfffffffff,73.39745381647987,-52.73436207461496,1,False,False
830d08fffffffff,81.37198809635241,-19.80385136961939,1,False,False
830d09fffffffff,80.54374528333143,-23.937952627390995,1,False,False
830d0afffffffff,82.39812527667131,-22.799243344242434,1,False,False
830d0bfffffffff,81.52770046384553,-27.11431690281293,1,False,False
830d0cfffffffff,81.081552585385,-12.810159072728569,1,False,False
830d0dfffffffff,80.33354295824415,-17.45780763514741,1,False,False
830d0efffffffff,82.15626830393607,-14.761822126622574,1,False,False
830d1dfffffffff,83.22488698272188,-17.34076966994303,1,False,False
830d44fffffffff,76.93711785950143,-25.231404609672182,1,False,False
830d46fffffffff,77.8818119465373,-27.521976648849705,1,False,False
830d49fffffffff,74.50986132789286,-42.52395044670845,1,False,False
830d4dfffffffff,74.87514023071247,-39.61962962846993,1,False,False
830d54fffffffff,79.6865598827667,-27.355835870112404,1,False,False
830d55fffffffff,78.8112456971143,-30.20977068700173,1,False,False
830d56fffffffff,80.63059372343255,-30.57472671505234,1,False,False
830d60fffffffff,76.88452795231831,-22.76315960252668,1,False,False
830d61fffffffff,76.02521225715407,-24.89786954022482,1,False,False
830d62fffffffff,76.75952161218432,-20.57505197514677,1,False,False
830d64fffffffff,76.79867662736697,-18.04383838836885,1,False,False
830d65fffffffff,75.97911861321396,-20.48507573470983,1,False,False
830d66fffffffff,76.49818963787571,-16.039749325471053,1,False,False
830d68fffffffff,75.10198136889554,-30.854556698826904,1,False,False
830d69fffffffff,74.28164134525728,-33.54656668213479,1,False,False
830d6bfffffffff,75.08287080070507,-35.69951198986269,1,False,False
830d6cfffffffff,75.15526572071582,-26.892384953409746,1,False,False
830d6dfffffffff,74.24714864870995,-29.03442355439352,1,False,False
830d70fffffffff,78.53166039887266,-19.272558791412905,1,False,False
830d71fffffffff,77.74470432670675,-22.46404367773989,1,False,False
830d72fffffffff,79.54271784476629,-21.37552421042137,1,False,False
830d73fffffffff,78.72217333589494,-24.69356755216339,1,False,False
830d74fffffffff,78.24278377429943,-14.03726451579431,1,False,False
830d75fffffffff,77.51558634708702,-17.520058438891077,1,False,False
830d76fffffffff,79.28904434924272,-15.576457764323589,1,False,False
830e00fffffffff,53.21731346579568,2.1916775591025304,1,False,False
830e01fffffffff,52.03623074616242,2.244246605718591,1,False,False
830e02fffffffff,53.76704300565674,0.4336833005957339,1,False,False
830e03fffffffff,52.58714252322192,0.5346465433178796,1,False,False
830e04fffffffff,53.8238241950568,3.897243140388849,1,False,False
830e05fffffffff,52.64238056274673,3.9041187492032456,1,False,False
830e06fffffffff,54.398371742717536,2.136127007057206,1,False,False
830e08fffffffff,50.22960983640253,0.7209815334294625,1,False,False
830e09fffffffff,49.05398520984954,0.8071348369948852,1,False,False
830e0afffffffff,50.75837635416192,-0.937217901044135,1,False,False
830e0bfffffffff,49.58352408686484,-0.8080839917277611,1,False,False
830e0cfffffffff,50.85612949555989,2.29406782661338,1,False,False
830e0dfffffffff,49.67801032108851,2.341351111183122,1,False,False
830e0efffffffff,51.40766215848611,0.6302754961670087,1,False,False
830e10fffffffff,55.46609835229705,-1.5285997253885064,1,False,False
830e11fffffffff,54.28995050335118,-1.3682664971354748,1,False,False
830e12fffffffff,55.9560367004625,-3.428219131989469,1,False,False
830e13fffffffff,54.78450362737111,-3.2121464585392587,1,False,False
830e14fffffffff,56.12406122177711,0.2138661409243262,1,False,False
830e15fffffffff,54.94635239907755,0.3269273165461963,1,False,False
830e16fffffffff,56.640031419946105,-1.698495708061061,1,False,False
830e18fffffffff,52.43690558741669,-2.814799638127908,1,False,False
830e19fffffffff,51.26289282852129,-2.6317148162191346,1,False,False
830e1afffffffff,52.91179464068421,-4.5923715460586685,1,False,False
830e1bfffffffff,51.74182174167763,-4.360655625535001,1,False,False
830e1cfffffffff,53.11260256076919,-1.2167130626834446,1,False,False
830e1dfffffffff,51.93507242402784,-1.0732394305874629,1,False,False
830e1efffffffff,53.61111781695378,-3.0079915490038656,1,False,False
830e20fffffffff,53.78084237092484,7.357526953717454,1,False,False
830e21fffffffff,52.602049612146594,7.27044279826855,1,False,False
830e22fffffffff,54.40495958024368,5.650352996827421,1,False,False
830e23fffffffff,53.224451589506806,5.608974244777217,1,False,False
830e24fffffffff,54.31002769671314,9.148099084316875,1,False,False
830e25fffffffff,53.13431275724084,9.01097633910712,1,False,False
830e26fffffffff,54.959068755984006,7.449605445872173,1,False,False
830e28fffffffff,50.86439806563386,5.5327039849080055,1,False,False
830e29fffffffff,49.6868536138375,5.497482153542218,1,False,False
830e2afffffffff,51.46143862829333,3.9106299423542974,1,False,False
830e2bfffffffff,50.28200001970083,3.916804943452122,1,False,False
830e2cfffffffff,51.42369604942836,7.187957740895455,1,False,False
830e2dfffffffff,50.246784172921735,7.109717138974991,1,False,False
830e2efffffffff,52.0439300374963,5.56981591447537,1,False,False
830e30fffffffff,56.18420235346039,3.8822690490080105,1,False,False
830e31fffffffff,55.0047653370552,3.889971642177539,1,False,False
830e32fffffffff,56.75639527929786,2.0150062870214187,1,False,False
830e33fffffffff,55.57839944157341,2.0773340120831554,1,False,False
830e34fffffffff,56.761926766629024,5.740572407945823,1,False,False
830e35fffffffff,55.58445074424537,5.694146493435467,1,False,False
830e36fffffffff,57.36114124235967,3.874095853498101,1,False,False
830e40fffffffff,45.004903691682834,2.5086238472533733,1,False,False
830e41fffffffff,43.8511755579362,2.545717611891694,1,False,False
830e42fffffffff,45.55144799773248,1.0414628895404374,1,False,False
830e43fffffffff,44.39519700987413,1.112444821119879,1,False,False
830e44fffffffff,45.5989404783712,3.938615039711347,1,False,False
830e45fffffffff,44.441604780481306,3.94344420302028,1,False,False
830e46fffffffff,46.16536725994813,2.469774437315164,1,False,False
830e48fffffffff,42.10495871490463,1.2451158389506185,1,False,False
830e49fffffffff,40.972642017892845,1.3072014742244682,1,False,False
830e4afffffffff,42.62765939850413,-0.1525359848246363,1,False,False
830e4bfffffffff,41.49245774426431,-0.059739026871818,1,False,False
830e4cfffffffff,42.70505259943942,2.5811720816399566,1,False,False
830e4dfffffffff,41.56736867732573,2.615093550466645,1,False,False
830e4efffffffff,43.24608254249571,1.1802601027323056,1,False,False
830e50fffffffff,47.24332826201742,-0.5684918355858761,1,False,False
830e51fffffffff,46.079928450270415,-0.4571563765930411,1,False,False
830e52fffffffff,47.75220493152422,-2.1357783543401703,1,False,False
830e53fffffffff,46.58907569451975,-1.9861415262647848,1,False,False
830e54fffffffff,47.88177475268716,0.889069420871739,1,False,False
830e55fffffffff,46.71394700031222,0.9670874385203636,1,False,False
830e56fffffffff,48.41151397977029,-0.6853286936532448,1,False,False
830e58fffffffff,44.27921879067422,-1.707199120790732,1,False,False
830e59fffffffff,43.134311946379015,-1.5769961493924318,1,False,False
830e5afffffffff,44.76897420846091,-3.1916975338797973,1,False,False
830e5bfffffffff,43.62379302279245,-3.027233001650848,1,False,False
830e5cfffffffff,44.922250990271934,-0.3509434790507181,1,False,False
830e5dfffffffff,43.77120317687682,-0.2495082406221311,1,False,False
830e5efffffffff,45.43110493285016,-1.84343822822712,1,False,False
830e60fffffffff,45.573219490922,6.833262795721708,1,False,False
830e61fffffffff,44.41810345383147,6.772028593076144,1,False,False
830e62fffffffff,46.175942374489686,5.401816010704708,1,False,False
830e63fffffffff,45.01605089371649,5.372875309250127,1,False,False
830e64fffffffff,46.11185203217437,8.32366512082728,1,False,False
830e65fffffffff,44.9558762983424,8.227542722812585,1,False,False
830e66fffffffff,46.73457342218978,6.897423031958809,1,False,False
830e68fffffffff,42.717323635859685,5.318829896040688,1,False,False
830e69fffffffff,41.58018776177798,5.293559387065124,1,False,False
830e6afffffffff,43.29145401270128,3.9480574648115887,1,False,False
830e6bfffffffff,42.14933912640693,3.952468987188987,1,False,False
830e6cfffffffff,43.270109834717886,6.713524854245062,1,False,False
830e6dfffffffff,42.13008905501096,6.657573047306225,1,False,False
830e6efffffffff,43.86288870782301,5.345242152004524,1,False,False
830e70fffffffff,47.93159610399618,3.928245406884091,1,False,False
830e71fffffffff,46.76257607114536,3.933554455453279,1,False,False
830e72fffffffff,48.50286350477396,2.386285509968542,1,False,False
830e73fffffffff,47.331664107751095,2.4290417574855425,1,False,False
830e74fffffffff,48.512284405252096,5.464009637612994,1,False,False
830e75fffffffff,47.34166305659665,5.432159294837493,1,False,False
830e76fffffffff,49.10505872415963,3.922669134951725,1,False,False
830e80fffffffff,56.452633185847134,-10.950967411429511,1,False,False
830e81fffffffff,55.30961880558866,-10.521567980967347,1,False,False
830e82fffffffff,56.78679479775765,-12.958706733924842,1,False,False
830e83fffffffff,55.65500329569539,-12.470973091849949,1,False,False
830e84fffffffff,57.23314321304518,-9.361855980696502,1,False,False
830e85fffffffff,56.08441732618451,-8.96846735726255,1,False,False
830e86fffffffff,57.59075241650447,-11.405621555983435,1,False,False
830e88fffffffff,53.37855262840129,-11.57243493532881,1,False,False
830e89fffffffff,52.23608293081882,-11.157788991136488,1,False,False
830e8afffffffff,53.71332093232606,-13.434555709278513,1,False,False
830e8bfffffffff,52.58092331628556,-12.969893981857217,1,False,False
830e8cfffffffff,54.162789377742186,-10.11542035032608,1,False,False
830e8dfffffffff,53.01322473146322,-9.73072339110132,1,False,False
830e8efffffffff,54.51855698803079,-12.009555355732326,1,False,False
830e90fffffffff,58.19879804112821,-15.564977921157515,1,False,False
830e91fffffffff,57.08627320071706,-14.98715661083628,1,False,False
830e92fffffffff,58.4482742332405,-17.67024440259249,1,False,False
830e93fffffffff,57.3506397803702,-17.031487724690752,1,False,False
830e94fffffffff,59.03202235944186,-14.02233426177465,1,False,False
830e95fffffffff,57.912833480489226,-13.474996524157898,1,False,False
830e96fffffffff,59.30356472645575,-16.17726107228547,1,False,False
830e98fffffffff,55.13385274903942,-15.855596702894312,1,False,False
830e99fffffffff,54.01696845795355,-15.313435373138566,1,False,False
830e9afffffffff,55.39251470466032,-17.79928345321102,1,False,False
830e9bfffffffff,54.28910051291543,-17.205213996918175,1,False,False
830e9cfffffffff,55.96710788411836,-14.441075510404682,1,False,False
830e9dfffffffff,54.84241899402644,-13.924280776965542,1,False,False
830e9efffffffff,56.2454539253925,-16.427484227403536,1,False,False
830ea0fffffffff,57.57656365562025,-5.659452175636278,1,False,False
830ea1fffffffff,56.41471062654262,-5.369201860794375,1,False,False
830ea2fffffffff,57.994299589418745,-7.701432937263628,1,False,False
830ea3fffffffff,56.84080034254657,-7.348320264634198,1,False,False
830ea4fffffffff,58.28946468564146,-3.9005213631327673,1,False,False
830ea5fffffffff,57.124694896697584,-3.657277791168096,1,False,False
830ea6fffffffff,58.73381152906586,-5.967769558099723,1,False,False
830ea8fffffffff,54.52184208459991,-6.700956420150949,1,False,False
830ea9fffffffff,53.35847697788538,-6.403560082491051,1,False,False
830eaafffffffff,54.93161855414371,-8.596968579707122,1,False,False
830eabfffffffff,53.77581059734904,-8.245610825208322,1,False,False
830eacfffffffff,55.24927594126264,-5.095489425067555,1,False,False
830eadfffffffff,54.08129171199303,-4.836952070736663,1,False,False
830eaefffffffff,55.68296626311848,-7.015381477462878,1,False,False
830eb0fffffffff,59.514143220554864,-10.22234811224409,1,False,False
830eb1fffffffff,58.3767362613509,-9.779087305580374,1,False,False
830eb2fffffffff,59.848000249898405,-12.39988805275862,1,False,False
830eb3fffffffff,58.72289897474259,-11.887763252727163,1,False,False
830eb4fffffffff,60.284157561911655,-8.47585793435397,1,False,False
830eb5fffffffff,59.14242723425531,-8.076580948204496,1,False,False
830eb6fffffffff,60.64431996319109,-10.694094251682882,1,False,False
830ec0fffffffff,48.409010278953645,-8.376215247947924,1,False,False
830ec1fffffffff,47.261714197840014,-8.077294703748569,1,False,False
830ec2fffffffff,48.80468002149396,-10.032953878616738,1,False,False
830ec3fffffffff,47.66307927541912,-9.69316427769898,1,False,False
830ec4fffffffff,49.14369402893673,-7.012424129240944,1,False,False
830ec5fffffffff,47.98867400182806,-6.741084109876416,1,False,False
830ec6fffffffff,49.55884305968324,-8.689866296110527,1,False,False
830ec8fffffffff,45.38932977729792,-9.059365341515235,1,False,False
830ec9fffffffff,44.25914253215616,-8.76338062996629,1,False,False
830ecafffffffff,45.77803168054666,-10.617076199814068,1,False,False
830ecbfffffffff,44.65256210832271,-10.285095634893851,1,False,False
830eccfffffffff,46.11795683255145,-7.792105939431744,1,False,False
830ecdfffffffff,44.978713713604094,-7.519737194294674,1,False,False
830ecefffffffff,46.52429743434584,-9.368978538035453,1,False,False
830ed0fffffffff,50.31062720885576,-12.108649612328763,1,False,False
830ed1fffffffff,49.174897768438754,-11.708909732087896,1,False,False
830ed2fffffffff,50.64583957880311,-13.844582917570696,1,False,False
830ed3fffffffff,49.51899443507968,-13.401505627330431,1,False,False
830ed4fffffffff,51.09223340585367,-10.763967954461734,1,False,False
830ed5fffffffff,49.9480789126694,-10.389475975141377,1,False,False
830ed6fffffffff,51.44632824360805,-12.528476240934436,1,False,False
830ed8fffffffff,47.267084428563656,-12.575950516632894,1,False,False
830ed9fffffffff,46.14410959890545,-12.19084984803355,1,False,False
830edafffffffff,47.60223758941508,-14.201527531132005,1,False,False
830edbfffffffff,46.48695153190312,-13.778527806563377,1,False,False
830edcfffffffff,48.04020004593004,-11.327884964124731,1,False,False
830eddfffffffff,46.90757316369413,-10.96432251545936,1,False,False
830edefffffffff,48.39239042692381,-12.979084388642685,1,False,False
830ee0fffffffff,49.40457130964417,-3.931986524125559,1,False,False
830ee1fffffffff,48.239328982424446,-3.733348214369385,1,False,False
830ee2fffffffff,49.86541152273404,-5.600875917381954,1,False,False
830ee3fffffffff,48.70352325812506,-5.359534017162043,1,False,False
830ee4fffffffff,50.09010029556929,-2.457967615833056,1,False,False
830ee5fffffffff,48.91953888029393,-2.292864414811085,1,False,False
830ee6fffffffff,50.572405894655056,-4.140822344305828,1,False,False
830ee8fffffffff,46.38952367416229,-4.910715372000852,1,False,False
830ee9fffffffff,45.239365362277496,-4.701703389779879,1,False,False
830eeafffffffff,46.83689822967267,-6.482474615897349,1,False,False
830eebfffffffff,45.68934978492361,-6.23573009519338,1,False,False
830eecfffffffff,47.07767221447007,-3.5441827400820904,1,False,False
830eedfffffffff,45.920572266469264,-3.3638321040213675,1,False,False
830eeefffffffff,47.54456432658357,-5.129748414372483,1,False,False
830ef0fffffffff,51.459420024767,-7.597193856000097,1,False,False
830ef1fffffffff,50.30095152465624,-7.297445297383795,1,False,False
830ef2fffffffff,51.862001159117256,-9.36585354731188,1,False,False
830ef3fffffffff,50.710187841735866,-9.01934394153081,1,False,False
830ef4fffffffff,52.19392068499335,-6.121860369187714,1,False,False
830ef5fffffffff,51.02921940530499,-5.8546591306803215,1,False,False
830ef6fffffffff,52.61805751790233,-7.912823792489728,1,False,False
830f00fffffffff,56.87555189086935,15.064327588475386,1,False,False
830f01fffffffff,55.720620512021526,14.748965401447544,1,False,False
830f02fffffffff,57.60354352087158,13.376025458545492,1,False,False
830f03fffffffff,56.4440975278738,13.103522634904628,1,False,False
830f04fffffffff,57.27336236769135,17.057443146530765,1,False,False
830f05fffffffff,56.12788426283836,16.682556289742895,1,False,False
830f06fffffffff,58.02627924226181,15.398782602580315,1,False,False
830f08fffffffff,54.11577935897932,12.603783181679727,1,False,False
830f09fffffffff,52.94894603767126,12.374124686038448,1,False,False
830f0afffffffff,54.810576630023625,10.978603754380272,1,False,False
830f0bfffffffff,53.63932113063071,10.789515511590334,1,False,False
830f0cfffffffff,54.5625113580826,14.451124076416948,1,False,False
830f0dfffffffff,53.40225570774167,14.16939778244758,1,False,False
830f0efffffffff,55.28117051145488,12.846534821602583,1,False,False
830f10fffffffff,59.46763799580239,11.855768088153653,1,False,False
830f11fffffffff,58.30956643802191,11.616124162183024,1,False,False
830f12fffffffff,60.15126094439501,9.968339616052583,1,False,False
830f13fffffffff,58.99129099790576,9.78350631072582,1,False,False
830f14fffffffff,59.907974244611935,13.973497835803306,1,False,False
830f15fffffffff,58.75850072920074,13.665478519691804,1,False,False
830f16fffffffff,60.61994878601392,12.111203339775292,1,False,False
830f18fffffffff,56.65697648998532,9.44686964294833,1,False,False
830f19fffffffff,55.48458420792658,9.293160854661563,1,False,False
830f1afffffffff,57.30981469122202,7.650566297094815,1,False,False
830f1bfffffffff,56.13572511961302,7.547120082220613,1,False,False
830f1cfffffffff,57.1467048958562,11.390858770122025,1,False,False
830f1dfffffffff,55.98004125800009,11.178721922948643,1,False,False
830f1efffffffff,57.826206993817785,9.610019939089346,1,False,False
830f23fffffffff,56.50208106063882,18.643575185538264,1,False,False
830f28fffffffff,54.21981686525225,17.843780638999537,1,False,False
830f29fffffffff,53.07424615314003,17.47551136945242,1,False,False
830f2afffffffff,54.97847584499857,16.328511089897955,1,False,False
830f2bfffffffff,53.82617973693432,15.99364145042278,1,False,False
830f2dfffffffff,51.06851388266256,11.275603890761293,1,False,False
830f2efffffffff,55.36278060532193,18.23256070458728,1,False,False
830f30fffffffff,59.54838231552967,17.87740950619744,1,False,False
830f31fffffffff,58.41387196919104,17.455032672500135,1,False,False
830f32fffffffff,60.31106295293369,16.132243606423817,1,False,False
830f33fffffffff,59.17178490294148,15.754093447201187,1,False,False
830f36fffffffff,60.67587259672201,18.32691571470245,1,False,False
830f41fffffffff,47.60472141573806,12.962496026385368,1,False,False
830f42fffffffff,49.449997977169886,11.753966456471192,1,False,False
830f43fffffffff,48.287564619611736,11.567407702038446,1,False,False
830f46fffffffff,49.91891495369427,13.408919908643774,1,False,False
830f48fffffffff,45.97442801019374,11.220334618531616,1,False,False
830f49fffffffff,44.82561863784638,11.05864168366337,1,False,False
830f4afffffffff,46.630737044482906,9.842939442351444,1,False,False
830f4bfffffffff,45.4750270767934,9.710726849808944,1,False,False
830f4cfffffffff,46.45301421625423,12.754928416483985,1,False,False
830f4dfffffffff,45.30617562332737,12.556844923525873,1,False,False
830f4efffffffff,47.12872139094039,11.3897361168341,1,False,False
830f50fffffffff,51.295496236955465,10.44098576133038,1,False,False
830f51fffffffff,50.12495141613336,10.280040111671068,1,False,False
830f52fffffffff,51.95844869621028,8.881159690648214,1,False,False
830f53fffffffff,50.78344348001323,8.758081604959276,1,False,False
830f54fffffffff,51.78169331173398,12.156534674989604,1,False,False
830f55fffffffff,50.615040303537626,11.950092021369349,1,False,False
830f56fffffffff,52.46728944874023,10.610573544946073,1,False,False
830f58fffffffff,48.440005528243766,8.530149868997583,1,False,False
830f59fffffffff,47.2735383993252,8.424420008547475,1,False,False
830f5afffffffff,49.072308411719945,7.035401868561632,1,False,False
830f5bfffffffff,47.90125023834752,6.964723989878986,1,False,False
830f5cfffffffff,48.95665546412384,10.127094766401184,1,False,False
830f5dfffffffff,47.79159475913291,9.981569698080817,1,False,False
830f5efffffffff,49.61029885861118,8.64123172666015,1,False,False
830f64fffffffff,46.9048783949929,10.747753986602758,1,False,False
830f65fffffffff,45.80660056193391,10.228714345504002,1,False,False
830f66fffffffff,47.75070870322515,9.618391796756791,1,False,False
830f6bfffffffff,45.76607480830965,14.07760424208552,1,False,False
830f70fffffffff,51.517096342160286,15.375595738331288,1,False,False
830f72fffffffff,52.24088598587874,13.902525671228496,1,False,False
830f73fffffffff,51.07943165374277,13.649373842407874,1,False,False
830f74fffffffff,49.70814353838243,8.954796286313394,1,False,False
830f75fffffffff,48.59090952035956,8.443647215230849,1,False,False
830f76fffffffff,52.672039584924754,15.676451716335528,1,False,False
830f80fffffffff,61.428480163971095,1.7231056340732116,1,False,False
830f81fffffffff,60.26835566833328,1.803313016206128,1,False,False
830f82fffffffff,61.9539974706791,-0.4689054022893796,1,False,False
830f83fffffffff,60.799035113892735,-0.3140730659014661,1,False,False
830f84fffffffff,62.02457683516627,3.8357144199542,1,False,False
830f85fffffffff,60.8672471140372,3.846277861628102,1,False,False
830f86fffffffff,62.58180830948157,1.6372245903519542,1,False,False
830f88fffffffff,58.47067746207402,-0.0335421758004637,1,False,False
830f89fffffffff,57.29916667191945,0.093925147017675,1,False,False
830f8afffffffff,58.97723878566343,-2.070600711741035,1,False,False
830f8bfffffffff,57.81074297172579,-1.8788329950643432,1,False,False
830f8cfffffffff,59.10234039374328,1.8783907119741383,1,False,False
830f8dfffffffff,57.93136782994396,1.948815343633021,1,False,False
830f8efffffffff,59.6376184661695,-0.1692658032214078,1,False,False
830f90fffffffff,63.58184960226164,-2.976737072090104,1,False,False
830f91fffffffff,62.441765337015,-2.7264377340221,1,False,False
830f92fffffffff,64.02061145711606,-5.3835695798349095,1,False,False
830f93fffffffff,62.88991420559809,-5.045162060251585,1,False,False
830f94fffffffff,64.24098456890621,-0.8131080449173703,1,False,False
830f95fffffffff,63.10160394506907,-0.6348386855956385,1,False,False
830f96fffffffff,64.7130725495113,-3.2458417244084616,1,False,False
830f98fffffffff,60.60335267735648,-4.435139235124706,1,False,False
830f99fffffffff,59.44934532057999,-4.159299949603528,1,False,False
830f9afffffffff,61.03046253310828,-6.645714420213933,1,False,False
830f9bfffffffff,59.88544304179068,-6.2958754657237055,1,False,False
830f9cfffffffff,61.29369438250513,-2.4930476864891924,1,False,False
830f9dfffffffff,60.138541457833306,-2.2749164428278723,1,False,False
830f9efffffffff,61.75052267644622,-4.7297697391226485,1,False,False
830fa0fffffffff,61.961075972055895,8.135970318793282,1,False,False
830fa1fffffffff,60.80691846491013,8.002440853732297,1,False,False
830fa2fffffffff,62.58510287633874,6.021961207254416,1,False,False
830fa3fffffffff,61.43216260817458,5.957994143285007,1,False,False
830fa4fffffffff,62.45209805072436,10.37679268491942,1,False,False
830fa5fffffffff,61.30517046783661,10.16566646151646,1,False,False
830fa6fffffffff,63.10794789865929,8.279071598893418,1,False,False
830fa8fffffffff,59.10689478776428,5.842331319530425,1,False,False
830fa9fffffffff,57.93639928970136,5.789875379232085,1,False,False
830faafffffffff,59.70361654036325,3.856153917981081,1,False,False
830fabfffffffff,58.53460061891612,3.865407568688423,1,False,False
830facfffffffff,59.64636963263031,7.877555233644149,1,False,False
830fadfffffffff,58.48035241897141,7.760501531655984,1,False,False
830faefffffffff,60.27245924909783,5.898252575093033,1,False,False
830fb0fffffffff,64.31682740444772,3.8122168530384064,1,False,False
830fb1fffffffff,63.1747206072048,3.8243892420144174,1,False,False
830fb2fffffffff,64.86461495501179,1.445852098581839,1,False,False
830fb3fffffffff,63.72746620140531,1.545046232364954,1,False,False
830fb4fffffffff,64.867248883962,6.164500718146719,1,False,False
830fb5fffffffff,63.73040992523856,6.090618325741789,1,False,False
830fb6fffffffff,65.45008354425035,3.799098493294888,1,False,False
831004fffffffff,47.87174574100095,60.64857375916334,1,False,False
831020fffffffff,48.62793790959528,58.283487071953786,1,False,False
831021fffffffff,49.62217490597712,58.93313777453708,1,False,False
831022fffffffff,47.76124581456732,59.140703432809325,1,False,False
831023fffffffff,48.75505648403946,59.80098162745296,1,False,False
831024fffffffff,48.48321225681464,56.79555999908265,1,False,False
831025fffffffff,49.478310182239255,57.40668188824143,1,False,False
831026fffffffff,47.6330404998574,57.66073410109312,1,False,False
83102cfffffffff,50.61475141996098,59.6112889291641,1,False,False
83102efffffffff,49.74745115712801,60.48963806970398,1,False,False
831031fffffffff,46.87883825443372,59.97860911022157,1,False,False
831035fffffffff,46.76703321903474,58.50724977288077,1,False,False
831048fffffffff,56.65422995935337,72.03609827001222,1,False,False
83104afffffffff,55.71849796387987,72.8657811739152,1,False,False
83104cfffffffff,56.65352588191712,70.08877524513204,1,False,False
83104dfffffffff,57.5718312624246,71.17620594590441,1,False,False
83104efffffffff,55.73525368498088,70.94867181289854,1,False,False
831054fffffffff,51.94585160290332,67.04144271118935,1,False,False
831056fffffffff,51.00989182415317,67.86448661393334,1,False,False
831058fffffffff,53.84557357343531,72.58226698300143,1,False,False
831059fffffffff,54.765263361109525,73.66648892074652,1,False,False
83105afffffffff,52.87549260860195,73.3581774691056,1,False,False
83105bfffffffff,53.79519131894653,74.43941640681693,1,False,False
83105dfffffffff,54.79905475923877,71.77946203793657,1,False,False
83105efffffffff,52.91366694016459,71.54177656573033,1,False,False
831069fffffffff,58.43389788880936,68.27704545076186,1,False,False
83106bfffffffff,57.55326420801831,69.19862386184438,1,False,False
8310c0fffffffff,48.00537129833941,73.51307396573397,1,False,False
8310c1fffffffff,48.94400083590657,74.50550200954417,1,False,False
8310c2fffffffff,46.97992627003308,74.19928848808539,1,False,False
8310c3fffffffff,47.91663369853583,75.18846880705912,1,False,False
8310c4fffffffff,48.0692354993637,71.84678180405975,1,False,False
8310c5fffffffff,49.01803567318103,72.80517426687919,1,False,False
8310c6fffffffff,47.05850043050178,72.55627455981664,1,False,False
8310c8fffffffff,49.76115729307267,77.27577086836988,1,False,False
8310c9fffffffff,50.66625602609989,78.37647686183192,1,False,False
8310cafffffffff,48.71819973110008,77.9262629453392,1,False,False
8310cbfffffffff,49.62227559967069,79.01949821442243,1,False,False
8310ccfffffffff,49.87305136512697,75.53495666015986,1,False,False
8310cdfffffffff,50.79116998602179,76.60284638728969,1,False,False
8310cefffffffff,48.84416180808951,76.21353111188057,1,False,False
8310d0fffffffff,45.0007775324341,73.91278711844582,1,False,False
8310d1fffffffff,45.94260042765228,74.86461114853893,1,False,False
8310d2fffffffff,43.95564366665368,74.56125553736943,1,False,False
8310d3fffffffff,44.89432605690418,75.50981025321809,1,False,False
8310d4fffffffff,45.08430461281926,72.32341755734774,1,False,False
8310d5fffffffff,46.03537731722979,73.24469812592756,1,False,False
8310d6fffffffff,44.0528512458632,72.99334418004462,1,False,False
8310d8fffffffff,46.74943689948721,77.50571898028052,1,False,False
8310d9fffffffff,47.66318576826877,78.5552663437798,1,False,False
8310dafffffffff,45.68544440226,78.12106444122026,1,False,False
8310dbfffffffff,46.59703739702537,79.16368421211976,1,False,False
8310dcfffffffff,46.87700491203468,75.85000356984642,1,False,False
8310ddfffffffff,47.80265525112951,76.87015737483026,1,False,False
8310defffffffff,45.82603429560725,76.49093121642316,1,False,False
8310e2fffffffff,48.10870444557638,70.19230944891454,1,False,False
8310e8fffffffff,50.95844046149664,73.07182327480567,1,False,False
8310e9fffffffff,51.889532729806064,74.10825196533578,1,False,False
8310eafffffffff,49.95822004355573,73.80024833241143,1,False,False
8310ebfffffffff,50.88845320848596,74.8335150944848,1,False,False
8310edfffffffff,51.9438481109301,72.31931325756126,1,False,False
8310f0fffffffff,46.15103018345214,70.0341395714265,1,False,False
8310f1fffffffff,47.113135855235846,70.92358697033616,1,False,False
8310f2fffffffff,45.14528397567256,70.74407150119053,1,False,False
8310f3fffffffff,46.104706439653896,71.63372479722112,1,False,False
8310f5fffffffff,47.14434306240084,69.30375114176667,1,False,False
831100fffffffff,46.963996138570586,52.04003531224878,1,False,False
831101fffffffff,47.95425223502505,52.51908976842452,1,False,False
831102fffffffff,46.162096822429696,52.90600860062818,1,False,False
831103fffffffff,47.15259900426576,53.39878547942714,1,False,False
831104fffffffff,46.76288918536299,50.713085991513424,1,False,False
831105fffffffff,47.74995036006904,51.15836130642893,1,False,False
831106fffffffff,45.9764559471883,51.5805305941364,1,False,False
831108fffffffff,49.13930607533368,54.44864699040454,1,False,False
831109fffffffff,50.13380510944331,55.0083988352105,1,False,False
83110afffffffff,48.321963639757726,55.33829158994019,1,False,False
83110bfffffffff,49.31697718533708,55.91151144390701,1,False,False
83110cfffffffff,48.9464272476913,53.0188972394588,1,False,False
83110dfffffffff,49.939696158507225,53.54075488260059,1,False,False
83110efffffffff,48.14528159066922,53.91257011785707,1,False,False
831110fffffffff,44.357760989068886,53.270644990875056,1,False,False
831111fffffffff,45.34473418096797,53.75631175058182,1,False,False
831112fffffffff,43.52651685925116,54.09336854942795,1,False,False
831113fffffffff,44.51242932578021,54.59100185017671,1,False,False
831114fffffffff,44.19083544559766,51.97878534801559,1,False,False
831115fffffffff,45.17458335821226,52.433045466073786,1,False,False
831116fffffffff,43.374841140613135,52.80390541168621,1,False,False
831118fffffffff,46.49409698913098,55.64801982388153,1,False,False
831119fffffffff,47.48816619379122,56.20981718991867,1,False,False
83111afffffffff,45.645109784423305,56.490026135242594,1,False,False
83111bfffffffff,46.638452070590006,57.06338065558903,1,False,False
83111cfffffffff,46.33497636972953,54.26200658487666,1,False,False
83111dfffffffff,47.32766961435262,54.78891057369043,1,False,False
83111efffffffff,45.50189796081549,55.10883064974618,1,False,False
831120fffffffff,47.30573043720336,48.53635933511198,1,False,False
831121fffffffff,48.28767411966138,48.93348623703152,1,False,False
831122fffffffff,46.55028644212951,49.41820740267984,1,False,False
831123fffffffff,47.533432412946006,49.83072413698537,1,False,False
831124fffffffff,47.06784693311374,47.27530325608149,1,False,False
831125fffffffff,48.04498596075417,47.64046004387844,1,False,False
831126fffffffff,46.32717094664228,48.15552559753981,1,False,False
831128fffffffff,49.507796712854486,50.71010703466656,1,False,False
831129fffffffff,50.49750063888423,51.17930048001322,1,False,False
83112afffffffff,48.73946253706539,51.62286996280035,1,False,False
83112bfffffffff,49.73064163790436,52.10782040825741,1,False,False
83112cfffffffff,49.27229499470393,49.34793403397354,1,False,False
83112dfffffffff,50.25886190457779,49.7808148265077,1,False,False
83112efffffffff,48.51951740312639,50.26098462183124,1,False,False
831130fffffffff,44.79911902644539,49.87583765888835,1,False,False
831131fffffffff,45.77903591853728,50.28592428609387,1,False,False
831132fffffffff,44.012563329100935,50.71578095621119,1,False,False
831133fffffffff,44.99239931478949,51.13945848678574,1,False,False
831134fffffffff,44.59565763422288,48.642340176792864,1,False,False
831135fffffffff,45.57079789141421,49.02239921855208,1,False,False
831136fffffffff,43.823837355408855,49.48186195641929,1,False,False
831140fffffffff,53.9063047821758,55.87841284022763,1,False,False
831142fffffffff,53.11107229356464,56.84518866143845,1,False,False
831143fffffffff,54.098267068910246,57.51574509855962,1,False,False
831144fffffffff,53.69546896121182,54.2798016683853,1,False,False
831145fffffffff,54.68236309277008,54.88882133468937,1,False,False
831146fffffffff,52.91742398780482,55.25319199075859,1,False,False
831148fffffffff,56.05890037428399,58.95618963064282,1,False,False
83114afffffffff,55.24926664560701,59.941609940267256,1,False,False
83114efffffffff,55.08121417005541,58.21868662681276,1,False,False
831150fffffffff,51.30549131337713,57.135431427534286,1,False,False
831151fffffffff,52.29708714439442,57.789397177223584,1,False,False
831152fffffffff,50.47250476741303,58.04472029643298,1,False,False
831153fffffffff,51.46481208445693,58.71132434113092,1,False,False
831154fffffffff,51.127883883031885,55.59331513419563,1,False,False
831155fffffffff,52.12062149844896,56.20500130826163,1,False,False
831156fffffffff,50.31179940944992,56.5100335914862,1,False,False
83115cfffffffff,53.285595734265605,58.473751386114735,1,False,False
83115efffffffff,52.45422093052112,59.408263134898974,1,False,False
831160fffffffff,54.20919549008028,51.72235774662015,1,False,False
831161fffffffff,55.1937723202792,52.26767825935325,1,False,False
831162fffffffff,53.46711600846401,52.72095345502773,1,False,False
831163fffffffff,54.45436774788424,53.28466910832082,1,False,False
831164fffffffff,53.94823075500602,50.202503118239306,1,False,False
831165fffffffff,54.931882610409055,50.70309643339469,1,False,False
831166fffffffff,53.22259274857608,51.20262379126311,1,False,False
83116efffffffff,55.43886646575343,53.87620835489492,1,False,False
831170fffffffff,51.71473638210953,53.14437453423695,1,False,False
831171fffffffff,52.7059599678653,53.69891744567087,1,False,False
831172fffffffff,50.93320726876004,54.086062199921976,1,False,False
831173fffffffff,51.9260835543862,54.65633029624399,1,False,False
831174fffffffff,51.48783580759315,51.66987378930804,1,False,False
831175fffffffff,52.47798651117049,52.18324526296816,1,False,False
831176fffffffff,50.72267773244119,52.61451808309501,1,False,False
831180fffffffff,41.04554756998778,57.77558611730309,1,False,False
831181fffffffff,42.02667051485267,58.33456108189002,1,False,False
831182fffffffff,40.14767062152058,58.533852215064016,1,False,False
831183fffffffff,41.12537554342301,59.10138583288002,1,False,False
831184fffffffff,40.95209438319516,56.47301359166272,1,False,False
831185fffffffff,41.93164884280493,57.002318985590094,1,False,False
831186fffffffff,40.06918258777045,57.23706303934853,1,False,False
831190fffffffff,38.27037901957274,58.72221130121681,1,False,False
831191fffffffff,39.23875397724189,59.27729163764501,1,False,False
831192fffffffff,37.35598539097756,59.44362706627096,1,False,False
831193fffffffff,38.31956339495324,60.0060919650558,1,False,False
831194fffffffff,38.20825162181485,57.45907537631278,1,False,False
831195fffffffff,39.175032459281866,57.98674495613785,1,False,False
831196fffffffff,37.30816546119735,58.186537283738815,1,False,False
83119cfffffffff,40.21250552920432,59.85274223835817,1,False,False
83119dfffffffff,41.19080220217546,60.44958264039655,1,False,False
83119efffffffff,39.28882758612938,60.58884296928819,1,False,False
8311a0fffffffff,41.70173490943914,54.41164341131445,1,False,False
8311a1fffffffff,42.68141673745963,54.90127867110648,1,False,False
8311a2fffffffff,40.84580031057621,55.1943736170822,1,False,False
8311a3fffffffff,41.82306319218691,55.69445921480727,1,False,False
8311a4fffffffff,41.56848409160752,53.154407805867976,1,False,False
8311a5fffffffff,42.54495066638839,53.61484276788583,1,False,False
8311a6fffffffff,40.72745196155776,53.94025063874635,1,False,False
8311aafffffffff,42.91565472010091,57.552068637592974,1,False,False
8311aefffffffff,42.8052704170048,56.21389135545758,1,False,False
8311b0fffffffff,39.00948209641451,55.47166128721252,1,False,False
8311b1fffffffff,39.97778754356659,55.96311834672975,1,False,False
8311b2fffffffff,38.15846625217321,56.18657756062007,1,False,False
8311b3fffffffff,39.098369934489,56.71797969374089,1,False,False
8311b4fffffffff,39.01232551522798,54.10209477631428,1,False,False
8311b5fffffffff,39.87423723788238,54.712645569354414,1,False,False
8311b6fffffffff,38.16829719778446,54.82639058189248,1,False,False
831200fffffffff,64.93282419355484,-32.4586458311536,1,False,False
831201fffffffff,64.00011361029934,-31.24949903993424,1,False,False
831202fffffffff,64.8604323491704,-34.88634924483797,1,False,False
831203fffffffff,63.95364670758924,-33.619738370521084,1,False,False
831204fffffffff,65.90479692813803,-31.2065693742974,1,False,False
831205fffffffff,64.96572494726537,-29.98950714556263,1,False,False
831206fffffffff,65.84556247654331,-33.740615618442774,1,False,False
831208fffffffff,62.08252998658809,-31.287185485429088,1,False,False
831209fffffffff,61.12074030910909,-30.21265825578964,1,False,False
83120afffffffff,62.049005761158085,-33.51350581905237,1,False,False
83120bfffffffff,61.11096873287873,-32.38872412805211,1,False,False
83120cfffffffff,63.048729824787365,-30.10813172842998,1,False,False
83120dfffffffff,62.07994752224118,-29.029833982042536,1,False,False
83120efffffffff,63.02725261189386,-32.42149100983459,1,False,False
831210fffffffff,65.60919281392933,-38.65504281791197,1,False,False
831211fffffffff,64.75048959183356,-37.26517970404621,1,False,False
831212fffffffff,65.53488143519763,-41.679768344137166,1,False,False
831213fffffffff,64.70689104660052,-40.23061815878357,1,False,False
831214fffffffff,66.60994392538142,-37.6435848947361,1,False,False
831215fffffffff,65.74630748417437,-36.22599602134338,1,False,False
831216fffffffff,66.54531390994336,-40.79139306260958,1,False,False
831218fffffffff,62.87603516818078,-36.93317837569572,1,False,False
831219fffffffff,61.980923119954895,-35.702863692521724,1,False,False
83121afffffffff,62.74988789857237,-39.11993223733393,1,False,False
83121bfffffffff,61.87998031256912,-37.84995261653604,1,False,False
83121cfffffffff,63.87003232065272,-35.947762218611345,1,False,False
83121dfffffffff,62.96911307165109,-34.69855913611692,1,False,False
83121efffffffff,63.75118189167255,-38.22722697410279,1,False,False
831220fffffffff,66.86691267453484,-27.16881145086446,1,False,False
831221fffffffff,65.89566051870462,-26.02830632697352,1,False,False
831222fffffffff,66.86754892928916,-29.853727288488496,1,False,False
831223fffffffff,65.92206048349163,-28.63258468518714,1,False,False
831224fffffffff,67.79787050124968,-25.587204734584475,1,False,False
831225fffffffff,66.8200637633509,-24.45757594306669,1,False,False
831226fffffffff,67.81887469661963,-28.389152040726376,1,False,False
831228fffffffff,63.97487988938224,-26.411679458165725,1,False,False
831229fffffffff,62.97573250508353,-25.400410877441008,1,False,False
83122afffffffff,64.00769819217483,-28.844194523020867,1,False,False
83122bfffffffff,63.03200042878909,-27.76530741699809,1,False,False
83122cfffffffff,64.90640237032875,-24.96087143131988,1,False,False
83122dfffffffff,63.90038689262728,-23.96037690737561,1,False,False
83122efffffffff,64.95740832226383,-27.48723847793075,1,False,False
831230fffffffff,67.72077925173596,-33.87938867627957,1,False,False
831231fffffffff,66.82359933906672,-32.501133213812125,1,False,False
831232fffffffff,67.60577171748311,-36.54485222098944,1,False,False
831233fffffffff,66.73699970589466,-35.10078492399956,1,False,False
831234fffffffff,68.69568475637756,-32.55018986689826,1,False,False
831235fffffffff,67.79254804571715,-31.15722052609158,1,False,False
831236fffffffff,68.59493771833384,-35.347962827840725,1,False,False
831240fffffffff,58.05570895177284,-25.26430780033828,1,False,False
831241fffffffff,57.01847977784335,-24.441672852202743,1,False,False
831242fffffffff,58.14537067614189,-27.30995693525052,1,False,False
831243fffffffff,57.12765929439183,-26.43798713035751,1,False,False
831244fffffffff,58.97740875511773,-24.02142456602961,1,False,False
831245fffffffff,57.93190639100151,-23.20836264353179,1,False,False
831246fffffffff,59.081681498503904,-26.13108651793576,1,False,False
831248fffffffff,55.06060239231615,-24.819402704026075,1,False,False
831249fffffffff,54.013644080175446,-24.067508739069915,1,False,False
83124afffffffff,55.17524900526576,-26.713796266990663,1,False,False
83124bfffffffff,54.14603127318159,-25.91909472110012,1,False,False
83124cfffffffff,55.97119237978073,-23.66020775609548,1,False,False
83124dfffffffff,54.91503718015922,-22.917167411621328,1,False,False
83124efffffffff,56.09900393101626,-25.608715062509468,1,False,False
831250fffffffff,59.18607499295023,-30.3054584182605,1,False,False
831251fffffffff,58.20167679564807,-29.34022395157555,1,False,False
831252fffffffff,59.18819766821767,-32.35961122914737,1,False,False
831253fffffffff,58.22558214034682,-31.35025271013795,1,False,False
831254fffffffff,60.14312982719821,-29.19400429984501,1,False,False
831255fffffffff,59.1509322234845,-28.22757241138645,1,False,False
831256fffffffff,60.1562471394355,-31.320533971652573,1,False,False
831258fffffffff,56.26007397647673,-29.47128282872188,1,False,False
831259fffffffff,55.25958607791664,-28.59628905976557,1,False,False
83125afffffffff,56.29491095302283,-31.376903709796565,1,False,False
83125bfffffffff,55.31436556479502,-30.46297521948419,1,False,False
83125cfffffffff,57.20426869515473,-28.421757148462905,1,False,False
83125dfffffffff,56.19505913653459,-27.54717879858177,1,False,False
83125efffffffff,57.24913903822067,-30.388400285419323,1,False,False
831260fffffffff,59.73291629551489,-20.52443959229752,1,False,False
831261fffffffff,58.66111321653405,-19.785232272213065,1,False,False
831262fffffffff,59.89083192569432,-22.7043101129684,1,False,False
831263fffffffff,58.83739148218465,-21.904220928188582,1,False,False
831264fffffffff,60.61633163715172,-19.06398881025776,1,False,False
831265fffffffff,59.53721851649028,-18.346669153497537,1,False,False
831266fffffffff,60.79391854676537,-21.30763371517575,1,False,False
831268fffffffff,56.69992290270696,-20.43057257670992,1,False,False
831269fffffffff,55.61824484939436,-19.75095373234225,1,False,False
83126afffffffff,56.87606389011495,-22.437576328374103,1,False,False
83126bfffffffff,55.811068075159255,-21.706110362158192,1,False,False
83126cfffffffff,57.57967316725397,-19.086633887446794,1,False,False
83126dfffffffff,56.48975541889498,-18.42557916778692,1,False,False
83126efffffffff,57.7733624334908,-21.1473644100842,1,False,False
831270fffffffff,61.03260802859534,-25.787544091875773,1,False,False
831271fffffffff,60.01137675191757,-24.879982177298626,1,False,False
831272fffffffff,61.09502156888658,-28.010222679098472,1,False,False
831273fffffffff,60.09519087642904,-27.045229638562365,1,False,False
831274fffffffff,61.96120015234384,-24.448412668429388,1,False,False
831275fffffffff,60.932499029868055,-23.55110464043644,1,False,False
831276fffffffff,62.03989059286504,-26.74793225888813,1,False,False
831280fffffffff,63.71494734620157,-48.235563800365135,1,False,False
831281fffffffff,62.96565343273697,-46.76363937938222,1,False,False
831284fffffffff,64.72998619081412,-47.69520558947746,1,False,False
831285fffffffff,63.97907318486438,-46.17772344157482,1,False,False
831288fffffffff,61.18506291243159,-45.93353418570823,1,False,False
831289fffffffff,60.3936580949901,-44.61249224126962,1,False,False
83128bfffffffff,60.180789773532986,-46.4769868714892,1,False,False
83128cfffffffff,62.19316240024288,-45.35067300096584,1,False,False
83128dfffffffff,61.39856124133198,-43.99481001277012,1,False,False
83128efffffffff,61.95511920363085,-47.30757589775424,1,False,False
8312a0fffffffff,66.01069433502876,-44.85951270669615,1,False,False
8312a1fffffffff,65.23078504519263,-43.31924536677338,1,False,False
8312a2fffffffff,65.74699288649255,-47.110303675657605,1,False,False
8312a3fffffffff,64.99442609955166,-45.5449113127159,1,False,False
8312a4fffffffff,67.02678733701966,-44.11491166521202,1,False,False
8312a5fffffffff,66.24420000552357,-42.5287266217455,1,False,False
8312a6fffffffff,66.76500371478193,-46.47525193495035,1,False,False
8312a8fffffffff,63.41606703591135,-42.61950364572586,1,False,False
8312a9fffffffff,62.69047089435407,-41.87747507941822,1,False,False
8312aafffffffff,63.204158464124255,-44.7240903922928,1,False,False
8312abfffffffff,62.4063759446852,-43.33211639238668,1,False,False
8312acfffffffff,64.42652152887015,-41.85135820931709,1,False,False
8312adfffffffff,63.69888271930365,-41.0851170731815,1,False,False
8312aefffffffff,64.21705530140677,-44.04884349334089,1,False,False
8312b1fffffffff,65.45577423512808,-49.278564765029465,1,False,False
8312b4fffffffff,67.17299467144144,-50.45853335093226,1,False,False
8312b5fffffffff,66.47357371553319,-48.74744878586598,1,False,False
8312c0fffffffff,58.12420760941361,-39.6739833394012,1,False,False
8312c1fffffffff,57.23831355196486,-38.56280468156659,1,False,False
8312c2fffffffff,57.90202991669375,-40.95019499096418,1,False,False
8312c3fffffffff,57.13728597152095,-40.38938166604258,1,False,False
8312c4fffffffff,59.11429604206821,-38.91203969877743,1,False,False
8312c5fffffffff,58.11460291241169,-37.21508215412795,1,False,False
8312c6fffffffff,58.99342585968537,-40.83252852263412,1,False,False
8312c8fffffffff,55.25717826219998,-37.70128552799992,1,False,False
8312c9fffffffff,54.346674148733015,-36.7017254739956,1,False,False
8312cafffffffff,55.28171172746032,-39.98899377918283,1,False,False
8312cbfffffffff,54.3944794980634,-38.95615534845893,1,False,False
8312ccfffffffff,56.228852741964765,-36.94549853636415,1,False,False
8312cdfffffffff,55.31073720124569,-35.93235144926177,1,False,False
8312cefffffffff,56.25786126944113,-39.29718960367048,1,False,False
8312d0fffffffff,58.5849103025822,-43.94979750713329,1,False,False
8312d1fffffffff,57.7586721063321,-42.75645355312678,1,False,False
8312d3fffffffff,57.59270585699407,-44.51894032003918,1,False,False
8312d4fffffffff,59.58196586199312,-43.34276708225136,1,False,False
8312d5fffffffff,58.75106100717101,-42.1226020771032,1,False,False
8312d6fffffffff,59.39263024207749,-45.18946831928741,1,False,False
8312d8fffffffff,56.02846042676999,-42.78965096713569,1,False,False
8312d9fffffffff,55.20076991922601,-41.73986429405508,1,False,False
8312dbfffffffff,55.16468001721723,-43.6119853653154,1,False,False
8312dcfffffffff,56.91497165086487,-41.60786615838491,1,False,False
8312ddfffffffff,56.15458278446294,-41.062169328478014,1,False,False
8312defffffffff,56.77121552626861,-43.3517263488783,1,False,False
8312e0fffffffff,60.08309359683912,-35.48565572400519,1,False,False
8312e1fffffffff,59.158541569428,-34.38525698321144,1,False,False
8312e2fffffffff,59.99972059625605,-37.51479059306672,1,False,False
8312e3fffffffff,59.09847929648575,-36.37803714453264,1,False,False
8312e4fffffffff,61.06709086196729,-34.53274206299832,1,False,False
8312e5fffffffff,60.13577354591622,-33.41940920509294,1,False,False
8312e6fffffffff,60.99064348752727,-36.63955700772139,1,False,False
8312e8fffffffff,57.24771762350007,-34.253224755635046,1,False,False
8312e9fffffffff,56.30056408838816,-33.26015971275082,1,False,False
8312eafffffffff,57.20376595098229,-36.1436365038516,1,False,False
8312ebfffffffff,56.27814245447557,-35.117452208130246,1,False,False
8312ecfffffffff,58.21819351590148,-33.33548172529394,1,False,False
8312edfffffffff,57.26325098175116,-32.33357339723238,1,False,False
8312eefffffffff,58.18075015556784,-35.29169849332605,1,False,False
8312f0fffffffff,60.845906388991786,-41.3256076621194,1,False,False
8312f1fffffffff,59.98931988566058,-40.09243374243539,1,False,False
8312f2fffffffff,60.582949559671206,-42.69408650189876,1,False,False
8312f3fffffffff,59.84482803078021,-42.040524638280765,1,False,False
8312f4fffffffff,61.84895867092995,-40.55980000592842,1,False,False
8312f5fffffffff,60.8832879660128,-38.70459175701317,1,False,False
8312f6fffffffff,61.68288869967543,-42.613960300821866,1,False,False
831300fffffffff,71.45758870436579,-21.14690224229315,1,False,False
831301fffffffff,70.47966688595075,-20.00875449372804,1,False,False
831302fffffffff,71.52999215808158,-24.470756305368457,1,False,False
831303fffffffff,70.57881813212721,-23.19531427620081,1,False,False
831304fffffffff,72.30999895668198,-18.911126859143227,1,False,False
831305fffffffff,71.3259295425667,-17.823747046424824,1,False,False
831306fffffffff,72.41549515919388,-22.38948594731873,1,False,False
831308fffffffff,68.61667788482211,-20.93701113601774,1,False,False
831309fffffffff,67.60820071189148,-19.934109911637528,1,False,False
83130afffffffff,68.71229430067467,-23.875665544864404,1,False,False
83130bfffffffff,67.72801521106457,-22.764338513285367,1,False,False
83130cfffffffff,69.48295728164851,-18.96320214733924,1,False,False
83130dfffffffff,68.46861890114127,-18.00000564071504,1,False,False
83130efffffffff,69.6072876495327,-22.02095946416344,1,False,False
831310fffffffff,72.44335205130139,-29.29596432244888,1,False,False
831311fffffffff,71.54428134256109,-27.77307957352561,1,False,False
831312fffffffff,72.48668944315541,-33.41765695908906,1,False,False
831313fffffffff,71.50225101211664,-31.03249413184371,1,False,False
831314fffffffff,73.36570440182575,-27.375412897700087,1,False,False
831315fffffffff,72.45944612286375,-25.859481504106284,1,False,False
831316fffffffff,73.31737830026802,-30.952099740959785,1,False,False
831318fffffffff,69.69418660794778,-28.106145625924903,1,False,False
831319fffffffff,68.75635309928299,-26.8005774393875,1,False,False
83131afffffffff,69.65955190223264,-31.099896476887103,1,False,False
83131bfffffffff,68.75021683480114,-29.696782559517693,1,False,False
83131cfffffffff,70.62177466657799,-26.36989812308173,1,False,False
83131dfffffffff,69.67731694606739,-25.074340314820024,1,False,False
83131efffffffff,70.6099783886374,-29.513309033453822,1,False,False
831320fffffffff,72.92432415318949,-12.870970842437773,1,False,False
831321fffffffff,71.91222094521993,-12.030628063728866,1,False,False
831322fffffffff,73.13201490511938,-16.46887383999073,1,False,False
831323fffffffff,72.14222400019756,-15.449917841956497,1,False,False
831326fffffffff,73.91915937595029,-13.800361916846876,1,False,False
831328fffffffff,70.11003143867488,-13.67796596101122,1,False,False
831329fffffffff,69.06958184915541,-12.903509537471706,1,False,False
83132afffffffff,70.3234781925246,-16.82985363092184,1,False,False
83132bfffffffff,69.30373273976763,-15.91841537212791,1,False,False
83132cfffffffff,70.88373604389862,-11.267435469160452,1,False,False
83132dfffffffff,69.8397239327675,-10.571472035007616,1,False,False
83132efffffffff,71.13456388500673,-14.523492475165996,1,False,False
831330fffffffff,74.2182713197623,-21.420370811989404,1,False,False
831331fffffffff,73.27453013727025,-20.104927926014245,1,False,False
831332fffffffff,74.26585715872584,-25.24503350362973,1,False,False
831333fffffffff,73.35206579340284,-23.750224404635283,1,False,False
831334fffffffff,75.05365410138253,-18.84244577220152,1,False,False
831335fffffffff,74.10287595911318,-17.594199198780284,1,False,False
831336fffffffff,75.13984102042943,-22.875421318873737,1,False,False
831340fffffffff,64.25674513037099,-14.809664461440708,1,False,False
831341fffffffff,63.17041021338334,-14.145909197979746,1,False,False
831342fffffffff,64.48704437597605,-17.33442089845277,1,False,False
831343fffffffff,63.41844936307877,-16.582904306308418,1,False,False
831344fffffffff,65.07223802174488,-12.927015937540505,1,False,False
831345fffffffff,63.98119612877474,-12.30976513437517,1,False,False
831346fffffffff,65.33077544850713,-15.52142099525828,1,False,False
831348fffffffff,61.24547731367293,-15.221591637238337,1,False,False
831349fffffffff,60.14326716636051,-14.60349789902619,1,False,False
83134afffffffff,61.485354547295096,-17.517654242714357,1,False,False
83134bfffffffff,60.39945585277225,-16.827030604737,1,False,False
83134cfffffffff,62.072810510156174,-13.525619197454466,1,False,False
83134dfffffffff,60.96499024306767,-12.94479253474385,1,False,False
83134efffffffff,62.33756600693279,-15.880092473117973,1,False,False
831350fffffffff,65.70663749486158,-20.770839220746858,1,False,False
831351fffffffff,64.67191359264527,-19.874493048382483,1,False,False
831352fffffffff,65.82420484386701,-23.40410422575011,1,False,False
831353fffffffff,64.81152513252314,-22.41998444123911,1,False,False
831354fffffffff,66.58301998887295,-19.004044494886006,1,False,False
831355fffffffff,65.54226554927479,-18.13959916717396,1,False,False
831356fffffffff,66.72572836236387,-21.73189890497036,1,False,False
831358fffffffff,62.74048602805822,-20.636017327349915,1,False,False
831359fffffffff,61.684469994304905,-19.82578088946747,1,False,False
83135afffffffff,62.878835762703176,-23.02127373493344,1,False,False
83135bfffffffff,61.84295061528731,-22.13854063387474,1,False,False
83135cfffffffff,63.622704721543656,-19.036934554879835,1,False,False
83135dfffffffff,62.56014379897714,-18.252889084166345,1,False,False
83135efffffffff,63.78322576712958,-21.49911370839024,1,False,False
831360fffffffff,65.52518535780185,-8.311382781951256,1,False,False
831361fffffffff,64.41617818079114,-7.849247687825984,1,False,False
831362fffffffff,65.86198620318157,-10.928970416339231,1,False,False
831363fffffffff,64.76710220011672,-10.36651477385664,1,False,False
831364fffffffff,66.25239560042729,-6.140181739498541,1,False,False
831365fffffffff,65.14172558791968,-5.74758051115259,1,False,False
831366fffffffff,66.62290653371485,-8.809908754043562,1,False,False
831368fffffffff,62.54439334646956,-9.356561067227917,1,False,False
831369fffffffff,61.4184784641992,-8.901626345464816,1,False,False
83136afffffffff,62.87886176206895,-11.734467732342315,1,False,False
83136bfffffffff,61.76623325642868,-11.197092114131117,1,False,False
83136cfffffffff,63.29677625539627,-7.419713218708394,1,False,False
83136dfffffffff,62.16789261157435,-7.019490827334134,1,False,False
83136efffffffff,63.66092227024437,-9.84370160265531,1,False,False
831370fffffffff,67.21649138982535,-14.306458676646956,1,False,False
831371fffffffff,66.15099790924445,-13.590822643682124,1,False,False
831372fffffffff,67.43776170228303,-17.11028860236479,1,False,False
831373fffffffff,66.39146214345462,-16.286335602154974,1,False,False
831374fffffffff,68.01414559143888,-12.19177450310332,1,False,False
831375fffffffff,66.94464142071337,-11.535633193466614,1,False,False
831376fffffffff,68.26773379544044,-15.079988918288311,1,False,False
831380fffffffff,70.82534908002336,-43.28333364715967,1,False,False
831381fffffffff,70.06179680541929,-41.44158303653398,1,False,False
831382fffffffff,70.54573522765011,-46.083535695873465,1,False,False
831383fffffffff,69.81439989112957,-44.1975388106592,1,False,False
831384fffffffff,71.83128994948478,-42.2716450834091,1,False,False
831385fffffffff,71.06442549366872,-40.36790390911024,1,False,False
831386fffffffff,71.55868195088912,-45.24061628875479,1,False,False
831388fffffffff,68.26503264390365,-40.73319037158963,1,False,False
831389fffffffff,67.5527705822437,-39.82546153939695,1,False,False
83138afffffffff,68.04153232546143,-43.303378909576544,1,False,False
83138bfffffffff,67.25606265163452,-41.66966707217531,1,False,False
83138cfffffffff,69.26965001849493,-39.70891295338654,1,False,False
83138dfffffffff,68.5557370461918,-38.7719825282439,1,False,False
83138efffffffff,69.05366175999092,-42.4158393759528,1,False,False
831390fffffffff,70.89766924811964,-50.78166739960784,1,False,False
831391fffffffff,70.2293642717182,-48.76264738231831,1,False,False
831393fffffffff,69.87999619054905,-51.317410292402805,1,False,False
831394fffffffff,71.91395618085852,-50.18784388974984,1,False,False
831395fffffffff,71.24611622544957,-48.07880290229015,1,False,False
831398fffffffff,68.51148387499481,-47.53799295179084,1,False,False
831399fffffffff,67.78299036901865,-45.78348986875712,1,False,False
83139afffffffff,68.19182742742845,-49.944571824999485,1,False,False
83139bfffffffff,67.49246432559417,-48.16938417936348,1,False,False
83139cfffffffff,69.5296070820914,-46.845716174077175,1,False,False
83139dfffffffff,68.79985126926144,-45.0272977149134,1,False,False
83139efffffffff,69.21093256908024,-49.381680042564376,1,False,False
8313a0fffffffff,73.1519276771544,-38.650806438354905,1,False,False
8313a1fffffffff,72.3504843076031,-36.735802177059455,1,False,False
8313a2fffffffff,72.83066343807897,-41.14674767113823,1,False,False
8313a3fffffffff,72.16246884140054,-39.95357776566559,1,False,False
8313a4fffffffff,74.1305015549841,-37.19390416722948,1,False,False
8313a5fffffffff,73.3231562751914,-35.229217530583824,1,False,False
8313a6fffffffff,73.92257267800557,-40.71663513362128,1,False,False
8313a8fffffffff,70.54138648725166,-36.35381576186434,1,False,False
8313a9fffffffff,69.68989648979505,-34.73321364488648,1,False,False
8313aafffffffff,70.37235648921286,-39.31465574439365,1,False,False
8313abfffffffff,69.55255328990236,-37.61930825999568,1,False,False
8313acfffffffff,71.52019613552034,-34.95952646240059,1,False,False
8313adfffffffff,70.66287524308186,-33.31049895788565,1,False,False
8313aefffffffff,71.36614864138804,-38.09079002556719,1,False,False
8313b0fffffffff,73.27017588652832,-46.47229072513431,1,False,False
8313b1fffffffff,72.56715375050989,-44.303841709672746,1,False,False
8313b2fffffffff,72.90126525744238,-49.664739461720735,1,False,False
8313b3fffffffff,72.26010956212549,-47.319635202741246,1,False,False
8313b4fffffffff,74.18998745504796,-46.11241007902519,1,False,False
8313b5fffffffff,73.56972316531962,-43.25720833751527,1,False,False
831400fffffffff,61.10114253297336,133.57991561666563,1,False,False
831401fffffffff,62.025094189658816,134.70666965090894,1,False,False
831402fffffffff,60.235495992315215,134.72863955772712,1,False,False
831403fffffffff,61.139415329629024,135.85583503299384,1,False,False
831404fffffffff,61.02449296902033,131.30634793887887,1,False,False
831405fffffffff,61.96760935341229,132.35062868147804,1,False,False
831406fffffffff,60.17803492703233,132.52809837059678,1,False,False
831408fffffffff,62.94241647708903,138.35269690346956,1,False,False
831409fffffffff,63.83763716860218,139.73765727137885,1,False,False
83140afffffffff,62.01964132628994,139.4069760571741,1,False,False
83140bfffffffff,62.894983300443954,140.77520412620697,1,False,False
83140cfffffffff,62.94819579181325,135.91569256249903,1,False,False
83140dfffffffff,63.86856045014627,137.2151318184795,1,False,False
83140efffffffff,62.04233242833674,137.06142557319706,1,False,False
831410fffffffff,58.488616780033006,134.74788658233317,1,False,False
831411fffffffff,59.37227362309444,135.8036302558416,1,False,False
831412fffffffff,57.64859645168947,135.75769888218187,1,False,False
831413fffffffff,58.51289684109605,136.81107734038957,1,False,False
831414fffffffff,58.431085157619655,132.6836022841508,1,False,False
831415fffffffff,59.33222418329448,133.67322632122674,1,False,False
831416fffffffff,57.60689881037735,133.75532320756915,1,False,False
831418fffffffff,60.24108756657006,139.1197081349095,1,False,False
831419fffffffff,61.1017281845294,140.38615139513394,1,False,False
83141afffffffff,59.34848238343113,140.0463968400183,1,False,False
83141bfffffffff,60.18998457030279,141.29745679549376,1,False,False
83141cfffffffff,60.25642475071347,136.927994888694,1,False,False
83141dfffffffff,61.13947038905913,138.12693915562156,1,False,False
83141efffffffff,59.3775758016056,137.92995794099156,1,False,False
831420fffffffff,61.73208996777865,127.66634294901056,1,False,False
831421fffffffff,62.71215836283402,128.6054740003519,1,False,False
831422fffffffff,60.909572605067794,129.04225478921194,1,False,False
831423fffffffff,61.869852417469744,130.00124896952133,1,False,False
831424fffffffff,61.55487383120079,125.35343605899465,1,False,False
831425fffffffff,62.54948002426256,126.1981183466384,1,False,False
831426fffffffff,60.7567498069598,126.79458209326523,1,False,False
831428fffffffff,63.79771799788495,132.14618960440322,1,False,False
831429fffffffff,64.76197872967666,133.34901157433328,1,False,False
83142afffffffff,62.91181549224805,133.47292570453243,1,False,False
83142bfffffffff,63.85538055242524,134.68135507692642,1,False,False
83142cfffffffff,63.69555316798221,129.61953035440237,1,False,False
83142dfffffffff,64.6806991413585,130.7171326550896,1,False,False
83142efffffffff,62.833090006464175,131.03325547986924,1,False,False
831430fffffffff,59.14755955698931,129.42367867467374,1,False,False
831431fffffffff,60.08401474626212,130.33284843167078,1,False,False
831432fffffffff,58.34027657152627,130.62357306812356,1,False,False
831433fffffffff,59.257291781879225,131.54462581833877,1,False,False
831434fffffffff,59.003327850335616,127.31610938443738,1,False,False
831435fffffffff,59.95364876408037,128.14927395717524,1,False,False
831436fffffffff,58.21636506704613,128.57308175095903,1,False,False
831440fffffffff,67.4768668922324,143.51250417591066,1,False,False
831441fffffffff,68.34681239090146,145.41944169337876,1,False,False
831442fffffffff,66.47037991571156,144.54634831217734,1,False,False
831443fffffffff,67.3210974038803,146.40166082864457,1,False,False
831444fffffffff,67.58090011017339,140.57548788739675,1,False,False
831445fffffffff,68.48717042907485,142.3745461648065,1,False,False
831446fffffffff,66.59099584532241,141.751176726493,1,False,False
831448fffffffff,68.96245752583543,150.5603321480429,1,False,False
831449fffffffff,69.74531116254063,152.8884246822924,1,False,False
83144cfffffffff,69.19723184637064,147.48603327587367,1,False,False
83144dfffffffff,70.02412455253804,149.72709922694102,1,False,False
83144efffffffff,68.15302751222308,148.4022345716983,1,False,False
831450fffffffff,64.62233503015598,143.8076723971289,1,False,False
831454fffffffff,64.7257442309763,141.22507889178368,1,False,False
831455fffffffff,65.60424495446352,142.8245243619785,1,False,False
831456fffffffff,63.76334003398817,142.23932940084208,1,False,False
831460fffffffff,68.59977267153269,136.16274931851828,1,False,False
831461fffffffff,69.56204668726667,137.85771422594857,1,False,False
831462fffffffff,67.63157020863298,137.60515471709104,1,False,False
831463fffffffff,68.57200566498283,139.2832357458719,1,False,False
831464fffffffff,68.56953652175775,133.03133712488477,1,False,False
831465fffffffff,69.56367554972755,134.5754454435788,1,False,False
831466fffffffff,67.62776636141606,134.61708823820885,1,False,False
831468fffffffff,70.41009098378689,143.1247135992142,1,False,False
831469fffffffff,71.3000363504453,145.32679337156117,1,False,False
83146afffffffff,69.37708820474984,144.33269301418295,1,False,False
83146bfffffffff,70.24681027988849,146.46677172283924,1,False,False
83146cfffffffff,70.51127613629399,139.72127163019644,1,False,False
83146dfffffffff,71.44367047345182,141.77529752423862,1,False,False
83146efffffffff,69.49938244873547,141.11696287870032,1,False,False
831470fffffffff,65.73261705370999,137.39411229080378,1,False,False
831471fffffffff,66.66169959581504,138.9200353749555,1,False,False
831472fffffffff,64.7840867788476,138.61402508799523,1,False,False
831473fffffffff,65.69243430496788,140.12236940002475,1,False,False
831474fffffffff,65.7238993231819,134.65186913882414,1,False,False
831475fffffffff,66.68126219498131,136.066252166011,1,False,False
831476fffffffff,64.79636937095829,135.98501850891407,1,False,False
831480fffffffff,55.13684340256299,140.2698201485815,1,False,False
831481fffffffff,55.92699300981353,141.3493031502872,1,False,False
831482fffffffff,54.31278803753707,141.0136952521703,1,False,False
831483fffffffff,55.08520397633063,142.08060729075976,1,False,False
831484fffffffff,55.16163567292791,138.44704220442577,1,False,False
831485fffffffff,55.96968183877997,139.48158410534225,1,False,False
831486fffffffff,54.34688336328695,139.2443288615298,1,False,False
831488fffffffff,56.62547443239346,144.38168837627663,1,False,False
831489fffffffff,57.39048236753514,145.62277208235298,1,False,False
83148afffffffff,55.759034280982014,145.03646842268512,1,False,False
83148bfffffffff,56.50709164652524,146.25507927461928,1,False,False
83148cfffffffff,56.71601902253781,142.4863269750166,1,False,False
83148dfffffffff,57.50248954943456,143.68464733461727,1,False,False
83148efffffffff,55.85655455233842,143.20214606774147,1,False,False
831490fffffffff,52.74330812399158,140.71187297734292,1,False,False
831491fffffffff,53.49816057599392,141.71662092627662,1,False,False
831492fffffffff,51.95567283962818,141.3882690181639,1,False,False
831493fffffffff,52.69351609913437,142.38169277376332,1,False,False
831494fffffffff,52.76967501838975,139.03109225793696,1,False,False
831495fffffffff,53.54056166512275,139.9982021268454,1,False,False
831496fffffffff,51.98975721280513,139.75334054554835,1,False,False
831498fffffffff,54.168730357064966,144.51115226106091,1,False,False
831499fffffffff,54.903722051293485,145.65256127573448,1,False,False
83149afffffffff,53.34140041533024,145.11084279147036,1,False,False
83149bfffffffff,54.06000633699405,146.233166610036,1,False,False
83149cfffffffff,54.25321468576773,142.77034454293317,1,False,False
83149dfffffffff,55.00727272284564,143.8759467550464,1,False,False
83149efffffffff,53.43158256980787,143.42177702926284,1,False,False
8314a0fffffffff,55.96980575108315,135.71697425036194,1,False,False
8314a1fffffffff,56.81339059044026,136.70778692569633,1,False,False
8314a2fffffffff,55.15915122188006,136.61587297550787,1,False,False
8314a3fffffffff,55.98408473108476,137.6028180728754,1,False,False
8314a4fffffffff,55.92659608457466,133.82811287721938,1,False,False
8314a5fffffffff,56.78607446241331,134.76488738155615,1,False,False
8314a6fffffffff,55.12909318062329,134.78001349148147,1,False,False
8314a8fffffffff,57.63727256995517,139.74714860483022,1,False,False
8314a9fffffffff,58.46279338784857,140.9129506029155,1,False,False
8314aafffffffff,56.77793272033284,140.57281916313156,1,False,False
8314abfffffffff,57.58501631862869,141.72467843903135,1,False,False
8314acfffffffff,57.65862258022904,137.75658473763187,1,False,False
8314adfffffffff,58.50414954480502,138.86784288652836,1,False,False
8314aefffffffff,56.81055939058563,138.64522384808262,1,False,False
8314b0fffffffff,53.55105305567452,136.53355448155466,1,False,False
8314b1fffffffff,54.35504624199805,137.46551191342132,1,False,False
8314b2fffffffff,52.772230397211,137.34215878460975,1,False,False
8314b3fffffffff,53.55831390690155,138.26948754787753,1,False,False
8314b4fffffffff,53.51852801556974,134.7935587918814,1,False,False
8314b5fffffffff,54.33694183148975,135.68061853703676,1,False,False
8314b6fffffffff,52.75069030446584,135.64796451539922,1,False,False
8314d4fffffffff,58.14997594465317,146.92908216784443,1,False,False
8314d6fffffffff,57.249925497581785,147.53506351213093,1,False,False
8314e4fffffffff,61.95762235147242,141.7355851137885,1,False,False
8314e6fffffffff,61.026861073198965,142.6266160804767,1,False,False
8314f0fffffffff,59.18954749318364,144.22725228316386,1,False,False
8314f2fffffffff,58.28484740645998,144.9482206135397,1,False,False
8314f3fffffffff,59.061403715146895,146.28119109735584,1,False,False
8314f4fffffffff,59.28555372233408,142.14729571521926,1,False,False
8314f5fffffffff,60.1038388988442,143.45515915698485,1,False,False
8314f6fffffffff,58.38943296323362,142.9413452452003,1,False,False
831500fffffffff,59.78235717888941,118.09426702072798,1,False,False
831501fffffffff,60.79597380890932,118.6148831847756,1,False,False
831502fffffffff,59.08100189602033,119.6502929260436,1,False,False
831503fffffffff,60.07826852793392,120.2143785836911,1,False,False
831504fffffffff,59.45384506542554,116.01885138487306,1,False,False
831505fffffffff,60.47157209164299,116.45506884528324,1,False,False
831506fffffffff,58.7799222225455,117.61051571508844,1,False,False
831508fffffffff,62.10224115555827,121.4765328006166,1,False,False
831509fffffffff,63.12717271085522,122.18528688188452,1,False,False
83150afffffffff,61.33902747511392,123.0696276239546,1,False,False
83150bfffffffff,62.345822447340815,123.8192960729794,1,False,False
83150cfffffffff,61.82005350759914,119.17664842385106,1,False,False
83150dfffffffff,62.85378652089818,119.78452000882704,1,False,False
83150efffffffff,61.085626432937175,120.82147183174732,1,False,False
831510fffffffff,57.39986937834909,120.56553072098454,1,False,False
831511fffffffff,58.369742040096696,121.12719258476092,1,False,False
831512fffffffff,56.69778316038789,121.93597475548113,1,False,False
831513fffffffff,57.65065177157374,122.52903271072242,1,False,False
831514fffffffff,57.11961045946457,118.63442985026488,1,False,False
831515fffffffff,58.094565350733006,119.12489971703766,1,False,False
831516fffffffff,56.44112590934249,120.04007207537008,1,False,False
831518fffffffff,59.5859003825652,123.84157416433156,1,False,False
831519fffffffff,60.56664676121782,124.56997445186246,1,False,False
83151afffffffff,58.82510816224816,125.2274264177541,1,False,False
83151bfffffffff,59.78738576414857,125.983556553121,1,False,False
83151cfffffffff,59.35007901166582,121.72881264234532,1,False,False
83151dfffffffff,60.34012539504258,122.37466424423864,1,False,False
83151efffffffff,58.61361299316713,123.16284020825432,1,False,False
831520fffffffff,59.72534367925523,112.29283934864384,1,False,False
831521fffffffff,60.75827946358905,112.59020381784762,1,False,False
831522fffffffff,59.09433136351099,113.99199770591704,1,False,False
831523fffffffff,60.11409257761651,114.3464883408792,1,False,False
831524fffffffff,59.30723928416572,110.29706688436352,1,False,False
831525fffffffff,60.33893105265431,110.51343250676496,1,False,False
831526fffffffff,58.70553275817231,112.01690889428878,1,False,False
831528fffffffff,62.190200674061785,115.1421544178928,1,False,False
831529fffffffff,63.2452809287955,115.59060526513132,1,False,False
83152afffffffff,61.50080761233459,116.92566593232556,1,False,False
83152bfffffffff,62.54085651063614,117.4348019969637,1,False,False
83152cfffffffff,61.80382508650059,112.91158261720044,1,False,False
83152dfffffffff,62.86140254703362,113.25998422931217,1,False,False
83152efffffffff,61.14624797560551,114.7287542197045,1,False,False
831530fffffffff,57.45530990705378,115.23567553138604,1,False,False
831531fffffffff,58.44824307591176,115.6134243644762,1,False,False
831532fffffffff,56.811061301685086,116.73920589877991,1,False,False
831533fffffffff,57.78930412660345,117.15990976385204,1,False,False
831534fffffffff,57.09404286064035,113.3551416483616,1,False,False
831535fffffffff,58.08749313940032,113.66238565131351,1,False,False
831536fffffffff,56.4755216864923,114.8828938174669,1,False,False
831540fffffffff,67.06529258710047,122.80820524193632,1,False,False
831541fffffffff,68.13118404212821,123.755909378977,1,False,False
831542fffffffff,66.24061813171849,124.70576363113128,1,False,False
831543fffffffff,67.2868322257611,125.707742997104,1,False,False
831544fffffffff,66.79211208669187,119.96721459961626,1,False,False
831545fffffffff,67.87248631305206,120.76133017907412,1,False,False
831546fffffffff,66.00323367865394,121.94747406253246,1,False,False
831548fffffffff,69.38184509166638,128.02745367020083,1,False,True
831549fffffffff,70.42646766419715,129.37783672008837,1,False,False
83154afffffffff,68.48100885724502,129.90763544354638,1,False,False
83154bfffffffff,69.50358605050322,131.29154215116682,1,False,False
83154cfffffffff,69.19926194703042,124.80386338674188,1,False,True
83154dfffffffff,70.26765039644488,125.96803573197242,1,False,False
83154efffffffff,68.33455679494762,126.81000770501493,1,False,False
831550fffffffff,64.37861900162882,125.50947931958072,1,False,False
831551fffffffff,65.40202718958997,126.46603283153668,1,False,False
831552fffffffff,63.549226113915495,127.1110746781189,1,False,False
831553fffffffff,64.55271799110422,128.1004061977115,1,False,False
831554fffffffff,64.15936374360346,122.9543715338939,1,False,False
831555fffffffff,65.19762511976508,123.79151620035869,1,False,False
831556fffffffff,63.35942625672807,124.63010367097144,1,False,False
831558fffffffff,66.56445875891562,130.34696419196226,1,False,False
831559fffffffff,67.5689335925105,131.6274403971641,1,False,False
83155afffffffff,65.66582430299431,131.9081345897598,1,False,False
83155bfffffffff,66.6489318682221,133.20381408380882,1,False,False
83155cfffffffff,66.42810191693233,127.50977994792478,1,False,False
83155dfffffffff,67.45509176582763,128.65241431384223,1,False,False
83155efffffffff,65.55838584122424,129.17544399525818,1,False,False
831560fffffffff,67.19804847245958,115.00486911643732,1,False,False
831561fffffffff,68.30462121519626,115.55654319723112,1,False,False
831562fffffffff,66.46937142988511,117.19650718184953,1,False,False
831563fffffffff,67.56058547962958,117.84035517104482,1,False,False
831564fffffffff,66.78779760222307,112.2644096709509,1,False,False
831565fffffffff,67.89959983933576,112.66315475951066,1,False,False
831566fffffffff,66.09952199176155,114.50594135332534,1,False,False
831568fffffffff,69.76105282947584,119.34475196427526,1,False,False
831569fffffffff,70.86757912499249,120.23040490126851,1,False,False
83156afffffffff,68.9573468626681,121.63993169928648,1,False,True
83156bfffffffff,70.04513702011721,122.61677153283196,1,False,False
83156cfffffffff,69.4181778017459,116.1696742046324,1,False,True
83156dfffffffff,70.53754142809404,116.85497022963632,1,False,False
83156efffffffff,68.65824045291836,118.55267772520752,1,False,True
831570fffffffff,64.65017904782763,118.58890075427615,1,False,False
831571fffffffff,65.71760137109335,119.24622338447108,1,False,False
831572fffffffff,63.89626276611512,120.44426166769014,1,False,False
831573fffffffff,64.94646071526742,121.16260877465534,1,False,False
831574fffffffff,64.3107405636474,116.07869915773476,1,False,False
831575fffffffff,65.38574628595816,116.61185458639594,1,False,False
831576fffffffff,63.590938307457286,117.98732204281546,1,False,False
831580fffffffff,54.73204949287594,127.4647358397528,1,False,False
831581fffffffff,55.62317651778024,128.1842941508621,1,False,False
831582fffffffff,53.99958469890413,128.549381763176,1,False,False
831583fffffffff,54.87258841702276,129.28188828481416,1,False,False
831584fffffffff,54.564540620069046,125.66134363185375,1,False,False
831585fffffffff,55.46479963426004,126.32395428067316,1,False,False
831586fffffffff,53.84957300987636,126.78577818270765,1,False,False
831588fffffffff,56.64041095887474,130.8805292471981,1,False,False
831589fffffffff,57.53341442893577,131.75434070384395,1,False,False
83158afffffffff,55.8543584397336,131.94033331972338,1,False,False
83158bfffffffff,56.7284220716752,132.8209789518396,1,False,False
83158cfffffffff,56.52218578368109,128.94795840237649,1,False,False
83158dfffffffff,57.42821056123364,129.75961404107707,1,False,False
83158efffffffff,55.753148949881776,130.0577208953733,1,False,False
831590fffffffff,52.42167583728146,128.87768986561795,1,False,False
831591fffffffff,53.26862475403331,129.5812133361963,1,False,False
831592fffffffff,51.71096321900992,129.85103358675318,1,False,False
831593fffffffff,52.54027221976772,130.56337369423443,1,False,False
831594fffffffff,52.27919643509132,127.20141143937064,1,False,False
831595fffffffff,53.13489704963752,127.8568911997222,1,False,False
831596fffffffff,51.58338311449122,128.2106222485136,1,False,False
831598fffffffff,54.22121963783765,132.10640994460974,1,False,False
831599fffffffff,55.07130233776407,132.94322213186717,1,False,False
83159afffffffff,53.46060476353201,133.05270099618363,1,False,False
83159bfffffffff,54.29236016626644,133.8930929479865,1,False,False
83159cfffffffff,54.123568549374326,130.32403452088897,1,False,False
83159dfffffffff,54.98575996494802,131.1092687229225,1,False,False
83159efffffffff,53.37726861334667,131.31419112759733,1,False,False
8315a0fffffffff,55.0649787164479,122.6572769427188,1,False,False
8315a1fffffffff,55.99011184565661,123.23978089559064,1,False,False
8315a2fffffffff,54.37058899902032,123.87508197527504,1,False,False
8315a3fffffffff,55.278520794408095,124.48043824646123,1,False,False
8315a4fffffffff,54.82493863706137,120.85775947145925,1,False,False
8315a5fffffffff,55.75568184848956,121.37997453582015,1,False,False
8315a6fffffffff,54.15084390653598,122.10912475050452,1,False,False
8315a8fffffffff,57.1238162741338,125.80785815227036,1,False,False
8315a9fffffffff,58.05972091110449,126.53726511296207,1,False,False
8315aafffffffff,56.37405604589573,127.02757934429012,1,False,False
8315abfffffffff,57.291535908533845,127.77591516478664,1,False,False
8315acfffffffff,56.92564709548407,123.85983763798478,1,False,False
8315adfffffffff,57.870903651522745,124.52103919117526,1,False,False
8315aefffffffff,56.19649098279381,125.1235416691898,1,False,False
8315b0fffffffff,52.7936599456932,124.44620956914612,1,False,False
8315b1fffffffff,53.673961291075805,125.03642555944576,1,False,False
8315b2fffffffff,52.084906374193714,125.60174460177294,1,False,False
8315b3fffffffff,52.97642514151317,126.14425467881698,1,False,False
8315b4fffffffff,52.482611320698254,123.0101128307469,1,False,False
8315b5fffffffff,53.47329426592606,123.30436824160208,1,False,False
8315b6fffffffff,51.783400101165874,124.1970515117016,1,False,False
831704fffffffff,73.42952951422065,157.13179849840367,1,False,False
831706fffffffff,72.31703084189593,157.6488933955116,1,False,False
831714fffffffff,70.4971354442375,155.39876777313404,1,False,False
831715fffffffff,71.21310047795147,158.10279915533724,1,False,False
831720fffffffff,74.90752017057677,152.42600057067045,1,False,False
831721fffffffff,75.67599022521308,155.84725547396212,1,False,False
831722fffffffff,73.79565309359688,153.32658815077394,1,False,False
831723fffffffff,74.54956909700356,156.53743728291514,1,False,False
831724fffffffff,75.1895932127598,148.11259654368226,1,False,False
831725fffffffff,76.0229972289113,151.37818992822974,1,False,False
831726fffffffff,74.09298097465587,149.33929242683442,1,False,False
831730fffffffff,71.90790116011762,151.33571616200965,1,False,False
831731fffffffff,72.68905700297466,154.10857945326666,1,False,False
831732fffffffff,70.82305798646019,152.1579173882083,1,False,False
831733fffffffff,71.58914414451881,154.7937120478036,1,False,False
831734fffffffff,72.16457120630763,147.7453095916346,1,False,False
831735fffffffff,72.99842733484186,150.40381323243673,1,False,False
831736fffffffff,71.09202416892661,148.79481903860164,1,False,False
83180dfffffffff,35.54789517041004,23.58156078684907,1,False,False
831814fffffffff,39.15289048391969,19.060815653839,1,False,False
831820fffffffff,40.14971658316213,23.173495769174608,1,False,False
831821fffffffff,39.30737133033136,24.05509147316016,1,False,False
831824fffffffff,41.08314770993206,23.629001047768824,1,False,False
831825fffffffff,40.2446325698237,24.511376494409884,1,False,False
831826fffffffff,40.31998953207412,23.67520657424368,1,False,False
831828fffffffff,37.50124899859889,24.46649332043792,1,False,False
831829fffffffff,36.640279822079385,25.3096232534114,1,False,False
83182afffffffff,37.38835637502289,23.16018448993332,1,False,False
83182bfffffffff,36.53150338906099,24.02120979763293,1,False,False
83182cfffffffff,38.45670323809857,24.91746553903556,1,False,False
83182dfffffffff,37.5986268494124,25.76086172946792,1,False,False
83182efffffffff,38.35515817561239,23.6047139392614,1,False,False
831832fffffffff,40.108613624644896,19.557885144518814,1,False,False
831836fffffffff,41.04895977939534,20.06192531791323,1,False,False
831840fffffffff,32.05651340828641,26.844236607738228,1,False,False
831841fffffffff,31.17505441638685,27.616633169955605,1,False,False
831844fffffffff,33.04663583639723,27.284444677132363,1,False,False
831845fffffffff,32.16576761680756,28.056306131626407,1,False,False
831846fffffffff,32.9354715258473,26.054784320022403,1,False,False
831849fffffffff,27.24262613502184,26.124968207938945,1,False,False
83184cfffffffff,30.292021691117064,28.37224904876242,1,False,False
83184dfffffffff,29.40832551319817,29.11137082086397,1,False,False
831860fffffffff,34.110686951942185,28.95026265613036,1,False,False
831861fffffffff,33.229392279920255,29.70310696894364,1,False,False
831862fffffffff,34.02435694437275,27.72966782953015,1,False,False
831863fffffffff,33.144485502416046,28.50084040621768,1,False,False
831864fffffffff,35.063892925107375,29.4045977273598,1,False,False
831865fffffffff,34.183973634445444,30.156201448794405,1,False,False
831866fffffffff,34.989172284470925,28.17993756589696,1,False,False
831868fffffffff,31.37841266476955,29.991758233997366,1,False,False
831869fffffffff,30.494003280762136,30.712151432142694,1,False,False
83186afffffffff,31.28290017703697,28.811151994278973,1,False,False
83186bfffffffff,30.39894167596908,29.54928528746624,1,False,False
83186cfffffffff,32.34618737451876,30.43880760551804,1,False,False
83186dfffffffff,31.461956237901703,31.15770911130117,1,False,False
83186efffffffff,32.2622026069798,29.25476391877904,1,False,False
831870fffffffff,34.79867023243232,25.688519520183675,1,False,False
831871fffffffff,33.92458159565065,26.495275505664583,1,False,False
831872fffffffff,34.68211463412843,24.423682800571523,1,False,False
831873fffffffff,33.810988465116544,25.248014894996327,1,False,False
831874fffffffff,35.77318463756695,26.134349197745387,1,False,False
831875fffffffff,34.900899164367694,26.94093652565715,1,False,False
831876fffffffff,35.6679594772981,24.86391294725857,1,False,False
831908fffffffff,42.07306488531072,25.441899313289664,1,False,False
831909fffffffff,41.23369672926452,26.30503396287933,1,False,False
83190bfffffffff,41.16662258583316,24.97362697679553,1,False,False
83190cfffffffff,42.963724434791104,25.916248157527725,1,False,False
83190dfffffffff,42.12858030932903,26.77927213272249,1,False,False
831919fffffffff,41.22642493978909,24.200033462653145,1,False,False
831928fffffffff,43.87082429406522,27.74559784112465,1,False,False
83192afffffffff,43.83840612654883,26.39672625856236,1,False,False
83192bfffffffff,43.00768150810482,27.25944562476574,1,False,False
83192cfffffffff,44.71786972101194,28.23776982781008,1,False,False
83192efffffffff,44.69695309739824,26.883384288914336,1,False,False
831942fffffffff,38.669160821504015,28.77598583231338,1,False,False
831946fffffffff,39.5750804469992,29.2480098531864,1,False,False
831948fffffffff,36.0535362392726,31.076716087641387,1,False,False
831949fffffffff,35.17442632681836,31.807565314230764,1,False,False
83194afffffffff,36.00366657327579,29.86386854073174,1,False,False
83194bfffffffff,35.125492531998766,30.61406571789788,1,False,False
831950fffffffff,39.47182760775273,26.68010737325409,1,False,False
831951fffffffff,38.61326186967091,27.504201926671275,1,False,False
831952fffffffff,39.39748210186668,25.37417921080554,1,False,False
831953fffffffff,38.54259624273425,26.21767484090428,1,False,False
831954fffffffff,40.38600362642892,27.14820229206554,1,False,False
831955fffffffff,39.53086363217152,27.9717364687276,1,False,False
831956fffffffff,40.32324559407929,25.83668552628614,1,False,False
831958fffffffff,36.813253280522574,27.847913028095977,1,False,False
831959fffffffff,35.94062030176594,28.635283611912435,1,False,False
83195afffffffff,36.73406348709667,26.58554609947064,1,False,False
83195bfffffffff,35.863937460119224,27.39180404923886,1,False,False
83195cfffffffff,37.74844675487014,28.309296573918743,1,False,False
83195dfffffffff,36.878282270586055,29.09573380228819,1,False,False
83195efffffffff,37.68088269451364,27.04215075575404,1,False,False
831972fffffffff,41.28484897473866,27.62200059785024,1,False,False
831973fffffffff,40.43339267690529,28.444789197368124,1,False,False
831976fffffffff,42.16812903441571,28.101541176105783,1,False,False
8319a9fffffffff,41.97358241840341,20.573004168986497,1,False,False
8319adfffffffff,42.882180022911456,21.09118712420773,1,False,False
831aa2fffffffff,35.34414901520096,11.11236322304035,1,False,False
831aa6fffffffff,36.41005074493114,11.247999740513578,1,False,False
831ab4fffffffff,36.51749146013217,8.839041719848499,1,False,False
831ab5fffffffff,35.93347332834105,9.989376888509373,1,False,False
831b04fffffffff,42.21985912353537,12.798663762044722,1,False,False
831b20fffffffff,43.49474013882864,14.846225941698227,1,False,False
831b22fffffffff,43.283366302821136,13.329297140564188,1,False,False
831b23fffffffff,42.44135477658434,14.286587594678965,1,False,False
831b24fffffffff,44.5490221728262,15.427803299835864,1,False,False
831b25fffffffff,43.684646388606346,16.362485006009177,1,False,False
831b26fffffffff,44.34854068355249,13.881013219788958,1,False,False
831b30fffffffff,43.88076699602243,10.791808172605723,1,False,False
831b34fffffffff,44.9672848629045,11.301933252903083,1,False,False
831b35fffffffff,44.12576215270353,12.334932763851372,1,False,False
831b80fffffffff,40.78546570889467,11.847513179815504,1,False,False
831b82fffffffff,40.30280202590397,10.479349812336247,1,False,False
831b83fffffffff,39.67612933367001,11.688390787625504,1,False,False
831b84fffffffff,41.90393618463321,12.013454724970634,1,False,False
831b85fffffffff,41.25173692380323,13.23536495060783,1,False,False
831b86fffffffff,41.42097372815301,10.614909955098977,1,False,False
831b90fffffffff,40.40659491128604,7.88353468378247,1,False,False
831b91fffffffff,39.80465847956079,9.131984734663227,1,False,False
831b92fffffffff,39.877178193756535,6.55268562925338,1,False,False
831b93fffffffff,39.2919910669991,7.806402490031324,1,False,False
831b94fffffffff,41.53105828923446,7.963986147001375,1,False,False
831b95fffffffff,40.92153342509334,9.237917136691786,1,False,False
831b96fffffffff,40.99885420008869,6.604009863456536,1,False,False
831b98fffffffff,38.09611181663602,10.224536273244963,1,False,False
831b99fffffffff,37.48775431614041,11.388997186599596,1,False,False
831b9afffffffff,37.601973061868456,8.932794266672047,1,False,False
831b9bfffffffff,37.00897055397234,10.10464420091593,1,False,False
831b9cfffffffff,39.19427763639372,10.349336019496125,1,False,False
831b9dfffffffff,38.57666204117347,11.535677984993828,1,False,False
831b9efffffffff,38.69790921729437,9.030362862452009,1,False,False
831ba0fffffffff,43.49502954896645,13.63800097357028,1,False,False
831ba1fffffffff,42.81676000895277,14.870288013557204,1,False,False
831ba2fffffffff,43.03076308608595,12.186660399221324,1,False,False
831ba3fffffffff,42.36948975732169,13.432357097605216,1,False,False
831ba4fffffffff,44.62751667581313,13.85287367501435,1,False,False
831ba5fffffffff,43.93995158524253,15.10896582752204,1,False,False
831ba6fffffffff,44.1651282509753,12.367614475075465,1,False,False
831bb0fffffffff,43.182690091778106,9.463855872127557,1,False,False
831bb1fffffffff,42.54803786672115,10.75637747160748,1,False,False
831bb2fffffffff,42.66462872797351,8.047975512212856,1,False,False
831bb3fffffffff,42.04780213382288,9.34843950048409,1,False,False
831bb4fffffffff,44.32538251384864,9.584497674579405,1,False,False
831bb5fffffffff,43.68319800932187,10.90414526229212,1,False,False
831bb6fffffffff,43.80651231936756,8.135741012173138,1,False,False
831e20fffffffff,36.7604782505348,43.33862195116821,1,False,False
831e21fffffffff,36.88285786940157,44.68073658486842,1,False,False
831e22fffffffff,35.829880933478655,42.76782246768528,1,False,False
831e23fffffffff,35.958134477389045,44.099872180417485,1,False,False
831e24fffffffff,37.54659371130285,42.57246900502891,1,False,False
831e25fffffffff,37.6777536504684,43.91669432207606,1,False,False
831e26fffffffff,36.62348875760752,42.00485481545033,1,False,False
831e28fffffffff,36.17087027501733,46.78499961442316,1,False,False
831e29fffffffff,36.2548395025261,48.13521389422225,1,False,False
831e2cfffffffff,36.99031321141523,46.02979220611533,1,False,False
831e2dfffffffff,37.08258354095789,47.38433700061322,1,False,False
831e2efffffffff,36.07189211981911,45.43940187984194,1,False,False
831e30fffffffff,34.739048915450944,40.891716839933565,1,False,False
831e31fffffffff,34.88646593156618,42.20427064886163,1,False,False
831e32fffffffff,33.77879819524266,40.346112976834846,1,False,False
831e34fffffffff,35.53127444001162,40.1315630972585,1,False,False
831e35fffffffff,35.6874665056893,41.44461669275806,1,False,False
831e36fffffffff,34.57833670787959,39.58974120004098,1,False,False
831e40fffffffff,34.66998623700718,53.6410829572771,1,False,False
831e41fffffffff,34.67926275773739,54.97837767659634,1,False,False
831e42fffffffff,33.75963049508803,53.01827645872149,1,False,False
831e43fffffffff,33.77703493721843,54.35057521403021,1,False,False
831e44fffffffff,35.54957257127167,52.92373949515698,1,False,False
831e45fffffffff,35.565419100774335,54.26939933893191,1,False,False
831e46fffffffff,34.64603109453093,52.30084724442786,1,False,False
831e48fffffffff,33.76905774568306,57.0027510012772,1,False,False
831e49fffffffff,33.744005971598604,58.31984778870656,1,False,False
831e4afffffffff,32.86862865337068,56.37180658094968,1,False,False
831e4cfffffffff,34.67397536794566,56.31129041065748,1,False,False
831e4dfffffffff,34.65429311849025,57.63840852742569,1,False,False
831e4efffffffff,33.78013109596445,55.67920216266904,1,False,False
831e51fffffffff,32.83479400585384,52.40105291118787,1,False,False
831e55fffffffff,33.72783308637944,51.68373583271257,1,False,False
831e58fffffffff,31.94793346290671,54.43016425352748,1,False,False
831e59fffffffff,31.95342059745963,55.745674341597976,1,False,False
831e5cfffffffff,32.860061811046435,53.72807993968284,1,False,False
831e5dfffffffff,32.87130373417524,55.05213046654711,1,False,False
831e5efffffffff,31.928808661624306,53.11096991827561,1,False,False
831e60fffffffff,37.29660149282192,52.827304009758606,1,False,False
831e61fffffffff,37.31105529021698,54.18658902905933,1,False,False
831e62fffffffff,36.415252798670295,52.1986423780216,1,False,False
831e63fffffffff,36.43803818062492,53.552344900544206,1,False,False
831e64fffffffff,38.140634483970935,52.09437855054217,1,False,False
831e65fffffffff,38.16239443564108,53.4618134136929,1,False,False
831e66fffffffff,37.266530361363344,51.46590120722928,1,False,False
831e68fffffffff,36.43786096498004,56.24955966657998,1,False,False
831e69fffffffff,36.41519385110185,57.590129238506975,1,False,False
831e6afffffffff,35.566328017527205,55.61140282997658,1,False,False
831e6bfffffffff,35.55244449501877,56.948299967993606,1,False,False
831e6cfffffffff,37.3099841311864,55.54223639239956,1,False,False
831e6dfffffffff,37.29353853014671,56.89275060621186,1,False,False
831e6efffffffff,36.44553437868849,54.90314593794648,1,False,False
831e70fffffffff,35.47276828095683,50.22736122212593,1,False,False
831e71fffffffff,35.51869946554141,51.57589731054416,1,False,False
831e73fffffffff,34.60733848553796,50.95913072055766,1,False,False
831e74fffffffff,36.32362667636104,49.48856278719813,1,False,False
831e75fffffffff,36.377116566175474,50.8435435124424,1,False,False
831e76fffffffff,35.41180561252112,48.8796242682753,1,False,False
831ec0fffffffff,28.012208606406613,49.400790089254535,1,False,False
831ec4fffffffff,28.93497381410706,48.6868057477332,1,False,False
831ee2fffffffff,29.845575058224263,47.96668080068921,1,False,False
831f05fffffffff,40.52437086229923,39.463552357126005,1,False,False
831f08fffffffff,39.218263234042354,42.37335798195413,1,False,False
831f09fffffffff,39.352167716912135,43.729952512616194,1,False,False
831f0afffffffff,38.31622758050701,41.80164238125903,1,False,False
831f0bfffffffff,38.45630013722313,43.14749226908678,1,False,False
831f0cfffffffff,39.96345271464567,41.59452914292668,1,False,False
831f0dfffffffff,40.106426605921456,42.95264886809319,1,False,False
831f0efffffffff,39.06917145790239,41.02638068505158,1,False,False
831f14fffffffff,38.32971761556611,35.760952004860165,1,False,False
831f18fffffffff,37.24058243204957,39.91302412316509,1,False,False
831f19fffffffff,37.40073839643966,41.23746606671246,1,False,False
831f1afffffffff,36.30718753505949,39.36771389602846,1,False,False
831f1bfffffffff,36.4722544444618,40.68078813427444,1,False,False
831f1dfffffffff,38.16140240166844,40.46589530686265,1,False,False
831f20fffffffff,41.91136126220517,37.88607087923864,1,False,False
831f21fffffffff,42.09710167221981,39.23239740109928,1,False,False
831f23fffffffff,41.22641965839056,38.67650765572197,1,False,False
831f24fffffffff,42.57918618403754,37.09252276535196,1,False,False
831f25fffffffff,42.77411456895312,38.437358210755455,1,False,False
831f28fffffffff,41.56430114890555,41.38340726589266,1,False,False
831f29fffffffff,41.70999922319235,42.7539870887465,1,False,False
831f2afffffffff,40.69172067447429,40.81125326064604,1,False,False
831f2bfffffffff,40.84384833364314,42.17038488347795,1,False,False
831f2cfffffffff,42.26769279450796,40.59197281400627,1,False,False
831f2dfffffffff,42.422661777894135,41.96344148848701,1,False,False
831f2efffffffff,41.40295982682725,40.023787322732,1,False,False
831f40fffffffff,40.51925281262823,48.46112394142055,1,False,False
831f41fffffffff,40.58146721829444,49.84950341662738,1,False,False
831f42fffffffff,39.659487280279166,47.84285316555072,1,False,False
831f43fffffffff,39.7296548942309,49.223095578421656,1,False,False
831f44fffffffff,41.29263483066804,47.69224522144749,1,False,False
831f45fffffffff,41.363512995434704,49.08631338393078,1,False,False
831f46fffffffff,40.44045594992236,47.07566145729447,1,False,False
831f48fffffffff,39.82075830999415,51.98799362281691,1,False,False
831f49fffffffff,39.84163682264606,53.36943403891949,1,False,False
831f4afffffffff,38.96970674365497,51.35368295240625,1,False,False
831f4bfffffffff,38.99909871423211,52.7289127955819,1,False,False
831f4cfffffffff,40.62700647877666,51.23917540843319,1,False,False
831f4dfffffffff,40.65584120552004,52.628506347759306,1,False,False
831f4efffffffff,39.783431896735856,50.60534446828577,1,False,False
831f50fffffffff,38.69073766944559,45.863901811985215,1,False,False
831f51fffffffff,38.78451096424942,47.23152843409417,1,False,False
831f52fffffffff,37.793873138354336,45.268744317457895,1,False,False
831f53fffffffff,37.89466005796729,46.62717018824402,1,False,False
831f54fffffffff,39.47053046305162,45.09473193227384,1,False,False
831f55fffffffff,39.57305131150546,46.46620948863544,1,False,False
831f56fffffffff,38.58124463671331,44.502059527644725,1,False,False
831f58fffffffff,38.04934880094225,49.35715230230262,1,False,False
831f59fffffffff,38.10295361156833,50.72563790484973,1,False,False
831f5afffffffff,37.1594642809627,48.7428828254314,1,False,False
831f5bfffffffff,37.22080892930022,50.1039147777044,1,False,False
831f5cfffffffff,38.86235396528296,48.60340970911093,1,False,False
831f5dfffffffff,38.92411582088351,49.977986950019066,1,False,False
831f5efffffffff,37.97987805775922,47.99048082566068,1,False,False
831f60fffffffff,42.878646729056456,47.53856797061847,1,False,False
831f61fffffffff,42.95024951723047,48.94672335682155,1,False,False
831f62fffffffff,42.04956845559644,46.91664570039684,1,False,False
831f63fffffffff,42.12931166151069,48.31594138404429,1,False,False
831f64fffffffff,43.611341547862686,46.75438729927497,1,False,False
831f65fffffffff,43.69202467354915,48.167774586425175,1,False,False
831f66fffffffff,42.78986223529339,46.13452477795068,1,False,False
831f68fffffffff,42.237579190188754,51.122308743395706,1,False,False
831f69fffffffff,42.39672424341914,52.35506620509592,1,False,False
831f6afffffffff,41.41751907592271,50.48259101659024,1,False,False
831f6bfffffffff,41.454590789133874,51.8794229599786,1,False,False
831f6cfffffffff,43.03765338219269,50.30853262423529,1,False,False
831f6dfffffffff,43.21159724853538,51.54219422443052,1,False,False
831f6efffffffff,42.19201384850515,49.71838691031719,1,False,False
831f70fffffffff,41.10082874542437,44.91726812451215,1,False,False
831f71fffffffff,41.20501056048737,46.30202601511058,1,False,False
831f72fffffffff,40.23379694100049,44.31987221877319,1,False,False
831f73fffffffff,40.34523186922991,45.6947200067492,1,False,False
831f74fffffffff,41.839660069654,44.13407398475957,1,False,False
831f75fffffffff,41.95294390880834,45.52215089213823,1,False,False
831f76fffffffff,40.98033874930534,43.53954580446399,1,False,False
831f81fffffffff,33.24791010151247,36.511065097318166,1,False,False
831f84fffffffff,33.811908224404334,34.51055066996622,1,False,False
831f85fffffffff,34.02102909820056,35.758930102892585,1,False,False
831f8cfffffffff,33.436893085734724,37.77655792148522,1,False,False
831f8dfffffffff,33.61401853789706,39.05526872277018,1,False,False
831f96fffffffff,30.6370481314597,31.87621327663379,1,False,False
831fa0fffffffff,35.518263736106455,34.248711554071505,1,False,False
831fa1fffffffff,35.73373738937676,35.5063218029417,1,False,False
831fa2fffffffff,34.55995433169978,33.75968154641051,1,False,False
831fa3fffffffff,34.77786998179255,35.00472764868034,1,False,False
831fa6fffffffff,35.29158069552915,33.00744701364857,1,False,False
831fa8fffffffff,35.1793093799552,37.540826633713614,1,False,False
831fa9fffffffff,35.36173258026501,38.82990735436112,1,False,False
831faafffffffff,34.21883063506528,37.0222542248105,1,False,False
831fabfffffffff,34.40477081932033,38.29954350308177,1,False,False
831facfffffffff,35.93741708141448,36.77936789541484,1,False,False
831fadfffffffff,36.12874354539469,38.06685662924245,1,False,False
831faefffffffff,34.98450963047881,36.26542463974396,1,False,False
831fb4fffffffff,34.24464436745583,31.34669803032836,1,False,False
831fb5fffffffff,34.3313491579399,32.53114984784485,1,False,False
831fb6fffffffff,33.301754775786,30.89044949137379,1,False,False
832000fffffffff,38.95493123767949,88.3814529922258,1,False,False
832001fffffffff,39.786095031553,89.46772570327455,1,False,False
832002fffffffff,37.81328984190458,88.76974067244721,1,False,False
832003fffffffff,38.640973402616126,89.8429760456613,1,False,False
832004fffffffff,39.250503174093865,86.9073065300054,1,False,False
832005fffffffff,40.09524400742862,87.98045628271494,1,False,False
832006fffffffff,38.113932922632856,87.32051271344038,1,False,False
832008fffffffff,40.26400057073445,92.06281847024266,1,False,False
832009fffffffff,41.05695294881297,93.2093748499476,1,False,False
83200afffffffff,39.11251225652484,92.39756277009676,1,False,False
83200bfffffffff,39.90369013538948,93.52838541443136,1,False,False
83200cfffffffff,40.60619207369993,90.57944003810988,1,False,False
83200dfffffffff,41.41400350968862,91.71663375784824,1,False,False
83200efffffffff,39.45827854139528,90.94066467225292,1,False,False
832010fffffffff,35.83910074634247,88.10895603898338,1,False,False
832011fffffffff,36.67138443546038,89.1458800626793,1,False,False
832014fffffffff,36.13165558541152,86.69624790333833,1,False,False
832015fffffffff,36.97644378618958,87.72087854108767,1,False,False
832016fffffffff,34.99952759101044,87.09537871746295,1,False,False
832018fffffffff,37.16026087181682,91.62846859870724,1,False,False
832019fffffffff,37.96058613904623,92.72140278798068,1,False,False
83201cfffffffff,37.49517818699729,90.20626395436608,1,False,False
83201dfffffffff,38.30928384038182,91.2901617896391,1,False,False
832020fffffffff,40.65505234772759,84.97030893197262,1,False,False
832021fffffffff,41.51660030473519,86.04000994902255,1,False,False
832022fffffffff,39.52711086146671,85.42234698072704,1,False,False
832023fffffffff,40.385083230779806,86.4806773326084,1,False,False
832024fffffffff,40.90467836965949,83.45135708305645,1,False,False
832025fffffffff,41.7792639642545,84.50354068977944,1,False,False
832026fffffffff,39.78425735358679,83.92846928053287,1,False,False
832028fffffffff,42.07006977489366,88.6790362119681,1,False,False
832029fffffffff,42.89455255777601,89.8194923648138,1,False,False
83202afffffffff,40.92948140443305,89.07994602529917,1,False,False
83202bfffffffff,41.75196827419416,90.20591774880424,1,False,False
83202cfffffffff,42.36761145184571,87.13792907642764,1,False,False
83202dfffffffff,43.2068011257777,88.26435923175694,1,False,False
83202efffffffff,41.23315981691236,87.56615747765795,1,False,False
832030fffffffff,37.53453495810342,84.83913052004701,1,False,False
832031fffffffff,38.396514440412176,85.86028758443793,1,False,False
832032fffffffff,36.40738728120082,85.27387728348035,1,False,False
832033fffffffff,37.2643387941144,86.28473123334746,1,False,False
832034fffffffff,37.78657256070295,83.38583916120389,1,False,False
832035fffffffff,38.66051697519047,84.39085580896521,1,False,False
832036fffffffff,36.66581685812524,83.84351380861952,1,False,False
832040fffffffff,44.4988743349639,96.51806193109891,1,False,False
832041fffffffff,45.22792947623567,97.78022661001788,1,False,False
832042fffffffff,43.347743888387406,96.79358312625406,1,False,False
832043fffffffff,44.07835582596381,98.03541436970411,1,False,False
832044fffffffff,44.90015506038706,94.97467906606096,1,False,False
832045fffffffff,45.64596709929408,96.23229603678232,1,False,False
832046fffffffff,43.75188268157081,95.28024873267542,1,False,False
832048fffffffff,45.48406904993774,100.58671186582804,1,False,False
832049fffffffff,46.15735978172543,101.8947983795946,1,False,False
83204afffffffff,44.33569625377638,100.79030484164808,1,False,False
83204bfffffffff,45.01241154629604,102.07571649223009,1,False,False
83204cfffffffff,45.93805360841349,99.06620777319884,1,False,False
83204efffffffff,44.79077646088998,99.30000198591678,1,False,False
832050fffffffff,41.44532134611944,95.8595820159431,1,False,False
832051fffffffff,42.19356866172988,97.05938874490238,1,False,False
832052fffffffff,40.289059609383614,96.13440271029542,1,False,False
832053fffffffff,41.037351462672014,97.31597291730102,1,False,False
832054fffffffff,41.83597420362872,94.3801903349848,1,False,False
832055fffffffff,42.599934801763375,95.57503432569229,1,False,False
832056fffffffff,40.68166686766582,94.6824718091358,1,False,False
832058fffffffff,42.48585820281867,99.74259844923576,1,False,False
832059fffffffff,43.18414203074912,100.9865483959006,1,False,False
83205afffffffff,41.330163714016805,99.9522633315209,1,False,False
83205bfffffffff,42.03036740561476,101.1758290636898,1,False,False
83205cfffffffff,42.92536661043123,98.281472412608,1,False,False
83205dfffffffff,43.63972193804596,99.52531671390165,1,False,False
83205efffffffff,41.76994819977231,98.51887346359378,1,False,False
832060fffffffff,46.42021938974465,93.05830547234868,1,False,False
832061fffffffff,47.18169762389796,94.32880833117224,1,False,False
832062fffffffff,45.28113399844564,93.40688534422432,1,False,False
832063fffffffff,46.04375394356754,94.65774091032344,1,False,False
832064fffffffff,46.774369318046304,91.43594424538246,1,False,False
832065fffffffff,47.55300070248996,92.69655274823336,1,False,False
832066fffffffff,45.640816844401286,91.81649784559409,1,False,False
832068fffffffff,47.51295067863912,97.24039650315184,1,False,False
832069fffffffff,48.217480749100936,98.57122626757378,1,False,False
83206afffffffff,46.37311354287109,97.51540211878158,1,False,False
83206bfffffffff,47.080599906714994,98.823454465542,1,False,False
83206cfffffffff,47.92414395743185,95.62772004176276,1,False,False
83206dfffffffff,48.64650427854703,96.954624574025,1,False,False
83206efffffffff,46.78804363220182,95.93571827123344,1,False,False
832070fffffffff,43.3567861023158,92.53749289290135,1,False,False
832071fffffffff,44.13672796506727,93.7429745603798,1,False,False
832072fffffffff,42.208330834808834,92.87926610773812,1,False,False
832073fffffffff,42.98800287183074,94.067210735639,1,False,False
832074fffffffff,43.70536490923431,90.98762634779484,1,False,False
832075fffffffff,44.501287907918005,92.18345149938482,1,False,False
832076fffffffff,42.5614729286836,91.35843856828518,1,False,False
832089fffffffff,33.00229932971264,95.23702763835456,1,False,False
8320c0fffffffff,36.41220466833022,98.25890155271313,1,False,False
8320c1fffffffff,37.14388628093226,99.39031140530422,1,False,False
8320c2fffffffff,35.260838856345025,98.47574651731613,1,False,False
8320c3fffffffff,35.99122796542455,99.59049981154546,1,False,False
8320c4fffffffff,36.82056890891634,96.90513831901382,1,False,False
8320c5fffffffff,37.56652702625316,98.03486970991209,1,False,False
8320c6fffffffff,35.667868485082714,97.14554503164808,1,False,False
8320c8fffffffff,37.4124760638678,101.87017597876996,1,False,False
8320c9fffffffff,38.10151738558825,103.03400004840944,1,False,False
8320cafffffffff,36.26214095981691,102.02959037072196,1,False,False
8320cbfffffffff,36.95174686918468,103.1752830432508,1,False,False
8320ccfffffffff,37.86193849373944,100.53931377289496,1,False,False
8320cdfffffffff,38.56542689663862,101.7053768555251,1,False,False
8320cefffffffff,36.70875044137265,100.72214816866388,1,False,False
8320d0fffffffff,33.37357757081941,97.60386450175145,1,False,False
8320d1fffffffff,34.11339324769959,98.68573904991784,1,False,False
8320d2fffffffff,32.23388629097055,97.82245426254497,1,False,False
8320d3fffffffff,32.97080897829373,98.8891935261292,1,False,False
8320d4fffffffff,33.76536254205688,96.29865726088744,1,False,False
8320d5fffffffff,34.51855066305021,97.3783375031486,1,False,False
8320d6fffffffff,32.62359971758607,96.539040294326,1,False,False
8320d8fffffffff,34.41248057503462,101.07036032910268,1,False,False
8320d9fffffffff,35.11536284078697,102.18387735263748,1,False,False
8320dafffffffff,33.271263532177535,101.23627892811442,1,False,False
8320dbfffffffff,33.97306392035181,102.33327825293156,1,False,False
8320dcfffffffff,34.84205927279222,99.7842869967603,1,False,False
8320ddfffffffff,35.55861673926729,100.899070701505,1,False,False
8320defffffffff,33.697323365668964,99.9719709288084,1,False,False
8320e0fffffffff,38.370334868241,95.25700106992468,1,False,False
8320e1fffffffff,39.13216955137291,96.39997476783724,1,False,False
8320e2fffffffff,37.215364695316666,95.53020029007914,1,False,False
8320e3fffffffff,37.97566901184138,96.65674647732315,1,False,False
8320e4fffffffff,38.749582195244734,93.8368294074255,1,False,False
8320e5fffffffff,39.52611053522433,94.9745784612935,1,False,False
8320e8fffffffff,39.45580381831019,98.9694405393771,1,False,False
8320e9fffffffff,40.17362267347732,100.15469964547496,1,False,False
8320eafffffffff,38.29907111213731,99.18340442113126,1,False,False
8320ebfffffffff,39.01722037192399,100.35027007977332,1,False,False
8320ecfffffffff,39.88010038707552,97.56379755659228,1,False,False
8320edfffffffff,40.61309480277176,98.74805875139091,1,False,False
8320eefffffffff,38.72282409263666,97.80329488118883,1,False,False
8320f0fffffffff,35.29251591516718,94.70360882321886,1,False,False
8320f1fffffffff,36.06221520229292,95.79460885359607,1,False,False
8320f2fffffffff,34.14529891818246,94.97449224791433,1,False,False
8320f3fffffffff,34.91188720158161,96.0506335865956,1,False,False
8320f5fffffffff,36.44297172888659,94.42398546709644,1,False,False
832100fffffffff,40.61137148037157,77.90384936519186,1,False,False
832101fffffffff,41.52816349316869,78.86402644911999,1,False,False
832102fffffffff,39.52327514791968,78.4590682543718,1,False,False
832103fffffffff,40.43527127518381,79.41325474196525,1,False,False
832104fffffffff,40.766871121718914,76.3957574575689,1,False,False
832105fffffffff,41.69356522322296,77.33196875428436,1,False,False
832106fffffffff,39.68954680862514,76.97245538413425,1,False,False
832108fffffffff,42.24057655048875,81.40820370974144,1,False,False
832109fffffffff,43.13127122619395,82.45034092445268,1,False,False
83210afffffffff,41.13358010809022,81.92589878306282,1,False,False
83210bfffffffff,42.02070532890202,82.95887381818255,1,False,False
83210cfffffffff,42.43863033036634,79.85377690634935,1,False,False
83210dfffffffff,43.34145891353451,80.87386978567304,1,False,False
83210efffffffff,41.34147146316185,80.39606565554884,1,False,False
832110fffffffff,37.51957186656772,78.07731685863958,1,False,False
832111fffffffff,38.43033699830482,78.99824327421345,1,False,False
832113fffffffff,37.33362523770154,79.52196846208676,1,False,False
832115fffffffff,38.60676043861838,77.53278026118439,1,False,False
832118fffffffff,39.13112108733796,81.4318758941293,1,False,False
832119fffffffff,40.02153174742004,82.42763956876145,1,False,False
83211afffffffff,38.02007071960572,81.92667820752607,1,False,False
83211bfffffffff,38.905503472065,82.91407888275593,1,False,False
83211cfffffffff,39.33710400236365,79.94620903331355,1,False,False
83211dfffffffff,40.23861277569383,80.9218803856445,1,False,False
83211efffffffff,38.23473049618956,80.46351382695107,1,False,False
832121fffffffff,42.90094676351868,75.19079618765689,1,False,False
832123fffffffff,41.8376831836637,75.80208031980115,1,False,False
832125fffffffff,43.01129706865194,73.64416687617954,1,False,False
832128fffffffff,43.69390031896515,77.71411533212604,1,False,False
832129fffffffff,44.61164537697919,78.71700782538413,1,False,False
83212afffffffff,42.6147215345683,78.29787290396665,1,False,False
83212bfffffffff,43.52903452070764,79.29432948471472,1,False,False
83212cfffffffff,43.83606534787839,76.13562877073296,1,False,False
83212dfffffffff,44.76467290488015,77.11204672506517,1,False,False
83212efffffffff,42.76880746115796,76.74278422214383,1,False,False
832140fffffffff,46.84973253574084,85.27183461119868,1,False,False
832141fffffffff,47.69436330003852,86.45382582938888,1,False,False
832142fffffffff,45.73962463626716,85.76282665047393,1,False,False
832143fffffffff,46.58341588633287,86.93075773417233,1,False,False
832144fffffffff,47.09118219182512,83.60203316148421,1,False,False
832145fffffffff,47.951216725649104,84.76317534090725,1,False,False
832146fffffffff,45.99079612599392,84.1234025689955,1,False,False
832148fffffffff,48.22468447168296,89.36463726452494,1,False,False
832149fffffffff,49.019633896635135,90.6310470123662,1,False,False
83214afffffffff,47.10529736624197,89.79281484011803,1,False,False
83214bfffffffff,47.90096165680806,91.04105588973088,1,False,False
83214cfffffffff,48.52337906317644,87.66981823591986,1,False,False
83214dfffffffff,49.33549410317986,88.92015711837105,1,False,False
83214efffffffff,47.41219545202912,88.13126671280087,1,False,False
832150fffffffff,43.76617562875597,85.11392531312208,1,False,False
832151fffffffff,44.621887301815214,86.23698770527677,1,False,False
832152fffffffff,42.64398492736463,85.58465470288728,1,False,False
832153fffffffff,43.4975375700494,86.6951069001051,1,False,False
832154fffffffff,44.01222999835246,83.52311030772533,1,False,False
832155fffffffff,44.88212343533265,84.627096681567,1,False,False
832156fffffffff,42.89867628821904,84.021375422076,1,False,False
832158fffffffff,45.16596328868773,89.00531851218624,1,False,False
832159fffffffff,45.97828990866573,90.20552530892446,1,False,False
83215afffffffff,44.03289667020611,89.4195205891693,1,False,False
83215bfffffffff,44.84464443896067,90.6035512847182,1,False,False
83215cfffffffff,45.46450327870589,87.39095930409523,1,False,False
83215dfffffffff,46.29273040773757,88.57615864294732,1,False,False
83215efffffffff,44.33862485523312,87.83523932055023,1,False,False
832160fffffffff,48.38726325787386,81.35362245789653,1,False,False
832161fffffffff,49.26317327348135,82.50279600091483,1,False,False
832162fffffffff,47.30738782412739,81.92410573491871,1,False,False
832163fffffffff,48.18229445050386,83.06213253148228,1,False,False
832164fffffffff,48.56592133885419,79.64064884706083,1,False,False
832165fffffffff,49.45627794898292,80.76291375496353,1,False,False
832166fffffffff,47.49809736450099,80.24088710095558,1,False,False
832168fffffffff,49.88849194116489,85.446279436204,1,False,False
832169fffffffff,50.71712070832923,86.69368015678582,1,False,False
83216afffffffff,48.79637088053022,85.95930421234247,1,False,False
83216bfffffffff,49.625328513687606,87.19093481202167,1,False,False
83216cfffffffff,50.12447079999572,83.68925639548779,1,False,False
83216dfffffffff,50.96981053308119,84.91378029567237,1,False,False
83216efffffffff,49.04310911375335,84.235962477256,1,False,False
832170fffffffff,45.33181693347427,81.38223617971019,1,False,False
832171fffffffff,46.21760081438465,82.47527734824382,1,False,False
832172fffffffff,44.23532123021305,81.92504501527173,1,False,False
832173fffffffff,45.11888025507543,83.00800455481168,1,False,False
832174fffffffff,45.52070791017152,79.75238014289206,1,False,False
832175fffffffff,46.419740314469145,80.82112625726423,1,False,False
832176fffffffff,44.43517924481308,80.32217932417966,1,False,False
832188fffffffff,34.42311654749701,84.71884256019884,1,False,False
832189fffffffff,35.28014335559054,85.69565149550984,1,False,False
83218cfffffffff,34.67632541423097,83.3257777722407,1,False,False
83218dfffffffff,35.54430998740806,84.28766851850126,1,False,False
8321a8fffffffff,36.02166124158063,81.45354418282501,1,False,False
8321a9fffffffff,36.90653886817525,82.40688568068394,1,False,False
8321aafffffffff,34.913110239630726,81.92739259389015,1,False,False
8321abfffffffff,35.79160086800236,82.87307009874576,1,False,False
8321adfffffffff,37.12922474558362,80.9657677043841,1,False,False
832400fffffffff,45.13006082907351,115.43403828854716,1,False,False
832401fffffffff,45.60672439806046,116.73763439008847,1,False,False
832402fffffffff,44.02847917083347,115.3650248107511,1,False,False
832403fffffffff,44.5138187774861,116.6454368590882,1,False,False
832404fffffffff,45.73944830348485,114.18339471900244,1,False,False
832405fffffffff,46.228741515744765,115.50558056263232,1,False,False
832406fffffffff,44.632298992068336,114.13576509417834,1,False,False
832408fffffffff,45.42256019747292,119.21683695549284,1,False,False
832409fffffffff,45.84592383161827,120.50525462391674,1,False,False
83240afffffffff,44.3454184131458,119.08300033321562,1,False,False
83240bfffffffff,44.77867971597757,120.3490882429158,1,False,False
83240cfffffffff,46.06219983410933,118.04522964438792,1,False,False
83240dfffffffff,46.49646673638696,119.35547553352286,1,False,False
83240efffffffff,44.978529806608464,117.92979995470124,1,False,False
832410fffffffff,42.41127254693153,114.04546400895128,1,False,False
832411fffffffff,42.92480687318422,115.29840857017456,1,False,False
832412fffffffff,41.299059327676005,114.0026235417362,1,False,False
832413fffffffff,41.81986323288424,115.23406696533915,1,False,False
832414fffffffff,42.99646372752033,112.82103727030248,1,False,False
832415fffffffff,43.52263099844137,114.08981735199572,1,False,False
832416fffffffff,41.87804539949982,112.79876748428212,1,False,False
832418fffffffff,42.80338371999028,117.71075407611046,1,False,False
832419fffffffff,43.26580876938719,118.953721816946,1,False,False
83241afffffffff,41.71348594273597,117.60674312984996,1,False,False
83241bfffffffff,42.184508061875455,118.82877370239218,1,False,False
83241cfffffffff,43.418431215631294,116.55644201282276,1,False,False
83241dfffffffff,43.89199609085319,117.81837615672352,1,False,False
83241efffffffff,42.32136408476728,116.47048622969406,1,False,False
832420fffffffff,47.44891148076304,112.91855963404151,1,False,False
832421fffffffff,47.94293710532556,114.28408274108084,1,False,False
832422fffffffff,46.34065316089704,112.89281833120842,1,False,False
832423fffffffff,46.8432618273276,114.2328002245841,1,False,False
832424fffffffff,48.04426735598507,111.56225101606246,1,False,False
832425fffffffff,48.55257755775801,112.94529570257052,1,False,False
832426fffffffff,46.932298163336974,111.56173879639208,1,False,False
832428fffffffff,47.78193515794518,116.93235272533384,1,False,False
832429fffffffff,48.21786924049815,118.28899885495832,1,False,False
83242afffffffff,46.69635600832526,116.83321015327932,1,False,False
83242bfffffffff,47.14223262264668,118.16488421931638,1,False,False
83242cfffffffff,48.4142242592205,115.65682760960242,1,False,False
83242dfffffffff,48.862700178865055,117.03526493991106,1,False,False
83242efffffffff,47.32372335159032,115.57979298156722,1,False,False
832430fffffffff,44.69642817453154,111.56077031532092,1,False,False
832431fffffffff,45.22860841861168,112.86801729968134,1,False,False
832432fffffffff,43.57419708786341,111.56031205260906,1,False,False
832433fffffffff,44.11359994013322,112.84410595336274,1,False,False
832434fffffffff,45.269786400495605,110.23942647666884,1,False,False
832435fffffffff,45.81607607372087,111.5612455754018,1,False,False
832436fffffffff,44.14318893420398,110.2629256929767,1,False,False
832440fffffffff,48.02333427178696,124.5955950702382,1,False,False
832441fffffffff,48.35350236307094,125.89858604780493,1,False,False
832442fffffffff,46.99308739277598,124.36578124059194,1,False,False
832443fffffffff,47.33514680832115,125.64674019154236,1,False,False
832444fffffffff,48.70960537376851,123.50332187268631,1,False,False
832445fffffffff,49.04829266507672,124.83364062895616,1,False,False
832446fffffffff,47.67280399646319,123.2884347601757,1,False,False
832448fffffffff,47.96048612093754,128.19226935007129,1,False,False
832449fffffffff,48.24449768089824,129.4544224572913,1,False,False
83244afffffffff,46.96132987658822,127.9075104650947,1,False,False
83244bfffffffff,47.25781196746252,129.14969208538713,1,False,False
83244cfffffffff,48.66364309950179,127.19608766568392,1,False,False
83244dfffffffff,48.95413712924545,128.48681347087546,1,False,False
83244efffffffff,47.65749807102625,126.9226451905349,1,False,False
832450fffffffff,45.58495466553608,122.88071453661624,1,False,False
832451fffffffff,45.95823233818346,124.1437864374016,1,False,False
832452fffffffff,44.5353190166901,122.68714928761034,1,False,False
832453fffffffff,44.91946457399521,123.92922462981402,1,False,False
832454fffffffff,46.24869806170689,121.79375137224078,1,False,False
832455fffffffff,46.63102082505566,123.0810251336506,1,False,False
832456fffffffff,45.19182391618375,121.61540503929582,1,False,False
832458fffffffff,45.63020855906802,126.40281463564696,1,False,False
832459fffffffff,45.95731028383417,127.63207055348728,1,False,False
83245afffffffff,44.610397017542354,126.15556881568368,1,False,False
83245bfffffffff,44.9490832368102,127.36551165208904,1,False,False
83245cfffffffff,46.311870705291945,125.40340347411023,1,False,False
83245dfffffffff,46.64613335000232,126.65836836197806,1,False,False
83245efffffffff,45.28435154720713,125.16816016137588,1,False,False
832460fffffffff,50.42965171607936,122.5742101457042,1,False,False
832461fffffffff,50.7655551887316,123.95717950551554,1,False,False
832462fffffffff,49.392794805744586,122.36830068804316,1,False,False
832463fffffffff,49.740743242384106,123.72609187287942,1,False,False
832464fffffffff,51.11373867017506,121.37626814050604,1,False,False
832465fffffffff,51.45980293855928,122.78799604770133,1,False,False
832466fffffffff,50.07166194653763,121.1889167275834,1,False,False
832468fffffffff,50.3728214072402,126.42961186186196,1,False,False
832469fffffffff,50.65771617411618,127.77238997912582,1,False,False
83246afffffffff,49.36627537863361,126.15938505105846,1,False,False
83246bfffffffff,49.66392455596189,127.47916789580124,1,False,False
83246cfffffffff,51.0797116462452,125.33622509456934,1,False,False
83246dfffffffff,51.37251539212531,126.70977440782434,1,False,False
83246efffffffff,50.06729963581391,125.08035958397168,1,False,False
832470fffffffff,47.96888786546005,120.83464782099874,1,False,False
832471fffffffff,48.349892600705694,122.16984530129692,1,False,False
832472fffffffff,46.90957193155023,120.6670070006494,1,False,False
832473fffffffff,47.30162676888003,121.97845093124016,1,False,False
832474fffffffff,48.63157001326714,119.64822352195785,1,False,False
832475fffffffff,49.023151627694304,121.00850155733306,1,False,False
832476fffffffff,47.56638314904168,119.49917750943384,1,False,False
832480fffffffff,37.40387247350545,114.99726846717856,1,False,False
832481fffffffff,37.93251378975564,116.1541457143205,1,False,False
832482fffffffff,36.304921674125175,114.94272603729118,1,False,False
832483fffffffff,36.8392013608823,116.08128395202,1,False,False
832484fffffffff,37.96568119200206,113.8824434295976,1,False,False
832485fffffffff,38.50565590371945,115.05358310164328,1,False,False
832486fffffffff,36.858423677609416,113.84494197484042,1,False,False
832488fffffffff,37.85807854855097,118.36822643511248,1,False,False
832489fffffffff,38.34223153802846,119.5148094751214,1,False,False
83248afffffffff,36.780076240462975,118.26199494469437,1,False,False
83248bfffffffff,37.27117060754118,119.39078455340828,1,False,False
83248cfffffffff,38.44406490690171,117.31465259672144,1,False,False
83248dfffffffff,38.93830086361877,118.47785031252744,1,False,False
83248efffffffff,37.35700364227917,117.22341554854049,1,False,False
832490fffffffff,34.654623273199014,113.77342081895142,1,False,False
832491fffffffff,35.209600444193526,114.88987354614372,1,False,False
832492fffffffff,33.55966617469639,113.73929505982238,1,False,False
832493fffffffff,34.11868967006438,114.83863373643604,1,False,False
832494fffffffff,35.18820908122326,112.67982060143392,1,False,False
832495fffffffff,35.7544703840994,113.80861933602276,1,False,False
832496fffffffff,34.08449390827624,112.66213934331084,1,False,False
832498fffffffff,35.19170763590417,117.04929284559516,1,False,False
832499fffffffff,35.705058514678754,118.1590014686557,1,False,False
83249bfffffffff,34.633776599714686,118.05910082000902,1,False,False
83249cfffffffff,35.74904434435495,116.0106805815713,1,False,False
83249dfffffffff,36.27262749020855,117.1350052870841,1,False,False
83249efffffffff,34.66281938774543,115.94223240999705,1,False,False
8324a0fffffffff,39.64077004068941,112.75646418329912,1,False,False
8324a1fffffffff,40.18683075850115,113.96121988845672,1,False,False
8324a2fffffffff,38.52361777032876,112.73635705785809,1,False,False
8324a3fffffffff,39.07542620364335,113.92118199908953,1,False,False
8324a4fffffffff,40.20058480039472,111.55903059445896,1,False,False
8324a5fffffffff,40.759196383389096,112.77725580787528,1,False,False
8324a6fffffffff,39.07662495234162,111.55863195584618,1,False,False
8324a8fffffffff,40.12543144693036,116.30709113290273,1,False,False
8324a9fffffffff,40.62310086094684,117.50616521803556,1,False,False
8324aafffffffff,39.02819094848928,116.22937574114007,1,False,False
8324abfffffffff,39.53302800818237,117.40885372193956,1,False,False
8324acfffffffff,40.71447292113204,115.1718856037585,1,False,False
8324adfffffffff,41.22342662798081,116.387416820583,1,False,False
8324aefffffffff,39.60946233107061,115.11175762708024,1,False,False
8324b0fffffffff,36.834745948095375,111.5578733053924,1,False,False
8324b1fffffffff,37.408585134003445,112.71690118119282,1,False,False
8324b2fffffffff,35.71852384460072,111.5575120657769,1,False,False
8324b3fffffffff,36.29650804759287,112.69806542190555,1,False,False
8324b4fffffffff,37.36817299962737,110.38778007534708,1,False,False
8324b5fffffffff,37.95439385802752,111.55824640417087,1,False,False
8324b6fffffffff,36.244601138456574,110.40624523758456,1,False,False
8324c0fffffffff,40.73956848680743,123.1384087462148,1,False,False
8324c1fffffffff,41.14580863445848,124.30067978408536,1,False,False
8324c2fffffffff,39.6920248433514,122.95601921291616,1,False,False
8324c3fffffffff,40.10761616834381,124.10051566264264,1,False,False
8324c4fffffffff,41.37229569033209,122.14372038837492,1,False,False
8324c5fffffffff,41.78681584739482,123.32663451243631,1,False,False
8324c6fffffffff,40.31571838824693,121.97403006275968,1,False,False
8324c8fffffffff,40.88759042546733,126.38020736816584,1,False,False
8324c9fffffffff,41.252231689180576,127.51363540221637,1,False,False
8324cafffffffff,39.86850444617461,126.15234032835284,1,False,False
8324cbfffffffff,40.24324586705242,127.26931912079031,1,False,False
8324ccfffffffff,41.534533316830746,125.45989571994316,1,False,False
8324cdfffffffff,41.90588253700117,126.61512406005994,1,False,False
8324cefffffffff,40.5061020600746,125.2422091531506,1,False,False
8324d0fffffffff,38.203680483022566,121.65026592594366,1,False,False
8324d1fffffffff,38.64491689992039,122.77920214483537,1,False,False
8324d2fffffffff,37.14970239528962,121.4957251553826,1,False,False
8324d3fffffffff,37.59897291338317,122.607709223845,1,False,False
8324d4fffffffff,38.809322667648665,120.66224905284228,1,False,False
8324d5fffffffff,39.25926536629392,121.8096254402248,1,False,False
8324d6fffffffff,37.745743651737854,120.5205007666364,1,False,False
8324d8fffffffff,38.44875649019069,124.82627875946258,1,False,False
8324d9fffffffff,38.87729852851766,125.9823445311986,1,False,False
8324dafffffffff,37.52346880573535,124.8169726347516,1,False,False
8324dbfffffffff,37.96031567897659,125.96826821914271,1,False,False
8324dcfffffffff,39.0694376985103,123.90643539519448,1,False,False
8324ddfffffffff,39.477274687361,125.03109954892878,1,False,False
8324defffffffff,38.03199033440016,123.71817001958968,1,False,False
8324e0fffffffff,43.06917682935305,121.27651693273936,1,False,False
8324e1fffffffff,43.48283950514064,122.49999851331712,1,False,False
8324e2fffffffff,42.00489817312324,121.11539792045662,1,False,False
8324e3fffffffff,42.4282511793658,122.31895236344586,1,False,False
8324e4fffffffff,43.70858911126675,120.19822561190064,1,False,False
8324e5fffffffff,44.13173587209239,121.4430929557082,1,False,False
8324e6fffffffff,42.63641200037818,120.05240304142453,1,False,False
8324e8fffffffff,43.21935810429067,124.7204193796516,1,False,False
8324e9fffffffff,43.58738353737439,125.91624102942696,1,False,False
8324eafffffffff,42.183295634078334,124.5072132572793,1,False,False
8324ebfffffffff,42.56186208277608,125.68446487419789,1,False,False
8324ecfffffffff,43.87749233334766,123.7217343760492,1,False,False
8324edfffffffff,44.25328011419936,124.94062062735723,1,False,False
8324eefffffffff,42.83303407970999,123.52097692921664,1,False,False
8324f0fffffffff,40.48887213216785,119.77490731300608,1,False,False
8324f1fffffffff,40.939656796503286,120.95947451149338,1,False,False
8324f2fffffffff,39.41505383061967,119.64278684340312,1,False,False
8324f3fffffffff,39.87421205244716,120.80850158161124,1,False,False
8324f4fffffffff,41.10229929099977,118.7079431234792,1,False,False
8324f5fffffffff,41.56291578061322,119.9113739095448,1,False,False
8324f6fffffffff,40.01996838167025,118.59103086941036,1,False,False
832500fffffffff,49.17438409485782,105.82630422507565,1,False,False
832501fffffffff,49.75374617047595,107.23722297029822,1,False,False
832502fffffffff,48.04952916666712,105.93814502536574,1,False,False
832503fffffffff,48.635498641091154,107.32199030806888,1,False,False
832504fffffffff,49.69633882482983,104.28979727668768,1,False,False
832505fffffffff,50.292962418370685,105.70991834361904,1,False,False
832506fffffffff,48.57155598998271,104.43345150633118,1,False,False
832508fffffffff,49.7372198413728,110.1360577971142,1,False,False
832509fffffffff,50.25223747413009,111.56333701828687,1,False,False
83250afffffffff,48.62786350579689,110.16341565423484,1,False,False
83250bfffffffff,49.15117565076972,111.56278335370288,1,False,False
83250cfffffffff,50.30916428775205,108.66481870457274,1,False,False
83250dfffffffff,50.84024743473879,110.1075867085848,1,False,False
83250efffffffff,49.19819885039023,108.7217683619607,1,False,False
832510fffffffff,46.30488474203016,104.70440028648964,1,False,False
832511fffffffff,46.919231409207136,106.04570108147652,1,False,False
832512fffffffff,45.16473730598278,104.83230148526133,1,False,False
832513fffffffff,45.7843487511154,106.1492132789316,1,False,False
832514fffffffff,46.80984283251551,103.2234019063176,1,False,False
832515fffffffff,47.44078490032764,104.57154752754548,1,False,False
832516fffffffff,45.66905524097832,103.38072579350478,1,False,False
832518fffffffff,46.9589498492194,108.8291517085977,1,False,False
832519fffffffff,47.512962902780174,110.1897243078982,1,False,False
83251afffffffff,45.83230783769523,108.87982908365028,1,False,False
83251bfffffffff,46.39332708766471,110.21504296914988,1,False,False
83251cfffffffff,47.51150392531864,107.40348429329713,1,False,False
83251dfffffffff,48.08119101785963,108.77650383897746,1,False,False
83251efffffffff,46.38259563532063,107.4818906273474,1,False,False
832520fffffffff,51.31622131430083,102.5288666748977,1,False,False
832521fffffffff,51.92463676456989,103.98442380691814,1,False,False
832522fffffffff,50.19985952390207,102.71307519110428,1,False,False
832523fffffffff,50.814300334083846,104.14024429982264,1,False,False
832524fffffffff,51.7972094364203,100.87675064115932,1,False,False
832525fffffffff,52.42440157879808,102.33686898905891,1,False,False
832526fffffffff,50.68346135835527,101.09701910984252,1,False,False
832528fffffffff,51.96979589236505,107.05704802295126,1,False,False
832529fffffffff,52.50986798272604,108.5437172890039,1,False,False
83252afffffffff,50.8654384089561,107.1489814123353,1,False,False
83252bfffffffff,51.41330493201512,108.60551785964556,1,False,False
83252cfffffffff,52.50809455016927,105.46236050333798,1,False,False
83252dfffffffff,53.06607061529076,106.9611866694551,1,False,False
83252efffffffff,51.404457839481154,105.58870559612068,1,False,False
832530fffffffff,48.43293009566521,101.51159583290304,1,False,False
832531fffffffff,49.07611679504284,102.88995552618896,1,False,False
832532fffffffff,47.29783539224465,101.70689426555164,1,False,False
832533fffffffff,47.94582471785215,103.05993326668978,1,False,False
832534fffffffff,48.90070355294506,99.92752324704392,1,False,False
832535fffffffff,49.56175843710922,101.30846267320962,1,False,False
832536fffffffff,47.76749372270658,100.15578502484058,1,False,False
832540fffffffff,52.71650195392051,115.99666595063135,1,False,False
832541fffffffff,53.12313372127854,117.4892472117736,1,False,False
832542fffffffff,51.65132287477628,115.90656869169035,1,False,False
832543fffffffff,52.06880658659595,117.36889151877295,1,False,False
832544fffffffff,53.35258554587859,114.57278335667316,1,False,False
832545fffffffff,53.773630133889846,116.09054727201764,1,False,False
832546fffffffff,52.28490196629137,114.51029609353476,1,False,False
832548fffffffff,52.83092464229154,120.30423820067418,1,False,False
832549fffffffff,53.17598905321263,121.7734256622656,1,False,False
83254afffffffff,51.79164798070472,120.13055896129808,1,False,False
83254bfffffffff,52.14872492846055,121.57095939431868,1,False,False
83254cfffffffff,53.5049281838843,118.98604309729868,1,False,False
83254dfffffffff,53.86209648295806,120.48502258636174,1,False,False
83254efffffffff,52.46194799737469,118.83541775255556,1,False,False
832550fffffffff,50.1267563229231,114.3927232027193,1,False,False
832551fffffffff,50.57875283364493,115.82003164919894,1,False,False
832552fffffffff,49.03768969189007,114.33735121964098,1,False,False
832553fffffffff,49.49948113801644,115.73684825986422,1,False,False
832554fffffffff,50.74301399122667,113.00199201088776,1,False,False
832555fffffffff,51.20939785747981,114.45032568718764,1,False,False
832556fffffffff,49.65086580069351,112.973085324275,1,False,False
832558fffffffff,50.35300898374441,118.5516391835132,1,False,False
832559fffffffff,50.74489119387551,119.96357708537847,1,False,False
83255afffffffff,49.28836834884404,118.41782642388792,1,False,False
83255bfffffffff,49.69130614742849,119.8029151880978,1,False,False
83255cfffffffff,51.00684273989302,117.25328928921928,1,False,False
83255dfffffffff,51.41109312035205,118.69073065961456,1,False,False
83255efffffffff,49.93790916505401,117.14216525645398,1,False,False
832560fffffffff,55.03593420814157,113.1302538800979,1,False,False
832561fffffffff,55.46191727060134,114.70596930965569,1,False,False
832562fffffffff,53.975405511640254,113.0961310436116,1,False,False
832563fffffffff,54.411796841925856,114.6379491565167,1,False,False
832564fffffffff,55.64429113770027,111.56647509506682,1,False,False
832565fffffffff,56.086953731972486,113.16590147979387,1,False,False
832566fffffffff,54.58325924226673,111.5657928112971,1,False,False
832568fffffffff,55.206358297250105,117.74543720746624,1,False,False
832569fffffffff,55.4940941524462,119.54750603603142,1,False,False
83256afffffffff,54.1691864927075,117.614654579105,1,False,False
83256bfffffffff,54.5394173747766,119.14297771340068,1,False,False
83256cfffffffff,55.84568120153243,116.34556444196592,1,False,False
83256dfffffffff,56.15670879418314,118.17557848881124,1,False,False
83256efffffffff,54.82207876613018,116.1884556265398,1,False,False
832570fffffffff,52.43380986323434,111.56451366874316,1,False,False
832571fffffffff,52.905975300140895,113.0634372128908,1,False,False
832572fffffffff,51.34669277735462,111.56391331763794,1,False,False
832573fffffffff,51.82828617844218,113.03208448257416,1,False,False
832574fffffffff,53.02431927965561,110.047021578072,1,False,False
832575fffffffff,53.512887919518526,111.56513960938568,1,False,False
832576fffffffff,51.9361894206455,110.07793304390012,1,False,False
832580fffffffff,41.21676464750178,106.52705480421209,1,False,False
832581fffffffff,41.83519345646948,107.76789708036917,1,False,False
832582fffffffff,40.07240693490935,106.61339459563337,1,False,False
832583fffffffff,40.69486177534007,107.83321000575596,1,False,False
832584fffffffff,41.72788727570856,105.18890656728524,1,False,False
832585fffffffff,42.36105557636058,106.43763983027183,1,False,False
832586fffffffff,40.57988375363931,105.299522545944,1,False,False
832588fffffffff,41.88428224796478,110.30745690752128,1,False,False
832589fffffffff,42.45023724438694,111.5598698914358,1,False,False
83258afffffffff,40.753723631779536,110.32857375391286,1,False,False
83258bfffffffff,41.3254110231527,111.55944299783582,1,False,False
83258cfffffffff,42.43457838969241,109.02108503121558,1,False,False
83258dfffffffff,43.01439680258659,110.2855878583368,1,False,False
83258efffffffff,41.29900005104577,109.06489081296355,1,False,False
832590fffffffff,38.28589175763301,105.50961711615813,1,False,False
832591fffffffff,38.92890257862377,106.69681479360744,1,False,False
832592fffffffff,37.14175925396101,105.60946200708382,1,False,False
832593fffffffff,37.78716710256357,106.77746068926446,1,False,False
832594fffffffff,38.77503483421938,104.21296894665996,1,False,False
832595fffffffff,39.43224141148164,105.40636294424866,1,False,False
832596fffffffff,37.62659411239776,104.33552206693288,1,False,False
832598fffffffff,39.028688618314014,109.1480794418836,1,False,False
832599fffffffff,39.62360135387559,110.34897654480449,1,False,False
83259afffffffff,37.89573798725505,109.18760860023866,1,False,False
83259bfffffffff,38.49479374775884,110.3687008912454,1,False,False
83259cfffffffff,39.55494685846737,107.8962998522038,1,False,False
83259dfffffffff,40.16340567444013,109.10719706422732,1,False,False
83259efffffffff,38.41635381804643,107.95727807648522,1,False,False
8325a0fffffffff,43.37669975167768,103.678266485183,1,False,False
8325a1fffffffff,44.021243204173096,104.9555216777078,1,False,False
8325a2fffffffff,42.22698838633249,103.819088581626,1,False,False
8325a3fffffffff,42.87531785394019,105.07431214350622,1,False,False
8325a4fffffffff,43.863917933207006,102.25002767247872,1,False,False
8325a5fffffffff,44.524366916658686,103.53224276228124,1,False,False
8325a6fffffffff,42.71282104314727,102.41808429016976,1,False,False
8325a8fffffffff,44.113479548635176,107.63011557882702,1,False,False
8325a9fffffffff,44.70211742243913,108.92864448382544,1,False,False
8325aafffffffff,42.97503450837685,107.70024164683274,1,False,False
8325abfffffffff,43.56924727356889,108.97569860910993,1,False,False
8325acfffffffff,44.64575966878004,106.24890482994512,1,False,False
8325adfffffffff,45.2496294713765,107.55738124787628,1,False,False
8325aefffffffff,43.50435933680678,106.3449828605672,1,False,False
8325b0fffffffff,40.40663407846753,102.73672332837285,1,False,False
8325b1fffffffff,41.0761758699477,103.954980510692,1,False,False
8325b2fffffffff,39.25346297305001,102.8878964761274,1,False,False
8325b3fffffffff,39.92520920568315,104.08619527344894,1,False,False
8325b4fffffffff,40.875341602962166,101.35850703873514,1,False,False
8325b5fffffffff,41.56007351771326,102.58021430538324,1,False,False
8325b6fffffffff,39.72003748086644,101.53491835465655,1,False,False
832600fffffffff,44.594498986900895,-27.101790597310327,1,False,False
832601fffffffff,43.59026461127193,-26.4676551874473,1,False,False
832602fffffffff,44.73396440291727,-28.59113863523516,1,False,False
832603fffffffff,43.7330930066838,-27.92884125282484,1,False,False
832604fffffffff,45.44975724925255,-26.249941351214225,1,False,False
832605fffffffff,44.435775372467134,-25.6200643562845,1,False,False
832606fffffffff,45.59510122430959,-27.758188991702603,1,False,False
832608fffffffff,41.71441464369684,-26.66465015062001,1,False,False
832609fffffffff,40.69855812355136,-26.061237185405293,1,False,False
83260afffffffff,41.84598298199938,-28.093159716674723,1,False,False
83260bfffffffff,40.83223053999903,-27.46356085723664,1,False,False
83260cfffffffff,42.58076180862889,-25.85324718340884,1,False,False
83260dfffffffff,41.56694720224221,-25.25779504485712,1,False,False
83260efffffffff,42.72625142853133,-27.28693630442672,1,False,False
832610fffffffff,45.8440634692628,-30.81396892557801,1,False,False
832611fffffffff,44.85506317192068,-30.10186648245265,1,False,False
832612fffffffff,45.940221090905005,-32.372651644716406,1,False,False
832613fffffffff,44.95699598790136,-31.63229425751868,1,False,False
832614fffffffff,46.71391918120655,-29.980145691963585,1,False,False
832615fffffffff,45.72789448418556,-29.27463020435861,1,False,False
832616fffffffff,46.82441672435316,-31.548680911788203,1,False,False
832618fffffffff,42.96631698705404,-30.217742431501023,1,False,False
832619fffffffff,41.96086507674262,-29.54201216060306,1,False,False
83261afffffffff,43.05934890346574,-31.71186100366898,1,False,False
83261bfffffffff,42.05831349772341,-31.00975442661252,1,False,False
83261cfffffffff,43.85839182034418,-29.411555873422746,1,False,False
83261dfffffffff,42.85503467533456,-28.742243336592487,1,False,False
83261efffffffff,43.96536233871666,-30.91425057353221,1,False,False
832620fffffffff,46.13317060826418,-23.81132586287021,1,False,False
832621fffffffff,45.09422654090406,-23.21459978389982,1,False,False
832622fffffffff,46.30903930362399,-25.360832476889925,1,False,False
832623fffffffff,45.28288604574529,-24.73471738646888,1,False,False
832624fffffffff,46.98550637395855,-22.84789561637165,1,False,False
832625fffffffff,45.93458675523376,-22.2580632692434,1,False,False
832626fffffffff,47.17127605173611,-24.432422280446456,1,False,False
832628fffffffff,43.229903224290815,-23.552849968528577,1,False,False
832629fffffffff,42.2050722449014,-22.994743692173373,1,False,False
83262afffffffff,43.42150121450289,-25.01350154948432,1,False,False
83262bfffffffff,42.40792637767709,-24.429110729297943,1,False,False
83262cfffffffff,44.05547864424829,-22.64095943768633,1,False,False
83262dfffffffff,43.017933023984746,-22.08919915855684,1,False,False
83262efffffffff,44.25616933639453,-24.132460692349404,1,False,False
832630fffffffff,47.47274189908043,-27.58454475514088,1,False,False
832631fffffffff,46.4624275581801,-26.904341657692424,1,False,False
832632fffffffff,47.58912890208428,-29.14747627986583,1,False,False
832633fffffffff,46.59365948369962,-28.43966398938619,1,False,False
832634fffffffff,48.35546709650557,-26.689867589756144,1,False,False
832635fffffffff,47.33358810152911,-26.012093531295307,1,False,False
832636fffffffff,48.47963338867926,-28.29190387545336,1,False,False
832640fffffffff,37.487584607476826,-23.05116695667594,1,False,False
832641fffffffff,36.46639494339446,-22.53996347551455,1,False,False
832642fffffffff,37.63655991602165,-24.35719549087198,1,False,False
832643fffffffff,36.61426821357821,-23.822368067354063,1,False,False
832644fffffffff,38.34682222791114,-22.27003090268876,1,False,False
832645fffffffff,37.32649018164282,-21.767333881163097,1,False,False
832646fffffffff,38.509157996232105,-23.57791164281628,1,False,False
832648fffffffff,34.57282320643301,-22.79878283997817,1,False,False
832649fffffffff,33.55545902460796,-22.308875208730267,1,False,False
83264afffffffff,34.706075499329074,-24.05663036032894,1,False,False
83264bfffffffff,33.68670894802449,-23.54468157106885,1,False,False
83264cfffffffff,35.44648736525364,-22.0437012972203,1,False,False
83264dfffffffff,34.42873921026911,-21.56180610000376,1,False,False
83264efffffffff,35.59272060481356,-23.30309283165748,1,False,False
832650fffffffff,38.79459011002751,-26.259966594537502,1,False,False
832651fffffffff,37.772670400766735,-25.68460844898897,1,False,False
832652fffffffff,38.916171431401175,-27.632236152915176,1,False,False
832653fffffffff,37.89518562768122,-27.03247633350972,1,False,False
832654fffffffff,39.67965440233928,-25.47597957956689,1,False,False
832655fffffffff,38.65866959628886,-24.908186879686752,1,False,False
832656fffffffff,39.81477016916366,-26.85272776672557,1,False,False
832658fffffffff,35.85004466782745,-25.884290767878657,1,False,False
832659fffffffff,34.827828924834456,-25.334638822068847,1,False,False
83265afffffffff,35.959770940535314,-27.20443383054152,1,False,False
83265bfffffffff,34.9374282369839,-26.63199531303553,1,False,False
83265cfffffffff,36.74997927296623,-25.12600908504519,1,False,False
83265dfffffffff,35.727469608571816,-24.583548486034573,1,False,False
83265efffffffff,36.87281723962191,-26.45003594482599,1,False,False
832660fffffffff,38.89875303422916,-20.07933683691772,1,False,False
832661fffffffff,37.88113680976605,-19.62132064546871,1,False,False
832662fffffffff,39.14854259995171,-21.439014633627867,1,False,False
832663fffffffff,38.13862522321138,-20.95678843741089,1,False,False
832664fffffffff,39.662540663245146,-19.170451681991075,1,False,False
832665fffffffff,38.63157853823951,-18.72097720481788,1,False,False
832666fffffffff,39.92208816231847,-20.55422351245416,1,False,False
832668fffffffff,36.13705994619867,-20.04170595631725,1,False,False
832669fffffffff,35.12236774606941,-19.5906898548798,1,False,False
83266afffffffff,36.30708242053278,-21.27953341757272,1,False,False
83266bfffffffff,35.28946880856999,-20.80604469724813,1,False,False
83266cfffffffff,36.870025909977855,-19.17934717099732,1,False,False
83266dfffffffff,35.86616417439325,-18.75263797916933,1,False,False
83266efffffffff,37.1345434887168,-20.49128441575904,1,False,False
832670fffffffff,40.38668795761355,-23.32259038781889,1,False,False
832671fffffffff,39.367189733263366,-22.78823637937645,1,False,False
832672fffffffff,40.54977602910491,-24.68055770813016,1,False,False
832673fffffffff,39.53019881121987,-24.120823948480226,1,False,False
832674fffffffff,41.18262898007234,-22.457067133066857,1,False,False
832675fffffffff,40.1634917684321,-21.93880839611803,1,False,False
832676fffffffff,41.39601230784635,-23.865813196373303,1,False,False
832680fffffffff,45.159260819139725,-37.912147582868016,1,False,False
832681fffffffff,44.195948589656176,-37.088722266611946,1,False,False
832682fffffffff,45.155672604063234,-39.51078307277128,1,False,False
832683fffffffff,44.20137572026364,-38.66309031156546,1,False,False
832684fffffffff,46.10167085428024,-37.14422455719856,1,False,False
832685fffffffff,45.14071352292533,-36.32269150570897,1,False,False
832686fffffffff,46.11122488462514,-38.75905726816266,1,False,False
832688fffffffff,42.2606645420596,-37.0359174825894,1,False,False
832689fffffffff,41.27632834815757,-36.25525370089453,1,False,False
83268afffffffff,42.26168395075288,-38.57179407405851,1,False,False
83268bfffffffff,41.28496832632337,-37.76806376349964,1,False,False
83268cfffffffff,43.22230063288901,-36.28814417201226,1,False,False
83268dfffffffff,42.23934857167284,-35.50977530549977,1,False,False
83268efffffffff,43.23602976019292,-37.838331809654974,1,False,False
832690fffffffff,46.06144329308192,-42.01047390626356,1,False,False
832691fffffffff,45.12961528283735,-41.11617089468536,1,False,False
832692fffffffff,46.09393705279373,-44.14618593515056,1,False,False
832693fffffffff,45.08085636177574,-42.72582114295789,1,False,False
832694fffffffff,47.12522788939635,-41.78278620003764,1,False,False
832695fffffffff,46.09791283569278,-40.38199326256112,1,False,False
832696fffffffff,47.07362631970432,-43.43693148195357,1,False,False
832698fffffffff,43.20006968815884,-40.96298023615823,1,False,False
832699fffffffff,42.24205967295551,-40.115273193964974,1,False,False
83269afffffffff,43.14984758717,-42.53288437847752,1,False,False
83269bfffffffff,42.201533521080194,-41.664157786105406,1,False,False
83269cfffffffff,44.18504253962334,-40.245307241043925,1,False,False
83269dfffffffff,43.22872399118811,-39.3973602191216,1,False,False
83269efffffffff,44.14667359342855,-41.83300432384575,1,False,False
8326a0fffffffff,46.98210790209219,-34.74032934949331,1,False,False
8326a1fffffffff,46.01563470361575,-33.948697627129974,1,False,False
8326a2fffffffff,47.0279440731549,-36.35902410680328,1,False,False
8326a3fffffffff,46.0696442372189,-35.539976943615684,1,False,False
8326a4fffffffff,47.87751970139416,-33.92351498431506,1,False,False
8326a5fffffffff,46.91405245520987,-33.13612017409659,1,False,False
8326a6fffffffff,47.93746609039058,-35.556261550425454,1,False,False
8326a8fffffffff,44.121386647652976,-33.97263505514796,1,False,False
8326a9fffffffff,43.13343453840183,-33.22288546845245,1,False,False
8326aafffffffff,44.16913198751904,-35.52450112587041,1,False,False
8326abfffffffff,43.18793986402242,-34.74896940923744,1,False,False
8326acfffffffff,45.039020501226254,-33.180585810115296,1,False,False
8326adfffffffff,44.05325670078842,-32.4352251685211,1,False,False
8326aefffffffff,45.100460304116105,-34.74475778530689,1,False,False
8326b0fffffffff,47.98776041662782,-38.860062202134976,1,False,False
8326b1fffffffff,47.05101010761222,-37.98978645569708,1,False,False
8326b2fffffffff,48.07709613815803,-41.03496311743064,1,False,False
8326b3fffffffff,47.05085106117912,-39.63008425204813,1,False,False
8326b4fffffffff,48.90801764074197,-38.071553026967415,1,False,False
8326b5fffffffff,47.97438557454533,-37.20263636091629,1,False,False
8326b6fffffffff,49.01273207620011,-40.26839569006526,1,False,False
8326c0fffffffff,38.23558821055594,-32.60575611829896,1,False,False
8326c1fffffffff,37.22198928213583,-31.929017956732228,1,False,False
8326c2fffffffff,38.28016869625636,-34.03783579805856,1,False,False
8326c3fffffffff,37.27065758492789,-33.338263054138096,1,False,False
8326c4fffffffff,39.18782738386041,-31.85997443749148,1,False,False
8326c5fffffffff,38.17422204557584,-31.187730581390497,1,False,False
8326c6fffffffff,39.24519174539482,-33.301590333110674,1,False,False
8326c8fffffffff,35.24191289548251,-31.99501408787648,1,False,False
8326c9fffffffff,34.224808559983764,-31.35021866709074,1,False,False
8326cafffffffff,35.28172870223087,-33.373307862998104,1,False,False
8326cbfffffffff,34.26749723356398,-32.7069992304193,1,False,False
8326ccfffffffff,36.20545753556255,-31.270781639198084,1,False,False
8326cdfffffffff,35.18704580775238,-30.630465450853297,1,False,False
8326cefffffffff,36.25754882449696,-32.65751074090594,1,False,False
8326d0fffffffff,39.30677760465316,-36.22390371110528,1,False,False
8326d1fffffffff,38.307465148893975,-35.48236566321776,1,False,False
8326d2fffffffff,39.31009082132052,-37.70109387761635,1,False,False
8326d3fffffffff,38.31704086027568,-36.93765058407479,1,False,False
8326d4fffffffff,40.28408393484183,-35.495746253991626,1,False,False
8326d5fffffffff,39.28500436420229,-34.75680293804427,1,False,False
8326d6fffffffff,40.299640599363656,-36.98561829899256,1,False,False
8326d8fffffffff,36.31391231887444,-35.46958958974979,1,False,False
8326d9fffffffff,35.30603085805513,-34.76393783161488,1,False,False
8326dafffffffff,36.31732699081202,-36.89185597001683,1,False,False
8326dbfffffffff,35.3144093406405,-36.165411703317154,1,False,False
8326dcfffffffff,37.30279351058417,-34.76045173966662,1,False,False
8326ddfffffffff,36.29385286765397,-34.057613434033904,1,False,False
8326defffffffff,37.31794818990988,-36.19398847005333,1,False,False
8326e0fffffffff,40.03895771851093,-29.66644571494604,1,False,False
8326e1fffffffff,39.02269115865907,-29.02385606174723,1,False,False
8326e2fffffffff,40.12659974265482,-31.100813493513503,1,False,False
8326e3fffffffff,39.11345968595791,-30.43356331386524,1,False,False
8326e4fffffffff,40.95001654283983,-28.88632347599672,1,False,False
8326e5fffffffff,39.93478248058515,-28.24996210070695,1,False,False
8326e6fffffffff,41.051174077145966,-30.328183775320163,1,False,False
8326e8fffffffff,37.077127387470064,-29.15527601444702,1,False,False
8326e9fffffffff,36.05599438468178,-28.542982939330745,1,False,False
8326eafffffffff,37.157293960763774,-30.534220577591373,1,False,False
8326ebfffffffff,36.13808789232026,-29.898835198596025,1,False,False
8326ecfffffffff,38.00339691185016,-28.399750367436493,1,False,False
8326edfffffffff,36.98208937141296,-27.793484297122912,1,False,False
8326eefffffffff,38.09662402640865,-29.78526310377905,1,False,False
8326f0fffffffff,41.2008558343462,-33.2631736045676,1,False,False
8326f1fffffffff,40.19705739009163,-32.55157615276519,1,False,False
8326f2fffffffff,41.24813946651052,-34.75297976313112,1,False,False
8326f3fffffffff,40.24973187374436,-34.01712626636486,1,False,False
8326f4fffffffff,42.137628686141895,-32.49479637198543,1,False,False
8326f5fffffffff,41.1350035919168,-31.78766768616549,1,False,False
8326f6fffffffff,42.19816701277553,-33.995417391087585,1,False,False
832700fffffffff,50.62522648020351,-20.2814152761816,1,False,False
832701fffffffff,49.54224757599347,-19.69616872173337,1,False,False
832702fffffffff,50.83317475506579,-22.013601414394287,1,False,False
832703fffffffff,49.76367506760274,-21.389450408647924,1,False,False
832704fffffffff,51.483010232395976,-19.122403812216163,1,False,False
832705fffffffff,50.38975534760934,-18.550999113337014,1,False,False
832706fffffffff,51.70513571979938,-20.894218729276343,1,False,False
832708fffffffff,47.61743679389492,-20.221179495569405,1,False,False
832709fffffffff,46.542888615367445,-19.673933624444008,1,False,False
83270afffffffff,47.838681604126265,-21.84234654605753,1,False,False
83270bfffffffff,46.77607721889292,-21.260922329415585,1,False,False
83270cfffffffff,48.457314777377086,-19.13677542990165,1,False,False
83270dfffffffff,47.37152343041358,-18.60165923086909,1,False,False
83270efffffffff,48.69139365018363,-20.79251670325928,1,False,False
832710fffffffff,52.06409994381313,-24.436507364615714,1,False,False
832711fffffffff,51.01372317958981,-23.744394752305,1,False,False
832712fffffffff,52.20146704238839,-26.20023649273171,1,False,False
832713fffffffff,51.167125229744194,-25.47064772911217,1,False,False
832714fffffffff,52.95930911189441,-23.350675434575223,1,False,False
832715fffffffff,51.89876697183048,-22.66671582961167,1,False,False
832716fffffffff,53.10859017368183,-25.16072769720816,1,False,False
832718fffffffff,49.08291744099158,-24.103530328872683,1,False,False
832719fffffffff,48.03530945145645,-23.462567309543232,1,False,False
83271afffffffff,49.24070424619519,-25.75329059656629,1,False,False
83271bfffffffff,48.20748201466783,-25.079257773860267,1,False,False
83271cfffffffff,49.95860885750509,-23.08249013012481,1,False,False
83271dfffffffff,48.8998900798228,-22.449023679637143,1,False,False
83271efffffffff,50.12722951791052,-24.77233716576241,1,False,False
832720fffffffff,52.06831473767215,-16.104731089520264,1,False,False
832721fffffffff,50.95320105526678,-15.59429400014323,1,False,False
832722fffffffff,52.33539563995782,-17.909832113974808,1,False,False
832723fffffffff,51.23233569146229,-17.35465102080415,1,False,False
832724fffffffff,52.895927583443935,-14.798831182565428,1,False,False
832725fffffffff,51.771848673278114,-14.309812223111766,1,False,False
832726fffffffff,53.18065573042211,-16.6410642842728,1,False,False
832728fffffffff,49.01981434626489,-16.320664178192203,1,False,False
832729fffffffff,47.91255083114186,-15.838588397493396,1,False,False
83272afffffffff,49.29427030399259,-18.005598318037215,1,False,False
83272bfffffffff,48.1976586410726,-17.484558234700703,1,False,False
83272cfffffffff,49.8364246369644,-15.107997153781128,1,False,False
83272dfffffffff,48.71907890129811,-14.644232951443325,1,False,False
83272efffffffff,50.12677243644797,-16.825496372715616,1,False,False
832730fffffffff,53.65832599942848,-20.3505099144989,1,False,False
832731fffffffff,52.57291300160235,-19.72159533837752,1,False,False
832732fffffffff,53.85119615743378,-22.210018237807983,1,False,False
832733fffffffff,52.78084182466332,-21.53642169153705,1,False,False
832734fffffffff,54.52949375995732,-19.105866446227424,1,False,False
832735fffffffff,53.4348276740364,-18.4928958469656,1,False,False
832736fffffffff,54.73809834420151,-21.0112519535863,1,False,False
832740fffffffff,43.04080453988833,-16.676335381426654,1,False,False
832741fffffffff,41.9662357786679,-16.242730976503513,1,False,False
832742fffffffff,43.32614589892536,-18.16324317759237,1,False,False
832743fffffffff,42.25953232391752,-17.699323483505687,1,False,False
832744fffffffff,43.82120851106132,-15.615371954764374,1,False,False
832745fffffffff,42.73466725359006,-15.195575495804446,1,False,False
832746fffffffff,44.11958520680292,-17.127907556812783,1,False,False
832748fffffffff,40.14039757962707,-16.824532393913163,1,False,False
832749fffffffff,39.08962406890481,-16.41177135452062,1,False,False
83274afffffffff,40.42906214204478,-18.22889586819192,1,False,False
83274bfffffffff,39.3849839487832,-17.78910316750203,1,False,False
83274cfffffffff,40.896792456959936,-15.826089702163811,1,False,False
83274dfffffffff,39.833348837123815,-15.42547681596869,1,False,False
83274efffffffff,41.19731825736132,-17.253412433126254,1,False,False
832750fffffffff,44.6509346950614,-20.168201588372085,1,False,False
832751fffffffff,43.59045473251023,-19.6543246431543,1,False,False
832752fffffffff,44.88360416589295,-21.69171218481056,1,False,False
832753fffffffff,43.83358450844291,-21.147571885377268,1,False,False
832754fffffffff,45.46880825773468,-19.14938059418792,1,False,False
832755fffffffff,44.39622708067131,-18.64622026469488,1,False,False
832756fffffffff,45.71314702668826,-20.703319047980948,1,False,False
832758fffffffff,41.74038356016671,-20.12124440489376,1,False,False
832759fffffffff,40.69909260008008,-19.636902480759485,1,False,False
83275afffffffff,41.98256455734566,-21.5581872521218,1,False,False
83275bfffffffff,40.95031448352427,-21.04686126642588,1,False,False
83275cfffffffff,42.53268984310519,-19.1605261270043,1,False,False
83275dfffffffff,41.478588408676586,-18.68572105576147,1,False,False
83275efffffffff,42.785523383211306,-20.624453548626555,1,False,False
832760fffffffff,44.26511452469597,-12.986768781464296,1,False,False
832761fffffffff,43.16052180998884,-12.615809067977825,1,False,False
832762fffffffff,44.59947142073904,-14.5150479975618,1,False,False
832763fffffffff,43.50139144973637,-14.11067381432346,1,False,False
832764fffffffff,45.0244720080817,-11.822631422042027,1,False,False
832765fffffffff,43.909147364023646,-11.470237423904155,1,False,False
832766fffffffff,45.37424540179779,-13.373989895567746,1,False,False
832768fffffffff,41.32038764774522,-13.350725803040705,1,False,False
832769fffffffff,40.2392471286293,-12.99328930789642,1,False,False
83276afffffffff,41.65306986725734,-14.792598311459788,1,False,False
83276bfffffffff,40.57730984416,-14.405487026178296,1,False,False
83276cfffffffff,42.061394859751225,-12.26013670399542,1,False,False
83276dfffffffff,40.96862330391291,-11.91885156864349,1,False,False
83276efffffffff,42.408059753062496,-13.722888705977365,1,False,False
832770fffffffff,46.00536013426881,-16.509613211632246,1,False,False
832771fffffffff,44.91176194618016,-16.05301509412005,1,False,False
832772fffffffff,46.28594561371676,-18.08936084790164,1,False,False
832773fffffffff,45.2016272455657,-17.598528204985776,1,False,False
832774fffffffff,46.80604918356593,-15.377828118703276,1,False,False
832775fffffffff,45.7013514668508,-14.937056021256325,1,False,False
832776fffffffff,47.10100259702392,-16.98636306708668,1,False,False
832780fffffffff,51.51855856384024,-32.26970463658518,1,False,False
832781fffffffff,50.54626372346619,-31.44256336785729,1,False,False
832782fffffffff,51.54413295552361,-33.9288665207934,1,False,False
832783fffffffff,50.58999789097484,-33.07435708656651,1,False,False
832784fffffffff,52.45099362057997,-31.42272469654033,1,False,False
832785fffffffff,51.46882009326572,-30.59162367031642,1,False,False
832786fffffffff,52.48228508383997,-33.13053107202148,1,False,False
832788fffffffff,48.65844965352972,-31.460704594161754,1,False,False
832789fffffffff,47.69108455146024,-30.70854241794824,1,False,False
83278afffffffff,48.755343003318686,-33.089317881850754,1,False,False
83278bfffffffff,47.79515933630564,-32.30684312418257,1,False,False
83278cfffffffff,49.566521865353785,-30.647493292382304,1,False,False
83278dfffffffff,48.58044410590243,-29.882953676773727,1,False,False
83278efffffffff,49.62773674100577,-32.25212814418067,1,False,False
832790fffffffff,52.472201229131805,-36.480233253298,1,False,False
832791fffffffff,51.56334151207392,-35.59152471488842,1,False,False
832792fffffffff,52.5068188132452,-38.24885833144088,1,False,False
832793fffffffff,51.60901667599112,-37.329153688932585,1,False,False
832794fffffffff,53.42358654201864,-35.74092830546527,1,False,False
832795fffffffff,52.4890337679618,-34.81719210556343,1,False,False
832796fffffffff,53.38703433544536,-37.42903001455349,1,False,False
832798fffffffff,49.76957183097703,-35.573420047428904,1,False,False
832799fffffffff,48.82967020971937,-34.7356669175149,1,False,False
83279afffffffff,49.81104602443448,-37.26419248567824,1,False,False
83279bfffffffff,48.88075563856836,-36.39728399721581,1,False,False
83279cfffffffff,50.64033266759494,-34.730751439805346,1,False,False
83279dfffffffff,49.70403740924305,-33.896987379241544,1,False,False
83279efffffffff,50.69631534740175,-36.43762866977932,1,False,False
8327a0fffffffff,53.3213989578312,-28.75400514168269,1,False,False
8327a1fffffffff,52.31133052887488,-27.954615114953505,1,False,False
8327a2fffffffff,53.38615579808444,-30.530388258104352,1,False,False
8327a3fffffffff,52.39427420482144,-29.696459778709603,1,False,False
8327a4fffffffff,54.2488675286726,-27.76096328309248,1,False,False
8327a5fffffffff,53.229102726390536,-26.962999809082543,1,False,False
8327a6fffffffff,54.32280148419216,-29.589421449784886,1,False,False
8327a8fffffffff,50.38684853556957,-28.130846461060138,1,False,False
8327a9fffffffff,49.37358926441173,-27.395605538515063,1,False,False
8327aafffffffff,50.47878373540798,-29.793891435445232,1,False,False
8327abfffffffff,49.48201530947264,-29.02784929479709,1,False,False
8327acfffffffff,51.29375944153153,-27.18926212903004,1,False,False
8327adfffffffff,50.26983776114691,-26.45607405393481,1,False,False
8327aefffffffff,51.39412236680966,-28.89722188009785,1,False,False
8327b0fffffffff,54.387181929731504,-33.19218440057525,1,False,False
8327b1fffffffff,53.424163684345,-32.288960313073986,1,False,False
8327b2fffffffff,54.379510972182615,-34.96006025407821,1,False,False
8327b3fffffffff,53.436314144252165,-34.0267298415985,1,False,False
8327b4fffffffff,55.34046926029261,-32.310147873023865,1,False,False
8327b5fffffffff,54.36860931860056,-31.40093865201991,1,False,False
8327b6fffffffff,55.33889423466526,-34.13433885887784,1,False,False
832810fffffffff,50.11707899145544,-52.566226969482415,1,False,False
832811fffffffff,50.90562265036484,-53.66776040987803,1,False,False
832812fffffffff,50.29720910323331,-50.850607968252,1,False,False
832813fffffffff,51.101007882774965,-51.93783781525892,1,False,False
832814fffffffff,49.11902656290072,-53.1757603223596,1,False,False
832816fffffffff,49.30900837852711,-51.48829455636733,1,False,False
83281efffffffff,51.88502484044719,-53.04971237010599,1,False,False
832880fffffffff,51.62151234855409,-44.90484468409615,1,False,False
832882fffffffff,51.68506748761065,-43.13506171275132,1,False,False
832883fffffffff,52.54282199393372,-44.14656384956941,1,False,False
832886fffffffff,50.759915000098935,-43.89672734003842,1,False,False
83288afffffffff,54.28261705722157,-44.41081726793568,1,False,False
83288efffffffff,53.38269527221583,-45.1868424676947,1,False,False
832890fffffffff,50.83439646424559,-40.4105335198184,1,False,False
832891fffffffff,51.72188725579623,-41.367249265473234,1,False,False
832892fffffffff,50.727432308503126,-38.157785100530965,1,False,False
832893fffffffff,51.732160871672136,-39.604757901305526,1,False,False
832894fffffffff,49.91928727499368,-41.197153620442464,1,False,False
832895fffffffff,50.81021361606107,-42.151763110146064,1,False,False
832896fffffffff,49.93153150906572,-39.48265518097096,1,False,False
832898fffffffff,53.48306244887693,-41.54823034807443,1,False,False
832899fffffffff,54.33291228476082,-42.56470527063777,1,False,False
83289afffffffff,53.49172426014981,-39.73499990195206,1,False,False
83289bfffffffff,54.3549451487113,-40.7219182563821,1,False,False
83289cfffffffff,52.59295026583363,-42.35242076352428,1,False,False
83289dfffffffff,53.44678257233812,-43.36672765073442,1,False,False
83289efffffffff,52.61588305489652,-40.56183330823649,1,False,False
8328a0fffffffff,49.61445466486212,-48.07766168703769,1,False,False
8328a1fffffffff,50.45190832457929,-49.12287310653114,1,False,False
8328a2fffffffff,49.72916216034396,-46.3603523940287,1,False,False
8328a4fffffffff,48.63299133158877,-48.74980384440809,1,False,False
8328a5fffffffff,49.47429736108923,-49.78796950811473,1,False,False
8328a6fffffffff,48.759110637093,-47.05769000157252,1,False,False
8328b0fffffffff,48.93615204328725,-43.66125969602178,1,False,False
8328b1fffffffff,49.81822646732484,-44.63909753035546,1,False,False
8328b2fffffffff,48.98695302940202,-41.9628925963064,1,False,False
8328b3fffffffff,49.881382182624,-42.91589514777319,1,False,False
8328b4fffffffff,47.97473729927879,-44.38618736563021,1,False,False
8328b5fffffffff,48.86020498787938,-45.360520721157,1,False,False
8328b6fffffffff,48.0381896506826,-42.70932621730365,1,False,False
8328d8fffffffff,58.94947804704666,-48.72752428604941,1,False,False
8328dcfffffffff,58.09065607084385,-49.49869324307346,1,False,False
8328ddfffffffff,58.80780322754117,-50.72253649510454,1,False,False
832980fffffffff,44.73603147399554,-49.66194953422819,1,False,False
832981fffffffff,45.604683176367935,-50.65573863620778,1,False,False
832982fffffffff,44.87998403388316,-48.05910248162404,1,False,False
832983fffffffff,45.7617629421481,-49.03749079447406,1,False,False
832984fffffffff,43.6983175419906,-50.2696026194694,1,False,False
832985fffffffff,44.569777151240906,-51.25622224738396,1,False,False
832986fffffffff,43.85158112513376,-48.68969904335758,1,False,False
832988fffffffff,47.4759774457814,-51.06147360132593,1,False,False
832989fffffffff,48.306776479794735,-52.10730379478574,1,False,False
83298afffffffff,47.63706114607151,-49.403122113400805,1,False,False
83298bfffffffff,48.48209184387077,-50.43395133902024,1,False,False
83298cfffffffff,46.45668014372086,-51.67117212875458,1,False,False
83298efffffffff,46.627374700447255,-50.03823340451714,1,False,False
832990fffffffff,44.00322827573618,-45.01513586771715,1,False,False
832991fffffffff,45.00132237198411,-46.45013689587408,1,False,False
832992fffffffff,44.08609315171165,-43.42376282899003,1,False,False
832993fffffffff,45.09984014381156,-44.83756584832754,1,False,False
832994fffffffff,42.98431514102239,-45.676144478179225,1,False,False
832995fffffffff,43.98292437004378,-47.10287936287105,1,False,False
832996fffffffff,43.077936397070935,-44.104726863845485,1,False,False
832998fffffffff,46.898309923748215,-46.74612841750466,1,False,False
832999fffffffff,47.77405784222079,-47.735933517110354,1,False,False
83299afffffffff,46.99798936930619,-45.09229910523272,1,False,False
83299bfffffffff,47.88667488177871,-46.06267804073161,1,False,False
83299cfffffffff,45.8958267590364,-47.411422705952106,1,False,False
83299dfffffffff,46.77469696034885,-48.39567411426342,1,False,False
83299efffffffff,46.00660456240359,-45.78011177256915,1,False,False
8329a2fffffffff,42.574497777755255,-50.36439982731768,1,False,False
8329a3fffffffff,43.45111942580087,-51.33810878826758,1,False,False
8329a6fffffffff,41.51695352946808,-50.944493149070304,1,False,False
8329b0fffffffff,41.82855279394222,-47.868575396169895,1,False,False
8329b1fffffffff,42.73236483787005,-48.80829254209799,1,False,False
8329b2fffffffff,41.95337277926056,-46.32068604665579,1,False,False
8329b3fffffffff,42.86906417309708,-47.24477783384008,1,False,False
8329b4fffffffff,40.77747373099804,-48.476536687939856,1,False,False
8329b5fffffffff,41.68297376157744,-49.41057252240431,1,False,False
8329b6fffffffff,40.911283210020855,-46.94921117256058,1,False,False
832a00fffffffff,32.98798772493864,-5.173393383876238,1,False,False
832a02fffffffff,33.40607482607641,-6.392757209073168,1,False,False
832a04fffffffff,33.59248808653588,-4.119484074129201,1,False,False
832a06fffffffff,34.023816950630874,-5.347347265263018,1,False,False
832a10fffffffff,34.85158568904436,-7.84769873039429,1,False,False
832a11fffffffff,33.812865231892395,-7.626045253249911,1,False,False
832a12fffffffff,35.24664650823416,-9.118295438521647,1,False,False
832a13fffffffff,34.207699691406425,-8.872335821170829,1,False,False
832a14fffffffff,35.49367620495481,-6.795478091128541,1,False,False
832a15fffffffff,34.443751517251265,-6.590388103562386,1,False,False
832a16fffffffff,35.90209701496517,-8.077727098232984,1,False,False
832a1afffffffff,32.547861647041174,-9.618196079595169,1,False,False
832a1bfffffffff,31.545122078249378,-9.37527031709206,1,False,False
832a1cfffffffff,32.78645529881418,-7.412323760387023,1,False,False
832a1efffffffff,33.18060230917467,-8.635180055280447,1,False,False
832a22fffffffff,34.19371460081468,-3.040270965215779,1,False,False
832a26fffffffff,34.790709483448445,-1.935625262116416,1,False,False
832a30fffffffff,35.69758198847167,-4.438139116596093,1,False,False
832a31fffffffff,34.6387463632742,-4.275821546999142,1,False,False
832a32fffffffff,36.132979394465735,-5.715283687131797,1,False,False
832a33fffffffff,35.07231842157691,-5.527852882046011,1,False,False
832a34fffffffff,36.31852030587371,-3.321009416036978,1,False,False
832a35fffffffff,35.2498905437449,-3.177966964084907,1,False,False
832a36fffffffff,36.76846117900132,-4.606783830324138,1,False,False
832a80fffffffff,35.65557714060228,-13.9667592406496,1,False,False
832a81fffffffff,34.63374642506454,-13.634346318826312,1,False,False
832a82fffffffff,35.98208653877417,-15.26196337595537,1,False,False
832a83fffffffff,34.96357972629545,-14.90570257524365,1,False,False
832a84fffffffff,36.34905957666261,-12.99889176955944,1,False,False
832a85fffffffff,35.31441214623046,-12.678995753135675,1,False,False
832a86fffffffff,36.6871293549061,-14.311394830736177,1,False,False
832a88fffffffff,32.95643411663907,-14.229711820880544,1,False,False
832a89fffffffff,31.96891909480382,-13.908798189067763,1,False,False
832a8afffffffff,33.278496233506615,-15.462160928435091,1,False,False
832a8bfffffffff,32.293406984795524,-15.119693188810542,1,False,False
832a8cfffffffff,33.62224381635223,-13.313538404279717,1,False,False
832a8dfffffffff,32.62162885092056,-13.003757304516746,1,False,False
832a8efffffffff,33.954833853824546,-14.561822325928556,1,False,False
832a90fffffffff,37.31645824111777,-16.957127652665836,1,False,False
832a91fffffffff,36.29354675330202,-16.563338924167287,1,False,False
832a92fffffffff,37.60701591714872,-18.287621261792594,1,False,False
832a93fffffffff,36.58961993747094,-17.86957910676005,1,False,False
832a94fffffffff,38.04580958030117,-16.014277880081107,1,False,False
832a95fffffffff,37.009722507006906,-15.63125648302138,1,False,False
832a96fffffffff,38.34718602863327,-17.365456858118293,1,False,False
832a98fffffffff,34.57917690385863,-17.0764604940689,1,False,False
832a99fffffffff,33.58744220158035,-16.700007831360136,1,False,False
832a9afffffffff,34.87025184679605,-18.340460701653697,1,False,False
832a9bfffffffff,33.88294484370348,-17.942125986385268,1,False,False
832a9cfffffffff,35.2791529811937,-16.183362879052392,1,False,False
832a9dfffffffff,34.273932830100286,-15.816517027461696,1,False,False
832a9efffffffff,35.580114004734966,-17.46609534248281,1,False,False
832aa0fffffffff,36.6774288531721,-10.68181436277483,1,False,False
832aa1fffffffff,35.628299162773715,-10.401121438552495,1,False,False
832aa2fffffffff,37.04310181392886,-12.001321239161712,1,False,False
832aa3fffffffff,35.9959517294103,-11.695050543492894,1,False,False
832aa4fffffffff,37.3578511852696,-9.638622135310534,1,False,False
832aa5fffffffff,36.29689549210211,-9.373548820193726,1,False,False
832aa6fffffffff,37.73671947501922,-10.973292269605317,1,False,False
832aa8fffffffff,33.93296341264372,-11.115282667482608,1,False,False
832aa9fffffffff,32.91828063225441,-10.84066461149228,1,False,False
832aaafffffffff,34.29005677231137,-12.370489087523076,1,False,False
832aabfffffffff,33.276574021817616,-12.072791134593832,1,False,False
832aacfffffffff,34.589952968033764,-10.130638543135223,1,False,False
832aadfffffffff,33.56296491214824,-9.869829976979911,1,False,False
832aaefffffffff,34.959038395647724,-11.399897596310405,1,False,False
832ab0fffffffff,38.44667178227381,-13.675382051482512,1,False,False
832ab1fffffffff,37.39337111450149,-13.33079860440508,1,False,False
832ab2fffffffff,38.776737892532815,-15.04002184898494,1,False,False
832ab3fffffffff,37.72774957050257,-14.668913475277543,1,False,False
832ab4fffffffff,39.16546870108392,-12.649748339542544,1,False,False
832ab5fffffffff,38.09983951414854,-12.319331377075953,1,False,False
832ab6fffffffff,39.50824025097955,-14.03335607321039,1,False,False
832af0fffffffff,31.284311803680705,-11.507684135060604,1,False,False
832af2fffffffff,31.632414109796144,-12.704461317279888,1,False,False
832af4fffffffff,31.91549626023234,-10.575537798996212,1,False,False
832af6fffffffff,32.27449703896561,-11.785358900981407,1,False,False
832b00fffffffff,37.11628520570808,2.737279312722699,1,False,False
832b01fffffffff,36.03185817522227,2.7648457454863333,1,False,False
832b02fffffffff,37.63607872896348,1.4785044437683506,1,False,False
832b03fffffffff,36.54631281892702,1.531110853225332,1,False,False
832b04fffffffff,37.67689285719943,3.9683410596329582,1,False,False
832b05fffffffff,36.5863231217188,3.971918022982957,1,False,False
832b06fffffffff,38.21269019968572,2.7085934674807484,1,False,False
832b0efffffffff,35.46878805590957,1.581686673107333,1,False,False
832b10fffffffff,39.25023408230002,0.1143613983174755,1,False,False
832b11fffffffff,38.144681842198175,0.196129041570022,1,False,False
832b12fffffffff,39.74987087018158,-1.218853621108697,1,False,False
832b13fffffffff,38.641083727168514,-1.109196526618654,1,False,False
832b14fffffffff,39.84990848216531,1.366690634509389,1,False,False
832b15fffffffff,38.73749127427777,1.4237427433192245,1,False,False
832b16fffffffff,40.36639700389438,0.0291461546427304,1,False,False
832b18fffffffff,36.456769041784696,-0.9027601308651992,1,False,False
832b19fffffffff,35.38248557450026,-0.80548763750058,1,False,False
832b1afffffffff,36.93407740799429,-2.176297663065803,1,False,False
832b1bfffffffff,35.8562433195445,-2.053637149373952,1,False,False
832b1cfffffffff,37.05040738029755,0.2746538444576286,1,False,False
832b1dfffffffff,35.96803073484505,0.3501246904950731,1,False,False
832b1efffffffff,37.543167833711614,-1.003917493004476,1,False,False
832b20fffffffff,37.66537964470034,6.456215300882655,1,False,False
832b21fffffffff,36.57658270665541,6.410826311347751,1,False,False
832b22fffffffff,38.227078860760535,5.223903174515377,1,False,False
832b23fffffffff,37.13116778026576,5.20253213898794,1,False,False
832b24fffffffff,38.187955639887015,7.7323885609660605,1,False,False
832b25fffffffff,37.09515219960532,7.661307780264432,1,False,False
832b26fffffffff,38.76579139770136,6.5034629134067785,1,False,False
832b2efffffffff,36.04721818966691,5.181994858972371,1,False,False
832b30fffffffff,39.892431153133,3.96073752850972,1,False,False
832b31fffffffff,38.77914216985774,3.964617303307855,1,False,False
832b32fffffffff,40.43891871020599,2.647579319176476,1,False,False
832b33fffffffff,39.32045603437413,2.678718626605084,1,False,False
832b34fffffffff,40.45227437515086,5.269358167568551,1,False,False
832b35fffffffff,39.33433533379478,5.246159783360247,1,False,False
832b36fffffffff,41.016073714803056,3.956691720142376,1,False,False
832b80fffffffff,40.48527099082131,-6.542789904951794,1,False,False
832b81fffffffff,39.38206533685268,-6.323307976770583,1,False,False
832b82fffffffff,40.906420505752,-7.948886749359203,1,False,False
832b83fffffffff,39.804323194011786,-7.699431275449194,1,False,False
832b84fffffffff,41.16005036257889,-5.352584118233727,1,False,False
832b85fffffffff,40.047297187424896,-5.154575042274574,1,False,False
832b86fffffffff,41.59735332960063,-6.771553961430878,1,False,False
832b88fffffffff,37.62805963923749,-7.229767149283896,1,False,False
832b89fffffffff,36.5553085143754,-7.008452015460541,1,False,False
832b8afffffffff,38.03617203022212,-8.56484836302229,1,False,False
832b8bfffffffff,36.9638312076228,-8.316606293743272,1,False,False
832b8cfffffffff,38.28848640547622,-6.112560542173537,1,False,False
832b8dfffffffff,37.20523860045527,-5.910041754536375,1,False,False
832b8efffffffff,38.71129265441476,-7.459916300403309,1,False,False
832b90fffffffff,42.41762467668705,-9.663153013396965,1,False,False
832b91fffffffff,41.30996061341463,-9.371488535282976,1,False,False
832b92fffffffff,42.79907790029692,-11.132694238022715,1,False,False
832b93fffffffff,41.695169478466376,-10.80910447685396,1,False,False
832b94fffffffff,43.13466949414233,-8.480158743624653,1,False,False
832b95fffffffff,42.01680888618458,-8.208904595962922,1,False,False
832b96fffffffff,43.53211957282309,-9.967416688408424,1,False,False
832b98fffffffff,39.50926181371615,-10.20053490362901,1,False,False
832b99fffffffff,38.42887019801529,-9.914081145117454,1,False,False
832b9afffffffff,39.88305640214016,-11.591120819861317,1,False,False
832b9bfffffffff,38.80550094453725,-11.276172920951032,1,False,False
832b9cfffffffff,40.20997057317577,-9.091670771821976,1,False,False
832b9dfffffffff,39.118455472360445,-8.82300488316429,1,False,False
832b9efffffffff,40.59828894993732,-10.498639868862185,1,False,False
832ba0fffffffff,41.356169528064754,-2.7193604536259817,1,False,False
832ba1fffffffff,40.23537612750517,-2.575076670133037,1,False,False
832ba2fffffffff,41.82737167155352,-4.128403901403377,1,False,False
832ba3fffffffff,40.70575476633104,-3.9533503873641433,1,False,False
832ba4fffffffff,41.99724410093632,-1.4524381172114271,1,False,False
832ba5fffffffff,40.86883683622581,-1.333166813965004,1,False,False
832ba6fffffffff,42.485910008555685,-2.869939571175106,1,False,False
832ba8fffffffff,38.490872666792754,-3.624421510973173,1,False,False
832ba9fffffffff,37.399048822312416,-3.469713981938197,1,False,False
832baafffffffff,38.94397291828157,-4.96458133235618,1,False,False
832babfffffffff,37.850801636726985,-4.782129889260106,1,False,False
832bacfffffffff,39.12429205531688,-2.436703236734112,1,False,False
832badfffffffff,38.023635193393886,-2.303885800054943,1,False,False
832baefffffffff,39.59334064180433,-3.7855005869153326,1,False,False
832bb0fffffffff,43.41072557223959,-5.774745084873027,1,False,False
832bb1fffffffff,42.28146366578866,-5.559121668622516,1,False,False
832bb2fffffffff,43.8449302574531,-7.25935454955819,1,False,False
832bb3fffffffff,42.71751836991857,-7.010193913372924,1,False,False
832bb4fffffffff,44.0950246614119,-4.502045332748804,1,False,False
832bb5fffffffff,42.9574044081535,-4.311131558773593,1,False,False
832bb6fffffffff,44.54698415169189,-6.000060868453594,1,False,False
832c16fffffffff,-0.8739181147960576,49.26638787568012,1,False,False
832c32fffffffff,0.993468606593676,48.800255709845565,1,False,False
832c36fffffffff,1.7858845757101047,48.04444200969865,1,False,False
832c84fffffffff,-4.872227360105548,49.16628276422288,1,False,False
832c9efffffffff,-8.454464716180265,50.08318084521744,1,False,False
832ca0fffffffff,-3.039015136282311,48.70141676281938,1,False,False
832ca1fffffffff,-2.722131221748648,49.72820152878416,1,False,False
832ca2fffffffff,-4.1200232808443,48.418559136581486,1,False,False
832ca3fffffffff,-3.7980344535723134,49.4473805031862,1,False,False
832ca4fffffffff,-2.270748183380313,47.94794337278587,1,False,False
832ca5fffffffff,-1.9566967734757943,48.9840308155551,1,False,False
832ca6fffffffff,-3.3581855706756145,47.663402675407305,1,False,False
832cb5fffffffff,-4.443867765684318,47.37866666555711,1,False,False
832d60fffffffff,35.4811503156831,59.60114987856385,1,False,False
832d61fffffffff,36.43264027819429,60.15116882199063,1,False,False
832d62fffffffff,34.572678936838486,60.269803880928535,1,False,False
832d64fffffffff,35.52396808072688,58.27867395935425,1,False,False
832d65fffffffff,36.398870683104434,58.900510081449866,1,False,False
832d66fffffffff,34.62043731733068,58.95835646888247,1,False,False
832d6cfffffffff,37.39089196696856,60.72045241489923,1,False,False
832d80fffffffff,-0.2249974713771341,44.5717453976896,1,False,False
832d81fffffffff,0.0841596501977416,45.64403732323768,1,False,False
832d82fffffffff,-1.3338235451065454,44.28128220331208,1,False,False
832d83fffffffff,-1.0200159205016768,45.35495130311371,1,False,False
832d84fffffffff,0.5767732353789207,43.78201465927054,1,False,False
832d85fffffffff,0.8838343838875392,44.86216444116042,1,False,False
832d86fffffffff,-0.5366838242500008,43.49035692968675,1,False,False
832d88fffffffff,-0.3998308744973253,47.47308007656687,1,False,False
832d89fffffffff,-0.0940560376690951,48.51638361496736,1,False,False
832d8afffffffff,-1.4937507562658616,47.18711085740262,1,False,False
832d8bfffffffff,-1.1824166544169716,48.23227493852667,1,False,False
832d8cfffffffff,0.3904798179188496,46.70660575972983,1,False,False
832d8dfffffffff,0.6936731672558571,47.75886180086814,1,False,False
832d8efffffffff,-0.7085816552843212,46.419083071933,1,False,False
832d90fffffffff,-2.7612839894886,42.90709114987661,1,False,False
832d91fffffffff,-2.441728529828543,43.99078978053642,1,False,False
832d92fffffffff,-3.870584083382495,42.615513312860415,1,False,False
832d93fffffffff,-3.5478015107591974,43.70028306088461,1,False,False
832d94fffffffff,-1.967236936545628,42.107907778934624,1,False,False
832d95fffffffff,-1.6496778520249404,43.19871072297396,1,False,False
832d96fffffffff,-3.082036142189496,41.81536383791887,1,False,False
832d98fffffffff,-2.905759896106487,45.84364269606728,1,False,False
832d99fffffffff,-2.587207637210355,46.90096821974828,1,False,False
832d9bfffffffff,-3.6793247345610296,46.61466629165338,1,False,False
832d9cfffffffff,-2.123727561804962,45.0657816233113,1,False,False
832d9dfffffffff,-1.8076252780126865,46.13142391266996,1,False,False
832d9efffffffff,-3.226073391683101,44.77654298452033,1,False,False
832da2fffffffff,2.642453865033944,44.08229718848729,1,False,False
832da3fffffffff,3.2175323617755884,45.51170247907957,1,False,False
832da8fffffffff,2.290288582432135,46.22189971384758,1,False,False
832da9fffffffff,2.585095878895216,47.28118427450679,1,False,False
832daafffffffff,1.1878951136686706,45.93302500853427,1,False,False
832dabfffffffff,1.4886679834021967,46.99397760309808,1,False,False
832dacfffffffff,3.0978585938036165,45.44281045798351,1,False,False
832daefffffffff,1.991756711878711,45.15252442482591,1,False,False
832db0fffffffff,1.277645325643816,43.19005536306106,1,False,False
832db1fffffffff,0.2670172038419435,42.69323158146084,1,False,False
832db2fffffffff,-1.1663310398724538,41.3029792104098,1,False,False
832db3fffffffff,-0.8505749584930403,42.40053543878614,1,False,False
832db4fffffffff,1.7115832112672094,41.994991276913545,1,False,False
832db5fffffffff,2.178999150512768,43.041953628816735,1,False,False
832db6fffffffff,0.869692755118672,42.117044502421145,1,False,False
832e08fffffffff,52.05919000426146,158.06068921299143,1,False,False
832e0afffffffff,53.13967074607813,157.9910820959369,1,False,False
832e0cfffffffff,51.5133015582159,159.4881333648582,1,False,False
832e0dfffffffff,52.21365799356133,156.399674646294,1,False,False
832e0efffffffff,52.59980807761959,159.4562399391232,1,False,False
832e44fffffffff,49.02874924822493,153.12285057012988,1,False,False
832e60fffffffff,47.52643116693034,154.6733856660218,1,False,False
832e61fffffffff,46.97221459619678,153.55503435334745,1,False,False
832e62fffffffff,48.56404917434803,154.48416096120712,1,False,False
832e63fffffffff,47.99774220679653,153.34386808502512,1,False,False
832e66fffffffff,48.07839126758188,155.83438148993878,1,False,False
832e68fffffffff,46.86163257848651,151.19079291902412,1,False,False
832e69fffffffff,46.29379237661423,150.17475514744743,1,False,False
832e6cfffffffff,46.41679136318267,152.47782693171024,1,False,False
832e6dfffffffff,45.86112968602883,151.44025466094772,1,False,False
832e6efffffffff,47.42992901389553,152.24662268122208,1,False,False
832e70fffffffff,50.56868123400899,155.30008818042504,1,False,False
832e71fffffffff,49.607037524379336,154.2859045859269,1,False,False
832e72fffffffff,51.24144431207748,155.31381498740936,1,False,False
832e74fffffffff,50.07888970696704,156.72029838053552,1,False,False
832e75fffffffff,49.514728380078594,155.48385345105683,1,False,False
832e76fffffffff,51.14411201059496,156.56403519303942,1,False,False
832ec8fffffffff,52.78642874354956,148.12309714105535,1,False,False
832ec9fffffffff,52.136473766428736,147.03353991424768,1,False,False
832ecafffffffff,53.801648438230615,147.7969532434686,1,False,False
832ecbfffffffff,53.140802577342384,146.6892981965724,1,False,False
832eccfffffffff,52.40932737581713,149.55426770175325,1,False,False
832ecdfffffffff,51.77068642606134,148.43426209053968,1,False,False
832ecefffffffff,53.43588033988032,149.26299643505246,1,False,False
832ed8fffffffff,55.48601150245378,148.63612509266773,1,False,False
832ed9fffffffff,54.77533129381156,147.40738510159656,1,False,False
832edafffffffff,56.36178694119214,148.10295087587662,1,False,False
832edbfffffffff,55.635220831411154,146.84884954544663,1,False,False
832eddfffffffff,54.46168973973845,148.95730847770807,1,False,False
832eebfffffffff,51.38276980865142,149.83210460519615,1,False,False
833000fffffffff,44.92036333438856,138.81951002175197,1,False,False
833004fffffffff,45.57360440870691,138.2234213282845,1,False,False
833006fffffffff,44.72096626886971,137.76159455224357,1,False,False
833010fffffffff,43.10812240496158,137.5573242975605,1,False,False
833011fffffffff,43.35575314875735,138.6882075347601,1,False,False
833012fffffffff,42.29488280535923,137.4966846130705,1,False,False
833013fffffffff,42.551451860774826,138.62332777102512,1,False,False
833014fffffffff,43.652729673467086,136.47595331483743,1,False,False
833015fffffffff,43.90651037626961,137.61844713085682,1,False,False
833016fffffffff,42.84553061656917,136.41920453637266,1,False,False
833020fffffffff,46.92155149292553,138.35773684527618,1,False,False
833021fffffffff,46.91910984187727,139.75769875584945,1,False,False
833022fffffffff,46.23585100709352,137.60173988065415,1,False,False
833023fffffffff,46.24397023498364,138.975506057878,1,False,False
833024fffffffff,47.60820501739964,137.71226814465624,1,False,False
833025fffffffff,47.6121944597959,139.14490783538866,1,False,False
833026fffffffff,46.90684490825628,136.95293756267503,1,False,False
83302cfffffffff,46.73104512293816,141.0213642552799,1,False,False
83302dfffffffff,46.413763983276446,142.20031593423343,1,False,False
833030fffffffff,45.20392091660071,135.97813778623572,1,False,False
833031fffffffff,45.4187999690089,137.0733507315733,1,False,False
833032fffffffff,44.28058516519366,135.60966518856324,1,False,False
833033fffffffff,44.50785190107089,136.6914641414048,1,False,False
833034fffffffff,45.90565362652215,135.23622786470264,1,False,False
833035fffffffff,46.12264990041856,136.35734089212434,1,False,False
833036fffffffff,44.97437624388458,134.8712748621138,1,False,False
833084fffffffff,39.76538050687491,137.3176091488615,1,False,False
833085fffffffff,40.04960914330539,138.43170465033165,1,False,False
833086fffffffff,38.892178597783655,137.2588471660629,1,False,False
833094fffffffff,37.6857773648577,136.0880263831332,1,False,False
8330a0fffffffff,41.18607329102909,136.30705833452222,1,False,False
8330a1fffffffff,41.46671297050591,137.4365225055765,1,False,False
8330a2fffffffff,40.333695686131286,136.25165043840707,1,False,False
8330a3fffffffff,40.62355639022096,137.37683248647446,1,False,False
8330a4fffffffff,41.73656976883133,135.22282556810873,1,False,False
8330a5fffffffff,42.02333557031098,136.3629079683973,1,False,False
8330a6fffffffff,40.89022025445165,135.1713811443668,1,False,False
8330acfffffffff,41.73236638102738,138.5589545202155,1,False,False
8330aefffffffff,40.89843256409669,138.49508203454627,1,False,False
8330b0fffffffff,39.15180901885096,135.06971695842404,1,False,False
8330b1fffffffff,39.46617971747101,136.19667916228195,1,False,False
8330b2fffffffff,38.25975007502264,135.01948767424844,1,False,False
8330b3fffffffff,38.58352932642781,136.14213946550234,1,False,False
8330b4fffffffff,39.70820250299481,133.98375935270553,1,False,False
8330b5fffffffff,40.02863756570885,135.1203465403542,1,False,False
8330b6fffffffff,38.82210492432746,133.93755210546712,1,False,False
8330c0fffffffff,42.57946120203744,146.08541583024655,1,False,False
8330c1fffffffff,43.08515926040705,147.2606169085213,1,False,False
8330c2fffffffff,41.67192198101555,145.98192624435484,1,False,False
8330c3fffffffff,42.18159732412258,147.1479846472776,1,False,False
8330c4fffffffff,42.96090440043273,145.02768659179247,1,False,False
8330c5fffffffff,43.47345964001955,146.19036059608663,1,False,False
8330cafffffffff,45.21802179314642,147.87702255967045,1,False,False
8330cbfffffffff,45.74026731414223,149.12273516286965,1,False,False
8330d8fffffffff,43.75285702384685,146.59596216794634,1,False,False
8330d9fffffffff,44.29187392134257,147.8065541583904,1,False,False
8330dbfffffffff,43.35194257212554,147.73727676941346,1,False,False
8330e1fffffffff,44.77810881229095,144.892672638958,1,False,False
8330e3fffffffff,43.84532215971227,145.12494032308567,1,False,False
8330e5fffffffff,45.13873452465854,143.73015302669344,1,False,False
8330e8fffffffff,44.97361895358021,146.9385929761741,1,False,False
8330eafffffffff,44.0063389103547,147.21954278783463,1,False,False
8330ebfffffffff,44.57020074025248,148.1237344124925,1,False,False
8330ecfffffffff,45.35960100829921,145.75266600950732,1,False,False
8330edfffffffff,45.94490744163779,146.64656134120509,1,False,False
8330eefffffffff,44.400668731261455,146.0561221276999,1,False,False
833100fffffffff,49.67131463900742,134.0520005719266,1,False,False
833101fffffffff,49.7191764280816,135.59170917809988,1,False,False
833102fffffffff,48.91082554640005,133.32183148569058,1,False,False
833103fffffffff,48.968964904093895,134.82685211832586,1,False,False
833104fffffffff,50.380288912699726,133.24060422828072,1,False,False
833105fffffffff,50.43839617086497,134.81680441723853,1,False,False
833106fffffffff,49.60291724277191,132.5126878981948,1,False,False
833108fffffffff,49.02626239596318,137.83275310504945,1,False,False
833109fffffffff,49.02565218435458,139.32951761747566,1,False,False
83310afffffffff,48.303616948109664,137.03736965727023,1,False,False
83310bfffffffff,48.3146852296818,138.50386836401128,1,False,False
83310cfffffffff,49.74654826742911,137.12959239608145,1,False,False
83310dfffffffff,49.753556533001614,138.66344465955828,1,False,False
83310efffffffff,49.00741763013095,136.33118241612442,1,False,False
833110fffffffff,47.79622565721051,131.6088222363412,1,False,False
833111fffffffff,48.039034429156565,132.82370985454966,1,False,False
833112fffffffff,46.82944219267144,131.27674813029486,1,False,False
833113fffffffff,47.08505799572701,132.4739056312166,1,False,False
833114fffffffff,48.50995701053568,130.70795721500187,1,False,False
833115fffffffff,48.75732162456454,131.95177488291438,1,False,False
833116fffffffff,47.5359693405124,130.38381429401772,1,False,False
833118fffffffff,47.54628625479092,134.83603128358286,1,False,False
833119fffffffff,47.58627884918252,136.2753778790867,1,False,False
83311afffffffff,46.612499204186335,134.4642455777668,1,False,False
83311bfffffffff,46.83200185211452,135.61208793364668,1,False,False
83311cfffffffff,48.22510379568799,134.0956112020887,1,False,False
83311dfffffffff,48.2737919635141,135.5673082680405,1,False,False
83311efffffffff,47.323849215441285,133.6606227365006,1,False,False
833120fffffffff,51.89686109285212,133.15131488361845,1,False,False
833121fffffffff,51.95489373741882,134.80575878766757,1,False,False
833122fffffffff,51.09526036701388,132.39036491259617,1,False,False
833123fffffffff,51.164507211991264,134.00416402620297,1,False,False
833124fffffffff,52.63472380003461,132.2556045109602,1,False,False
833125fffffffff,52.70487741298041,133.95145612330737,1,False,False
833126fffffffff,51.8155203216234,131.4988277291329,1,False,False
833128fffffffff,51.236031545819,137.23073565771165,1,False,False
833129fffffffff,51.23851480040775,138.83840781970784,1,False,False
83312afffffffff,50.475101717735306,136.3922626530014,1,False,False
83312bfffffffff,50.49049985821176,137.9646023832075,1,False,False
83312cfffffffff,51.98962888891659,136.45940368585218,1,False,False
83312dfffffffff,52.00117913903379,138.1095017906696,1,False,False
83312efffffffff,51.21141226928273,135.61847423902947,1,False,False
833130fffffffff,50.1999301949737,130.09549622268116,1,False,False
833131fffffffff,50.30077318793252,131.6660453559557,1,False,False
833132fffffffff,49.22540654371564,129.76951786622732,1,False,False
833133fffffffff,49.47791042512478,131.04300278897352,1,False,False
833134fffffffff,50.88999108707886,129.1744911153368,1,False,False
833135fffffffff,51.00371052179174,130.77963193738353,1,False,False
833136fffffffff,49.94165690353854,128.7916396208176,1,False,False
833140fffffffff,49.22405087778879,144.41259884017245,1,False,False
833141fffffffff,48.87659519476401,145.69718868467936,1,False,False
833142fffffffff,48.59395328421943,143.51071679377912,1,False,False
833143fffffffff,48.25489712364935,144.76804972515453,1,False,False
833144fffffffff,50.19413557692099,144.0421283970337,1,False,False
833145fffffffff,49.85759980616708,145.35376835937723,1,False,False
833146fffffffff,49.55223631109259,143.12962426864937,1,False,False
83314afffffffff,46.9195909254,146.34279513475195,1,False,False
83314cfffffffff,48.50967579702731,146.98210426119488,1,False,False
83314efffffffff,47.897036875197806,146.02659072262009,1,False,False
833150fffffffff,48.2813170564732,141.41862397246177,1,False,False
833151fffffffff,47.96801135331847,142.64613259430016,1,False,False
833152fffffffff,47.59843963702371,140.57153451344965,1,False,False
833153fffffffff,47.34685506366267,141.81694969639236,1,False,False
833154fffffffff,49.00581225843434,140.81946863418204,1,False,False
833155fffffffff,48.91441014474884,142.25579826221673,1,False,False
833156fffffffff,48.30717161625497,139.96490533443068,1,False,False
833158fffffffff,46.681297019771165,144.22857217823272,1,False,False
833159fffffffff,46.32203000354085,145.4373068295676,1,False,False
83315afffffffff,46.07954724785576,143.38251634596546,1,False,False
83315bfffffffff,45.72820861394296,144.56696902280092,1,False,False
83315cfffffffff,47.63675674465376,143.8767503950329,1,False,False
83315dfffffffff,47.28733999233135,145.1093505148593,1,False,False
83315efffffffff,47.02284556348544,143.02143131714902,1,False,False
833160fffffffff,51.82121350590554,144.62124679126856,1,False,False
833161fffffffff,51.48711957031735,145.9917997760057,1,False,False
833162fffffffff,51.115997683748255,143.60926836470156,1,False,False
833163fffffffff,50.839370282935306,144.9954417613999,1,False,False
833164fffffffff,52.62078225372406,144.03785421679115,1,False,False
833165fffffffff,52.48030749390235,145.6316066748964,1,False,False
833166fffffffff,51.89932840575605,143.01172279195575,1,False,False
833168fffffffff,50.12759336729912,147.67682740952046,1,False,False
83316afffffffff,49.50110344016353,146.666108114237,1,False,False
83316bfffffffff,49.12446762561251,147.97777159688155,1,False,False
83316cfffffffff,51.13183133162594,147.36238635337736,1,False,False
83316dfffffffff,50.75515055770047,148.7314396888843,1,False,False
83316efffffffff,50.493816191157954,146.33630711106645,1,False,False
833170fffffffff,50.45817898636583,141.09058155439126,1,False,False
833171fffffffff,50.41106791820515,142.63969059079798,1,False,False
833172fffffffff,49.740406519087536,140.19109499427788,1,False,False
833173fffffffff,49.707379736689546,141.71042511863982,1,False,False
833174fffffffff,51.21910331473356,140.43899351972445,1,False,False
833175fffffffff,51.178126536658674,142.03006162425197,1,False,False
833176fffffffff,50.48477096923556,139.53147518637678,1,False,False
833180fffffffff,43.221752490460254,131.1782742398564,1,False,False
833181fffffffff,43.509708153741535,132.300393942455,1,False,False
833182fffffffff,42.24715442359164,130.87809042739013,1,False,False
833183fffffffff,42.546660135042735,131.98496760123837,1,False,False
833184fffffffff,43.90107089322993,130.34105015098316,1,False,False
833185fffffffff,44.19346678123352,131.48753692768068,1,False,False
833186fffffffff,42.917698629694726,130.04787351804575,1,False,False
833188fffffffff,43.09933374550912,134.17235325765407,1,False,False
833189fffffffff,43.38374896804958,135.32696344039826,1,False,False
83318afffffffff,42.27448338208297,134.1246310062239,1,False,False
83318bfffffffff,42.56772497383579,135.27468468394648,1,False,False
83318cfffffffff,43.78191413270314,133.41347251695512,1,False,False
83318dfffffffff,44.03874238934944,134.51678931377333,1,False,False
83318efffffffff,42.83060564251871,133.08328803982008,1,False,False
833190fffffffff,40.943934865325886,129.48723622685085,1,False,False
833191fffffffff,41.30043720941009,130.6502989219141,1,False,False
833192fffffffff,40.068402837148646,129.45863243509407,1,False,False
833193fffffffff,40.43367274156677,130.6169372559182,1,False,False
833194fffffffff,41.60021595519916,128.64163964859708,1,False,False
833195fffffffff,41.93177004099486,129.76339144311476,1,False,False
833196fffffffff,40.6016575176717,128.381216615764,1,False,False
833198fffffffff,41.116581441022966,132.92719673895346,1,False,False
833199fffffffff,41.4343765932537,134.07729431968323,1,False,False
83319afffffffff,40.252130680816535,132.88480342412174,1,False,False
83319bfffffffff,40.578959234619205,134.03033860800596,1,False,False
83319cfffffffff,41.64097324053861,131.81151433754368,1,False,False
83319dfffffffff,41.9656170948087,132.96993597507924,1,False,False
83319efffffffff,40.78304642617008,131.77343708763595,1,False,False
8331a0fffffffff,45.572333285481335,129.76625021306444,1,False,False
8331a1fffffffff,45.85757539181685,130.95506432594308,1,False,False
8331a2fffffffff,44.58394010564888,129.47190725034037,1,False,False
8331a3fffffffff,44.88124225762419,130.6433100411556,1,False,False
8331a4fffffffff,46.26597371740855,128.85484001074386,1,False,False
8331a5fffffffff,46.55655433610228,130.0700701467286,1,False,False
8331a6fffffffff,45.269621471322914,128.56940844937472,1,False,False
8331a8fffffffff,45.42560252485918,132.95995415503154,1,False,False
8331a9fffffffff,45.67345407742496,134.1035263006521,1,False,False
8331aafffffffff,44.46956004142054,132.6252535469487,1,False,False
8331abfffffffff,44.729729442454655,133.75341395912332,1,False,False
8331acfffffffff,46.1257359025541,132.1349187773553,1,False,False
8331adfffffffff,46.37723059143918,133.30492589876116,1,False,False
8331aefffffffff,45.16166831539802,131.80627782605157,1,False,False
8331b0fffffffff,43.26598881656432,128.02510844338292,1,False,False
8331b1fffffffff,43.59201945857016,129.18661948365212,1,False,False
8331b2fffffffff,42.26003893321858,127.76545166284426,1,False,False
8331b3fffffffff,42.59722473927231,128.90998889624868,1,False,False
8331b4fffffffff,43.93731659293091,127.10742205080034,1,False,False
8331b5fffffffff,44.26940610872587,128.2929665351119,1,False,False
8331b6fffffffff,42.92268798886492,126.85741441481036,1,False,False
833800fffffffff,19.285491380538428,19.42872267233644,1,False,False
833801fffffffff,18.76191584707132,20.386492604121425,1,False,False
833802fffffffff,18.73838086059036,18.41610299717229,1,False,False
833803fffffffff,18.218596958017898,19.3686935007688,1,False,False
833805fffffffff,19.82698562363254,20.44809676006404,1,False,False
833806fffffffff,19.804044004671752,18.464837792042847,1,False,False
833808fffffffff,17.142141780383994,21.287302438441063,1,False,False
83380afffffffff,16.599730902188746,20.26375339874977,1,False,False
83380bfffffffff,16.04734892993527,21.224612491490333,1,False,False
83380cfffffffff,18.226869797718205,21.35015019228906,1,False,False
83380efffffffff,17.685962217587843,20.325044968665765,1,False,False
833810fffffffff,18.686820451712272,16.430399925535887,1,False,False
833811fffffffff,18.18482784320813,17.408187809074295,1,False,False
833812fffffffff,18.11913193566433,15.421859670535396,1,False,False
833813fffffffff,17.62542360443812,16.40556351059975,1,False,False
833814fffffffff,19.75988174461395,16.455827861495543,1,False,False
833815fffffffff,19.24866325876506,17.44492199331558,1,False,False
833816fffffffff,19.18952898961982,15.435232203247764,1,False,False
833818fffffffff,16.593337357198852,18.30198644201005,1,False,False
833819fffffffff,16.054024616791555,19.249096957105024,1,False,False
83381afffffffff,16.042922911300533,17.305032273490646,1,False,False
83381bfffffffff,15.505675332471885,18.243845542737425,1,False,False
83381cfffffffff,17.67159310895446,18.36027828994196,1,False,False
83381dfffffffff,17.141234240326725,19.308818416441945,1,False,False
83381efffffffff,17.121555235482642,17.361733610297915,1,False,False
833832fffffffff,20.844035394771453,16.481868694878496,1,False,False
833833fffffffff,20.323767506132068,17.482532825694005,1,False,False
83385afffffffff,12.066649895009936,24.00473257651998,1,False,False
83385bfffffffff,11.693663598809318,24.600223899676497,1,False,False
833880fffffffff,15.341645478738226,12.459000959983944,1,False,False
833881fffffffff,14.88094281748797,13.444812081184956,1,False,False
833882fffffffff,14.762333202436889,11.49090368005439,1,False,False
833883fffffffff,14.309405419968025,12.479842924338447,1,False,False
833884fffffffff,16.38737915787457,12.437675275534772,1,False,False
833885fffffffff,15.918251465667502,13.435003708660416,1,False,False
833886fffffffff,15.802744878756757,11.458485653399226,1,False,False
833888fffffffff,13.298742565180024,14.325986258113016,1,False,False
833889fffffffff,12.758008818157542,15.235924602232414,1,False,False
83388afffffffff,12.74676454990936,13.374288316748023,1,False,False
83388bfffffffff,12.207599523305287,14.274343729090218,1,False,False
83388cfffffffff,14.383012927383842,14.377766596856892,1,False,False
83388dfffffffff,13.851237703409913,15.28915327168114,1,False,False
83388efffffffff,13.828919314780691,13.424484415050811,1,False,False
833890fffffffff,14.626369031445922,9.526245507197006,1,False,False
833891fffffffff,14.180957746237327,10.531162011210432,1,False,False
833892fffffffff,14.035945496462114,8.57404184602037,1,False,False
833893fffffffff,13.598159068474224,9.58019962127886,1,False,False
833894fffffffff,15.668432081504,9.471045487498689,1,False,False
833895fffffffff,15.215521039360612,10.487863194311135,1,False,False
833896fffffffff,15.071393055305885,8.508193950002529,1,False,False
833898fffffffff,12.723174470939863,11.553568881289603,1,False,False
833899fffffffff,12.195893658647195,12.43437142171222,1,False,False
83389afffffffff,12.154210420470402,10.614875494128595,1,False,False
83389bfffffffff,11.646699724381907,11.506514526197453,1,False,False
83389cfffffffff,13.735684539181785,11.52258992849384,1,False,False
83389dfffffffff,13.275445566790465,12.48299133463623,1,False,False
83389efffffffff,13.160403121569468,10.573488666871809,1,False,False
8338a0fffffffff,18.032005921448683,13.414692950004202,1,False,False
8338a1fffffffff,17.546230346214156,14.419867585584724,1,False,False
8338a2fffffffff,17.446162245807315,12.415848839445164,1,False,False
8338a3fffffffff,16.968761158037136,13.424966694400572,1,False,False
8338a4fffffffff,19.10747336094489,13.40417400103663,1,False,False
8338a5fffffffff,18.61335123994401,14.421332996259723,1,False,False
8338a6fffffffff,18.517503729287395,12.393503811408552,1,False,False
8338a8fffffffff,16.01497022391706,15.396034771066027,1,False,False
8338a9fffffffff,15.49063860076251,16.31840580241594,1,False,False
8338aafffffffff,15.449672110667253,14.41703728300522,1,False,False
8338abfffffffff,14.937125113163871,15.34252317134328,1,False,False
8338acfffffffff,17.06077640226996,15.408797417767298,1,False,False
8338adfffffffff,16.56913276832823,16.373512660563183,1,False,False
8338aefffffffff,16.491508229049355,14.418436068652,1,False,False
8338b0fffffffff,17.325027895607263,10.398212167560828,1,False,False
8338b1fffffffff,16.856497504855255,11.425310223796435,1,False,False
8338b2fffffffff,16.723924048293977,9.414556008626018,1,False,False
8338b3fffffffff,16.263693346986695,10.443558385287654,1,False,False
8338b4fffffffff,18.39903038570884,10.351787445003657,1,False,False
8338b5fffffffff,17.92312198382095,11.3913505570214,1,False,False
8338b6fffffffff,17.79237311816682,9.356731468212304,1,False,False
8338c0fffffffff,11.6205001368966,19.01173816091498,1,False,False
8338c1fffffffff,11.038415800718436,19.959620670996824,1,False,False
8338c2fffffffff,11.07496724545428,18.012782123955855,1,False,False
8338c3fffffffff,10.494703894433949,18.95277792910132,1,False,False
8338c4fffffffff,12.740114726407048,19.07084972205876,1,False,False
8338c5fffffffff,12.165560561647045,20.02013870643877,1,False,False
8338c6fffffffff,12.19316639384172,18.07032387978404,1,False,False
8338c8fffffffff,9.307576548246796,20.851761937184232,1,False,False
8338c9fffffffff,8.701608890659035,21.809822280684184,1,False,False
8338cafffffffff,8.767456051171553,19.839044215030714,1,False,False
8338cbfffffffff,8.163230370555945,20.79016424536628,1,False,False
8338ccfffffffff,10.44731567793148,20.913514342828726,1,False,False
8338cdfffffffff,9.84764188456419,21.87294297793268,1,False,False
8338cefffffffff,9.905430776439133,19.89925599008387,1,False,False
8338d0fffffffff,11.09873435528898,16.099423334695853,1,False,False
8338d1fffffffff,10.529588937755625,17.023737059164898,1,False,False
8338d2fffffffff,10.55248180634679,15.129889082126123,1,False,False
8338d3fffffffff,9.98497785010835,16.04503661694287,1,False,False
8338d4fffffffff,12.20694873935589,16.153953145124284,1,False,False
8338d5fffffffff,11.645831858144485,17.07970279746924,1,False,False
8338d6fffffffff,11.658170165836392,15.182836694658087,1,False,False
8338d8fffffffff,8.822305916542692,17.898144038829454,1,False,False
8338d9fffffffff,8.22790350392767,18.835309630590537,1,False,False
8338dafffffffff,8.282290767721983,16.912242285726556,1,False,False
8338dbfffffffff,7.689527278640473,17.84104678995535,1,False,False
8338dcfffffffff,9.951070214483854,17.955388997098773,1,False,False
8338ddfffffffff,9.363554117862796,18.893968570634563,1,False,False
8338defffffffff,9.408131490357722,16.96791704286733,1,False,False
8338e0fffffffff,14.399064421860796,20.141636640150267,1,False,False
8338e1fffffffff,13.830301558277045,21.099704242668384,1,False,False
8338e2fffffffff,13.852747490240429,19.13011306957098,1,False,False
8338e3fffffffff,13.286041317359942,20.080810545992776,1,False,False
8338e4fffffffff,15.503869271714166,20.20261744030548,1,False,False
8338e5fffffffff,14.943164574329671,21.16207990735204,1,False,False
8338e6fffffffff,14.957629263083923,19.189528661540983,1,False,False
8338e8fffffffff,12.123543184332894,21.99965494465671,1,False,False
8338e9fffffffff,11.528570042561146,22.96682062987324,1,False,False
8338eafffffffff,11.581575721581288,20.97542190191379,1,False,False
8338ebfffffffff,10.9885760831516,21.93622038945044,1,False,False
8338eefffffffff,12.709510175571875,21.03748505481614,1,False,False
8338f0fffffffff,13.859470025390628,17.192073298034384,1,False,False
8338f1fffffffff,13.30486279776482,18.12801472615496,1,False,False
8338f2fffffffff,13.308836853225774,16.20862651451722,1,False,False
8338f3fffffffff,12.756052535188472,17.13581472193781,1,False,False
8338f4fffffffff,14.955333106198928,17.248478992527787,1,False,False
8338f5fffffffff,14.409280507432085,18.18585512582595,1,False,False
8338f6fffffffff,14.403642185307213,16.263443910576296,1,False,False
833900fffffffff,28.00582400636961,19.89621386296971,1,False,False
833901fffffffff,27.343274902837187,20.865940098557232,1,False,False
833902fffffffff,27.55033919379328,18.73072992933886,1,False,False
833903fffffffff,26.89664482180428,19.712430387610706,1,False,False
833904fffffffff,29.12086372879752,20.084866025999816,1,False,False
833905fffffffff,28.4489831440469,21.06501870330451,1,False,False
833906fffffffff,28.66869162510226,18.90363199817746,1,False,False
833908fffffffff,25.592347299877968,21.60941911211947,1,False,False
833909fffffffff,24.94332088182871,22.52519502992068,1,False,False
83390afffffffff,25.15107967701713,20.48276739782697,1,False,False
83390bfffffffff,24.509974742706657,21.410815184199667,1,False,False
83390cfffffffff,26.68189254108273,21.81305456676772,1,False,False
83390dfffffffff,26.022480552297896,22.737839323555185,1,False,False
83390efffffffff,26.24371070294963,20.671918320888548,1,False,False
833911fffffffff,27.082983491701164,17.56951238326917,1,False,False
833915fffffffff,28.203941020569307,17.726633174796955,1,False,False
83391cfffffffff,26.43837789996111,18.562304233281605,1,False,False
83391dfffffffff,25.79413833524896,19.53333316588535,1,False,False
833920fffffffff,30.67553040186676,21.47913752355037,1,False,False
833922fffffffff,30.240923256282457,20.278578683472507,1,False,False
833923fffffffff,29.56001670721408,21.26934944056906,1,False,False
833929fffffffff,27.52255390656494,24.099376255394017,1,False,False
83392afffffffff,27.77784492575165,22.021909862150967,1,False,False
83392bfffffffff,27.108290163740023,22.955842848185544,1,False,False
83392efffffffff,28.87940847537397,22.23618253617453,1,False,False
833931fffffffff,29.792600707859407,19.081188022432528,1,False,False
833964fffffffff,29.514781719384285,30.27101796232245,1,False,False
833965fffffffff,29.6372627570124,31.42300959965084,1,False,False
833966fffffffff,28.52485581580932,29.834294654550643,1,False,False
833970fffffffff,25.77706071586041,24.75621502154928,1,False,False
833971fffffffff,25.11683027561411,25.623414165436607,1,False,False
833972fffffffff,25.36579640852957,23.640609827893755,1,False,False
833974fffffffff,26.847921848457144,24.99649068012491,1,False,False
833975fffffffff,26.176814236400794,25.871165189383007,1,False,False
833976fffffffff,26.44111326958901,23.86715543426148,1,False,False
833988fffffffff,20.782611344955367,14.424370430568798,1,False,False
833989fffffffff,20.271414511031104,15.448926202834782,1,False,False
83398afffffffff,20.194604811916427,13.393400963723137,1,False,False
83398bfffffffff,19.69233779433185,14.4228335188393,1,False,False
833992fffffffff,21.55378138774942,8.079054329537648,1,False,False
833993fffffffff,21.07002747861636,9.17475810660525,1,False,False
833998fffffffff,20.09287394736849,11.320964689478268,1,False,False
833999fffffffff,19.6008657547914,12.370621493793154,1,False,False
83399afffffffff,19.48515892929224,10.30424534135119,1,False,False
83399bfffffffff,19.00210195977444,11.356578537208089,1,False,False
83399cfffffffff,21.19482784061351,11.284478096902411,1,False,False
83399dfffffffff,20.695663953822613,12.347182279537014,1,False,False
83399efffffffff,20.582824358074525,10.25554509230606,1,False,False
833c0dfffffffff,18.4900870869234,109.72542816196508,1,False,False
833c10fffffffff,-49.67534619452557,59.144955730339305,1,False,False
833c11fffffffff,-50.34113656403116,60.52386349329179,1,False,False
833c12fffffffff,-50.034041047312,57.54992556443979,1,False,False
833c13fffffffff,-50.7223306899863,58.9194766554267,1,False,False
833c14fffffffff,-48.64128485051919,59.35823414832674,1,False,False
833c15fffffffff,-49.29844525771831,60.7024771264856,1,False,False
833c16fffffffff,-48.99648196749186,57.80920479863458,1,False,False
833c18fffffffff,-52.05538234893686,61.79651664066539,1,True,False
833c19fffffffff,-52.69696158468084,63.30484281781106,1,True,False
833c1afffffffff,-52.464426634585074,60.13445169634559,1,True,False
833c1bfffffffff,-53.13053533538955,61.63748237500324,1,True,False
833c1cfffffffff,-50.99234645262767,61.94637824896722,1,False,False
833c1efffffffff,-51.396639350368986,60.33483306194351,1,False,False
833c20fffffffff,19.63449228678922,104.92001696686783,1,False,False
833c21fffffffff,20.052830851716543,106.02414110462648,1,False,False
833c23fffffffff,18.982942034624585,105.81551059504804,1,False,False
833c24fffffffff,20.289049548030224,104.00674660590032,1,False,False
833c25fffffffff,20.71465617009881,105.120543797818,1,False,False
833c26fffffffff,19.208467030127057,103.81914822393117,1,False,False
833c28fffffffff,19.797808989167265,108.005424450067,1,False,False
833c29fffffffff,20.19293103604936,109.10221160257304,1,False,False
833c2afffffffff,18.73986057685116,107.77702493989746,1,False,False
833c2bfffffffff,19.13691822273483,108.86182983987396,1,False,False
833c2cfffffffff,20.46303158320813,107.13071201502628,1,False,False
833c2efffffffff,19.394346363238974,106.90959116813946,1,False,False
833c30fffffffff,-47.21117733812018,60.98654528718947,1,False,False
833c32fffffffff,-47.60518648563729,59.52983146567841,1,False,False
833c33fffffffff,-48.26233011157232,60.85760872691496,1,False,False
833c36fffffffff,-46.55142651978089,59.6756627966755,1,False,False
833c64fffffffff,32.398584472789985,111.55649410496918,1,False,False
833c65fffffffff,32.986147940555654,112.64499593617327,1,False,False
833c76fffffffff,19.52585837648946,109.9469547117209,1,False,False
833c80fffffffff,-52.03846385004637,52.123029078369285,1,True,False
833c81fffffffff,-52.806390526561685,53.47636164115476,1,True,False
833c82fffffffff,-52.30846719541984,50.33833711803439,1,True,False
833c83fffffffff,-53.09952432887101,51.66712840896646,1,True,False
833c84fffffffff,-50.98735080788232,52.553126583518186,1,False,False
833c85fffffffff,-51.74353053978403,53.87565134460368,1,True,False
833c86fffffffff,-51.2598906916746,50.822886460606384,1,True,False
833c88fffffffff,-54.64564563478352,54.49631728423408,1,True,False
833c8cfffffffff,-53.56190325265622,54.88461093498104,1,True,False
833c8dfffffffff,-54.30317569641832,56.34938105443826,1,True,False
833c8efffffffff,-53.87920319160553,53.052467861298894,1,True,False
833c90fffffffff,-51.73006652166882,47.27928053094844,1,True,False
833c91fffffffff,-52.55234166808428,48.5242403816018,1,True,False
833c92fffffffff,-51.92566524926291,45.471548958146464,1,True,False
833c94fffffffff,-50.69929435572213,47.842153328543965,1,True,False
833c95fffffffff,-51.50781967585014,49.0640454152867,1,True,False
833c96fffffffff,-50.901046803241655,46.08746482190928,1,True,False
833c9cfffffffff,-53.3661607355272,49.824722847285855,1,True,False
833c9dfffffffff,-54.16972750989245,51.18309402161665,1,True,False
833ca0fffffffff,-49.65055835958913,54.60838596334569,1,False,False
833ca1fffffffff,-50.37315966194477,55.91857520999191,1,False,False
833ca2fffffffff,-49.94692192095478,52.95950664570128,1,False,False
833ca3fffffffff,-50.69136161079984,54.25238307675569,1,False,False
833ca4fffffffff,-48.62173340185738,54.94529967936293,1,False,False
833ca5fffffffff,-49.333331981625214,56.22548178836509,1,False,False
833ca6fffffffff,-48.917848018952384,53.34404073900411,1,False,False
833ca8fffffffff,-52.14604419188933,56.985215868942994,1,True,False
833ca9fffffffff,-52.852943177401805,58.42750814842388,1,True,False
833caafffffffff,-52.48809264649916,55.249804721156885,1,True,False
833cabfffffffff,-53.21930132024035,56.676994345460685,1,True,False
833cacfffffffff,-51.08408352904279,57.27570150325129,1,False,False
833cadfffffffff,-51.781720235148775,58.68072680883174,1,False,False
833caefffffffff,-51.42495234935285,55.59387324136964,1,False,False
833cb0fffffffff,-49.44680210973426,50.05678187944626,1,False,False
833cb1fffffffff,-50.22123456606595,51.28070633267542,1,False,False
833cb2fffffffff,-49.6775437726868,48.37486364411843,1,False,False
833cb3fffffffff,-50.47237331367309,49.57412069615907,1,False,False
833cb4fffffffff,-48.43183399372519,50.5141178888252,1,False,False
833cb5fffffffff,-49.19323210408966,51.71389519153632,1,False,False
833cb6fffffffff,-48.665608020577295,48.87968754711573,1,False,False
833cc9fffffffff,23.577924088883385,119.26937103769107,1,False,False
833ccbfffffffff,22.455629926419626,119.28216535260016,1,False,False
833ce6fffffffff,-53.77836518684521,63.190195483996426,1,True,False
833cf0fffffffff,-54.63448806839415,59.69530891060876,1,True,False
833cf4fffffffff,-53.54391976292554,59.92167072072599,1,True,False
833cf5fffffffff,-54.21721867443475,61.46840940418935,1,True,False
833cf6fffffffff,-53.935373546155645,58.15847516461724,1,True,False
833d01fffffffff,29.18064590932249,100.6670319299874,1,False,False
833d05fffffffff,29.58121385850776,99.46320103719262,1,False,False
833d08fffffffff,29.46621555503948,102.88635281941326,1,False,False
833d09fffffffff,30.14991682990137,103.93383336773412,1,False,False
833d0afffffffff,20.94591047450225,103.07564283318996,1,False,False
833d0bfffffffff,29.040419851292587,104.04714963020768,1,False,False
833d0cfffffffff,29.885936396418124,101.7041970659114,1,False,False
833d0dfffffffff,30.581894440243047,102.754362572002,1,False,False
833d0efffffffff,28.773044937263467,101.85095098853822,1,False,False
833d12fffffffff,-42.64108246399963,58.8563242067438,1,False,False
833d19fffffffff,19.855592221550587,102.89695256811426,1,False,False
833d1dfffffffff,20.50469322774353,101.95737353819192,1,False,False
833d21fffffffff,31.100384883779792,98.03441594288006,1,False,False
833d23fffffffff,29.9739487274114,98.24004095875314,1,False,False
833d25fffffffff,31.48752972732115,96.77212231369828,1,False,False
833d28fffffffff,31.42479795664623,100.33013245390076,1,False,False
833d29fffffffff,32.135861564118834,101.39707256681277,1,False,False
833d2afffffffff,30.29875871803116,100.5011213575877,1,False,False
833d2bfffffffff,31.007141253753403,101.55297266696716,1,False,False
833d2cfffffffff,31.834000568467097,99.0864057066167,1,False,False
833d2dfffffffff,32.557939270982224,100.15383162285332,1,False,False
833d2efffffffff,30.703852122158683,99.27765407037327,1,False,False
833d40fffffffff,33.25582418554018,107.07489130013774,1,False,False
833d41fffffffff,33.892986301213604,108.18205973415898,1,False,False
833d42fffffffff,32.13620899788137,107.1435389148712,1,False,False
833d43fffffffff,32.774206268344024,108.23391506029664,1,False,False
833d44fffffffff,33.731713097652914,105.890144596682,1,False,False
833d45fffffffff,34.38156997549356,107.00406801366634,1,False,False
833d46fffffffff,32.60540357254608,105.97790661567754,1,False,False
833d48fffffffff,34.00997820812272,110.44144835142124,1,False,False
833d49fffffffff,34.6065546348877,111.55716212874434,1,False,False
833d4afffffffff,32.90056621281339,110.458239323876,1,False,False
833d4bfffffffff,33.49964631978906,111.55682297200714,1,False,False
833d4cfffffffff,34.51622552863493,109.29871653247132,1,False,False
833d4dfffffffff,35.1249261428818,110.4241255463106,1,False,False
833d4efffffffff,33.399003792681086,109.33345274452068,1,False,False
833d50fffffffff,30.3733422362041,106.14551442017192,1,False,False
833d51fffffffff,31.023526714298622,107.21010940699868,1,False,False
833d52fffffffff,29.269151039768563,106.22559402256546,1,False,False
833d53fffffffff,29.91854850176476,107.27469547326103,1,False,False
833d54fffffffff,30.823333564307163,104.99289309405393,1,False,False
833d55fffffffff,31.48568097677128,106.06298973830444,1,False,False
833d56fffffffff,29.712057641820973,105.0910074419904,1,False,False
833d58fffffffff,31.18336382194225,109.3997870116863,1,False,False
833d59fffffffff,31.79747442145809,110.47452258256766,1,False,False
833d5cfffffffff,31.661899775281626,108.2841926263738,1,False,False
833d5dfffffffff,32.28778940895445,109.36712692061614,1,False,False
833d5efffffffff,30.556843906292947,108.33296328716922,1,False,False
833d60fffffffff,35.33862690899145,104.56877848339153,1,False,False
833d61fffffffff,36.00075696227807,105.70606315035874,1,False,False
833d62fffffffff,34.20091806841948,104.67985583422218,1,False,False
833d63fffffffff,34.86378232051276,105.79957556953308,1,False,False
833d64fffffffff,35.8050888575076,103.31197852941932,1,False,False
833d65fffffffff,36.48081884280764,104.45406088195548,1,False,False
833d66fffffffff,34.662464310503694,103.44430489123891,1,False,False
833d68fffffffff,36.1467168760562,108.07330948123598,1,False,False
833d69fffffffff,36.76543448534467,109.22585059755671,1,False,False
833d6afffffffff,35.017433804481584,108.12855128566864,1,False,False
833d6bfffffffff,35.63864636659627,109.26286726359996,1,False,False
833d6cfffffffff,36.64810709353212,106.85546811200204,1,False,False
833d6dfffffffff,37.27998121701584,108.0162488164266,1,False,False
833d6efffffffff,35.5126159822329,106.9309641856937,1,False,False
833d70fffffffff,32.39289230505748,103.69665703898124,1,False,False
833d71fffffffff,33.06856995175761,104.78746270177308,1,False,False
833d72fffffffff,31.267668092399298,103.8170558473535,1,False,False
833d73fffffffff,31.942434312338616,104.89175850632654,1,False,False
833d74fffffffff,32.836143261482185,102.47801961950536,1,False,False
833d75fffffffff,33.524773546047186,103.57246695929844,1,False,False
833d76fffffffff,31.70547292865396,102.6183143244495,1,False,False
833d80fffffffff,-44.83688779069574,54.54717667678345,1,False,False
833d81fffffffff,-45.54747441030726,55.74368550352008,1,False,False
833d82fffffffff,-45.16327697430761,53.16194595380198,1,False,False
833d83fffffffff,-45.88401710912832,54.33830699203399,1,False,False
833d84fffffffff,-43.778447868156185,54.75065493109849,1,False,False
833d85fffffffff,-44.48935384929064,55.93420500695802,1,False,False
833d86fffffffff,-44.11600451356013,53.383055377603526,1,False,False
833d88fffffffff,-47.29175046175622,56.79139635749205,1,False,False
833d89fffffffff,-47.97191619515912,58.05471870284169,1,False,False
833d8afffffffff,-47.60543917438945,55.264597965288026,1,False,False
833d8bfffffffff,-48.30602823842115,56.51600062857573,1,False,False
833d8cfffffffff,-46.24653855912472,56.97286490874803,1,False,False
833d8dfffffffff,-46.93285109828182,58.2348933428177,1,False,False
833d8efffffffff,-46.59391939703027,55.54801919441695,1,False,False
833d90fffffffff,-44.72939724772677,50.65860001988341,1,False,False
833d91fffffffff,-45.45681081502362,51.752188324313096,1,False,False
833d92fffffffff,-44.95088624019792,49.17150727103912,1,False,False
833d93fffffffff,-45.695550130478914,50.24651876578982,1,False,False
833d94fffffffff,-43.69416758833356,50.90755819274709,1,False,False
833d95fffffffff,-44.43292375668936,52.0185268783666,1,False,False
833d96fffffffff,-43.9823997081195,49.569850110799386,1,False,False
833d98fffffffff,-47.17178579787491,52.513755565520135,1,False,False
833d99fffffffff,-47.90073617130497,53.70841231727345,1,False,False
833d9afffffffff,-47.42812803471999,50.948017029769794,1,False,False
833d9bfffffffff,-48.17654899894095,52.12434295092012,1,False,False
833d9cfffffffff,-46.17948036651616,52.88367632108776,1,False,False
833d9dfffffffff,-46.89613185626082,54.05413937008888,1,False,False
833d9efffffffff,-46.436277149872986,51.360189721864025,1,False,False
833da0fffffffff,-42.34041903102402,56.30057947576163,1,False,False
833da1fffffffff,-43.04100094480899,57.48885102650048,1,False,False
833da2fffffffff,-42.7092876966594,54.94894290425934,1,False,False
833da3fffffffff,-43.42013050507601,56.11977408913114,1,False,False
833da4fffffffff,-41.25087486415911,56.47679880734795,1,False,False
833da5fffffffff,-41.9511769367023,57.6519737353384,1,False,False
833da6fffffffff,-41.630038210894,55.14223211105941,1,False,False
833da8fffffffff,-44.80944748115372,58.55397571665836,1,False,False
833da9fffffffff,-45.4854951587204,59.817503842541626,1,False,False
833daafffffffff,-45.18929983627542,57.14947210467364,1,False,False
833dabfffffffff,-45.87706395290246,58.3966107197216,1,False,False
833dacfffffffff,-43.7305798259433,58.7071594260002,1,False,False
833dadfffffffff,-44.407950556303405,59.955514498717534,1,False,False
833daefffffffff,-44.120588292012165,57.32140748421359,1,False,False
833db0fffffffff,-42.3286136200742,52.47759830792727,1,False,False
833db1fffffffff,-43.05779909198992,53.59856709155973,1,False,False
833db2fffffffff,-42.64819627326112,51.15039613869752,1,False,False
833db3fffffffff,-43.38604059652511,52.25094671554642,1,False,False
833db4fffffffff,-41.26126421249397,52.69868692304164,1,False,False
833db5fffffffff,-41.98926729339048,53.80868513678846,1,False,False
833db6fffffffff,-41.59208051210173,51.38732838952456,1,False,False
833e00fffffffff,2.791344910664202,31.917899824843428,1,False,False
833e01fffffffff,2.0980740365926587,32.8755164855824,1,False,False
833e02fffffffff,2.3085508705706506,30.838456599771234,1,False,False
833e03fffffffff,1.6160981461764992,31.79627816116776,1,False,False
833e04fffffffff,3.96657909252437,32.03976503109488,1,False,False
833e05fffffffff,3.2731489757201326,32.99822943216415,1,False,False
833e06fffffffff,3.4838363740065854,30.9591532393038,1,False,False
833e08fffffffff,0.2315045286083442,33.70821109241806,1,False,False
833e09fffffffff,-0.4590787028214613,34.661266484178434,1,False,False
833e0afffffffff,-0.2496049334053541,32.630800022130835,1,False,False
833e0bfffffffff,-0.9398118251251434,33.58517999811731,1,False,False
833e0cfffffffff,1.4048079362423231,33.83147145273709,1,False,False
833e0dfffffffff,0.712328267748043,34.78523849790336,1,False,False
833e0efffffffff,0.923488870002197,32.75303987090799,1,False,False
833e10fffffffff,2.5158498059769494,28.80339322284107,1,False,False
833e11fffffffff,1.8253501510203176,29.76066345606052,1,False,False
833e12fffffffff,2.031776360681306,27.72975477716603,1,False,False
833e13fffffffff,1.3423256791513547,28.685277095233687,1,False,False
833e14fffffffff,3.689860879495156,28.921772402631014,1,False,False
833e15fffffffff,3.000064694925422,29.880109366443648,1,False,False
833e16fffffffff,3.204479222349873,27.84673397605324,1,False,False
833e18fffffffff,-0.0395507972295423,30.59781558266499,1,False,False
833e19fffffffff,-0.730422275744431,31.553766904907363,1,False,False
833e1afffffffff,-0.5201148330863526,29.52254347227152,1,False,False
833e1bfffffffff,-1.210371403290318,30.47787175745156,1,False,False
833e1cfffffffff,1.1337546141895596,30.718010620497427,1,False,False
833e1dfffffffff,0.4418427900781874,31.674900403462,1,False,False
833e1efffffffff,0.6516246456000407,29.641474758572084,1,False,False
833e22fffffffff,5.140796701099539,32.16187340625718,1,False,False
833e29fffffffff,2.364155687494312,35.9861578721289,1,False,False
833e2afffffffff,2.5791014239697723,33.954960576416084,1,False,False
833e2bfffffffff,1.885221523623436,34.90943137668367,1,False,False
833e30fffffffff,5.348452573825935,30.11977198365233,1,False,False
833e31fffffffff,4.6586069701581465,31.08010024784245,1,False,False
833e32fffffffff,4.863358567285809,29.04041450028476,1,False,False
833e33fffffffff,4.174766196141917,29.999812281628703,1,False,False
833e34fffffffff,6.52012684071712,30.239988244610004,1,False,False
833e35fffffffff,5.831861061809607,31.201297323999803,1,False,False
833e36fffffffff,6.035345077799519,29.15931937186761,1,False,False
833e40fffffffff,-2.0344262262278687,38.56819082440955,1,False,False
833e41fffffffff,-2.711640182758621,39.50343479854675,1,False,False
833e42fffffffff,-2.514830400442848,37.50259914493588,1,False,False
833e43fffffffff,-3.1923033402027152,38.44210218847898,1,False,False
833e44fffffffff,-0.8731580457327041,38.69446604410837,1,False,False
833e45fffffffff,-1.5547210797564357,39.63004747129943,1,False,False
833e46fffffffff,-1.3527057706740473,37.62826841456539,1,False,False
833e49fffffffff,-5.952670082710267,39.0238445835977,1,False,False
833e4afffffffff,-5.013037155477294,39.25074281395531,1,False,False
833e4dfffffffff,-4.841490035907387,39.31715686654595,1,False,False
833e4efffffffff,-3.864720982556317,39.37699962750962,1,False,False
833e50fffffffff,-2.3134407351775303,35.48729007133292,1,False,False
833e51fffffffff,-2.9953665193262022,36.433993235013816,1,False,False
833e52fffffffff,-2.793485604248602,34.413987317748656,1,False,False
833e53fffffffff,-3.475463092890869,35.36310635689446,1,False,False
833e54fffffffff,-1.147494330075873,35.61168770776262,1,False,False
833e55fffffffff,-1.8329897719242163,36.55896507835133,1,False,False
833e56fffffffff,-1.628009206580317,34.53751590454608,1,False,False
833e58fffffffff,-4.826477410744552,37.251850082007735,1,False,False
833e59fffffffff,-5.494134664406242,38.19048787957486,1,False,False
833e5afffffffff,-5.306042556301698,36.18466695002351,1,False,False
833e5bfffffffff,-5.9741470043700335,37.12677176149115,1,False,False
833e5cfffffffff,-3.673067013839781,37.37712612030973,1,False,False
833e5dfffffffff,-4.345846649335074,38.316200941637305,1,False,False
833e5efffffffff,-4.153361301442553,36.3092269677417,1,False,False
833e60fffffffff,0.7668370620331294,39.8838018521925,1,False,False
833e61fffffffff,0.4590734527633444,41.038061514337066,1,False,False
833e62fffffffff,0.2905416583937613,38.820927032619366,1,False,False
833e63fffffffff,-0.3949088335638744,39.7568367806617,1,False,False
833e64fffffffff,1.9295474577596468,40.010941802120094,1,False,False
833e65fffffffff,1.6086674882789522,41.2340758849899,1,False,False
833e66fffffffff,1.455701188966344,38.94757296534723,1,False,False
833e68fffffffff,-2.606035045025104,39.904459339290085,1,False,False
833e69fffffffff,-3.403615285418964,40.71631932491236,1,False,False
833e6afffffffff,-1.834891378663596,40.64695567198864,1,False,False
833e6bfffffffff,-3.725641693530025,39.61070016988316,1,False,False
833e6cfffffffff,-0.2758117497719456,41.92102579513025,1,False,False
833e6dfffffffff,-2.286145194783465,41.00957836644725,1,False,False
833e6efffffffff,-0.6890985459071717,40.84235349722102,1,False,False
833e70fffffffff,0.5010796582895827,36.80952274902014,1,False,False
833e71fffffffff,-0.1876505736334688,37.754133178004096,1,False,False
833e72fffffffff,0.0214097293016992,35.73629864360343,1,False,False
833e73fffffffff,-0.667184268869825,36.68414181422037,1,False,False
833e74fffffffff,1.6708192930099044,36.93510717906247,1,False,False
833e75fffffffff,0.979363091937028,37.88019267417183,1,False,False
833e76fffffffff,1.192290168575437,35.861122246067126,1,False,False
833e80fffffffff,-0.5765578277417612,24.42251532791337,1,False,False
833e81fffffffff,-1.2633174208917186,25.367544736257425,1,False,False
833e82fffffffff,-1.0502099252993746,23.370054664544423,1,False,False
833e83fffffffff,-1.7358899161392582,24.31071736714385,1,False,False
833e84fffffffff,0.5861619076104663,24.53459412216154,1,False,False
833e85fffffffff,-0.0999394990549548,25.480955354298047,1,False,False
833e86fffffffff,0.1083584451640948,23.480464776059936,1,False,False
833e88fffffffff,-3.110215826042388,26.20063710236762,1,False,False
833e89fffffffff,-3.797345515401599,27.14888685682381,1,False,False
833e8afffffffff,-3.577479778548692,25.14155508642992,1,False,False
833e8bfffffffff,-4.263953014957452,26.086496500917026,1,False,False
833e8cfffffffff,-1.951167520558785,26.315050800010653,1,False,False
833e8dfffffffff,-2.639346654201722,27.26452326976553,1,False,False
833e8efffffffff,-2.4228102611536446,25.25441135910688,1,False,False
833e90fffffffff,-0.8379502868965644,21.39257096305728,1,False,False
833e91fffffffff,-1.52038457169739,22.3242266230997,1,False,False
833e92fffffffff,-1.305459671387377,20.36004283745262,1,False,False
833e93fffffffff,-1.9865924341495471,21.28565859804656,1,False,False
833e94fffffffff,0.3144629580299923,21.49977115746937,1,False,False
833e95fffffffff,-0.3665153213536458,22.432913055826354,1,False,False
833e96fffffffff,-0.1583621308602575,20.465424274380684,1,False,False
833e98fffffffff,-3.354916913423035,23.15008513779441,1,False,False
833e99fffffffff,-4.040641258680101,24.08796311422343,1,False,False
833e9afffffffff,-3.8144150330141056,22.10771095391061,1,False,False
833e9bfffffffff,-4.499225888816109,23.040525153314608,1,False,False
833e9cfffffffff,-2.2049438370561614,23.259928212182302,1,False,False
833e9dfffffffff,-2.890891571916658,24.1992000337665,1,False,False
833e9efffffffff,-2.669987275212745,22.21582604020784,1,False,False
833ea0fffffffff,2.234626977881284,25.70860881852677,1,False,False
833ea1fffffffff,1.5484244151685855,26.65993108333812,1,False,False
833ea2fffffffff,1.7513096995195665,24.64695394841468,1,False,False
833ea3fffffffff,1.066366013937841,25.594643341624963,1,False,False
833ea4fffffffff,3.403861383262869,25.82285189709713,1,False,False
833ea5fffffffff,2.7192075820194463,26.77543773644479,1,False,False
833ea6fffffffff,2.917913803128325,24.759594997549804,1,False,False
833ea8fffffffff,-0.309688994940676,27.49660189561115,1,False,False
833ea9fffffffff,-0.9992781549138128,28.449834486219743,1,False,False
833eaafffffffff,-0.7877396952010871,26.429737659400114,1,False,False
833eabfffffffff,-1.476478857467376,27.38042828767681,1,False,False
833eacfffffffff,0.8600565120182788,27.61304406971888,1,False,False
833eadfffffffff,0.1702862911900666,28.56742414458796,1,False,False
833eaefffffffff,0.3791144055483483,26.544697737647667,1,False,False
833eb0fffffffff,1.9502898951316603,22.6511448518384,1,False,False
833eb1fffffffff,1.2698160611243214,23.591158820931653,1,False,False
833eb2fffffffff,1.469717493354435,21.607259591619776,1,False,False
833eb3fffffffff,0.7906913432248828,22.541885685264635,1,False,False
833eb4fffffffff,3.111322951305016,22.76069088942844,1,False,False
833eb5fffffffff,2.433203375417492,23.702137066296167,1,False,False
833eb6fffffffff,2.626869570089829,21.71503666993936,1,False,False
833ec0fffffffff,-5.380059253036428,31.07168221167477,1,False,False
833ec1fffffffff,-6.058456680506471,32.023166738415824,1,False,False
833ec2fffffffff,-5.849468105356779,30.00061365984026,1,False,False
833ec3fffffffff,-6.5279127567749935,30.95177495327865,1,False,False
833ec4fffffffff,-4.2254685301887855,31.19183534400573,1,False,False
833ec5fffffffff,-4.90740551877,32.14421660645921,1,False,False
833ec6fffffffff,-4.698202852521006,30.11955012060309,1,False,False
833ec8fffffffff,-7.872026431764467,32.85183487227296,1,False,False
833ec9fffffffff,-8.536300973908167,33.799693116362455,1,False,False
833ecafffffffff,-8.33818966666966,31.78178483158279,1,False,False
833ecbfffffffff,-9.002957788417849,32.73042185292428,1,False,False
833eccfffffffff,-6.732670983468008,32.973480389687566,1,False,False
833ecdfffffffff,-7.401998465583896,33.92210371553301,1,False,False
833ecefffffffff,-7.202335040204988,31.90235602578622,1,False,False
833ed0fffffffff,-5.633520599158546,27.982110754921287,1,False,False
833ed1fffffffff,-6.315104521823098,28.93175447187248,1,False,False
833ed2fffffffff,-6.095073001264396,26.91841986160645,1,False,False
833ed3fffffffff,-6.776459253236182,27.865838961837824,1,False,False
833ed4fffffffff,-4.483436507425486,28.0986462776004,1,False,False
833ed5fffffffff,-5.167728527639614,29.04939606582089,1,False,False
833ed6fffffffff,-4.949552553050194,27.033519054976217,1,False,False
833ed8fffffffff,-8.129630692243099,29.763498213058707,1,False,False
833ed9fffffffff,-8.79996876455401,30.712699221110853,1,False,False
833edafffffffff,-8.586250229452462,28.697246613173032,1,False,False
833edbfffffffff,-9.256863506335336,29.645319642572115,1,False,False
833edcfffffffff,-6.9935610313546,29.88192961981361,1,False,False
833eddfffffffff,-7.668160256613952,30.832113861970388,1,False,False
833edefffffffff,-7.454888957689992,28.81437127708785,1,False,False
833ee0fffffffff,-2.5873552599310887,32.38703230679051,1,False,False
833ee1fffffffff,-3.272550984712052,33.33980756662319,1,False,False
833ee2fffffffff,-3.0650416944739,31.31223404726492,1,False,False
833ee3fffffffff,-3.750066568273039,32.26550525692547,1,False,False
833ee4fffffffff,-1.4202134204695311,32.50879736294303,1,False,False
833ee5fffffffff,-2.108154272733329,33.462378662168106,1,False,False
833ee6fffffffff,-1.8997083231922904,31.432878008530988,1,False,False
833ee8fffffffff,-5.110256796073317,34.167598306377165,1,False,False
833ee9fffffffff,-5.78397228138814,35.115383133447835,1,False,False
833eeafffffffff,-5.585723035246112,33.095357973826395,1,False,False
833eebfffffffff,-6.259701058993784,34.044738948150886,1,False,False
833eecfffffffff,-3.954547594713204,34.29068127227081,1,False,False
833eedfffffffff,-4.632614561619377,35.239137176848566,1,False,False
833eeefffffffff,-4.432049867808796,33.217467183299966,1,False,False
833ef0fffffffff,-2.853703266565639,29.28545387783602,1,False,False
833ef1fffffffff,-3.5406502932278934,30.23873877996004,1,False,False
833ef2fffffffff,-3.327088917024496,28.215445460722982,1,False,False
833ef3fffffffff,-4.013628269975087,29.167295917931828,1,False,False
833ef4fffffffff,-1.6888814184228262,29.403869785723533,1,False,False
833ef5fffffffff,-2.377725865523407,30.358179406095136,1,False,False
833ef6fffffffff,-2.165389998468067,28.33250822605828,1,False,False
833f12fffffffff,10.20582301700213,28.55424398060496,1,False,False
833f1afffffffff,7.688802131847279,30.360460826585705,1,False,False
833f1bfffffffff,7.002604689947527,31.322744156189703,1,False,False
833f5bfffffffff,2.147353258131041,38.0064461320905,1,False,False
833f80fffffffff,7.579303950072635,25.21297496771102,1,False,False
833f81fffffffff,6.907540463250321,26.16724773899148,1,False,False
833f82fffffffff,7.086621838934008,24.14889714303295,1,False,False
833f83fffffffff,6.416665614371431,25.09920727439845,1,False,False
833f84fffffffff,8.73852750765735,25.32702472041278,1,False,False
833f85fffffffff,8.070823652227684,26.28260217820498,1,False,False
833f86fffffffff,8.24509525518304,24.2613001442551,1,False,False
833f88fffffffff,5.061229897506768,27.00727108123423,1,False,False
833f89fffffffff,4.377168723639866,27.963981615334664,1,False,False
833f8afffffffff,4.573082254888869,25.937372681147167,1,False,False
833f8bfffffffff,3.8904736606953088,26.891217728244783,1,False,False
833f8cfffffffff,6.230486047585375,27.12359780904349,1,False,False
833f8dfffffffff,5.548848491457954,28.081497634737065,1,False,False
833f8efffffffff,5.741302617810557,26.052171266117707,1,False,False
833f90fffffffff,7.255347987157312,22.14903930177703,1,False,False
833f91fffffffff,6.593376386083913,23.091053467051225,1,False,False
833f92fffffffff,6.760227448426622,21.103804906725,1,False,False
833f93fffffffff,6.100160758570791,22.040103723743886,1,False,False
833f94fffffffff,8.407667003644727,22.2582654543841,1,False,False
833f95fffffffff,7.750501873689438,23.20175019347064,1,False,False
833f96fffffffff,7.910521276480525,21.21122128533952,1,False,False
833f98fffffffff,4.761885429728526,23.92494719117717,1,False,False
833f99fffffffff,4.0849951198257655,24.872517452705225,1,False,False
833f9afffffffff,4.272825955987186,22.870524125281808,1,False,False
833f9bfffffffff,3.5975511852114628,23.81339977213365,1,False,False
833f9cfffffffff,5.925232048385518,24.036779568821785,1,False,False
833f9dfffffffff,5.251572089630342,24.98572148919089,1,False,False
833f9efffffffff,5.433831952720474,22.980644879920764,1,False,False
833fa0fffffffff,10.38471535559661,26.514145226137188,1,False,False
833fa1fffffffff,9.719493136967726,27.47421824292585,1,False,False
833fa2fffffffff,9.893393503222049,25.441356675598207,1,False,False
833fa3fffffffff,9.230194696038774,26.39823465356036,1,False,False
833fa5fffffffff,10.873068764448504,27.5916384260334,1,False,False
833fa6fffffffff,11.042980402575422,25.555970968081247,1,False,False
833fa8fffffffff,7.88522354192509,28.3173345261895,1,False,False
833fa9fffffffff,7.20483020928788,29.27848686375294,1,False,False
833faafffffffff,7.397259360365311,27.240197916352347,1,False,False
833fabfffffffff,6.718527197977821,28.199281964678896,1,False,False
833facfffffffff,9.04797110397492,28.43565523082843,1,False,False
833fadfffffffff,8.370836302925625,29.397916812546374,1,False,False
833faefffffffff,8.560579470937254,27.357071398805125,1,False,False
833fb0fffffffff,10.053730302692516,23.424009256268832,1,False,False
833fb1fffffffff,9.39970708528487,24.37398879531925,1,False,False
833fb2fffffffff,9.556188001751549,22.36778254865653,1,False,False
833fb3fffffffff,8.904262889640993,23.3127353589756,1,False,False
833fb4fffffffff,11.197995715643144,23.535572170865827,1,False,False
833fb5fffffffff,10.549530954307874,24.486963311350767,1,False,False
833fb6fffffffff,10.387017402109946,22.90203730958488,1,False,False
834008fffffffff,29.51760946075367,126.95860308598331,1,False,False
834009fffffffff,29.02242304445428,125.8466092453279,1,False,False
83400afffffffff,30.560923457101367,126.9761300990162,1,False,False
83400bfffffffff,30.073485465986973,125.85969599957984,1,False,False
83400cfffffffff,28.950431167828288,128.0498991534497,1,False,False
83400dfffffffff,28.46083386768077,126.94121456827062,1,False,False
83400efffffffff,29.999299027664115,128.07168851455788,1,False,False
834013fffffffff,32.943178933350865,130.3595805147817,1,False,False
834018fffffffff,32.0557455295234,128.11578922609797,1,False,False
834019fffffffff,31.59035275121691,126.99379726528733,1,False,False
83401afffffffff,33.062572525335746,128.13810474825075,1,False,False
83401bfffffffff,32.60552125246162,127.01160626922965,1,False,False
83401cfffffffff,31.494047593748565,129.21140998215816,1,False,False
83401dfffffffff,31.034536817466904,128.09365118231577,1,False,False
83401efffffffff,32.5067555704804,129.2380038253302,1,False,False
834028fffffffff,27.30569274071249,129.10711229201726,1,False,False
834029fffffffff,26.813637114606447,128.0068322347062,1,False,False
83402bfffffffff,27.88837933388941,128.02828106194644,1,False,False
83402dfffffffff,26.226450179677645,129.08154521609083,1,False,False
834040fffffffff,26.37498854853777,122.52563286634616,1,False,False
834041fffffffff,25.82389655881254,121.43056805347238,1,False,False
834042fffffffff,27.45964150103031,122.52547272452728,1,False,False
834043fffffffff,26.91446261966269,121.42608299734674,1,False,False
834044fffffffff,25.82415363726552,123.62085925398888,1,False,False
834045fffffffff,25.278348457183693,122.5257917502512,1,False,False
834046fffffffff,26.91472071340145,123.62502542439252,1,False,False
83404afffffffff,17.580510238027735,120.01596306817544,1,False,False
83404cfffffffff,25.26200176102959,120.34060022740736,1,False,False
83404dfffffffff,24.68990071162393,119.25647674967048,1,False,False
83404efffffffff,26.35801493500941,120.33183381823952,1,False,False
834050fffffffff,29.05849313462485,123.63345727384176,1,False,False
834051fffffffff,28.53173849440898,122.52531130979644,1,False,False
834052fffffffff,30.11065756961934,123.63772374821296,1,False,False
834053fffffffff,29.59075893211556,122.52514860691625,1,False,False
834054fffffffff,28.514091659031887,124.7365412342489,1,False,False
834055fffffffff,27.993015412608905,123.62922463284012,1,False,False
834056fffffffff,29.57255004295569,124.74519320334238,1,False,False
834058fffffffff,28.5135726854154,120.31409227177588,1,False,False
83405afffffffff,29.572029001639493,120.30511547213912,1,False,False
83405bfffffffff,29.021643763949672,119.2038760864967,1,False,False
83405cfffffffff,27.99275629553464,121.42156237544066,1,False,False
83405dfffffffff,27.44206130285332,120.32299810789787,1,False,False
83405efffffffff,29.058232986069328,121.41700576308064,1,False,False
834060fffffffff,24.155148428679173,124.70260934284298,1,False,False
834061fffffffff,23.608620041816646,123.61262448006303,1,False,False
834062fffffffff,25.262514628783105,124.7109925078762,1,False,False
834063fffffffff,24.72190678089349,123.61672573330122,1,False,False
834064fffffffff,23.578688205480145,125.78270343766503,1,False,False
834065fffffffff,23.03709370510113,124.69429142232224,1,False,False
834066fffffffff,24.690667813683586,125.79528484642152,1,False,False
834068fffffffff,23.608364970163127,121.43943313393493,1,False,False
834069fffffffff,23.036584828781905,120.35792837653908,1,False,False
83406afffffffff,24.72165070977124,121.43501796183683,1,False,False
83406bfffffffff,24.154637564433425,120.34929814713615,1,False,False
83406cfffffffff,23.051619895861347,122.52610580314308,1,False,False
83406dfffffffff,22.484725422440416,121.44381397486367,1,False,False
83406efffffffff,24.170337779332908,122.52594939100574,1,False,False
834070fffffffff,26.880983759347547,125.82074493579628,1,False,False
834071fffffffff,26.35852982203569,124.71944168773344,1,False,False
834072fffffffff,27.958090674903595,125.83362596441752,1,False,False
834073fffffffff,27.442578225104043,124.72795766489452,1,False,False
834074fffffffff,26.308828521676897,126.90684651660578,1,False,False
834075fffffffff,25.79164574278889,125.8079649575282,1,False,False
834076fffffffff,27.391067375860107,126.9239629139557,1,False,False
834080fffffffff,36.81098334751438,130.48618211594484,1,False,False
834081fffffffff,36.41014577885673,129.3465322305485,1,False,False
834082fffffffff,37.73992435699928,130.51847367049575,1,False,False
834083fffffffff,37.34802385592405,129.374215653968,1,False,False
834084fffffffff,36.26114256675822,131.5876223724519,1,False,False
834085fffffffff,35.866676566985845,130.45415009540346,1,False,False
834086fffffffff,37.19635850815428,131.6241879195771,1,False,False
834088fffffffff,36.51765464667874,127.08429530848105,1,False,False
834089fffffffff,36.07941345909688,125.94046035087617,1,False,False
83408afffffffff,37.45744784778885,127.1028397331858,1,False,False
83408bfffffffff,37.02765349653909,125.9543072961704,1,False,False
83408cfffffffff,35.99390962284659,128.2061377168819,1,False,False
83408dfffffffff,35.56238603816427,127.06590156037416,1,False,False
83408efffffffff,36.94057069399446,128.22918485874746,1,False,False
834090fffffffff,39.02066568344406,131.69820790948984,1,False,False
834091fffffffff,38.65339432642875,130.5510279053661,1,False,False
834092fffffffff,39.90961260769537,131.7356695217133,1,False,False
834093fffffffff,39.55132292626377,130.58384801758478,1,False,False
834094fffffffff,38.476940786267335,132.80103807561716,1,False,False
834095fffffffff,38.11622922165996,131.6610485798271,1,False,False
834096fffffffff,39.37224692704248,132.84275189366215,1,False,False
834098fffffffff,38.78731245482405,128.2758469817333,1,False,False
834099fffffffff,38.38164501896799,127.12153668962208,1,False,False
83409afffffffff,39.68722237984637,128.29946662985677,1,False,False
83409bfffffffff,39.29016196219519,127.14038806343748,1,False,False
83409cfffffffff,38.27041120551098,129.40212497967397,1,False,False
83409dfffffffff,37.87173931144883,128.2524205088504,1,False,False
83409efffffffff,39.177221580501936,129.43026297069835,1,False,False
8340a8fffffffff,34.48844499579664,129.29183225820026,1,False,False
8340a9fffffffff,34.05471053405162,128.16059988474933,1,False,False
8340aafffffffff,35.456899345389886,129.31907199050994,1,False,False
8340abfffffffff,35.03189640141768,128.18327680587052,1,False,False
8340acfffffffff,33.932573150379426,130.3908523187554,1,False,False
8340adfffffffff,33.504983081057894,129.2648104003681,1,False,False
8340aefffffffff,34.907146186194254,130.42237451228522,1,False,False
8340b0fffffffff,37.00402995103811,133.8462361847854,1,False,False
8340b1fffffffff,36.64025837505199,132.71860760626123,1,False,False
8340b2fffffffff,37.92069435113288,133.89171248681097,1,False,False
8340b3fffffffff,37.56625338445426,132.7596579617387,1,False,False
8340b6fffffffff,37.35250630284378,134.96965403544866,1,False,False
8340c0fffffffff,33.6873467028901,122.52448460050196,1,False,False
8340c1fffffffff,33.18276387044474,121.39841067519728,1,False,False
8340c2fffffffff,34.67485072555317,122.52431521959228,1,False,False
8340c3fffffffff,34.177666720497555,121.3936674980792,1,False,False
8340c4fffffffff,33.18302822835943,123.65073027695996,1,False,False
8340c5fffffffff,32.68487789754974,122.5246526133123,1,False,False
8340c6fffffffff,34.17793215211867,123.65513622356696,1,False,False
8340cafffffffff,34.1360003206244,119.13572922002098,1,False,False
8340ccfffffffff,32.664587888560824,120.27775071233032,1,False,False
8340cefffffffff,33.66658131380625,120.26848140942616,1,False,False
8340d0fffffffff,36.12226548067919,123.66405636789244,1,False,False
8340d1fffffffff,35.64714913902176,122.52414445380458,1,False,False
8340d2fffffffff,37.07129741602518,123.66857145569834,1,False,False
8340d3fffffffff,36.60404348519301,122.52397228608486,1,False,False
8340d4fffffffff,35.62603366931214,124.7985882946885,1,False,False
8340d5fffffffff,35.15775106094509,123.65957810673956,1,False,False
8340d6fffffffff,36.58252134952104,124.80774279102528,1,False,False
8340d8fffffffff,35.625499867601235,120.24971580587524,1,False,False
8340d9fffffffff,35.13734889801331,119.1538858332005,1,False,False
8340dafffffffff,36.68422323505803,120.3830534558756,1,False,False
8340dbfffffffff,36.20262793600209,119.27053287228618,1,False,False
8340dcfffffffff,35.15748454686183,121.38888563505382,1,False,False
8340ddfffffffff,34.653632293529284,120.25913674801888,1,False,False
8340defffffffff,36.12199787527057,121.3840646109604,1,False,False
8340e0fffffffff,31.64846209040791,124.76270563573422,1,False,False
8340e1fffffffff,31.149060614317623,123.64202446320132,1,False,False
8340e2fffffffff,32.66511523295281,124.77156777971165,1,False,False
8340e3fffffffff,32.17330193789973,123.64635983261589,1,False,False
8340e4fffffffff,31.110830504504595,125.87288746772342,1,False,False
8340e5fffffffff,30.61748149848185,124.7539143926298,1,False,False
8340e6fffffffff,32.134058267882615,125.88618491019656,1,False,False
8340e8fffffffff,31.148798377970124,121.40778283423252,1,False,False
8340e9fffffffff,30.61695837293628,120.2960668578633,1,False,False
8340eafffffffff,32.17303864504155,121.40311563391376,1,False,False
8340ebfffffffff,31.64793686390441,120.2869455641657,1,False,False
8340ecfffffffff,30.63623054226459,122.52498460040496,1,False,False
8340edfffffffff,30.11039638133912,121.41241272880592,1,False,False
8340eefffffffff,31.667729113856183,122.52481927453192,1,False,False
8340f0fffffffff,34.13679537800219,125.91310286173076,1,False,False
8340f1fffffffff,33.66711079322262,124.78050168532282,1,False,False
8340f2fffffffff,35.11573458424831,125.92672599475306,1,False,False
8340f3fffffffff,34.65416392531463,124.78950822731136,1,False,False
8340f4fffffffff,33.60609900703453,127.02955882232176,1,False,False
8340f5fffffffff,33.14281566491305,125.89958960772482,1,False,False
8340f6fffffffff,34.59180105242984,127.04765666363168,1,False,False
834141fffffffff,21.79774299049744,128.9812366066399,1,False,False
834143fffffffff,22.92037038597828,129.00602430925215,1,False,False
834145fffffffff,21.18926191569652,130.03130354087185,1,False,False
834148fffffffff,21.867177188369507,126.8397022329411,1,False,False
834149fffffffff,21.32450498444164,125.7578321577388,1,False,False
83414afffffffff,22.99317560235373,126.856293174049,1,False,False
83414bfffffffff,22.45639108066429,125.7702195844732,1,False,False
83414cfffffffff,21.27014603928309,127.90205901868396,1,False,False
83414dfffffffff,20.731998769840345,126.8232388820534,1,False,False
83414efffffffff,22.399291235774303,127.92269053723103,1,False,False
834158fffffffff,24.628293331426093,127.9644345065007,1,False,False
834159fffffffff,24.10924599175056,126.87301319155962,1,False,False
83415afffffffff,25.72674565207786,127.9855506974774,1,False,False
83415bfffffffff,25.21468356551176,126.88986379478268,1,False,False
83415cfffffffff,24.0331564781278,129.03100349414905,1,False,False
83415dfffffffff,23.51891507681999,127.94348174792388,1,False,False
83415efffffffff,25.13540153238188,129.05617637909666,1,False,False
834161fffffffff,19.43943869952228,131.04001127667283,1,False,False
834165fffffffff,18.81851446784909,132.06766088022405,1,False,False
834168fffffffff,19.525974141186293,128.9322269444983,1,False,False
834169fffffffff,18.98639567147379,127.8612677757022,1,False,False
83416afffffffff,20.666016643761964,128.95663820213096,1,False,False
83416bfffffffff,20.13224563172186,127.88158536477668,1,False,False
83416cfffffffff,18.91393116651187,129.97454901290442,1,False,False
83416dfffffffff,18.378436125899945,128.9080007148524,1,False,False
83416efffffffff,20.05552879717345,130.00281860454012,1,False,False
83422cfffffffff,19.63989845872501,87.42438480724627,1,False,False
83422dfffffffff,19.36461691603023,88.54862955192117,1,False,False
834240fffffffff,-37.226105495109294,55.86892440489998,1,False,False
834242fffffffff,-37.62534692713345,54.59897962716376,1,False,False
834243fffffffff,-38.33864296934768,55.693889152521,1,False,False
83424afffffffff,-40.152192771453386,56.648601173236855,1,False,False
83424efffffffff,-39.04510501749297,56.8161476093448,1,False,False
834250fffffffff,-37.279397167663056,52.27996876359592,1,False,False
834251fffffffff,-38.00645057601903,53.33049118706641,1,False,False
834252fffffffff,-37.63473096727079,51.032356878099066,1,False,False
834253fffffffff,-38.36939206196986,52.06469672631605,1,False,False
834255fffffffff,-36.90635301250499,53.531202066387465,1,False,False
834256fffffffff,-36.54830052887455,51.25664671388381,1,False,False
834258fffffffff,-39.82384538267716,54.21350938543735,1,False,False
834259fffffffff,-40.54136967002208,55.33070498621731,1,False,False
83425afffffffff,-40.18465143710905,52.9144085378626,1,False,False
83425bfffffffff,-40.911054882810575,54.01360404855905,1,False,False
83425cfffffffff,-38.72835828851177,54.40857822481374,1,False,False
83425dfffffffff,-39.44399003376137,55.51453540210941,1,False,False
83425efffffffff,-39.099470451888806,53.12495033808699,1,False,False
834264fffffffff,19.27389211122061,92.78108095987882,1,False,False
8342c0fffffffff,-39.64117445720119,47.052516384472895,1,True,False
8342c1fffffffff,-40.3990348656948,48.03258810876755,1,False,False
8342c4fffffffff,-38.5953668881366,47.32272125033956,1,True,False
8342c5fffffffff,-39.349919923216376,48.295575929332855,1,False,False
8342c8fffffffff,-42.19618116558774,48.780666469232216,1,False,False
8342c9fffffffff,-42.948198450276536,49.828478201073736,1,False,False
8342cafffffffff,-42.46993567237083,47.4879688124633,1,False,False
8342cbfffffffff,-43.22886355730296,48.513210488895794,1,False,False
8342ccfffffffff,-41.15355602565308,49.04182083699816,1,False,False
8342cdfffffffff,-41.90365050791844,50.08088091472499,1,False,False
8342cefffffffff,-41.43925090908825,47.76345429971369,1,False,False
8342d9fffffffff,-42.70516238440223,46.165778469742186,1,False,False
8342e0fffffffff,-37.227684374144445,48.80389548574298,1,True,False
8342e1fffffffff,-37.9724162289971,49.78952758374336,1,False,False
8342e2fffffffff,-37.541758420012805,47.58694205761795,1,True,False
8342e3fffffffff,-38.29257112520492,48.552615199864974,1,True,False
8342e5fffffffff,-36.89657686672501,50.02748696285921,1,False,False
8342e8fffffffff,-39.78599240862456,50.56785168751153,1,False,False
8342e9fffffffff,-40.52645498816828,51.61855997672343,1,False,False
8342eafffffffff,-40.10161034785682,49.2968832328089,1,False,False
8342ebfffffffff,-40.849366354496574,50.327270900981645,1,False,False
8342ecfffffffff,-38.71420949357466,50.80281813691855,1,False,False
8342edfffffffff,-39.45199046664796,51.84428692655482,1,False,False
8342eefffffffff,-39.041000679951296,49.5460545963777,1,False,False
834309fffffffff,21.685018768494423,82.02102709529575,1,False,False
83430dfffffffff,22.63993496922675,82.66113823542386,1,False,False
834329fffffffff,23.58180966384909,84.50554517564063,1,False,False
83432bfffffffff,23.5908122162934,83.30919376059443,1,False,False
834352fffffffff,20.712256271192413,87.06571696204254,1,False,False
834353fffffffff,20.444140904938628,88.19738386305465,1,False,False
834358fffffffff,19.878298779569626,90.4795620617622,1,False,False
834359fffffffff,19.580828842194947,91.62835004870948,1,False,False
83435afffffffff,19.079895587763712,89.67907339018392,1,False,False
83435bfffffffff,18.785871055049324,90.81488100493836,1,False,False
83435efffffffff,20.166118357687832,89.33561499115063,1,False,False
834370fffffffff,21.659919813640247,84.38389685613883,1,False,False
834372fffffffff,21.67670870604736,83.1970495450014,1,False,False
834374fffffffff,22.614171642021187,85.04407818716521,1,False,False
834375fffffffff,21.63444439889072,85.58068733760491,1,False,False
834376fffffffff,22.63151074023741,83.84739778904097,1,False,False
834448fffffffff,34.09695699816847,-28.680079300366938,1,False,False
834449fffffffff,35.11763664189413,-29.280980693532364,1,False,False
83444afffffffff,34.01284399734349,-27.36909315387581,1,False,False
83444bfffffffff,35.03423565635554,-27.94778287975876,1,False,False
83444cfffffffff,33.14871978863448,-29.40133385377668,1,False,False
83444dfffffffff,34.167792965113776,-30.007500998813946,1,False,False
83444efffffffff,33.07704581808272,-28.09556959720788,1,False,False
834458fffffffff,32.896515648779186,-25.534640773773194,1,False,False
834459fffffffff,33.916028415413095,-26.07558537975444,1,False,False
83445afffffffff,32.7888042766606,-24.281315794012823,1,False,False
83445bfffffffff,33.807110147122884,-24.800500028336955,1,False,False
83445dfffffffff,32.992790639735155,-26.80634947165759,1,False,False
83446bfffffffff,33.207278556331914,-30.72258133270256,1,False,False
8344c8fffffffff,33.26299136445292,-19.89979208100365,1,False,False
8344c9fffffffff,34.274497334348375,-20.3463088930878,1,False,False
8344cafffffffff,33.10306929964568,-18.72752571125081,1,False,False
8344cbfffffffff,34.11077314590733,-19.15280176557608,1,False,False
8344ccfffffffff,32.40310802727556,-20.638941590223347,1,False,False
8344cdfffffffff,33.414003864581986,-21.09372819742024,1,False,False
8344cefffffffff,32.25574709203632,-19.46598417268052,1,False,False
8344d8fffffffff,31.936546422976413,-17.184425045873628,1,False,False
8344d9fffffffff,32.90485430519752,-17.55698465357219,1,False,False
8344dafffffffff,31.63388659277924,-15.984178411474918,1,False,False
8344dbfffffffff,32.60549793703237,-16.336110423755823,1,False,False
8344ddfffffffff,32.100021852747105,-18.31436944702545,1,False,False
8344e9fffffffff,32.670256748010125,-23.047151514441502,1,False,False
8344eafffffffff,31.531729442421284,-21.37013098058556,1,False,False
8344ebfffffffff,32.541485029017764,-21.83283031487265,1,False,False
83480afffffffff,33.83147790857686,-46.72299754581661,1,False,False
83480bfffffffff,34.77979777743714,-47.56853833510542,1,False,False
834812fffffffff,30.06210706398842,-42.155394853905726,1,False,False
834813fffffffff,31.039785113684424,-42.91837660691285,1,False,False
834816fffffffff,29.003057752143853,-42.7496274627463,1,False,False
834818fffffffff,32.983983791804825,-44.494993754465696,1,False,False
834819fffffffff,33.94827111616564,-45.30913897914503,1,False,False
83481afffffffff,33.076283295118465,-43.09450634512487,1,False,False
83481bfffffffff,34.04874238346803,-43.89346731592786,1,False,False
83481efffffffff,32.01411579659761,-43.69815546871657,1,False,False
834850fffffffff,36.65027006744906,-49.31190993902882,1,False,False
834852fffffffff,36.79654367975288,-47.857620266712125,1,False,False
834853fffffffff,37.727465606992745,-48.743089104513466,1,False,False
834856fffffffff,35.719754603362915,-48.43146312409093,1,False,False
83485afffffffff,39.716757896484864,-49.06912538843711,1,False,False
83485bfffffffff,40.62361328298131,-49.997263349652286,1,False,False
83485efffffffff,38.64736660620088,-49.64679518981824,1,False,False
834885fffffffff,31.22900936122762,-38.819104164372256,1,False,False
834888fffffffff,34.28644530856114,-38.24710855606448,1,False,False
834889fffffffff,35.28204727964139,-38.99455567868915,1,False,False
83488afffffffff,34.30520371605852,-36.84809010920878,1,False,False
83488bfffffffff,35.30651161400773,-37.57616203536944,1,False,False
83488cfffffffff,33.25810077191305,-38.904904275836,1,False,False
83488dfffffffff,34.251565107655104,-39.65282669232982,1,False,False
83488efffffffff,33.28724596243273,-37.51780532932074,1,False,False
834899fffffffff,34.30808483664151,-35.457377972817014,1,False,False
83489bfffffffff,34.29539480413429,-34.07652068652414,1,False,False
83489dfffffffff,33.300941225886255,-36.1380855603505,1,False,False
8348a4fffffffff,28.101124695228524,-40.67871212515067,1,False,False
8348a5fffffffff,29.0821889275059,-41.4089352379443,1,False,False
8348a8fffffffff,32.16828366722129,-40.92972948432888,1,False,False
8348a9fffffffff,33.15272290677457,-41.69488795615359,1,False,False
8348aafffffffff,32.22247607670316,-39.54976370654999,1,False,False
8348abfffffffff,33.213305270415304,-40.29780461145244,1,False,False
8348acfffffffff,31.117534807460125,-41.548844448441216,1,False,False
8348adfffffffff,32.098840874364264,-42.31306155011431,1,False,False
8348c0fffffffff,38.17185908397026,-42.829872704973255,1,False,False
8348c1fffffffff,39.1329691519879,-43.67232036233258,1,False,False
8348c2fffffffff,38.2361158422377,-41.34994660912872,1,False,False
8348c3fffffffff,39.20618173138251,-42.17411934623932,1,False,False
8348c4fffffffff,37.127911775882346,-43.470917790135466,1,False,False
8348c5fffffffff,38.08879699716457,-44.3111240794615,1,False,False
8348c6fffffffff,37.20205569845993,-42.00705691835942,1,False,False
8348c8fffffffff,41.11779608976725,-43.88335608421729,1,False,False
8348c9fffffffff,42.0572106434088,-44.76913977996831,1,False,False
8348cafffffffff,41.19025632413035,-42.34919922751798,1,False,False
8348cbfffffffff,42.13994028910455,-43.216203867323216,1,False,False
8348ccfffffffff,40.08429848401957,-44.53473347884353,1,False,False
8348cdfffffffff,41.02478023097606,-45.417425444274514,1,False,False
8348cefffffffff,40.16710111705589,-43.01846601150624,1,False,False
8348d0fffffffff,37.29583425958949,-39.08832316429798,1,False,False
8348d1fffffffff,38.28162488627364,-39.8733134585864,1,False,False
8348d2fffffffff,37.31573491259455,-37.63719543953421,1,False,False
8348d3fffffffff,38.308526444386594,-38.401914722176166,1,False,False
8348d4fffffffff,36.27293743450885,-39.76056822430219,1,False,False
8348d5fffffffff,37.257998579209705,-40.54556235861574,1,False,False
8348d6fffffffff,36.303759015275865,-38.3227555674676,1,False,False
8348d8fffffffff,40.2728438357741,-39.99141831517936,1,False,False
8348d9fffffffff,41.24218093543221,-40.81715176024526,1,False,False
8348dafffffffff,40.2960013882136,-38.48483610164849,1,False,False
8348dbfffffffff,41.27368337490572,-39.28939250029877,1,False,False
8348dcfffffffff,39.26002259850785,-40.67816895311285,1,False,False
8348ddfffffffff,40.22992818178378,-41.50332345404255,1,False,False
8348defffffffff,39.294595987365405,-39.18649632095384,1,False,False
8348e0fffffffff,35.97423469791673,-45.54501842593059,1,False,False
8348e1fffffffff,36.92504762525832,-46.39810488056412,1,False,False
8348e2fffffffff,36.075321847344895,-44.09758877210799,1,False,False
8348e3fffffffff,37.03555322077034,-44.93523747341792,1,False,False
8348e4fffffffff,34.90586257189869,-46.1408215650028,1,False,False
8348e5fffffffff,35.85565120034119,-46.9902524021211,1,False,False
8348e6fffffffff,35.01509794805243,-44.71021876681217,1,False,False
8348e8fffffffff,38.92844672852805,-46.66729050608191,1,False,False
8348e9fffffffff,39.85896396090034,-47.56216376921278,1,False,False
8348eafffffffff,39.04036739113496,-45.17072648187207,1,False,False
8348ebfffffffff,39.98154685773023,-46.05000392439307,1,False,False
8348ecfffffffff,37.86644730511608,-47.26969484876332,1,False,False
8348edfffffffff,38.79736505438685,-48.15998029344955,1,False,False
8348eefffffffff,37.9869560667174,-45.791722472986926,1,False,False
8348f0fffffffff,35.182591535992444,-41.84747621043535,1,False,False
8348f1fffffffff,36.1588068908852,-42.64980775618655,1,False,False
8348f2fffffffff,35.24079213403528,-40.41890435523268,1,False,False
8348f3fffffffff,36.22466211543946,-41.20352237940351,1,False,False
8348f4fffffffff,34.13278995133174,-42.47770879379397,1,False,False
8348f5fffffffff,35.107362999977425,-43.278508152832295,1,False,False
8348f6fffffffff,34.20038376939732,-41.06359028543786,1,False,False
834980fffffffff,23.98677431204484,-41.72012403082817,1,False,False
834982fffffffff,24.064115045867013,-40.44775044255847,1,False,False
834983fffffffff,25.031588685274148,-41.14604196660568,1,False,False
834986fffffffff,23.02634598681848,-41.02239145741478,1,False,False
834988fffffffff,26.97128926058188,-42.58780726747808,1,False,False
83498afffffffff,27.05184609075312,-41.27478335262633,1,False,False
83498bfffffffff,28.027773985040675,-42.00427623241371,1,False,False
83498efffffffff,26.000986941097764,-41.85930803839679,1,False,False
834991fffffffff,24.130694224567595,-39.178699835733774,1,False,False
834994fffffffff,22.138863750577155,-39.095022696914896,1,False,False
834995fffffffff,23.099555332742497,-39.76416780146913,1,False,False
83499cfffffffff,25.10228342857364,-39.86227791983827,1,False,False
83499dfffffffff,26.076336726232505,-40.56087711181199,1,False,False
8349b2fffffffff,21.1164850315376,-39.66986588872033,1,False,False
8349b3fffffffff,22.06927214515344,-40.339056278814056,1,False,False
834b64fffffffff,44.81853607361334,149.04089293022415,1,False,False
834b65fffffffff,45.331984173907,150.29850499974037,1,False,False
834b66fffffffff,43.88275879820328,148.9604424879497,1,False,False
834c8afffffffff,4.756345621395705,-39.40223229227348,1,False,False
834cd4fffffffff,2.828724997659592,-37.56848668271791,1,False,False
834cf3fffffffff,2.682230498446547,-36.66265039109111,1,False,False
835200fffffffff,-15.349788130935162,40.50803116990557,1,False,False
835201fffffffff,-16.03991110895287,41.305666811948825,1,False,False
835202fffffffff,-15.677014501114735,39.415208695004,1,False,False
835203fffffffff,-16.369817000108323,40.21851455100872,1,False,False
835204fffffffff,-14.318729012218084,40.79771170123068,1,False,False
835205fffffffff,-15.01812734790014,41.59458314243037,1,False,False
835206fffffffff,-14.647771825305131,39.705337703739744,1,False,False
83520afffffffff,-18.049429633396336,40.72821602139227,1,False,False
83520efffffffff,-17.0505157715035,41.01687290955604,1,False,False
835211fffffffff,-15.999394753489426,38.31686274470644,1,False,False
835215fffffffff,-14.972429579682332,38.60722785062924,1,False,False
835218fffffffff,-17.700714326670365,38.83562714302598,1,False,False
835219fffffffff,-18.374679017278403,39.640031524337296,1,False,False
83521bfffffffff,-18.694176175111963,38.54620367865223,1,False,False
83521cfffffffff,-16.69483512467274,39.12530031633269,1,False,False
83521dfffffffff,-17.378278735813307,39.9291764766153,1,False,False
835220fffffffff,-12.943276377101862,42.17272456115598,1,False,False
835222fffffffff,-13.277218517837865,41.08754146282006,1,False,False
835223fffffffff,-13.985717748360765,41.8836072775894,1,False,False
835224fffffffff,-11.891437009154126,42.46192030843922,1,False,False
835226fffffffff,-12.225876588699686,41.37750572683355,1,False,False
835230fffffffff,-12.885322356424298,39.18873298359946,1,False,False
835231fffffffff,-13.60766951244906,39.99567269979372,1,False,False
835232fffffffff,-13.209491712861722,38.08586701906324,1,False,False
835233fffffffff,-13.9342093829979,38.897856135934894,1,False,False
835234fffffffff,-11.826399183957792,39.47984370034031,1,False,False
835235fffffffff,-12.557312282251928,40.286198977310434,1,False,False
835236fffffffff,-12.152105097805885,38.37717044020276,1,False,False
835280fffffffff,-17.54704655628721,36.82028234278002,1,False,False
835281fffffffff,-18.12580685038054,37.74987168399808,1,False,False
835282fffffffff,-17.99212989096682,35.76415898682008,1,False,False
835283fffffffff,-18.57279638233697,36.696886067617605,1,False,False
835284fffffffff,-16.507808973872873,36.94387560300175,1,False,False
835285fffffffff,-17.09521547935311,37.87392485761767,1,False,False
835286fffffffff,-16.957865979540667,35.8870169385568,1,False,False
835288fffffffff,-19.233740027187057,39.29706815273544,1,False,False
835289fffffffff,-19.77750229311896,40.21755336888326,1,False,False
83528afffffffff,-20.14578038649525,37.50233196053141,1,False,False
83528bfffffffff,-20.228188871132097,39.17830392492362,1,False,False
83528cfffffffff,-18.22522800394307,39.41604292010731,1,False,False
83528dfffffffff,-18.778212108478883,40.33700257040953,1,False,False
83528efffffffff,-19.142786478982085,37.62600714323201,1,False,False
835290fffffffff,-17.837173832186878,33.768449857124025,1,False,False
835291fffffffff,-18.430014529484456,34.70626574546516,1,False,False
835292fffffffff,-18.26556384847619,32.708185075488146,1,False,False
835293fffffffff,-18.86027492436529,33.6473207797512,1,False,False
835294fffffffff,-16.80020046628212,33.88980051865286,1,False,False
835295fffffffff,-17.401135445079575,34.828301859715886,1,False,False
835296fffffffff,-17.234509855164482,32.82855276700257,1,False,False
835298fffffffff,-20.018994147672306,35.519060885902924,1,False,False
835299fffffffff,-20.58228805342703,36.450687148584656,1,False,False
83529afffffffff,-20.445370635584936,34.46283635904703,1,False,False
83529bfffffffff,-21.01088969303284,35.39682193705696,1,False,False
83529cfffffffff,-19.01263101641716,35.64150676761763,1,False,False
83529dfffffffff,-19.584660841075667,36.573687448907975,1,False,False
83529efffffffff,-19.444877128529107,34.5844437333763,1,False,False
8352a0fffffffff,-14.994922483933772,38.1225941561363,1,False,False
8352a1fffffffff,-15.589224536745927,39.04918639844041,1,False,False
8352a2fffffffff,-15.455527663480972,37.06766516741133,1,False,False
8352a3fffffffff,-16.051432053245126,37.998165929594144,1,False,False
8352a4fffffffff,-13.926199103047532,38.24720878414911,1,False,False
8352a5fffffffff,-14.52894900206274,39.17416489241013,1,False,False
8352a6fffffffff,-14.390693447180563,37.191650345642216,1,False,False
8352a8fffffffff,-16.73862677316641,40.576507445311066,1,False,False
8352aafffffffff,-17.203003681920663,39.53522775865795,1,False,False
8352abfffffffff,-17.765129478878734,40.45665410646038,1,False,False
8352aefffffffff,-16.16746284224416,39.654622191078666,1,False,False
8352b0fffffffff,-15.30297081126952,35.073014204006,1,False,False
8352b1fffffffff,-15.91026095476333,36.01008000827562,1,False,False
8352b2fffffffff,-15.74977790923327,34.01137228122633,1,False,False
8352b3fffffffff,-16.358638851057332,34.95055153087616,1,False,False
8352b4fffffffff,-14.234624882282642,35.19568931444543,1,False,False
8352b5fffffffff,-14.849783504973646,36.13334757180063,1,False,False
8352b6fffffffff,-14.6863768358975,34.13316465200761,1,False,False
8352c4fffffffff,-21.28720921374326,38.77390026868903,1,False,False
8352d0fffffffff,-21.285647568753696,41.01321052498257,1,False,False
8352d2fffffffff,-21.733434862368355,39.97926405217129,1,False,False
8352d3fffffffff,-22.2469524064345,40.89374566742478,1,False,False
8352d4fffffffff,-20.309919933288683,41.132870933084405,1,False,False
8352d6fffffffff,-20.7626716683841,40.09830702477426,1,False,False
8352dcfffffffff,-22.296434217478428,42.82605413144551,1,False,False
8352defffffffff,-22.748672122137386,41.80277484699472,1,False,False
8352e0fffffffff,-20.0103481168528,40.15137141968293,1,False,False
8352e1fffffffff,-20.649314641272408,40.9467653823004,1,False,False
8352e2fffffffff,-20.329531869428376,39.06237899830602,1,False,False
8352e3fffffffff,-20.97153930248605,39.86321265276479,1,False,False
8352e4fffffffff,-19.03618296680704,40.43971069194232,1,False,False
8352e6fffffffff,-19.358566325900743,39.351094212990525,1,False,False
8352ecfffffffff,-21.27529804860991,41.73701699188145,1,False,False
8352edfffffffff,-21.888168105141787,42.5218782997384,1,False,False
8352eefffffffff,-21.60062596033354,40.65927276522476,1,False,False
8352f0fffffffff,-19.98447001754462,37.158323548851925,1,False,False
8352f1fffffffff,-20.64216131830257,37.96816350698821,1,False,False
8352f3fffffffff,-20.947868872381747,36.8694906307091,1,False,False
8352f4fffffffff,-19.0075323672053,37.447491440344,1,False,False
8352f5fffffffff,-19.67478823503212,38.257044350816905,1,False,False
835300fffffffff,-7.935948528607557,42.53841190155692,1,False,False
835301fffffffff,-8.686431260316903,43.32983115313185,1,False,False
835302fffffffff,-8.266836863193108,41.44992082284066,1,False,False
835303fffffffff,-9.01964807975712,42.24805766348204,1,False,False
835304fffffffff,-6.846075514578608,42.82882647439733,1,False,False
835305fffffffff,-7.604073431729801,43.61919349638367,1,False,False
835306fffffffff,-7.1756581668846655,41.74118102036027,1,False,False
83530afffffffff,-10.83087167384872,42.75117981078636,1,False,False
83530efffffffff,-9.762288842477265,43.04048834006029,1,False,False
835310fffffffff,-7.831780200270722,39.54500542722908,1,False,False
835311fffffffff,-8.596327050094738,40.35443107958968,1,False,False
835312fffffffff,-8.157501631120294,38.437973330248965,1,False,False
835313fffffffff,-8.924005900076859,39.25268310158068,1,False,False
835314fffffffff,-6.732775722345142,39.8375452693023,1,False,False
835315fffffffff,-7.504362458968598,40.64632896725729,1,False,False
835316fffffffff,-7.058294324836758,38.73077840308443,1,False,False
835318fffffffff,-10.428456465398549,40.86776626411636,1,False,False
835319fffffffff,-11.1653629489705,41.667589724201854,1,False,False
83531afffffffff,-10.758111742710076,39.7711735209444,1,False,False
83531bfffffffff,-11.49734605349056,40.57690177170972,1,False,False
83531cfffffffff,-9.351367022209256,41.15877758583128,1,False,False
83531dfffffffff,-10.096375455464925,41.95777864910559,1,False,False
83531efffffffff,-9.681171420809443,40.06270761265164,1,False,False
835320fffffffff,-5.423096455338622,44.197917733593,1,False,False
835322fffffffff,-5.750855695113321,43.1192864744824,1,False,False
835323fffffffff,-6.516018773199512,43.908560610222,1,False,False
835324fffffffff,-4.326157960921357,44.48725010850033,1,False,False
835326fffffffff,-4.651140304690037,43.40977698028839,1,False,False
835330fffffffff,-5.302365673296116,41.23058792084363,1,False,False
835331fffffffff,-6.078653204762921,42.032543187411015,1,False,False
835332fffffffff,-5.627831512850273,40.13028760197224,1,False,False
835333fffffffff,-6.4060936574522085,40.93838626705261,1,False,False
835334fffffffff,-4.19404906476089,41.52291882557651,1,False,False
835335fffffffff,-4.976671066254555,42.32399230142237,1,False,False
835336fffffffff,-4.517814397446433,40.423217336318416,1,False,False
835380fffffffff,-10.017273517391557,37.68953305622863,1,False,False
835381fffffffff,-10.652559889939797,38.622163406340746,1,False,False
835382fffffffff,-10.490171203590254,36.62844994226608,1,False,False
835383fffffffff,-11.126481720091418,37.564772516833415,1,False,False
835384fffffffff,-8.898656593126473,37.81448561464531,1,False,False
835385fffffffff,-9.541019724562878,38.74751592294525,1,False,False
835386fffffffff,-9.374002678501158,36.75273027368716,1,False,False
83538afffffffff,-12.84582050970598,38.37200905122574,1,False,False
83538bfffffffff,-13.45681726288888,39.29932028434946,1,False,False
83538efffffffff,-11.754391047287822,38.496994185640126,1,False,False
835390fffffffff,-10.3140700914142,34.62253001790319,1,False,False
835391fffffffff,-10.95916636848372,35.56498347656399,1,False,False
835392fffffffff,-10.777717643286628,33.555547799453564,1,False,False
835393fffffffff,-11.42372576776818,34.49986033852834,1,False,False
835394fffffffff,-9.19449865422862,34.74541769406903,1,False,False
835395fffffffff,-9.845988477884989,35.68850249415326,1,False,False
835396fffffffff,-9.661797675764758,33.677507648416736,1,False,False
835398fffffffff,-12.69232215312844,36.3804936353006,1,False,False
835399fffffffff,-13.313843978858444,37.315830437816345,1,False,False
83539afffffffff,-13.15414217388211,35.318576287782925,1,False,False
83539bfffffffff,-13.776949558518552,36.2568189953076,1,False,False
83539cfffffffff,-11.596510925884886,36.50437083858909,1,False,False
83539dfffffffff,-12.225563418425274,37.44020473452888,1,False,False
83539efffffffff,-12.062111038750452,35.44167453982453,1,False,False
8353a0fffffffff,-7.291789879932999,38.998767635656726,1,False,False
8353a2fffffffff,-7.771389928611711,37.93962944443474,1,False,False
8353a3fffffffff,-8.42050501979299,38.87305093573602,1,False,False
8353a4fffffffff,-6.155685488761238,39.12466520430989,1,False,False
8353a6fffffffff,-6.636271333457636,38.06496378835773,1,False,False
8353a9fffffffff,-11.08492361051806,38.66875076024802,1,False,False
8353adfffffffff,-10.008644934436484,38.9605932505573,1,False,False
8353b0fffffffff,-7.591871741473343,35.93616830711164,1,False,False
8353b1fffffffff,-8.24874766033263,36.87721115045023,1,False,False
8353b2fffffffff,-8.065759451859336,34.868522815035696,1,False,False
8353b3fffffffff,-8.723301565091946,35.81223097887438,1,False,False
8353b4fffffffff,-6.452504632249632,36.06031384532483,1,False,False
8353b5fffffffff,-7.115188902076143,37.00189188037633,1,False,False
8353b6fffffffff,-6.928641514250827,34.991844818827204,1,False,False
835400fffffffff,14.096857151489074,-1.3534479800112431,1,False,False
835401fffffffff,13.078441969288017,-1.178986557962033,1,False,False
835402fffffffff,14.490813262592845,-2.416254730365732,1,False,False
835403fffffffff,13.46937320660191,-2.2297329658581804,1,False,False
835404fffffffff,14.727661576275173,-0.4631121779354468,1,False,False
835405fffffffff,13.699300167351044,-0.2970696499371015,1,False,False
835406fffffffff,15.128458043030369,-1.5317862548139116,1,False,False
835408fffffffff,11.466715032735822,-1.8685807379689856,1,False,False
835409fffffffff,10.486221032877191,-1.6937071072139585,1,False,False
83540afffffffff,11.84816166068988,-2.9016856560023254,1,False,False
83540bfffffffff,10.864243876311487,-2.7154691204500416,1,False,False
83540cfffffffff,12.073620047854943,-1.0082800631634845,1,False,False
83540dfffffffff,11.082752799060287,-0.841211495703668,1,False,False
83540efffffffff,12.461212221151646,-2.047216315908994,1,False,False
835410fffffffff,15.917108321414554,-3.6877809656969696,1,False,False
835411fffffffff,14.880696264328709,-3.484811157969883,1,False,False
835413fffffffff,15.266042973307512,-4.558415178436363,1,False,False
835414fffffffff,16.57176031807611,-2.8018358563603747,1,False,False
835415fffffffff,15.525101498126732,-2.6069108164027,1,False,False
835418fffffffff,13.226918011711364,-4.141669708694888,1,False,False
835419fffffffff,12.22666296356204,-3.939897430852759,1,False,False
83541afffffffff,13.604155308490723,-5.195862502331153,1,False,False
83541bfffffffff,12.601794507352835,-4.982567613803088,1,False,False
83541cfffffffff,13.856772932673293,-3.2862285086176555,1,False,False
83541dfffffffff,12.845792142093153,-3.091896916960327,1,False,False
83541efffffffff,14.24018814848222,-4.347796625379324,1,False,False
835420fffffffff,14.94954146797534,1.5073898106086243,1,False,False
835421fffffffff,13.915584069887151,1.652198956980628,1,False,False
835422fffffffff,15.3611720011561,0.4411748193834461,1,False,False
835423fffffffff,14.323204287568364,0.5984328793155164,1,False,False
835424fffffffff,15.57767031319228,2.429638876047433,1,False,False
835425fffffffff,14.534718671321292,2.565110935942331,1,False,False
835426fffffffff,15.996743537858272,1.359282454865767,1,False,False
835428fffffffff,12.287828677850651,0.9026687170267288,1,False,False
835429fffffffff,11.291187844456292,1.04986398779181,1,False,False
83542afffffffff,12.684439080475968,-0.1346430540330169,1,False,False
83542bfffffffff,11.683462251439057,0.0242819270115643,1,False,False
83542cfffffffff,12.89530150209158,1.793817062974395,1,False,False
83542dfffffffff,11.88907660726666,1.9323467819960785,1,False,False
83542efffffffff,13.298620885901872,0.7522271622953417,1,False,False
835430fffffffff,16.823114825116036,-0.8065270770763788,1,False,False
835431fffffffff,15.769092527411908,-0.6328898592032107,1,False,False
835432fffffffff,17.229352116024977,-1.9006072277077928,1,False,False
835433fffffffff,16.17279024582745,-1.714128486779442,1,False,False
835434fffffffff,17.475395225155424,0.1157986621709414,1,False,False
835435fffffffff,16.412069707298155,0.2803370836896788,1,False,False
835436fffffffff,17.889202611879735,-0.9841536512068718,1,False,False
835440fffffffff,7.264505606032246,-0.2071358742274094,1,False,False
835441fffffffff,6.347299729171963,-0.0566583279400031,1,False,False
835442fffffffff,7.631496470651083,-1.190535605077193,1,False,False
835443fffffffff,6.709545081434792,-1.0296089656178122,1,False,False
835444fffffffff,7.824492355672088,0.6270936518763741,1,False,False
835445fffffffff,6.897130832131475,0.7700699552288306,1,False,False
835446fffffffff,8.19682346722981,-0.3607323136306275,1,False,False
835448fffffffff,4.910935861487738,-0.7173586425810975,1,False,False
835449fffffffff,4.034438134531087,-0.5658502848951722,1,False,False
83544afffffffff,5.2635630348611375,-1.6756130055952847,1,False,False
83544bfffffffff,4.382220335465259,-1.514225738802924,1,False,False
83544cfffffffff,5.445318525305135,0.0907923536054178,1,False,False
83544dfffffffff,4.558639455515489,0.2353046938530549,1,False,False
83544efffffffff,5.802659186677611,-0.8719146780687611,1,False,False
835450fffffffff,8.93877492339711,-2.354541993755201,1,False,False
835451fffffffff,7.997731252557929,-2.179603715174645,1,False,False
835452fffffffff,9.307617996608837,-3.359416449106549,1,False,False
835453fffffffff,8.362834788543037,-3.1737951084401104,1,False,False
835454fffffffff,9.520025366605836,-1.5224809832909147,1,False,False
835455fffffffff,8.56838024799584,-1.354792389702553,1,False,False
835456fffffffff,9.89435673552722,-2.5331265880892246,1,False,False
835458fffffffff,6.516964525587585,-2.8136771053682765,1,False,False
835459fffffffff,5.6161901028405286,-2.6389672347738253,1,False,False
83545afffffffff,6.873234125766187,-3.791698578234807,1,False,False
83545bfffffffff,5.968481626443968,-3.6069134061518686,1,False,False
83545cfffffffff,7.071418230213285,-2.0082043700001377,1,False,False
83545dfffffffff,6.1599897722540256,-1.840240623398876,1,False,False
83545efffffffff,7.432558625341687,-2.991918198184309,1,False,False
835460fffffffff,8.010811796635409,2.4574893775213384,1,False,False
835461fffffffff,7.079038392658172,2.581974352191982,1,False,False
835462fffffffff,8.389097987110082,1.472972235523167,1,False,False
835463fffffffff,7.451771080557062,1.6081625415305376,1,False,False
835464fffffffff,8.573817590606696,3.3178971601570284,1,False,False
835465fffffffff,7.632525792194468,3.4341796185671942,1,False,False
835466fffffffff,8.957887249281905,2.330369176376256,1,False,False
835468fffffffff,5.62311239973727,1.8702999186171472,1,False,False
835469fffffffff,4.731962910876089,1.997410213271858,1,False,False
83546afffffffff,5.9850386028509535,0.9101402625308106,1,False,False
83546bfffffffff,5.088308422554739,1.0473906547239344,1,False,False
83546cfffffffff,6.162692903409166,2.703904063310076,1,False,False
83546dfffffffff,5.261864561071121,2.823355317064053,1,False,False
83546efffffffff,6.5297395858552285,1.740577358638208,1,False,False
835470fffffffff,9.724468355831606,0.3320612397241633,1,False,False
835471fffffffff,8.766994028320774,0.4811218072024981,1,False,False
835472fffffffff,10.10615647951293,-0.6776685421665389,1,False,False
835473fffffffff,9.144103419969232,-0.5175433498727047,1,False,False
835474fffffffff,10.309012884609906,1.19391504569995,1,False,False
835475fffffffff,9.341573882017906,1.3349198064545824,1,False,False
835476fffffffff,10.696707639101422,0.1798149498088541,1,False,False
8354adfffffffff,14.619175279055028,-5.413740330604553,1,False,False
8354c4fffffffff,10.40095778516787,-6.39887741930426,1,False,False
8354c5fffffffff,9.447599786780732,-6.181398774882936,1,True,False
8354e0fffffffff,10.636635721322111,-4.569182390968434,1,False,False
8354e1fffffffff,9.67452018970603,-4.3688326786586735,1,False,False
8354e2fffffffff,11.003783818664155,-5.593367874677719,1,False,False
8354e3fffffffff,10.039094419451452,-5.382191058618511,1,False,False
8354e4fffffffff,11.239808117573034,-3.7423480897839454,1,False,False
8354e5fffffffff,10.266694082255974,-3.5488950371712624,1,False,False
8354e6fffffffff,11.612500311086672,-4.773718300272459,1,False,False
8354e8fffffffff,8.151188506153492,-4.97250949884794,1,True,False
8354e9fffffffff,7.228447307444697,-4.773763858075678,1,True,False
8354eafffffffff,8.507951695318786,-5.968253058144802,1,True,False
8354ebfffffffff,7.58225252675413,-5.759317782993024,1,True,False
8354ecfffffffff,8.726430737296425,-4.172546700554986,1,False,False
8354edfffffffff,7.792603279405279,-3.980206529979446,1,False,False
8354eefffffffff,9.08814343677976,-5.175279157446698,1,True,False
8354f5fffffffff,11.98191266375822,-5.808936923791158,1,False,False
835500fffffffff,18.545802522817283,5.166146459146671,1,False,False
835501fffffffff,17.46601237477557,5.274024638080513,1,False,False
835502fffffffff,18.993452846119705,4.073442094909622,1,False,False
835503fffffffff,17.908964982827502,4.194729575022177,1,False,False
835504fffffffff,19.18110412220188,6.150219770264404,1,False,False
835505fffffffff,18.094405552778408,6.247156685696777,1,False,False
835506fffffffff,19.63746298984652,5.055679898086368,1,False,False
835508fffffffff,15.7769312719356,4.428954091900483,1,False,False
835509fffffffff,14.730435795307429,4.54207872289672,1,False,False
83550afffffffff,16.206923042077378,3.3649854910809154,1,False,False
83550bfffffffff,15.155388077671976,3.4907707634763323,1,False,False
83550cfffffffff,16.398665404127602,5.379403616690861,1,False,False
83550dfffffffff,15.34428606271359,5.482368559684167,1,False,False
83550efffffffff,16.836607978432074,4.313201597437257,1,False,False
835510fffffffff,20.536493005016087,2.8315392661338885,1,False,False
835511fffffffff,19.43673393619514,2.969660136457489,1,False,False
835512fffffffff,20.97788159575901,1.703271985716977,1,False,False
835513fffffffff,19.875025928178943,1.855462540414468,1,False,False
835514fffffffff,21.19638294659428,3.822014210992404,1,False,False
835515fffffffff,20.089473903554488,3.9492387140877017,1,False,False
835518fffffffff,17.702314577296747,2.149230338701688,1,False,False
835519fffffffff,16.63370292105456,2.291047774325272,1,False,False
83551afffffffff,18.12892124490722,1.0527203697409535,1,False,False
83551bfffffffff,17.05671221095605,1.2077649592156057,1,False,False
83551cfffffffff,18.34814590202137,3.1045345043033423,1,False,False
83551dfffffffff,17.27135089987604,3.236274059174002,1,False,False
83551efffffffff,18.782955020599736,2.0040743811718507,1,False,False
835520fffffffff,19.345166755427066,8.228975258613975,1,False,False
835521fffffffff,18.25791999862122,8.301266353402733,1,False,False
835522fffffffff,19.814097330901383,7.146606724119313,1,False,False
835523fffffffff,18.72104233741359,7.232263746231742,1,False,False
835524fffffffff,19.96601596254051,9.236883810967289,1,False,False
835525fffffffff,18.87325958523157,9.297524093491326,1,False,False
835526fffffffff,20.44400060396051,8.154926138020244,1,False,False
835528fffffffff,16.57119147164615,7.397593495462208,1,False,False
835529fffffffff,15.515488646845755,7.47740332255783,1,False,False
83552afffffffff,17.019888674318796,6.341828276860542,1,False,False
83552bfffffffff,15.958101214737736,6.434312535060657,1,False,False
83552cfffffffff,17.18285335489057,8.37186107257798,1,False,False
83552dfffffffff,16.120512017176996,8.440818227158708,1,False,False
83552efffffffff,17.6398835080322,7.315902620300366,1,False,False
835530fffffffff,21.388615376091984,5.9492191496854,1,False,False
835531fffffffff,20.27938850813084,6.0509358136135205,1,False,False
835533fffffffff,20.74037299157682,4.942531518622194,1,False,False
835535fffffffff,20.91843013625144,7.058858014315485,1,False,False
835540fffffffff,11.265244669261524,5.871662696888246,1,False,False
835541fffffffff,10.281889215535257,5.96370908213685,1,False,False
835542fffffffff,11.674322885544504,4.866542870544265,1,False,False
835543fffffffff,10.684601981391904,4.96999520386901,1,False,False
835544fffffffff,11.847509344595483,6.783816969059231,1,False,False
835545fffffffff,10.855900113860985,6.866417891444997,1,False,False
835546fffffffff,12.263472846285833,5.777575123526565,1,False,False
835548fffffffff,8.750302824306337,5.170292644166236,1,False,False
835549fffffffff,7.806128987653368,5.267275758481879,1,False,False
83554afffffffff,9.140327151656118,4.189208579345,1,False,False
83554bfffffffff,8.189767052707277,4.297018493344975,1,False,False
83554cfffffffff,9.313650261622463,6.053779530445843,1,False,False
83554dfffffffff,8.360729091565121,6.141936560382423,1,False,False
83554efffffffff,9.709854287176746,5.071221640932344,1,False,False
835550fffffffff,13.092857832333817,3.7339485675421353,1,False,False
835551fffffffff,12.082673208768902,3.8515236130827257,1,False,False
835552fffffffff,13.505301661511096,2.6975666101860165,1,False,False
835553fffffffff,12.48982513760014,2.827104162965152,1,False,False
835554fffffffff,13.69757406925364,4.652663121658647,1,False,False
835555fffffffff,12.678750648440186,4.760791103355848,1,False,False
835556fffffffff,14.117223302558328,3.613727368747819,1,False,False
835558fffffffff,10.50208272318452,3.0777973604960884,1,False,False
835559fffffffff,9.530397673428128,3.199129565179878,1,False,False
83555afffffffff,10.89724580593656,2.067886483030391,1,False,False
83555bfffffffff,9.920100256696628,2.200530468018084,1,False,False
83555cfffffffff,11.087004308244978,3.966537961551433,1,False,False
83555dfffffffff,10.106140518810474,4.079073469520882,1,False,False
83555efffffffff,11.488647897370097,2.953817695395648,1,False,False
835560fffffffff,12.007623370995857,8.701356769789898,1,False,False
835561fffffffff,11.015412055874492,8.762919584562542,1,False,False
835562fffffffff,12.430816927626442,7.706171733492586,1,False,False
835563fffffffff,11.431334918429018,7.779068944833255,1,False,False
835564fffffffff,12.584179300060372,9.632949448018527,1,False,False
835565fffffffff,11.584760651447969,9.684534776483137,1,False,False
835566fffffffff,13.014570753534423,8.638413132427443,1,False,False
835568fffffffff,9.477274050402782,7.920149344151694,1,False,False
835569fffffffff,8.41385594119879,7.879316556259287,1,False,False
83556afffffffff,9.879304389559511,6.947231962043194,1,False,False
83556bfffffffff,8.91794393070533,7.026316229759144,1,False,False
83556cfffffffff,10.014533109972838,8.797612206494636,1,False,False
83556dfffffffff,8.945863082414261,8.755282679482901,1,False,False
83556efffffffff,10.44673971155308,7.850377767809125,1,False,False
835570fffffffff,13.874663395164962,6.613013627170788,1,False,False
835571fffffffff,12.853867047306055,6.699369624743475,1,False,False
835572fffffffff,14.30335030500232,5.583000836468117,1,False,False
835573fffffffff,13.27628586138415,5.681378228538511,1,False,False
835574fffffffff,14.473249143862262,7.555396033479897,1,False,False
835575fffffffff,13.444899029742585,7.631632708645232,1,False,False
835576fffffffff,14.909542469855232,6.524683934518648,1,False,False
8355a8fffffffff,19.63708154905977,-0.2248915189648583,1,False,False
8355a9fffffffff,18.550598431464152,-0.0525668442114801,1,False,False
8355abfffffffff,18.96678247579413,-1.165905128763603,1,False,False
8355acfffffffff,20.30771551409548,0.7315552850577552,1,False,False
8355adfffffffff,19.21279631903214,0.8940264302508695,1,False,False
835800fffffffff,0.0998081783832342,11.908071324067924,1,False,False
835801fffffffff,-0.5144214751108932,12.782276069895907,1,False,False
835802fffffffff,-0.3862247154000844,10.997188423933125,1,False,False
835803fffffffff,-0.9990006422224882,11.86098866900105,1,False,False
835804fffffffff,1.2014750938736252,11.955279636793746,1,False,False
835805fffffffff,0.5921692476155649,12.83089123357561,1,False,False
835806fffffffff,0.7076658176725281,11.04287223899954,1,False,False
835808fffffffff,-2.241820523829051,13.615321732494776,1,False,False
835809fffffffff,-2.870840053507743,14.505292868941096,1,False,False
83580afffffffff,-2.716859576284022,12.685431763937546,1,False,False
83580bfffffffff,-3.344512032904156,13.565560343642286,1,False,False
83580cfffffffff,-1.1345451217983729,13.665214552590111,1,False,False
83580dfffffffff,-1.7600528102508246,14.556592807311748,1,False,False
83580efffffffff,-1.6176982122008408,12.733789727410214,1,False,False
835810fffffffff,-0.2607258419539663,9.25476736647316,1,False,False
835811fffffffff,-0.8656208542989435,10.09846382084498,1,False,False
835812fffffffff,-0.7347331282865994,8.37942796536147,1,False,False
835813fffffffff,-1.3381030183952127,9.212089016843466,1,False,False
835814fffffffff,0.8197345226737116,9.297560538821005,1,False,False
835815fffffffff,0.2201644757001673,10.142636966071816,1,False,False
835816fffffffff,0.3373503510732664,8.420740250618381,1,False,False
835818fffffffff,-2.563630191687784,10.90618626704979,1,False,False
835819fffffffff,-3.1848774092247623,11.76719858266804,1,False,False
83581afffffffff,-3.025865640795907,10.010471746453744,1,False,False
83581bfffffffff,-3.6456132506803662,10.860867066101203,1,False,False
83581cfffffffff,-1.476914879835996,10.95162657675209,1,False,False
83581dfffffffff,-2.094155727402785,11.814031233886029,1,False,False
83581efffffffff,-1.9478818178691992,10.054408888308943,1,False,False
835820fffffffff,2.812017018165119,12.928509801298746,1,False,False
835821fffffffff,2.2066482049830083,13.815686062428243,1,False,False
835822fffffffff,2.305191854843737,12.002614046542655,1,False,False
835823fffffffff,1.7012578451946052,12.879635662241077,1,False,False
835824fffffffff,3.923611937476797,12.97751409777366,1,False,False
835825fffffffff,3.324052862987619,13.86610907736995,1,False,False
835826fffffffff,3.4101411045992425,12.050074994340548,1,False,False
835828fffffffff,0.4734439468411368,14.659597563103183,1,False,False
835829fffffffff,-0.1494614268396231,15.561919088853267,1,False,False
83582afffffffff,-0.0234913621906065,13.715239249360692,1,False,False
83582bfffffffff,-0.6450157774341202,14.608027555742977,1,False,False
83582cfffffffff,1.594483729724435,14.711303279748044,1,False,False
83582dfffffffff,0.976007050326494,15.61503872256272,1,False,False
83582efffffffff,1.0905183326021302,13.765396269792529,1,False,False
835830fffffffff,2.399225086357881,10.231339591172368,1,False,False
835831fffffffff,1.803968341379091,11.088678454045096,1,False,False
835832fffffffff,1.902518313919096,9.340468949957248,1,False,False
835833fffffffff,1.3087063530441774,10.186928747705116,1,False,False
835834fffffffff,3.490932411284854,10.275869923619082,1,False,False
835835fffffffff,2.901883922496133,11.13460750285622,1,False,False
835836fffffffff,2.986855852628211,9.383493017679028,1,False,False
835840fffffffff,-4.304690508478616,18.19985986878417,1,False,False
835841fffffffff,-4.481085397023596,18.11831656078998,1,False,False
835842fffffffff,-4.781581177935937,17.22259574199266,1,False,False
835843fffffffff,-4.919587976209966,17.116412584780946,1,False,False
835844fffffffff,-3.1788456853576403,18.25689392465774,1,False,False
835845fffffffff,-3.821263198095589,19.18667908700104,1,False,False
835846fffffffff,-3.663331694660765,17.278098151471482,1,False,False
835848fffffffff,-6.279218251430597,18.924706352762545,1,False,False
835849fffffffff,-6.96064769917245,19.837458584815792,1,False,False
83584afffffffff,-6.708733628607998,17.917086763608637,1,False,False
83584bfffffffff,-7.389102020557398,18.822626034081267,1,False,False
83584cfffffffff,-5.161423183681981,19.027073724338592,1,False,False
83584dfffffffff,-5.843160090330136,19.94140067517856,1,False,False
83584efffffffff,-5.59862995338026,18.01755803085789,1,False,False
835850fffffffff,-4.612460830120492,15.350821127511622,1,False,False
835851fffffffff,-5.251589351939979,16.25530872558676,1,False,False
835852fffffffff,-5.076455552520913,14.403095634332434,1,False,False
835853fffffffff,-5.7144018448072895,15.298389537230646,1,False,False
835854fffffffff,-3.504200159308996,15.403389430556032,1,False,False
835855fffffffff,-4.141316901957567,16.309275998010055,1,False,False
835856fffffffff,-3.976569495653117,14.454127293247938,1,False,False
835858fffffffff,-6.453320754303854,16.027608071115317,1,False,False
835859fffffffff,-7.131402393703096,16.91903558210957,1,False,False
83585afffffffff,-6.870235730102023,15.048072136287226,1,False,False
83585bfffffffff,-7.546951774891284,15.931013947905882,1,False,False
83585cfffffffff,-5.351682896465749,16.124487135968504,1,False,False
83585dfffffffff,-6.029362469293357,17.017580900777364,1,False,False
83585efffffffff,-5.777073817178787,15.142977348229186,1,False,False
835860fffffffff,-1.5502181863190228,19.303945431843392,1,False,False
835861fffffffff,-1.7685811049098672,19.33590369716615,1,False,False
835862fffffffff,-2.0476548029297046,18.31407346570761,1,False,False
835863fffffffff,-2.68823166677562,19.245238243293965,1,False,False
835864fffffffff,-0.4080965634880103,19.36280109093905,1,False,False
835865fffffffff,-0.6272997096131312,19.4394247994405,1,False,False
835866fffffffff,-0.9119705575123092,18.37139893497801,1,False,False
835868fffffffff,-3.586195404399383,20.15014601019984,1,False,False
835869fffffffff,-4.268939989441535,21.0726956858854,1,False,False
83586afffffffff,-4.036502132246287,19.12972870501883,1,False,False
83586bfffffffff,-4.718072868809581,20.04562965141688,1,False,False
83586cfffffffff,-2.448368232049344,20.254950243288903,1,False,False
83586dfffffffff,-3.130552000457899,21.179033646283344,1,False,False
83586efffffffff,-2.905272598282358,19.232671846756485,1,False,False
835870fffffffff,-1.903533700691996,16.41763041170064,1,False,False
835871fffffffff,-2.5393915205476247,17.33374329843302,1,False,False
835872fffffffff,-2.390403980868027,15.456094892919712,1,False,False
835873fffffffff,-3.025029112941992,16.363383077681405,1,False,False
835874fffffffff,-0.7776619165243017,16.472018448482654,1,False,False
835875fffffffff,-1.4105912707256705,17.38953162883435,1,False,False
835876fffffffff,-1.271881049287559,15.508937962563303,1,False,False
835880fffffffff,-3.1544140199517297,5.792929874515654,1,True,False
835881fffffffff,-3.757707557301825,6.590347403340376,1,True,False
835882fffffffff,-3.589222805870361,4.970204079031619,1,True,False
835883fffffffff,-4.190769677920307,5.75613574926428,1,True,False
835884fffffffff,-2.1131909062877647,5.829822995768834,1,True,False
835885fffffffff,-2.711752875809573,6.628551770435751,1,True,False
835886fffffffff,-2.557545823148885,5.005706781048234,1,True,False
835888fffffffff,-5.411599626092245,7.358419016980832,1,True,False
835889fffffffff,-6.030041800504438,8.174523100077463,1,True,False
83588bfffffffff,-6.449782394024115,7.319099781007375,1,True,False
83588cfffffffff,-4.367037713707561,7.397843797114239,1,True,False
83588dfffffffff,-4.981985784438358,8.215284536854096,1,True,False
83588efffffffff,-4.7983639135812215,6.552245507427792,1,True,False
835890fffffffff,-3.42275011919485,3.396356861554424,1,True,False
835891fffffffff,-4.016074214653082,4.160409557690387,1,True,False
835894fffffffff,-2.40574688765428,3.429241914428055,1,True,False
835895fffffffff,-2.99409965564518,4.194546613520785,1,True,False
835896fffffffff,-2.836180847319252,2.642699243049279,1,True,False
8358a0fffffffff,-0.6066183717083895,6.705269439157824,1,False,False
8358a1fffffffff,-1.20161594972375,7.516755291443546,1,False,False
8358a2fffffffff,-1.067759406970587,5.866815482374097,1,False,False
8358a3fffffffff,-1.661162737611909,6.666858988539645,1,False,False
8358a4fffffffff,0.4511831349437256,6.743783505483864,1,False,False
8358a5fffffffff,-0.1381794450801922,7.556606145639845,1,False,False
8358a6fffffffff,-0.0187951421356328,5.903907705342546,1,False,False
8358a8fffffffff,-2.86799978865534,8.29713591427168,1,False,False
8358a9fffffffff,-3.4806370591617,9.127075130051352,1,False,False
8358aafffffffff,-3.3167395177477714,7.437374509461414,1,True,False
8358abfffffffff,-3.927749614160777,8.25615534191743,1,True,False
8358acfffffffff,-1.8034248928486056,8.338226654617985,1,False,False
8358adfffffffff,-2.411650303943296,9.169525075581763,1,False,False
8358aefffffffff,-2.26137040459504,7.477011543760915,1,False,False
8358b0fffffffff,-0.936792058523889,4.263096164597388,1,False,False
8358b1fffffffff,-1.5214240872090097,5.041304999950979,1,True,False
8358b2fffffffff,-1.384489143490823,3.462215218109231,1,True,False
8358b3fffffffff,-1.9674614541487376,4.228775367342763,1,True,False
8358b4fffffffff,0.0972606692370225,4.297509352321799,1,False,False
8358b5fffffffff,-0.4815116403545723,5.07699909413413,1,False,False
8358b6fffffffff,-0.3596037483560252,3.4952771063928494,1,False,False
8358c0fffffffff,-6.607233614473734,11.143932674975265,1,False,False
8358c1fffffffff,-7.269630890404759,11.986100080159757,1,False,False
8358c2fffffffff,-7.002432824956693,10.232534207556483,1,True,False
8358c3fffffffff,-7.662907765073234,11.064401297244505,1,False,False
8358c4fffffffff,-6.422950512367353,11.627444996531336,1,False,False
8358c5fffffffff,-6.204353871013571,12.06765156110801,1,False,False
8358c6fffffffff,-5.9484032339310735,10.310304785207116,1,False,False
8358c8fffffffff,-8.992536897995334,12.75352568381271,1,False,False
8358c9fffffffff,-9.660480928609442,13.610294019524304,1,False,False
8358cafffffffff,-9.37426671552028,11.82378062034725,1,False,False
8358cbfffffffff,-10.040574763062711,12.670745804848556,1,False,False
8358ccfffffffff,-7.935008223307605,12.836569495937017,1,False,False
8358cdfffffffff,-8.602756593163242,13.69508408787588,1,False,False
8358cefffffffff,-8.32647408579241,11.904810076522963,1,False,False
8358d0fffffffff,-6.7351140793461015,8.521260950435718,1,True,False
8358d1fffffffff,-7.389830476154013,9.333663210519452,1,True,False
8358d3fffffffff,-7.769331900669948,8.447496430170453,1,True,False
8358d4fffffffff,-6.653226937827647,9.000405167041105,1,True,False
8358d5fffffffff,-6.345621602229311,9.40942452348478,1,True,False
8358d6fffffffff,-7.071275503997287,8.133870634273006,1,True,False
8358d8fffffffff,-9.08541586401314,10.077751032752351,1,True,False
8358d9fffffffff,-9.731718239320998,10.875128465780769,1,False,False
8358dafffffffff,-9.384933274698671,9.043175948952957,1,True,False
8358dbfffffffff,-10.036437272923306,9.834525007368,1,True,False
8358dcfffffffff,-8.048303637603958,10.155016606718522,1,True,False
8358ddfffffffff,-8.709975890769636,10.985126807831914,1,False,False
8358defffffffff,-8.425722370725008,9.258149775422408,1,True,False
8358e0fffffffff,-4.89972429489582,12.58909921333772,1,False,False
8358e1fffffffff,-5.533025639543093,13.466430085686095,1,False,False
8358e2fffffffff,-5.350000699021612,11.673905895936414,1,False,False
8358e3fffffffff,-5.981927838644042,12.541123749866989,1,False,False
8358e4fffffffff,-3.8111222763685713,12.6372017389038,1,False,False
8358e5fffffffff,-4.441834366234808,13.51592994215083,1,False,False
8358e6fffffffff,-4.270405183757124,11.720490280939725,1,False,False
8358e8fffffffff,-6.606711778949873,13.212785375090023,1,False,False
8358e9fffffffff,-7.279869110127271,14.079372236089458,1,False,False
8358eafffffffff,-6.86859591546991,12.919878154935294,1,False,False
8358ebfffffffff,-7.535703255863597,13.780142075081882,1,False,False
8358ecfffffffff,-6.169738164845993,14.35219744777594,1,False,False
8358edfffffffff,-6.195495127964842,14.172286793689604,1,False,False
8358eefffffffff,-6.617350264270631,13.417060333458217,1,False,False
8358f0fffffffff,-5.166083888867795,9.922949155237362,1,True,False
8358f1fffffffff,-5.792456271070812,10.770590283940033,1,False,False
8358f2fffffffff,-5.602103575682362,9.042515584164368,1,True,False
8358f3fffffffff,-6.226914154024033,9.87936287032915,1,True,False
8358f4fffffffff,-4.098837607734245,9.96665197496892,1,False,False
8358f5fffffffff,-4.722126748988347,10.815668546857404,1,False,False
8358f6fffffffff,-4.544351546291799,9.084738769322223,1,True,False
835900fffffffff,7.825800206949764,12.241193044966993,1,False,False
835901fffffffff,7.255028807520326,13.125312426311398,1,False,False
835902fffffffff,7.29352398655672,11.319560771035237,1,False,False
835903fffffffff,6.72414964184476,12.193221501313252,1,False,False
835904fffffffff,8.9245872266539,12.289293356890852,1,False,False
835905fffffffff,8.361599447773475,13.174841855211175,1,False,False
835906fffffffff,8.387396437571585,11.366110555097682,1,False,False
835908fffffffff,5.559279719828834,13.96735658239507,1,False,False
835909fffffffff,4.9645032243199845,14.867239211296903,1,False,False
83590afffffffff,5.035203987947904,13.026649000313274,1,False,False
83590bfffffffff,4.441881089863618,13.91666576628226,1,False,False
83590cfffffffff,6.6753975360461615,14.018181980506435,1,False,False
83590dfffffffff,6.087259144569832,14.919492298449548,1,False,False
83590efffffffff,6.145954554354607,13.075914959191271,1,False,False
835910fffffffff,7.324186291766696,9.5567542711816,1,False,False
835911fffffffff,6.765246279003666,10.4101821521908,1,False,False
835912fffffffff,6.799074110222253,8.67096727486824,1,False,False
835913fffffffff,6.241414035257395,9.513263364373266,1,False,False
835914fffffffff,8.404630507493842,9.600362949700058,1,False,False
835915fffffffff,7.853773494690958,10.455194746586558,1,False,False
835916fffffffff,7.8737969922103535,8.713067842221163,1,False,False
835918fffffffff,5.099326546534449,11.226835845417089,1,False,False
835919fffffffff,4.515499981255248,12.09766292287987,1,False,False
83591afffffffff,4.5830348821812255,10.320520173914948,1,False,False
83591bfffffffff,4.000606526050089,11.180659820917484,1,False,False
83591cfffffffff,6.197234378401941,11.27313601525237,1,False,False
83591dfffffffff,5.620443780993085,12.145378276524257,1,False,False
83591efffffffff,5.674737319995295,10.365290772660009,1,False,False
835920fffffffff,10.563980168557231,13.274298420691135,1,False,False
835921fffffffff,10.007664053123294,14.171470238392612,1,False,False
835922fffffffff,10.019715060084,12.337522888180043,1,False,False
835923fffffffff,9.46485036403548,13.224503701065672,1,False,False
835924fffffffff,11.658205569883828,13.324226472548713,1,False,False
835925fffffffff,11.110319390996006,14.222838543938016,1,False,False
835926fffffffff,11.110404038891732,12.38588209162426,1,False,False
835928fffffffff,8.326720732029695,15.02441288238806,1,False,False
835929fffffffff,7.74409480408012,15.936690601369488,1,False,False
83592afffffffff,7.7893891463817315,14.06914241698533,1,False,False
83592bfffffffff,7.208283127702196,14.971883369040524,1,False,False
83592cfffffffff,9.441729324405346,15.07708129931016,1,False,False
83592dfffffffff,8.866487978808024,15.990792526988798,1,False,False
83592efffffffff,8.90041879298446,14.12023834977439,1,False,False
835930fffffffff,10.0217758018589,10.545585325040175,1,False,False
835931fffffffff,9.478063353158417,11.412785811497178,1,False,False
835932fffffffff,9.48198692060016,9.644089828228676,1,False,False
835933fffffffff,8.939539275443364,10.50032899167532,1,False,False
835934fffffffff,11.099730299325302,10.590964186025346,1,False,False
835935fffffffff,10.564750249003003,11.459586986022176,1,False,False
835936fffffffff,10.555508828031725,9.68793533684165,1,False,False
835940fffffffff,3.6579963672114992,18.602168993436155,1,False,False
835941fffffffff,3.033912630422773,19.540263288870666,1,False,False
835942fffffffff,3.135896297018669,17.614125746367254,1,False,False
835943fffffffff,2.513224894544809,18.54425535897193,1,False,False
835944fffffffff,4.80276410317625,18.66023078771833,1,False,False
835945fffffffff,4.183402742958055,19.599717232311647,1,False,False
835946fffffffff,4.2758902505468335,17.670636725689487,1,False,False
835948fffffffff,1.665439810871756,19.647336909740545,1,False,False
835949fffffffff,0.9920118675385164,20.571095030597327,1,False,False
83594afffffffff,0.7372399917665935,19.421805659837027,1,False,False
83594bfffffffff,0.5176777745660022,19.54323569226646,1,False,False
83594cfffffffff,2.404206725696448,20.484481161416664,1,False,False
83594dfffffffff,2.1447339010629567,20.677055577374023,1,False,False
83594efffffffff,1.8848829338931263,19.480959578755574,1,False,False
835950fffffffff,3.2326329182663343,15.721695322371156,1,False,False
835951fffffffff,2.61762111066824,16.63603127927586,1,False,False
835952fffffffff,2.717249129740156,14.76314515752246,1,False,False
835953fffffffff,2.1036625060694774,15.66829731587235,1,False,False
835954fffffffff,4.3620401297140505,15.775233197057222,1,False,False
835955fffffffff,3.752342035160823,16.69098663755077,1,False,False
835956fffffffff,3.8408777569839865,14.815123649762418,1,False,False
835958fffffffff,0.8581591317051154,17.501539629843275,1,False,False
835959fffffffff,0.2273334210350056,18.42887077660879,1,False,False
83595afffffffff,0.3517349502590495,16.526547637757258,1,False,False
83595bfffffffff,-0.2777838718019485,17.445463589844582,1,False,False
83595cfffffffff,1.9963514842464285,17.55776019841892,1,False,False
83595dfffffffff,1.3693664535993495,18.4864894358326,1,False,False
83595efffffffff,1.4837892956198404,16.581218430568804,1,False,False
835960fffffffff,6.480052129314725,19.719077592428008,1,False,False
835961fffffffff,5.864309769428253,20.66743124860818,1,False,False
835962fffffffff,5.946611333977042,18.71844119139201,1,False,False
835963fffffffff,5.332424688745867,19.65932185215668,1,False,False
835964fffffffff,7.625365432047828,19.77898489808732,1,False,False
835965fffffffff,7.015170938487428,20.728720828530392,1,False,False
835966fffffffff,7.088625682837535,18.77680065510792,1,False,False
835968fffffffff,4.453455437525291,20.88984790090183,1,False,False
835969fffffffff,3.784966048870753,21.82310279086328,1,False,False
83596afffffffff,3.5578912995471623,20.545311851150544,1,False,False
83596bfffffffff,3.2988640494785053,20.783306380641623,1,False,False
83596cfffffffff,5.6075588621842,20.996680593137928,1,False,False
83596dfffffffff,4.943049066162116,21.93145834674068,1,False,False
83596efffffffff,4.711571863221876,20.60629506831384,1,False,False
835970fffffffff,6.020880970086097,16.801326704059168,1,False,False
835971fffffffff,5.415427873265014,17.727293589590552,1,False,False
835972fffffffff,5.491003930190932,15.828911396338391,1,False,False
835973fffffffff,4.887059508509809,16.74608496037912,1,False,False
835974fffffffff,7.152918059522295,16.856712326201148,1,False,False
835975fffffffff,6.553605845617668,17.78409679247704,1,False,False
835976fffffffff,6.618646162409968,15.882730378032802,1,False,False
835980fffffffff,4.1984415664889125,6.05328143965058,1,False,False
835981fffffffff,3.636978496692721,6.859951256126696,1,False,False
835982fffffffff,3.702499875868984,5.220741448967567,1,False,False
835983fffffffff,3.1423432287133983,6.01578652761975,1,False,False
835984fffffffff,5.254538107847292,6.090877968294726,1,False,False
835985fffffffff,4.700616187194515,6.898883651250656,1,False,False
835986fffffffff,4.751127032056867,5.256920352992718,1,False,False
835988fffffffff,1.99685412366376,7.636630754639406,1,False,False
835989fffffffff,1.412086274667711,8.462163916223322,1,False,False
83598afffffffff,1.5115314963724138,6.7824015724069975,1,False,False
83598bfffffffff,0.928220769031706,7.596564501187608,1,False,False
83598cfffffffff,3.066980765832869,7.676805304270239,1,False,False
83598dfffffffff,2.4887242362576005,8.503699369736369,1,False,False
83598efffffffff,2.5737060186947267,6.821124026519922,1,False,False
835990fffffffff,3.7632452948866137,3.628417236220333,1,False,False
835991fffffffff,3.213058908489033,4.401306752799356,1,False,False
835992fffffffff,3.279269108834289,2.833892778547158,1,False,False
835993fffffffff,2.730357507519608,3.594997640255732,1,False,False
835994fffffffff,4.796468014886443,3.661927109325866,1,False,False
835995fffffffff,4.253942262362879,4.436093004984261,1,False,False
835996fffffffff,4.304587767514328,2.866059043839537,1,False,False
835998fffffffff,1.6069977679981495,5.1486763501040365,1,False,False
835999fffffffff,1.0330122177862229,5.94110003735419,1,False,False
83599afffffffff,1.1340357885865702,4.33201527915747,1,False,False
83599bfffffffff,0.5615226882841182,5.112789423627393,1,False,False
83599cfffffffff,2.6542227715655704,5.18466023688909,1,False,False
83599dfffffffff,2.0869615896667235,5.978392852765943,1,False,False
83599efffffffff,2.172861740224713,4.366614295358393,1,False,False
8359a0fffffffff,6.826051679271329,6.977065506787429,1,False,False
8359a1fffffffff,6.2788468989565205,7.797982738981983,1,False,False
8359a2fffffffff,6.309914357610037,6.128576494697815,1,False,False
8359a3fffffffff,5.763884829134144,6.937921603642336,1,False,False
8359a4fffffffff,7.886388532251317,7.01631575591478,1,False,False
8359a5fffffffff,7.347470034317189,7.838594490792548,1,False,False
8359a6fffffffff,7.363854747242124,6.166377401723159,1,False,False
8359a8fffffffff,4.644667635514478,8.58710727939799,1,False,False
8359a9fffffffff,4.071970788424826,9.42663316151706,1,False,False
8359aafffffffff,4.137854598965044,7.717088550085048,1,False,False
8359abfffffffff,3.566505790758431,8.545347020450352,1,False,False
8359acfffffffff,5.722444842912485,8.628980559359173,1,False,False
8359adfffffffff,5.157083417312793,9.46988980274242,1,False,False
8359aefffffffff,5.2087263882787065,7.757480893826376,1,False,False
8359b0fffffffff,6.335016518358359,4.505948315797226,1,False,False
8359b1fffffffff,5.799400777955071,5.293197317294333,1,False,False
8359b2fffffffff,5.796343854417868,3.659591129339528,1,False,False
8359b3fffffffff,5.294824049708339,4.470973407054478,1,False,False
8359b4fffffffff,7.254622380590654,4.402575337563151,1,False,False
8359b5fffffffff,6.846619064650333,5.329572711887108,1,False,False
8359b6fffffffff,6.706665911155422,3.548053204104904,1,False,False
835f00fffffffff,5.282335553274448,-11.439832640240326,1,False,False
835f01fffffffff,5.941830714757595,-12.305111175721905,1,False,False
835f04fffffffff,4.167332080201517,-11.606331051984236,1,False,False
835f05fffffffff,4.834557017317268,-12.471652563261006,1,False,False
835f06fffffffff,4.614337252641775,-10.566862557704493,1,False,False
835f20fffffffff,2.603823408295808,-12.80563161901792,1,False,False
835f21fffffffff,3.277659506897205,-13.662763826968662,1,False,False
835f22fffffffff,3.047001952535556,-11.77314488851244,1,False,False
835f23fffffffff,3.721611080430479,-12.63849338725567,1,False,False
835f24fffffffff,1.482046815075198,-12.973065202374832,1,False,False
835f25fffffffff,2.162938487469148,-13.830109680630354,1,False,False
835f26fffffffff,1.9221977626577984,-11.9402722109988,1,False,False
835f28fffffffff,5.045763694688611,-14.34449250277964,1,False,False
835f29fffffffff,5.69440937706659,-15.184635492671346,1,False,False
835f2afffffffff,5.493193033214757,-13.328911875907805,1,False,False
835f2bfffffffff,6.142797820814666,-14.177842800139716,1,False,False
835f2cfffffffff,3.94321043641151,-14.51140754168622,1,False,False
835f2dfffffffff,4.600020800154001,-15.351321507921966,1,False,False
835f2efffffffff,4.3880213996687,-13.49569718020624,1,False,False
835f30fffffffff,2.809086889539937,-9.852664715783902,1,False,False
835f31fffffffff,3.4920011059183054,-10.73323326332984,1,False,False
835f32fffffffff,3.254856290607413,-8.799097151260602,1,False,False
835f33fffffffff,3.938332174738134,-9.686508487995454,1,False,False
835f34fffffffff,1.675263822111443,-10.019168159968368,1,False,False
835f35fffffffff,2.364703347208306,-10.89993533721456,1,False,False
835f36fffffffff,2.1191510855192366,-8.964950284577741,1,False,False
835f44fffffffff,8.64348590767171,-17.485648604770823,1,False,False
835f60fffffffff,7.132167312879044,-18.61954797249895,1,False,False
835f61fffffffff,7.739858418983226,-19.412883767150845,1,False,False
835f62fffffffff,7.582091170724718,-17.651008024338424,1,False,False
835f63fffffffff,8.1908755827649,-18.454496381505976,1,False,False
835f64fffffffff,6.06728630873488,-18.78478476608103,1,False,False
835f65fffffffff,6.684287003951553,-19.57753214607622,1,False,False
835f66fffffffff,6.514063109398862,-17.816570179986993,1,False,False
835f68fffffffff,9.376344312721049,-20.032607018615767,1,False,False
835f6cfffffffff,8.371422582770384,-20.197839433204813,1,False,False
835f6efffffffff,8.789024074789063,-19.24840574127593,1,False,False
835f70fffffffff,7.413348806240831,-15.849753481443988,1,False,False
835f71fffffffff,8.033614245543554,-16.6722993356256,1,False,False
835f74fffffffff,6.333570638637869,-16.01590210743831,1,False,False
835f75fffffffff,6.962900269904004,-16.8380879522323,1,False,False
835f76fffffffff,6.782969947524444,-15.018198910311249,1,False,False
835fa4fffffffff,4.595380592718175,-5.607337760744879,1,True,False
836002fffffffff,-46.9461617105231,34.387325342385715,1,True,False
836004fffffffff,-47.84042716865285,31.90277715458662,1,True,False
836006fffffffff,-47.85113555813263,33.55317263552449,1,True,False
836010fffffffff,-47.80131850832883,36.86217453600448,1,True,False
836011fffffffff,-46.92088862744818,36.00476195546969,1,True,False
836012fffffffff,-47.74070302987904,38.51527318032212,1,False,False
836013fffffffff,-46.87279846994935,37.62179186399185,1,True,False
836014fffffffff,-48.73476490908882,36.06617330263403,1,False,False
836015fffffffff,-47.83813316455282,35.207221555141466,1,True,False
836016fffffffff,-48.68537523000271,37.759646114730906,1,False,False
836018fffffffff,-45.14903839728357,35.948662771053044,1,False,False
83601afffffffff,-45.10212877340414,37.495844351662114,1,True,False
83601cfffffffff,-46.04513325741746,35.185144299009416,1,True,False
83601efffffffff,-46.00857344122284,36.76695406971047,1,True,False
836022fffffffff,-48.73403717625895,30.994240361185216,1,True,False
836024fffffffff,-49.56281421976263,28.331626433662624,1,False,False
836026fffffffff,-49.628296841327646,30.04421476808749,1,True,False
836031fffffffff,-48.75898638116482,32.68052523812748,1,True,False
836032fffffffff,-49.67208422435841,35.23144046615262,1,True,False
836033fffffffff,-48.75928558295122,34.372147098129766,1,True,False
836035fffffffff,-49.66856322484703,31.76708975470288,1,True,False
836080fffffffff,-46.455103523752776,44.03499546620884,1,False,False
836081fffffffff,-45.64552632820171,43.05495212653278,1,False,False
836082fffffffff,-46.2959434901671,45.612345287325184,1,False,False
836083fffffffff,-45.50182215783482,44.60552819659861,1,False,False
836084fffffffff,-47.41785149076203,43.4362975714475,1,False,False
836085fffffffff,-46.592786674400216,42.444899215496,1,False,False
836086fffffffff,-47.26437705603953,45.055162995111935,1,False,False
836088fffffffff,-43.91446877229655,42.705326168041296,1,True,False
83608afffffffff,-43.77974428450739,44.19300026049781,1,True,False
83608cfffffffff,-44.83680922274951,42.11325229582493,1,True,False
83608dfffffffff,-44.03003728577505,41.208168890472926,1,True,False
83608efffffffff,-44.70762658026276,43.637064393711874,1,False,False
836090fffffffff,-46.89176788191736,48.24607559030317,1,False,False
836091fffffffff,-46.11586102036997,47.17474242021825,1,False,False
836092fffffffff,-46.67399369386699,49.81373011109588,1,False,False
836093fffffffff,-45.9154927900355,48.72011093976272,1,False,False
836094fffffffff,-47.87913738416005,47.7477243481483,1,False,False
836095fffffffff,-47.08880300223191,46.65917994904361,1,False,False
836096fffffffff,-47.66420769548499,49.358686314399264,1,False,False
836098fffffffff,-44.39045429040581,46.64929413387447,1,False,False
836099fffffffff,-43.6262810081,45.66929666652575,1,False,False
83609afffffffff,-44.20350595501608,48.133895099910525,1,False,False
83609bfffffffff,-43.45456684812164,47.13241002828215,1,False,False
83609cfffffffff,-45.33776343903552,46.143140278586536,1,False,False
83609dfffffffff,-44.55868014135191,45.149732030036674,1,False,False
83609efffffffff,-45.153907669835085,47.66576615228562,1,False,False
8360a0fffffffff,-48.51240031883267,41.13316027884498,1,False,False
8360a1fffffffff,-47.65641121671607,40.16377757624716,1,False,False
8360a2fffffffff,-48.38932077156933,42.80743707806951,1,False,False
8360a3fffffffff,-47.54867914692081,41.80499334559436,1,False,False
8360a4fffffffff,-49.483068451819136,40.42714878754548,1,True,False
8360a5fffffffff,-48.611189165014586,39.44961358368017,1,False,False
8360a6fffffffff,-49.36869018922427,42.14623930260049,1,True,False
8360a8fffffffff,-45.87004867319194,39.92353094193887,1,True,False
8360a9fffffffff,-45.03434061765834,39.04048306924509,1,True,False
8360aafffffffff,-45.76839884706092,41.4935442818224,1,False,False
8360abfffffffff,-44.94582175305452,40.58034870298495,1,True,False
8360acfffffffff,-46.80195519780565,39.235844327233714,1,True,False
8360adfffffffff,-45.95017551804128,38.34721453582436,1,True,False
8360aefffffffff,-46.70852747517155,40.84437690570174,1,False,False
8360b0fffffffff,-49.06506277895775,45.54708338424486,1,False,False
8360b1fffffffff,-48.24237689759799,44.4696892608801,1,False,False
8360b2fffffffff,-48.87696011627656,47.22321857397164,1,False,False
8360b3fffffffff,-48.072103636864256,46.1172822368598,1,False,False
8360b4fffffffff,-50.06690689286221,44.94642919069845,1,True,False
8360b5fffffffff,-49.22918263217949,43.853845292323214,1,True,False
8360b6fffffffff,-49.884524771244365,46.67053906929446,1,True,False
8360f4fffffffff,-44.20241827439236,38.19334752989525,1,False,False
8360f6fffffffff,-44.12610799929819,39.70349882427179,1,True,False
83611cfffffffff,-49.878512083956224,26.735975264786507,1,False,False
83611efffffffff,-50.164751246670114,28.437703204579755,1,True,False
836188fffffffff,-50.53757916562351,37.91117747129272,1,True,False
836189fffffffff,-49.63497304589266,36.96662419460167,1,True,False
83618afffffffff,-50.45972010611147,39.68451433466062,1,True,False
83618bfffffffff,-49.57192009796487,38.69957845767504,1,True,False
83618efffffffff,-51.44130669533359,38.90260149394632,1,True,False
836198fffffffff,-51.2257844652002,42.52174496216624,1,True,False
836199fffffffff,-50.35505928390317,41.45033463698427,1,True,False
83619afffffffff,-51.07678577428258,44.31295595226585,1,True,False
83619bfffffffff,-50.22395740016347,43.20535910855291,1,True,False
83619efffffffff,-52.09376918196124,43.6440666957407,1,True,False
836412fffffffff,15.217208606450647,122.03577356233524,1,False,False
836414fffffffff,13.485097851571942,123.15056637302588,1,False,False
836416fffffffff,14.662257735798333,123.11182407956272,1,False,False
836432fffffffff,12.924906236264924,124.21668185633897,1,False,False
836481fffffffff,17.901868187510303,121.46100191176446,1,False,False
836482fffffffff,19.6385282128143,122.52656780982548,1,False,False
836483fffffffff,19.05920190811147,121.45675446822072,1,False,False
836485fffffffff,17.323714087851062,122.52686992768083,1,False,False
836490fffffffff,21.35171588030761,123.60451727647184,1,False,False
836491fffffffff,20.784941749785496,122.52641499857512,1,False,False
836492fffffffff,22.48497950239551,123.60855511795135,1,False,False
836493fffffffff,21.92290368444161,122.52626100097076,1,False,False
836494fffffffff,20.771793699305903,124.67784829300666,1,False,False
836496fffffffff,21.90905831054978,124.6860379879354,1,False,False
836498fffffffff,20.771288752816936,120.37498889917084,1,False,False
83649afffffffff,21.90855140675676,120.36649170235177,1,False,False
83649bfffffffff,21.32374676970516,119.2948608513268,1,False,False
83649cfffffffff,20.2093504194794,121.45247425235354,1,False,False
83649dfffffffff,19.625589716469555,120.38342072968744,1,False,False
83649efffffffff,21.351462784370863,121.44816088344642,1,False,False
8364a1fffffffff,16.389927377754006,121.9921865253903,1,False,False
8364a6fffffffff,16.717072001347162,125.70922473321092,1,False,False
8364aefffffffff,16.93719120533487,120.90686037737684,1,False,False
8364b0fffffffff,19.03508963785806,125.73334215357976,1,False,False
8364b2fffffffff,20.18380086167728,125.7455400456941,1,False,False
8364b4fffffffff,18.437296547690323,126.79068911921152,1,False,False
8364b5fffffffff,17.879219372494777,125.72123740332088,1,False,False
8364b6fffffffff,19.58842940133372,126.80690165789008,1,False,False
836590fffffffff,17.147759481524538,130.97616571519487,1,False,False
836592fffffffff,18.29687742647902,131.0079686571646,1,False,False
836593fffffffff,17.765302932927746,129.94649234677712,1,False,False
836594fffffffff,16.526575840627963,131.9964763786433,1,False,False
836596fffffffff,17.67558296607311,132.03193602177106,1,False,False
83659afffffffff,17.833438510743957,127.841104478831,1,False,False
83659bfffffffff,17.279463042351036,126.7745998466137,1,False,False
83659efffffffff,17.224258083999278,128.8839574260385,1,False,False
836640fffffffff,7.202206409383488,-24.10630575236748,1,False,False
836641fffffffff,6.459852711485039,-23.289012671383603,1,False,False
836642fffffffff,6.894283312310129,-25.113499838798965,1,False,False
836643fffffffff,6.149236970313983,-24.288513497494,1,False,False
836645fffffffff,7.503993401765594,-23.110772373129404,1,False,False
836648fffffffff,4.662776430951944,-22.65314458900292,1,False,False
836649fffffffff,3.9227630120240704,-21.843334006827547,1,False,False
83664afffffffff,4.340528035006693,-23.648633389223185,1,False,False
83664bfffffffff,3.597363219971585,-22.830512989664825,1,False,False
83664cfffffffff,5.718673858185273,-22.476821699957824,1,False,False
83664dfffffffff,4.979362663691886,-21.67000845377931,1,False,False
83664efffffffff,5.405165578000771,-23.46829778610681,1,False,False
836658fffffffff,4.761027109745463,-25.48684735554209,1,False,False
836659fffffffff,4.012793409084131,-24.656096987051523,1,False,False
83665afffffffff,4.430769119993029,-26.513067646221444,1,False,False
83665bfffffffff,3.6797725900109888,-25.67511877686537,1,False,False
83665cfffffffff,5.832746641426985,-25.299642735663944,1,False,False
83665dfffffffff,5.085892001746819,-24.47177544469428,1,False,False
83665efffffffff,5.510553991939243,-26.321963963661684,1,False,False
836668fffffffff,7.062890939758949,-21.32645081113776,1,False,False
836669fffffffff,6.327817277087117,-20.531311860309696,1,False,False
83666afffffffff,6.764445623119307,-22.30153841575887,1,False,False
83666bfffffffff,6.026266708513685,-21.497716096118737,1,False,False
83666cfffffffff,8.088690335868812,-21.156206475490816,1,False,False
83666dfffffffff,7.355086665966307,-20.36407228392983,1,False,False
83666efffffffff,7.799521354443146,-22.12728882124188,1,False,False
8366cdfffffffff,2.6513580732451363,-28.796786050063428,1,False,False
8366e9fffffffff,4.095340686028466,-27.54995201362632,1,False,False
836934fffffffff,18.19353160146214,133.08524678180933,1,False,False
836936fffffffff,17.050822615217285,133.0459353895331,1,False,False
836a00fffffffff,-15.916119802496244,23.57745404130804,1,False,False
836a01fffffffff,-16.56218260225453,24.508183110884296,1,False,False
836a02fffffffff,-16.302838949493275,22.54078049788633,1,False,False
836a03fffffffff,-16.957286625596982,23.47344527279283,1,False,False
836a04fffffffff,-14.87490370132374,23.6803902989282,1,False,False
836a05fffffffff,-15.5244733370638,24.610119499834617,1,False,False
836a06fffffffff,-15.26609554244056,22.65270946056913,1,False,False
836a08fffffffff,-18.257058873797924,25.364257689163047,1,False,False
836a09fffffffff,-18.90095245480563,26.32159086680367,1,False,False
836a0afffffffff,-18.66832672456267,24.31904546912364,1,False,False
836a0bfffffffff,-19.321167783866667,25.27961327368007,1,False,False
836a0cfffffffff,-17.205277632752566,25.446905231235835,1,False,False
836a0dfffffffff,-17.84470841061392,26.39321357125485,1,False,False
836a0efffffffff,-17.608932308873342,24.41473591352065,1,False,False
836a10fffffffff,-16.02340580836283,20.565502653424936,1,False,False
836a11fffffffff,-16.688197101762317,21.48981922311466,1,False,False
836a12fffffffff,-16.398581973902882,19.500728924971103,1,False,False
836a13fffffffff,-17.071673668511597,20.424994360987384,1,False,False
836a14fffffffff,-14.98840015254734,20.70277981198408,1,False,False
836a15fffffffff,-15.646305942334427,21.617110849092864,1,False,False
836a16fffffffff,-15.357460002043068,19.65113097737636,1,False,False
836a18fffffffff,-18.41211082649213,22.303928504487025,1,False,False
836a19fffffffff,-19.07794636653135,23.25790057018201,1,False,False
836a1afffffffff,-18.81051769692664,21.22606232325558,1,False,False
836a1bfffffffff,-19.485335928699687,22.181200278306186,1,False,False
836a1cfffffffff,-17.35110479621463,22.423755012499047,1,False,False
836a1dfffffffff,-18.011393793983395,23.36695710377749,1,False,False
836a1efffffffff,-17.743100903382008,21.359505552941503,1,False,False
836a20fffffffff,-13.41284748065324,24.81966472056737,1,False,False
836a21fffffffff,-14.270487492883053,25.07150552968648,1,False,False
836a22fffffffff,-13.82064608062293,23.78360396618189,1,False,False
836a23fffffffff,-14.475095668713406,24.714754121548392,1,False,False
836a24fffffffff,-12.538124170287809,24.24866171806777,1,False,False
836a25fffffffff,-13.201065474481243,25.183192566596293,1,False,False
836a26fffffffff,-12.75383781281968,23.887095493405106,1,False,False
836a28fffffffff,-15.97437372192144,25.894609848868903,1,False,False
836a29fffffffff,-16.614802270818917,26.831267671769314,1,False,False
836a2afffffffff,-16.168200581560644,25.54289483446093,1,False,False
836a2bfffffffff,-16.805462675575,26.478234679946105,1,False,False
836a2cfffffffff,-14.923084111408311,26.00729308572779,1,False,False
836a2dfffffffff,-15.569390162804265,26.945164246267545,1,False,False
836a2efffffffff,-15.124139520751264,25.648903563936933,1,False,False
836a30fffffffff,-13.560826006919818,21.83194767406324,1,False,False
836a31fffffffff,-14.220134605310337,22.754179304086183,1,False,False
836a32fffffffff,-13.95174259097914,20.815726797272177,1,False,False
836a33fffffffff,-14.611083253453602,21.7319850329001,1,False,False
836a34fffffffff,-12.498182373007182,21.932189995542004,1,False,False
836a35fffffffff,-13.161450081437891,22.855927921332988,1,False,False
836a36fffffffff,-12.897651586937544,20.914144373897457,1,False,False
836a40fffffffff,-20.574967444496828,29.5371451920588,1,False,False
836a41fffffffff,-21.189952353254263,30.51306385153097,1,False,False
836a42fffffffff,-21.0188482873863,28.524058214392014,1,False,False
836a43fffffffff,-21.64299078034488,29.506433539509285,1,False,False
836a44fffffffff,-19.517979581475384,29.567119000745205,1,False,False
836a45fffffffff,-20.1310680051585,30.53135773742588,1,False,False
836a46fffffffff,-19.95293682683751,28.5665854717274,1,False,False
836a48fffffffff,-22.867653488214703,31.487166611812903,1,False,False
836a49fffffffff,-23.02804514260628,33.27017369664335,1,False,False
836a4afffffffff,-22.910868203372928,31.26658666816707,1,False,False
836a4bfffffffff,-23.51402721628372,32.27246604388136,1,False,False
836a4cfffffffff,-21.79727227066273,31.49381529694945,1,False,False
836a4dfffffffff,-22.39633304960332,32.478856835519984,1,False,False
836a4efffffffff,-22.259466522463548,30.49431817278656,1,False,False
836a50fffffffff,-20.611662284914733,27.22442888449664,1,False,False
836a51fffffffff,-21.462121962700834,27.49220567450734,1,False,False
836a52fffffffff,-21.04885598768582,26.17305903855293,1,False,False
836a53fffffffff,-21.6944782533398,27.161036153077905,1,False,False
836a54fffffffff,-19.53990620084252,27.28629134950419,1,False,False
836a55fffffffff,-20.387685801469694,27.547718689996543,1,False,False
836a56fffffffff,-19.96918662936439,26.24822735500525,1,False,False
836a58fffffffff,-22.76596593615176,29.2326677365442,1,False,False
836a59fffffffff,-23.387360247511392,30.24059502554068,1,False,False
836a5afffffffff,-23.23181320534061,28.18028972342734,1,False,False
836a5bfffffffff,-23.86284152173658,29.194502396250183,1,False,False
836a5cfffffffff,-22.09562107851304,28.48047518987472,1,False,False
836a5dfffffffff,-22.721468937796555,29.47495647744392,1,False,False
836a5efffffffff,-22.136366674745,28.23086817339701,1,False,False
836a60fffffffff,-18.07976504119523,30.707477442557952,1,False,False
836a61fffffffff,-18.68591634894836,31.648233352955835,1,False,False
836a62fffffffff,-18.4899809377688,29.649099711404062,1,False,False
836a63fffffffff,-19.09787196103057,30.58931924315764,1,False,False
836a64fffffffff,-17.047508847162437,30.825878254086305,1,False,False
836a65fffffffff,-17.661158085575533,31.76753611272872,1,False,False
836a66fffffffff,-17.464522277465335,29.76628513171498,1,False,False
836a68fffffffff,-20.285004022511213,32.46813758860257,1,False,False
836a69fffffffff,-20.874681539901616,33.433200825053866,1,False,False
836a6afffffffff,-20.737101425333112,31.50030332345532,1,False,False
836a6bfffffffff,-21.33548735964821,32.47343232580031,1,False,False
836a6cfffffffff,-19.282512929801808,32.58804654950294,1,False,False
836a6dfffffffff,-19.869127674912946,33.52641375996027,1,False,False
836a6efffffffff,-19.696359531755803,31.52916686300417,1,False,False
836a70fffffffff,-18.27311747189307,27.65477575167415,1,False,False
836a71fffffffff,-18.89845120442305,28.608094820375417,1,False,False
836a72fffffffff,-18.69032283988363,26.64355584100364,1,False,False
836a73fffffffff,-19.32450187879649,27.60189279271865,1,False,False
836a74fffffffff,-17.247921569255567,27.769569208434948,1,False,False
836a75fffffffff,-17.87316128887257,28.70901445016484,1,False,False
836a76fffffffff,-17.646510556502154,26.717635036116143,1,False,False
836a80fffffffff,-18.576022389428307,16.037280265246523,1,False,False
836a81fffffffff,-19.281754330393053,16.96658169758814,1,False,False
836a82fffffffff,-18.941993016795188,14.911237417557691,1,False,False
836a83fffffffff,-19.656252243735167,15.837240372003349,1,False,False
836a84fffffffff,-17.5073954035795,16.23265452061068,1,False,False
836a85fffffffff,-18.205458043184315,17.152324414941205,1,False,False
836a86fffffffff,-17.869680943499645,15.12069563818269,1,False,False
836a88fffffffff,-21.08054700330541,17.72833729435876,1,False,False
836a89fffffffff,-21.78888741190679,18.692926636476923,1,False,False
836a8afffffffff,-21.46769514076588,16.5814749505632,1,False,False
836a8bfffffffff,-22.185399438636946,17.543859058440148,1,False,False
836a8cfffffffff,-19.98606279427126,17.90836742110502,1,False,False
836a8dfffffffff,-20.688120554278008,18.8623716657726,1,False,False
836a8efffffffff,-20.36938416008256,16.776351952432357,1,False,False
836a90fffffffff,-18.580131394581063,12.866931178365238,1,False,False
836a91fffffffff,-19.30282728919644,13.77491452167762,1,False,False
836a92fffffffff,-18.927267849078365,11.726630213114742,1,False,False
836a93fffffffff,-19.65799038076188,12.62907571253435,1,False,False
836a94fffffffff,-17.51337692229471,13.099328558686292,1,False,False
836a95fffffffff,-18.2274324684752,13.998544066976558,1,False,False
836a96fffffffff,-17.85827370370522,11.972967749960116,1,False,False
836a98fffffffff,-21.119688085125272,14.477159079493724,1,False,False
836a99fffffffff,-21.84895217125084,15.422499785796226,1,False,False
836a9afffffffff,-21.48550710894197,13.311503181245088,1,False,False
836a9bfffffffff,-22.22371335419114,14.252181733354664,1,False,False
836a9cfffffffff,-20.02554720067961,14.69678345010222,1,False,False
836a9dfffffffff,-20.74745473723434,15.632370750795252,1,False,False
836a9efffffffff,-20.38907880475407,13.545962468634432,1,False,False
836aa0fffffffff,-16.089235679019023,17.510954594307332,1,False,False
836aa1fffffffff,-16.771320322392352,18.42328981614744,1,False,False
836aa2fffffffff,-16.450953177069817,16.42352009661611,1,False,False
836aa3fffffffff,-17.141099826291562,17.333733240452236,1,False,False
836aa4fffffffff,-15.050372806900842,17.684128535046398,1,False,False
836aa5fffffffff,-15.724570638994448,18.587014644498595,1,False,False
836aa6fffffffff,-15.40722880327682,16.610027190848907,1,False,False
836aa8fffffffff,-18.51942122791487,19.189158280768325,1,False,False
836aa9fffffffff,-19.206036980661068,20.1338243237106,1,False,False
836aaafffffffff,-18.902620587162417,18.08410497062049,1,False,False
836aabfffffffff,-19.598082543209816,19.02773451221637,1,False,False
836aacfffffffff,-17.452736970839613,19.34677958933458,1,False,False
836aadfffffffff,-18.13272602019845,20.281141249207952,1,False,False
836aaefffffffff,-17.830846940966214,18.255698468803025,1,False,False
836ab0fffffffff,-16.111694371793767,14.430535729824436,1,False,False
836ab1fffffffff,-16.80921840739122,15.32532525944117,1,False,False
836ab2fffffffff,-16.458335911849446,13.326446202742371,1,False,False
836ab3fffffffff,-17.163526788813073,14.217027990473165,1,False,False
836ab4fffffffff,-15.072470557950773,14.639229644805376,1,False,False
836ab5fffffffff,-15.76116419217772,15.525286303476063,1,False,False
836ab6fffffffff,-15.415568814166496,13.548455111541076,1,False,False
836ac0fffffffff,-23.45707513328322,22.794056561151063,1,False,False
836ac1fffffffff,-23.94591051347422,23.88842332033097,1,False,False
836ac2fffffffff,-23.888360450192025,21.65908100229396,1,False,False
836ac3fffffffff,-24.389525962658425,22.757803672948185,1,False,False
836ac4fffffffff,-22.346623917881,22.91436554318651,1,False,False
836ac5fffffffff,-23.021345003137107,23.912166614741214,1,False,False
836ac6fffffffff,-22.772407530724102,21.79452412691296,1,False,False
836ac8fffffffff,-25.740482647023548,24.81247034726904,1,False,False
836ac9fffffffff,-26.40333086428233,25.854406237917008,1,False,False
836acafffffffff,-26.20008225760593,23.668946111573927,1,False,False
836acbfffffffff,-26.87357765186098,24.71428483523554,1,False,False
836accfffffffff,-24.61505007046675,24.90815001488708,1,False,False
836acdfffffffff,-25.276191861491043,25.93713557749456,1,False,False
836acefffffffff,-25.068947477781563,23.78009286962726,1,False,False
836ad0fffffffff,-23.609679538636737,19.507334928722564,1,False,False
836ad1fffffffff,-24.31448724882929,20.5077659541844,1,False,False
836ad2fffffffff,-24.019785801702763,18.34118286368717,1,False,False
836ad3fffffffff,-24.73473804868188,19.34070540862033,1,False,False
836ad4fffffffff,-22.493544840515824,19.66981446918337,1,False,False
836ad5fffffffff,-23.1936561685524,20.658658863586965,1,False,False
836ad6fffffffff,-22.899688869628097,18.51924945162793,1,False,False
836ad8fffffffff,-25.961462667807048,21.470457244617208,1,False,False
836ad9fffffffff,-26.65420365910057,22.50701811986212,1,False,False
836adafffffffff,-26.398546740906067,20.28995997058821,1,False,False
836adbfffffffff,-27.10205271203265,21.327216880085818,1,False,False
836adcfffffffff,-24.82818262332992,21.61003821369193,1,False,False
836addfffffffff,-25.51800655864922,22.634027279213672,1,False,False
836adefffffffff,-25.44385302475865,20.35298019153452,1,False,False
836ae0fffffffff,-20.82294055328384,24.120606087602848,1,False,False
836ae1fffffffff,-21.48418006993718,25.104038763093417,1,False,False
836ae2fffffffff,-21.24617312411649,23.03170494988816,1,False,False
836ae3fffffffff,-21.91698984095454,24.017682686978183,1,False,False
836ae4fffffffff,-19.739850174229847,24.221030574557474,1,False,False
836ae5fffffffff,-20.397068646760328,25.1928991124194,1,False,False
836ae6fffffffff,-20.156402372255585,23.1461824386671,1,False,False
836ae8fffffffff,-23.04673064818258,26.096376711894955,1,False,False
836ae9fffffffff,-23.695749300346243,27.108578288563866,1,False,False
836aeafffffffff,-23.49807082322512,25.001418045053487,1,False,False
836aebfffffffff,-24.15706992733461,26.01776621792953,1,False,False
836aecfffffffff,-22.139360809301085,26.096018757034283,1,False,False
836aedfffffffff,-22.59259901709608,27.172954053265705,1,False,False
836aeefffffffff,-22.581875697679425,25.01295199343949,1,False,False
836af0fffffffff,-20.980652732585604,20.94933136928177,1,False,False
836af1fffffffff,-21.66612260134392,21.926611449630155,1,False,False
836af2fffffffff,-21.38709130059702,19.82829464030308,1,False,False
836af3fffffffff,-22.082134019364663,20.805801937119323,1,False,False
836af4fffffffff,-19.889899988307214,21.089376927865192,1,False,False
836af5fffffffff,-20.57021163201613,22.0554648083992,1,False,False
836af6fffffffff,-20.29103259206456,19.982918973218244,1,False,False
836b00fffffffff,-8.569659111418416,23.64581504668388,1,False,False
836b01fffffffff,-9.24751114776556,24.581424965089514,1,False,False
836b02fffffffff,-9.002779195297931,22.605110117085207,1,False,False
836b03fffffffff,-9.680344909465942,23.53597673762137,1,False,False
836b04fffffffff,-7.449567683579855,23.75593259280615,1,False,False
836b05fffffffff,-8.130069646345833,24.692898036280774,1,False,False
836b06fffffffff,-7.889563957555292,22.71354075722535,1,False,False
836b08fffffffff,-11.0264057980739,25.407383198764983,1,False,False
836b09fffffffff,-11.693475972005464,26.346952328730826,1,False,False
836b0afffffffff,-11.452215959270497,24.35930699978368,1,False,False
836b0bfffffffff,-12.119508780813964,25.295151743706224,1,False,False
836b0cfffffffff,-9.92239145150842,25.51988706183447,1,False,False
836b0dfffffffff,-10.593580535926105,26.46070881919995,1,False,False
836b0efffffffff,-10.35512649618794,24.470228016302244,1,False,False
836b10fffffffff,-8.749992778954601,20.65020512471703,1,False,False
836b11fffffffff,-9.429076826906226,21.57140517369584,1,False,False
836b12fffffffff,-9.169760271849862,19.63043305100983,1,False,False
836b13fffffffff,-9.848229889998482,20.54529559854234,1,False,False
836b14fffffffff,-7.64220152268989,20.755399449977904,1,False,False
836b15fffffffff,-8.32315499133846,21.678098292126844,1,False,False
836b16fffffffff,-8.069760526347858,19.733802878836567,1,False,False
836b18fffffffff,-11.19940034048935,22.38909315739525,1,False,False
836b19fffffffff,-11.87067144996107,23.317136797659025,1,False,False
836b1afffffffff,-11.610304002213846,21.358868286958085,1,False,False
836b1bfffffffff,-12.28146428380312,22.281506176506145,1,False,False
836b1cfffffffff,-10.106288902458266,22.49696102631957,1,False,False
836b1dfffffffff,-10.78090724880326,23.42641740907922,1,False,False
836b1efffffffff,-10.525015574395406,21.464995303744995,1,False,False
836b20fffffffff,-5.868718027797198,24.91667326925053,1,False,False
836b21fffffffff,-6.551901162057354,25.85903428267253,1,False,False
836b22fffffffff,-6.320829653565867,23.86632962558221,1,False,False
836b23fffffffff,-7.003544341890584,24.80464741259526,1,False,False
836b24fffffffff,-4.726411345267071,25.028975773876603,1,False,False
836b25fffffffff,-5.411473401055132,25.97262892174709,1,False,False
836b26fffffffff,-5.184242877466332,23.97700638757384,1,False,False
836b28fffffffff,-8.362638153147046,26.68902724661873,1,False,False
836b29fffffffff,-9.03754513043894,27.6340867961378,1,False,False
836b2afffffffff,-8.808146089711471,25.6326634552064,1,False,False
836b2bfffffffff,-9.483066331550589,26.57473377679501,1,False,False
836b2cfffffffff,-7.233044023865797,26.80358926543872,1,False,False
836b2dfffffffff,-7.91140440670776,27.74983095850096,1,False,False
836b2efffffffff,-7.684393944749714,25.745712493318827,1,False,False
836b30fffffffff,-6.0842400428963685,21.892335826857312,1,False,False
836b31fffffffff,-6.7673777097145535,22.82225326791397,1,False,False
836b32fffffffff,-6.525580767396744,20.86087902354153,1,False,False
836b33fffffffff,-7.207959496422001,21.78507504860405,1,False,False
836b34fffffffff,-4.952784271549356,21.99988100469374,1,False,False
836b35fffffffff,-5.6369946081267885,22.931247963878903,1,False,False
836b36fffffffff,-5.400893789569806,20.966644289330045,1,False,False
836b40fffffffff,-13.227566048185787,30.237510490132845,1,False,False
836b41fffffffff,-13.870087196370411,31.18253365089863,1,False,False
836b42fffffffff,-13.662610170269808,29.17513745319192,1,False,False
836b43fffffffff,-14.30612863982133,30.11933201356387,1,False,False
836b44fffffffff,-12.13702893159524,30.35593668925494,1,False,False
836b45fffffffff,-12.785716728882804,31.30190215313838,1,False,False
836b46fffffffff,-12.578022432875144,29.292302837033365,1,False,False
836b48fffffffff,-15.570249977663522,32.006849097686306,1,False,False
836b49fffffffff,-16.189750827159482,32.94914921487364,1,False,False
836b4afffffffff,-16.001503707103993,30.9445214113968,1,False,False
836b4bfffffffff,-16.622461319489098,31.887074808694063,1,False,False
836b4cfffffffff,-14.504995929962504,32.126858626949634,1,False,False
836b4dfffffffff,-15.131734184368872,33.06997400026468,1,False,False
836b4efffffffff,-14.942197721326757,31.063406638739018,1,False,False
836b50fffffffff,-13.439292207199813,27.17374927297272,1,False,False
836b51fffffffff,-14.090451371126752,28.115505224902023,1,False,False
836b52fffffffff,-13.858817635603598,26.12024452757065,1,False,False
836b53fffffffff,-14.510721672601916,27.059324776979853,1,False,False
836b54fffffffff,-12.35564521640009,27.28843773493237,1,False,False
836b55fffffffff,-13.01224034584435,28.23133557909133,1,False,False
836b56fffffffff,-12.782092834502098,26.233464252030995,1,False,False
836b58fffffffff,-15.794462492761385,28.94156796437625,1,False,False
836b59fffffffff,-16.425103189449576,29.88371912242561,1,False,False
836b5afffffffff,-16.208787967412377,27.88462197523432,1,False,False
836b5bfffffffff,-16.84068616095656,28.825164144744285,1,False,False
836b5cfffffffff,-14.734938391405258,29.05822577990625,1,False,False
836b5dfffffffff,-15.372147885964344,30.001401485470705,1,False,False
836b5efffffffff,-15.156140606880363,27.999934000718728,1,False,False
836b60fffffffff,-10.582613637821328,31.54136240094348,1,False,False
836b61fffffffff,-11.236418267099875,32.488294983844355,1,False,False
836b62fffffffff,-11.035133842375313,30.474610375592825,1,False,False
836b63fffffffff,-11.689678911613615,31.421511841139463,1,False,False
836b64fffffffff,-9.465206985261029,31.66145350889469,1,False,False
836b65fffffffff,-10.12467221482214,32.60924175298396,1,False,False
836b66fffffffff,-9.922544161035884,30.59353130433071,1,False,False
836b68fffffffff,-12.977957643802066,33.31230685965981,1,False,False
836b69fffffffff,-13.610515759339226,34.255177128395175,1,False,False
836b6afffffffff,-13.42721924841482,32.247103034084965,1,False,False
836b6bfffffffff,-14.060955313454254,33.191026694628185,1,False,False
836b6cfffffffff,-11.883332347982757,33.43381404725287,1,False,False
836b6dfffffffff,-12.522760916412947,34.37740919798413,1,False,False
836b6efffffffff,-12.337488102834126,32.367581946997426,1,False,False
836b70fffffffff,-10.82057326496877,28.463773358738766,1,False,False
836b71fffffffff,-11.48176777887323,29.40972177510365,1,False,False
836b72fffffffff,-11.260371893277416,27.403390155087003,1,False,False
836b73fffffffff,-11.922075714570774,28.34742498581301,1,False,False
836b74fffffffff,-9.708395484490344,28.580380602611783,1,False,False
836b75fffffffff,-10.374486108454487,29.52739410187946,1,False,False
836b76fffffffff,-10.154110475713852,27.51860651712913,1,False,False
836b80fffffffff,-11.284640282618192,17.203784140861917,1,False,False
836b81fffffffff,-11.954507622207844,18.09800161253284,1,False,False
836b82fffffffff,-11.6691940094723,16.226086464377037,1,False,False
836b83fffffffff,-12.338191426469823,17.112141932033925,1,False,False
836b84fffffffff,-10.383942849474936,16.62511118062158,1,False,False
836b85fffffffff,-10.891803604847004,18.191586915992847,1,False,False
836b86fffffffff,-10.61385541811437,16.316041464363586,1,False,False
836b88fffffffff,-13.671278798655749,18.90337791494456,1,False,False
836b89fffffffff,-14.329826480782112,19.79810495130288,1,False,False
836b8afffffffff,-14.024969732536029,17.853389092208605,1,False,False
836b8bfffffffff,-14.69107915990935,18.747002651594084,1,False,False
836b8cfffffffff,-12.622771752094344,18.998324757941024,1,False,False
836b8dfffffffff,-13.288745286763042,19.904367347489817,1,False,False
836b8efffffffff,-13.005779672571698,18.004694437751258,1,False,False
836b90fffffffff,-11.376746767741857,14.388585590600677,1,False,False
836b91fffffffff,-12.0350734721146,15.237953082716055,1,False,False
836b92fffffffff,-11.701016848783732,13.339885495646726,1,False,False
836b93fffffffff,-12.365785148284072,14.18543653920273,1,False,False
836b94fffffffff,-10.32967293102156,14.474841744042608,1,False,False
836b95fffffffff,-10.999464320032004,15.346876371541931,1,False,False
836b96fffffffff,-10.708280114973626,13.525770975797426,1,False,False
836b98fffffffff,-13.704271460184383,15.911809269250778,1,False,False
836b99fffffffff,-14.376706507546556,16.792319588593358,1,False,False
836b9afffffffff,-14.046341837480554,14.843265367048623,1,False,False
836b9bfffffffff,-14.72602817860002,15.720732028474426,1,False,False
836b9cfffffffff,-12.69630680730323,16.09865875834953,1,False,False
836b9dfffffffff,-13.359821939559511,16.97053499090225,1,False,False
836b9efffffffff,-13.033746142542268,15.04279213035256,1,False,False
836ba0fffffffff,-8.903611475538282,17.717003567714706,1,False,False
836ba1fffffffff,-9.582171858421336,18.61932430977444,1,False,False
836ba2fffffffff,-9.309372849902122,16.72280138863964,1,False,False
836ba3fffffffff,-9.986973544251908,17.617390405607676,1,False,False
836ba4fffffffff,-7.810635797997437,17.81690214756302,1,False,False
836ba5fffffffff,-8.49032417766774,18.720832207910952,1,False,False
836ba6fffffffff,-8.224972298506756,16.82077596646397,1,False,False
836ba8fffffffff,-11.339664981718858,19.424548981694088,1,False,False
836ba9fffffffff,-12.013348504507317,20.336329120621905,1,False,False
836baafffffffff,-11.562447989959692,19.09355061781125,1,False,False
836babfffffffff,-12.231295324125504,20.00120498578904,1,False,False
836bacfffffffff,-10.259947789773374,19.527348590448906,1,False,False
836badfffffffff,-10.93622895036663,20.44067041702772,1,False,False
836baefffffffff,-10.663971715202226,18.518101771181563,1,False,False
836bb0fffffffff,-9.031102443530637,14.859110017133702,1,False,False
836bb1fffffffff,-9.707389988223074,15.73867768975983,1,False,False
836bb2fffffffff,-9.272247119405602,14.561367699011733,1,False,False
836bb3fffffffff,-9.94283362424502,15.435124953900289,1,False,False
836bb4fffffffff,-7.955140015701177,14.953449942679844,1,False,False
836bb5fffffffff,-8.631866018437293,15.8347040577408,1,False,False
836bb6fffffffff,-8.355756072854442,13.986738302391457,1,False,False
837280fffffffff,-48.31370103687029,119.7457790650446,1,False,False
837284fffffffff,-48.04822811371717,121.45184451191368,1,False,False
837286fffffffff,-47.20483181969597,120.27583929562373,1,False,False
8372a2fffffffff,-47.75713251243368,123.14310302146907,1,False,False
8372b1fffffffff,-46.9310976740039,121.94098287451077,1,False,False
8372b5fffffffff,-46.632959205973066,123.59118788214128,1,False,False
837500fffffffff,0.8707580116372966,0.5007009481015187,1,True,False
837501fffffffff,-0.1259414979732465,0.4725475276025099,1,True,False
837502fffffffff,1.414281988804546,-0.2133766215803846,1,True,False
837503fffffffff,0.4243849173689982,-0.2403789475414466,1,True,False
837504fffffffff,1.3246620012226018,1.254713279885133,1,False,False
837505fffffffff,0.3189216690423781,1.2253082514149891,1,True,False
837506fffffffff,1.8695849828123283,0.5289294206982905,1,False,False
837508fffffffff,-1.5477277364878896,-0.2941693560366766,1,True,False
83750afffffffff,-0.9926187942747716,-0.9943521568428664,1,True,False
83750cfffffffff,-1.1199186800126328,0.4444688738238041,1,True,False
83750efffffffff,-0.563143804468944,-0.2673097684263189,1,True,False
837510fffffffff,2.664954069616247,-1.2008066301517897,1,False,False
837511fffffffff,1.8290389726463256,-1.048600256103708,1,True,False
837512fffffffff,3.0036392540926986,-2.135035616452977,1,True,False
837513fffffffff,2.162837652955868,-1.973479027584921,1,True,False
837514fffffffff,3.173197022664404,-0.4173023972972669,1,False,False
837515fffffffff,2.327213592006515,-0.2716309878394518,1,False,False
837516fffffffff,3.5160111367711195,-1.3559865730145872,1,False,False
837518fffffffff,0.5262287180892895,-1.6594697973613055,1,True,False
837519fffffffff,-0.4454482371177775,-1.684108039948646,1,True,False
83751afffffffff,0.851461286105989,-2.570731589396633,1,True,False
83751bfffffffff,0.0506583749096007,-2.409254590469553,1,True,False
83751cfffffffff,0.9664690604510444,-0.9428091399467932,1,True,False
83751dfffffffff,-0.0143718500391908,-0.9686146677198222,1,True,False
83751efffffffff,1.3370495343826103,-1.8149850582389988,1,True,False
837520fffffffff,1.2312541656249911,2.769819274697276,1,False,False
837521fffffffff,0.2098622946165962,2.737911381629724,1,False,False
837522fffffffff,1.7859887844300937,2.021731498467018,1,False,False
837523fffffffff,0.7713573821703222,1.9910462198976249,1,False,False
837524fffffffff,1.698476122962357,3.561667979754892,1,False,False
837525fffffffff,0.6682686877969511,3.528427914633734,1,False,False
837526fffffffff,2.254606335636756,2.801812964842081,1,False,False
837528fffffffff,-1.250591132356187,1.929921515626228,1,True,False
837529fffffffff,-2.256672385791347,1.899481468800767,1,True,False
83752afffffffff,-0.6843343796401431,1.1959815987032734,1,True,False
83752bfffffffff,-1.6845019956048013,1.1667330241196676,1,True,False
83752cfffffffff,-0.8089270544059939,2.7060889606923166,1,True,False
83752dfffffffff,-1.824481511462592,2.674351688465522,1,True,False
83752efffffffff,-0.2410436659846175,1.9604429960504628,1,True,False
837530fffffffff,3.34113552379403,1.313759661768894,1,False,False
837531fffffffff,2.33227334749766,1.2841969831717972,1,False,False
837532fffffffff,3.687306791668313,0.3769638726026222,1,False,False
837533fffffffff,2.8313336917453102,0.5158518787075811,1,False,False
837534fffffffff,3.819410338490469,2.083349472394517,1,False,False
837535fffffffff,2.802218967100386,2.0524991445412994,1,False,False
837536fffffffff,4.20699868881975,1.1819039108727762,1,False,False
837580fffffffff,3.5045621293553952,-5.714241254498984,1,True,False
837581fffffffff,2.661704037860517,-5.519109258915807,1,True,False
837584fffffffff,4.02240213610357,-4.963379692005718,1,True,False
837585fffffffff,3.1687329748297364,-4.773805250962222,1,True,False
837586fffffffff,4.361881658680094,-5.913092480612426,1,True,False
8375a0fffffffff,4.203280861154855,-3.24809332496883,1,True,False
8375a1fffffffff,3.3429757892485563,-3.07385871471785,1,True,False
8375a2fffffffff,4.547116770493592,-4.200551602670307,1,True,False
8375a3fffffffff,3.68266460099584,-4.016802307551367,1,True,False
8375a4fffffffff,4.730337412621604,-2.467687832014545,1,False,False
8375a5fffffffff,3.8594748758898687,-2.2997418154496136,1,False,False
8375a6fffffffff,5.078467934915983,-3.425745544812007,1,True,False
8375a8fffffffff,1.9980561865231337,-3.659688395720557,1,True,False
8375a9fffffffff,1.177900434934116,-3.4861366539211947,1,True,False
8375aafffffffff,2.3296910495240204,-4.587791551452003,1,True,False
8375acfffffffff,2.497577636027111,-2.902947164986014,1,True,False
8375adfffffffff,1.6670828292526367,-2.73526746243531,1,True,False
8375aefffffffff,2.8329731012804573,-3.836546308914909,1,True,False
8375b0fffffffff,5.773464737231534,-5.353610151422804,1,True,False
8375b1fffffffff,4.890666681202989,-5.15661383159981,1,True,False
8375b3fffffffff,5.233612464938686,-6.115765363283381,1,True,False
8375b4fffffffff,6.320099103712554,-4.578928269005749,1,True,False
8375b5fffffffff,5.426286410818973,-4.387892844075097,1,True,False
8375b6fffffffff,6.670702526646112,-5.554474806847049,1,True,False
837a40fffffffff,-27.825832988044475,30.13427748834973,1,False,False
837a41fffffffff,-27.20408041149017,29.07402839852705,1,False,False
837a42fffffffff,-27.31650236811264,31.214601022935863,1,False,False
837a43fffffffff,-26.70499713400427,30.1618882249112,1,False,False
837a44fffffffff,-28.95283953786681,30.10593355863567,1,False,False
837a45fffffffff,-28.33216278043153,29.03174611184088,1,False,False
837a46fffffffff,-28.43605394436022,31.200750325992544,1,False,False
837a48fffffffff,-25.45007901936234,28.075240150192894,1,False,False
837a49fffffffff,-24.80798518875666,27.04255952226224,1,False,False
837a4afffffffff,-24.968642075681977,29.155366049558445,1,False,False
837a4bfffffffff,-24.33662192010983,28.12843012021631,1,False,False
837a4cfffffffff,-26.571433204112683,28.020668051188785,1,False,False
837a4dfffffffff,-25.928566844044568,26.9748342243866,1,False,False
837a4efffffffff,-26.082642095555787,29.115221200288246,1,False,False
837a51fffffffff,-26.80498023470913,32.272636051273,1,False,False
837a55fffffffff,-27.916554685607405,32.272695669238736,1,False,False
837a58fffffffff,-25.09766725095323,31.24125134550612,1,False,False
837a59fffffffff,-24.485008226427187,30.2150209978906,1,False,False
837a5afffffffff,-24.60298146760984,32.272521293975075,1,False,False
837a5bfffffffff,-23.999903952656187,31.25407722345866,1,False,False
837a5cfffffffff,-26.203448136089328,31.228096875316083,1,False,False
837a5dfffffffff,-25.591132409341323,30.18879384178605,1,False,False
837a5efffffffff,-25.70020542518389,32.27257794511349,1,False,False
837a60fffffffff,-30.604935335587,28.94373569545041,1,False,False
837a62fffffffff,-30.08518838901996,30.07682685271687,1,True,False
837a63fffffffff,-29.466064830787523,28.98833058617228,1,False,False
837a66fffffffff,-31.22202655341305,30.046926175155853,1,True,False
837a69fffffffff,-27.53768510283489,25.7694955384342,1,False,False
837a6afffffffff,-27.6998981203021,27.96465934561533,1,False,False
837a6bfffffffff,-27.05671747699719,26.90533555666361,1,False,False
837a6efffffffff,-28.83465517056017,27.90715666038903,1,False,False
837a70fffffffff,-30.156952012381133,32.27281968289832,1,True,False
837a71fffffffff,-29.56129794657165,31.18653060492008,1,True,False
837a73fffffffff,-29.03414784631347,32.27275685878961,1,True,False
837a74fffffffff,-31.284135943886863,32.27288420794745,1,True,False
837a75fffffffff,-30.691403699014167,31.171926914561,1,True,False
837ac8fffffffff,-22.05826857843792,35.20373977959553,1,False,False
837ac9fffffffff,-21.92565871098876,33.45020713828216,1,False,False
837acafffffffff,-21.57563958159688,36.139807466359386,1,False,False
837acbfffffffff,-21.45620240475052,34.40129565739085,1,False,False
837accfffffffff,-23.11847344537152,35.23932140575219,1,False,False
837acdfffffffff,-22.54259216005176,34.24723712579584,1,False,False
837acefffffffff,-22.62560700784881,36.1862053781376,1,False,False
837ad1fffffffff,-23.223959473633467,39.060209894537,1,False,False
837ad2fffffffff,-23.241824726430146,40.90612392815272,1,False,False
837ad3fffffffff,-22.71993425383063,39.94366817507287,1,False,False
837ad8fffffffff,-21.64626498885316,38.01786476442079,1,False,False
837ad9fffffffff,-21.107405244281058,37.0902421725616,1,False,False
837adafffffffff,-21.20826763998737,39.05975069616007,1,False,False
837adbfffffffff,-21.134459495820664,37.37884685183449,1,False,False
837adcfffffffff,-22.68427315826234,38.08597165063306,1,False,False
837addfffffffff,-22.13469532687874,37.112317178995056,1,False,False
837adefffffffff,-22.18796182738312,38.980733883445176,1,False,False
837ae9fffffffff,-24.10777903485284,33.28258904711877,1,False,False
837aebfffffffff,-23.61273092572189,34.27149325890959,1,False,False
837b5bfffffffff,-31.825518210562983,31.156923491795503,1,True,False
838004fffffffff,-5.740347011062484,1.160868487587698,1,False,False
838006fffffffff,-5.288876182144785,2.257735711877359,1,True,False
83800bfffffffff,-0.7906071229781464,-0.2411069398375968,1,True,False
838010fffffffff,-4.381297284610207,4.44447694712775,1,True,False
838011fffffffff,-3.664735653340898,3.5049417820377045,1,True,False
838012fffffffff,-3.926304581537901,5.532781835801921,1,True,False
838013fffffffff,-3.211419162050696,4.594739882162015,1,True,False
838014fffffffff,-5.551641381356462,4.2936790369773465,1,True,False
838015fffffffff,-4.835673955958257,3.3525354548965565,1,True,False
838016fffffffff,-5.095472081316323,5.384216153704116,1,True,False
83801cfffffffff,-2.946583040662552,2.566115426451628,1,True,False
838020fffffffff,-7.358401992900405,-0.0959813612704659,1,False,False
838021fffffffff,-6.635894381957069,-1.03586358757151,1,False,False
838022fffffffff,-6.910511834591878,1.003970711096475,1,False,False
838023fffffffff,-6.189534358910344,0.0627335939251308,1,False,False
838024fffffffff,-8.524738433297665,-0.2551960335141921,1,False,False
838025fffffffff,-7.802852555653755,-1.196280179796177,1,False,False
838026fffffffff,-8.078639890412369,0.8465624386716785,1,False,False
83802cfffffffff,-5.911929609616949,-1.9725920731723183,1,False,False
838030fffffffff,-7.176445897784629,3.046138304999519,1,False,False
838031fffffffff,-6.459720664811516,2.1027663953757902,1,False,False
838032fffffffff,-6.721451042870596,4.142345389969556,1,False,False
838033fffffffff,-6.006578087778849,3.1996011484896387,1,False,False
838034fffffffff,-8.344280329175662,2.8921463930801616,1,False,False
838035fffffffff,-7.629027356124035,1.947276964336541,1,False,False
838036fffffffff,-7.889728401130729,3.990475268840775,1,False,False
83804afffffffff,3.457444182635184,-5.770502052952856,1,True,False
838050fffffffff,0.6399935501383859,-2.099966042012035,1,True,False
838051fffffffff,1.3509356259895235,-3.0241775465311647,1,True,False
838056fffffffff,-0.0741096999904078,-1.1721199101970006,1,True,False
83805cfffffffff,2.0579693384522706,-3.944297850784706,1,True,False
83805dfffffffff,2.760371062439592,-4.859882847547954,1,True,False
838060fffffffff,-2.298579324666466,-6.592481236662807,1,False,False
838061fffffffff,-1.582735838806888,-7.500607072287171,1,False,False
838063fffffffff,-1.141642367006109,-6.427268246482969,1,False,False
838064fffffffff,-3.456461398889336,-6.758100362753694,1,False,False
838065fffffffff,-2.7370356466010555,-7.666758760860664,1,False,False
838066fffffffff,-3.017727404978352,-5.678505399608175,1,False,False
838068fffffffff,0.2773442874554752,-8.236272059176525,1,False,False
838069fffffffff,0.979269880083777,-9.131166334900223,1,False,False
83806bfffffffff,1.4227927586054607,-8.070433851097762,1,False,False
83806cfffffffff,-0.8709317277956259,-8.402487195256198,1,False,False
83806dfffffffff,-0.1638749006730653,-9.297743687851115,1,False,False
83806efffffffff,-0.429856009843465,-7.334846302778251,1,False,False
8380a4fffffffff,-5.347626524175723,7.407224637820427,1,True,False
838100fffffffff,-12.711263031200808,0.2118226904165607,1,False,False
838101fffffffff,-11.998838701824432,-0.7358371264721436,1,False,False
838102fffffffff,-12.271213875336514,1.3201121074303368,1,False,False
838103fffffffff,-11.560995735192028,0.3712737195514231,1,False,False
838104fffffffff,-13.854746385131495,0.051860933545039,1,False,False
838105fffffffff,-13.145433890159545,-0.8970492806787815,1,False,False
838106fffffffff,-13.418244795166627,1.1620178688711555,1,False,False
838108fffffffff,-10.126739877677398,-1.5185765104696205,1,False,False
838109fffffffff,-9.40428521433831,-2.458588366391833,1,False,False
83810afffffffff,-9.68756230536639,-0.4149103161019739,1,False,False
83810bfffffffff,-8.96679167549448,-1.3571845944255712,1,False,False
83810cfffffffff,-11.28174503645086,-1.680455574046058,1,False,False
83810dfffffffff,-10.560772516082206,-2.621536493638065,1,False,False
83810efffffffff,-10.845909683807406,-0.5751240706019374,1,False,False
838110fffffffff,-12.52792596117938,3.377616179246272,1,True,False
838111fffffffff,-11.825793847149786,2.4269913394547578,1,True,False
838112fffffffff,-12.075163126559248,4.4814144364969,1,True,False
838113fffffffff,-11.37553139298165,3.531639064504565,1,True,False
838114fffffffff,-13.674009104886816,3.22305351618852,1,True,False
838115fffffffff,-12.975798990962184,2.2708783849660703,1,True,False
838116fffffffff,-13.223513522135065,4.329038008337763,1,True,False
838118fffffffff,-9.959063903763614,1.6347365032326011,1,False,False
838119fffffffff,-9.243742398128694,0.6886435624833477,1,False,False
83811afffffffff,-9.509094448095816,2.7376249082895185,1,False,False
83811bfffffffff,-8.795802235007717,1.7912670977275842,1,False,False
83811cfffffffff,-11.11784841392739,1.4776849176728986,1,False,False
83811dfffffffff,-10.404845649230271,0.5302140050316787,1,False,False
83811efffffffff,-10.669916344789293,2.582573373523991,1,False,False
838120fffffffff,-15.41611666213078,-1.220969907222024,1,False,False
838121fffffffff,-14.70796884260545,-2.169011610297651,1,False,False
838122fffffffff,-14.990576967957349,-0.1086115031965063,1,False,False
838123fffffffff,-14.284810198938365,-1.0587602973152703,1,False,False
838124fffffffff,-16.538539672043022,-1.3836778076073073,1,False,False
838125fffffffff,-15.83422532838341,-2.332835054907116,1,False,False
838126fffffffff,-16.117921749107456,-0.2695945395880105,1,False,False
838128fffffffff,-12.856643562936624,-2.9488534390635706,1,False,False
838129fffffffff,-12.135798250653185,-3.887814075353798,1,False,False
83812afffffffff,-12.430879234353313,-1.842821398024404,1,False,False
83812bfffffffff,-11.711862689077028,-2.784958384993842,1,False,False
83812cfffffffff,-13.994233200639446,-3.113221019991212,1,False,False
83812dfffffffff,-13.275684735413398,-4.0531118478929535,1,False,False
83812efffffffff,-13.573242938976296,-2.0056735616713217,1,False,False
838130fffffffff,-15.254626109005605,1.9570581739733128,1,True,False
838131fffffffff,-14.55805609977778,1.0034020287708778,1,False,False
838132fffffffff,-14.812898816514108,3.06795049425516,1,True,False
838133fffffffff,-14.119032196667426,2.114234117595056,1,True,False
838135fffffffff,-15.68979679917617,0.8442644447397312,1,False,False
838140fffffffff,-7.654259874279412,-6.340987137776593,1,False,False
838141fffffffff,-6.926043211038464,-7.257381604579781,1,False,False
838142fffffffff,-7.225327973860665,-5.2532015008562,1,False,False
838143fffffffff,-6.497860105336867,-6.174739246538259,1,False,False
838144fffffffff,-8.807228855560922,-6.507651310020128,1,False,False
838145fffffffff,-8.077990022068425,-7.424612154460028,1,False,False
838146fffffffff,-8.38265294537194,-5.418770826670666,1,False,False
838148fffffffff,-5.046034880780098,-8.00022918291432,1,False,False
838149fffffffff,-4.323246138968936,-8.903378803428561,1,False,False
83814afffffffff,-4.614314592042772,-6.924124346307679,1,False,False
83814bfffffffff,-3.891790953552738,-7.833299948674646,1,False,False
83814cfffffffff,-6.19880295193594,-8.16754497763673,1,False,False
83814dfffffffff,-5.473325210036592,-9.071086121679508,1,False,False
83814efffffffff,-5.771164908150188,-7.090551875424356,1,False,False
838150fffffffff,-7.5180178811139395,-3.231216664458056,1,False,False
838151fffffffff,-6.791643802829946,-4.162019379714764,1,False,False
838152fffffffff,-7.078894765128852,-2.1341156394524416,1,False,False
838153fffffffff,-6.353679935598047,-3.068219530937304,1,False,False
838154fffffffff,-8.67935487589708,-3.3946754111223028,1,False,False
838155fffffffff,-7.952763776502119,-4.3263658249121,1,False,False
838156fffffffff,-8.24333918870152,-2.296114570513975,1,False,False
838158fffffffff,-4.902735389174371,-4.923361206220391,1,False,False
838159fffffffff,-4.1786185013903845,-5.843497197453556,1,False,False
83815bfffffffff,-3.739421848330947,-4.759092284967502,1,False,False
83815cfffffffff,-6.065031421602344,-5.088064613759212,1,False,False
83815dfffffffff,-5.338989083879126,-6.008908867437953,1,False,False
83815efffffffff,-5.628023203961804,-3.9981207342127454,1,False,False
838160fffffffff,-10.369327435713096,-7.760270029223528,1,False,False
838161fffffffff,-9.63874283904547,-8.671796365593613,1,False,False
838162fffffffff,-9.95582432065622,-6.674730497785001,1,False,False
838163fffffffff,-9.226060198428137,-7.592242111799427,1,False,False
838164fffffffff,-11.506888542506289,-7.928694425097312,1,False,False
838165fffffffff,-10.77617553988877,-8.840642875712094,1,False,False
838166fffffffff,-11.09912479220891,-6.842223401044827,1,False,False
838168fffffffff,-7.766726416592817,-9.407606078022178,1,False,False
838169fffffffff,-7.038744091650756,-10.304700782127869,1,False,False
83816afffffffff,-7.349137865209953,-8.335245813637775,1,False,False
83816bfffffffff,-6.621466520515285,-9.239162440889114,1,False,False
83816cfffffffff,-8.908175187982364,-9.576415317281942,1,False,False
83816dfffffffff,-8.178418186715058,-10.473759398813794,1,False,False
83816efffffffff,-8.496094176793937,-8.503330138324705,1,False,False
838170fffffffff,-10.263637608108196,-4.656398569114692,1,False,False
838171fffffffff,-9.536048887225784,-5.584771516015295,1,False,False
838172fffffffff,-9.836724509683616,-3.558595062587233,1,False,False
838173fffffffff,-9.110412783963708,-4.491159192074476,1,False,False
838174fffffffff,-11.411506681498658,-4.822083009325514,1,False,False
838175fffffffff,-10.684577601529655,-5.751202459126297,1,False,False
838176fffffffff,-10.989179925673902,-3.7229748763302535,1,False,False
838180fffffffff,-9.537182695211312,7.911908910476554,1,True,False
838181fffffffff,-8.841311804646567,6.970749876959304,1,True,False
838182fffffffff,-9.071143410136292,8.9935466758664,1,True,False
838183fffffffff,-8.377782244988706,8.056038556555665,1,True,False
838184fffffffff,-10.693147977801136,7.767219880543196,1,True,False
838185fffffffff,-10.001222574710267,6.824149936360449,1,True,False
838186fffffffff,-10.226493277961149,8.85140295374061,1,True,False
838188fffffffff,-6.97378713233172,6.176316509546456,1,True,False
838189fffffffff,-6.2646053780912645,5.235108775218479,1,True,False
83818afffffffff,-6.513536612495303,7.262285959235694,1,True,False
83818bfffffffff,-5.806475093982006,6.323653975838878,1,True,False
83818cfffffffff,-8.139578327022312,6.028430395801938,1,True,False
83818dfffffffff,-7.432708015957297,5.085458762998285,1,True,False
83818efffffffff,-7.678425739953352,7.116794798272622,1,True,False
838199fffffffff,-6.052526742698401,8.34262541085974,1,True,False
83819dfffffffff,-7.2159063136351165,8.19961024295205,1,True,False
8381a1fffffffff,-11.618065131858945,5.581469389661769,1,True,False
8381a3fffffffff,-11.157200468812857,6.676993737022274,1,True,False
8381a8fffffffff,-9.761865701139406,4.78452720231132,1,True,False
8381a9fffffffff,-9.05548317845884,3.838067961244487,1,False,False
8381aafffffffff,-9.302865839627527,5.879994545836976,1,True,False
8381abfffffffff,-8.598788584708473,4.935265202476632,1,False,False
8381acfffffffff,-10.920972864459427,4.633243894832976,1,True,False
8381adfffffffff,-10.217737640659797,3.685122780193452,1,True,False
8381aefffffffff,-10.462679217730496,5.73100789229093,1,True,False
838202fffffffff,-15.481868393831482,3.3091027060000973,1,True,False
838203fffffffff,-14.75936838337634,2.538026941577454,1,True,False
838210fffffffff,-15.915305576897758,5.210881422648439,1,False,False
838211fffffffff,-15.19165313403693,4.414395829321061,1,True,False
838212fffffffff,-15.613849806087464,6.323801305460379,1,False,False
838213fffffffff,-14.895727254818496,5.517855465377833,1,False,False
838214fffffffff,-16.94564649188854,4.897349317365614,1,False,False
838215fffffffff,-16.21082313457254,4.095491647768231,1,True,False
838216fffffffff,-16.644471382298192,6.022579082108054,1,False,False
838218fffffffff,-13.477348479490788,3.950340592384428,1,True,False
838219fffffffff,-12.778180848849347,3.188529709677647,1,True,False
83821afffffffff,-13.186508276001469,5.032704417574689,1,True,False
83821bfffffffff,-12.4920850881372,4.26130876319562,1,True,False
83821cfffffffff,-14.474111145459426,3.632997891534766,1,True,False
83821dfffffffff,-13.763234069664176,2.866545416716988,1,True,False
83821efffffffff,-14.183371748667,4.726739288477412,1,True,False
838232fffffffff,-17.98615042895886,4.577066117964901,1,False,False
838233fffffffff,-17.240307492249944,3.769838235287734,1,True,False
838236fffffffff,-19.03617311565592,4.249832078740294,1,False,False
838280fffffffff,-13.661820592136648,9.897327245166856,1,False,False
838281fffffffff,-12.97214502927138,9.073698366006038,1,False,False
838282fffffffff,-13.342649289709817,10.97973263954834,1,False,False
838283fffffffff,-12.65903687731353,10.14961999392852,1,False,False
838284fffffffff,-14.677452496499647,9.63953703265083,1,False,False
838285fffffffff,-13.97709803145098,8.809181562794523,1,False,False
838286fffffffff,-14.355923446092868,10.734460338169264,1,False,False
838288fffffffff,-11.30648665557402,8.528847043107888,1,True,False
838289fffffffff,-10.638638172933952,7.738194555968802,1,True,False
83828afffffffff,-11.001442913979496,9.586209692999388,1,False,False
83828bfffffffff,-10.3388584073781,8.788659769460708,1,True,False
83828cfffffffff,-12.287490678321465,8.26358172383223,1,False,False
83828dfffffffff,-11.608414986430017,7.466963474364193,1,True,False
83828efffffffff,-11.980128465270305,9.332653295364292,1,False,False
838290fffffffff,-13.70120408023139,12.904296782524028,1,False,False
838291fffffffff,-13.019982498920273,12.055677069097005,1,False,False
838292fffffffff,-13.368854480611168,13.977796098185625,1,False,False
838293fffffffff,-12.694224906320049,13.124466637833905,1,False,False
838294fffffffff,-14.721562391512435,12.679223727186727,1,False,False
838295fffffffff,-14.030368177355978,11.822954192629494,1,False,False
838296fffffffff,-14.38558732175096,13.76551929302436,1,False,False
838298fffffffff,-11.35603163656893,11.454670351216748,1,False,False
838299fffffffff,-10.693637461230148,10.638365089861926,1,False,False
83829afffffffff,-11.040041369550938,12.506257530806362,1,False,False
83829bfffffffff,-10.38342888615752,11.684647672675348,1,False,False
83829cfffffffff,-12.34255417353451,11.219749659843965,1,False,False
83829dfffffffff,-11.669518837433897,10.3965797986283,1,False,False
83829efffffffff,-12.023083763648907,12.283393902003594,1,False,False
8382a0fffffffff,-16.024001899207125,8.262777988304139,1,False,False
8382a1fffffffff,-15.306807050933884,7.433423101852994,1,False,False
8382a2fffffffff,-15.705467886391707,9.376078479108562,1,False,False
8382a3fffffffff,-14.994546377365856,8.538933400100635,1,False,False
8382a4fffffffff,-17.06492912106197,7.980532762304743,1,False,False
8382a5fffffffff,-16.337132824522293,7.144669762621832,1,False,False
8382a6fffffffff,-16.745354424656583,9.1067740689072,1,False,False
8382a8fffffffff,-13.586725428125792,6.907369662309644,1,False,False
8382a9fffffffff,-12.891029391373428,6.112869292286999,1,True,False
8382aafffffffff,-13.28149836801664,7.992702082178025,1,False,False
8382abfffffffff,-12.591242399678787,7.190076975765707,1,True,False
8382acfffffffff,-14.59442347187554,6.61867024285498,1,False,False
8382adfffffffff,-13.887465705631213,5.818457992853503,1,True,False
8382aefffffffff,-14.288091899573336,7.716040474297283,1,False,False
8382b0fffffffff,-16.08988669241252,11.34184799564692,1,False,False
8382b1fffffffff,-15.381935889362865,10.483767537038938,1,False,False
8382b2fffffffff,-15.754860173618445,12.449089019758334,1,False,False
8382b3fffffffff,-15.05382433584274,11.585066299907757,1,False,False
8382b4fffffffff,-17.13804270489815,11.093127157690652,1,False,False
8382b5fffffffff,-16.420198063880925,10.227482464257603,1,False,False
8382b6fffffffff,-16.800609460405898,12.213727654262598,1,False,False
8382d2fffffffff,-8.739593215406465,8.264323904617951,1,True,False
8382d4fffffffff,-9.9770732418447,6.960669334379415,1,True,False
8382d6fffffffff,-9.68226212096936,8.003929944992564,1,True,False
8382f0fffffffff,-11.22892676483015,5.626199861286279,1,True,False
8382f2fffffffff,-10.935438137844624,6.683809359010834,1,True,False
8382f4fffffffff,-12.201546883516302,5.332467691346117,1,True,False
8382f5fffffffff,-11.51878122981886,4.566074783877594,1,True,False
8382f6fffffffff,-11.906881071558647,6.401263609073183,1,True,False
838310fffffffff,-23.31707195998221,2.867144299237545,1,False,False
838311fffffffff,-22.519294341720336,2.033280982377861,1,True,False
838312fffffffff,-23.027725399016155,4.070671999932959,1,False,False
838313fffffffff,-22.23626553986309,3.22432177652806,1,False,False
838314fffffffff,-24.40355618201059,2.5019081384554607,1,False,False
838315fffffffff,-23.59619931147396,1.662805080591616,1,True,False
838316fffffffff,-24.11801961452589,3.71924439264978,1,False,False
838322fffffffff,-25.194045368317088,-1.1487055803458504,1,True,False
838326fffffffff,-26.268442493229493,-1.5621847949936591,1,True,False
838330fffffffff,-25.76450293658201,0.8968360272218288,1,False,False
838331fffffffff,-24.941794480940683,0.0668349955047514,1,True,False
838332fffffffff,-25.49484170032901,2.1283681626293327,1,False,False
838333fffffffff,-24.678230175880167,1.284071746590738,1,False,False
838334fffffffff,-26.854106660776303,0.5008449561767779,1,False,False
838335fffffffff,-26.02242988912277,-0.3337255341990052,1,True,False
838336fffffffff,-26.590022834329385,1.7462707919873663,1,False,False
838380fffffffff,-21.011704064185363,7.967298393103336,1,False,False
838381fffffffff,-20.250481532546743,7.095326395542443,1,False,False
838382fffffffff,-20.684295220162497,9.142737402331717,1,False,False
838383fffffffff,-19.93040396743429,8.261904708924959,1,False,False
838384fffffffff,-22.101609468196155,7.66584831996867,1,False,False
838385fffffffff,-21.33100638409357,6.786752608484514,1,False,False
838386fffffffff,-21.77480662661896,8.855663145209714,1,False,False
838388fffffffff,-18.430338422875256,6.548000792582898,1,False,False
838389fffffffff,-17.685708966158693,5.714813205655285,1,False,False
83838afffffffff,-18.11674536964348,7.692008198721128,1,False,False
83838bfffffffff,-17.378511397137487,6.849593591616969,1,False,False
83838cfffffffff,-19.491963709928008,6.239690359750247,1,False,False
83838dfffffffff,-18.736937633790827,5.400306459039998,1,False,False
83838efffffffff,-19.17882125388004,7.397007521482279,1,False,False
838390fffffffff,-21.09666625511757,11.216467643112011,1,False,False
838391fffffffff,-20.34922386970843,10.31212048178102,1,False,False
838392fffffffff,-20.746297093827856,12.385576088355092,1,False,False
838393fffffffff,-20.006958794849016,11.474528380423266,1,False,False
838394fffffffff,-22.19566404221656,10.95224505066239,1,False,False
838395fffffffff,-21.43966829750889,10.039522199989548,1,False,False
838396fffffffff,-21.84434798065308,12.136238112663262,1,False,False
838398fffffffff,-18.531277147222813,9.697413831169726,1,False,False
838399fffffffff,-17.79655206252311,8.831439354501933,1,False,False
83839afffffffff,-18.19773147158521,10.8387246170506,1,False,False
83839bfffffffff,-17.47017334867914,9.96542649399128,1,False,False
83839cfffffffff,-19.602877354309427,9.42325118095352,1,False,False
83839dfffffffff,-18.858453322916507,8.549882649649126,1,False,False
83839efffffffff,-19.268344000453848,10.578453821481125,1,False,False
8383a0fffffffff,-23.51555811287727,6.148036817841306,1,False,False
8383a1fffffffff,-22.72846475163829,5.27232894029876,1,False,False
8383a2fffffffff,-23.199333719861,7.357330500165078,1,False,False
8383a3fffffffff,-22.419633087041905,6.471065739819352,1,False,False
8383a4fffffffff,-24.617939626395625,5.817427963964335,1,False,False
8383a5fffffffff,-23.82191004369135,4.934983436746899,1,False,False
8383a6fffffffff,-24.30405036007374,7.041511957722045,1,False,False
8383a8fffffffff,-20.866645705753623,4.750245679192124,1,False,False
8383a9fffffffff,-20.09502664450426,3.9154405045416647,1,False,False
8383aafffffffff,-20.56269228755535,5.924453789784328,1,False,False
8383abfffffffff,-19.79748764487954,5.078854516820491,1,False,False
8383acfffffffff,-21.943656630131827,4.414260598697624,1,False,False
8383adfffffffff,-21.16198092707564,3.573677510400411,1,False,False
8383aefffffffff,-21.641785874191587,5.602074783914748,1,False,False
8383b0fffffffff,-23.64621727587728,9.474678310098325,1,False,False
8383b1fffffffff,-22.87364378435645,8.561810470350451,1,False,False
8383b2fffffffff,-23.30318177798636,10.681648893086516,1,False,False
8383b3fffffffff,-22.53892963319125,9.760448078625242,1,False,False
8383b4fffffffff,-24.76070001934332,9.181983745417249,1,False,False
8383b5fffffffff,-23.97999735346294,8.260952451541419,1,False,False
8383b6fffffffff,-24.41840703645772,10.40445826063556,1,False,False
838a00fffffffff,-5.4541243437560105,-19.65043546165068,1,False,False
838a01fffffffff,-4.747631464284464,-20.45510263069624,1,False,False
838a02fffffffff,-5.064615569454364,-18.67562732457316,1,False,False
838a03fffffffff,-4.3641678705761,-19.482805542936728,1,False,False
838a04fffffffff,-6.544034244001926,-19.818675503030715,1,False,False
838a05fffffffff,-5.842061872700959,-20.626507319133125,1,False,False
838a06fffffffff,-6.1595454555473,-18.843872731547933,1,False,False
838a08fffffffff,-2.938486830953428,-21.09249837741625,1,False,False
838a09fffffffff,-2.213695657813626,-21.90622735521385,1,False,False
838a0afffffffff,-2.569278272927134,-20.115448547962288,1,False,False
838a0bfffffffff,-1.848202033042736,-20.920072715368867,1,False,False
838a0cfffffffff,-4.033275472449612,-21.26598004059361,1,False,False
838a0dfffffffff,-3.3115877681445176,-22.08281137619045,1,False,False
838a0efffffffff,-3.656436278755234,-20.28475194296743,1,False,False
838a10fffffffff,-5.376364334569686,-16.862338418252197,1,False,False
838a11fffffffff,-4.6687619047782025,-17.68985058684556,1,False,False
838a12fffffffff,-4.975322049046978,-15.856010074032968,1,False,False
838a13fffffffff,-4.266813644389579,-16.693512304371016,1,False,False
838a14fffffffff,-6.483314620490896,-17.03139025451258,1,False,False
838a15fffffffff,-5.771189814886477,-17.858438489726293,1,False,False
838a16fffffffff,-6.089386156363585,-16.025210917464594,1,False,False
838a18fffffffff,-2.868036708635019,-18.33971208150657,1,False,False
838a19fffffffff,-2.1788739265955703,-19.148074313476936,1,False,False
838a1afffffffff,-2.458333761055666,-17.353305818592304,1,False,False
838a1bfffffffff,-1.7680495658483122,-18.17204734929326,1,False,False
838a1cfffffffff,-3.967170270265567,-18.507572920714896,1,False,False
838a1dfffffffff,-3.272145329663586,-19.31535096647186,1,False,False
838a1efffffffff,-3.564194804420972,-17.52147219227817,1,False,False
838a20fffffffff,-8.037350434695012,-20.97250556775276,1,False,False
838a21fffffffff,-7.33652254238858,-21.79282624756642,1,False,False
838a22fffffffff,-7.635916582218997,-19.98796677057171,1,False,False
838a23fffffffff,-6.938910820985956,-20.79897272406158,1,False,False
838a24fffffffff,-9.136545307090708,-21.147112577610347,1,False,False
838a25fffffffff,-8.441114551513056,-21.970597126257346,1,False,False
838a26fffffffff,-8.728953425382652,-20.158316164082333,1,False,False
838a28fffffffff,-5.519046543958405,-22.43919525919121,1,False,False
838a29fffffffff,-4.797212852311271,-23.267866870909977,1,False,False
838a2afffffffff,-5.131761855451612,-21.440524225496333,1,False,False
838a2bfffffffff,-4.413647284147912,-22.260465242514844,1,False,False
838a2cfffffffff,-6.626942349026559,-22.61900772406344,1,False,False
838a2dfffffffff,-5.909121539163489,-23.450765897145622,1,False,False
838a2efffffffff,-6.233122988454324,-21.61613745394984,1,False,False
838a30fffffffff,-7.966298953685606,-18.196232666491987,1,False,False
838a31fffffffff,-7.251143967602049,-19.012306561104623,1,False,False
838a32fffffffff,-7.58682201152309,-17.200665316917252,1,False,False
838a33fffffffff,-6.870642922997404,-18.02723336758504,1,False,False
838a34fffffffff,-9.0573525196508,-18.365433812100186,1,False,False
838a35fffffffff,-8.33860986911692,-19.18092621389908,1,False,False
838a36fffffffff,-8.686059552985492,-17.37016108704762,1,False,False
838a40fffffffff,-0.3633437903183307,-25.404086050058027,1,False,False
838a41fffffffff,0.3858621920315868,-26.246384110533228,1,False,False
838a42fffffffff,-0.0042487147400824,-24.38059350821899,1,False,False
838a43fffffffff,0.7417814705512202,-25.215472727252124,1,False,False
838a44fffffffff,-1.474554835301194,-25.593785518956285,1,False,False
838a45fffffffff,-0.7262891334886661,-26.43897281046728,1,False,False
838a46fffffffff,-1.1083663129786947,-24.5662659924714,1,False,False
838a48fffffffff,2.2440297786489265,-26.89849566519708,1,False,False
838a49fffffffff,2.998794157779524,-27.745976510423034,1,False,False
838a4afffffffff,2.5896706797777824,-25.86446204395784,1,False,False
838a4bfffffffff,3.341689939495694,-26.70524331845368,1,False,False
838a4cfffffffff,1.1385394139209597,-27.092829325940045,1,False,False
838a4dfffffffff,1.893954844022809,-27.94308034733318,1,False,False
838a4efffffffff,1.491446845486599,-26.05488216509694,1,False,False
838a50fffffffff,-0.3876064837800969,-22.54709052788017,1,False,False
838a51fffffffff,0.3506912376145635,-23.368950171219463,1,False,False
838a52fffffffff,-0.0336255180013329,-21.55624360286918,1,False,False
838a53fffffffff,0.701195027348973,-22.36957102713412,1,False,False
838a54fffffffff,-1.4826447027190848,-22.725673779234324,1,False,False
838a55fffffffff,-0.7459478217713832,-23.55055946456617,1,False,False
838a56fffffffff,-1.1207795264739384,-21.730706868991927,1,False,False
838a58fffffffff,2.183982956838804,-24.012478663707032,1,False,False
838a59fffffffff,2.9306028846410794,-24.84148349246324,1,False,False
838a5afffffffff,2.5230823441384462,-23.00893279881388,1,False,False
838a5bfffffffff,3.2665758273922494,-23.83002513606352,1,False,False
838a5cfffffffff,1.093459869036112,-24.1959995892813,1,False,False
838a5dfffffffff,1.840020256577526,-25.02794030183837,1,False,False
838a5efffffffff,1.440618547738954,-23.18840990187153,1,False,False
838a60fffffffff,-2.9669680107921583,-26.82742998194702,1,False,False
838a62fffffffff,-2.5910230274492383,-25.784576348019016,1,False,False
838a63fffffffff,-1.8441828885714164,-26.632653152984524,1,False,False
838a66fffffffff,-3.711895151915908,-25.976463714670924,1,False,False
838a6afffffffff,0.0260046224205063,-27.288248892717487,1,False,False
838a6bfffffffff,0.781598355961804,-28.14126775961392,1,False,False
838a6efffffffff,-1.092756633533894,-27.48475890796625,1,False,False
838a70fffffffff,-2.956208467392851,-23.917008470617784,1,False,False
838a71fffffffff,-2.2180875313502093,-24.75302258867817,1,False,False
838a72fffffffff,-2.583134928037968,-22.90532687024535,1,False,False
838a73fffffffff,-1.8485171437025485,-23.733243623269907,1,False,False
838a74fffffffff,-4.068189995469738,-24.101859810060088,1,False,False
838a75fffffffff,-3.332581221155188,-24.940868816292603,1,False,False
838a76fffffffff,-3.68826785069346,-23.086055878987192,1,False,False
838a80fffffffff,-2.6040580655482723,-12.611876582092128,1,False,False
838a81fffffffff,-1.898432715717879,-13.477117088773143,1,False,False
838a82fffffffff,-2.176363161465765,-11.57002007507463,1,False,False
838a83fffffffff,-1.4702427809112342,-12.443515276522035,1,False,False
838a84fffffffff,-3.7378508558450494,-12.780541250246308,1,False,False
838a85fffffffff,-3.0273241062324643,-13.645710968403298,1,False,False
838a86fffffffff,-3.3150373433596827,-11.73835080011684,1,False,False
838a88fffffffff,-0.0761599417002708,-14.165630335467286,1,False,False
838a89fffffffff,0.6106251676086183,-15.013722494775823,1,False,False
838a8afffffffff,0.3571527313270002,-13.14079205370305,1,False,False
838a8bfffffffff,1.0447095104791828,-13.997732579428469,1,False,False
838a8cfffffffff,-1.1987899833022362,-14.333800734788886,1,False,False
838a8dfffffffff,-0.5057231240072634,-15.1816765734748,1,False,False
838a8efffffffff,-0.7699727028749422,-13.308810061968773,1,False,False
838a90fffffffff,-2.45623039512358,-9.63197568676401,1,False,False
838a91fffffffff,-1.744650651740096,-10.520744322320615,1,False,False
838a92fffffffff,-2.021091625043748,-8.569077738673215,1,False,False
838a93fffffffff,-1.309354932487096,-9.464680697596732,1,False,False
838a94fffffffff,-3.603554514844253,-9.799626946363214,1,False,False
838a95fffffffff,-2.8876919418371507,-10.688619010158805,1,False,False
838a96fffffffff,-3.172182353312844,-8.736042136498643,1,False,False
838a98fffffffff,0.0987372371877339,-11.234326201101188,1,False,False
838a99fffffffff,0.7937930349299904,-12.107711051985682,1,False,False
838a9afffffffff,0.5377566776665447,-10.186017089011562,1,False,False
838a9bfffffffff,1.2333176869545557,-11.066966939614565,1,False,False
838a9cfffffffff,-1.038129556064771,-11.402011222539944,1,False,False
838a9dfffffffff,-0.3373216585961973,-12.27545941539116,1,False,False
838a9efffffffff,-0.6025231163840911,-10.353209740745587,1,False,False
838aa0fffffffff,-5.282781767618243,-13.98375048706412,1,False,False
838aa1fffffffff,-4.568344493840197,-14.83992526357317,1,False,False
838aa2fffffffff,-4.870704496669379,-12.949507170590069,1,False,False
838aa3fffffffff,-4.155741522873034,-13.81458950788887,1,False,False
838aa4fffffffff,-6.407548074550916,-14.15319165863582,1,False,False
838aa5fffffffff,-5.689113549079494,-15.009163577978985,1,False,False
838aa6fffffffff,-6.00170672614437,-13.118772204224912,1,False,False
838aa8fffffffff,-2.741439332161993,-15.518344581457892,1,False,False
838aa9fffffffff,-2.043336202737122,-16.3565471168382,1,False,False
838aaafffffffff,-2.3222923786616403,-14.502241537449155,1,False,False
838aabfffffffff,-1.623370632544539,-15.349884712087698,1,False,False
838aacfffffffff,-3.8590491453833216,-15.687053828043556,1,False,False
838aadfffffffff,-3.155516850411741,-16.524914386764532,1,False,False
838aaefffffffff,-3.445774693222775,-14.670950477599376,1,False,False
838ab0fffffffff,-5.172761577462686,-11.0253812564353,1,False,False
838ab1fffffffff,-4.45322362334852,-11.90700140934139,1,False,False
838ab2fffffffff,-4.750378191676706,-9.96763273571572,1,False,False
838ab3fffffffff,-4.030708434073556,-10.856831949913714,1,False,False
838ab4fffffffff,-6.312917390285328,-11.194265013740267,1,False,False
838ab5fffffffff,-5.589995768931463,-12.075969884687108,1,False,False
838ab6fffffffff,-5.895754655167424,-10.135991282387524,1,False,False
838ac0fffffffff,2.1902405113379806,-18.480797940042503,1,False,False
838ac1fffffffff,2.842861262422332,-19.28158186209587,1,False,False
838ac2fffffffff,2.6236881049072296,-17.503399655602507,1,False,False
838ac3fffffffff,3.2774337841389647,-18.31444899946585,1,False,False
838ac4fffffffff,1.1002008075563725,-18.64733744213822,1,False,False
838ac5fffffffff,1.7606467409793984,-19.447534878533773,1,False,False
838ac6fffffffff,1.52865244537043,-17.670254926447033,1,False,False
838ac8fffffffff,4.556711132305924,-19.90733011218512,1,False,False
838ac9fffffffff,5.290134493208563,-20.69956445965407,1,False,False
838acafffffffff,4.996946841850508,-18.950204321002868,1,False,False
838acbfffffffff,5.623000014041935,-19.74234841936145,1,False,False
838accfffffffff,3.5090376049065863,-20.073556460094867,1,False,False
838acdfffffffff,4.242597146849162,-20.86883638590498,1,False,False
838acefffffffff,3.921886075007232,-19.115804178425,1,False,False
838ad0fffffffff,2.3969238721045456,-15.685432746884947,1,False,False
838ad1fffffffff,3.060606442285485,-16.51574072883706,1,False,False
838ad2fffffffff,2.8359466760750136,-14.67858571116797,1,False,False
838ad3fffffffff,3.500589671558016,-15.51825468938857,1,False,False
838ad4fffffffff,1.2898503678413915,-15.852853366823384,1,False,False
838ad5fffffffff,1.9610224923631727,-16.68281004791718,1,False,False
838ad6fffffffff,1.7248023501548826,-14.84602478065263,1,False,False
838ad8fffffffff,4.803054678884644,-17.170317111440742,1,False,False
838ad9fffffffff,5.4401150258202655,-17.982332674914375,1,False,False
838adafffffffff,5.247675788877885,-16.182284406814343,1,False,False
838adbfffffffff,5.885801195759279,-17.004094664829537,1,False,False
838adcfffffffff,3.715422598207097,-17.33675290942082,1,False,False
838addfffffffff,4.360985130334525,-18.14829309309993,1,False,False
838adefffffffff,4.156426007497792,-16.348898060879307,1,False,False
838ae0fffffffff,-0.4101879544860884,-19.779956850753063,1,False,False
838ae1fffffffff,0.3157360449302466,-20.578363326786853,1,False,False
838ae2fffffffff,0.0081227762027011,-18.81406501451332,1,False,False
838ae3fffffffff,0.6760307406193721,-19.61366071721289,1,False,False
838ae4fffffffff,-1.486941304403944,-19.947185746764543,1,False,False
838ae5fffffffff,-0.763206925745703,-20.74869653648571,1,False,False
838ae6fffffffff,-1.0851763730980053,-18.98097814755842,1,False,False
838ae8fffffffff,2.120382016627286,-21.21046346084043,1,False,False
838ae9fffffffff,2.8570900560943104,-22.01769887598164,1,False,False
838aeafffffffff,2.452549908053867,-20.24079978679585,1,False,False
838aebfffffffff,3.1858019037490486,-21.03913394844064,1,False,False
838aecfffffffff,1.0470057507439674,-21.382831239610457,1,False,False
838aedfffffffff,1.7830027685001797,-22.19310917857731,1,False,False
838aeefffffffff,1.3878907312528916,-20.40906657759255,1,False,False
838af0fffffffff,-0.2461360881098319,-17.017619079300346,1,False,False
838af1fffffffff,0.4311315882281538,-17.837316278199594,1,False,False
838af2fffffffff,0.1802116582419567,-16.02051421232938,1,False,False
838af3fffffffff,0.8584964426163771,-16.850103633508994,1,False,False
838af4fffffffff,-1.352029847842674,-17.185353957421235,1,False,False
838af5fffffffff,-0.6680473103720983,-18.004581247049195,1,False,False
838af6fffffffff,-0.9311379499149194,-16.18841292336184,1,False,False
838b00fffffffff,-13.09617142985032,-20.85043337634788,1,False,True
838b01fffffffff,-12.430273294034398,-21.677445925498727,1,False,True
838b02fffffffff,-12.6688257789484,-19.858300966370138,1,False,False
838b03fffffffff,-12.006751030749278,-20.675782266260367,1,False,False
838b04fffffffff,-14.182647372841991,-21.026177260893537,1,False,True
838b05fffffffff,-13.524116107499855,-21.85641692676981,1,False,True
838b06fffffffff,-13.750878927380644,-20.02970574862643,1,False,False
838b08fffffffff,-10.650466813006911,-22.32941120075512,1,False,True
838b09fffffffff,-9.957023145439992,-23.165002644615218,1,False,True
838b0afffffffff,-10.235656242647416,-21.322800484771008,1,False,False
838b0bfffffffff,-9.546047223050785,-22.14945660669936,1,False,True
838b0cfffffffff,-11.753521524205508,-22.51046741384628,1,False,True
838b0dfffffffff,-11.06629534110704,-23.34920767994427,1,False,True
838b0efffffffff,-11.333844043189952,-21.499576022659696,1,False,True
838b10fffffffff,-13.024508627197523,-18.050300109173367,1,False,False
838b11fffffffff,-12.295166988384818,-18.87422228326561,1,False,False
838b12fffffffff,-12.680314770139486,-17.0454150044461,1,False,False
838b13fffffffff,-11.950189650962296,-17.87994713026426,1,False,False
838b14fffffffff,-14.090772303363105,-18.22086087676705,1,False,False
838b15fffffffff,-13.360207568514218,-19.04420467034387,1,False,False
838b16fffffffff,-13.75582411939522,-17.216258774232525,1,False,False
838b18fffffffff,-10.498032558553197,-19.518712498957026,1,False,False
838b19fffffffff,-9.822321332211612,-20.329730595062003,1,False,False
838b1afffffffff,-10.143018487286591,-18.53483420982779,1,False,False
838b1bfffffffff,-9.421160020987482,-19.3497290719735,1,False,False
838b1cfffffffff,-11.584277148525205,-19.687972256221787,1,False,False
838b1dfffffffff,-10.915195016461606,-20.502216985438267,1,False,False
838b1efffffffff,-11.222535122594463,-18.704431245044955,1,False,False
838b20fffffffff,-15.700790337102758,-22.21768914526825,1,False,False
838b21fffffffff,-15.046088502259682,-23.06031068942445,1,False,False
838b22fffffffff,-15.265382624723738,-21.203020870019564,1,False,True
838b23fffffffff,-14.614555782052886,-22.03649575762826,1,False,True
838b24fffffffff,-16.782035886027728,-22.40000381123865,1,False,False
838b25fffffffff,-16.13533863147461,-23.245838244412017,1,False,False
838b26fffffffff,-16.343596920209183,-21.38097115728609,1,False,True
838b28fffffffff,-13.278529798008226,-23.720965285273326,1,False,True
838b29fffffffff,-12.59403060088118,-24.57134538607622,1,False,True
838b2afffffffff,-12.854365382112151,-22.69263174327892,1,False,True
838b2bfffffffff,-12.173749231144956,-23.534526487067364,1,False,True
838b2cfffffffff,-14.379793831264738,-23.90853027437804,1,False,False
838b2dfffffffff,-13.702252079093942,-24.76202850419308,1,False,False
838b2efffffffff,-13.9521620444806,-22.875910676519965,1,False,True
838b30fffffffff,-15.464847099220174,-19.38473277740228,1,False,True
838b31fffffffff,-14.829647623249908,-20.20219373540632,1,False,True
838b32fffffffff,-15.148313115616237,-18.39162678508028,1,False,False
838b33fffffffff,-14.416981600013616,-19.2143757326752,1,False,False
838b34fffffffff,-16.5312342190109,-19.555020784312568,1,False,True
838b35fffffffff,-15.904356786724737,-20.37577207101776,1,False,True
838b36fffffffff,-16.196498511486375,-18.56259516519697,1,False,True
838b50fffffffff,-8.138370080779858,-23.819852175005074,1,False,True
838b51fffffffff,-7.421279774366423,-24.662990479555344,1,False,True
838b52fffffffff,-7.736479690307657,-22.79990892619845,1,False,False
838b53fffffffff,-7.0231314761287225,-23.63475899276776,1,False,False
838b54fffffffff,-9.253958634366144,-24.00605144140764,1,False,True
838b55fffffffff,-8.541760293655466,-24.85224536079666,1,False,True
838b56fffffffff,-8.846795608525705,-22.981905144223308,1,False,True
838b58fffffffff,-5.572453554208352,-25.31985209606262,1,False,False
838b59fffffffff,-4.836297060497315,-26.169452757625773,1,False,False
838b5afffffffff,-5.183609891589249,-24.28780342339944,1,False,False
838b5bfffffffff,-4.450993921749999,-25.12981016566194,1,False,False
838b5cfffffffff,-6.6960733282997,-25.5110000336894,1,False,False
838b5efffffffff,-6.301600003770177,-24.47484506893419,1,False,False
838b61fffffffff,-10.16099947409611,-29.09662213088772,1,False,False
838b64fffffffff,-12.017404057744292,-28.4256830514644,1,False,False
838b65fffffffff,-11.29546838308574,-29.303141293805048,1,False,False
838b68fffffffff,-8.285063818849546,-29.76626412609632,1,False,True
838b69fffffffff,-7.53848656941258,-30.64408683101421,1,False,True
838b6bfffffffff,-7.143878373357763,-29.559262966984505,1,False,True
838b6cfffffffff,-9.425674969736376,-29.974384133572883,1,False,False
838b6dfffffffff,-8.682729356982446,-30.854854543713486,1,False,False
838b6efffffffff,-9.024558464901336,-28.891231692215783,1,False,True
838b72fffffffff,-10.36901636395732,-24.19336276796536,1,False,True
838b76fffffffff,-11.482664548482743,-24.381792107177983,1,False,True
838b80fffffffff,-10.48934976152069,-13.798779698524076,1,False,False
838b81fffffffff,-9.759419525338872,-14.663173449467966,1,False,False
838b82fffffffff,-10.104744144603249,-12.754981045829728,1,False,False
838b83fffffffff,-9.374638575678857,-13.62834016923243,1,False,False
838b84fffffffff,-11.597861363052951,-13.969507220693936,1,False,False
838b85fffffffff,-10.866395214390964,-14.833712377835564,1,False,False
838b86fffffffff,-11.220937110864266,-12.925507540890656,1,False,False
838b88fffffffff,-7.92174231477008,-15.348421394488726,1,False,False
838b89fffffffff,-7.200379727813719,-16.19465393235298,1,False,False
838b8afffffffff,-7.529154312439388,-14.322910748256705,1,False,False
838b8bfffffffff,-6.807201980224023,-15.178663077798216,1,False,False
838b8cfffffffff,-9.031883396308476,-15.518436134094088,1,False,False
838b8dfffffffff,-8.307455065153839,-16.364336668819828,1,False,False
838b8efffffffff,-8.646729062512561,-14.492905454604696,1,False,False
838b90fffffffff,-10.444190820339188,-10.812916478874593,1,False,False
838b91fffffffff,-9.712823504989784,-11.702903367567322,1,False,False
838b92fffffffff,-10.044901450220031,-9.745588410026976,1,False,False
838b93fffffffff,-9.313864528469203,-10.64316526439996,1,False,False
838b94fffffffff,-11.56852885634248,-10.983011110220971,1,False,False
838b95fffffffff,-10.836296831532149,-11.873105150799658,1,False,False
838b96fffffffff,-11.176016307555225,-9.915123574693604,1,False,False
838b98fffffffff,-7.85563064522984,-12.414852212862655,1,False,False
838b99fffffffff,-7.129954014909623,-13.288334183789264,1,False,False
838b9afffffffff,-7.450250972315543,-11.363481274988557,1,False,False
838b9bfffffffff,-6.724434255080265,-12.2452541783634,1,False,False
838b9cfffffffff,-8.982691839963683,-12.584761880978483,1,False,False
838b9dfffffffff,-8.254555801620587,-13.458190913505485,1,False,False
838b9efffffffff,-8.583850907445264,-11.533028062464998,1,False,False
838ba0fffffffff,-13.060012259596911,-15.175593481630544,1,False,False
838ba1fffffffff,-12.3277208739365,-16.029994572070187,1,False,False
838ba2fffffffff,-12.699373331870342,-14.14052042688574,1,False,False
838ba3fffffffff,-11.966851398376942,-15.00451985799418,1,False,False
838ba4fffffffff,-14.145133741270293,-15.346930813939665,1,False,False
838ba5fffffffff,-13.412205039151717,-16.201010559620272,1,False,False
838ba6fffffffff,-13.793116628547535,-14.31181698014973,1,False,False
838ba8fffffffff,-10.506552654212918,-16.704411388335156,1,False,False
838ba9fffffffff,-9.780219377941153,-17.539875024462162,1,False,False
838baafffffffff,-10.136794107770378,-15.688704877358324,1,False,False
838babfffffffff,-9.409782245296975,-16.534256653230322,1,False,False
838bacfffffffff,-11.596982285135653,-16.874798353417557,1,False,False
838badfffffffff,-10.8685160480269,-17.709804566862484,1,False,False
838baefffffffff,-11.235666868956429,-15.859225179846392,1,False,False
838bb0fffffffff,-13.0633891059152,-12.214479839207469,1,False,False
838bb1fffffffff,-12.330447112585489,-13.096339170026898,1,False,False
838bb2fffffffff,-12.686038216949315,-11.15344719438501,1,False,False
838bb3fffffffff,-11.953424489730622,-12.043631341772354,1,False,False
838bb4fffffffff,-14.165405494350788,-12.3856485109507,1,False,False
838bb5fffffffff,-13.432480621100828,-13.267473707537787,1,False,False
838bb6fffffffff,-13.795909649567497,-11.3242227352487,1,False,False
838e45fffffffff,-10.621694267411645,-33.2762622029224,1,False,False
838e4cfffffffff,-12.50666237233293,-32.60201731640784,1,False,False
838e4dfffffffff,-13.239631143996055,-31.709099378143925,1,False,False
838e60fffffffff,-8.32644268080387,-32.839187205223,1,False,False
838e61fffffffff,-9.07957471009357,-31.95206216744216,1,False,False
838e63fffffffff,-9.475091055244576,-33.05717594927257,1,False,False
838e64fffffffff,-7.176718665041275,-32.622294007950615,1,False,False
838e65fffffffff,-7.932840185616785,-31.73762833974763,1,False,False
838e66fffffffff,-7.5672449773039006,-33.72769084766542,1,False,False
838e68fffffffff,-10.967085720644084,-31.279736260728324,1,False,False
838e69fffffffff,-11.701392164339175,-30.39399484873648,1,False,False
838e6afffffffff,-11.367437607976212,-32.384254255107905,1,False,False
838e6bfffffffff,-12.105301636566978,-31.49385621512156,1,False,False
838e6cfffffffff,-9.825913583160732,-31.06673668000538,1,False,False
838e6dfffffffff,-10.564764530624071,-30.18362654850928,1,False,False
838e6efffffffff,-10.224759762569304,-32.16760332206883,1,False,False
838f41fffffffff,-3.730831780578721,-31.978166495585555,1,False,True
838f42fffffffff,-3.344481915850904,-33.955788105635,1,False,True
838f43fffffffff,-4.112977881387375,-33.0731622534861,1,False,True
838f48fffffffff,-5.638584776078354,-31.31207236709084,1,False,True
838f49fffffffff,-6.394143475824626,-30.43443043211845,1,False,True
838f4afffffffff,-6.026893392313768,-32.40649428871862,1,False,True
838f4bfffffffff,-6.785521101668059,-31.524299288547084,1,False,True
838f4cfffffffff,-4.492996130082589,-31.10094483493605,1,False,True
838f4dfffffffff,-5.250658335194483,-30.225882150902446,1,False,True
838f4efffffffff,-4.87794125207665,-32.19178587550125,1,False,True
838f59fffffffff,-6.415106587743263,-33.50843466403403,1,False,False
838f5cfffffffff,-4.49569326649908,-34.17517624982863,1,False,False
838f5dfffffffff,-5.26335775821765,-33.290259028566794,1,False,True
839401fffffffff,-49.739486427439545,115.18353055176536,1,False,False
839403fffffffff,-50.50671002171339,114.08633541441344,1,False,False
839408fffffffff,-51.05422333773527,117.37382711923132,1,False,False
839409fffffffff,-51.29588620859848,119.0677194706738,1,False,False
83940afffffffff,-51.83557962747295,116.26423935043468,1,False,False
83940bfffffffff,-52.09491561843742,117.96585227661365,1,False,False
83940cfffffffff,-50.00632997021704,116.80556392236812,1,False,False
83940dfffffffff,-50.252437465243545,118.4599581886296,1,False,False
83940efffffffff,-50.79073835988416,115.71277837089876,1,False,False
839413fffffffff,-51.64186241883031,110.23930505807786,1,False,False
839418fffffffff,-52.29742811854722,113.46103053185752,1,False,False
839419fffffffff,-52.59595012624818,115.13128598567836,1,False,False
83941afffffffff,-53.01874560217362,112.3025273416642,1,False,False
83941bfffffffff,-53.33483355353975,113.97513505363028,1,False,False
83941cfffffffff,-51.25334340355295,112.96838998514006,1,False,False
83941dfffffffff,-51.554607658173055,114.59787016183893,1,False,False
83941efffffffff,-51.97892313401458,111.8299752351326,1,False,False
83942afffffffff,-48.95219173057425,116.25976559202324,1,False,False
83942bfffffffff,-49.20194738147293,117.8761074368661,1,False,False
839440fffffffff,-51.00624287284037,125.35978000080942,1,False,False
839441fffffffff,-51.13188582204506,127.14258908487642,1,False,False
839442fffffffff,-51.87802597688634,124.3243587053957,1,False,False
839443fffffffff,-52.0208813910963,126.1260719439544,1,False,False
839444fffffffff,-49.981176970777895,124.62241683528232,1,False,False
839445fffffffff,-50.11586854232368,126.36762252504792,1,False,False
839446fffffffff,-50.85453632856101,123.59731104535167,1,False,False
83944afffffffff,-53.12897625460569,128.78362399746027,1,False,False
83944efffffffff,-52.136604665911925,127.9474473336762,1,False,False
839450fffffffff,-52.54354460107205,121.46663359919454,1,False,False
839451fffffffff,-52.73043765200024,123.26091541746548,1,False,False
839452fffffffff,-53.35776177594325,120.36047972098616,1,False,False
839453fffffffff,-53.56274545064247,122.1690598445823,1,False,False
839454fffffffff,-51.51450020759133,120.79239379128158,1,False,False
839455fffffffff,-51.70890579228704,122.54549033187124,1,False,False
839456fffffffff,-52.33131671852251,119.70074525550868,1,False,False
839458fffffffff,-53.89222506388441,125.86780669983575,1,False,False
839459fffffffff,-54.01473103220907,127.75129426830948,1,False,False
83945afffffffff,-54.74036032331454,124.78204313521564,1,False,False
83945bfffffffff,-54.88092108554653,126.6873360560103,1,False,False
83945cfffffffff,-52.89092704517095,125.08068243776178,1,False,False
83945dfffffffff,-53.024052353151625,126.92273823801136,1,False,False
83945efffffffff,-53.741251521920674,124.005898919874,1,False,False
839462fffffffff,-48.94673715479256,123.91260556678168,1,False,False
839463fffffffff,-49.0896169274428,125.62118111519852,1,False,False
839470fffffffff,-49.6377048047662,121.19734107450968,1,False,False
839471fffffffff,-49.82148627829187,122.89809295919706,1,False,False
839472fffffffff,-50.47659748306898,120.14485318349124,1,False,False
839473fffffffff,-50.677657070638,121.8581090610456,1,False,False
839474fffffffff,-48.59007228867102,120.56183610965594,1,False,False
839475fffffffff,-48.77991554157343,122.22533335582855,1,False,False
839476fffffffff,-49.43083249715303,119.52261267034572,1,False,False
839480fffffffff,-54.260229798004815,105.5077863539013,1,False,False
839481fffffffff,-54.66339314008028,107.07993553977306,1,False,False
839482fffffffff,-54.85959203375127,104.28296898407666,1,False,False
839483fffffffff,-55.27870657515816,105.84612284295967,1,False,False
839484fffffffff,-53.23606304560212,105.18429468360765,1,False,False
839485fffffffff,-53.63860632971731,106.7165291934348,1,False,False
839486fffffffff,-53.842056648336666,103.98459152783217,1,False,False
839488fffffffff,-56.06741056153852,109.12491007914538,1,False,False
839489fffffffff,-56.43371841215835,110.83986719997756,1,False,False
83948afffffffff,-56.69327920427693,107.8583528780261,1,False,False
83948bfffffffff,-57.077116749595625,109.56903283478826,1,False,False
83948cfffffffff,-55.04997599857818,108.7009556373356,1,False,False
83948dfffffffff,-55.418379658401314,110.37044529144836,1,False,False
83948efffffffff,-55.68185551580298,107.46015716840948,1,False,False
839490fffffffff,-54.988151892180966,101.54300436721329,1,False,False
839491fffffffff,-55.436603477335005,103.04289534391616,1,False,False
839492fffffffff,-55.52820296514719,100.30288922732169,1,False,False
839493fffffffff,-55.991226234156045,101.78846129218346,1,False,False
839494fffffffff,-53.9797834285824,101.3084260448247,1,False,False
839495fffffffff,-54.426103033938496,102.77054469119228,1,False,False
839496fffffffff,-54.5275487990981,100.09487235542728,1,False,False
839498fffffffff,-56.87667397145832,104.92226229982548,1,False,False
839499fffffffff,-57.29581569082428,106.57150547593034,1,False,False
83949afffffffff,-57.43942010295931,103.62687013271292,1,False,False
83949bfffffffff,-57.87490408743884,105.2652050619322,1,False,False
83949cfffffffff,-55.8713533233107,104.59520314157696,1,False,False
83949dfffffffff,-56.29079582815168,106.20032466708852,1,False,False
83949efffffffff,-56.44125452200839,103.32803473706892,1,False,False
8394a3fffffffff,-52.60822395963682,106.36887417329392,1,False,False
8394a8fffffffff,-53.3653475598943,109.49323999048244,1,False,False
8394a9fffffffff,-53.71816179720543,111.1227095568168,1,False,False
8394aafffffffff,-54.02554487219305,108.29586961689304,1,False,False
8394abfffffffff,-54.39533421716331,109.92201133889787,1,False,False
8394acfffffffff,-52.32919908954505,109.08291078014196,1,False,False
8394adfffffffff,-52.68304170611035,110.67144711452202,1,False,False
8394aefffffffff,-52.994864019375015,107.90845773327308,1,False,False
8394b3fffffffff,-53.41040535838138,102.51015279234552,1,False,False
8394c0fffffffff,-56.67801961209688,117.51205025264244,1,False,False
8394c1fffffffff,-56.93156891935742,119.4044492661101,1,False,False
8394c2fffffffff,-57.400562655269134,116.27475160079388,1,False,False
8394c3fffffffff,-57.67338655360719,118.17706851330831,1,False,False
8394c4fffffffff,-55.67174150821752,116.87669440111252,1,False,False
8394c5fffffffff,-55.93246038557149,118.72009214950694,1,False,False
8394c6fffffffff,-56.39839116582578,115.66022735568662,1,False,False
8394c8fffffffff,-58.13561810717959,122.10189395888467,1,False,False
8394c9fffffffff,-58.3222518286852,124.11739240239577,1,False,False
8394cafffffffff,-58.89356284005184,120.87037154605687,1,False,False
8394cbfffffffff,-59.10007104730674,122.9050384288529,1,False,False
8394ccfffffffff,-57.15760366902492,121.33451426332248,1,False,False
8394cdfffffffff,-57.35478395870346,123.29887739002903,1,False,False
8394cefffffffff,-57.91888547728304,120.12053606770412,1,False,False
8394d0fffffffff,-57.78201583707863,113.14532932169604,1,False,False
8394d1fffffffff,-58.099661338603376,115.00831633532184,1,False,False
8394d2fffffffff,-58.438291408912,111.84756693477512,1,False,False
8394d3fffffffff,-58.77493980979459,113.7129841255472,1,False,False
8394d4fffffffff,-56.77911495185955,112.6041233670518,1,False,False
8394d5fffffffff,-57.101941450468495,114.41634737404348,1,False,False
8394d6fffffffff,-57.44060029295907,111.33171812835272,1,False,False
8394d8fffffffff,-59.37150959923108,117.59383273995076,1,False,False
8394d9fffffffff,-59.62678804010594,119.53573504003208,1,False,False
8394dafffffffff,-60.05340224300079,115.97373724734544,1,False,False
8394dbfffffffff,-60.33702833282723,117.93727138166088,1,False,False
8394dcfffffffff,-58.39186646426346,116.91862694380912,1,False,False
8394ddfffffffff,-58.657014046790565,118.87368369201198,1,False,False
8394defffffffff,-59.08658021531445,115.62919079615293,1,False,False
8394e0fffffffff,-53.90233279411011,117.43917498646678,1,False,False
8394e1fffffffff,-54.15091719735376,119.22683557791323,1,False,False
8394e2fffffffff,-54.65539588329766,116.2692059571025,1,False,False
8394e3fffffffff,-54.92242245603454,118.06558441124544,1,False,False
8394e4fffffffff,-52.873083430023016,116.8392330278924,1,False,False
8394e5fffffffff,-53.12745920362718,118.58302691640571,1,False,False
8394e6fffffffff,-53.62984125740582,115.68791883797756,1,False,False
8394e8fffffffff,-55.37988673237897,121.76633776857072,1,False,False
8394e9fffffffff,-55.56774113881139,123.66489041809255,1,False,False
8394eafffffffff,-56.16689257803618,120.60082016785952,1,False,False
8394ebfffffffff,-56.37369682504258,122.51585423708136,1,False,False
8394ecfffffffff,-54.374265847105015,121.04846311262696,1,False,False
8394edfffffffff,-54.57113032712627,122.90125276641164,1,False,False
8394eefffffffff,-55.164365177333856,119.8988667576236,1,False,False
8394f0fffffffff,-55.07720618917641,113.31185182440431,1,False,False
8394f1fffffffff,-55.38616065686411,115.07322415961404,1,False,False
8394f2fffffffff,-55.76699023763304,112.0876500062352,1,False,False
8394f3fffffffff,-56.09419344933682,113.85142923453824,1,False,False
8394f4fffffffff,-54.05178396712697,112.79603704859336,1,False,False
8394f5fffffffff,-54.36469519425111,114.51204908047802,1,False,False
8394f6fffffffff,-54.746410958996734,111.59433019150478,1,False,False
839600fffffffff,-34.409587782864435,12.725807365017962,1,False,False
839601fffffffff,-33.62386655759845,11.66121546121825,1,False,False
839602fffffffff,-34.0249801174301,14.076829909682417,1,False,False
839603fffffffff,-33.25100047118011,13.004652200747742,1,False,False
839604fffffffff,-35.56752462637834,12.439130831700911,1,False,False
839605fffffffff,-34.779207924622874,11.362548927717649,1,False,False
839606fffffffff,-35.185912667825434,13.810466856060282,1,False,False
839608fffffffff,-31.67803779855589,10.918602560436334,1,False,False
839609fffffffff,-30.881270920543503,9.905015380779394,1,False,False
83960afffffffff,-31.313590710152013,12.234765974768017,1,False,False
83960bfffffffff,-30.52746719944865,11.212460340185135,1,False,False
83960cfffffffff,-32.82986907905428,10.616853964322464,1,False,False
83960dfffffffff,-32.028722441969975,9.592825821188908,1,False,False
83960efffffffff,-32.46831775681741,11.951852771791746,1,False,False
839610fffffffff,-34.37801595020782,16.510895554674867,1,False,False
839611fffffffff,-33.62607929113483,15.414299853101022,1,False,False
839612fffffffff,-33.9532671638609,17.83748662778097,1,False,False
839613fffffffff,-33.21362963699276,16.736985734521173,1,False,False
839614fffffffff,-35.54246827431368,16.27833012637595,1,False,False
839615fffffffff,-34.78916183896037,15.16815435707908,1,False,False
839616fffffffff,-35.11874682577511,17.62532003659446,1,False,False
839618fffffffff,-31.70394405812436,14.58794019053525,1,False,False
839619fffffffff,-30.93598709083437,13.540047627801991,1,False,False
83961afffffffff,-31.30246995438629,15.886576238131711,1,False,False
83961bfffffffff,-30.54588016373864,14.833245064343735,1,False,False
83961cfffffffff,-32.86398251311653,14.335892381892291,1,False,False
83961dfffffffff,-32.092792455952754,13.275969260582292,1,False,False
83961efffffffff,-32.46350980748689,15.653684907127676,1,False,False
839620fffffffff,-37.085136605953714,10.7398300940542,1,False,False
839621fffffffff,-36.28263641771893,9.661140903197332,1,False,False
839622fffffffff,-36.72377985143113,12.144302934989318,1,False,False
839623fffffffff,-35.93330866563508,11.05553270956694,1,False,False
839624fffffffff,-38.23366557133517,10.41508715512429,1,False,False
839625fffffffff,-37.42920687930369,9.324628971268108,1,False,False
839626fffffffff,-37.87732594108815,11.84098729770922,1,False,False
839628fffffffff,-34.324615624585384,8.94313301463107,1,False,False
839629fffffffff,-33.50871035454101,7.91959553701969,1,False,False
83962afffffffff,-33.98193477700192,10.306909827690882,1,False,False
83962bfffffffff,-33.1768473916738,9.272304097229494,1,False,False
83962cfffffffff,-35.47099282939375,8.60498031308606,1,False,False
83962dfffffffff,-34.65138088124468,7.571345190347399,1,False,False
83962efffffffff,-35.13320203778604,9.988450567307003,1,False,False
839630fffffffff,-37.112774035596,14.654442832038791,1,False,False
839631fffffffff,-36.34575217415204,13.536502222458838,1,False,False
839632fffffffff,-36.70596763556887,16.03901523403194,1,False,False
839633fffffffff,-35.951734715285866,14.914967419415618,1,False,False
839634fffffffff,-38.27125978122138,14.386268181334136,1,False,False
839635fffffffff,-37.50347189102135,13.254618974327965,1,False,False
839636fffffffff,-37.86749654213848,15.792661454918989,1,False,False
839640fffffffff,-28.77507490799822,5.700233938304714,1,False,False
839641fffffffff,-27.954893543364392,4.777601603339221,1,False,False
839642fffffffff,-28.46308805600131,6.982590025037695,1,False,False
839643fffffffff,-27.65134993280526,6.047779026929543,1,False,False
839644fffffffff,-29.901168450384365,5.3440740600470376,1,False,False
839645fffffffff,-29.074025541451604,4.414102952817633,1,False,False
839646fffffffff,-29.59362914717032,6.642956637286327,1,False,False
839648fffffffff,-26.02564500281014,4.2365180900987225,1,False,False
839649fffffffff,-25.213672335440165,3.3597337787704213,1,False,False
83964afffffffff,-25.72590038112264,5.478992024541298,1,False,False
83964bfffffffff,-24.9212663905188,4.589796704030833,1,False,False
83964cfffffffff,-27.134127072356897,3.8748875156482665,1,False,False
83964dfffffffff,-26.313785275035297,2.991887353962623,1,False,False
83964efffffffff,-26.83853098991353,5.1324721902622255,1,False,False
839650fffffffff,-28.938818406660086,9.224984103711844,1,False,False
839651fffffffff,-28.138458507673025,8.259909994763227,1,False,False
839652fffffffff,-28.592458252543167,10.50559602231653,1,False,False
839653fffffffff,-27.80162980441293,9.53096250032034,1,False,False
839654fffffffff,-30.07912561494457,8.911151549371699,1,False,False
839655fffffffff,-29.27270241741272,7.937021598583677,1,False,False
839656fffffffff,-29.735513848010367,10.209175672353354,1,False,False
839658fffffffff,-26.21182425320696,7.637265226087349,1,False,False
839659fffffffff,-25.41489565337185,6.718150334944123,1,False,False
83965afffffffff,-25.88150881449968,8.882125441304662,1,False,False
83965bfffffffff,-25.09301898244846,7.952852759378879,1,False,False
83965cfffffffff,-27.335496011652843,7.313933390832394,1,False,False
83965dfffffffff,-26.530971702834123,6.386993481413444,1,False,False
83965efffffffff,-27.007739933010324,8.574854184840524,1,False,False
839660fffffffff,-31.31665036431573,3.660057444227798,1,False,False
839661fffffffff,-30.47463610045678,2.73713437537682,1,False,False
839662fffffffff,-31.02863400875356,4.979003639100756,1,False,False
839663fffffffff,-30.194944097092915,4.041688058509509,1,False,False
839664fffffffff,-32.43813413863313,3.268899901214936,1,False,False
839665fffffffff,-31.58988006253819,2.3392941380839005,1,False,False
839666fffffffff,-32.15646123013538,4.60471483397865,1,False,False
839668fffffffff,-28.523663439662624,2.230130000892286,1,False,False
839669fffffffff,-27.688168367008178,1.3553537412829495,1,False,False
83966afffffffff,-28.245767508513705,3.504635121651434,1,False,False
83966bfffffffff,-27.41743233466617,2.615443204573145,1,False,False
83966cfffffffff,-29.631508637709665,1.8356666879195829,1,False,False
83966dfffffffff,-28.78832546098063,0.9553457633523368,1,False,False
83966efffffffff,-29.35959896314985,3.1254809095927323,1,False,False
839670fffffffff,-31.54780688773884,7.266267328804447,1,False,False
839671fffffffff,-30.72612729879423,6.294742957475612,1,False,False
839672fffffffff,-31.221554279134835,8.589178070284582,1,False,False
839673fffffffff,-30.40948647736052,7.6059058847059235,1,False,False
839674fffffffff,-32.686645889381374,6.917797393784681,1,False,False
839675fffffffff,-31.859574298088432,5.93764640000587,1,False,False
839676fffffffff,-32.365090890716736,8.258763885697178,1,False,False
839680fffffffff,-31.258888358026244,21.96401056789541,1,False,False
839681fffffffff,-30.55890003710915,20.874061626204146,1,False,False
839682fffffffff,-30.788791721597622,23.193898676670152,1,False,False
839683fffffffff,-30.10053532971058,22.105289991587007,1,False,False
839684fffffffff,-32.420464902238024,21.818791972479744,1,False,False
839685fffffffff,-31.71980334488904,20.714666144540548,1,False,False
839686fffffffff,-31.94754570258863,23.06689246795563,1,False,False
839688fffffffff,-28.693113914330684,19.96608443701301,1,False,False
839689fffffffff,-28.155276376089628,18.814295368606498,1,False,False
83968afffffffff,-28.24909001954928,21.18017316414101,1,False,False
83968bfffffffff,-27.54283316246536,20.13014990526517,1,False,False
83968cfffffffff,-29.8484738632486,19.797594105167843,1,False,False
83968dfffffffff,-29.30766793459645,18.629402417443217,1,False,False
83968efffffffff,-29.401680019706085,21.029174593973217,1,False,False
839691fffffffff,-30.310416444180937,24.40367506421612,1,False,False
839695fffffffff,-31.465593124805164,24.294420233137817,1,False,False
839698fffffffff,-28.483348370450603,23.437756270104416,1,False,False
839699fffffffff,-27.797277633377306,22.376649168708184,1,False,False
83969afffffffff,-28.01350880087244,24.613494330756943,1,False,False
83969bfffffffff,-27.33849921943426,23.55487264503496,1,False,False
83969cfffffffff,-29.63374867515789,23.317474605682605,1,False,False
83969dfffffffff,-28.94635567524396,22.242786728370195,1,False,False
83969efffffffff,-29.15941752794107,24.50999441860406,1,False,False
8396a0fffffffff,-34.048778906781976,20.38230881687757,1,False,False
8396a1fffffffff,-33.515749213985444,19.1468216752774,1,False,False
8396a2fffffffff,-33.58429790419126,21.66946907366968,1,False,False
8396a3fffffffff,-32.88342349928511,20.5508108852909,1,False,False
8396a4fffffffff,-35.21487756972112,20.208962469075274,1,False,False
8396a5fffffffff,-34.6814106007376,18.954769426679203,1,False,False
8396a6fffffffff,-34.7494077281391,21.515867495189628,1,False,False
8396a8fffffffff,-31.62520895693586,18.24433657776781,1,False,False
8396a9fffffffff,-30.8891082999043,17.17076683699414,1,False,False
8396aafffffffff,-31.18897654566226,19.51511902902724,1,False,False
8396abfffffffff,-30.4646319673318,18.43948394382213,1,False,False
8396acfffffffff,-32.78841914660173,18.04374608055925,1,False,False
8396adfffffffff,-32.050324777838384,16.956860629366442,1,False,False
8396aefffffffff,-32.35127284953032,19.333532895236274,1,False,False
8396b0fffffffff,-33.78472960964832,24.066607499377174,1,False,False
8396b1fffffffff,-33.109059670668096,22.936312442070896,1,False,False
8396b3fffffffff,-32.624014186215774,24.18210747933155,1,False,False
8396b4fffffffff,-34.94677726224516,23.947783649242744,1,False,False
8396b5fffffffff,-34.27236801939393,22.8020070170522,1,False,False
8396c0fffffffff,-26.34276062650224,14.52928251435672,1,False,False
8396c1fffffffff,-25.58740345945068,13.543178105412943,1,False,False
8396c2fffffffff,-25.953100293566365,15.752018278111462,1,False,False
8396c3fffffffff,-25.207755330092432,14.76104078597734,1,False,False
8396c4fffffffff,-27.48402089589916,14.291536269878186,1,False,False
8396c5fffffffff,-26.723066955994767,13.294789098120974,1,False,False
8396c6fffffffff,-27.093456022537328,15.53122362867621,1,False,False
8396c8fffffffff,-23.70594532439452,12.825282274463715,1,False,False
8396c9fffffffff,-22.95139422261945,11.88085905260772,1,False,False
8396cafffffffff,-23.33687529450325,14.021660490808545,1,False,False
8396cbfffffffff,-22.59138612427501,13.07134367651098,1,False,False
8396ccfffffffff,-24.828371892942663,12.573108131193198,1,False,False
8396cdfffffffff,-24.06664367011641,11.619227192343288,1,False,False
8396cefffffffff,-24.458382741054315,13.785395623092118,1,False,False
8396d0fffffffff,-26.284697339462067,17.971213469819293,1,False,False
8396d1fffffffff,-25.55475044372712,16.96206655651238,1,False,False
8396d2fffffffff,-25.867921518107185,19.16976778660242,1,False,False
8396d3fffffffff,-25.14839615580378,18.15856191468056,1,False,False
8396d4fffffffff,-27.427829031671305,17.778955717860224,1,False,False
8396d5fffffffff,-26.693448334261348,16.758085625345398,1,False,False
8396d6fffffffff,-27.00839218265456,18.99435596421473,1,False,False
8396d8fffffffff,-23.69351860135249,16.177100358278555,1,False,False
8396d9fffffffff,-22.960020672461177,15.20744791606347,1,False,False
8396dafffffffff,-23.299900408217425,17.354769769019523,1,False,False
8396dbfffffffff,-22.57598810050499,16.381782968210327,1,False,False
8396dcfffffffff,-24.819498891399288,15.96724309336143,1,False,False
8396ddfffffffff,-24.079891923191987,14.987027189176478,1,False,False
8396defffffffff,-24.423286038053803,17.160898635363115,1,False,False
8396e0fffffffff,-29.01066872599542,12.77856883743903,1,False,False
8396e1fffffffff,-28.23415061220314,11.77765274986149,1,False,False
8396e2fffffffff,-28.630615995656942,14.047575460872958,1,False,False
8396e3fffffffff,-27.864467698927864,13.039999395135853,1,False,False
8396e4fffffffff,-30.16070560547219,12.510245689300728,1,False,False
8396e5fffffffff,-29.37917201205488,11.498717959104589,1,False,False
8396e6fffffffff,-29.781596352208155,13.797162395464714,1,False,False
8396e8fffffffff,-26.31838155705484,11.076310454263384,1,False,False
8396e9fffffffff,-25.54048791315449,10.120442579787492,1,False,False
8396eafffffffff,-25.957813314195068,12.31460074382348,1,False,False
8396ebfffffffff,-25.1892632099532,11.351121364396969,1,False,False
8396ecfffffffff,-27.45309245383271,10.794552876722976,1,False,False
8396edfffffffff,-26.66853600844837,9.829361124329024,1,False,False
8396eefffffffff,-27.093380382842472,12.049529425688103,1,False,False
8396f0fffffffff,-28.988984914039165,16.33387832602308,1,False,False
8396f1fffffffff,-28.239664413165347,15.304646916727044,1,False,False
8396f2fffffffff,-28.57689640306446,17.581597635504842,1,False,False
8396f3fffffffff,-27.83849803575044,16.548758598012338,1,False,False
8396f4fffffffff,-30.143965167658568,16.11322714803437,1,False,False
8396f5fffffffff,-29.390792535523147,15.072065375410949,1,False,False
8396f6fffffffff,-29.730973719993774,17.378938412894524,1,False,False
839700fffffffff,-42.44426855001049,10.535475040685055,1,True,False
839701fffffffff,-41.64938811969141,9.382796982828626,1,False,False
839702fffffffff,-42.092937725717285,12.040938445740986,1,True,False
839703fffffffff,-41.31159161399608,10.876477308273644,1,False,False
839704fffffffff,-43.56932043352453,10.18401375387491,1,True,False
839705fffffffff,-42.77474632056146,9.017972006472949,1,True,False
839706fffffffff,-43.22504286041983,11.714069395497887,1,True,False
839708fffffffff,-39.7096783371036,8.622502234047376,1,False,False
839709fffffffff,-38.89147700766424,7.533066583767286,1,False,False
83970afffffffff,-39.37788026703991,10.080931729750809,1,False,False
83970bfffffffff,-38.571890715161786,8.978545383630035,1,False,False
83970cfffffffff,-40.841577869776245,8.256092045951162,1,False,False
83970dfffffffff,-40.02203686155013,7.155334204739359,1,False,False
83970efffffffff,-40.51678099063159,9.736972329396927,1,False,False
839710fffffffff,-42.303404551795474,14.890128900238462,1,True,False
839711fffffffff,-41.721356189603135,13.532453539666706,1,False,False
839712fffffffff,-41.89454515875016,16.36706743280458,1,True,False
839713fffffffff,-41.15909040704085,15.16234071925722,1,False,False
839715fffffffff,-42.69275226879416,13.395593876369617,1,False,False
839718fffffffff,-39.808481052139165,12.665742100024662,1,False,False
839719fffffffff,-39.02714395914363,11.528829798240563,1,False,False
83971afffffffff,-39.42618074316908,14.110113775987289,1,False,False
83971bfffffffff,-38.658051310650514,12.96448301736502,1,False,False
83971cfffffffff,-40.95376758466444,12.3580246367205,1,False,False
83971dfffffffff,-40.1722283619795,11.20745746708072,1,False,False
83971efffffffff,-40.57653933150255,13.825631493635289,1,False,False
839720fffffffff,-45.00003897065474,8.254521952694398,1,True,False
839721fffffffff,-44.192383890945166,7.090267141193943,1,True,False
839722fffffffff,-44.68583866626197,9.821632473108671,1,True,False
839723fffffffff,-43.89192843026379,8.642040698483251,1,True,False
839724fffffffff,-46.09821726143322,7.854908788738534,1,True,False
839725fffffffff,-45.291311884189085,6.677882385811014,1,True,False
839728fffffffff,-42.262838497298,6.366731734774538,1,False,False
839729fffffffff,-41.430091391391024,5.270759208372495,1,False,False
83972afffffffff,-41.96661949262516,7.878886660519707,1,False,False
83972bfffffffff,-41.146143414877145,6.766703004225932,1,False,False
83972cfffffffff,-43.37119171830746,5.954957445300741,1,False,False
83972dfffffffff,-42.53769187184064,4.848385244929514,1,False,False
83972efffffffff,-43.08385947940283,7.490436062445967,1,True,False
839731fffffffff,-44.349162833977125,11.376979952314048,1,True,False
839733fffffffff,-43.82438990731495,13.08986432136467,1,False,False
839740fffffffff,-36.65096278309188,3.008767121959301,1,False,False
839741fffffffff,-35.79107745827122,2.0349682248762324,1,False,False
839742fffffffff,-36.38238449101544,4.41391681485971,1,False,False
839743fffffffff,-35.53190194176929,3.4232676482540603,1,False,False
839744fffffffff,-37.76529339639856,2.583309492812419,1,False,False
839745fffffffff,-36.90150788027685,1.602340505646952,1,False,False
839746fffffffff,-37.50521836926991,4.007395829254556,1,False,False
839748fffffffff,-33.81695315158768,1.5138703947120735,1,False,False
839749fffffffff,-32.95482283574841,0.5944131525712272,1,False,False
83974afffffffff,-33.55837857324568,2.867892042907965,1,False,False
83974bfffffffff,-32.70432307726497,1.9316475650086595,1,False,False
83974cfffffffff,-34.92675879148413,1.0856263601517266,1,False,False
83974dfffffffff,-34.05918148208686,0.1603335102254686,1,False,False
83974efffffffff,-34.67636495195268,2.456697852472973,1,False,False
839750fffffffff,-36.92974419233117,6.846210863973713,1,False,False
839751fffffffff,-36.09598892839742,5.816105391699403,1,False,False
839752fffffffff,-36.61494551298219,8.25749785622723,1,False,False
839753fffffffff,-35.792068937824745,7.213669904547887,1,False,False
839754fffffffff,-38.06338438863036,6.468592575012316,1,False,False
839755fffffffff,-37.22661512630397,5.428941790253624,1,False,False
839756fffffffff,-37.75544594630569,7.900320777995232,1,False,False
839758fffffffff,-34.12522916099994,5.195529364098002,1,False,False
839759fffffffff,-33.28363067761743,4.220887208818318,1,False,False
83975afffffffff,-33.82497656889241,6.560173902755893,1,False,False
83975bfffffffff,-32.99295040350915,5.57135150592226,1,False,False
83975cfffffffff,-35.2553822777602,4.809837011754152,1,False,False
83975dfffffffff,-34.40911863564532,3.827187213126784,1,False,False
83975efffffffff,-34.96176775286832,6.193060384576478,1,False,False
839760fffffffff,-39.10555495576073,0.7028696579476474,1,False,False
839761fffffffff,-38.22921938065219,-0.2654575035148305,1,False,False
839762fffffffff,-38.8739006130919,2.146503306615593,1,False,False
839763fffffffff,-38.00666019209757,1.1584380289312168,1,False,False
839764fffffffff,-40.197233491112,0.2352293315391173,1,False,False
839765fffffffff,-39.31778405353423,-0.7391847417494358,1,False,False
839766fffffffff,-39.97581019352131,1.6979412275430554,1,False,False
839768fffffffff,-36.25676970170748,-0.7403077934550283,1,False,False
839769fffffffff,-35.37650725627253,-1.6519935077942398,1,False,False
83976afffffffff,-36.03273368905398,0.6465668143395236,1,False,False
83976bfffffffff,-35.16016200670203,-0.2844581952869731,1,False,False
83976cfffffffff,-37.348021727568806,-1.2075729195407574,1,False,False
83976dfffffffff,-36.46315797857434,-2.124037528732123,1,False,False
83976efffffffff,-37.133881317981896,0.1963303614110536,1,False,False
839770fffffffff,-39.47303896970333,4.622437342559135,1,False,False
839771fffffffff,-38.6228789849793,3.5898851436938792,1,False,False
839772fffffffff,-39.19198008867161,6.080422025884904,1,False,False
839773fffffffff,-38.35263170433774,5.031186022555401,1,False,False
839774fffffffff,-40.58685658389352,4.20227702514113,1,False,False
839775fffffffff,-39.73437840044178,3.160979206434954,1,False,False
839776fffffffff,-40.3145392226096,5.681287809360335,1,False,False
839780fffffffff,-39.40285147836904,20.854825483369176,1,False,False
839781fffffffff,-38.70765958606722,19.6577107993308,1,False,False
839782fffffffff,-38.92398353340178,22.224185066096315,1,False,False
839783fffffffff,-38.24251385817864,21.02749427051662,1,False,False
839784fffffffff,-40.559547884187246,20.676842792139595,1,False,False
839785fffffffff,-39.86677431821592,19.46277715199658,1,False,False
839786fffffffff,-40.081597399154745,22.068654935072,1,True,False
839788fffffffff,-36.83327346559651,18.68303318245929,1,False,False
839789fffffffff,-36.28384606592551,17.406994932289194,1,False,False
83978afffffffff,-36.3807219521376,20.03056320725865,1,False,False
83978bfffffffff,-35.84725378068615,18.75714815419265,1,False,False
83978cfffffffff,-37.9969061223572,18.477991049058048,1,False,False
83978dfffffffff,-37.44755192061904,17.182245848690027,1,False,False
83978efffffffff,-37.54531390469013,19.846890446441392,1,False,False
839791fffffffff,-38.43120906759326,23.56988099587609,1,True,False
839795fffffffff,-39.588886710084985,23.43622907815891,1,True,False
839798fffffffff,-36.60046018687291,22.52156997674136,1,False,False
839799fffffffff,-35.91480693145229,21.35780296884313,1,False,False
83979afffffffff,-36.10918756196294,23.82549141993864,1,False,False
83979bfffffffff,-35.4364951385604,22.66381600066677,1,False,False
83979cfffffffff,-37.76328192286257,22.37508963885173,1,False,False
83979dfffffffff,-37.07950512444466,21.195080632848622,1,False,False
83979efffffffff,-37.27098822940157,23.69957786795052,1,False,False
8397a0fffffffff,-42.17144621993332,19.05458465747532,1,True,False
8397a1fffffffff,-41.46700612624831,17.824792364128292,1,True,False
8397a2fffffffff,-41.71164913285508,20.493300658344573,1,True,False
8397a3fffffffff,-41.0216873141539,19.26182766005376,1,True,False
8397a5fffffffff,-42.61354571183775,17.593394082044494,1,True,False
8397a8fffffffff,-39.5917648427602,16.855915061137512,1,False,False
8397a9fffffffff,-39.02604395875626,15.538963129754334,1,False,False
8397aafffffffff,-39.15772698888946,18.266790063552847,1,False,False
8397abfffffffff,-38.60885551019541,16.950792256465462,1,False,False
8397acfffffffff,-40.74582290339716,16.615211683437376,1,False,False
8397adfffffffff,-40.18061017942366,15.277597252365933,1,False,False
8397aefffffffff,-40.31475021178099,18.04915451186985,1,False,False
8397b0fffffffff,-41.89282089125962,23.15632008653681,1,True,False
8397b1fffffffff,-41.23516973766577,21.908285661487422,1,True,False
8397b3fffffffff,-40.743069278311125,23.29843992621123,1,True,False
8397b5fffffffff,-42.38376506749889,21.74285046407852,1,True,False
839c00fffffffff,-57.38742018997627,145.85693449985922,1,False,False
839c01fffffffff,-57.5509618010035,143.82900321357533,1,False,False
839c03fffffffff,-56.57926106606662,144.63827769926252,1,False,False
839c05fffffffff,-58.36650595488192,145.05259506567282,1,False,False
839c08fffffffff,-56.83569130957999,140.61674260219468,1,False,False
839c09fffffffff,-56.91509803101229,138.5857214531687,1,False,False
839c0afffffffff,-55.875046841762426,141.48092951624517,1,False,False
839c0bfffffffff,-55.96896259804209,139.49166110953325,1,False,False
839c0cfffffffff,-57.68194226628818,141.7808070490708,1,False,False
839c0dfffffffff,-57.77971186729998,139.71734122643042,1,False,False
839c0efffffffff,-56.723569671690136,142.63587974131784,1,False,False
839c19fffffffff,-54.89862038403509,142.31155943463656,1,False,False
839c1bfffffffff,-53.90728126703576,143.11022012409325,1,False,False
839c1dfffffffff,-55.74938939569213,143.4567223571039,1,False,False
839c20fffffffff,-59.99083746560066,147.71663285869346,1,False,False
839c21fffffffff,-60.1822256932006,145.50439194114355,1,False,False
839c23fffffffff,-59.18054705005484,146.34487490738232,1,False,False
839c24fffffffff,-60.795319597926415,149.17370716063093,1,False,False
839c25fffffffff,-61.010774756230525,146.89935588815658,1,False,False
839c28fffffffff,-59.4828565956653,142.03110610278665,1,False,False
839c29fffffffff,-59.57964076170736,139.8625429477698,1,False,False
839c2afffffffff,-58.51536256136643,142.96173285201158,1,False,False
839c2bfffffffff,-58.62960409802975,140.86299651316293,1,False,False
839c2cfffffffff,-60.33594374033684,143.2756273614126,1,False,False
839c2dfffffffff,-60.45168072637329,141.0369537336982,1,False,False
839c2efffffffff,-59.349771411593096,144.19391641442255,1,False,False
839c40fffffffff,-57.83265923377713,131.41717015181862,1,False,False
839c41fffffffff,-57.76166809678157,129.3576300538705,1,False,False
839c43fffffffff,-56.90183290005432,130.44450628120345,1,False,False
839c44fffffffff,-58.74615146124984,132.43033227592986,1,False,False
839c45fffffffff,-58.69031951709756,130.3244663415527,1,False,False
839c48fffffffff,-56.69959315351552,126.43468084876766,1,False,False
839c49fffffffff,-56.55163529035711,124.46175331317208,1,False,False
839c4afffffffff,-55.85603312456802,127.54095677234352,1,False,False
839c4bfffffffff,-55.72679250892565,125.59104137661986,1,False,False
839c4cfffffffff,-57.6578246460329,127.31484488878976,1,False,False
839c4dfffffffff,-57.52188643235873,125.29372876130748,1,False,False
839c4efffffffff,-56.81659721621119,128.43043767527433,1,False,False
839c54fffffffff,-56.96145359997482,136.54784766497593,1,False,False
839c56fffffffff,-56.03072408671436,137.49361237425515,1,False,False
839c58fffffffff,-55.07257132871307,130.55593688846537,1,False,False
839c59fffffffff,-54.99190994025402,128.6133257230009,1,False,False
839c5bfffffffff,-54.10796919669972,129.6526055429745,1,False,False
839c5dfffffffff,-55.954600257648,129.5104882798839,1,False,False
839c60fffffffff,-60.53753019613923,132.11915172447485,1,False,False
839c61fffffffff,-60.46756746869813,129.93212681257944,1,False,False
839c62fffffffff,-59.6540638983945,133.38416329827243,1,False,False
839c63fffffffff,-59.608651692025305,131.25396114757132,1,False,False
839c64fffffffff,-61.47320067914497,133.04834946611996,1,False,False
839c65fffffffff,-61.41383616388177,130.77497837169997,1,False,False
839c66fffffffff,-60.57173103285736,134.32957635529957,1,False,False
839c68fffffffff,-59.41783710686875,127.07112287899275,1,False,False
839c69fffffffff,-59.27521997981661,124.97351042618835,1,False,False
839c6afffffffff,-58.600566985805,128.23351434511423,1,False,False
839c6bfffffffff,-58.47758479490773,126.16281471240826,1,False,False
839c6cfffffffff,-60.36297347553717,127.77438705351476,1,False,False
839c6dfffffffff,-60.22506296030047,125.65133081024852,1,False,False
839c6efffffffff,-59.529534572939056,129.14788996354608,1,False,False
839c70fffffffff,-58.75430782125584,136.66435438545463,1,False,False
839c71fffffffff,-58.76757349869996,134.54553696334338,1,False,False
839c72fffffffff,-57.84381559549687,137.64383337348963,1,False,False
839c73fffffffff,-57.87400194395561,135.56566679808765,1,False,False
839c74fffffffff,-59.64019606078626,137.69442396751006,1,False,False
839c75fffffffff,-59.66482700024012,135.53293858259843,1,False,False
839c76fffffffff,-58.709193689339216,138.76199017607493,1,False,False
839cc4fffffffff,-52.22970489973832,139.0863192702755,1,False,False
839cc6fffffffff,-51.23347359228489,139.90693794331287,1,False,False
839cd4fffffffff,-50.11290858270642,142.48461790045997,1,False,False
839ce0fffffffff,-54.11805605896328,139.28185829473836,1,False,False
839ce2fffffffff,-53.13786071722286,140.1272222949457,1,False,False
839ce3fffffffff,-53.211406256277215,138.23576639544734,1,False,False
839ce4fffffffff,-55.00624543557856,140.36324386832607,1,False,False
839ce5fffffffff,-55.08263941558401,138.40446168435824,1,False,False
839ce6fffffffff,-54.027811480917926,141.20200654209532,1,False,False
839cf0fffffffff,-52.02739528599507,142.78693146477997,1,False,False
839cf1fffffffff,-52.14296974602575,140.94192785060596,1,False,False
839cf2fffffffff,-51.00728311214383,143.53587646856295,1,False,False
839cf3fffffffff,-51.13432821558628,141.72730093032973,1,False,False
839cf4fffffffff,-52.90192600173409,143.8784292643465,1,False,False
839cf5fffffffff,-53.03455425680164,142.0094287464715,1,False,False
839d01fffffffff,-63.1501910642179,154.11948699730888,1,False,False
839d05fffffffff,-63.90658446997625,155.98145367673698,1,False,False
839d08fffffffff,-62.64729644842356,149.96962427090472,1,False,False
839d09fffffffff,-62.87488340195925,147.53485580890094,1,False,False
839d0afffffffff,-61.59173079838065,150.7222416049367,1,False,False
839d0bfffffffff,-61.83325949201171,148.385427007878,1,False,False
839d0cfffffffff,-63.45026212867327,151.6593212546,1,False,False
839d0dfffffffff,-63.70686564546758,149.15487236902084,1,False,False
839d0efffffffff,-62.37759091972966,152.36863878056857,1,False,False
839d20fffffffff,-65.35774542780528,160.06486858288835,1,False,False
839d21fffffffff,-65.76260125957249,157.4385425870383,1,False,False
839d23fffffffff,-64.64358079400482,157.96113716528208,1,False,False
839d24fffffffff,-66.0454058974523,162.29845589246162,1,False,False
839d25fffffffff,-66.48978226826877,159.6274149267065,1,False,False
839d28fffffffff,-65.33306732251434,152.74562835229878,1,False,False
839d29fffffffff,-65.6072916080369,150.04918678404462,1,False,False
839d2afffffffff,-64.23927822003537,153.4621689029004,1,False,False
839d2bfffffffff,-64.52727941695751,150.88882194658888,1,False,False
839d2cfffffffff,-66.12086957532811,154.73448727005618,1,False,False
839d2dfffffffff,-66.43025284575036,151.96174188984656,1,False,False
839d2efffffffff,-65.01119883331091,155.38597691906193,1,False,False
839d40fffffffff,-64.27951921525104,138.87692121982167,1,False,False
839d41fffffffff,-64.30764487430928,136.2929372341525,1,False,False
839d42fffffffff,-63.29718953017908,140.1003588103749,1,False,False
839d43fffffffff,-63.35021738581091,137.6091360047655,1,False,False
839d44fffffffff,-65.20716193069983,140.24798202878492,1,False,False
839d45fffffffff,-65.25620343613483,137.5561988735824,1,False,False
839d46fffffffff,-64.20543753603758,141.46555144322542,1,False,False
839d48fffffffff,-63.32659927053021,132.66309234794736,1,False,False
839d49fffffffff,-63.25175951583777,130.2262331706039,1,False,False
839d4afffffffff,-62.41442007370206,134.0483824426963,1,False,False
839d4bfffffffff,-62.3672589730194,131.68286186007802,1,False,False
839d4cfffffffff,-64.290444870901,133.7240276304525,1,False,False
839d4dfffffffff,-64.22891193818867,131.1802587369333,1,False,False
839d4efffffffff,-63.35977216985977,135.12698645909774,1,False,False
839d50fffffffff,-62.19357366246162,143.63437299221312,1,False,False
839d51fffffffff,-62.31126932797764,141.23587729665488,1,False,False
839d52fffffffff,-61.18703828267623,144.6030139672741,1,False,False
839d53fffffffff,-61.32362290206688,142.29182217851698,1,False,False
839d54fffffffff,-63.05941592189716,145.0724887282232,1,False,False
839d55fffffffff,-63.20027775125926,142.59126924733297,1,False,False
839d56fffffffff,-62.0341052646868,146.0202501743891,1,False,False
839d58fffffffff,-61.4771986787925,137.6547354720567,1,False,False
839d59fffffffff,-61.49461686911323,135.34397757689575,1,False,False
839d5afffffffff,-60.52938125777441,138.79516491394372,1,False,False
839d5bfffffffff,-60.56924675990828,136.5571115992948,1,False,False
839d5cfffffffff,-62.38710655130879,138.83310632291025,1,False,False
839d5dfffffffff,-62.42131210067472,136.434492806476,1,False,False
839d5efffffffff,-61.42031874805508,139.97320603549875,1,False,False
839d60fffffffff,-67.14673036215272,140.42144923962493,1,False,False
839d61fffffffff,-67.19170758143169,137.49399811041084,1,False,False
839d62fffffffff,-66.1308153030942,141.73369438376886,1,False,False
839d63fffffffff,-66.20335882713745,138.92808782179247,1,False,False
839d64fffffffff,-68.08360158390806,142.05083901254858,1,False,False
839d65fffffffff,-68.15497200414346,138.98862578489215,1,False,False
839d66fffffffff,-67.04783710054808,143.34679556026057,1,False,False
839d68fffffffff,-66.19640618091346,133.34577517874723,1,False,False
839d69fffffffff,-66.11885803888161,130.59507861302563,1,False,False
839d6afffffffff,-65.2571834805015,134.875236567895,1,False,False
839d6bfffffffff,-65.21099338114226,132.21664859839612,1,False,False
839d6cfffffffff,-67.18331868357187,134.5796615410469,1,False,False
839d6dfffffffff,-67.12263920255779,131.6932541850022,1,False,False
839d6efffffffff,-66.2249732903585,136.1276932218062,1,False,False
839d70fffffffff,-64.96342050321941,145.6166921924869,1,False,False
839d71fffffffff,-65.10958331365214,142.93874968729986,1,False,False
839d72fffffffff,-63.9187868911799,146.61472984805428,1,False,False
839d73fffffffff,-64.08514875141405,144.0482869654756,1,False,False
839d74fffffffff,-65.8323356033247,147.30712443350015,1,False,False
839d75fffffffff,-66.007070851355,144.53109986335258,1,False,False
839d76fffffffff,-64.76905430918993,148.2703343917349,1,False,False
83a204fffffffff,-47.38906571377169,31.74664656378738,1,False,False
83a206fffffffff,-47.95325045694937,30.33105587825469,1,False,False
83a210fffffffff,-49.03068478954036,27.39839448053981,1,False,False
83a212fffffffff,-49.54146598955607,25.882891235571982,1,False,False
83a213fffffffff,-50.08983631554506,27.28595810603722,1,False,False
83a214fffffffff,-47.95978375688488,27.507302494272384,1,False,False
83a215fffffffff,-48.50087366905625,28.881412310316755,1,False,False
83a216fffffffff,-48.47461027733968,26.01692911496676,1,False,False
83a220fffffffff,-45.729968561303664,33.14546962897212,1,False,False
83a221fffffffff,-46.21611596084855,34.47392874385629,1,False,False
83a222fffffffff,-46.310524588914845,31.78571158832184,1,False,False
83a223fffffffff,-46.80959239005871,33.12770334649602,1,False,False
83a224fffffffff,-44.64094011876251,33.16270807281637,1,False,False
83a225fffffffff,-45.13611702502503,34.47142450330434,1,False,False
83a226fffffffff,-45.222130498981,31.82360261695909,1,False,False
83a230fffffffff,-46.341751708611625,29.04815624230764,1,False,False
83a231fffffffff,-46.876515598346366,30.39243125036333,1,False,False
83a232fffffffff,-46.87770872557937,27.61284491527794,1,False,False
83a233fffffffff,-47.426682014208026,28.96608193409257,1,False,False
83a234fffffffff,-45.24671694263093,29.127752440287065,1,False,False
83a235fffffffff,-45.78948276225869,30.45194280383023,1,False,False
83a236fffffffff,-45.78507864077738,27.71517469617286,1,False,False
83a2a5fffffffff,-48.9699909432298,24.496005337466325,1,False,False
83a308fffffffff,-42.94994152527938,34.46663328921684,1,False,False
83a309fffffffff,-43.44205374627938,35.74234344432049,1,False,False
83a30afffffffff,-43.54318061388976,33.17944185395264,1,False,False
83a30bfffffffff,-44.04716414818286,34.46899374767599,1,False,False
83a30dfffffffff,-42.34605853191252,35.7218356254903,1,False,False
83a318fffffffff,-43.58715661362445,30.565703573841216,1,False,False
83a319fffffffff,-44.12454504860428,31.860371756563765,1,False,False
83a31afffffffff,-44.14225298287487,29.20498079928093,1,False,False
83a31bfffffffff,-44.69280039750683,30.50967404544516,1,False,False
83a31dfffffffff,-43.01846795207965,31.896068077125964,1,False,False
83a356fffffffff,-44.5302404338183,35.763453853392086,1,False,False
83a372fffffffff,-42.82685064987367,36.98277681843829,1,False,False
83a376fffffffff,-41.73275093660602,36.945066601642765,1,False,False
83a389fffffffff,-47.396151521918085,26.14679620400372,1,False,False
83a38bfffffffff,-47.89591421809981,24.65099232237454,1,False,False
83a38dfffffffff,-46.30669255898454,26.27268291667712,1,False,False
83a3a9fffffffff,-44.68255479069986,27.814435699773988,1,False,False
83a3abfffffffff,-45.20687967413584,26.394768324975377,1,False,False
83a590fffffffff,-17.741118795648852,3.7140471041817182,1,True,False
83a593fffffffff,-18.84753502279955,3.5589244349435085,1,True,False
83a594fffffffff,-16.62474018187146,3.868619093600999,1,True,False
83a5b2fffffffff,-15.499147276243004,4.02264109233757,1,True,False
83a614fffffffff,-54.92285780537038,91.33542034236036,1,False,False
83a616fffffffff,-54.4936456605084,92.52089418339855,1,False,False
83a632fffffffff,-55.791203257718735,91.0362445965878,1,False,False
83a6a0fffffffff,-53.57610926931954,94.87984530184929,1,False,False
83a6a4fffffffff,-54.55632406211222,94.96333269295856,1,False,False
83a6a5fffffffff,-54.04480579170288,93.70269685573892,1,False,False
83a6a6fffffffff,-54.076319236180126,96.1602260971822,1,False,False
83a6b4fffffffff,-54.05628182371762,98.69762154324329,1,False,False
83a6b5fffffffff,-53.57577053381456,97.35019261088875,1,False,False
83a6b6fffffffff,-53.52212155995685,99.89595482421844,1,False,False
83a702fffffffff,-59.49091251367555,85.05348194458993,1,False,False
83a706fffffffff,-60.271225777104085,84.28423688302145,1,False,False
83a710fffffffff,-59.98272558117431,88.06048199257293,1,False,False
83a711fffffffff,-59.38015602499153,86.8738316297648,1,False,False
83a712fffffffff,-59.711090475872425,89.96129770514484,1,False,False
83a713fffffffff,-59.1268074242328,88.73119981006548,1,False,False
83a714fffffffff,-60.8462759909149,87.34467017893495,1,False,False
83a715fffffffff,-60.22548994256062,86.13929306561644,1,False,False
83a716fffffffff,-60.58487967576616,89.31344952373642,1,False,False
83a730fffffffff,-61.93474524899098,84.51859337361992,1,False,False
83a731fffffffff,-61.05996290376464,83.46352281003695,1,False,False
83a732fffffffff,-61.71672753125811,86.57930627560178,1,False,False
83a733fffffffff,-61.077295462924205,85.35579346758121,1,False,False
83a734fffffffff,-62.74532390991822,83.65237638718231,1,False,False
83a735fffffffff,-61.85641456193264,82.58636857853749,1,False,False
83a736fffffffff,-62.59325224383853,85.75936424744768,1,False,False
83a780fffffffff,-57.84501838555767,95.92370960434612,1,False,False
83a781fffffffff,-57.33644988253151,94.61794899393588,1,False,False
83a782fffffffff,-57.46100743862016,97.64791710037105,1,False,False
83a783fffffffff,-56.97301919958628,96.31641491360024,1,False,False
83a784fffffffff,-58.72883000705479,95.50517495317229,1,False,False
83a785fffffffff,-58.20441514668307,94.16729964727614,1,False,False
83a786fffffffff,-58.34818701977223,97.28978583006206,1,False,False
83a788fffffffff,-55.982851885306125,93.82091143450698,1,False,False
83a789fffffffff,-55.4554365498867,92.55276477511704,1,False,False
83a78afffffffff,-55.53241840720409,95.0505604870744,1,False,False
83a78bfffffffff,-55.01595916255886,93.76050460058464,1,False,False
83a78cfffffffff,-56.82382388347597,93.36986539820712,1,False,False
83a78dfffffffff,-56.308368541464006,92.17682877017108,1,False,False
83a78efffffffff,-56.47988092732506,95.04153015233116,1,False,False
83a790fffffffff,-57.51276305886533,100.74881291713903,1,False,False
83a791fffffffff,-57.03340436922838,99.2404720015122,1,False,False
83a792fffffffff,-56.98838320463733,102.04556185715792,1,False,False
83a793fffffffff,-56.523472754712245,100.5206385382719,1,False,False
83a794fffffffff,-58.41595164435231,100.48998483714848,1,False,False
83a795fffffffff,-57.9424779867773,99.03835653679806,1,False,False
83a796fffffffff,-57.96313764357513,102.21905354991908,1,False,False
83a798fffffffff,-55.55842373470644,97.63605520252104,1,False,False
83a799fffffffff,-55.06130001234266,96.27392730605064,1,False,False
83a79afffffffff,-55.053735415282524,98.8704203599538,1,False,False
83a79bfffffffff,-54.5693049601287,97.4899539508764,1,False,False
83a79cfffffffff,-56.54255171359226,97.78893573157504,1,False,False
83a79dfffffffff,-56.04173889857111,96.39281478939276,1,False,False
83a79efffffffff,-56.04630452533031,99.051183912198,1,False,False
83a7a0fffffffff,-59.97309171114729,93.1739814938022,1,False,False
83a7a1fffffffff,-59.41110789355459,91.8379531253345,1,False,False
83a7a2fffffffff,-59.62411886283794,95.05822542609398,1,False,False
83a7a3fffffffff,-59.08343040131501,93.68696337178538,1,False,False
83a7a4fffffffff,-60.87293190796973,92.62500016061968,1,False,False
83a7a5fffffffff,-60.29360413977943,91.25786573956736,1,False,False
83a7a6fffffffff,-60.53049347403606,94.57992604798244,1,False,False
83a7a8fffffffff,-57.99022907742543,91.13751718903592,1,False,False
83a7a9fffffffff,-57.44036551371569,89.95277560316391,1,False,False
83a7aafffffffff,-57.675771041998736,92.8908223448965,1,False,False
83a7abfffffffff,-57.14420401120206,91.67279461778053,1,False,False
83a7acfffffffff,-58.84602053655689,90.56810134749011,1,False,False
83a7adfffffffff,-58.27916557818645,89.36078706109916,1,False,False
83a7aefffffffff,-58.53833724421892,92.38116573895832,1,False,False
83a7b0fffffffff,-59.75911479922515,98.37698503645004,1,False,False
83a7b1fffffffff,-59.24758405554019,96.90741872574498,1,False,False
83a7b2fffffffff,-59.332356393681415,100.2132703550492,1,False,False
83a7b3fffffffff,-58.8444944116174,98.71879083245038,1,False,False
83a7b4fffffffff,-60.68602816919384,98.01056084226266,1,False,False
83a7b5fffffffff,-60.158875340483256,96.49830726004144,1,False,False
83a7b6fffffffff,-60.26172422256583,99.91676340633818,1,False,False
83a800fffffffff,-23.09455903253724,-8.711543637896348,1,False,False
83a801fffffffff,-22.39344646966914,-9.63439396432022,1,False,False
83a802fffffffff,-22.75956364643257,-7.609986921532036,1,False,False
83a803fffffffff,-22.060744303434525,-8.539595722439762,1,False,False
83a804fffffffff,-24.114846613149187,-8.883886911122802,1,False,False
83a805fffffffff,-23.41853142642478,-9.807071900345504,1,False,False
83a806fffffffff,-23.7884546750129,-7.78148146712281,1,False,False
83a808fffffffff,-20.64345519372751,-10.377090158654664,1,False,False
83a809fffffffff,-19.9264610080421,-11.284214777731195,1,False,False
83a80afffffffff,-20.30405250866585,-9.29017360257124,1,False,False
83a80bfffffffff,-19.588653113625057,-10.204899590494426,1,False,False
83a80cfffffffff,-21.68583155963875,-10.549642940953015,1,False,False
83a80dfffffffff,-20.972446388807857,-11.456922956252766,1,False,False
83a80efffffffff,-21.355131541380647,-9.462093909395437,1,False,False
83a811fffffffff,-22.41365912975745,-6.503172348423718,1,False,False
83a813fffffffff,-22.05699773925684,-5.391893563663106,1,False,False
83a815fffffffff,-23.45087931094929,-6.673679847250689,1,False,False
83a818fffffffff,-20.662104447224262,-7.268241856789409,1,False,False
83a819fffffffff,-19.95435615929416,-8.196892839125555,1,False,False
83a81afffffffff,-20.30007152742044,-6.163455573487365,1,False,False
83a81bfffffffff,-19.59452084020811,-7.097994382704534,1,False,False
83a81cfffffffff,-21.71729068359893,-7.43890653774547,1,False,False
83a81dfffffffff,-21.013846416758,-8.368044892437384,1,False,False
83a81efffffffff,-21.36322535556014,-6.333097142569059,1,False,False
83a820fffffffff,-25.42737857461746,-10.153553769340668,1,False,False
83a821fffffffff,-24.73376405040247,-11.069454441965044,1,False,False
83a822fffffffff,-25.121209473990103,-9.056623777864438,1,False,False
83a823fffffffff,-24.42996677125069,-9.98012581481527,1,False,False
83a824fffffffff,-26.41043781075004,-10.327353789729326,1,False,False
83a825fffffffff,-25.722023002852342,-11.243435777018888,1,False,False
83a826fffffffff,-26.11329577785472,-9.229752437180233,1,False,False
83a828fffffffff,-23.02622462387926,-11.803364464225668,1,False,False
83a829fffffffff,-22.3151461975761,-12.70239737766254,1,False,False
83a82afffffffff,-22.71529507036308,-10.72255594161572,1,False,False
83a82bfffffffff,-22.0058550237029,-11.629973567462116,1,False,False
83a82cfffffffff,-24.03313813652296,-11.977093466026954,1,False,False
83a82dfffffffff,-23.32620500792016,-12.876132907799144,1,False,False
83a82efffffffff,-23.73140447055075,-10.895827130282036,1,False,False
83a831fffffffff,-24.80354212653137,-7.953388596338427,1,False,False
83a840fffffffff,-18.076250602386573,-14.99978894645624,1,False,False
83a841fffffffff,-17.345348138333605,-15.862500319920704,1,False,False
83a842fffffffff,-17.75118764598197,-13.9549953953654,1,False,False
83a843fffffffff,-17.02056409044793,-14.827382933252114,1,False,False
83a844fffffffff,-19.120871472052663,-15.17246620368558,1,False,False
83a845fffffffff,-18.391587446169588,-16.034867613162106,1,False,False
83a846fffffffff,-18.805175433488568,-14.12761005814068,1,False,False
83a848fffffffff,-15.55562360921419,-16.543772219284833,1,False,False
83a849fffffffff,-14.822817147984964,-17.38732707259532,1,False,False
83a84afffffffff,-15.221506062799206,-15.518529393739302,1,False,False
83a84bfffffffff,-14.488400638704343,-16.372270623303248,1,False,False
83a84cfffffffff,-16.61322651258119,-16.71551277923862,1,False,True
83a84dfffffffff,-15.88063557587364,-17.55861728652841,1,False,False
83a84efffffffff,-16.288455888105904,-15.69038673358986,1,False,False
83a850fffffffff,-18.14408148029565,-12.010678420132235,1,False,False
83a851fffffffff,-17.416452789811967,-12.901053787760231,1,False,False
83a852fffffffff,-17.798835965225216,-10.93983414039773,1,False,False
83a853fffffffff,-17.07213251827443,-11.838565655513287,1,False,False
83a854fffffffff,-19.20490686256237,-12.183120179404186,1,False,False
83a855fffffffff,-18.47955890318818,-13.073481218424018,1,False,False
83a856fffffffff,-18.86840656611308,-11.111851145651409,1,False,False
83a858fffffffff,-15.61111186093204,-13.610642457344278,1,False,False
83a859fffffffff,-14.878355952392866,-14.483394515525266,1,False,False
83a85afffffffff,-15.25872347255303,-12.557135193989255,1,False,False
83a85bfffffffff,-14.526277151931982,-13.438908898204415,1,False,False
83a85cfffffffff,-16.68629777461589,-13.782672070871817,1,False,False
83a85dfffffffff,-15.954392121389215,-14.6552506401295,1,False,False
83a85efffffffff,-16.342630308802097,-12.728937694476055,1,False,False
83a860fffffffff,-20.44993056883143,-16.380353032936878,1,False,False
83a861fffffffff,-19.72242129920926,-17.23214219556966,1,False,False
83a862fffffffff,-20.153888509614365,-15.345412201377773,1,False,False
83a863fffffffff,-19.42661925469142,-16.20748604788337,1,False,False
83a864fffffffff,-21.4610503722026,-16.553465951608086,1,False,False
83a865fffffffff,-20.73585131076423,-17.404812443830043,1,False,False
83a866fffffffff,-21.174806094112306,-15.518624408583866,1,False,False
83a868fffffffff,-17.966300281796826,-17.901852896008844,1,False,True
83a869fffffffff,-17.23473252425888,-18.73376332744629,1,False,True
83a86afffffffff,-17.660600150862734,-16.88748971050042,1,False,True
83a86bfffffffff,-16.9286577923485,-17.730126780375315,1,False,True
83a86cfffffffff,-18.99301871296369,-18.07379295301592,1,False,True
83a86dfffffffff,-18.26245701916529,-18.90512856160412,1,False,True
83a86efffffffff,-18.69717483310267,-17.059700396228582,1,False,False
83a870fffffffff,-20.57130739411001,-13.419260916650437,1,False,False
83a871fffffffff,-19.847697406840624,-14.30051365733008,1,False,False
83a872fffffffff,-20.25403689955396,-12.3558887446167,1,False,False
83a873fffffffff,-19.53135913567547,-13.24621770032588,1,False,False
83a874fffffffff,-21.598901561330656,-13.592608519964552,1,False,False
83a875fffffffff,-20.878232888740207,-14.473703761968912,1,False,False
83a876fffffffff,-21.29094421663476,-12.528981894982266,1,False,False
83a881fffffffff,-19.84498931370251,-1.874787711306936,1,False,False
83a888fffffffff,-18.058199995553405,-2.6619360024602,1,False,False
83a889fffffffff,-17.355562630543915,-3.609152041728846,1,False,False
83a88afffffffff,-17.65130583926009,-1.5468836616692987,1,False,False
83a88bfffffffff,-16.951219534445563,-2.4971433718468745,1,False,False
83a88cfffffffff,-19.154458849843,-2.827212352741076,1,False,False
83a88dfffffffff,-18.45629189468862,-3.775402671132978,1,False,False
83a88efffffffff,-18.7536844216021,-1.7105870982194262,1,False,False
83a899fffffffff,-17.235986568133267,-0.4310880626517108,1,False,False
83a89bfffffffff,-16.812653261507382,0.6846050056488557,1,False,False
83a89dfffffffff,-18.34401878216136,-0.5930919262481141,1,False,False
83a8a8fffffffff,-20.624010633378465,-4.109309539238003,1,False,False
83a8a9fffffffff,-19.92795169459105,-5.054478615211317,1,False,False
83a8aafffffffff,-20.239333606187657,-2.9929717929913515,1,False,False
83a8abfffffffff,-19.54598730382452,-3.942122120059203,1,False,False
83a8acfffffffff,-21.68977070552576,-4.276964042749466,1,False,False
83a8adfffffffff,-20.998726403758653,-5.222960692558858,1,False,False
83a8b2fffffffff,-22.51746930329406,1.9670563952029207,1,True,False
83a8b4fffffffff,-23.97327569362908,0.6804766289721739,1,True,False
83a8b6fffffffff,-23.57170258205809,1.807612993033328,1,True,False
83a8c0fffffffff,-15.601916786464344,-7.516304949181401,1,False,False
83a8c1fffffffff,-14.876731598478148,-8.436331150106655,1,False,False
83a8c2fffffffff,-15.212166144898188,-6.421205351245856,1,False,False
83a8c3fffffffff,-14.488446043323334,-7.347170881499532,1,False,False
83a8c4fffffffff,-16.705939199238188,-7.68584570771257,1,False,False
83a8c5fffffffff,-15.983031629227956,-8.606325953182361,1,False,False
83a8c6fffffffff,-16.323248037725207,-6.589769690975468,1,False,False
83a8c8fffffffff,-13.031887745337764,-9.17947009676018,1,False,False
83a8c9fffffffff,-12.300657250912804,-10.08501899672411,1,False,False
83a8cafffffffff,-12.637867439761283,-8.097513783378025,1,False,False
83a8cbfffffffff,-11.907508794445718,-9.009868015207443,1,False,False
83a8ccfffffffff,-14.148489634350156,-9.34944739910318,1,False,False
83a8cdfffffffff,-13.417991751132014,-10.25527282850057,1,False,False
83a8cefffffffff,-13.76141884380206,-8.266726553473736,1,False,False
83a8d0fffffffff,-15.531846284179014,-4.385079690888984,1,False,False
83a8d1fffffffff,-14.81407578065548,-5.321796717181891,1,False,False
83a8d2fffffffff,-15.123783543054948,-3.278060457139225,1,False,False
83a8d3fffffffff,-14.407976562337485,-4.218867347126132,1,False,False
83a8d4fffffffff,-16.64650486575411,-4.551747961391499,1,False,False
83a8d5fffffffff,-15.931781603977129,-5.489251241591657,1,False,False
83a8d6fffffffff,-16.24448366673765,-3.443371044769786,1,False,False
83a8d8fffffffff,-12.963402713663395,-6.085350493358248,1,False,False
83a8d9fffffffff,-12.23623423219929,-7.010128685043747,1,False,False
83a8dafffffffff,-12.553114349037395,-4.988211531120048,1,False,False
83a8dbfffffffff,-11.82732450577497,-5.918062511437421,1,False,False
83a8dcfffffffff,-14.091956790082154,-6.253065190056684,1,False,False
83a8ddfffffffff,-13.366285928776367,-7.178444980114197,1,False,False
83a8defffffffff,-13.687584821503092,-5.154783117775706,1,False,False
83a8e0fffffffff,-18.165697555725107,-8.94747952345348,1,False,False
83a8e1fffffffff,-17.443949506843516,-9.861612907031702,1,False,False
83a8e2fffffffff,-17.799795523328612,-7.855791646054563,1,False,False
83a8e3fffffffff,-17.0795844992791,-8.776709307664184,1,False,False
83a8e4fffffffff,-19.24072166055311,-9.118634875275475,1,False,False
83a8e5fffffffff,-18.52195835576641,-10.033073197705276,1,False,False
83a8e6fffffffff,-18.882811151825752,-8.026141217420852,1,False,False
83a8e8fffffffff,-15.62758037127231,-10.596848165163522,1,False,False
83a8e9fffffffff,-14.897368104182686,-11.495335704609712,1,False,False
83a8eafffffffff,-15.25652691499324,-9.519798166926645,1,False,False
83a8ebfffffffff,-14.52722051409859,-10.42588318928467,1,False,False
83a8ecfffffffff,-16.718346786254333,-10.76816580900138,1,False,False
83a8edfffffffff,-15.98967540154202,-11.66678404216712,1,False,False
83a8eefffffffff,-16.355249982710315,-9.690520610788663,1,False,False
83a8f0fffffffff,-18.13781533208768,-5.825478534790146,1,False,False
83a8f1fffffffff,-17.42446017356514,-6.758756887427928,1,False,False
83a8f2fffffffff,-17.75120430821201,-4.718871204938671,1,False,False
83a8f3fffffffff,-17.039936184877924,-5.657145567377299,1,False,False
83a8f4fffffffff,-19.224738739772544,-5.994248947724756,1,False,False
83a8f5fffffffff,-18.51510287700176,-6.928165582719203,1,False,False
83a8f6fffffffff,-18.84523984352307,-4.886448431654791,1,False,False
83a908fffffffff,-27.20090184743633,-11.03199429121902,1,False,False
83a909fffffffff,-26.540601143091227,-11.959445703783755,1,False,False
83a90afffffffff,-26.89519966958687,-9.95567017351059,1,True,False
83a90bfffffffff,-26.23741402916653,-10.890974252881495,1,False,False
83a90cfffffffff,-28.149507206211386,-11.173258584056653,1,True,False
83a90dfffffffff,-27.49474335039391,-12.100855405803502,1,False,False
83a919fffffffff,-27.09079845759977,-9.403271051332966,1,True,False
83a928fffffffff,-29.35822984538317,-12.384366712166493,1,True,False
83a929fffffffff,-28.706600008661745,-13.30350527044381,1,False,False
83a92bfffffffff,-28.43400776025658,-12.242496131541843,1,False,False
83a92dfffffffff,-29.621418297038865,-13.445631801439248,1,False,False
83a940fffffffff,-24.80341275146467,-15.722383401850555,1,False,False
83a941fffffffff,-24.417180251049203,-17.074253761998627,1,False,False
83a942fffffffff,-24.871616039096256,-15.169279602686004,1,False,False
83a943fffffffff,-24.16064729803183,-16.03983256968524,1,False,False
83a944fffffffff,-25.762289388281,-15.86376599693211,1,False,False
83a945fffffffff,-25.07871407964241,-16.745125567578146,1,False,False
83a946fffffffff,-25.48577327604169,-14.830978034840504,1,False,False
83a948fffffffff,-22.725515454787377,-17.750827510202424,1,False,False
83a949fffffffff,-22.002787852752025,-18.59086963789312,1,False,False
83a94afffffffff,-22.4595497260608,-16.72682216177162,1,False,False
83a94bfffffffff,-21.737017922873765,-17.577708452653148,1,False,False
83a94cfffffffff,-23.70097917997957,-17.924166881349773,1,False,False
83a94dfffffffff,-22.981170445926026,-18.763638217318736,1,False,False
83a94efffffffff,-23.44504157054796,-16.90041899605339,1,False,False
83a950fffffffff,-25.30736360827589,-13.22455481114062,1,False,False
83a951fffffffff,-24.60320008133792,-14.114453719615163,1,False,False
83a952fffffffff,-25.026223272398223,-12.151158358970012,1,False,False
83a953fffffffff,-24.323727297499865,-13.050186168551424,1,False,False
83a954fffffffff,-25.87275698918756,-12.878428770816273,1,False,False
83a955fffffffff,-25.19802552454964,-13.788592761709888,1,False,False
83a956fffffffff,-26.00515174879516,-12.32555689578972,1,False,False
83a958fffffffff,-22.901478952875,-14.820933618811871,1,False,False
83a959fffffffff,-22.183171412828173,-15.692100267094254,1,False,False
83a95afffffffff,-22.61368370397757,-13.766258132280372,1,False,False
83a95bfffffffff,-21.89630464665368,-14.647177912087852,1,False,False
83a95cfffffffff,-23.89336533467458,-14.994968364465729,1,False,False
83a95dfffffffff,-23.17857438581625,-15.865837191570808,1,False,False
83a95efffffffff,-23.61523995305632,-13.940207345124692,1,False,False
83a960fffffffff,-26.96251084838548,-17.027896015370054,1,False,False
83a961fffffffff,-26.28209116133598,-17.89846764738053,1,False,False
83a962fffffffff,-26.706987923717847,-16.005329563229136,1,False,False
83a963fffffffff,-26.02768359163961,-16.88642703337344,1,False,False
83a964fffffffff,-27.883006392468907,-17.169531083667827,1,False,False
83a965fffffffff,-27.206993194974025,-18.03974805973558,1,False,False
83a966fffffffff,-27.63730139496172,-16.147072716749612,1,False,False
83a968fffffffff,-24.6539069048158,-18.6178527150464,1,False,False
83a969fffffffff,-24.14261116580332,-19.46471050386766,1,False,False
83a96afffffffff,-24.39022366426927,-17.616370691581604,1,False,False
83a96bfffffffff,-23.697503887625626,-18.47727860173073,1,False,False
83a96cfffffffff,-25.64530532144522,-18.7558980823394,1,False,False
83a96dfffffffff,-25.14419155383799,-19.60607866297745,1,False,False
83a96efffffffff,-25.343098361476795,-17.75734137216766,1,False,False
83a970fffffffff,-27.111985952840133,-14.071716583156984,1,False,False
83a971fffffffff,-26.440270071020606,-14.972539083844868,1,False,False
83a972fffffffff,-26.83210335786332,-13.019902518897393,1,False,False
83a973fffffffff,-26.162227461808783,-13.93005136090228,1,False,False
83a974fffffffff,-28.047095934153432,-14.213587145627962,1,False,False
83a975fffffffff,-27.38034422751453,-15.114293251126616,1,False,False
83a976fffffffff,-27.77677928504392,-13.161595095108808,1,False,False
83a983fffffffff,-26.771835458443487,-1.907466295263311,1,True,False
83a998fffffffff,-25.392228687600728,-0.6114599704268932,1,True,False
83a99afffffffff,-25.007786677152005,0.5185042683755781,1,True,False
83ac82fffffffff,-30.363230133715955,-2.027879342448208,1,False,False
83ac90fffffffff,-30.99077997920853,0.1269257072660071,1,False,False
83ac91fffffffff,-30.13347020907481,-0.7423145534125355,1,False,False
83ac92fffffffff,-30.739982414164945,1.431762175026039,1,False,False
83ac93fffffffff,-29.889523810035875,0.545966395036271,1,False,False
83ac94fffffffff,-32.09110188214244,-0.3020759386058604,1,False,False
83ac95fffffffff,-31.226885113621407,-1.1760241076703677,1,False,False
83ac96fffffffff,-31.848088173934503,1.0181150261646603,1,False,False
83ac98fffffffff,-28.19107202712558,-1.1618910794448043,1,False,False
83ac99fffffffff,-27.345050944201613,-1.984740368878592,1,False,False
83ac9afffffffff,-27.946107206089163,0.0958373461418609,1,False,False
83ac9bfffffffff,-27.105834029355663,-0.7432146813056678,1,False,False
83ac9cfffffffff,-29.27719217579915,-1.5900211711935743,1,False,False
83ac9efffffffff,-29.039551196967928,-0.318456413769931,1,False,False
83acb0fffffffff,-33.408259332879446,-2.074190655863384,1,False,False
83acb1fffffffff,-32.531164987315705,-2.933917887344036,1,False,False
83acb2fffffffff,-33.1894933414176,-0.7413481258354404,1,False,False
83acb3fffffffff,-32.318810530030234,-1.6198810907414494,1,False,False
83acb4fffffffff,-34.494247157865296,-2.539267237346283,1,False,False
83acb5fffffffff,-33.61110932888334,-3.4026877423128417,1,False,False
83acb6fffffffff,-34.28495867561478,-1.1912106059337917,1,False,False
83ad80fffffffff,-38.023631423521394,-6.769086057442385,1,False,False
83ad81fffffffff,-37.11414211973726,-7.596139426106608,1,False,False
83ad82fffffffff,-37.88155560033412,-5.390035841366521,1,False,False
83ad83fffffffff,-36.977223436663785,-6.240570997650573,1,False,False
83ad84fffffffff,-39.0618908925322,-7.309874912003349,1,False,False
83ad85fffffffff,-38.14825233087795,-8.138034115191825,1,False,False
83ad86fffffffff,-38.93214430512429,-5.916579977496918,1,False,False
83ad90fffffffff,-38.61791483685742,-3.10332554591204,1,False,False
83ad91fffffffff,-37.72173516160469,-4.002384995335511,1,False,False
83ad92fffffffff,-38.43295141197667,-1.6866232672493615,1,False,False
83ad93fffffffff,-37.5439435915638,-2.607694103387643,1,False,False
83ad94fffffffff,-39.684144349092655,-3.611305160273283,1,False,False
83ad95fffffffff,-38.78424372602584,-4.513863274467936,1,False,False
83ad96fffffffff,-39.51061232742228,-2.17784081873988,1,False,False
83ad98fffffffff,-35.758100855318524,-4.373264522199023,1,False,False
83ad99fffffffff,-34.86353485657592,-5.21906419802511,1,False,False
83ad9afffffffff,-35.57579685155171,-3.015434671380714,1,False,False
83ad9bfffffffff,-34.68707521477643,-3.882364781989986,1,False,False
83ad9cfffffffff,-36.823237929520175,-4.875710820662572,1,False,False
83ad9dfffffffff,-35.92355448882218,-5.724003514462056,1,False,False
83ad9efffffffff,-36.65194281096645,-3.503026291654229,1,False,False
83ada0fffffffff,-40.19001169924174,-9.25899201342134,1,False,False
83ada2fffffffff,-40.091140339292885,-7.863270354384736,1,False,False
83ada3fffffffff,-39.17382123866176,-8.692213237484413,1,False,False
83ada4fffffffff,-41.19601656657504,-9.838690290816258,1,False,False
83ada6fffffffff,-41.11054734101153,-8.429611460225763,1,False,False
83adb0fffffffff,-40.88380927743973,-5.57463640309956,1,False,False
83adb1fffffffff,-39.97411928181969,-6.455691727261045,1,False,False
83adb2fffffffff,-40.74173027656762,-4.132017312877287,1,False,False
83adb3fffffffff,-39.838561739851926,-5.037823207253135,1,False,False
83adb4fffffffff,-41.91913635561953,-6.124683894660373,1,False,False
83adb5fffffffff,-41.00662379685342,-7.007727516356501,1,False,False
83adb6fffffffff,-41.78979958652211,-4.6658574610009245,1,False,False
83b240fffffffff,-27.58225991516974,-22.814144951320053,1,False,False
83b241fffffffff,-28.083894474983783,-21.9295230228542,1,False,False
83b243fffffffff,-28.55974433414569,-22.970167604883493,1,False,False
83b244fffffffff,-26.593086129267792,-22.659089508354224,1,False,False
83b245fffffffff,-27.104804793129272,-21.777791111448856,1,False,False
83b246fffffffff,-27.066640922173253,-23.705090871150706,1,False,False
83b248fffffffff,-29.528836568053176,-21.20090118737444,1,False,False
83b249fffffffff,-29.99249762998553,-20.32657728344851,1,False,False
83b24afffffffff,-30.00662461683,-22.23586061757039,1,False,False
83b24bfffffffff,-30.47405061538668,-21.351177146191684,1,False,False
83b24cfffffffff,-28.571596713253,-21.05157509348982,1,False,False
83b24dfffffffff,-29.04544901411224,-20.180633383537767,1,False,False
83b24efffffffff,-29.05128553155251,-22.082210569104173,1,False,False
83b25bfffffffff,-30.94289450207121,-24.34832511497141,1,False,False
83b260fffffffff,-25.113123768004897,-21.47716688463401,1,False,False
83b261fffffffff,-25.631231778132783,-20.60922650716609,1,False,False
83b262fffffffff,-25.592634204673804,-22.50499456007612,1,False,False
83b263fffffffff,-26.114405971610427,-21.627007999592152,1,False,False
83b264fffffffff,-24.10142010383641,-21.32826099711244,1,False,False
83b265fffffffff,-24.629574542816908,-20.463630566128888,1,False,False
83b266fffffffff,-24.58135250511737,-22.35185341793984,1,False,False
83b268fffffffff,-27.11668464337908,-19.89152579055525,1,False,False
83b269fffffffff,-27.59730958943167,-19.03465462215366,1,False,False
83b26afffffffff,-27.602664402717625,-20.903191896504016,1,False,False
83b26bfffffffff,-28.086728586794536,-20.035618553637093,1,False,False
83b26cfffffffff,-26.13569989676441,-19.74834813322004,1,False,False
83b26dfffffffff,-26.62658270561993,-18.89482974691477,1,False,False
83b26efffffffff,-26.622408136614265,-20.75574466550861,1,False,False
83b273fffffffff,-26.81451237086639,-23.956691751999145,1,False,False
83b329fffffffff,-16.568480673720572,-24.28706351540028,1,False,False
83b32bfffffffff,-16.999657438555722,-25.340915432708893,1,False,False
83b32cfffffffff,-14.806480580169428,-24.95384733148504,1,False,False
83b32dfffffffff,-15.476713653803408,-24.097227632769343,1,False,False
83b330fffffffff,-13.554801534211256,-29.71958139421264,1,False,False
83b331fffffffff,-14.26524197085428,-28.83653461861063,1,False,False
83b334fffffffff,-12.427039729048593,-29.51079310040418,1,False,False
83b335fffffffff,-13.143428723661875,-28.630537836059027,1,False,False
83b336fffffffff,-12.834629034545229,-30.60549242818939,1,False,False
83b340fffffffff,-20.59637098431332,-22.10397819165082,1,False,True
83b341fffffffff,-21.191239906434788,-21.260269691339985,1,False,False
83b342fffffffff,-21.04225496139391,-23.140609393215588,1,False,True
83b343fffffffff,-21.64104674243442,-22.2875661827462,1,False,False
83b344fffffffff,-19.54361653025414,-21.921531642410528,1,False,True
83b345fffffffff,-20.14775603233745,-21.081132127529624,1,False,True
83b346fffffffff,-19.988336149975144,-22.95374257314769,1,False,True
83b348fffffffff,-22.79843175253568,-20.599835503103456,1,False,False
83b349fffffffff,-23.35687618400893,-19.765738125487434,1,False,False
83b34afffffffff,-23.07979270090952,-21.180283601267924,1,False,False
83b34bfffffffff,-23.617910747145185,-20.31895002543334,1,False,False
83b34cfffffffff,-21.77282576082344,-20.42291443062541,1,False,False
83b34dfffffffff,-22.34104923853652,-19.5921944586222,1,False,False
83b34efffffffff,-22.226469976663672,-21.440540640898167,1,False,False
83b351fffffffff,-21.65819026307925,-23.19335440381385,1,False,True
83b355fffffffff,-20.430226459423835,-23.999352556931136,1,False,False
83b358fffffffff,-23.004525673819177,-23.0774979099099,1,False,False
83b359fffffffff,-23.559726313815563,-22.199659421429786,1,False,False
83b35cfffffffff,-21.96342037531948,-22.922994455179595,1,False,True
83b35dfffffffff,-22.52827734675377,-22.048405938697712,1,False,False
83b35efffffffff,-22.709679054305948,-23.344104718763614,1,False,True
83b360fffffffff,-18.038584607959294,-20.726228417312782,1,False,True
83b361fffffffff,-18.64800964916626,-19.89886543595374,1,False,True
83b362fffffffff,-18.48344037464276,-21.740219588381084,1,False,True
83b363fffffffff,-19.096650334362245,-20.90312076373328,1,False,True
83b364fffffffff,-16.974248418368987,-20.550447910316286,1,False,True
83b365fffffffff,-17.592526546381478,-19.72639588808176,1,False,True
83b366fffffffff,-17.41652915517047,-21.56003507815113,1,False,True
83b368fffffffff,-20.28433929369549,-19.248439303225062,1,False,False
83b369fffffffff,-21.0117062376089,-18.41830405921609,1,False,False
83b36afffffffff,-20.73881031308716,-20.24711732566688,1,False,False
83b36bfffffffff,-21.31667604510772,-19.419764045955443,1,False,False
83b36cfffffffff,-19.27915261555391,-19.076688137099303,1,False,True
83b36dfffffffff,-20.0083086987024,-18.24594424888784,1,False,False
83b36efffffffff,-19.696992591285337,-20.0724367899766,1,False,True
83b370fffffffff,-18.2966898079494,-23.62030175184108,1,False,False
83b371fffffffff,-18.92653372542517,-22.768023825678696,1,False,False
83b372fffffffff,-18.733437166347663,-24.67017534361742,1,False,False
83b373fffffffff,-19.367292196184465,-23.80925054481636,1,False,False
83b374fffffffff,-17.219126558878024,-23.432499788592825,1,False,False
83b375fffffffff,-17.857529813293773,-22.583446469708072,1,False,False
83b376fffffffff,-17.65430872524546,-24.478044051730897,1,False,False
83b800fffffffff,-68.30174043465078,106.32715509266842,1,False,False
83b801fffffffff,-67.78356066753092,103.93866354542686,1,False,False
83b802fffffffff,-67.72359024859973,108.83542136645907,1,False,False
83b803fffffffff,-67.24511516578387,106.43157130646014,1,False,False
83b804fffffffff,-69.36932981429813,106.21133339809316,1,False,False
83b805fffffffff,-68.83890573528008,103.6999889109716,1,False,False
83b806fffffffff,-68.79021830289473,108.8561302052406,1,False,False
83b808fffffffff,-66.2090528915704,102.0011547133255,1,False,False
83b809fffffffff,-65.65854409179525,99.96724381843592,1,False,False
83b80afffffffff,-65.70593970564127,104.35069958283846,1,False,False
83b80bfffffffff,-65.18954334453365,102.28760223917033,1,False,False
83b80cfffffffff,-67.23969948584345,101.68689383293751,1,False,False
83b80dfffffffff,-66.67391383662961,99.56681152130956,1,False,False
83b80efffffffff,-66.73905156385128,104.1545286653972,1,False,False
83b810fffffffff,-67.5140412723405,113.7471907539932,1,False,False
83b811fffffffff,-67.10763102942799,111.22371903399988,1,False,False
83b812fffffffff,-66.82391695278916,115.9969346874861,1,False,False
83b813fffffffff,-66.45705073980176,113.49274358250857,1,False,False
83b814fffffffff,-68.58220714317868,114.02857702676046,1,False,False
83b815fffffffff,-68.17062377987011,111.367791590048,1,False,False
83b816fffffffff,-67.88389950674521,116.3852847246145,1,False,False
83b818fffffffff,-65.62517829217143,108.79971297635348,1,False,False
83b819fffffffff,-65.16691099363284,106.6123199669218,1,False,False
83b81afffffffff,-65.01725343669179,110.97435785714065,1,False,False
83b81bfffffffff,-64.59439320113958,108.78421180907569,1,False,False
83b81cfffffffff,-66.66840319192362,108.81670727886114,1,False,False
83b81dfffffffff,-66.20000366629739,106.52618710205802,1,False,False
83b81efffffffff,-66.05633422101822,111.09318129937311,1,False,False
83b820fffffffff,-70.97959480732251,103.13808786892018,1,False,False
83b821fffffffff,-70.39224705409372,100.53011986623106,1,False,False
83b822fffffffff,-70.44728903148454,106.08213064029944,1,False,False
83b823fffffffff,-69.9044732003685,103.4346976042756,1,False,False
83b824fffffffff,-72.06354437552588,102.8042851072954,1,False,False
83b825fffffffff,-71.4608901112479,100.05189731718164,1,False,False
83b826fffffffff,-71.53497931889883,105.93708732616962,1,False,False
83b828fffffffff,-68.73438991278861,98.64187973604996,1,False,False
83b829fffffffff,-68.11588201454971,96.48046027415369,1,False,False
83b82afffffffff,-68.2808935665721,101.34058398170416,1,False,False
83b82bfffffffff,-67.69942929122202,99.12703599049011,1,False,False
83b82cfffffffff,-69.77801289902023,98.10401805915392,1,False,False
83b82dfffffffff,-69.14151426497145,95.849233604103,1,False,False
83b82efffffffff,-69.33198289520838,100.9570887800421,1,False,False
83b830fffffffff,-70.32937682269431,111.70592521794804,1,False,False
83b831fffffffff,-69.86772306165594,108.87917067685504,1,False,False
83b832fffffffff,-69.6608934557447,114.3414037008625,1,False,False
83b833fffffffff,-69.24474451330012,111.52761696202296,1,False,False
83b834fffffffff,-71.42385523308036,111.9061151388767,1,False,False
83b835fffffffff,-70.95549781504688,108.90496004499768,1,False,False
83b836fffffffff,-70.74938205791179,114.691229802284,1,False,False
83b840fffffffff,-64.25672791844012,92.2785953988492,1,False,False
83b841fffffffff,-63.62776392199548,90.72111356799464,1,False,False
83b842fffffffff,-63.91450325218125,94.5304837068076,1,False,False
83b843fffffffff,-63.31125515152623,92.92099722094262,1,False,False
83b844fffffffff,-65.21026634694756,91.58234527143388,1,False,False
83b845fffffffff,-64.56213642887151,89.98408759430235,1,False,False
83b846fffffffff,-64.87832172134857,93.9351634092254,1,False,False
83b848fffffffff,-62.085496394574186,89.97154156479664,1,False,False
83b849fffffffff,-61.46675007508747,88.62043043131153,1,False,False
83b84afffffffff,-61.78241418404805,92.03620438421332,1,False,False
83b84bfffffffff,-61.18527631505161,90.63714893724584,1,False,False
83b84cfffffffff,-62.99354924447224,89.25619198840619,1,False,False
83b84dfffffffff,-62.35597608774851,87.8775712389379,1,False,False
83b84efffffffff,-62.70092469626093,91.40323899744904,1,False,False
83b850fffffffff,-64.1020682668235,98.48375553683204,1,False,False
83b851fffffffff,-63.53660524730295,96.73418214528652,1,False,False
83b852fffffffff,-63.660681765212445,100.66934168090644,1,False,False
83b853fffffffff,-63.12435933491282,98.8849236898451,1,False,False
83b854fffffffff,-65.09070525594785,98.04783775656313,1,False,False
83b855fffffffff,-64.50846529621829,96.2374904707278,1,False,False
83b856fffffffff,-64.65394684395925,100.33335204560396,1,False,False
83b858fffffffff,-62.01557051056345,95.5879910898104,1,False,False
83b859fffffffff,-61.44750074221033,94.06693280642914,1,False,False
83b85afffffffff,-61.62487127313991,97.61679269501136,1,False,False
83b85bfffffffff,-61.08168319244952,96.0595902948159,1,False,False
83b85cfffffffff,-62.960035127730286,95.07974062117783,1,False,False
83b85dfffffffff,-62.37461984337202,93.51542080274668,1,False,False
83b85efffffffff,-62.5752241794636,97.19254294394176,1,False,False
83b860fffffffff,-66.44974385234974,88.3177571539195,1,False,False
83b861fffffffff,-65.75601691452955,86.75207458238177,1,False,False
83b862fffffffff,-66.17099357513564,90.82541414887402,1,False,False
83b863fffffffff,-65.50313861657116,89.18553141364777,1,False,False
83b864fffffffff,-67.40078424154405,87.37181273536031,1,False,False
83b865fffffffff,-66.68610414103713,85.773490058757,1,False,False
83b866fffffffff,-67.13791292702419,89.99981011019267,1,False,False
83b868fffffffff,-64.15309263296602,86.22040980673854,1,False,False
83b869fffffffff,-63.47491398233324,84.87916506072409,1,False,False
83b86afffffffff,-63.908622352157685,88.48555801186947,1,False,False
83b86bfffffffff,-63.25173450315177,87.07957383617057,1,False,False
83b86cfffffffff,-65.05899427905246,85.2932010546533,1,False,False
83b86dfffffffff,-64.36065512960904,83.93227811324374,1,False,False
83b86efffffffff,-64.82979364784224,87.65328734001841,1,False,False
83b870fffffffff,-66.48104508290838,95.1085151186074,1,False,False
83b871fffffffff,-65.85074869440463,93.28787782649512,1,False,False
83b872fffffffff,-66.08967864901734,97.57250859637652,1,False,False
83b873fffffffff,-65.49018070619773,95.69753489760876,1,False,False
83b874fffffffff,-67.48025898393217,94.46356872764014,1,False,False
83b875fffffffff,-66.83094227701893,92.58170157036184,1,False,False
83b876fffffffff,-67.09832132553089,97.05224552272996,1,False,False
83b880fffffffff,-63.570258572198455,121.43351429993857,1,False,False
83b881fffffffff,-63.31233354551802,119.13994451379608,1,False,False
83b882fffffffff,-62.79197032315095,123.15611073979304,1,False,False
83b883fffffffff,-62.56631595020551,120.90159177751742,1,False,False
83b884fffffffff,-64.58517208134543,122.01201047795185,1,False,False
83b885fffffffff,-64.32869240044248,119.610664682213,1,False,False
83b886fffffffff,-63.79305508535041,123.79049632863256,1,False,False
83b888fffffffff,-62.0189580408114,116.57587525905625,1,False,False
83b889fffffffff,-61.70176701583838,114.51140394226552,1,False,False
83b88afffffffff,-61.31596873867133,118.30724125886702,1,False,False
83b88bfffffffff,-61.029402143270005,116.26329882495268,1,False,False
83b88cfffffffff,-63.02166067664422,116.9143029558333,1,False,False
83b88dfffffffff,-62.70069303470509,114.76002546413126,1,False,False
83b88efffffffff,-62.30790245043757,118.70690550257278,1,False,False
83b890fffffffff,-62.15678921361856,127.04370919829395,1,False,False
83b891fffffffff,-61.99640005817364,124.78363514192824,1,False,False
83b892fffffffff,-61.31764792242163,128.5305753844219,1,False,False
83b893fffffffff,-61.18597425780428,126.32132811279828,1,False,False
83b894fffffffff,-63.13660222553987,127.82460832208216,1,False,False
83b895fffffffff,-62.9827319007928,125.46568982164756,1,False,False
83b896fffffffff,-62.28093165827303,129.34559983051827,1,False,False
83b898fffffffff,-60.82241988444617,122.02995001957474,1,False,False
83b899fffffffff,-60.594018807859165,119.95693775949752,1,False,False
83b89afffffffff,-60.05530890084863,123.56780520685425,1,False,False
83b89bfffffffff,-59.85531506799282,121.52806225143574,1,False,False
83b89cfffffffff,-61.80151579439286,122.5710731515398,1,False,False
83b89dfffffffff,-61.574035330503854,120.41091779853596,1,False,False
83b89efffffffff,-61.02033880599489,124.15281596421502,1,False,False
83b8a0fffffffff,-66.39450151625216,120.6863621650191,1,False,False
83b8a1fffffffff,-66.1036035719744,118.12095373703546,1,False,False
83b8a2fffffffff,-65.61026603181577,122.64334203829743,1,False,False
83b8a3fffffffff,-65.35632845940293,120.12413526720304,1,False,False
83b8a4fffffffff,-67.44237094624795,121.30451044018052,1,False,False
83b8a5fffffffff,-67.15349222973093,118.60256506096556,1,False,False
83b8a6fffffffff,-66.64463800978004,123.3349170385955,1,False,False
83b8a8fffffffff,-64.7377879110205,115.32356539066402,1,False,False
83b8a9fffffffff,-64.37892055234592,113.0505747439209,1,False,False
83b8aafffffffff,-64.03703925121673,117.28190040351608,1,False,False
83b8abfffffffff,-63.7128495620683,115.02980976701402,1,False,False
83b8acfffffffff,-65.77500049786913,115.64461805280573,1,False,False
83b8adfffffffff,-65.4118309118628,113.26155237539685,1,False,False
83b8aefffffffff,-65.06455660221414,117.68257415328144,1,False,False
83b8b0fffffffff,-64.98258081172897,127.00968353764657,1,False,False
83b8b1fffffffff,-64.8039342777475,124.4805713620068,1,False,False
83b8b2fffffffff,-64.12437421683588,128.6711074220871,1,False,False
83b8b3fffffffff,-63.97845983191647,126.2052671196307,1,False,False
83b8b4fffffffff,-65.99394523441076,127.88749344785552,1,False,False
83b8b5fffffffff,-65.82365070877633,125.23377611995257,1,False,False
83b8b6fffffffff,-65.11891439297912,129.59141428552752,1,False,False
83b8c0fffffffff,-61.16328554435878,106.89136465811592,1,False,False
83b8c1fffffffff,-60.72754780345956,105.11286537840095,1,False,False
83b8c2fffffffff,-60.60368698577083,108.73379108949284,1,False,False
83b8c3fffffffff,-60.19632731880153,106.94835077714126,1,False,False
83b8c4fffffffff,-62.14413308214525,106.82987420014904,1,False,False
83b8c5fffffffff,-61.69696133061669,104.98397092765792,1,False,False
83b8c6fffffffff,-61.580801831349575,108.7449284536936,1,False,False
83b8c8fffffffff,-59.33242367258972,103.5852021108333,1,False,False
83b8c9fffffffff,-58.87983572601323,102.00494148870165,1,False,False
83b8cafffffffff,-58.83024933698718,105.34388895072192,1,False,False
83b8cbfffffffff,-58.40286323016864,103.7502314550637,1,False,False
83b8ccfffffffff,-60.27578058572463,103.40818386399762,1,False,False
83b8cdfffffffff,-59.81006355937151,101.77565184009497,1,False,False
83b8cefffffffff,-59.771896614194624,105.23251854732568,1,False,False
83b8d0fffffffff,-60.37929849082024,112.36374242960784,1,False,False
83b8d1fffffffff,-60.02003180150009,110.51089799348686,1,False,False
83b8d2fffffffff,-59.7451268949504,114.06844317322296,1,False,False
83b8d3fffffffff,-59.4141953347897,112.22285984770926,1,False,False
83b8d4fffffffff,-61.35863452921614,112.5155267430836,1,False,False
83b8d5fffffffff,-60.99185534886796,110.58948157557909,1,False,False
83b8d6fffffffff,-60.716464703301135,114.28155741895884,1,False,False
83b8d8fffffffff,-58.69223492364125,108.7138396232645,1,False,False
83b8d9fffffffff,-58.2931013173737,106.96088258044657,1,False,False
83b8dafffffffff,-58.07837900993242,110.0347407472062,1,False,False
83b8dbfffffffff,-57.69696600997489,108.27578670099628,1,False,False
83b8dcfffffffff,-59.64075618645259,108.72345603970096,1,False,False
83b8ddfffffffff,-59.2435072812735,107.00130990094983,1,False,False
83b8defffffffff,-59.06258438683948,110.43787256069926,1,False,False
83b8e0fffffffff,-63.67590265512744,104.69382395656994,1,False,False
83b8e1fffffffff,-63.18600516786229,102.79058140651574,1,False,False
83b8e2fffffffff,-63.1385807401008,106.7633235354166,1,False,False
83b8e3fffffffff,-62.679854660131824,104.84472305047984,1,False,False
83b8e4fffffffff,-64.68473600489365,104.5297498503619,1,False,False
83b8e5fffffffff,-64.1817020148227,102.54975972855917,1,False,False
83b8e6fffffffff,-64.14629780075194,106.69106143801896,1,False,False
83b8e8fffffffff,-61.7100823864515,101.26462865639962,1,False,False
83b8e9fffffffff,-61.20375570236936,99.5982794306277,1,False,False
83b8eafffffffff,-61.23269289840289,103.21782481363516,1,False,False
83b8ebfffffffff,-60.75357569628833,101.52951967464564,1,False,False
83b8ecfffffffff,-62.67924675650192,100.97876201865164,1,False,False
83b8edfffffffff,-62.15810164601179,99.2553030612014,1,False,False
83b8eefffffffff,-62.20287712687605,103.01256250263948,1,False,False
83b8f0fffffffff,-62.97758477969958,110.76606906422454,1,False,False
83b8f1fffffffff,-62.57183554233608,108.75696533017218,1,False,False
83b8f2fffffffff,-62.35191469979935,112.67952670780316,1,False,False
83b8f3fffffffff,-61.97780398603632,110.67428264609748,1,False,False
83b8f4fffffffff,-63.99086151074383,110.86574047994176,1,False,False
83b8f5fffffffff,-63.57648201658615,108.7700152776059,1,False,False
83b8f6fffffffff,-63.35880427106268,112.85727578836492,1,False,False
83b900fffffffff,-75.96872296166843,105.12140523253238,1,False,False
83b901fffffffff,-75.36011639007204,101.49398020946174,1,False,False
83b902fffffffff,-75.39574804311246,109.04852837673674,1,False,False
83b903fffffffff,-74.8493840826916,105.37125242116603,1,False,False
83b906fffffffff,-76.52438251219155,109.09967582775305,1,False,False
83b908fffffffff,-73.61968674503575,98.9001326036794,1,False,False
83b90afffffffff,-73.1555331899935,102.4258533228804,1,False,False
83b90bfffffffff,-72.53703051141822,99.51268354027758,1,False,False
83b90efffffffff,-74.25470316396733,101.99324185429158,1,False,False
83b910fffffffff,-75.18443386461877,116.63131321135118,1,False,False
83b911fffffffff,-74.75895448713868,112.68725102694314,1,False,False
83b912fffffffff,-74.43008459534653,119.91268540718588,1,False,False
83b913fffffffff,-74.06541041783517,116.04203340383388,1,False,False
83b914fffffffff,-76.30844178618769,117.31893147758224,1,False,False
83b915fffffffff,-75.88513723998662,113.03222474175166,1,False,False
83b916fffffffff,-75.54217873417952,120.82461675226378,1,False,False
83b918fffffffff,-73.15922517339418,108.96701976499828,1,False,False
83b919fffffffff,-72.6317175824501,105.77310233715544,1,False,False
83b91afffffffff,-72.5274643559937,112.13247201755756,1,False,False
83b91bfffffffff,-72.05289450838855,108.93402145020308,1,False,False
83b91cfffffffff,-74.2737637154387,109.00481307794097,1,False,False
83b91dfffffffff,-73.73677646798618,105.58620928643488,1,False,False
83b91efffffffff,-73.6394375312544,112.3904763665437,1,False,False
83b930fffffffff,-78.15365106434334,113.9226732193074,1,False,False
83b932fffffffff,-77.43609754774347,118.13148638200316,1,False,False
83b933fffffffff,-77.01704290426004,113.43814484589716,1,False,False
83b934fffffffff,-79.29384137283289,114.51099736098158,1,False,False
83b936fffffffff,-78.56583998729946,119.10599316448148,1,False,False
83b942fffffffff,-70.8081369875549,88.97942524030496,1,False,False
83b943fffffffff,-70.06363961076109,87.00809684879377,1,False,False
83b948fffffffff,-68.55227532402608,83.54359638436948,1,False,False
83b949fffffffff,-67.79116952519794,82.01865840152915,1,False,False
83b94afffffffff,-68.35492803668426,86.33723037495525,1,False,False
83b94bfffffffff,-67.61870399028201,84.70777491398204,1,False,False
83b94dfffffffff,-68.70154991998115,80.72804897300833,1,False,False
83b94efffffffff,-69.31065137593396,85.20171931724056,1,False,False
83b950fffffffff,-71.21304113556559,94.36793152205972,1,False,False
83b951fffffffff,-70.51830979500733,92.10288186506756,1,False,False
83b952fffffffff,-70.8294219909952,97.50448145838192,1,False,False
83b953fffffffff,-70.17426212128149,95.14896845097805,1,False,False
83b956fffffffff,-71.88763235569847,96.8321737915555,1,False,False
83b958fffffffff,-68.81067292954064,90.95845553605578,1,False,False
83b959fffffffff,-68.10988956635192,89.09613814215832,1,False,False
83b95afffffffff,-68.48691700557143,93.75452295360502,1,False,False
83b95bfffffffff,-67.81794638879668,91.80846181162994,1,False,False
83b95cfffffffff,-69.80787894456036,90.02009032750075,1,False,False
83b95dfffffffff,-69.08562739238123,88.10329643203467,1,False,False
83b95efffffffff,-69.49999125054613,92.97157564943316,1,False,False
83b980fffffffff,-70.85191936193486,126.90918648790776,1,False,False
83b981fffffffff,-70.63392936931344,123.59020835273164,1,False,False
83b982fffffffff,-69.966394738936,129.0804205927245,1,False,False
83b983fffffffff,-69.79235475695089,125.86853184062088,1,False,False
83b984fffffffff,-71.91382641103864,128.0768743041375,1,False,False
83b985fffffffff,-71.70959689182827,124.53902318131856,1,False,False
83b986fffffffff,-71.01018989808816,130.32007870853255,1,False,False
83b988fffffffff,-69.28259626016381,119.72348955529206,1,False,False
83b989fffffffff,-68.95423729616154,116.81545223458455,1,False,False
83b98afffffffff,-68.49898208789268,121.987191956104,1,False,False
83b98bfffffffff,-68.21344746607464,119.13405552991262,1,False,False
83b98cfffffffff,-70.3599535973762,120.38074104836352,1,False,False
83b98dfffffffff,-70.03413905287367,117.29451851656542,1,False,False
83b98efffffffff,-69.56324863200506,122.7448407994018,1,False,False
83b990fffffffff,-69.13423189094972,134.2277473899156,1,False,False
83b991fffffffff,-69.05729578955118,131.07125272473695,1,False,False
83b992fffffffff,-68.16962612345874,135.93227523776972,1,False,False
83b993fffffffff,-68.1284567584494,132.89901664214815,1,False,False
83b994fffffffff,-70.13755446843236,135.69759421936266,1,False,False
83b995fffffffff,-70.08229593224912,132.3633606715972,1,False,False
83b996fffffffff,-69.15290237501968,137.4198691444015,1,False,False
83b998fffffffff,-67.88505170042052,126.96632574611186,1,False,False
83b999fffffffff,-67.68725783515751,124.09555664679844,1,False,False
83b99afffffffff,-67.01123465300255,128.84874669844487,1,False,False
83b99bfffffffff,-66.85110855065602,126.05888868692142,1,False,False
83b99cfffffffff,-68.92403621953527,127.96852325670557,1,False,False
83b99dfffffffff,-68.73694743645612,124.9358371472573,1,False,False
83b99efffffffff,-68.03293390103777,129.90530787108295,1,False,False
83b9a0fffffffff,-73.8689773762016,126.83045361284115,1,False,False
83b9a1fffffffff,-73.62929570212717,122.89779694741073,1,False,False
83b9a2fffffffff,-72.97594417812064,129.39519329176582,1,False,False
83b9a3fffffffff,-72.78859469667223,125.61088037564272,1,False,False
83b9a4fffffffff,-74.94842582225162,128.22916520097274,1,False,False
83b9a5fffffffff,-74.72655856505818,123.984389869461,1,False,False
83b9a6fffffffff,-74.03573810522568,130.89359089641,1,False,False
83b9a8fffffffff,-72.2190054243634,118.4365900563087,1,False,False
83b9a9fffffffff,-71.84688652897265,115.0850006387905,1,False,False
83b9aafffffffff,-71.44440352655461,121.11802137737618,1,False,False
83b9abfffffffff,-71.12272338248833,117.83124372684604,1,False,False
83b9acfffffffff,-73.32187803672828,119.12445086531892,1,False,False
83b9adfffffffff,-72.95254511639794,115.53150623974024,1,False,False
83b9aefffffffff,-72.53467309320517,121.95059927894792,1,False,False
83b9b0fffffffff,-72.12435993351424,135.4105065995914,1,False,False
83b9b1fffffffff,-72.05315273656085,131.70947134617313,1,False,False
83b9b2fffffffff,-71.13561508307117,137.33001722675468,1,False,False
83b9b3fffffffff,-71.1055744158683,133.80172527614027,1,False,False
83b9b4fffffffff,-73.13537059456723,137.21884722422735,1,False,False
83b9b5fffffffff,-73.0926003451698,133.27549761615674,1,False,False
83b9b6fffffffff,-72.12511873426136,139.15042231837464,1,False,False
83bc40fffffffff,-45.07426184402061,-10.831411790573531,1,False,False
83bc41fffffffff,-44.14534630324475,-11.658559703883936,1,False,False
83bc42fffffffff,-45.02593624982134,-9.352501773912518,1,False,False
83bc43fffffffff,-44.10187997940743,-10.2097857241517,1,False,False
83bc44fffffffff,-46.033157664645046,-11.467757910050157,1,False,False
83bc45fffffffff,-45.10321772026097,-12.293209075956549,1,False,False
83bc46fffffffff,-45.99940179863528,-9.97476095370945,1,False,False
83bc48fffffffff,-42.24462511342303,-11.838689908338846,1,False,False
83bc4afffffffff,-42.191061196355456,-10.43163207910024,1,False,False
83bc4bfffffffff,-41.26352518409752,-11.233456535142544,1,False,False
83bc4cfffffffff,-43.213764826501134,-12.457375479282614,1,True,False
83bc4efffffffff,-43.17440560891744,-11.038145008026056,1,False,False
83bc50fffffffff,-45.87061410023835,-6.940792305908484,1,False,False
83bc51fffffffff,-44.957599464408425,-7.85817979171333,1,False,False
83bc52fffffffff,-45.77437702334991,-5.403639693605597,1,False,False
83bc53fffffffff,-44.86866936788393,-6.3502659051986186,1,False,False
83bc55fffffffff,-45.94543247033013,-8.465155855877773,1,False,False
83bc58fffffffff,-43.03995171507091,-8.152035059023106,1,False,False
83bc59fffffffff,-42.11931125811879,-9.00924322996026,1,False,False
83bc5afffffffff,-42.94372569047989,-6.688355969390001,1,False,False
83bc5bfffffffff,-42.02883204716447,-7.573051460274777,1,False,False
83bc5cfffffffff,-44.03922616151253,-8.745056816223897,1,False,False
83bc5dfffffffff,-43.11666559080216,-9.602516158409598,1,False,False
83bc5efffffffff,-43.956795089021234,-7.266051932411762,1,False,False
83bc62fffffffff,-46.977953909081215,-12.119190522263237,1,False,False
83bc63fffffffff,-46.04739335929823,-12.94242750566492,1,False,False
83bc6afffffffff,-44.17026811262535,-13.089817602666198,1,True,False
83bc71fffffffff,-46.95898266866917,-10.61223069440278,1,False,False
83bc89fffffffff,-46.63738356697299,4.643837032302551,1,True,False
83bcc0fffffffff,-44.297869082664384,-0.22260046363341,1,False,False
83bcc1fffffffff,-43.41977572499288,-1.2444170452671557,1,False,False
83bcc2fffffffff,-44.09982923341872,1.322670676464938,1,False,False
83bcc3fffffffff,-43.23197800503601,0.2773960812957385,1,False,False
83bcc4fffffffff,-45.352606336305854,-0.7366476082276344,1,False,False
83bcc5fffffffff,-44.47354692438964,-1.7647194272890236,1,False,False
83bcc6fffffffff,-45.166578033045,0.8300740950268033,1,False,False
83bcc8fffffffff,-41.47085398086772,-1.7240784236892182,1,False,False
83bcc9fffffffff,-40.580082102192335,-2.681620046697933,1,False,False
83bccafffffffff,-41.28076176665171,-0.2449043788188509,1,False,False
83bccbfffffffff,-40.39863398195473,-1.2252531011537515,1,False,False
83bcccfffffffff,-42.5335584045403,-2.23609092433122,1,False,False
83bccdfffffffff,-41.640465925284026,-3.198368082471781,1,False,False
83bccefffffffff,-42.35523397018923,-0.7379686964349192,1,False,False
83bcd0fffffffff,-44.72540886119896,3.9661900582520015,1,True,False
83bcd1fffffffff,-43.87934302854591,2.868852027153181,1,False,False
83bcd2fffffffff,-44.470303960697024,5.530894337848559,1,True,False
83bcd3fffffffff,-43.63642528069494,4.41369369319828,1,False,False
83bcd4fffffffff,-45.80379536356956,3.505356522704241,1,True,False
83bcd5fffffffff,-44.95752354979224,2.3984693217171644,1,False,False
83bcd6fffffffff,-45.55931047743766,5.094032574088284,1,True,False
83bcd8fffffffff,-41.9350520098621,2.267272029230801,1,False,False
83bcd9fffffffff,-41.07007089998021,1.2371994672925342,1,False,False
83bcdafffffffff,-41.69312769760491,3.770267550572216,1,False,False
83bcdbfffffffff,-40.83874991286368,2.7202551374869226,1,False,False
83bcdcfffffffff,-43.0223719929325,1.801570238806261,1,False,False
83bcddfffffffff,-42.15575826336292,0.7638372162293362,1,False,False
83bcdefffffffff,-42.79092276940198,3.325951766091114,1,False,False
83bce0fffffffff,-46.54560276894482,-2.848851188027378,1,False,False
83bce1fffffffff,-45.65622532908356,-3.855774035838287,1,False,False
83bce2fffffffff,-46.39540271882099,-1.2652597091042694,1,False,False
83bce3fffffffff,-45.51574416531943,-2.2993627633163185,1,False,False
83bce5fffffffff,-46.67269890818746,-4.425132396531307,1,False,False
83bce8fffffffff,-43.73055290569381,-4.272463112221852,1,False,False
83bce9fffffffff,-42.827511026077495,-5.213232129773525,1,False,False
83bceafffffffff,-43.58589415498161,-2.7617354343904434,1,False,False
83bcebfffffffff,-42.690899712218666,-3.728504843479633,1,False,False
83bcecfffffffff,-44.758630892242245,-4.830688558275437,1,False,False
83bcedfffffffff,-43.8540577167918,-5.774558829620441,1,False,False
83bceefffffffff,-44.62704330623245,-3.3014716013007126,1,False,False
83bcf0fffffffff,-47.07989045026248,1.4157467881442225,1,False,False
83bcf1fffffffff,-46.22181006886319,0.3232603866606551,1,False,False
83bcf2fffffffff,-46.87077549858669,3.0306508643404704,1,True,False
83bcf3fffffffff,-46.02463591574159,1.9142823818645027,1,False,False
83bcf5fffffffff,-47.26475641030526,-0.1983121055345828,1,False,False
83bcf6fffffffff,-47.925579951564565,2.541505348925033,1,False,False
83be08fffffffff,-76.03160954371573,161.81996096891646,1,False,False
83be09fffffffff,-76.45054527413708,157.19381347298935,1,False,False
83be0afffffffff,-74.85962599470429,162.36497671070907,1,False,False
83be0bfffffffff,-75.29350245117206,158.1119387876495,1,False,False
83be0cfffffffff,-76.70861658090035,165.9220833109796,1,False,False
83be0dfffffffff,-77.20166526737452,161.17762521479,1,False,False
83be0efffffffff,-75.52930361872573,166.16594754688467,1,False,False
83be18fffffffff,-73.17108185721098,166.55300731801242,1,False,False
83be19fffffffff,-73.68701664174085,162.83315255164516,1,False,False
83be1afffffffff,-71.99424910399439,166.70915660187643,1,False,False
83be1bfffffffff,-72.51500175496004,163.23961724229562,1,False,False
83be1dfffffffff,-74.34977662585781,166.37377797620394,1,False,False
83be29fffffffff,-79.06232791861964,165.28096851045393,1,False,False
83be40fffffffff,-78.17862845058082,139.59807730661333,1,False,False
83be41fffffffff,-78.14937436385216,133.97133740069822,1,False,False
83be42fffffffff,-77.13964291570207,142.09822261058238,1,False,False
83be43fffffffff,-77.16691133576478,136.89277346618545,1,False,False
83be44fffffffff,-79.16287324396536,142.80375468045565,1,False,False
83be45fffffffff,-79.18871828909153,136.6396731554653,1,False,False
83be46fffffffff,-78.09634301507477,145.23289645647176,1,False,False
83be48fffffffff,-76.92042333501085,126.71503512772529,1,False,False
83be49fffffffff,-76.65646333393042,121.89124835167134,1,False,False
83be4afffffffff,-76.0241250119575,129.84751031446328,1,False,False
83be4bfffffffff,-75.82442577610479,125.2426066523446,1,False,False
83be4cfffffffff,-78.01146347429525,128.45891817871336,1,False,False
83be4dfffffffff,-77.77089570542569,123.1546240557668,1,False,False
83be4efffffffff,-77.09258497472486,131.73831730820638,1,False,False
83be50fffffffff,-75.90769561116814,148.99783054795296,1,False,False
83be51fffffffff,-76.07825446116958,144.23129137795354,1,False,False
83be52fffffffff,-74.79422960645174,150.4801329862432,1,False,False
83be53fffffffff,-74.99954909601625,146.0677977406735,1,False,False
83be54fffffffff,-76.77860203044649,152.325211603482,1,False,False
83be55fffffffff,-77.0096687422907,147.26962847846607,1,False,False
83be56fffffffff,-75.64473612445097,153.64251896247137,1,False,False
83be58fffffffff,-75.14744278258792,137.07775238786513,1,False,False
83be59fffffffff,-75.0901511144173,132.60912866472228,1,False,False
83be5afffffffff,-74.13468392919765,139.2619628380199,1,False,False
83be5bfffffffff,-74.12532485013577,135.05127239118113,1,False,False
83be5cfffffffff,-76.15419000445762,139.40573770726206,1,False,False
83be5dfffffffff,-76.13543507710158,134.58882979579573,1,False,False
83be5efffffffff,-75.11756678923456,141.5823882253401,1,False,False
83be60fffffffff,-81.18124676773739,143.82679902862114,1,False,False
83be61fffffffff,-81.20771120953651,136.27234719963602,1,False,False
83be62fffffffff,-80.10948041194906,146.63593484981126,1,False,False
83be63fffffffff,-80.20288481288557,139.8685807980919,1,False,False
83be64fffffffff,-82.10886837480246,148.73884598752096,1,False,False
83be65fffffffff,-82.221774313421,140.2770209287391,1,False,False
83be66fffffffff,-81.00489008291119,151.25163313065005,1,False,False
83be68fffffffff,-79.98929778320979,126.5295046599924,1,False,False
83be69fffffffff,-79.6957800469798,120.29545113384997,1,False,False
83be6afffffffff,-79.09356993046687,130.5526057453709,1,False,False
83be6bfffffffff,-78.88293607962743,124.6730574382616,1,False,False
83be6cfffffffff,-81.08552038322019,128.8453729523882,1,False,False
83be6dfffffffff,-80.82352035197647,121.77832651774926,1,False,False
83be6efffffffff,-80.1614377797742,133.10536501624924,1,False,False
83be70fffffffff,-78.74765536325076,154.8087739517024,1,False,False
83be71fffffffff,-79.01480305154557,148.90420196202606,1,False,False
83be72fffffffff,-77.60265194442275,156.10904433388586,1,False,False
83be73fffffffff,-77.90307008257625,150.76864630334927,1,False,False
83be74fffffffff,-79.53015133264118,159.4752332440107,1,False,False
83be75fffffffff,-79.88288898533914,153.2235484229689,1,False,False
83be76fffffffff,-78.36837599836126,160.4095624171109,1,False,False
83be88fffffffff,-67.85530260679369,164.44107467211472,1,False,False
83be89fffffffff,-68.33797850347955,161.58468090933147,1,False,False
83be8bfffffffff,-67.18876256098466,161.95958239067932,1,False,False
83be8dfffffffff,-69.01385031952175,164.19037722546608,1,False,False
83bec0fffffffff,-70.58328811931554,151.38000008513754,1,False,False
83bec1fffffffff,-70.82186557956712,147.92982710833493,1,False,False
83bec2fffffffff,-69.46713822377774,152.35458596693448,1,False,False
83bec3fffffffff,-69.72707086423928,149.10010758502673,1,False,False
83bec4fffffffff,-71.41329984060454,153.87302954326034,1,False,False
83bec5fffffffff,-71.69686620871218,150.2883296752558,1,False,False
83bec6fffffffff,-70.28023862173075,154.74874134776934,1,False,False
83bec8fffffffff,-70.05957570744681,142.43174218962946,1,False,False
83bec9fffffffff,-70.13034030371814,139.06136907131588,1,False,False
83becafffffffff,-69.01086847046702,143.83269856637094,1,False,False
83becbfffffffff,-69.11199299958595,140.62819393454558,1,False,False
83beccfffffffff,-70.9940297622253,144.420996940798,1,False,False
83becdfffffffff,-71.0986780566689,140.87880051228433,1,False,False
83becefffffffff,-69.92497924064516,145.78550027607028,1,False,False
83bed0fffffffff,-68.01562619959002,156.23171620136492,1,False,False
83bed1fffffffff,-68.35027166820497,153.2294815863718,1,False,False
83bed2fffffffff,-66.88700992188932,156.86466977786247,1,False,False
83bed3fffffffff,-67.23434878009024,154.0188864883676,1,False,False
83bed4fffffffff,-68.76975360217189,158.61120231517808,1,False,False
83bed5fffffffff,-69.14716849649442,155.53024451003486,1,False,False
83bed6fffffffff,-67.62748757568457,159.1452417001792,1,False,False
83bed8fffffffff,-67.77018771527358,148.12353267561298,1,False,False
83bed9fffffffff,-67.9552301935938,145.1014870281587,1,False,False
83bedafffffffff,-66.68880993131258,149.13108792368442,1,False,False
83bedbfffffffff,-66.89502003630552,146.2548830220825,1,False,False
83bedcfffffffff,-68.6289258427014,150.15159312614776,1,False,False
83beddfffffffff,-68.84959402955393,147.01350191453324,1,False,False
83bedefffffffff,-67.52940019877333,151.10088640055108,1,False,False
83bee0fffffffff,-73.35911483836965,155.7469725614286,1,False,False
83bee1fffffffff,-73.67235547855492,151.76391009767875,1,False,False
83bee2fffffffff,-72.21153270841947,156.59967513756098,1,False,False
83bee3fffffffff,-72.54464571188822,152.88547583405517,1,False,False
83bee4fffffffff,-74.13336362822011,158.89870113742856,1,False,False
83bee5fffffffff,-74.50415935507995,154.77067344828848,1,False,False
83bee6fffffffff,-72.97174562356058,159.58016840172226,1,False,False
83bee8fffffffff,-72.99216811914876,145.14769493458877,1,False,False
83bee9fffffffff,-73.10217532576353,141.1888700488141,1,False,False
83beeafffffffff,-71.91108180586741,146.62057931879735,1,False,False
83beebfffffffff,-72.05410837597843,142.89773290299186,1,False,False
83beecfffffffff,-73.90760607051249,147.66247246100235,1,False,False
83beedfffffffff,-74.06216157072399,143.4808178785436,1,False,False
83beeefffffffff,-72.80577466559188,149.0580836965703,1,False,False
83bef0fffffffff,-70.64978181334295,160.70125794060235,1,False,False
83bef1fffffffff,-71.06311482406349,157.35053887894458,1,False,False
83bef2fffffffff,-69.49201751452503,161.16772121200904,1,False,False
83bef3fffffffff,-69.9153904936197,158.0165622164059,1,False,False
83bef4fffffffff,-71.34473914421065,163.59578380670337,1,False,False
83bef5fffffffff,-71.81010574531273,160.1759932750827,1,False,False
83bef6fffffffff,-70.17733510758877,163.91042139792222,1,False,False
83bf4bfffffffff,-82.80047013826103,149.63056155892818,1,False,False
83bf59fffffffff,-81.8309606378253,156.83631888471635,1,False,False
83bf5afffffffff,-80.23452906654741,164.84785507034448,1,False,False
83bf5bfffffffff,-80.68512431575213,158.31480303690532,1,False,False
83c221fffffffff,-36.68951758237902,-20.33065537952909,1,False,False
83c225fffffffff,-37.4917438645018,-20.33014047641441,1,False,False
83c228fffffffff,-35.32922511348639,-19.309568797149208,1,False,False
83c229fffffffff,-34.46412357912212,-19.16582947535596,1,False,False
83c22bfffffffff,-34.847013566176,-18.30048962413884,1,False,False
83c22cfffffffff,-35.80468191584946,-20.33443661634854,1,False,False
83c22dfffffffff,-34.94277278427974,-20.186254113925592,1,False,False
83c22efffffffff,-36.18152212198867,-19.45425009870244,1,False,False
83c2c0fffffffff,-31.21182866261592,-16.715813093509148,1,False,False
83c2c1fffffffff,-30.557135895379783,-17.595418335538827,1,False,False
83c2c2fffffffff,-30.993214211838712,-15.683214038308234,1,False,False
83c2c3fffffffff,-30.340408092518995,-16.57336567642162,1,False,False
83c2c4fffffffff,-32.06835243687415,-16.858432994238537,1,False,False
83c2c5fffffffff,-31.41910221637716,-17.737703221351254,1,False,False
83c2c6fffffffff,-31.85907842760256,-15.825913384617746,1,False,False
83c2c8fffffffff,-29.01386825062889,-18.3227654125859,1,False,False
83c2c9fffffffff,-28.557090044525182,-19.175379668058344,1,False,False
83c2cafffffffff,-28.78901658369957,-17.311330796888072,1,False,False
83c2cbfffffffff,-28.117631640436063,-18.18118114106544,1,False,False
83c2ccfffffffff,-29.95207093087073,-18.46100606308995,1,False,False
83c2cdfffffffff,-29.505561740136823,-19.317011891090115,1,False,False
83c2cefffffffff,-29.680422024862047,-17.45329370223164,1,False,False
83c2d1fffffffff,-30.763043477112856,-14.640417839127164,1,False,False
83c2d8fffffffff,-29.21651313311312,-15.398375553640882,1,False,False
83c2d9fffffffff,-28.55305989166702,-16.288994061195087,1,False,False
83c2dafffffffff,-28.96739029501304,-14.35566175167604,1,False,False
83c2dbfffffffff,-28.305808690693773,-15.25623919322884,1,False,False
83c2dcfffffffff,-30.11234229148619,-15.540700962835558,1,False,False
83c2ddfffffffff,-29.45412899171861,-16.431092188008197,1,False,False
83c2defffffffff,-29.87273822833672,-14.497939090892926,1,False,False
83c2e0fffffffff,-33.09871178598585,-18.02274779254731,1,False,False
83c2e1fffffffff,-32.69605204125541,-18.88114730880205,1,False,False
83c2e2fffffffff,-32.909969576592246,-17.001223921526478,1,False,False
83c2e3fffffffff,-32.2662940689908,-17.880146872975207,1,False,False
83c2e4fffffffff,-33.97906232758978,-18.161163357714862,1,False,False
83c2e5fffffffff,-33.58634682880033,-19.02302475546552,1,False,False
83c2e8fffffffff,-31.367296398672284,-19.60302612555572,1,False,False
83c2e9fffffffff,-30.92756026960504,-20.473457298356564,1,False,False
83c2eafffffffff,-30.878682703231625,-18.60014516751192,1,False,False
83c2ebfffffffff,-30.442395789302072,-19.45955834398625,1,False,False
83c2ecfffffffff,-32.28000033866804,-19.747422380452672,1,False,False
83c2edfffffffff,-31.85035641815833,-20.62128051469757,1,False,False
83c2eefffffffff,-31.79342532855271,-18.740189856066976,1,False,False
83c301fffffffff,-40.1554037345534,-22.49666112350485,1,False,False
83c305fffffffff,-40.736092606654246,-23.355678654234826,1,False,False
83c308fffffffff,-38.60926054198967,-21.89167920571225,1,False,False
83c309fffffffff,-37.64295350599272,-22.109919353740285,1,False,False
83c30bfffffffff,-38.04801955682118,-21.097874317895872,1,False,False
83c30cfffffffff,-39.175019442966494,-22.71258531128302,1,False,False
83c30dfffffffff,-38.197511436365325,-22.921880150565524,1,False,False
83c320fffffffff,-41.90675936393844,-25.16537929632612,1,False,False
83c321fffffffff,-40.89415255634043,-25.34860010981761,1,False,False
83c322fffffffff,-42.32400432973482,-24.04322877747062,1,False,False
83c323fffffffff,-41.3200912792538,-24.24486275681268,1,False,False
83c324fffffffff,-42.49539533221052,-26.11841296491184,1,False,False
83c325fffffffff,-41.472453726390185,-26.28870652034616,1,False,False
83c326fffffffff,-42.921008476236025,-24.975883919422017,1,False,False
83c328fffffffff,-39.318506558133066,-24.62881160689733,1,False,False
83c329fffffffff,-38.3221044075727,-24.81172569414836,1,False,False
83c32afffffffff,-39.74479817803045,-23.56164978546954,1,False,False
83c32bfffffffff,-38.75620311091243,-23.761169436457543,1,False,False
83c32cfffffffff,-39.883845804254186,-25.52584936094709,1,False,False
83c32dfffffffff,-38.876486022689846,-25.697411074852223,1,False,False
83c32efffffffff,-40.31804515674857,-24.43995401442984,1,False,False
83c340fffffffff,-34.160766693506304,-23.92699430531888,1,False,False
83c341fffffffff,-33.26000808301267,-23.765025913508865,1,False,False
83c342fffffffff,-34.59264195167927,-23.01879091832724,1,False,False
83c343fffffffff,-33.70163376057984,-22.86022426924397,1,False,False
83c344fffffffff,-34.61152103365516,-25.00762441480984,1,False,False
83c345fffffffff,-33.71466882881209,-24.84127014056485,1,False,False
83c346fffffffff,-35.047966257703344,-24.08997762269945,1,False,False
83c348fffffffff,-31.87991185155418,-22.54607584738743,1,False,False
83c349fffffffff,-30.949594169099807,-22.390480067100256,1,False,False
83c34afffffffff,-32.327240898072226,-21.654606713524444,1,False,False
83c34bfffffffff,-31.406940229384816,-21.50240997462843,1,False,False
83c34cfffffffff,-32.345854769798095,-23.604065561134178,1,False,False
83c34dfffffffff,-31.41850365464055,-23.44410638386009,1,False,False
83c34efffffffff,-32.79732980889265,-22.702654918311133,1,False,False
83c350fffffffff,-35.87841004027139,-22.27317482540004,1,False,False
83c351fffffffff,-35.01045837111507,-22.11705133234568,1,False,False
83c352fffffffff,-36.29073118169195,-21.300160870555413,1,False,False
83c353fffffffff,-35.41440259327602,-21.222148552168328,1,False,False
83c354fffffffff,-36.680260098986665,-22.32168325765122,1,False,False
83c355fffffffff,-35.470203982043,-23.17836191171253,1,False,False
83c356fffffffff,-37.09299994137176,-21.32428431535548,1,False,False
83c358fffffffff,-33.65819134071363,-20.919785102398706,1,False,False
83c359fffffffff,-32.76063855490742,-20.770054059982584,1,False,False
83c35afffffffff,-34.067923815786386,-20.039029116552086,1,False,False
83c35bfffffffff,-33.18027625158524,-19.89275429892719,1,False,False
83c35cfffffffff,-34.12918307969547,-21.961920263614893,1,False,False
83c35dfffffffff,-33.234721441468416,-21.8077744393434,1,False,False
83c35efffffffff,-34.54283066814612,-21.070480850382992,1,False,False
83c362fffffffff,-35.35778807112396,-25.327453682317326,1,False,False
83c363fffffffff,-34.445791194081565,-25.229332724917075,1,False,False
83c366fffffffff,-35.87834942277522,-26.180556067975143,1,False,False
83c368fffffffff,-32.61710865766498,-24.9050975283006,1,False,False
83c369fffffffff,-31.68233948784385,-24.74451652949173,1,False,False
83c36afffffffff,-32.80415529493348,-24.67593996312688,1,False,False
83c36bfffffffff,-31.88015955541898,-24.51162718275538,1,False,False
83c36efffffffff,-33.53832414815025,-25.066700529465727,1,False,False
83c370fffffffff,-36.7895400929396,-24.142012275541443,1,False,False
83c371fffffffff,-35.812648994755165,-24.32387244138008,1,False,False
83c372fffffffff,-37.22347244203456,-23.12484099177702,1,False,False
83c373fffffffff,-36.25348036147807,-23.321746212284435,1,False,False
83c374fffffffff,-37.32945388538895,-24.9889689415846,1,False,False
83c375fffffffff,-36.341154464322415,-25.160797801021666,1,False,False
83c376fffffffff,-37.77091824693234,-23.95453142617727,1,False,False
83c984fffffffff,-65.92027161264932,77.1331058882082,1,False,False
83c985fffffffff,-65.75412005046411,74.78057958646194,1,False,False
83c986fffffffff,-65.10066453927712,78.39111346405353,1,False,False
83c990fffffffff,-63.46901366945041,80.63976773597196,1,False,False
83c992fffffffff,-62.65975252377562,81.64720176448346,1,False,False
83c994fffffffff,-64.38688340033721,81.72203908211716,1,False,False
83c995fffffffff,-64.2830814759293,79.55703882508857,1,False,False
83c996fffffffff,-63.56302583409234,82.72244172611178,1,False,False
83c9a0fffffffff,-67.71848052985524,76.84681499155106,1,False,False
83c9a2fffffffff,-66.88320500800883,78.21639382006288,1,False,False
83c9a3fffffffff,-66.74018258210872,75.77302824693948,1,False,False
83c9a6fffffffff,-67.83684732748802,79.38643847369735,1,False,False
83c9b0fffffffff,-66.1394410609034,81.80826032829276,1,False,False
83c9b1fffffffff,-66.04838343425284,79.47825285799388,1,False,False
83c9b2fffffffff,-65.24928095171165,82.91140734915702,1,False,False
83c9b3fffffffff,-65.2157713430432,80.64352857909587,1,False,False
83c9b4fffffffff,-66.87948192405582,83.20202187687693,1,False,False
83c9b5fffffffff,-66.98691961421554,80.64788562662723,1,False,False
83c9b6fffffffff,-65.96824298812386,84.29007940148375,1,False,False
83ce80fffffffff,-37.98555303695,-29.87004332239596,1,False,False
83ce81fffffffff,-37.47099421546918,-30.952351697529508,1,False,False
83ce82fffffffff,-37.45622176724398,-28.904409034616464,1,False,False
83ce83fffffffff,-36.95166758348914,-29.97133066533652,1,False,False
83ce84fffffffff,-39.02420306325215,-29.765364247691995,1,False,False
83ce85fffffffff,-38.51542533461035,-30.86591652346935,1,False,False
83ce86fffffffff,-38.48424045047073,-28.785464013472968,1,False,False
83ce8efffffffff,-36.43179128438122,-31.035984458230924,1,False,True
83ce90fffffffff,-37.40803354694992,-26.91594013564299,1,False,False
83ce91fffffffff,-36.92814649341065,-27.968181134815563,1,False,False
83ce92fffffffff,-36.873127686487,-26.02452165449276,1,False,False
83ce93fffffffff,-36.40198699873598,-27.060514164410733,1,False,False
83ce94fffffffff,-38.41873298431573,-26.766706698264027,1,False,False
83ce95fffffffff,-37.94528488691938,-27.835954082578365,1,False,False
83ce96fffffffff,-37.87270707897721,-25.86355174592501,1,False,False
83cea0fffffffff,-40.617287372562224,-30.68405771555219,1,False,False
83cea2fffffffff,-40.06695326366258,-29.657120911053056,1,False,False
83cea3fffffffff,-39.56441810429776,-30.776536092608488,1,False,False
83cea4fffffffff,-41.67333185323517,-30.58831799647561,1,False,False
83cea5fffffffff,-41.1667087170021,-31.744264340841426,1,False,False
83cea6fffffffff,-41.11312232159243,-29.54512893173896,1,False,False
83ceb0fffffffff,-39.99238233597248,-27.5582604714962,1,False,False
83ceb1fffffffff,-39.5165625663267,-28.662541549130847,1,False,False
83ceb2fffffffff,-39.43346392013051,-26.61258704069744,1,False,False
83ceb3fffffffff,-38.96691060717673,-27.69938577289076,1,False,False
83ceb4fffffffff,-41.021042744405136,-27.412348024389,1,False,False
83ceb5fffffffff,-40.55252680443059,-28.53543993517944,1,False,False
83ceb6fffffffff,-40.451588337965774,-26.4533395350718,1,False,False
83cf12fffffffff,-48.17486946802652,-32.44519165088585,1,False,False
83cf14fffffffff,-49.846905503476,-33.65620097354288,1,False,False
83cf16fffffffff,-49.24926469338369,-32.3702079072425,1,False,False
83cf80fffffffff,-45.31791042305389,-29.05551134160404,1,False,False
83cf81fffffffff,-44.85331789449321,-30.27971550538345,1,False,False
83cf82fffffffff,-44.71909580218364,-27.98069939746788,1,False,False
83cf83fffffffff,-44.26512844355586,-29.18461715773863,1,False,False
83cf84fffffffff,-46.37054144559461,-28.92151704670901,1,False,False
83cf85fffffffff,-45.91482240717208,-30.169046751947786,1,False,False
83cf86fffffffff,-45.762903673718256,-27.829149472138244,1,False,False
83cf88fffffffff,-43.29997837527585,-31.584825222799854,1,False,False
83cf8afffffffff,-42.731836760240896,-30.48914188110633,1,False,False
83cf8bfffffffff,-42.23225526408947,-31.66597556145524,1,False,False
83cf8efffffffff,-43.79207657136899,-30.386341601640257,1,False,False
83cf90fffffffff,-44.54480118344299,-25.75964827089731,1,False,False
83cf91fffffffff,-44.11939138267081,-26.94334357881306,1,False,False
83cf92fffffffff,-43.93623360325902,-24.779790413868824,1,False,False
83cf93fffffffff,-43.51973851546789,-25.94216499469103,1,False,False
83cf94fffffffff,-45.56989627928956,-25.570526199487382,1,False,False
83cf95fffffffff,-45.153995306260825,-26.775647387917697,1,False,False
83cf98fffffffff,-42.63266241494654,-28.26782230424978,1,False,False
83cf99fffffffff,-42.16201447025873,-29.429191048041016,1,False,False
83cf9afffffffff,-42.05222077720787,-27.261402642940272,1,False,False
83cf9bfffffffff,-41.59145656786031,-28.403943677633464,1,False,False
83cf9cfffffffff,-43.67544461629269,-28.12682904916468,1,False,False
83cf9dfffffffff,-43.21292209472933,-29.309095978012063,1,False,False
83cf9efffffffff,-43.0852340565686,-27.105161565236724,1,False,False
83cfa0fffffffff,-48.0356609654972,-29.934629094141386,1,False,False
83cfa1fffffffff,-47.5776953149235,-31.22823116702176,1,False,False
83cfa2fffffffff,-47.42229430208074,-28.78235282094607,1,False,False
83cfa3fffffffff,-46.97584983904804,-30.05410186153394,1,False,False
83cfa4fffffffff,-49.09352058059773,-29.81035663637957,1,False,False
83cfa5fffffffff,-48.64507107139107,-31.130121923443404,1,False,False
83cfa6fffffffff,-48.47244402811447,-28.637715311106408,1,False,False
83cfaefffffffff,-46.50874656978591,-31.3225487929724,1,False,False
83cfb1fffffffff,-46.806153749621295,-27.67187424322325,1,False,False
83cfb3fffffffff,-46.1883447470202,-26.601749806095764,1,False,False
83cfb5fffffffff,-47.84813211979128,-27.50854553618236,1,False,False
83d890fffffffff,-82.85994198834551,131.1366430850575,1,False,False
83d892fffffffff,-81.91146345337022,136.02544262029542,1,False,False
83d893fffffffff,-81.77842751302411,128.0111035435053,1,False,False
83d894fffffffff,-83.91346242484654,135.35545504381804,1,False,False
83d896fffffffff,-82.92251788320124,140.3932607432606,1,False,False
83df69fffffffff,-49.71012921869132,-31.02798834648929,1,False,False
83df6dfffffffff,-50.32095764363057,-32.292085309961415,1,False,False
83e104fffffffff,-57.83890280661588,41.98994458618676,1,True,False
83e105fffffffff,-57.35329300385653,40.16763987096455,1,True,False
83e120fffffffff,-59.60736112881973,40.32084646862018,1,False,False
83e121fffffffff,-59.08829357183275,38.44206298205416,1,False,False
83e122fffffffff,-58.969192077147376,42.12893845659271,1,False,False
83e123fffffffff,-58.47791959151498,40.24162085551047,1,False,False
83e124fffffffff,-60.74075933736021,40.40589456683449,1,False,False
83e125fffffffff,-60.21544982548679,38.45769972478364,1,False,False
83e126fffffffff,-60.10380906899333,42.27796715801879,1,False,False
83e128fffffffff,-57.43437414500564,36.68575878903954,1,False,False
83e129fffffffff,-56.886802004202366,35.015245479723866,1,False,False
83e12afffffffff,-56.847946205792994,38.41383729028288,1,True,False
83e12cfffffffff,-58.54915879258035,36.64080646559474,1,False,False
83e12dfffffffff,-57.99241394305585,34.91571931625175,1,False,False
83e12efffffffff,-57.96551522491236,38.4274762809708,1,False,False
83e134fffffffff,-59.878428387615706,46.12311057983264,1,True,False
83e135fffffffff,-59.43686641086673,44.08960168942559,1,False,False
83e160fffffffff,-55.63437731862161,28.73647969976504,1,False,False
83e161fffffffff,-55.02223280625167,27.359654234908003,1,False,False
83e162fffffffff,-55.16694556054666,30.41339311462924,1,False,False
83e164fffffffff,-56.69972880028435,28.447178164308227,1,False,False
83e165fffffffff,-56.07452694053398,27.035650039696783,1,False,False
83e166fffffffff,-56.23935989346828,30.177870397460847,1,False,False
83e170fffffffff,-55.23554564672068,33.55455271681077,1,True,False
83e171fffffffff,-54.672844473830736,32.06408269143556,1,True,False
83e174fffffffff,-56.32500091730757,33.41432704233684,1,False,False
83e175fffffffff,-55.75105937052289,31.88109050766868,1,False,False
83e176fffffffff,-55.78695570457559,35.10856942824961,1,True,False
83e460fffffffff,-62.45900952283846,55.613379152598014,1,True,False
83e461fffffffff,-62.15386530362837,53.21419443958765,1,True,False
83e464fffffffff,-63.58222090681373,56.33268886417062,1,False,False
83e465fffffffff,-63.28540003252346,53.829883902117885,1,False,False
83e466fffffffff,-62.72346340010986,58.0720141117151,1,True,False
83e469fffffffff,-60.291344013060375,48.22819458738856,1,True,False
83e46cfffffffff,-61.810353430977976,50.88041854763394,1,False,False
83e46dfffffffff,-61.43096165248059,48.6168257859897,1,False,False
83e500fffffffff,-67.02963766726026,82.95135856576921,1,False,False
83e501fffffffff,-67.21434675179627,79.98423127103345,1,False,False
83e503fffffffff,-66.13200025377355,81.0992456486182,1,False,False
83e504fffffffff,-67.89911234212197,84.93170683641885,1,False,False
83e505fffffffff,-68.12032224287175,81.87994433831271,1,False,False
83e508fffffffff,-66.37922856603836,75.30415791307361,1,False,False
83e509fffffffff,-66.42119124745545,72.37132461791519,1,False,False
83e50afffffffff,-65.32763981769469,76.5724603688683,1,False,False
83e50cfffffffff,-67.34363071729281,76.97186977733482,1,False,False
83e50dfffffffff,-67.41613927142691,73.9301779044143,1,False,False
83e50efffffffff,-66.28251383627098,78.2183589368561,1,False,False
83e51dfffffffff,-65.20905916030097,79.36681795444616,1,False,False
83e520fffffffff,-69.84252333766372,86.10194938109343,1,False,False
83e521fffffffff,-70.0846356702264,82.79814850366952,1,False,False
83e522fffffffff,-68.73741173721164,87.04883450961063,1,False,False
83e523fffffffff,-68.9974432397457,83.91572603545191,1,False,False
83e524fffffffff,-70.6521832741935,88.44881639841232,1,False,False
83e525fffffffff,-70.93708587644731,85.0553010286097,1,False,False
83e526fffffffff,-69.54137154719231,89.31100663325282,1,False,False
83e528fffffffff,-69.34084379950686,77.4403079700512,1,False,False
83e529fffffffff,-69.42019640919113,74.1360707805019,1,False,False
83e52afffffffff,-68.28465135427686,78.76889248435124,1,False,False
83e52bfffffffff,-68.39028937133733,75.61558515462566,1,False,False
83e52cfffffffff,-70.26477384038868,79.41816625724124,1,False,False
83e52dfffffffff,-70.38067417074032,75.98352573568332,1,False,False
83e52efffffffff,-69.19936649415757,80.70689455449272,1,False,False
83e540fffffffff,-67.13274937716714,61.810294181924434,1,False,False
83e541fffffffff,-66.9225363687853,58.874766872251655,1,False,False
83e542fffffffff,-66.21743595024319,63.61364945887161,1,False,False
83e543fffffffff,-66.04206557664818,60.75754970084245,1,False,False
83e544fffffffff,-68.21271236597993,62.95869784187413,1,False,False
83e545fffffffff,-68.02102490132995,59.878453869991326,1,False,False
83e546fffffffff,-67.28861257840757,64.79932320155129,1,False,False
83e548fffffffff,-65.53991479396412,55.219107527416135,1,False,False
83e549fffffffff,-65.21788295666802,52.55794172108456,1,False,False
83e54afffffffff,-64.70153873692273,57.110999169077424,1,False,False
83e54bfffffffff,-64.41452838832184,54.496094935324656,1,False,False
83e54cfffffffff,-66.66016230357543,56.00624679539676,1,False,False
83e54dfffffffff,-66.34824177540351,53.21629832140962,1,False,False
83e54efffffffff,-65.81549360562387,57.95555363699824,1,False,False
83e551fffffffff,-65.27789572840786,65.2976885046984,1,False,False
83e554fffffffff,-66.40800414539743,69.43511599928287,1,False,False
83e555fffffffff,-66.33984006353384,66.5108943202744,1,False,False
83e558fffffffff,-64.0438542503083,61.5149304097062,1,False,False
83e559fffffffff,-63.83575493802088,58.89714291793925,1,False,False
83e55cfffffffff,-65.13521785032384,62.52221902248347,1,False,False
83e55dfffffffff,-64.94249496482284,59.789619742653365,1,False,False
83e560fffffffff,-70.18519233421947,62.18724994933828,1,False,False
83e561fffffffff,-69.97496068888297,58.846273749108015,1,False,False
83e562fffffffff,-69.2799815104733,64.2153576571503,1,False,False
83e563fffffffff,-69.10920617855378,60.97810964148717,1,False,False
83e564fffffffff,-71.24692896639128,63.52182536415372,1,False,False
83e565fffffffff,-71.05904577291169,59.99284263690661,1,False,False
83e566fffffffff,-70.33241565088657,65.59493940111132,1,False,False
83e568fffffffff,-68.59290637019313,54.72394388380484,1,False,False
83e569fffffffff,-68.25323993889691,51.7373587615146,1,False,False
83e56afffffffff,-67.77380340700317,56.86609917689338,1,False,False
83e56bfffffffff,-67.47370769568445,53.93544392032076,1,False,False
83e56cfffffffff,-69.7043924500416,55.59199230882314,1,False,False
83e56dfffffffff,-69.37675791297781,52.44115192610953,1,False,False
83e56efffffffff,-68.8792870514487,57.808781048757474,1,False,False
83e570fffffffff,-68.4214626792847,69.25710883374433,1,False,False
83e571fffffffff,-68.34671229411708,66.09083751988969,1,False,False
83e572fffffffff,-67.43111848674845,70.87602480492211,1,False,False
83e573fffffffff,-67.38844124576659,67.82669823174787,1,False,False
83e574fffffffff,-69.43648099707119,70.81574263315794,1,False,False
83e575fffffffff,-69.3895343631141,67.50152028440137,1,False,False
83e576fffffffff,-68.43605822062364,72.43853431907043,1,False,False
83e700fffffffff,-55.18456104830178,19.17157924584572,1,True,False
83e701fffffffff,-55.33090415891191,17.354236892998877,1,True,False
83e704fffffffff,-56.0290715591342,20.41897122535848,1,False,False
83e705fffffffff,-56.19907022702401,18.577064832147915,1,False,False
83e70cfffffffff,-55.45140572308882,15.501776879814422,1,True,False
83e70dfffffffff,-55.54469875705069,13.617150576425614,1,True,False
83e720fffffffff,-57.888415104889454,21.18169248291816,1,False,False
83e721fffffffff,-58.08193251305429,19.2475546864134,1,False,False
83e722fffffffff,-56.85769625210045,21.71728909904937,1,False,False
83e723fffffffff,-57.0520734699637,19.85218961201496,1,False,False
83e724fffffffff,-58.706581603097256,22.56760140271928,1,False,False
83e725fffffffff,-58.92595932951497,20.60927913959636,1,False,False
83e726fffffffff,-57.66897980985507,23.06829904607884,1,False,False
83e728fffffffff,-57.36123752250985,15.995540521718924,1,False,False
83e729fffffffff,-57.472836061350655,14.010208357543762,1,False,False
83e72afffffffff,-56.34311054385202,16.696191481597193,1,False,False
83e72bfffffffff,-56.45969574398099,14.77927787868816,1,False,False
83e72cfffffffff,-58.24776417476168,17.268635443563582,1,False,False
83e72dfffffffff,-58.38420502786877,15.248239245627063,1,False,False
83e72efffffffff,-57.22046412129283,17.943986012484356,1,False,False
83e730fffffffff,-55.61746423321303,23.976378060592346,1,False,False
83e731fffffffff,-55.83467102854594,22.219425103611893,1,False,False
83e734fffffffff,-56.39773235247275,25.30917537762413,1,False,False
83e735fffffffff,-56.6390130236962,23.536914361500774,1,False,False
83e736fffffffff,-55.37906658620802,25.68820590848365,1,False,False
83e740fffffffff,-55.62191858231496,5.828809191176942,1,False,False
83e744fffffffff,-56.62484962089189,6.824517709371472,1,False,False
83e745fffffffff,-56.58530587254851,4.7856503764077125,1,False,False
83e746fffffffff,-55.64908718969564,7.805358846665653,1,False,False
83e760fffffffff,-58.60563050212814,6.8367338262033766,1,False,False
83e761fffffffff,-58.57357938844923,4.676772135249612,1,False,False
83e762fffffffff,-57.61860660603574,7.873493376748694,1,False,False
83e763fffffffff,-57.600228589466326,5.783319676710718,1,False,False
83e764fffffffff,-59.59991875104325,7.949923853926959,1,False,False
83e765fffffffff,-59.59051266720353,5.732267613691628,1,False,False
83e766fffffffff,-58.60162605574644,8.979365327866306,1,False,False
83e76cfffffffff,-58.504685203633336,2.505465946067031,1,False,False
83e76efffffffff,-57.54681266567744,3.679527341811384,1,False,False
83e770fffffffff,-56.60494171586719,10.851193126080725,1,False,False
83e771fffffffff,-56.631102279318334,8.847966632256089,1,False,False
83e772fffffffff,-55.609503764421554,11.703690168042952,1,True,False
83e773fffffffff,-55.644648501529495,9.765086865297793,1,True,False
83e774fffffffff,-57.55379919184606,11.991825912040248,1,False,False
83e775fffffffff,-57.60278757236371,9.94468509985905,1,False,False
83e776fffffffff,-56.54741028613106,12.829685549276004,1,False,False
83e894fffffffff,-60.243144546596014,-48.27041850491296,1,False,False
83e8b2fffffffff,-61.40152306674843,-48.34824305217847,1,False,False
83e8b6fffffffff,-62.55843315816299,-48.43195590463122,1,False,False
83e990fffffffff,-67.15266445151404,-48.8414272814916,1,False,False
83e991fffffffff,-66.50129259555739,-51.22354749334061,1,False,False
83e992fffffffff,-66.625746224937,-46.31265272612367,1,False,False
83e993fffffffff,-66.01095569168291,-48.72595744199427,1,False,False
83e994fffffffff,-68.28832434981058,-48.96766717892623,1,False,False
83e995fffffffff,-67.6336363792886,-51.4536769325571,1,False,False
83e996fffffffff,-67.76906495585955,-46.32073094877571,1,False,False
83e99afffffffff,-64.22020601351095,-50.81816593594202,1,False,False
83e99efffffffff,-65.3631801301718,-51.012465758382895,1,False,False
83e9b3fffffffff,-68.75932338679668,-51.70554561301408,1,False,False
83ec00fffffffff,-79.97446114924449,96.25309977712602,1,False,False
83ec01fffffffff,-80.3750390675003,90.2287646634948,1,False,False
83ec02fffffffff,-78.9164301381334,97.06506585515857,1,False,False
83ec03fffffffff,-79.33726635544329,91.6304553667587,1,False,False
83ec04fffffffff,-80.5326753295209,101.38726215276807,1,False,False
83ec05fffffffff,-81.01916278555163,95.26349172274784,1,False,False
83ec06fffffffff,-79.47553768744001,101.7516335318444,1,False,False
83ec08fffffffff,-79.8679714295,79.64986254180448,1,False,False
83ec09fffffffff,-79.95987658250057,73.31488943635532,1,False,False
83ec0afffffffff,-78.8785749958624,81.90876308454871,1,False,False
83ec0bfffffffff,-79.01904418229691,76.11720061820196,1,False,False
83ec0cfffffffff,-80.66343001958607,83.7503667116832,1,False,False
83ec0dfffffffff,-80.82823419190869,76.94570765109619,1,False,False
83ec0efffffffff,-79.65792811600421,85.79643442748782,1,False,False
83ec10fffffffff,-77.32905584354043,102.3060789727257,1,False,False
83ec11fffffffff,-77.84621483854062,97.74302811801896,1,False,False
83ec12fffffffff,-76.24107560710874,102.52187353722796,1,False,False
83ec13fffffffff,-76.76483006173204,98.31748022402384,1,False,False
83ec14fffffffff,-77.82268969625235,106.58062250858296,1,False,False
83ec15fffffffff,-78.40743997042344,102.0528777268857,1,False,False
83ec16fffffffff,-76.74292845677822,106.47730030541447,1,False,False
83ec18fffffffff,-77.58553367621367,88.93309824794753,1,False,False
83ec19fffffffff,-77.86461677404093,83.8184460641467,1,False,False
83ec1afffffffff,-76.52393740503256,90.1581991719438,1,False,False
83ec1bfffffffff,-76.82961729780226,85.45067145380636,1,False,False
83ec1cfffffffff,-78.28369489450701,92.7962991300812,1,False,False
83ec1dfffffffff,-78.63097499808212,87.49806100002023,1,False,False
83ec1efffffffff,-77.21607708300292,93.78043823114209,1,False,False
83ec20fffffffff,-82.03923636989494,107.24825550084792,1,False,False
83ec21fffffffff,-82.61137363717557,100.3689647762299,1,False,False
83ec22fffffffff,-81.00165225110689,107.02647640106792,1,False,False
83ec23fffffffff,-81.57818349183484,100.93763969851877,1,False,False
83ec24fffffffff,-82.38994850764486,114.13104465224886,1,False,False
83ec25fffffffff,-83.06487799766778,107.53227000767176,1,False,False
83ec26fffffffff,-81.37161004480213,113.12440431008132,1,False,False
83ec28fffffffff,-82.39356026129117,86.37224936556521,1,False,False
83ec29fffffffff,-82.59275668784606,78.14149079371921,1,False,False
83ec2afffffffff,-81.39479758690361,88.51393332543545,1,False,False
83ec2bfffffffff,-81.64353868980157,81.25072493107785,1,False,False
83ec2cfffffffff,-83.06264501068847,92.4578485895378,1,False,False
83ec2dfffffffff,-83.3670365916704,83.63067480578698,1,False,False
83ec2efffffffff,-82.04915695743239,94.03162794114183,1,False,False
83ec30fffffffff,-79.29576484790712,111.66557173342636,1,False,False
83ec31fffffffff,-79.9526567043108,106.84850135802564,1,False,False
83ec32fffffffff,-78.24022209231717,111.12047753769116,1,False,False
83ec33fffffffff,-78.89280646928677,106.70252168339186,1,False,False
83ec34fffffffff,-79.61072366081416,116.89349027045785,1,False,False
83ec35fffffffff,-80.33986408877004,112.32116390312405,1,False,False
83ec36fffffffff,-78.57690402628354,115.88924614476012,1,False,False
83ec40fffffffff,-80.1945602686521,50.16071745910033,1,False,False
83ec41fffffffff,-79.74534188172397,44.392881488493536,1,False,False
83ec42fffffffff,-79.51542895404,54.68043891735896,1,False,False
83ec43fffffffff,-79.1452132370894,49.03885488572043,1,False,False
83ec44fffffffff,-81.22857667882018,51.53187976962089,1,False,False
83ec45fffffffff,-80.79794963132922,45.08266081006349,1,False,False
83ec46fffffffff,-80.53850723654472,56.42525285029282,1,False,False
83ec48fffffffff,-78.13505054090008,39.06882008818523,1,False,False
83ec49fffffffff,-77.51973123040328,34.769041553766655,1,False,False
83ec4afffffffff,-77.60568366959718,43.35000200029831,1,False,False
83ec4bfffffffff,-77.05519713311848,38.98581134054188,1,False,False
83ec4cfffffffff,-79.20527522898935,39.16722149726541,1,False,False
83ec4dfffffffff,-78.58876148899972,34.48552135460747,1,False,False
83ec4efffffffff,-78.68096209062996,43.82523211817989,1,False,False
83ec50fffffffff,-78.96422495222191,64.38332152348532,1,False,False
83ec51fffffffff,-78.7708680397866,58.6815728169869,1,False,False
83ec52fffffffff,-78.09956293610225,67.60293163878498,1,False,False
83ec53fffffffff,-77.969973722674,62.21568295818798,1,False,False
83ec54fffffffff,-79.93020111354672,66.94101479670512,1,False,False
83ec55fffffffff,-79.78016166637455,60.68325018620932,1,False,False
83ec56fffffffff,-79.0478932925638,70.23466029332761,1,False,False
83ec58fffffffff,-77.41649641639873,52.007780783148654,1,False,False
83ec59fffffffff,-77.00685151203042,47.315010780825766,1,False,False
83ec5afffffffff,-76.69114385595309,55.55056005703379,1,False,False
83ec5bfffffffff,-76.34490495995314,50.96381255453897,1,False,False
83ec5cfffffffff,-78.47397155814014,53.2304233010154,1,False,False
83ec5dfffffffff,-78.08218837183657,48.10463652951986,1,False,False
83ec5efffffffff,-77.7402102321436,56.99253793455259,1,False,False
83ec62fffffffff,-82.24512438827429,53.24357244692718,1,False,False
83ec63fffffffff,-81.83781933260738,45.93845175570054,1,False,False
83ec68fffffffff,-80.69587931464012,33.738282469566045,1,False,False
83ec69fffffffff,-80.00152796184685,28.8082864296753,1,False,False
83ec6afffffffff,-80.26525351267246,39.28573380805421,1,False,False
83ec6bfffffffff,-79.64770469648425,34.14767958531007,1,False,False
83ec6efffffffff,-81.31440340991524,39.43122261684748,1,False,False
83ec70fffffffff,-81.71808983317473,66.01457968452652,1,False,False
83ec71fffffffff,-81.54011790501339,58.56044816716569,1,False,False
83ec72fffffffff,-80.8623407885638,69.990900804793,1,False,False
83ec73fffffffff,-80.76427644735203,63.086662568414965,1,False,False
83ec74fffffffff,-82.63445569752724,69.63803264342233,1,False,False
83ec75fffffffff,-82.51599420121539,61.22502009731451,1,False,False
83ec76fffffffff,-81.75322551801148,73.66674736124277,1,False,False
83ec80fffffffff,-72.34603627816546,99.94234792640736,1,False,False
83ec81fffffffff,-72.83214613936092,96.5424782164452,1,False,False
83ec82fffffffff,-71.22249509238377,100.23603921743288,1,False,False
83ec83fffffffff,-71.71355823665345,97.03787252139466,1,False,False
83ec84fffffffff,-72.92682406015366,103.01264022642974,1,False,False
83ec85fffffffff,-73.46293217922151,99.61203243292296,1,False,False
83ec86fffffffff,-71.80785836350711,103.1389036896868,1,False,False
83ec88fffffffff,-72.52881726245569,90.11743352272676,1,False,False
83ec89fffffffff,-72.84250672586435,86.42139529647943,1,False,False
83ec8afffffffff,-71.42285563461881,90.96591838790825,1,False,False
83ec8bfffffffff,-71.75310049729264,87.4910131598431,1,False,False
83ec8cfffffffff,-73.26014063962388,92.94546866271884,1,False,False
83ec8dfffffffff,-73.624129342289,89.1643986485104,1,False,False
83ec8efffffffff,-72.15080182516363,93.661651877185,1,False,False
83ec99fffffffff,-70.30768469730015,91.72584469193086,1,False,False
83ec9dfffffffff,-71.03292061766132,94.29985883895311,1,False,False
83eca0fffffffff,-74.55713359670584,106.3116485478463,1,False,False
83eca1fffffffff,-75.14421266759466,102.70797565922264,1,False,False
83eca2fffffffff,-73.45251479263352,106.24423455058728,1,False,False
83eca3fffffffff,-74.03920659501348,102.8701159637132,1,False,False
83eca4fffffffff,-75.01314051241907,109.9257027276753,1,False,False
83eca5fffffffff,-75.65417945328372,106.38860969823163,1,False,False
83eca8fffffffff,-75.04438728956798,95.34909645171686,1,False,False
83eca9fffffffff,-75.44810669489064,91.21538075927644,1,False,False
83ecaafffffffff,-73.94277544541875,95.98382404330486,1,False,False
83ecabfffffffff,-74.35968743021542,92.13635982900118,1,False,False
83ecacfffffffff,-75.67321926204635,98.81035325452756,1,False,False
83ecadfffffffff,-76.13587901465348,94.62181472150628,1,False,False
83ecaefffffffff,-74.57228944065717,99.23781317888788,1,False,False
83ecb1fffffffff,-72.34107812299611,106.1846951076423,1,False,False
83ecc0fffffffff,-74.34269524237078,72.7301157901953,1,False,False
83ecc1fffffffff,-74.32263209775117,68.48537556490946,1,False,False
83ecc2fffffffff,-73.35619387610058,74.67808352067294,1,False,False
83ecc3fffffffff,-73.37591516448738,70.65696867540474,1,False,False
83ecc4fffffffff,-75.27969783569779,75.0448571837002,1,False,False
83ecc5fffffffff,-75.30174499737605,70.54945125789129,1,False,False
83ecc6fffffffff,-74.28107846175268,76.9638967167203,1,False,False
83ecc8fffffffff,-73.1844957217073,62.68497279105459,1,False,False
83ecc9fffffffff,-72.97664980792855,58.80875802215314,1,False,False
83eccafffffffff,-72.29215348128766,65.00072133763406,1,False,False
83eccbfffffffff,-72.1296046050965,61.2655620830128,1,False,False
83ecccfffffffff,-74.2213140634058,64.27590157756912,1,False,False
83eccdfffffffff,-74.04065702319245,60.14566387977019,1,False,False
83eccefffffffff,-73.3183406774937,66.64635530696017,1,False,False
83ecd0fffffffff,-72.21783783782641,80.19513876794613,1,False,False
83ecd1fffffffff,-72.34573519018133,76.42485685713189,1,False,False
83ecd2fffffffff,-71.15879269512725,81.56392614212835,1,False,False
83ecd3fffffffff,-71.31436531863426,77.99728002410997,1,False,False
83ecd4fffffffff,-73.08731427010275,82.59612537918579,1,False,False
83ecd5fffffffff,-73.2594659742177,78.67036156957067,1,False,False
83ecd6fffffffff,-72.01932934234843,83.89306932338555,1,False,False
83ecd8fffffffff,-71.41951318788578,70.74394078127098,1,False,False
83ecd9fffffffff,-71.3676680998364,67.11454518737973,1,False,False
83ecdafffffffff,-70.43085267803266,72.51800206147537,1,False,False
83ecdbfffffffff,-70.41468025165423,69.04669092571619,1,False,False
83ecdcfffffffff,-72.40110852961814,72.61341746198379,1,False,False
83ecddfffffffff,-72.3831389914831,68.79413152436722,1,False,False
83ecdefffffffff,-71.40167415600665,74.38123634897848,1,False,False
83ece0fffffffff,-77.16845734086239,75.50952002850619,1,False,False
83ece1fffffffff,-77.19345154347056,70.41313450459292,1,False,False
83ece2fffffffff,-76.18255186402259,77.63699581120449,1,False,False
83ece3fffffffff,-76.25185632033792,72.87611043232219,1,False,False
83ece4fffffffff,-78.04617665848878,78.50098688329037,1,False,False
83ece5fffffffff,-78.12523384775419,73.06401398910968,1,False,False
83ece6fffffffff,-77.04617063772886,80.54682067822303,1,False,False
83ece8fffffffff,-76.1154176400734,63.37243941136427,1,False,False
83ece9fffffffff,-75.91286637030477,58.757127928354926,1,False,False
83eceafffffffff,-75.23731093275929,66.06847428584179,1,False,False
83ecebfffffffff,-75.08777040105471,61.65575366768183,1,False,False
83ececfffffffff,-77.12056731024391,65.33741094656847,1,False,False
83ecedfffffffff,-76.95172536590088,60.36019338991648,1,False,False
83eceefffffffff,-76.22928720649503,68.09934461608849,1,False,False
83ecf0fffffffff,-74.9795147515397,83.86237552004879,1,False,False
83ecf1fffffffff,-75.17157269058622,79.49982391682602,1,False,False
83ecf2fffffffff,-73.91863477436446,85.2200640711796,1,False,False
83ecf3fffffffff,-74.13887973962404,81.14119964213053,1,False,False
83ecf4fffffffff,-75.7763829536834,86.85965490891026,1,False,False
83ecf5fffffffff,-76.02290120282538,82.31754955869985,1,False,False
83ecf6fffffffff,-74.70722906616058,88.08686109311492,1,False,False
83ed09fffffffff,-84.38054296801452,117.16232202370998,1,False,False
83ed0bfffffffff,-83.39354921765346,115.4285995935208,1,False,False
83ed1bfffffffff,-80.63047983529283,118.1030158771432,1,False,False
83ed50fffffffff,-84.63762590189899,98.61834431689526,1,False,False
83ed52fffffffff,-83.63149236862377,99.62691129594288,1,False,False
83ed53fffffffff,-84.0570440760024,90.38062758339514,1,False,False
83ed54fffffffff,-85.0782495592259,108.43251514648016,1,False,False
83ed56fffffffff,-84.07805950890842,107.9089698002267,1,False,False
83ed5afffffffff,-83.50305783959638,74.19586850062718,1,False,False
83ed89fffffffff,-77.17407155712026,110.66019453998264,1,False,False
83ed8bfffffffff,-76.09811448084203,110.2664055688432,1,False,False
83ef40fffffffff,-63.631798840565054,-39.54489883861222,1,False,False
83ef41fffffffff,-63.12378344435601,-41.88403292539377,1,False,False
83ef43fffffffff,-62.4692414730081,-39.79594084973988,1,False,False
83ef45fffffffff,-64.28510448815742,-41.712032528953706,1,False,False
83ef48fffffffff,-61.4164940423562,-44.20521144151342,1,False,False
83ef49fffffffff,-60.84346633067008,-46.28097771736752,1,False,False
83ef4afffffffff,-60.79285281763294,-42.190867985397,1,False,False
83ef4bfffffffff,-60.25079101285399,-44.2736097387671,1,False,False
83ef4cfffffffff,-62.5807127713674,-44.13160121043726,1,False,False
83ef4dfffffffff,-62.00561733165907,-46.28636735370749,1,False,False
83ef4efffffffff,-61.95937299197949,-42.04318271425648,1,False,False
83ef5dfffffffff,-61.303835805571694,-40.02863235496253,1,False,False
83ef61fffffffff,-66.05490655179788,-43.87277641518905,1,False,False
83ef63fffffffff,-65.44236738426982,-41.52556311639775,1,False,False
83ef68fffffffff,-64.32324207642225,-46.29845033664061,1,False,False
83ef69fffffffff,-63.71292938763354,-48.522251210882274,1,False,False
83ef6afffffffff,-63.74248552846399,-44.05216000083169,1,False,False
83ef6bfffffffff,-63.16585716297537,-46.29217471927736,1,False,False
83ef6cfffffffff,-65.47684226114548,-46.30525321791237,1,False,False
83ef6dfffffffff,-64.86407691270887,-48.61993661819906,1,False,False
83ef6efffffffff,-64.90086178727657,-43.96616673990885,1,False,False
83ef86fffffffff,-62.40885520115605,-0.5190872782287123,1,False,False
83ef90fffffffff,-60.50692921993067,2.245376814268907,1,False,False
83ef92fffffffff,-59.54312143591861,3.499431820528019,1,False,False
83ef94fffffffff,-61.54649709592643,3.295847769766695,1,False,False
83ef95fffffffff,-61.46292241656706,0.9081836098497904,1,False,False
83ef96fffffffff,-60.57145201966835,4.554145330133671,1,False,False
83efa2fffffffff,-64.41423845968119,-1.0345519069047744,1,False,False
83efa6fffffffff,-65.47387234313237,0.0514276996032239,1,False,False
83efb0fffffffff,-63.55198794440005,3.0638657928910664,1,False,False
83efb1fffffffff,-63.47027427435266,0.5095871154951108,1,False,False
83efb2fffffffff,-62.57408389970368,4.414991689810399,1,False,False
83efb3fffffffff,-62.5135342034313,1.9502490022258647,1,False,False
83efb4fffffffff,-64.5765576447251,4.255730767230089,1,False,False
83efb5fffffffff,-64.51942688582474,1.6125099989886964,1,False,False
83efb6fffffffff,-63.58797256265981,5.608826541349168,1,False,False
83f000fffffffff,-68.20632662579519,26.14457204162038,1,False,False
83f001fffffffff,-67.45977306796229,24.11853839279419,1,False,False
83f002fffffffff,-67.83128607547549,28.753398663371986,1,False,False
83f003fffffffff,-67.12208787632244,26.673121315693244,1,False,False
83f004fffffffff,-69.2887175996263,25.563548936062887,1,False,False
83f005fffffffff,-68.53910184147165,23.45390596512901,1,False,False
83f006fffffffff,-68.92653741024033,28.304588616376147,1,False,False
83f008fffffffff,-65.60728888745344,22.87277994458112,1,False,False
83f009fffffffff,-64.80519469533334,21.11567543750705,1,False,False
83f00afffffffff,-65.3044979490557,25.276773033832374,1,False,False
83f00bfffffffff,-64.53454559120213,23.48986088897681,1,False,False
83f00cfffffffff,-66.6817575780849,22.1997071739385,1,False,False
83f00dfffffffff,-65.87442857070229,20.38376356442243,1,False,False
83f00efffffffff,-66.38119469486476,24.72364926707468,1,False,False
83f010fffffffff,-68.06508735094366,33.595626815826144,1,False,False
83f011fffffffff,-67.41066345736074,31.30632660441092,1,False,False
83f012fffffffff,-67.56537847022327,36.130044101739394,1,False,False
83f013fffffffff,-66.94545930701271,33.79535240419618,1,False,False
83f014fffffffff,-69.18187329574178,33.37606180247616,1,False,False
83f015fffffffff,-68.51925175441963,30.98454989505321,1,False,False
83f016fffffffff,-68.69157878899144,36.03805449491675,1,False,False
83f018fffffffff,-65.63096433802603,29.537841648658976,1,False,False
83f019fffffffff,-64.94376059647361,27.601918451782865,1,False,False
83f01afffffffff,-65.18631538927805,31.86915873955541,1,False,False
83f01bfffffffff,-64.52780959920592,29.88254185852172,1,False,False
83f01cfffffffff,-66.73244001141062,29.16284126795196,1,False,False
83f01dfffffffff,-66.03423012332361,27.15712240102064,1,False,False
83f01efffffffff,-66.29937892507165,31.60002707977243,1,False,False
83f020fffffffff,-70.69506271575936,21.90809255293688,1,False,False
83f021fffffffff,-69.90290257676236,19.75920575816364,1,False,False
83f022fffffffff,-70.37096310678686,24.92021038674405,1,False,False
83f023fffffffff,-69.61796800802851,22.72072396056837,1,False,False
83f024fffffffff,-71.76896161689497,21.002745218272786,1,False,False
83f025fffffffff,-70.97111020267383,18.76805836103997,1,False,False
83f026fffffffff,-71.45187315720224,24.20415504673797,1,False,False
83f028fffffffff,-68.01233162240385,18.71060775722282,1,False,False
83f029fffffffff,-67.1645769104417,16.886430578874624,1,False,False
83f02afffffffff,-67.75673983787884,21.462873513327768,1,False,False
83f02bfffffffff,-66.9439387064142,19.58514059151,1,False,False
83f02cfffffffff,-69.07808892212421,17.74927438248169,1,False,False
83f02dfffffffff,-68.22319438291176,15.86973355849063,1,False,False
83f02efffffffff,-68.83092801769718,20.65305066738888,1,False,False
83f030fffffffff,-70.72464701949804,30.239071945616743,1,False,False
83f031fffffffff,-70.01721248125484,27.81051066378232,1,False,False
83f032fffffffff,-70.29493394263552,33.133554325847506,1,False,False
83f033fffffffff,-69.62422185695975,30.63049250978605,1,False,False
83f034fffffffff,-71.8195942631478,29.804087519645098,1,False,False
83f035fffffffff,-71.10230966655679,27.264038357583807,1,False,False
83f036fffffffff,-71.40339269941687,32.864320486801425,1,False,False
83f040fffffffff,-62.393267267659176,14.052548386135555,1,False,False
83f041fffffffff,-61.46985957390896,12.678156641192356,1,False,False
83f042fffffffff,-62.24939941692031,16.367083267415968,1,False,False
83f043fffffffff,-61.35397039450646,14.944476589694345,1,False,False
83f044fffffffff,-63.4321285638953,13.091253495425034,1,False,False
83f045fffffffff,-62.49934435150805,11.692824715308603,1,False,False
83f046fffffffff,-63.29734021293905,15.5053880064544,1,False,False
83f048fffffffff,-59.50881083550085,12.314459612229962,1,False,False
83f049fffffffff,-58.56256535078175,11.098969440815452,1,False,False
83f04afffffffff,-59.41083660058504,14.449749772832243,1,False,False
83f04bfffffffff,-58.4896389190821,13.190221561669336,1,False,False
83f04cfffffffff,-60.52894441787169,11.377485683849804,1,False,False
83f04dfffffffff,-59.5722938551048,10.145996960935369,1,False,False
83f04efffffffff,-60.43985217592624,13.594970781947804,1,False,False
83f050fffffffff,-62.91529962023871,20.170019391390003,1,False,False
83f051fffffffff,-62.06972117653993,18.63039675065216,1,False,False
83f052fffffffff,-62.67260430691079,22.409471589014608,1,False,False
83f053fffffffff,-61.856359219969846,20.83735638184548,1,False,False
83f054fffffffff,-63.97689247567657,19.44844929071868,1,False,False
83f055fffffffff,-63.12432637920448,17.866992336259685,1,False,False
83f056fffffffff,-63.73752289431993,21.788688308550093,1,False,False
83f058fffffffff,-60.15828795421302,17.909133891679886,1,False,False
83f059fffffffff,-59.27990466749437,16.54684099796746,1,False,False
83f05afffffffff,-59.96938655622844,19.996244817104245,1,False,False
83f05bfffffffff,-59.11768601682937,18.60129254494708,1,False,False
83f05cfffffffff,-61.202603008705935,17.166234838099193,1,False,False
83f05dfffffffff,-60.31572659132284,15.773895804883155,1,False,False
83f05efffffffff,-61.017675663542015,19.338263052466143,1,False,False
83f060fffffffff,-64.55000123552776,9.486343750600518,1,False,False
83f061fffffffff,-63.57911874495831,8.134571877104706,1,False,False
83f062fffffffff,-64.46893285197375,12.052782440995106,1,False,False
83f063fffffffff,-63.526657605408815,10.631649654469005,1,False,False
83f064fffffffff,-65.56741009640879,8.247523046664895,1,False,False
83f065fffffffff,-64.58637224772808,6.883939834794516,1,False,False
83f066fffffffff,-65.50190999068309,10.928224699023351,1,False,False
83f068fffffffff,-61.58834924247502,8.036263320525906,1,False,False
83f069fffffffff,-60.59599470521545,6.850488010798407,1,False,False
83f06afffffffff,-61.5485087751637,10.37320759671191,1,False,False
83f06bfffffffff,-60.58144606556645,9.127210126182677,1,False,False
83f06cfffffffff,-62.59118446964671,6.866090250997751,1,False,False
83f06dfffffffff,-61.58803968724051,5.674566356497712,1,False,False
83f06efffffffff,-62.56583820076891,9.294792392404284,1,False,False
83f070fffffffff,-65.23591901236807,16.146584538753547,1,False,False
83f071fffffffff,-64.34497240192981,14.573947595665622,1,False,False
83f072fffffffff,-65.03989004335016,18.66601447058144,1,False,False
83f073fffffffff,-64.18019472495723,17.04155272161414,1,False,False
83f074fffffffff,-66.28996764353448,15.173414173429205,1,False,False
83f075fffffffff,-65.39071346948462,13.564494998406014,1,False,False
83f076fffffffff,-66.10294101484126,17.815007407839406,1,False,False
83f080fffffffff,-64.66742247920489,42.99976800425569,1,False,False
83f081fffffffff,-64.15584226834139,40.70318232482864,1,False,False
83f082fffffffff,-64.00238877919972,45.09618868443744,1,False,False
83f083fffffffff,-63.52460351729396,42.79742070291736,1,False,False
83f084fffffffff,-65.8099407657565,43.21991671783466,1,False,False
83f085fffffffff,-65.2961525600002,40.819348999156254,1,False,False
83f086fffffffff,-65.14590751971616,45.40184142270722,1,False,False
83f088fffffffff,-62.47947376174138,38.49261203527605,1,False,False
83f089fffffffff,-61.91843908615349,36.485526197920166,1,False,False
83f08afffffffff,-61.87723650287083,40.49743107922784,1,False,False
83f08bfffffffff,-61.34613249980952,38.47450412274115,1,False,False
83f08cfffffffff,-63.61459333459696,38.51218124832237,1,False,False
83f08dfffffffff,-63.04701136681111,36.42561922488696,1,False,False
83f08efffffffff,-63.01589922007515,40.59622743933629,1,False,False
83f090fffffffff,-63.71251185951007,49.48876544165712,1,False,False
83f091fffffffff,-63.30311194141343,47.1080837546517,1,False,False
83f092fffffffff,-62.947697030200686,51.39571362205344,1,False,False
83f093fffffffff,-62.57171392943749,49.03580024218945,1,False,False
83f094fffffffff,-64.8522346038691,49.979968493438456,1,False,False
83f095fffffffff,-64.4460118853185,47.49127384911765,1,False,False
83f096fffffffff,-64.08394654948754,51.95313278658514,1,False,False
83f098fffffffff,-61.71595458186357,44.55459740006067,1,False,False
83f099fffffffff,-61.24186114912991,42.43815584878956,1,False,False
83f09afffffffff,-61.01829157573008,46.42703502222322,1,False,False
83f09bfffffffff,-60.57501071133263,44.31357359446158,1,False,False
83f09cfffffffff,-62.85873976941153,44.81468792016384,1,False,False
83f09dfffffffff,-62.38243568209769,42.610804050679214,1,False,False
83f09efffffffff,-62.16019158965325,46.754425185400414,1,False,False
83f0a0fffffffff,-67.57420685677694,41.08452168552989,1,False,False
83f0a1fffffffff,-67.02171806819366,38.58166913039901,1,False,False
83f0a2fffffffff,-66.95120014097286,43.46031658314237,1,False,False
83f0a3fffffffff,-66.43591309612891,40.94597001332933,1,False,False
83f0a4fffffffff,-68.71012054315575,41.23677172757692,1,False,False
83f0a5fffffffff,-68.15504249112237,38.60928963092162,1,False,False
83f0a6fffffffff,-68.09023878310298,43.72388686157373,1,False,False
83f0a8fffffffff,-65.30714558057925,36.29045427315608,1,False,False
83f0a9fffffffff,-64.70123132354584,34.14513484421321,1,False,False
83f0aafffffffff,-64.75060254340295,38.53339608371508,1,False,False
83f0abfffffffff,-64.17687410049032,36.36080477766568,1,False,False
83f0acfffffffff,-66.43694141225816,36.213827026099,1,False,False
83f0adfffffffff,-65.82387716664142,33.97780704535731,1,False,False
83f0aefffffffff,-65.88660845559922,38.55647322224103,1,False,False
83f0b0fffffffff,-66.72747299087014,48.36221413537834,1,False,False
83f0b1fffffffff,-66.2882875672843,45.73487383362662,1,False,False
83f0b2fffffffff,-65.9897287406554,50.5143823447609,1,False,False
83f0b3fffffffff,-65.58782767235492,47.90781657098346,1,False,False
83f0b4fffffffff,-67.86383825780412,48.8598066473302,1,False,False
83f0b5fffffffff,-67.42850784803295,46.09911146516377,1,False,False
83f0b6fffffffff,-67.12380614106273,51.097864575770295,1,False,False
83f0c0fffffffff,-60.57510613975577,29.070356271765547,1,False,False
83f0c1fffffffff,-59.92067166726592,27.461105544138245,1,False,False
83f0c2fffffffff,-60.11690326058667,31.02125209935767,1,False,False
83f0c3fffffffff,-59.48589268378288,29.37538986679595,1,False,False
83f0c4fffffffff,-61.66640645165808,28.74317030572564,1,False,False
83f0c5fffffffff,-60.99980247895837,27.086170900186247,1,False,False
83f0c6fffffffff,-61.21756164595901,30.7674183154903,1,False,False
83f0c8fffffffff,-58.19252567919051,26.325528152450907,1,False,False
83f0c9fffffffff,-57.42543249218439,24.90516911598184,1,False,False
83f0cafffffffff,-57.7697759844808,28.139424594548903,1,False,False
83f0cbfffffffff,-57.13156067114176,26.6915738484546,1,False,False
83f0ccfffffffff,-59.23367319264818,25.93498216936336,1,False,False
83f0cdfffffffff,-58.46146000833506,24.47367886632944,1,False,False
83f0cefffffffff,-58.843705024729445,27.81141508417209,1,False,False
83f0d0fffffffff,-60.217735500469615,34.695414078332306,1,False,False
83f0d1fffffffff,-59.62591210896047,32.93528723153204,1,False,False
83f0d2fffffffff,-59.66865551851385,36.59268981615019,1,False,False
83f0d3fffffffff,-59.10299761477391,34.809352062225145,1,False,False
83f0d4fffffffff,-61.3357895912886,34.57306826993615,1,False,False
83f0d5fffffffff,-60.734378794499705,32.75266790908849,1,False,False
83f0d6fffffffff,-60.79203231066881,36.54106260824807,1,False,False
83f0d8fffffffff,-57.924964626807046,31.47923978291826,1,False,False
83f0d9fffffffff,-57.317187160221096,29.92737146264572,1,False,False
83f0dafffffffff,-57.420405068859445,33.26500376818254,1,False,False
83f0dbfffffffff,-56.83535578575661,31.686519514740265,1,False,False
83f0dcfffffffff,-59.019088365749326,31.25797013524513,1,False,False
83f0ddfffffffff,-58.39963767630453,29.660431521850374,1,False,False
83f0defffffffff,-58.52097761843855,33.1056700980505,1,False,False
83f0e0fffffffff,-63.16092283951958,26.2514148103003,1,False,False
83f0e1fffffffff,-62.39867119297112,24.581396984518825,1,False,False
83f0e2fffffffff,-62.75889806238911,28.39135176447696,1,False,False
83f0e3fffffffff,-62.080195877956335,26.683955810343186,1,False,False
83f0e4fffffffff,-64.23074233870626,25.784242290636687,1,False,False
83f0e5fffffffff,-63.46465551323131,24.05753091076092,1,False,False
83f0e6fffffffff,-63.85166276493309,28.012039904513905,1,False,False
83f0e8fffffffff,-60.55537452357812,23.516451387678845,1,False,False
83f0e9fffffffff,-59.75096964459119,22.03149500261743,1,False,False
83f0eafffffffff,-60.28229059144603,25.51626442258457,1,False,False
83f0ebfffffffff,-59.50504945182844,24.011855678722245,1,False,False
83f0ecfffffffff,-61.61154521813544,22.983747934784315,1,False,False
83f0edfffffffff,-60.80122596107883,21.456190745201283,1,False,False
83f0eefffffffff,-61.33757633238319,25.06626262193576,1,False,False
83f0f0fffffffff,-62.95849019532448,32.34505776019395,1,False,False
83f0f1fffffffff,-62.3201942227315,30.494553982470013,1,False,False
83f0f2fffffffff,-62.4563046718921,34.44134957626088,1,False,False
83f0f3fffffffff,-61.84552744297172,32.55644899307995,1,False,False
83f0f4fffffffff,-64.07238440786291,32.11667016221679,1,False,False
83f0f5fffffffff,-63.42391225952044,30.200449496200854,1,False,False
83f0f6fffffffff,-63.57841171432743,34.29913958196885,1,False,False
83f100fffffffff,-75.7345206568014,20.30380802292564,1,False,False
83f101fffffffff,-74.95484750828902,17.54690693948796,1,False,False
83f102fffffffff,-75.40258582345334,24.33303231684107,1,False,False
83f103fffffffff,-74.6731387147303,21.47513826856002,1,False,False
83f104fffffffff,-76.78656024077317,18.95278382809144,1,False,False
83f105fffffffff,-75.9981781127106,16.062627728347064,1,False,False
83f106fffffffff,-76.4696242595073,23.3233591776559,1,False,False
83f108fffffffff,-73.0891522997659,16.42589508611547,1,False,False
83f109fffffffff,-72.24195046724672,14.201403980823455,1,False,False
83f10afffffffff,-72.83809736909588,19.9883950728434,1,False,False
83f10bfffffffff,-72.0338339431287,17.663508675542577,1,False,False
83f10cfffffffff,-74.13488297458765,15.03102584543902,1,False,False
83f10dfffffffff,-73.2784976973425,12.73440289283565,1,False,False
83f10efffffffff,-73.90072102289963,18.84486336515413,1,False,False
83f110fffffffff,-75.77392523507902,31.407276640751128,1,False,False
83f111fffffffff,-75.06205422103683,28.15131762949308,1,False,False
83f112fffffffff,-75.35418927968385,35.21822846167354,1,False,False
83f113fffffffff,-74.69250230548356,31.84353330351285,1,False,False
83f114fffffffff,-76.84644341418864,30.904906207851543,1,False,False
83f115fffffffff,-76.12545164655562,27.443544990677907,1,False,False
83f116fffffffff,-76.4413044443795,35.01035571443443,1,False,False
83f118fffffffff,-73.25162280403764,25.977177033957105,1,False,False
83f119fffffffff,-72.53016434525898,23.402582606875026,1,False,False
83f11afffffffff,-72.90812100115403,29.317897583294243,1,False,False
83f11bfffffffff,-72.1808010639088,26.65648818975646,1,False,False
83f11cfffffffff,-74.32942264724998,25.20950975217665,1,False,False
83f11dfffffffff,-73.60443646181207,22.499578919465463,1,False,False
83f11efffffffff,-73.98926895794241,28.77097918788117,1,False,False
83f12afffffffff,-75.1685051396702,13.448913142690325,1,False,False
83f12bfffffffff,-74.30180691464226,11.083231948892884,1,False,False
83f130fffffffff,-78.21961893927252,25.67740693029228,1,False,False
83f131fffffffff,-77.52883771293043,22.14842982598193,1,False,False
83f132fffffffff,-77.90917642855122,30.320259032713032,1,False,False
83f133fffffffff,-77.17837081037561,26.6277004161294,1,False,False
83f134fffffffff,-79.27584084313813,24.54903914037404,1,False,False
83f135fffffffff,-78.57822143158008,20.76533877067362,1,False,False
83f136fffffffff,-78.96120338214108,29.63147793343398,1,False,False
83f140fffffffff,-69.55370245117892,5.342143423469391,1,False,False
83f141fffffffff,-68.56138485010688,3.856525791219969,1,False,False
83f142fffffffff,-69.5175063240255,8.532723370610134,1,False,False
83f143fffffffff,-68.55750076844058,6.9286500902833605,1,False,False
83f144fffffffff,-70.53412509730458,3.6017140315381977,1,False,False
83f145fffffffff,-69.53120630517307,2.122546383106461,1,False,False
83f146fffffffff,-70.52406199357924,6.9571664195524,1,False,False
83f148fffffffff,-66.57394710107236,4.0716681044241,1,False,False
83f149fffffffff,-65.55458809389059,2.79710805709827,1,False,False
83f14afffffffff,-66.57673038220736,6.904560002235318,1,False,False
83f14bfffffffff,-65.58543736426824,5.533242794523164,1,False,False
83f14cfffffffff,-67.54930241282646,2.4871359343314943,1,False,False
83f14dfffffffff,-66.51949463360113,1.222242831057682,1,False,False
83f14efffffffff,-67.57559352412984,5.4454254527397765,1,False,False
83f150fffffffff,-70.32414070384388,13.519998086950087,1,False,False
83f151fffffffff,-69.42447375728935,11.675272968596415,1,False,False
83f152fffffffff,-70.1395443211474,16.688174331392418,1,False,False
83f153fffffffff,-69.27703212933565,14.752489651275834,1,False,False
83f154fffffffff,-71.36234299304681,12.154795652768229,1,False,False
83f155fffffffff,-70.45328895182756,10.270193893140362,1,False,False
83f156fffffffff,-71.19485298060899,15.51178248704812,1,False,False
83f158fffffffff,-67.4694388758528,11.272024623342608,1,False,False
83f159fffffffff,-66.52912148609204,9.707397315124725,1,False,False
83f15afffffffff,-67.34066709229312,14.111966156346448,1,False,False
83f15bfffffffff,-66.43283448478061,12.46751421706686,1,False,False
83f15cfffffffff,-68.49843574195269,9.965329110617295,1,False,False
83f15dfffffffff,-67.54843625407585,8.378650378477264,1,False,False
83f15efffffffff,-68.38617946800207,12.950496512873348,1,False,False
83f16afffffffff,-68.5086415237856,0.7662061172957572,1,False,False
83f172fffffffff,-72.3891824313985,10.636060405769442,1,False,False
83f173fffffffff,-71.4700868230956,8.716339366233786,1,False,False
83f176fffffffff,-73.40185517557848,8.938891425352676,1,False,False
83f180fffffffff,-72.6049313302057,45.0924428478297,1,False,False
83f181fffffffff,-72.0945748402462,41.79952958524339,1,False,False
83f182fffffffff,-71.94693703470375,47.97496317457255,1,False,False
83f183fffffffff,-71.4844017551966,44.69260159888623,1,False,False
83f184fffffffff,-73.71842579478803,45.54286411924254,1,False,False
83f185fffffffff,-73.21202364889426,42.03331641042089,1,False,False
83f186fffffffff,-73.0605775684128,48.58654784580186,1,False,False
83f188fffffffff,-70.41282544137091,38.6733533007367,1,False,False
83f189fffffffff,-69.81467332284659,35.936590874344205,1,False,False
83f18afffffffff,-69.84274807684784,41.4048547809153,1,False,False
83f18bfffffffff,-69.28570107617746,38.63970237545705,1,False,False
83f18cfffffffff,-71.53556334185706,38.71078863587053,1,False,False
83f18dfffffffff,-70.93380550722398,35.82411093435158,1,False,False
83f18efffffffff,-70.97119374332404,41.59137270147938,1,False,False
83f190fffffffff,-71.60066518923517,54.0835926302525,1,False,False
83f191fffffffff,-71.24174438556473,50.682396136560456,1,False,False
83f192fffffffff,-70.80663258540115,56.5518003831185,1,False,False
83f193fffffffff,-70.49303236035972,53.21920655972133,1,False,False
83f194fffffffff,-72.69816644860283,55.04905487212165,1,False,False
83f195fffffffff,-72.35329561415404,51.431399458224526,1,False,False
83f196fffffffff,-71.89798165256626,57.61809441426237,1,False,False
83f198fffffffff,-69.6983254150413,46.94040133691748,1,False,False
83f199fffffffff,-69.22609361479259,44.014134040962105,1,False,False
83f19afffffffff,-68.99578831766756,49.40697358363044,1,False,False
83f19bfffffffff,-68.56553547739354,46.4991217396562,1,False,False
83f19cfffffffff,-70.82581847298717,47.42962280356875,1,False,False
83f19dfffffffff,-70.35780189210787,44.33530666012399,1,False,False
83f19efffffffff,-70.12215795298249,50.011395309709805,1,False,False
83f1a0fffffffff,-75.42573342320951,42.59932687356137,1,False,False
83f1a1fffffffff,-74.86925317663365,38.85347995853371,1,False,False
83f1a2fffffffff,-74.82391153518869,46.05404306945387,1,False,False
83f1a3fffffffff,-74.3226884788788,42.2977679115169,1,False,False
83f1a4fffffffff,-76.5203362685484,42.94637203720468,1,False,False
83f1a5fffffffff,-75.96636850528098,38.91484578307328,1,False,False
83f1a6fffffffff,-75.92039605561406,46.639061553999866,1,False,False
83f1a8fffffffff,-73.15683833280568,35.55805639674826,1,False,False
83f1a9fffffffff,-72.50638053963952,32.56369855230202,1,False,False
83f1aafffffffff,-72.65308234029158,38.75268477542804,1,False,False
83f1abfffffffff,-72.0481345455262,35.69871858354489,1,False,False
83f1acfffffffff,-74.259115906676,35.39915632379873,1,False,False
83f1adfffffffff,-73.60303579420642,32.22587965608358,1,False,False
83f1aefffffffff,-73.76457323137272,38.79988950576168,1,False,False
83f1b0fffffffff,-74.54692515983592,53.22348945595925,1,False,False
83f1b1fffffffff,-74.16559858910341,49.27705901255173,1,False,False
83f1b2fffffffff,-73.78392375203319,56.133764612831456,1,False,False
83f1b3fffffffff,-73.45549292833192,52.27253889669374,1,False,False
83f1b4fffffffff,-75.62605101149698,54.3066131343829,1,False,False
83f1b5fffffffff,-75.26080204104595,50.06258318311818,1,False,False
83f1b6fffffffff,-74.85615891196122,57.360325203818334,1,False,False
830000fffffffff,65.43397125816853,47.2293147808766,0,False,False
830002fffffffff,65.84568006783469,49.6197556525936,0,False,False
830004fffffffff,64.40296290347374,47.10122242961159,0,False,False
830005fffffffff,64.99056411867141,44.939582636608336,0,False,False
830006fffffffff,64.80955154797607,49.38168229210479,0,False,False
830010fffffffff,65.5223403561146,54.21132183263957,0,False,False
830011fffffffff,66.22243427953924,52.10883104610666,0,False,False
830012fffffffff,65.8226270624955,56.75280812395814,0,False,False
830013fffffffff,66.56099129050926,54.69280809052473,0,False,False
830014fffffffff,64.49553510149352,53.77218843679803,0,False,False
830015fffffffff,65.18367270950363,51.75274497897504,0,False,False
830016fffffffff,64.79775553116626,56.19379995596415,0,False,False
830021fffffffff,63.50430664172131,42.817750450680535,0,False,False
830022fffffffff,63.38572966926105,46.983948369752135,0,False,False
830023fffffffff,63.96689780129733,44.91307785690114,0,False,False
830024fffffffff,61.96186636867274,44.86639387747752,0,False,False
830025fffffffff,62.5039794226262,42.87892409212496,0,False,False
830026fffffffff,62.38263812763909,46.87617848087213,0,False,False
83002efffffffff,64.51867390674256,42.75117880686381,0,False,False
830030fffffffff,63.14485240801882,51.12971053520244,0,False,False
830031fffffffff,63.78678775720999,49.1640531119899,0,False,False
830032fffffffff,63.48120280651924,53.37010054661713,0,False,False
830033fffffffff,64.15764161443656,51.42765838581212,0,False,False
830034fffffffff,62.14575218404894,50.855653496758215,0,False,False
830035fffffffff,62.77781442754792,48.96434865579813,0,False,False
830036fffffffff,62.47989090223313,53.000595178029066,0,False,False
830061fffffffff,58.19359521849267,41.60639634317733,0,False,False
830065fffffffff,57.189928221481374,42.00747329348699,0,False,False
83006cfffffffff,58.568223822998426,39.677813154194745,0,False,False
83006efffffffff,59.20744627265779,41.176994293070905,0,False,False
830080fffffffff,67.47269196001719,65.8373682807572,0,False,False
830081fffffffff,68.34246720489453,63.930231041846,0,False,False
830082fffffffff,67.5769963359294,68.77381814280669,0,False,False
830083fffffffff,68.48309926586059,66.97446780824542,0,False,False
830084fffffffff,66.46611213363629,64.80429456249988,0,False,False
830085fffffffff,67.3166664302977,62.948826380903895,0,False,False
830086fffffffff,66.5869822818559,67.5989316700541,0,False,False
830088fffffffff,70.2423735791795,62.88178395678681,0,False,False
830089fffffffff,71.08738950328923,60.55360638357798,0,False,False
83008afffffffff,70.40595114665265,66.22301428416398,0,False,False
83008bfffffffff,71.29569922831683,64.02066274754416,0,False,False
83008cfffffffff,69.19270759572422,61.86348941784954,0,False,False
83008dfffffffff,70.01941278196747,59.62233968375404,0,False,False
83008efffffffff,69.37283942112661,65.01606554058519,0,False,False
830090fffffffff,66.67779447054984,73.28294127970476,0,False,False
830091fffffffff,67.62795109737813,71.7436444949653,0,False,False
830092fffffffff,66.64575224585484,76.14501506635652,0,False,False
830093fffffffff,67.62444342484237,74.73127361265232,0,False,False
830094fffffffff,65.72901860508046,71.95584099765135,0,False,False
830095fffffffff,66.6579532558607,70.42958694404537,0,False,False
830096fffffffff,65.72057294719482,74.69772166948832,0,False,False
830098fffffffff,69.55840291385996,71.48971183218515,0,False,False
830099fffffffff,70.50745308110041,69.62570549395265,0,False,False
83009afffffffff,69.56035673262582,74.77144391623861,0,False,False
83009bfffffffff,70.54489279291903,73.0670660369431,0,False,False
83009cfffffffff,68.56822445767607,70.0651801409642,0,False,False
83009dfffffffff,69.49542782735334,68.23109117138002,0,False,False
83009efffffffff,68.59629531640681,73.1851421403175,0,False,False
8300a0fffffffff,65.28485339015182,61.24608378296654,0,False,False
8300a1fffffffff,66.08172459934808,59.37098486762022,0,False,False
8300a2fffffffff,65.46500117161943,63.86218445493271,0,False,False
8300a3fffffffff,66.29700967080143,62.05797870491959,0,False,False
8300a4fffffffff,64.2813713910697,60.503377816239535,0,False,False
8300a5fffffffff,65.06168451939806,58.68729615560502,0,False,False
8300a6fffffffff,64.47077748275996,62.99997877152583,0,False,False
8300a8fffffffff,67.90354402361449,58.04191130802549,0,False,False
8300aafffffffff,68.14842578341229,60.94814332835695,0,False,False
8300abfffffffff,68.9576778954005,58.78999653066836,0,False,False
8300acfffffffff,66.8581865824993,57.36612677134672,0,False,False
8300adfffffffff,67.61077201580449,55.22300580025304,0,False,False
8300aefffffffff,67.11100644114019,60.12128887584474,0,False,False
8300b0fffffffff,64.72177965072237,68.12597090699174,0,False,False
8300b1fffffffff,65.60013263181585,66.52630914562306,0,False,False
8300b2fffffffff,64.78036993372453,70.736623024121,0,False,False
8300b3fffffffff,65.68857335028339,69.22800038486533,0,False,False
8300b4fffffffff,63.759281435503375,67.11234030856579,0,False,False
8300b5fffffffff,64.61813351194088,65.54381818315926,0,False,False
8300b6fffffffff,63.83381275972866,69.6136269565465,0,False,False
830100fffffffff,58.51740873037396,46.52026608652482,0,False,False
830101fffffffff,59.06436730195084,44.80881016184093,0,False,False
830102fffffffff,58.88651906575826,48.30681322612256,0,False,False
830103fffffffff,59.46118354246758,46.59959791108713,0,False,False
830104fffffffff,57.588937195079744,46.44628196009798,0,False,False
830105fffffffff,58.12873209943506,44.79225037730575,0,False,False
830106fffffffff,57.95109835016461,48.1705206451352,0,False,False
830108fffffffff,60.54664522661019,42.98750615216417,0,False,False
830109fffffffff,61.05348668446177,41.08258397615404,0,False,False
83010afffffffff,60.98111678493205,44.84573072450543,0,False,False
83010bfffffffff,61.51800313134484,42.93533057639597,0,False,False
83010cfffffffff,59.59013122017191,43.035909559166505,0,False,False
83010dfffffffff,60.09284699908465,41.20177340583916,0,False,False
83010efffffffff,60.01521640575466,44.826590261977074,0,False,False
830110fffffffff,58.61337447045471,51.78062975447728,0,False,False
830111fffffffff,59.23418130389148,50.15126658179023,0,False,False
830112fffffffff,58.909951680462434,53.66402503225503,0,False,False
830113fffffffff,59.55849747931126,52.052480497552935,0,False,False
830114fffffffff,57.68302932437361,51.52716173973504,0,False,False
830115fffffffff,58.29316717516768,49.94896670194584,0,False,False
830116fffffffff,57.97666167637495,53.34281620354074,0,False,False
830119fffffffff,61.39400779831888,46.77680307330528,0,False,False
83011afffffffff,61.16072815255774,50.60273568877798,0,False,False
83011bfffffffff,61.78300369752526,48.78044630372733,0,False,False
83011cfffffffff,59.83710627409363,48.45310781969332,0,False,False
83011dfffffffff,60.42011278662044,46.68487864530178,0,False,False
83011efffffffff,60.19011156807964,50.36861090687653,0,False,False
830121fffffffff,56.81131368046111,43.16217681337757,0,False,False
830123fffffffff,57.20843577752079,44.77678944682294,0,False,False
830128fffffffff,58.21595707163392,41.41569451890056,0,False,False
83012afffffffff,58.648646309466,43.08093554154067,0,False,False
83012bfffffffff,59.14694461823154,41.31252182771734,0,False,False
83012cfffffffff,57.30002316477904,41.51204249183407,0,False,False
83012efffffffff,57.72233714125598,43.12292562963547,0,False,False
830131fffffffff,57.03098628156478,48.04323963718728,0,False,False
830132fffffffff,56.76765100176967,51.29028184483565,0,False,False
830133fffffffff,57.36725307883773,49.76020602990057,0,False,False
830149fffffffff,55.60497875727635,40.996399445165565,0,False,False
83014bfffffffff,56.19704688415924,42.38290261676975,0,False,False
830156fffffffff,62.02864535672189,40.95395143255296,0,False,False
830180fffffffff,60.58499625244899,60.18125360388371,0,False,False
830181fffffffff,61.33248315069664,58.61371570901029,0,False,False
830184fffffffff,59.64066279575672,59.60163161272583,0,False,False
830185fffffffff,60.37259626597603,58.07642885222506,0,False,False
830188fffffffff,63.05303729450326,57.48777627055008,0,False,False
830189fffffffff,63.78434794179247,55.6822878290856,0,False,False
83018afffffffff,63.28758102029346,59.8215985213135,0,False,False
83018bfffffffff,64.05184467776199,58.06189946597564,0,False,False
83018cfffffffff,62.0659838680574,56.95897171259187,0,False,False
83018dfffffffff,62.7830797284325,55.212537280207606,0,False,False
83018efffffffff,62.30436398722619,59.19371566105776,0,False,False
830190fffffffff,60.099669316281705,65.8981907204242,0,False,False
830191fffffffff,60.91148423055565,64.51141171073385,0,False,False
830192fffffffff,60.18601333057432,68.05559401912099,0,False,False
830193fffffffff,61.022766953364616,66.72627967679928,0,False,False
830195fffffffff,59.97922170580036,63.76659710403264,0,False,False
830198fffffffff,62.67433883079652,63.80912685667516,0,False,False
830199fffffffff,63.48466955931486,62.20827079261728,0,False,False
83019afffffffff,62.80256520765607,66.1774469527754,0,False,False
83019bfffffffff,63.64244619793404,64.64106771375613,0,False,False
83019cfffffffff,61.71491218889758,63.040291778364,0,False,False
83019efffffffff,61.852924450038834,65.3129041111501,0,False,False
8301a0fffffffff,58.49097670714181,57.112721520694535,0,False,False
8301a2fffffffff,58.70850751278017,59.06198693125642,0,False,False
8301a3fffffffff,59.42526742189645,57.57738924764232,0,False,False
8301a4fffffffff,57.5701285053507,56.679048077908405,0,False,False
8301a5fffffffff,58.24651200719999,55.20541637552342,0,False,False
8301a6fffffffff,57.78903170114131,58.558408081772974,0,False,False
8301a8fffffffff,60.81922410660312,54.37960763644171,0,False,False
8301a9fffffffff,61.49207415851055,52.65989346989123,0,False,False
8301aafffffffff,61.091307761705984,56.470403997653065,0,False,False
8301abfffffffff,61.79453672082329,54.77969066596355,0,False,False
8301acfffffffff,59.85757395656163,54.00873882256575,0,False,False
8301adfffffffff,60.51816074543573,52.34477533194872,0,False,False
8301aefffffffff,60.12954459413423,56.01771260903588,0,False,False
8301b0fffffffff,58.1454995924704,62.42536237280862,0,False,False
8301b1fffffffff,58.89763344832592,61.04995860207441,0,False,False
8301b2fffffffff,58.27005767956295,64.3433690472949,0,False,False
8301b3fffffffff,59.05698335402881,63.07288066004756,0,False,False
8301b4fffffffff,57.1881086563184,61.556533512165934,0,False,False
8301b5fffffffff,57.981259621147096,60.474944466997,0,False,False
8301b6fffffffff,57.32064817491308,63.419419760020745,0,False,False
830200fffffffff,72.16026417506448,22.73894583305464,0,False,False
830202fffffffff,72.94066983758786,20.14023090229573,0,False,False
830204fffffffff,72.33552189495329,26.19612860200944,0,False,False
830205fffffffff,71.34830808219897,25.122586428755604,0,False,False
830206fffffffff,73.1646724873283,23.718528710693864,0,False,False
830209fffffffff,68.79330122986794,17.389184623732152,0,False,False
83020bfffffffff,69.52246976475534,14.974466136331262,0,False,False
830210fffffffff,74.7243740311501,17.98750624186125,0,False,False
830211fffffffff,73.68634180369595,17.30050728044159,0,False,False
830212fffffffff,75.44230730857062,14.683819790980994,0,False,False
830213fffffffff,74.39136390934007,14.200649447167278,0,False,False
830214fffffffff,74.99372523579491,21.966220895118,0,False,False
830215fffffffff,73.96293516197714,20.990815430841177,0,False,False
830216fffffffff,75.77217356985864,18.781900395804165,0,False,False
830219fffffffff,71.27581990822635,12.801900506298011,0,False,False
83021bfffffffff,71.9250068851811,9.941030085734276,0,False,False
830221fffffffff,70.60486136461074,30.4987032278737,0,False,False
830223fffffffff,71.48071837702297,28.448416851737843,0,False,False
830225fffffffff,70.63718354902026,33.75246192181597,0,False,False
83022afffffffff,70.34481510343068,24.17465278120252,0,False,False
83022cfffffffff,69.64076488355906,29.332476139551844,0,False,False
83022efffffffff,70.5071613153755,27.31495134254492,0,False,False
830230fffffffff,74.32153395526943,28.79970586433917,0,False,False
830231fffffffff,73.32654623886569,27.414681689013307,0,False,False
830232fffffffff,75.19337251783159,26.11070140437394,0,False,False
830233fffffffff,74.17630167892266,24.832846157604024,0,False,False
830250fffffffff,67.36140209661593,14.08327600701342,0,False,False
830251fffffffff,66.26270963021176,13.690043783167416,0,False,False
830252fffffffff,68.05185424295998,11.700454210162937,0,False,False
830253fffffffff,66.95259400433936,11.392768871019696,0,False,False
830254fffffffff,67.72114815626969,16.83977433011458,0,False,False
830256fffffffff,68.44824155998406,14.50994966943177,0,False,False
83025cfffffffff,65.15294939964431,13.32650275857033,0,False,False
83025efffffffff,65.84221071752305,11.109059134587346,0,False,False
830270fffffffff,66.71740366350278,22.25745248973092,0,False,False
830272fffffffff,68.03051083321404,19.65154099170521,0,False,False
830274fffffffff,66.90835931474165,24.983944533128007,0,False,False
830276fffffffff,68.28857685630427,22.50636301555542,0,False,False
830280fffffffff,76.66821110424222,-1.0478179643078618,0,False,False
830281fffffffff,75.62379617375507,-0.3583941802597171,0,False,False
830282fffffffff,77.06487942040701,-5.563970585584033,0,False,False
830283fffffffff,76.0348752628394,-4.504665867643396,0,False,False
830284fffffffff,77.25752708996887,2.7843955312428914,0,False,False
830285fffffffff,76.19512784791756,3.199330398135715,0,False,False
830286fffffffff,77.72132801869189,-1.8611321245919887,0,False,False
830289fffffffff,72.96762793008729,-2.9171137492889083,0,False,False
83028afffffffff,74.36709651787238,-7.035576123067123,0,False,False
83028bfffffffff,73.34968057393601,-6.435092386192827,0,False,False
83028dfffffffff,73.56823248091207,0.2617578462765956,0,False,False
83028efffffffff,75.01741946833857,-3.752929085189277,0,False,False
830291fffffffff,77.37846453154661,-10.31446533540846,0,False,False
830295fffffffff,78.10014820492121,-6.816218980631232,0,False,False
830296fffffffff,77.86101936816627,-9.060087702989458,0,False,False
830299fffffffff,74.66648362871409,-10.885931568379863,0,False,False
83029cfffffffff,76.37086825023445,-8.861167121512565,0,False,False
83029dfffffffff,75.36855998450729,-7.707256234907786,0,False,False
8302a1fffffffff,76.10930376064366,11.057813318923468,0,False,False
8302a3fffffffff,76.71725025890555,7.093420813836001,0,False,False
8302a8fffffffff,74.60048058219982,7.214129010911982,0,False,False
8302a9fffffffff,73.57049666543394,7.046493164566568,0,False,False
8302aafffffffff,75.14353716691129,3.552452297236785,0,False,False
8302abfffffffff,74.11405107760446,3.6408953116686495,0,False,False
8302acfffffffff,75.04924063434524,10.8239914513451,0,False,False
8302aefffffffff,75.65295928913746,7.158471465651795,0,False,False
8302b3fffffffff,78.7818737333798,-2.8345908381273137,0,False,False
8302c0fffffffff,69.31271682105819,0.9600417160766116,0,False,False
8302c2fffffffff,69.78657155891388,-1.9484117511286847,0,False,False
8302c4fffffffff,69.8797827335663,3.734554044864257,0,False,False
8302c5fffffffff,68.78922830761535,3.752819365213247,0,False,False
8302c6fffffffff,70.39614000097171,0.8100625838173566,0,False,False
8302d0fffffffff,71.2694792913632,-5.4071648645685535,0,False,False
8302d1fffffffff,70.20795084468658,-4.963998455000257,0,False,False
8302d4fffffffff,71.92092219304075,-2.5618861944884603,0,False,False
8302d5fffffffff,70.86038087749861,-2.240520126573264,0,False,False
8302d6fffffffff,72.31693398546072,-5.895168134068282,0,False,False
8302e0fffffffff,69.79046487440152,9.411906260240787,0,False,False
8302e1fffffffff,68.70411667779814,9.181929285963207,0,False,False
8302e2fffffffff,70.39800730068355,6.638059554389527,0,False,False
8302e3fffffffff,69.31461465470535,6.5263473257443625,0,False,False
8302e4fffffffff,70.21414122801015,12.400937922882026,0,False,False
8302e5fffffffff,69.13926674216545,12.035268179704715,0,False,False
8302e6fffffffff,70.86429070599976,9.663842663800146,0,False,False
8302e8fffffffff,67.1123767633218,6.330522705862323,0,False,False
8302eafffffffff,67.68699254730893,3.7695456069792392,0,False,False
8302ecfffffffff,67.6058738400823,8.971167112632257,0,False,False
8302edfffffffff,66.49640528197621,8.777313237801462,0,False,False
8302eefffffffff,68.21919680143675,6.424229929993071,0,False,False
8302f0fffffffff,72.02352421904627,3.6924703599797866,0,False,False
8302f1fffffffff,70.95806299697314,3.714526976118701,0,False,False
8302f2fffffffff,72.52441517689243,0.4634660009760979,0,False,False
8302f3fffffffff,71.46688593628652,0.6453024040555339,0,False,False
8302f4fffffffff,72.5264558919311,6.896233989797291,0,False,False
8302f5fffffffff,71.46879789427865,6.760784572870263,0,False,False
8302f6fffffffff,73.07566975184587,3.6680592252484696,0,False,False
830342fffffffff,66.25265869695771,34.64018172208773,0,False,False
830350fffffffff,68.80563757658258,34.076844716114955,0,False,False
830351fffffffff,67.5720057256393,32.892279767961135,0,False,False
830352fffffffff,69.71198675059462,32.36839419682445,0,False,False
830353fffffffff,68.48424596302112,31.22068546683029,0,False,False
830354fffffffff,68.76962735664725,37.05779071951475,0,False,False
830355fffffffff,67.87682549456979,35.66829567403571,0,False,False
830356fffffffff,69.70852919228852,35.48259766480141,0,False,False
83035afffffffff,67.050585546902,27.71923093224222,0,False,False
83035cfffffffff,66.22594429012358,32.03346974526957,0,False,False
83035efffffffff,67.1446452738436,30.45088284252169,0,False,False
830372fffffffff,68.68065858321691,40.04415451460475,0,False,False
830373fffffffff,67.82332374036795,38.495873298163886,0,False,False
830389fffffffff,76.03152953532262,23.09538515701345,0,False,False
830400fffffffff,80.31227437993114,104.66168926886024,0,False,False
830401fffffffff,81.49378790321398,104.65893178576049,0,False,False
830402fffffffff,79.67152813198945,110.37894078546196,0,False,False
830403fffffffff,80.8465858519097,111.10570241463655,0,False,False
830404fffffffff,79.67086508263786,98.947088148397,0,False,False
830405fffffffff,80.84583856169724,98.215619800715,0,False,False
830406fffffffff,79.13076083938027,104.66385229309158,0,False,False
830408fffffffff,79.2447407696089,89.56622651565922,0,False,False
830409fffffffff,80.23224904903424,85.96697568961802,0,False,False
83040afffffffff,79.20602142508498,95.8776089235131,0,False,False
83040bfffffffff,80.26008571320611,92.92553060113154,0,False,False
83040cfffffffff,78.19770029197933,86.78345162687529,0,False,False
83040dfffffffff,79.1560333873187,83.28638167301847,0,False,False
83040efffffffff,78.2205394956431,92.56312629490836,0,False,False
830410fffffffff,77.78118700286402,114.36809007091657,0,False,False
830411fffffffff,78.9428701693585,115.389174554834,0,False,False
830412fffffffff,77.00147726682154,118.40953925482891,0,False,False
830413fffffffff,78.14349960231758,119.75248130644188,0,False,False
830414fffffffff,77.32038261145007,109.32683311502478,0,False,False
830415fffffffff,78.49567360297183,109.7995144312348,0,False,False
830416fffffffff,76.61836067803343,113.52338033364416,0,False,False
830418fffffffff,77.92025604030728,103.90846240098656,0,False,False
830419fffffffff,79.04125836194737,102.070100669754,0,False,False
83041afffffffff,79.49453295887201,127.66886456337916,0,False,False
83041bfffffffff,78.7564372014117,108.00949877575408,0,False,False
83041cfffffffff,80.10131692855306,116.64740320088826,0,False,False
83041dfffffffff,78.12708418067845,98.30880008237692,0,False,False
83041efffffffff,79.27930421376705,121.37841921083624,0,False,False
830420fffffffff,79.27738958373864,87.9502820036911,0,False,False
830421fffffffff,80.40304662518103,85.94142394027276,0,False,False
830422fffffffff,78.94163129615957,93.93973069341132,0,False,False
830423fffffffff,80.09993450344325,92.67765690716531,0,False,False
830426fffffffff,78.1417668314437,89.57927922439285,0,False,False
830428fffffffff,82.39505323293395,89.01943994762912,0,False,False
830429fffffffff,77.8101104156686,75.57659338699865,0,False,False
83042afffffffff,82.01841975234068,97.27146227100452,0,False,False
83042bfffffffff,78.05939960848083,81.08577621306193,0,False,False
83042cfffffffff,81.5136278660883,83.40952107184488,0,False,False
83042dfffffffff,76.66912150379883,74.23959847412233,0,False,False
83042efffffffff,81.25229755052686,91.08584612568173,0,False,False
830430fffffffff,77.31984170370548,100.0060512606288,0,False,False
830431fffffffff,78.49507779504849,99.53028437046022,0,False,False
830432fffffffff,76.77174459736806,104.66702752006208,0,False,False
830433fffffffff,77.95025128210366,104.66559438444068,0,False,False
830434fffffffff,76.61733576353669,95.81134594809784,0,False,False
830435fffffffff,77.78006507217373,94.96398443428524,0,False,False
830436fffffffff,76.14639181285447,100.40151848657038,0,False,False
830440fffffffff,82.33523227054906,61.53141575040173,0,False,False
830441fffffffff,82.86428794636393,53.55714289535159,0,False,False
830442fffffffff,82.8304655380144,69.73801683583872,0,False,False
830443fffffffff,83.49951583293539,61.787195597340144,0,False,False
830444fffffffff,81.16743702726924,61.34227713273116,0,False,False
830445fffffffff,81.70672739138102,54.4574381247889,0,False,False
830446fffffffff,81.67533868547584,68.40748169120451,0,False,False
830448fffffffff,84.34100991251384,41.5023545234947,0,False,False
830449fffffffff,84.44703276973588,29.932198317249824,0,False,False
83044afffffffff,85.15813292301637,50.49591973837857,0,False,False
83044bfffffffff,85.4182552739794,36.98160208997263,0,False,False
83044cfffffffff,83.2349764676746,44.58009920419271,0,False,False
83044dfffffffff,83.42437290816537,34.907630922816104,0,False,False
83044efffffffff,84.01562042465157,52.31565597114777,0,False,False
830450fffffffff,82.25357472924351,84.73422870252269,0,False,False
830451fffffffff,83.16147145641256,78.95803640173708,0,False,False
830452fffffffff,82.28873213484182,93.47411332799064,0,False,False
830453fffffffff,83.30254268486954,88.84343307080967,0,False,False
830454fffffffff,81.17097669989789,81.60246187782698,0,False,False
830455fffffffff,82.04448317398145,76.270186588524,0,False,False
830456fffffffff,81.28021897767925,89.28715847525413,0,False,False
830458fffffffff,85.10886880303224,74.23557454388762,0,False,False
830459fffffffff,85.81343738690457,62.71605108525932,0,False,False
83045bfffffffff,86.21893754747566,78.46206736316341,0,False,False
83045cfffffffff,83.97648519868072,71.5677942077016,0,False,False
83045dfffffffff,84.659274044174,62.15235033641468,0,False,False
83045efffffffff,84.25373900479201,82.6608191140755,0,False,False
830462fffffffff,79.9971278943868,61.1967402242036,0,False,False
830470fffffffff,79.76657673887671,72.65252842309764,0,False,False
830471fffffffff,80.5139403164635,67.39739634483519,0,False,False
830472fffffffff,80.06526104158549,79.14999445182518,0,False,False
830473fffffffff,80.91111587799666,74.23850386262485,0,False,False
830474fffffffff,78.61443491316388,71.38189381159806,0,False,False
830475fffffffff,79.34831730266467,66.60489093775928,0,False,False
830476fffffffff,78.94335528049088,77.18411231059822,0,False,False
83048dfffffffff,77.5165270096668,139.68619567984092,0,False,False
8304a8fffffffff,77.47159723460268,128.86110232455528,0,False,False
8304a9fffffffff,78.53810397832045,131.25310286383822,0,False,False
8304abfffffffff,77.54811662120237,134.27317663562195,0,False,False
8304acfffffffff,77.28804350013094,123.54483762319344,0,False,False
8304adfffffffff,78.39807024487492,125.41260338612712,0,False,False
8304c0fffffffff,81.96744584756463,124.57164207069374,0,False,False
8304c1fffffffff,83.13033238301182,125.07523746124136,0,False,False
8304c4fffffffff,81.34677537857951,149.63332338825205,0,False,False
8304c5fffffffff,82.5481926222501,117.03769085918394,0,False,False
8304c8fffffffff,84.67575551983077,137.01672796743122,0,False,False
8304c9fffffffff,85.77411347461354,141.11849572842132,0,False,False
8304ccfffffffff,84.28814788278012,125.77966652152044,0,False,False
8304cdfffffffff,85.43942792138505,126.8345633286116,0,False,False
8304cefffffffff,83.55401587780199,134.31244552138477,0,False,False
8304d4fffffffff,78.25631735533254,148.6730819057507,0,False,False
8304d6fffffffff,77.14008679868846,150.14475161951228,0,False,False
8304e0fffffffff,81.03101501313307,104.5532919884962,0,False,False
8304e1fffffffff,82.14736955382145,102.09561792224592,0,False,False
8304e2fffffffff,81.5621939355973,141.91092968099227,0,False,False
8304e3fffffffff,81.8389796174617,110.23475787577632,0,False,False
8304e4fffffffff,80.14739111696034,99.82444785569552,0,False,False
8304e5fffffffff,81.23272210164201,97.02916103526006,0,False,False
8304e6fffffffff,79.8991331340094,106.47248387851263,0,False,False
8304e8fffffffff,84.11215737661,105.85730971324377,0,False,False
8304e9fffffffff,85.2197796488323,102.15319727378017,0,False,False
8304eafffffffff,83.70907735666289,116.21770727505276,0,False,False
8304ebfffffffff,84.86330212218151,115.03480445758473,0,False,False
8304ecfffffffff,83.24114888528976,98.85023079579692,0,False,False
8304edfffffffff,84.30091672339398,94.4016774404249,0,False,False
8304eefffffffff,82.98265139028696,108.39460208244896,0,False,False
8304f0fffffffff,79.53866854336216,140.58438954469906,0,False,False
8304f1fffffffff,80.47246199039746,144.68771045268372,0,False,False
8304f2fffffffff,78.46479340433854,143.00352562973129,0,False,False
8304f3fffffffff,79.36852097373149,146.8894332254836,0,False,False
8304f4fffffffff,79.5816935100873,134.12406931422672,0,False,False
8304f5fffffffff,80.59370928290996,137.6140409731909,0,False,False
8304f6fffffffff,78.56018134130936,137.15800870864683,0,False,False
830502fffffffff,74.38309798132995,81.433700317285,0,False,False
830503fffffffff,75.4522566894577,79.61684718757175,0,False,False
830504fffffffff,73.51309285944441,74.88139723250704,0,False,False
830506fffffffff,73.44843432764766,78.96896630140817,0,False,False
830510fffffffff,73.08296280635967,86.9863246578555,0,False,False
830511fffffffff,74.18963928837154,85.69734777563055,0,False,False
830512fffffffff,72.78669258232605,90.84283504774643,0,False,False
830513fffffffff,73.91481034961741,89.84500066402208,0,False,False
830514fffffffff,72.21984408486529,84.40677648893356,0,False,False
830515fffffffff,73.30450647248715,83.01689722442845,0,False,False
830516fffffffff,71.97428537337524,88.11601307882404,0,False,False
830518fffffffff,76.16693943270504,87.36026002415981,0,False,False
83051afffffffff,75.85463030310325,92.05381396520852,0,False,False
83051bfffffffff,76.99989576727897,90.92482450143925,0,False,False
83051cfffffffff,75.29172617678317,84.214466945674,0,False,False
83051efffffffff,75.04232238439441,88.69611927697639,0,False,False
830520fffffffff,72.47141090640392,69.08537576377883,0,False,False
830522fffffffff,72.51967001665443,72.92167891634084,0,False,False
830524fffffffff,71.43965450987038,67.57126312385178,0,False,False
830525fffffffff,72.350656271898,65.30180959168626,0,False,False
830526fffffffff,71.51656322843462,71.18040031102979,0,False,False
830530fffffffff,71.46291154389364,78.46215178440721,0,False,False
830531fffffffff,72.49388823609034,76.77701718784216,0,False,False
830532fffffffff,71.33163668548607,82.07643149234578,0,False,False
830533fffffffff,72.39368187081769,80.61667614610656,0,False,False
830534fffffffff,70.51708188716984,76.52268277587342,0,False,False
830535fffffffff,71.52460219017817,74.8204050800958,0,False,False
830536fffffffff,70.42368522599995,79.96753094718346,0,False,False
830552fffffffff,80.56852865911837,78.8871572199181,0,False,False
830553fffffffff,81.61706640792784,75.42005133755104,0,False,False
83055afffffffff,77.45734236313393,70.34200660335662,0,False,False
830588fffffffff,74.97633226285531,108.60222665591624,0,False,False
830589fffffffff,76.14688705844355,108.9339369661514,0,False,False
83058cfffffffff,74.42467971046052,104.66924615800517,0,False,False
83058dfffffffff,75.59622951923869,104.66822719441105,0,False,False
8305a8fffffffff,74.29511749688385,97.13077042025007,0,False,False
8305a9fffffffff,75.45518489014721,96.52370596226064,0,False,False
8305abfffffffff,74.97587558701281,100.73540356391943,0,False,False
8305acfffffffff,73.56271259360108,93.83999845141372,0,False,False
8305adfffffffff,74.70826438738408,93.01393363085069,0,False,False
830609fffffffff,46.20588128133438,23.835811175276145,0,False,False
83060cfffffffff,47.22444084019308,26.15566591707185,0,False,False
830620fffffffff,48.12156926982205,31.57832838885347,0,False,False
830623fffffffff,48.16153952147894,30.066309223423385,0,False,False
830626fffffffff,49.01673682508519,32.48666980262033,0,False,False
83062afffffffff,47.24198023526587,27.689806919309248,0,False,False
830650fffffffff,45.1297867731008,21.577328253083348,0,False,False
830652fffffffff,46.03187151756646,20.740545308789315,0,False,False
830653fffffffff,45.01735312869692,20.04999355031645,0,False,False
830656fffffffff,46.129784762569386,22.29399667024136,0,False,False
83065afffffffff,43.85314548001247,17.875955391487196,0,False,False
8306edfffffffff,44.88326572019932,18.5145160606973,0,False,False
830712fffffffff,52.32767700623706,37.9861510274694,0,False,False
83071afffffffff,50.77445362146522,34.393476408333974,0,False,False
83071bfffffffff,49.90137279029147,33.42473417291186,0,False,False
8307a0fffffffff,54.1311132613582,38.5939197268247,0,False,False
8307a1fffffffff,53.3142747168268,37.49317181832578,0,False,False
8307a2fffffffff,55.12894837190066,38.09619821166073,0,False,False
8307a5fffffffff,53.13989810704332,39.0642338692312,0,False,False
8307a6fffffffff,54.93146466565475,39.72985062819623,0,False,False
8307acfffffffff,52.48190103107471,36.42677282818445,0,False,False
8307adfffffffff,51.63496424435006,35.393844667449585,0,False,False
8307b0fffffffff,56.94036152915572,38.75661409883987,0,False,False
8307b4fffffffff,56.58241177550909,40.58505689146304,0,False,False
8307b5fffffffff,55.93306723855873,39.257692326900816,0,False,False
8307b6fffffffff,57.57036224740751,40.14644409252428,0,False,False
830800fffffffff,49.81652575892661,37.17054812740558,0,False,False
830804fffffffff,49.93570286046928,35.98000198722455,0,False,False
830805fffffffff,50.58384443039746,36.98525483365155,0,False,False
830820fffffffff,50.88476421382895,34.47082600762695,0,False,False
830821fffffffff,51.61659043117636,35.45407657773044,0,False,False
830822fffffffff,50.044526145311146,34.76134019309876,0,False,False
830823fffffffff,50.77025634429831,35.72369953933145,0,False,False
830826fffffffff,50.142194683817,33.51469662527884,0,False,False
830828fffffffff,51.7728068671185,38.00919676292138,0,False,False
83082cfffffffff,52.16084607470426,36.5844923917077,0,False,False
83082dfffffffff,52.58012539686656,37.83369761086399,0,False,False
83082efffffffff,51.36526276951996,36.79016717278833,0,False,False
830830fffffffff,48.51186866130556,34.79816484115543,0,False,False
830831fffffffff,49.22913355557758,35.33551904357908,0,False,False
830834fffffffff,48.59202144097432,33.484722028162665,0,False,False
830835fffffffff,49.31984543370584,34.020039804407595,0,False,False
830836fffffffff,47.7787921549941,34.26627938895858,0,False,False
830910fffffffff,47.96789203800294,28.89274629098334,0,False,False
830912fffffffff,47.16155008496692,29.75077582161867,0,False,False
830913fffffffff,47.94349343513952,30.26738400140312,0,False,False
830916fffffffff,46.2205009409025,30.23090319407864,0,False,False
83091afffffffff,48.65802516742264,32.148429162505536,0,False,False
83091bfffffffff,49.39656100659056,32.680970934316754,0,False,False
83091efffffffff,48.70913535419427,30.79017554282502,0,False,False
830936fffffffff,47.15238787021666,26.65355145390809,0,False,False
830949fffffffff,56.399245081909655,41.60222073923023,0,False,False
83094bfffffffff,55.51369051555818,41.6868030937559,0,False,False
830953fffffffff,52.97063596285356,36.367350392654565,0,False,False
830958fffffffff,53.825354412859454,38.974383772125385,0,False,False
83095afffffffff,52.99191517253461,39.12566189895969,0,False,False
83095efffffffff,53.40195699199807,37.648213913809485,0,False,False
830984fffffffff,44.687274921527504,32.19351256019203,0,False,False
830985fffffffff,45.48408572875145,32.70348858098566,0,False,False
830986fffffffff,43.84665987571788,32.96570413962078,0,False,False
830990fffffffff,42.14631427457137,34.45017013732624,0,False,False
830991fffffffff,43.01142791705634,34.969604314765824,0,False,False
830992fffffffff,41.49654090836909,35.23815832833955,0,False,False
830993fffffffff,42.36972609159743,35.7630790648866,0,False,False
830994fffffffff,42.17793733535038,33.21843370275055,0,False,False
830995fffffffff,42.99941226702696,33.71774691372875,0,False,False
830996fffffffff,41.32079744440896,33.95375489697909,0,False,False
8309a0fffffffff,45.54224287062586,30.0778211005568,0,False,False
8309a1fffffffff,46.34549203574201,30.58657120628965,0,False,False
8309a2fffffffff,44.712396592961554,30.89388313497853,0,False,False
8309a3fffffffff,45.52047744754985,31.400643479510524,0,False,False
8309a5fffffffff,46.36328718613415,29.24032446185437,0,False,False
8309a6fffffffff,44.72281014549594,29.57497039229424,0,False,False
8309a8fffffffff,47.08839015540417,32.43125436842689,0,False,False
8309a9fffffffff,47.84822414889048,32.95512763455791,0,False,False
8309aafffffffff,46.26493827574046,33.218939738470254,0,False,False
8309abfffffffff,47.02983192853694,33.739869899107,0,False,False
8309acfffffffff,47.13253236718652,31.10124349772773,0,False,False
8309adfffffffff,47.90336692670111,31.621857473959047,0,False,False
8309aefffffffff,46.312479480097885,31.913096197046823,0,False,False
8309b0fffffffff,43.0459228225598,31.18995367358107,0,False,False
8309b1fffffffff,43.87453446575702,31.68900442147813,0,False,False
8309b2fffffffff,42.19655246324144,31.96691196199285,0,False,False
8309b3fffffffff,43.0294491329237,32.46368607836136,0,False,False
8309b4fffffffff,43.048196072526615,29.897371039820968,0,False,False
8309b5fffffffff,43.88827857423386,30.392798809335968,0,False,False
8309b6fffffffff,42.20153015121224,30.696346738905604,0,False,False
830a49fffffffff,71.1319126320997,85.63533488038767,0,False,False
830a4dfffffffff,70.26523258772052,83.37704847591452,0,False,False
830a60fffffffff,65.55562497906651,80.17360406645662,0,False,False
830a61fffffffff,66.56157459041471,79.00157077776937,0,False,False
830a64fffffffff,64.677776330831,78.632601392554,0,False,False
830a65fffffffff,65.66277777404191,77.4411531990573,0,False,False
830a68fffffffff,68.47817070561719,79.4394686144372,0,False,False
830a69fffffffff,69.50060325154755,78.05491340871895,0,False,False
830a6bfffffffff,69.37920599740367,81.31867860258365,0,False,False
830a6cfffffffff,67.56591603271971,77.72056136670712,0,False,False
830a6dfffffffff,68.56637445045577,76.31611439935315,0,False,False
830a6efffffffff,67.45238624775791,80.69530996820217,0,False,False
830b00fffffffff,54.3269850451322,81.28665499241453,0,False,False
830b01fffffffff,55.34278499250308,80.62628641660724,0,False,False
830b03fffffffff,55.169934037383385,82.56736962819414,0,False,False
830b05fffffffff,54.48272294906788,79.379150247362,0,False,False
830b08fffffffff,57.18393576686478,81.24712967905927,0,False,False
830b09fffffffff,58.16693986436181,80.54539156168256,0,False,False
830b0afffffffff,57.007155866132415,83.26349524165643,0,False,False
830b0bfffffffff,58.0049057131838,82.60559364724202,0,False,False
830b0cfffffffff,56.34314470052556,79.93947527747709,0,False,False
830b0dfffffffff,57.32737499738444,79.22481064393263,0,False,False
830b0efffffffff,56.18471293332552,81.92062363154574,0,False,False
830b1dfffffffff,55.99377093879893,83.89445508909185,0,False,False
830b23fffffffff,53.6058892098559,78.17779817407202,0,False,False
830b28fffffffff,55.59333415658043,76.73634512663521,0,False,False
830b29fffffffff,56.5626029977011,75.9741117324032,0,False,False
830b2afffffffff,55.48388785442423,78.68111997806025,0,False,False
830b2bfffffffff,56.46905111060647,77.95572167370197,0,False,False
830b2cfffffffff,54.70159213945015,75.56485778075027,0,False,False
830b2dfffffffff,55.67139149795046,74.79643128228086,0,False,False
830b2efffffffff,54.60752960081063,77.47047461735382,0,False,False
830b40fffffffff,61.09792473752783,75.7719031056865,0,False,False
830b41fffffffff,62.02176239687538,74.64485583247935,0,False,False
830b42fffffffff,61.02150890089759,78.04528181674053,0,False,False
830b43fffffffff,61.96451730415513,77.000674906716,0,False,False
830b44fffffffff,60.23216202869707,74.62366097853999,0,False,False
830b45fffffffff,61.13596864045123,73.496207221908,0,False,False
830b46fffffffff,60.174924672312216,76.82400963373242,0,False,False
830b48fffffffff,63.85205126152681,74.66927695457895,0,False,False
830b49fffffffff,64.7929097617184,73.36527316785524,0,False,False
830b4afffffffff,63.794646957148416,77.20418442965011,0,False,False
830b4bfffffffff,64.75878435416179,76.00097409556707,0,False,False
830b4cfffffffff,62.94474311384515,73.43553793383535,0,False,False
830b4dfffffffff,63.86497956374737,72.13580491078402,0,False,False
830b4efffffffff,62.90860854210547,75.87804461074884,0,False,False
830b50fffffffff,59.9509969839029,81.20254571474143,0,False,False
830b51fffffffff,60.90682596103604,80.30922207186232,0,False,False
830b52fffffffff,59.78436372493787,83.34775567151173,0,False,False
830b53fffffffff,60.75424310942643,82.55677875558287,0,False,False
830b54fffffffff,59.1330984233208,79.81381889426892,0,False,False
830b55fffffffff,60.08113223480038,79.01909893826658,0,False,False
830b56fffffffff,58.98638587420312,81.9191721780523,0,False,False
830b58fffffffff,62.70945798080235,80.74510690946394,0,False,False
830b59fffffffff,63.69274549469738,79.7306351999722,0,False,False
830b5cfffffffff,61.86700464133439,79.3498721614519,0,False,False
830b5dfffffffff,62.83013429170422,78.31749765577179,0,False,False
830b5efffffffff,61.72948970580487,81.68463646224689,0,False,False
830b61fffffffff,60.23732222198738,70.23306617881707,0,False,False
830b62fffffffff,59.36474448354815,73.50488393466406,0,False,False
830b63fffffffff,60.25287211302132,72.42452846455862,0,False,False
830b68fffffffff,62.01584846912519,69.94510233108012,0,False,False
830b69fffffffff,62.89106087287739,68.5766633165019,0,False,False
830b6afffffffff,62.03876665238361,72.29035913029479,0,False,False
830b6bfffffffff,62.93872490467617,70.99883387954375,0,False,False
830b6cfffffffff,61.09784240657761,68.96643237652617,0,False,False
830b6dfffffffff,61.95361033993142,67.61681791987446,0,False,False
830b6efffffffff,61.13580071167801,71.2253590333453,0,False,False
830b70fffffffff,58.38870063583362,76.41716829718642,0,False,False
830b71fffffffff,59.32194009745346,75.60100293708803,0,False,False
830b72fffffffff,58.294823185330046,78.48079954746343,0,False,False
830b73fffffffff,59.24487190297465,77.70586354404861,0,False,False
830b74fffffffff,57.51467317284483,75.18241503931593,0,False,False
830b75fffffffff,58.44891773699182,74.35983360551103,0,False,False
830b76fffffffff,57.43753566401846,77.20156038964824,0,False,False
830c03fffffffff,81.82423216349568,-67.92565357347814,0,False,False
830c09fffffffff,78.82820745061036,-65.24595159634707,0,False,False
830c0afffffffff,80.18346541414628,-71.81145709069321,0,False,False
830c0bfffffffff,79.21004625775227,-70.51219537947382,0,False,False
830c14fffffffff,84.90027822638737,-74.01144652812725,0,False,False
830c15fffffffff,83.87083856773309,-71.2792210949222,0,False,False
830c18fffffffff,81.39164926246933,-80.46201499412831,0,False,False
830c19fffffffff,80.44476736353947,-78.06572720896824,0,False,False
830c1afffffffff,81.48506116363696,-87.7793200588569,0,False,False
830c1bfffffffff,80.58905859703157,-84.5974973242602,0,False,False
830c1cfffffffff,82.1499188063092,-75.44925235418332,0,False,False
830c1dfffffffff,81.16441227080769,-73.41735450628293,0,False,False
830c1efffffffff,82.33216700011884,-83.48299632850986,0,False,False
830c24fffffffff,82.48432890448781,-31.126554123021723,0,False,False
830c25fffffffff,81.54419858534924,-34.51685555173063,0,False,False
830c26fffffffff,83.39817255808325,-36.29447924494678,0,False,False
830c32fffffffff,85.57173430564234,-63.71898299179327,0,False,False
830c33fffffffff,84.50397310373414,-62.67175256261865,0,False,False
830c34fffffffff,85.27057684659898,-39.51717107957756,0,False,False
830c35fffffffff,84.24528952653648,-43.06817265603706,0,False,False
830c50fffffffff,75.99188072742137,-72.25070743836037,0,False,False
830c52fffffffff,76.11769624620268,-76.61284219843652,0,False,False
830c53fffffffff,75.25103377910432,-74.91944497120804,0,False,False
830c54fffffffff,77.8545846058692,-64.65938881762504,0,False,False
830c55fffffffff,75.79040389849679,-68.0003825650835,0,False,False
830c56fffffffff,78.24617765205582,-69.44042527763591,0,False,False
830c60fffffffff,75.26143173706977,-52.846871113138434,0,False,False
830c61fffffffff,74.32165342825054,-52.78688572919075,0,False,False
830c62fffffffff,75.72048602077066,-56.59639668190474,0,False,False
830c63fffffffff,74.77711523183645,-56.2780885565538,0,False,False
830c66fffffffff,76.21666437639367,-52.91602971025067,0,False,False
830c70fffffffff,77.07404632929499,-61.30061301357439,0,False,False
830c71fffffffff,76.11923086609966,-60.594871636127365,0,False,False
830c72fffffffff,78.36234644187714,-60.37502984320909,0,False,False
830c73fffffffff,76.45083970209755,-64.82524281389792,0,False,False
830c74fffffffff,78.19127826560953,-51.284304183548045,0,False,False
830c75fffffffff,76.67865771381726,-56.96501725475987,0,False,False
830c76fffffffff,78.80589264030375,-55.67852966443638,0,False,False
830ca8fffffffff,82.2317078262198,-99.89802692025934,0,False,False
830ca9fffffffff,81.43989568046322,-95.14047500451744,0,False,False
830cabfffffffff,81.25833268571185,-102.3085030514556,0,False,False
830cadfffffffff,82.3600478206859,-91.74396927380612,0,False,False
830cc1fffffffff,74.39745870481283,-89.03807659337609,0,False,False
830cc3fffffffff,74.22923518272803,-92.86928620439276,0,False,False
830cc4fffffffff,78.0734633943277,-88.21160456552286,0,False,False
830cc5fffffffff,77.23157126033801,-85.890709050894,0,False,False
830cccfffffffff,73.65828072085833,-86.85027380929034,0,False,False
830ccefffffffff,73.53057838790515,-90.5104908788231,0,False,False
830cd8fffffffff,73.09001754568393,-97.6015175816012,0,False,False
830cdcfffffffff,73.995628367182,-96.60533567967197,0,False,False
830cddfffffffff,73.34039257596692,-94.10269945525552,0,False,False
830cdefffffffff,73.69973529419332,-100.21935815769432,0,False,False
830ce0fffffffff,78.76987700572462,-79.85361460456087,0,False,False
830ce1fffffffff,77.85812135771701,-78.04991740450565,0,False,False
830ce2fffffffff,78.88809956130993,-85.34939068781814,0,False,False
830ce3fffffffff,78.01164790495794,-83.08322106057165,0,False,False
830ce4fffffffff,79.49750039888985,-76.12483006498724,0,False,False
830ce5fffffffff,78.55389124756765,-74.52419820314432,0,False,False
830ce6fffffffff,79.6817649417907,-82.00237814109713,0,False,False
830ce8fffffffff,74.52977567525095,-81.21995601700463,0,False,False
830ceafffffffff,74.49805494870532,-85.14331007777082,0,False,False
830cecfffffffff,75.32979725751292,-79.05354645272097,0,False,False
830cedfffffffff,74.4924542553481,-77.3045518435779,0,False,False
830ceefffffffff,75.3348572089631,-83.21927751843559,0,False,False
830cf1fffffffff,78.90502903539829,-90.91536907599568,0,False,False
830cf4fffffffff,80.61043704985526,-91.24876000027126,0,False,False
830cf5fffffffff,79.75666092759496,-88.03395010528813,0,False,False
830d00fffffffff,82.37553792733713,-0.7581260614348637,0,False,False
830d01fffffffff,81.76956193766343,-7.288937789802774,0,False,False
830d02fffffffff,83.50227133605773,-1.0451848884401562,0,False,False
830d03fffffffff,82.87577073746269,-8.585521393686134,0,False,False
830d04fffffffff,81.7492872699332,6.038597846695652,0,False,False
830d05fffffffff,81.25483972238717,-0.545638341904141,0,False,False
830d06fffffffff,82.87257498103256,6.866136786965724,0,False,False
830d10fffffffff,85.12816673184221,9.683910110695376,0,False,False
830d11fffffffff,84.63412079365727,-1.454397959396066,0,False,False
830d12fffffffff,86.2540928944324,12.375604796778068,0,False,False
830d14fffffffff,84.32683092385759,18.49057752164432,0,False,False
830d15fffffffff,83.9996348530796,8.008088133851164,0,False,False
830d16fffffffff,85.40532289705942,22.84506009778602,0,False,False
830d18fffffffff,84.27971071878436,-20.889415326322847,0,False,False
830d19fffffffff,83.40232385072207,-26.73108868123663,0,False,False
830d1afffffffff,85.3069382517933,-26.029753562288548,0,False,False
830d1bfffffffff,84.36885993896269,-32.05791238592271,0,False,False
830d1cfffffffff,83.98263508752494,-10.365262402279315,0,False,False
830d1efffffffff,85.0858784844585,-12.953548836256465,0,False,False
830d23fffffffff,80.63134517969588,5.41157423439434,0,False,False
830d28fffffffff,79.56876666438936,-5.52892681485664,0,False,False
830d29fffffffff,78.93120667492808,-10.061910139067866,0,False,False
830d2afffffffff,80.6666225779191,-6.303206080871688,0,False,False
830d2bfffffffff,80.00547579425168,-11.284998337752674,0,False,False
830d2dfffffffff,78.47737565818451,-4.9048630286564725,0,False,False
830d2efffffffff,80.14102607121276,-0.3820085330113169,0,False,False
830d32fffffffff,83.4212463891388,25.041445849230527,0,False,False
830d33fffffffff,83.23065484755253,15.544693411302644,0,False,False
830d40fffffffff,77.02912933504182,-29.950527051625286,0,False,False
830d41fffffffff,76.73979572447043,-37.59707696705132,0,False,False
830d42fffffffff,77.92564924596428,-32.61748852774506,0,False,False
830d43fffffffff,77.44582036973236,-41.119629724492285,0,False,False
830d45fffffffff,76.91675870857316,-33.023323134254234,0,False,False
830d48fffffffff,75.53854235293952,-42.74134359357249,0,False,False
830d4afffffffff,76.07397059702882,-45.22981464500597,0,False,False
830d4cfffffffff,75.80213488410752,-38.68147090464648,0,False,False
830d4efffffffff,76.48597108384301,-41.99302491621593,0,False,False
830d63fffffffff,77.01172572877604,-28.321942636959783,0,False,False
830d6afffffffff,75.9962477289766,-34.45781258163371,0,False,False
830d6efffffffff,76.11607159913699,-30.10852477961058,0,False,False
830d80fffffffff,89.58582240265342,-147.1873379305512,0,False,False
830d81fffffffff,88.8017147386775,-78.57782621883827,0,False,False
830d82fffffffff,88.48634011912594,-170.80132408569446,0,False,False
830d83fffffffff,88.50389804627879,-127.1753568161878,0,False,False
830d86fffffffff,88.80883541539842,141.9760257450902,0,False,False
830d88fffffffff,86.92248912577514,-85.12687252253095,0,False,False
830d89fffffffff,85.92389029415848,-78.16470498331114,0,False,False
830d8afffffffff,86.7958938810728,-105.74849863289876,0,False,False
830d8cfffffffff,87.7316002077151,-68.87679524600128,0,False,False
830d8efffffffff,87.84258600314617,-98.49488289282542,0,False,False
830d9dfffffffff,87.40322324067404,-124.07386701242018,0,False,False
830da4fffffffff,86.28725412631617,47.57969170575839,0,False,False
830da5fffffffff,86.44474150515275,29.81964130991449,0,False,False
830da6fffffffff,86.96074092415982,63.70039677292273,0,False,False
830da9fffffffff,86.27893605071432,-33.963703047343046,0,False,False
830db0fffffffff,87.13950411260012,109.87515924244737,0,False,False
830db1fffffffff,88.2417293639763,102.40538448351906,0,False,False
830db2fffffffff,86.58201665221216,128.58632755071793,0,False,False
830db3fffffffff,87.71131938872573,132.0544922264858,0,False,False
830db6fffffffff,86.0084009421889,113.18177755606432,0,False,False
831000fffffffff,47.96352372467869,62.18299553134421,0,False,False
831001fffffffff,48.95222166771194,62.91925763921581,0,False,False
831002fffffffff,47.04819525283168,62.99880379521732,0,False,False
831003fffffffff,48.035593189760775,63.74241923254832,0,False,False
831005fffffffff,48.86349893576975,61.34674306801372,0,False,False
831006fffffffff,46.97287992615135,61.476256691030095,0,False,False
831008fffffffff,50.0009232154609,65.32358784988492,0,False,False
831009fffffffff,50.97653545443503,66.16452656871482,0,False,False
83100afffffffff,49.06652705162271,66.1374256673069,0,False,False
83100bfffffffff,50.04122642654709,66.98331210261567,0,False,False
83100cfffffffff,49.93787135796324,63.686673364583605,0,False,False
83100dfffffffff,50.919339780006375,64.48696915615731,0,False,False
83100efffffffff,49.02021749850884,64.51679788459091,0,False,False
831010fffffffff,45.13123235435864,63.073348754170176,0,False,False
831011fffffffff,46.11822315338427,63.79458964697353,0,False,False
831012fffffffff,44.18992194770208,63.84351782655871,0,False,False
831013fffffffff,45.17435580119333,64.57078533905398,0,False,False
831014fffffffff,45.06949572664686,61.59770127345462,0,False,False
831015fffffffff,46.059136551796485,62.28439029121185,0,False,False
831016fffffffff,44.14396798578751,62.37953559455457,0,False,False
831018fffffffff,47.13897573845274,66.11210984719672,0,False,False
831019fffffffff,48.11687410654496,66.929085308428,0,False,False
83101afffffffff,46.17689153820917,66.8783819457936,0,False,False
83101bfffffffff,47.1527265401116,67.69917096996532,0,False,False
83101cfffffffff,47.1038553699704,64.5446747805813,0,False,False
83101dfffffffff,48.08700814789356,65.32509661429823,0,False,False
83101efffffffff,46.1577491747516,65.32650790830887,0,False,False
831028fffffffff,50.73738482677775,61.208330049873794,0,False,False
831029fffffffff,51.72378321362852,61.95882470590663,0,False,False
83102afffffffff,49.85303926290808,62.07471538220896,0,False,False
83102bfffffffff,50.83927720976177,62.83418986432567,0,False,False
83102dfffffffff,51.604638266893794,60.31965497673851,0,False,False
831030fffffffff,45.8858023150911,59.33534640781354,0,False,False
831032fffffffff,44.98999948743256,60.14528388110677,0,False,False
831033fffffffff,45.981360081664064,60.79750290076829,0,False,False
831034fffffffff,45.77340016725179,57.89916434574244,0,False,False
831036fffffffff,44.89362926502981,58.71737337042787,0,False,False
831040fffffffff,54.779778575315,68.05502940658042,0,False,False
831041fffffffff,55.7224098251695,69.04919967966335,0,False,False
831042fffffffff,53.86065961333009,68.91098317390995,0,False,False
831043fffffffff,54.803627060682,69.90772435730382,0,False,False
831044fffffffff,54.72843174342085,66.2248960705105,0,False,False
831045fffffffff,55.68085537738553,67.17123180650955,0,False,False
831046fffffffff,53.82690931944488,67.10391429738023,0,False,False
831049fffffffff,57.55923086662241,73.17234971990761,0,False,False
83104bfffffffff,56.62415329738787,73.99936369226398,0,False,False
831050fffffffff,51.97128246245811,68.78276040681028,0,False,False
831051fffffffff,52.92413369538215,69.7400240243096,0,False,False
831052fffffffff,51.01851410180731,69.58425264683497,0,False,False
831053fffffffff,51.970875187269975,70.5430703812979,0,False,False
831055fffffffff,52.90764350631924,67.95625721023488,0,False,False
83105cfffffffff,53.86715947013006,70.73824472105167,0,False,False
831060fffffffff,55.51576884697173,63.49388774206423,0,False,False
831061fffffffff,56.475851316043766,64.38348175306099,0,False,False
831062fffffffff,54.65061830935336,64.42057459130599,0,False,False
831063fffffffff,55.61160221016701,65.31836408822439,0,False,False
831064fffffffff,55.39456347227839,61.70076440566628,0,False,False
831065fffffffff,56.36176616760768,62.53944470018084,0,False,False
831066fffffffff,54.54746357100636,62.64502011858271,0,False,False
831068fffffffff,57.50447239112373,67.24398162785717,0,False,False
83106afffffffff,56.62288622629792,68.16163559746587,0,False,False
83106cfffffffff,57.426534723336935,65.31634376950419,0,False,False
83106dfffffffff,58.36662118707658,66.29517667534063,0,False,False
83106efffffffff,56.56329355706505,66.25865096607411,0,False,False
831070fffffffff,52.79734400313994,64.45497618702329,0,False,False
831071fffffffff,53.76685513801339,65.3202345228518,0,False,False
831072fffffffff,51.89546527798566,65.32197115627929,0,False,False
831073fffffffff,52.865059506164194,66.19360824351187,0,False,False
831074fffffffff,52.70554439058742,62.74300530022021,0,False,False
831075fffffffff,53.68154032656744,63.56287737201198,0,False,False
831076fffffffff,51.82109412880531,63.62697155738845,0,False,False
831080fffffffff,41.276164945500746,67.48853358608142,0,False,False
831081fffffffff,42.24575828015898,68.2594513156117,0,False,False
831082fffffffff,40.27528046644202,68.17345357563774,0,False,False
831083fffffffff,41.24019549276168,68.94655725318927,0,False,False
831084fffffffff,41.29363052191509,66.04526784183366,0,False,False
831085fffffffff,42.26741362454178,66.78625595806506,0,False,False
831086fffffffff,40.306933854865854,66.74428395317274,0,False,False
831088fffffffff,43.16773324965493,70.57576470140881,0,False,False
831089fffffffff,44.12800159150826,71.43418541003194,0,False,False
83108afffffffff,42.143818195533854,71.24692115124141,0,False,False
83108bfffffffff,43.1001113631247,72.10510764946802,0,False,False
83108cfffffffff,43.21459120318729,69.05820198603357,0,False,False
83108dfffffffff,44.18150022450774,69.8859927336607,0,False,False
83108efffffffff,42.2047322838439,69.74694727843294,0,False,False
831090fffffffff,38.307072369256346,68.0924211571525,0,False,False
831091fffffffff,39.26569827113213,68.84146294708249,0,False,False
831092fffffffff,37.2957984689782,68.74235965609927,0,False,False
831093fffffffff,38.24837793696714,69.49300532115684,0,False,False
831094fffffffff,38.3487323493999,66.70472565492058,0,False,False
831095fffffffff,39.31110258538614,67.42653187091827,0,False,False
831096fffffffff,37.35062395199902,67.36805270151397,0,False,False
831098fffffffff,40.15695238748275,71.07083677884864,0,False,False
831099fffffffff,41.11071561277166,71.90002872887068,0,False,False
83109afffffffff,39.12097761865415,71.70701815745632,0,False,False
83109bfffffffff,40.06940952761253,72.53564279027907,0,False,False
83109cfffffffff,40.225442220733,69.6161909847825,0,False,False
83109dfffffffff,41.18519858549824,70.41765122543393,0,False,False
83109efffffffff,39.20246040157252,70.2688344731225,0,False,False
8310a0fffffffff,42.25499593485708,63.88949684019536,0,False,False
8310a1fffffffff,43.23599615756114,64.59529227306382,0,False,False
8310a2fffffffff,41.29317380358297,64.6183389069041,0,False,False
8310a3fffffffff,42.27028003117123,65.3290735736239,0,False,False
8310a4fffffffff,42.22224869537476,62.46899146552159,0,False,False
8310a5fffffffff,43.20553650269017,63.1433495611842,0,False,False
8310a6fffffffff,41.27542710943179,63.20920924262855,0,False,False
8310a8fffffffff,44.22558458613393,66.83086948557896,0,False,False
8310a9fffffffff,45.20156423373796,67.62445865750162,0,False,False
8310aafffffffff,43.24119197571279,67.55438584678917,0,False,False
8310abfffffffff,44.21383816448143,68.35088475640575,0,False,False
8310acfffffffff,44.217378829104,65.32783088165688,0,False,False
8310adfffffffff,45.19805370765645,66.0884083711993,0,False,False
8310aefffffffff,43.24811331339965,66.06617160227157,0,False,False
8310b0fffffffff,39.35034711918082,64.6400519803503,0,False,False
8310b1fffffffff,40.32092803037159,65.33024307653561,0,False,False
8310b2fffffffff,38.37382920872421,65.33134567120219,0,False,False
8310b3fffffffff,39.33914416912566,66.02558072002566,0,False,False
8310b4fffffffff,39.34528234046712,63.271284554286446,0,False,False
8310b5fffffffff,40.31784082037468,63.9327854760124,0,False,False
8310b6fffffffff,38.3828823188292,63.97361311034856,0,False,False
8310e0fffffffff,49.090558470211086,69.43918320956753,0,False,False
8310e1fffffffff,50.05006596219077,70.36155248422997,0,False,False
8310e3fffffffff,49.06670474497622,71.11546546136485,0,False,False
8310e4fffffffff,49.09025036222706,67.77899904903957,0,False,False
8310e5fffffffff,50.05788069209336,68.66348645751596,0,False,False
8310e6fffffffff,48.12435907538986,68.55225702580768,0,False,False
8310ecfffffffff,51.00159774818332,71.32102487446979,0,False,False
8310eefffffffff,50.01705413841105,72.07477165687577,0,False,False
8310f4fffffffff,46.17488465706314,68.4482855692343,0,False,False
8310f6fffffffff,45.18418535734431,69.17702833494708,0,False,False
831141fffffffff,54.89178051041913,56.533903126147386,0,False,False
831149fffffffff,57.03029152919303,59.73060387979998,0,False,False
83114bfffffffff,56.222329754138606,60.729490262381326,0,False,False
83114cfffffffff,55.87288504820481,57.22173084822137,0,False,False
83114dfffffffff,56.84863228750753,57.94413575013921,0,False,False
831158fffffffff,53.43969420282484,60.13743450366326,0,False,False
831159fffffffff,54.42017015271511,60.900874041883576,0,False,False
83115afffffffff,52.59077866826699,61.06006952773053,0,False,False
83115bfffffffff,53.57208969248783,61.83449297015556,0,False,False
83115dfffffffff,54.27000172672994,59.19045299233809,0,False,False
831168fffffffff,56.41971910960323,54.49754730131595,0,False,False
831169fffffffff,57.325947768097286,54.83971385786752,0,False,False
83116afffffffff,55.665722369154125,55.52792314104504,0,False,False
83116bfffffffff,56.64460788549622,56.19922087890511,0,False,False
83116cfffffffff,56.1540207235272,52.76197723938078,0,False,False
83116dfffffffff,57.05795236203748,53.04280578295473,0,False,False
831188fffffffff,43.0925990308913,60.30198609882705,0,False,False
831189fffffffff,44.08031515475294,60.93733983213993,0,False,False
83118afffffffff,42.17276671277484,61.0688909932896,0,False,False
83118bfffffffff,43.15747708065721,61.71180712171777,0,False,False
83118cfffffffff,43.01171370282611,58.91506283824946,0,False,False
83118dfffffffff,43.99979708006384,59.51823298074368,0,False,False
83118efffffffff,42.10731159621608,59.69039364303325,0,False,False
831198fffffffff,40.26295269867717,61.19287035834501,0,False,False
831199fffffffff,41.24106607320631,61.81921910283644,0,False,False
83119afffffffff,39.3245609383373,61.92050876907136,0,False,False
83119bfffffffff,40.29829528774043,62.55325300864894,0,False,False
8311a8fffffffff,43.79162590148332,56.75372430461271,0,False,False
8311a9fffffffff,44.78129390421531,57.31508226790098,0,False,False
8311abfffffffff,43.9032742651173,58.12336301332376,0,False,False
8311acfffffffff,43.66574213304504,55.41016041595401,0,False,False
8311adfffffffff,44.653917059306615,55.93936097288245,0,False,False
831282fffffffff,63.42702501901926,-50.22082119662636,0,False,False
831283fffffffff,62.70278194351084,-48.73619400563964,0,False,False
831286fffffffff,64.4399725043614,-49.76814731993438,0,False,False
83128afffffffff,60.94836288725244,-47.8138002179493,0,False,False
831290fffffffff,63.79298784507041,-53.67867710389309,0,False,False
831291fffffffff,63.11760138777967,-52.13275491382036,0,False,False
831293fffffffff,62.78889745595745,-53.97133018804976,0,False,False
831294fffffffff,64.80126316067825,-53.362853791425024,0,False,False
831295fffffffff,64.12684459797619,-51.762703673700656,0,False,False
831298fffffffff,61.41289057019786,-51.03078540328983,0,False,False
831299fffffffff,60.690430791842864,-49.63434793319976,0,False,False
83129afffffffff,61.11276706663598,-52.79583510476296,0,False,False
83129bfffffffff,60.413196021392665,-51.3944774083177,0,False,False
83129cfffffffff,62.41774207354478,-50.64055784977204,0,False,False
83129dfffffffff,61.69434225098906,-49.20125346983011,0,False,False
83129efffffffff,62.112677163272224,-52.47621737225113,0,False,False
8312b0fffffffff,66.15532820763285,-50.9296059418823,0,False,False
8312b2fffffffff,65.81302825765398,-53.0210168399613,0,False,False
8312b3fffffffff,65.13967606356987,-51.36288661710261,0,False,False
8312b6fffffffff,66.82755767845269,-52.64984182193776,0,False,False
831324fffffffff,73.66761487170405,-10.071018053385204,0,False,False
831325fffffffff,72.65213454029963,-9.338339263429312,0,False,False
83144afffffffff,67.90838378274847,151.30920348437894,0,False,False
83144bfffffffff,68.67588120649538,153.54156434070873,0,False,False
831451fffffffff,65.46935241791702,145.4891522141798,0,False,False
831452fffffffff,63.64672858299182,144.71101993444304,0,False,False
831453fffffffff,64.47520408278169,146.3519848410318,0,False,False
831458fffffffff,66.0864570543335,149.98083276336575,0,False,False
831459fffffffff,66.86307994883141,151.98568663963013,0,False,False
83145afffffffff,65.06647253345182,150.66513138560984,0,False,False
83145bfffffffff,65.82756849081872,152.59962952553354,0,False,False
83145cfffffffff,66.30151738978452,147.29323730361108,0,False,False
83145dfffffffff,67.11567714732804,149.2298493670376,0,False,False
83145efffffffff,65.28943010303676,148.10578709531697,0,False,False
8314c0fffffffff,60.58966210777759,149.17269917303378,0,False,False
8314c1fffffffff,61.33727716141242,150.74021078563754,0,False,False
8314c2fffffffff,59.6453764672895,149.75271752174825,0,False,False
8314c3fffffffff,60.37743339866698,151.2779034276592,0,False,False
8314c4fffffffff,60.76960552332783,147.02569163071766,0,False,False
8314c5fffffffff,61.54553245655888,148.5481878436193,0,False,False
8314c6fffffffff,59.83033186427782,147.68786932876282,0,False,False
8314c8fffffffff,62.43449948971269,155.6516457067222,0,False,False
8314cafffffffff,61.48588217702955,156.28367010648344,0,False,False
8314cbfffffffff,62.24433222647847,157.87881593011687,0,False,False
8314ccfffffffff,62.58995152323664,153.37822432181468,0,False,False
8314cdfffffffff,63.39410150803737,154.96793949060907,0,False,False
8314cefffffffff,61.6469106791324,154.10261353650984,0,False,False
8314d0fffffffff,57.98590110688241,148.87979877817477,0,False,False
8314d1fffffffff,58.71326526856893,150.2927270011954,0,False,False
8314d2fffffffff,57.081874695764775,149.41786736474285,0,False,False
8314d3fffffffff,57.79383021390338,150.79664247872842,0,False,False
8314d5fffffffff,58.90222678948691,148.30442908462143,0,False,False
8314d8fffffffff,59.793155832171806,155.398317845402,0,False,False
8314d9fffffffff,60.52015881083921,156.8306935272057,0,False,False
8314dbfffffffff,59.46944730519272,157.2297065769301,0,False,False
8314dcfffffffff,59.430144225486586,151.77731545136496,0,False,False
8314ddfffffffff,60.71441015205648,154.77417481295416,0,False,False
8314defffffffff,58.495890116296366,152.24232596564667,0,False,False
8314e0fffffffff,61.85714680319943,144.0398505135857,0,False,False
8314e1fffffffff,62.67869479798503,145.54350483867665,0,False,False
8314e2fffffffff,60.9157781900096,144.84181881194075,0,False,False
8314e3fffffffff,61.71933533978866,146.3128370091844,0,False,False
8314e5fffffffff,62.80670939486768,143.1747891028612,0,False,False
8314e8fffffffff,63.29227655261868,149.53139819020527,0,False,False
8314e9fffffffff,64.50422552156152,151.74508413836,0,False,False
8314eafffffffff,62.30911097423551,150.15976733669112,0,False,False
8314ebfffffffff,63.54270900742642,152.59477992766654,0,False,False
8314ecfffffffff,63.48916446845975,147.14426125941043,0,False,False
8314edfffffffff,64.28601041277105,148.84908386191745,0,False,False
8314eefffffffff,62.51229943057068,147.87402683182353,0,False,False
8314f1fffffffff,59.98358145431755,145.58707114299986,0,False,False
831700fffffffff,73.00091763798508,160.73599336587597,0,False,False
831701fffffffff,73.63460869579988,164.06426362622994,0,False,False
831702fffffffff,71.88801909832922,161.01032669355254,0,False,False
831703fffffffff,72.51639488619978,164.12849036823286,0,False,False
831705fffffffff,74.12278664504746,160.42162726981732,0,False,False
83170cfffffffff,74.21161670297738,167.6379484293054,0,False,False
83170efffffffff,73.0925080054819,167.46051290453835,0,False,False
831710fffffffff,70.11865780248873,158.50438353917332,0,False,False
831711fffffffff,70.78488938890824,161.25180592672433,0,False,False
831712fffffffff,69.03453011461104,158.8621666596545,0,False,False
831713fffffffff,69.69226553957246,161.46599229014862,0,False,False
831716fffffffff,69.4140990900016,155.93689611272313,0,False,False
83171cfffffffff,71.40788056617849,164.18475692573207,0,False,False
83172afffffffff,74.76178307911404,163.99025909277344,0,False,False
83172efffffffff,75.25276124088312,160.05779976018815,0,False,False
8317a4fffffffff,67.61583076320534,154.1288633548353,0,False,False
8317a5fffffffff,68.34097709366286,156.4185386650524,0,False,False
8317b6fffffffff,64.36389728418737,154.226163010692,0,False,False
831800fffffffff,38.103622299001415,20.946511565795944,0,False,False
831801fffffffff,37.25959834422979,21.843144871695785,0,False,False
831802fffffffff,37.420518024842046,20.79808372141142,0,False,False
831803fffffffff,36.54078410045042,21.64062419741868,0,False,False
831804fffffffff,39.07823335687231,21.38238395849445,0,False,False
831805fffffffff,38.23757725861342,22.280634632911347,0,False,False
831806fffffffff,38.38415038741472,21.296803791055645,0,False,False
831808fffffffff,35.41266487432068,22.288425953184262,0,False,False
831809fffffffff,34.55089832026324,23.14749081254172,0,False,False
83180afffffffff,35.26198598170976,20.98570467921705,0,False,False
83180bfffffffff,34.40472826837373,21.861072188643217,0,False,False
83180cfffffffff,36.40737406359857,22.721442438549555,0,False,False
83180efffffffff,36.26757497442598,21.41152466161902,0,False,False
831810fffffffff,38.182183022504674,18.570646520988223,0,False,False
831811fffffffff,37.31696164857679,19.446834138584123,0,False,False
831812fffffffff,38.05587221408502,17.195642106280108,0,False,False
831815fffffffff,38.29152437740375,19.93819486147228,0,False,False
831816fffffffff,39.03719898665981,17.677236805144357,0,False,False
831818fffffffff,35.450411665829385,19.82018094050857,0,False,False
831819fffffffff,35.095624163135525,19.674650570174983,0,False,False
83181cfffffffff,36.44244402270167,20.30589485073149,0,False,False
83181dfffffffff,36.11183678739768,20.092721184916098,0,False,False
831822fffffffff,40.03809281145856,21.82434191969008,0,False,False
831823fffffffff,39.2010790248123,22.72406242888767,0,False,False
831830fffffffff,40.19606059656462,20.941128772568884,0,False,False
831831fffffffff,39.33290490356557,21.80210884162253,0,False,False
831833fffffffff,39.25136220921844,20.436272459203067,0,False,False
831834fffffffff,41.12525140365828,21.452823126285924,0,False,False
831835fffffffff,40.26639191379135,22.31404998704458,0,False,False
831842fffffffff,31.934099224781985,25.619424700644164,0,False,False
831843fffffffff,31.054536749812616,26.40901045764524,0,False,False
831848fffffffff,29.29014438804096,27.93803119261136,0,False,False
83184afffffffff,29.00565117844428,25.49519241485729,0,False,False
83184bfffffffff,27.92437924365592,25.24274432487909,0,False,False
83184efffffffff,30.17290867533646,27.181793148585044,0,False,False
831850fffffffff,32.67187063827133,23.55946399326558,0,False,False
831851fffffffff,31.798216473479386,24.38280465036586,0,False,False
831852fffffffff,32.518861278902925,22.29586037951606,0,False,False
831853fffffffff,31.64859258749436,23.135372730476444,0,False,False
831854fffffffff,33.683238900316645,23.98888338783897,0,False,False
831855fffffffff,32.810651743945066,24.8127916335306,0,False,False
831856fffffffff,33.541032182434456,22.71894323621683,0,False,False
831859fffffffff,29.70066793260772,24.58168554909352,0,False,False
83185bfffffffff,30.397752966768724,23.64404356518777,0,False,False
83185cfffffffff,30.92103805750397,25.18915689548937,0,False,False
83185dfffffffff,30.0412950082938,25.97873150973378,0,False,False
8318a0fffffffff,38.75329702314138,14.891974357563234,0,False,False
8318a1fffffffff,37.91239812627686,15.814715449580648,0,False,False
8318a4fffffffff,39.74060850697192,15.361634050732157,0,False,False
8318a5fffffffff,38.90405689498749,16.287089845608946,0,False,False
8318c8fffffffff,33.18893358861378,19.643699329578908,0,False,False
8318c9fffffffff,32.053617453017345,19.451019536312568,0,False,False
8318cbfffffffff,32.73996985121389,18.399275193305662,0,False,False
8318cdfffffffff,32.492616170296486,20.68200318036325,0,False,False
8318e0fffffffff,33.21225792986271,20.151184660306704,0,False,False
8318e1fffffffff,32.35139944176994,21.023097122353995,0,False,False
8318e4fffffffff,34.2433565250606,20.565614888325104,0,False,False
8318e5fffffffff,33.38410953578854,21.43931741208484,0,False,False
831900fffffffff,44.60485492634994,24.12799215817293,0,False,False
831901fffffffff,43.78942905375363,25.032592540896115,0,False,False
831902fffffffff,43.84144749651551,24.429091930921444,0,False,False
831903fffffffff,43.72336415138816,23.654507499658887,0,False,False
831904fffffffff,45.470043216497714,24.607993261643795,0,False,False
831905fffffffff,44.65946740299246,25.513021832300705,0,False,False
831906fffffffff,44.69430960028815,24.97487112038406,0,False,False
83190afffffffff,42.00107396071467,24.09064339423664,0,False,False
83190efffffffff,42.90323938637198,24.55848651731592,0,False,False
831910fffffffff,44.65031076895691,22.14911270639307,0,False,False
831911fffffffff,43.816770876911455,23.029485054927225,0,False,False
831912fffffffff,44.60132353540067,20.71656441566619,0,False,False
831913fffffffff,43.7744947283234,21.61653679258396,0,False,False
831915fffffffff,44.681138961645765,23.56906627906301,0,False,False
831918fffffffff,42.086232295634645,23.35803035531161,0,False,False
83191afffffffff,42.0386119263859,21.97141209954797,0,False,False
83191bfffffffff,41.18426747989004,22.832675454026468,0,False,False
83191cfffffffff,43.63972510119506,22.263873330781824,0,False,False
83191dfffffffff,42.82572716584717,23.187470846034728,0,False,False
83191efffffffff,42.93586366411195,22.496949287659227,0,False,False
831920fffffffff,46.35057401929073,26.49308182053733,0,False,False
831921fffffffff,45.53924492987129,27.37627066597204,0,False,False
831922fffffffff,45.5150381176468,26.92288456195262,0,False,False
831923fffffffff,45.51321647223762,25.99983282282782,0,False,False
831924fffffffff,46.2796105383854,28.86902837848552,0,False,False
831925fffffffff,46.36519576397735,27.875431366828057,0,False,False
831926fffffffff,46.322957768648095,27.487351208528743,0,False,False
831929fffffffff,43.03564842888343,28.586860642523224,0,False,False
83192dfffffffff,43.88724941303388,29.077993183522747,0,False,False
831931fffffffff,45.5304808962979,25.52752427319353,0,False,False
831933fffffffff,45.52881267949886,24.115736087407704,0,False,False
831935fffffffff,46.34986198721355,26.08707728903693,0,False,False
831940fffffffff,38.71078490644079,30.03204778505751,0,False,False
831941fffffffff,37.841379064044574,30.79729878181544,0,False,False
831943fffffffff,37.80178193903932,29.56131396206936,0,False,False
831944fffffffff,39.60499776013759,30.507956709517,0,False,False
831945fffffffff,38.73865214046917,31.27149341317333,0,False,False
83194cfffffffff,36.96773313044042,31.544166715744705,0,False,False
83194dfffffffff,36.09071137550427,32.273061290386345,0,False,False
83194efffffffff,36.92961305282173,30.32809598069373,0,False,False
831960fffffffff,40.488667987922895,32.234912008533875,0,False,False
831961fffffffff,39.62413000609248,32.97542716452928,0,False,False
831962fffffffff,40.484166999249695,30.989059791350204,0,False,False
831963fffffffff,39.62115971472373,31.750693960816392,0,False,False
831964fffffffff,41.34098062965562,32.7241565171694,0,False,False
831965fffffffff,40.48002140002384,33.46217355516548,0,False,False
831966fffffffff,41.34807777325886,31.475373574953736,0,False,False
831968fffffffff,37.88143372564317,33.217967792628734,0,False,False
831969fffffffff,37.18228611927796,33.98232997336935,0,False,False
83196afffffffff,37.86775213222961,32.016429499190984,0,False,False
83196bfffffffff,36.99315038227534,32.74319366281874,0,False,False
83196cfffffffff,38.80272628579361,33.71129850863926,0,False,False
83196dfffffffff,38.111644772932266,34.48112059880721,0,False,False
83196efffffffff,38.753301936506105,32.49351396578015,0,False,False
831970fffffffff,41.3205946209247,28.923392745365977,0,False,False
831971fffffffff,40.46593161510668,29.725395457743872,0,False,False
831974fffffffff,42.192254661196,29.40757741723224,0,False,False
831975fffffffff,41.34148011409466,30.20816710227337,0,False,False
831981fffffffff,42.61197967951529,16.814380980982158,0,False,False
831985fffffffff,43.53767241614545,17.313550511606177,0,False,False
831988fffffffff,40.84315604586375,17.253155946828056,0,False,False
831989fffffffff,40.003723882608725,18.165831110952475,0,False,False
83198afffffffff,40.71309797027777,15.838521548856631,0,False,False
83198bfffffffff,39.88112362132632,16.766539514615513,0,False,False
83198cfffffffff,41.78975912683157,17.747029251740926,0,False,False
83198dfffffffff,40.95502948853868,18.661506115760307,0,False,False
83198efffffffff,41.670345914676126,16.322737375896473,0,False,False
83199dfffffffff,41.53229355224828,14.893184879285569,0,False,False
8319a1fffffffff,44.533729826856366,19.273065952925023,0,False,False
8319a8fffffffff,42.81054583782893,19.674412992660187,0,False,False
8319aafffffffff,42.72058415976395,18.248247932308352,0,False,False
8319abfffffffff,41.8907451249707,19.164341038918828,0,False,False
8319acfffffffff,43.71415113974126,20.191796735826365,0,False,False
8319aefffffffff,43.63532762921305,18.75689864606463,0,False,False
831a02fffffffff,35.81578867651837,18.28067483855532,0,False,False
831a03fffffffff,35.155048980952785,19.2707158037491,0,False,False
831a06fffffffff,36.85977572467424,18.55222465687176,0,False,False
831a0afffffffff,33.41619458584193,19.96231377118036,0,False,False
831a10fffffffff,36.056899539872944,15.976069661298256,0,False,False
831a11fffffffff,35.42004134322157,17.011881891775364,0,False,False
831a12fffffffff,35.63440051300103,14.706205913356136,0,False,False
831a13fffffffff,35.010690666425845,15.75429990845776,0,False,False
831a14fffffffff,37.114182763782566,16.206353067220828,0,False,False
831a15fffffffff,36.46556062467426,17.25844816567287,0,False,False
831a16fffffffff,36.69202762549521,14.911002010713236,0,False,False
831a18fffffffff,33.71532449827959,17.734735108444827,0,False,False
831a19fffffffff,33.03836932527392,18.706677747757595,0,False,False
831a1afffffffff,33.31797723079018,16.499528099981536,0,False,False
831a1bfffffffff,32.64958657836564,17.466662957604605,0,False,False
831a1cfffffffff,34.771275669415026,18.007141915572046,0,False,False
831a1dfffffffff,34.10183725830019,18.98645018826681,0,False,False
831a1efffffffff,34.376073329628404,16.760106504776815,0,False,False
831a32fffffffff,38.18193368317205,16.44564208642779,0,False,False
831a33fffffffff,37.52163266835499,17.514477276100145,0,False,False
831a80fffffffff,33.24990405373996,10.856000227159404,0,False,False
831a81fffffffff,32.6769020043042,11.91515980673852,0,False,False
831a83fffffffff,32.22251806990556,10.73473962877421,0,False,False
831a84fffffffff,34.29059930616625,10.981789029961217,0,False,False
831a85fffffffff,33.70725153159852,12.058951151898588,0,False,False
831a86fffffffff,33.819651765085126,9.77168924913699,0,False,False
831a88fffffffff,30.999640924950395,12.678569946033264,0,False,False
831a89fffffffff,30.34826024535499,13.618841278464089,0,False,False
831a8cfffffffff,32.06846272820218,12.900535644631423,0,False,False
831a8dfffffffff,31.42483567440396,13.848428722016454,0,False,False
831a8efffffffff,31.63537453821468,11.738520362039456,0,False,False
831a96fffffffff,33.38556731363821,6.284775952966153,0,False,False
831aa0fffffffff,35.806286544109284,12.363010063490066,0,False,False
831aa1fffffffff,35.19871638661164,13.44990290778164,0,False,False
831aa3fffffffff,34.75054003441285,12.208132339442791,0,False,False
831aa4fffffffff,36.8739625109805,12.523914562467011,0,False,False
831aa5fffffffff,36.2558273535534,13.62954161604312,0,False,False
831aa8fffffffff,33.55438021683783,14.31890388417376,0,False,False
831aa9fffffffff,32.91054100920314,15.281629495334284,0,False,False
831aaafffffffff,33.12108703853335,13.110143560252364,0,False,False
831aabfffffffff,32.49377822894295,14.081754876297744,0,False,False
831aacfffffffff,34.58834017806077,14.508975613155965,0,False,False
831aadfffffffff,33.97018670923895,15.530444521190102,0,False,False
831aaefffffffff,34.15363385625101,13.276889177482603,0,False,False
831ab0fffffffff,35.44505881932356,8.748886113168934,0,False,False
831ab1fffffffff,34.870192279452965,9.878472685212762,0,False,False
831ab2fffffffff,34.94566162516169,7.527275590418881,0,False,False
831ab3fffffffff,34.38522184997722,8.662124762675722,0,False,False
831ab6fffffffff,36.014197704922616,7.5929893824802015,0,False,False
831ad4fffffffff,29.6814771698732,14.558828072305214,0,False,False
831ae6fffffffff,31.965315361350257,18.43130581731234,0,False,False
831af0fffffffff,31.174547986977384,15.99078964753081,0,False,False
831af2fffffffff,30.76546919539118,14.79590704335627,0,False,False
831af4fffffffff,32.250571396290056,16.243118893322976,0,False,False
831af5fffffffff,31.5747438707181,17.202834278343047,0,False,False
831af6fffffffff,31.842068256389588,15.036812626939383,0,False,False
831b21fffffffff,42.64219677944756,15.774621458465372,0,False,False
831b81fffffffff,40.142571272152566,13.046494172655567,0,False,False
831b88fffffffff,38.40386847269816,14.010260770460889,0,False,False
831b89fffffffff,37.76064071167468,15.12380220893751,0,False,False
831b8afffffffff,37.952991842875726,12.691201904502098,0,False,False
831b8bfffffffff,37.32441203820062,13.81618950786984,0,False,False
831b8cfffffffff,39.49354799201394,14.2122025219671,0,False,False
831b8dfffffffff,38.83961210492481,15.34507886909723,0,False,False
831b8efffffffff,39.04275130126901,12.865256541983852,0,False,False
831ba8fffffffff,41.02588940307235,15.815141638124288,0,False,False
831baafffffffff,40.592756157582855,14.422498111621977,0,False,False
831babfffffffff,39.92826797665944,15.57534173319528,0,False,False
831bacfffffffff,42.13171380194736,16.065074673527345,0,False,False
831baefffffffff,41.70075406093471,14.641670819619677,0,False,False
831d24fffffffff,68.86184938611478,-51.803115012036166,0,False,False
831d25fffffffff,67.84409465912064,-52.24541808983303,0,False,False
831e00fffffffff,34.19473084931677,44.27958351013699,0,False,False
831e01fffffffff,34.30600704378296,45.606797768326665,0,False,False
831e02fffffffff,33.23705070594997,43.7101408379512,0,False,False
831e03fffffffff,33.35387721215902,45.02794494302889,0,False,False
831e08fffffffff,33.5460689967121,47.68112384140307,0,False,False
831e09fffffffff,33.62099780277297,49.0137119988654,0,False,False
831e0afffffffff,32.59317831478265,47.09161411690062,0,False,False
831e0bfffffffff,32.67455579118842,48.416323269554574,0,False,False
831e0cfffffffff,34.40310077735779,46.939785932158,0,False,False
831e0efffffffff,33.45696478753396,46.35206513208187,0,False,False
831e11fffffffff,32.2674154894415,43.147657122429614,0,False,False
831e13fffffffff,31.286460807821086,42.59211201551789,0,False,False
831e18fffffffff,31.526939395034205,45.196660338606186,0,False,False
831e19fffffffff,31.6276980874388,46.50862268250316,0,False,False
831e1afffffffff,30.54429337949328,44.628979513756114,0,False,False
831e1bfffffffff,30.650252958431395,45.93216073906277,0,False,False
831e1cfffffffff,32.389368359713565,44.45592235401401,0,False,False
831e1dfffffffff,32.49804427814429,45.7710218278268,0,False,False
831e1efffffffff,31.41309910303944,43.89072183769253,0,False,False
831e33fffffffff,33.930778898439215,41.64793629923469,0,False,False
831e4bfffffffff,32.8521975979537,57.68573811987552,0,False,False
831e52fffffffff,31.84938090453172,50.467093339057456,0,False,False
831e56fffffffff,32.74201428221422,49.74374717324543,0,False,False
831e88fffffffff,16.131911774353174,35.51919249824261,0,False,False
831e89fffffffff,15.403391296224608,36.43523816287652,0,False,False
831e8bfffffffff,15.030016036509885,35.32240454286045,0,False,False
831e8cfffffffff,17.223094149851644,35.716268823973785,0,False,False
831e8dfffffffff,16.499127445724152,36.632556948068455,0,False,False
831e90fffffffff,26.1160763996481,33.95934991084282,0,False,False
831e92fffffffff,26.449523984942843,32.75028645832056,0,False,False
831e94fffffffff,26.85477219627887,34.85394915178908,0,False,False
831e96fffffffff,27.19521182576815,33.647684433653374,0,False,False
831e99fffffffff,25.38285338092477,33.61044111578833,0,False,False
831e9afffffffff,26.491907439555177,31.76603655310512,0,False,False
831e9bfffffffff,25.473234318550663,32.34354583094451,0,False,False
831ea0fffffffff,21.284283759279592,35.26047122652523,0,False,False
831ea1fffffffff,20.53619898409567,36.137614503556726,0,False,False
831ea5fffffffff,21.56605467611234,36.399622751076784,0,False,False
831eaafffffffff,18.30290091285361,35.913629480978976,0,False,False
831eaefffffffff,19.493246127065795,35.87594469118227,0,False,False
831eb0fffffffff,27.22328120648549,36.94013659112692,0,False,False
831eb2fffffffff,27.57956830592952,35.75001786140799,0,False,False
831eb3fffffffff,26.505541669901984,36.04822587306949,0,False,False
831ec1fffffffff,28.07198323364011,50.69772399302521,0,False,False
831ec2fffffffff,27.01242677433495,48.81824478578943,0,False,False
831ec3fffffffff,27.077983273982,50.10849316667414,0,False,False
831ec5fffffffff,29.00115260752958,49.989225278988734,0,False,False
831ec6fffffffff,27.94027612314193,48.10544107764783,0,False,False
831ec8fffffffff,27.17361818741312,52.69023895854173,0,False,False
831ec9fffffffff,27.203636678259727,53.97911852229971,0,False,False
831ecbfffffffff,26.21781453110084,53.37850873245292,0,False,False
831eccfffffffff,28.11952268868989,51.9949155806361,0,False,False
831ecdfffffffff,28.15479782156558,53.29103606180325,0,False,False
831ecefffffffff,27.131731522280933,51.39959466213174,0,False,False
831ed2fffffffff,13.18162624437286,36.04140421652807,0,False,False
831ed6fffffffff,14.297314795471271,36.238185881549136,0,False,False
831edcfffffffff,26.07348836087228,49.524986868554016,0,False,False
831eddfffffffff,26.13304490156413,50.80978444852672,0,False,False
831ee0fffffffff,30.82338893479704,48.5528556245347,0,False,False
831ee1fffffffff,30.89020161959537,49.867665147028895,0,False,False
831ee3fffffffff,29.91851483339367,49.27422389468672,0,False,False
831ee4fffffffff,31.715139553238856,47.82526675230949,0,False,False
831ee5fffffffff,31.78907834836373,49.14522109792047,0,False,False
831ee6fffffffff,30.743353742926008,47.24056609321051,0,False,False
831ee8fffffffff,30.02556437708737,51.89318629193725,0,False,False
831ee9fffffffff,30.05956747581312,53.20187280526148,0,False,False
831eeafffffffff,29.05474389989178,51.292637540611885,0,False,False
831eebfffffffff,29.095694415754227,52.59569446501923,0,False,False
831eeefffffffff,29.978537548019567,50.5835141251326,0,False,False
831ef1fffffffff,28.856310200152148,47.38672086647364,0,False,False
831f00fffffffff,39.63228400536791,38.91120709516868,0,False,False
831f01fffffffff,39.805260322770806,40.24693176692126,0,False,False
831f02fffffffff,38.72709433054169,38.366686549725934,0,False,False
831f03fffffffff,38.90529770796145,39.69039029741455,0,False,False
831f04fffffffff,40.34226195466684,38.128609629903664,0,False,False
831f06fffffffff,39.44500376311625,37.58863027585237,0,False,False
831f10fffffffff,37.61286779984121,36.53211806396193,0,False,False
831f11fffffffff,37.80923412324481,37.82992190764308,0,False,False
831f12fffffffff,36.678921566258985,36.01542274913633,0,False,False
831f13fffffffff,36.879172884404326,37.3008408560228,0,False,False
831f15fffffffff,38.53505648100517,37.05649301480136,0,False,False
831f16fffffffff,37.403693519426426,35.249251860699246,0,False,False
831f1cfffffffff,37.99224847490669,39.14157192938436,0,False,False
831f1efffffffff,37.06656645093045,38.600415639821385,0,False,False
831f22fffffffff,41.0351712761787,37.34286924178557,0,False,False
831f26fffffffff,41.71098874098303,36.55426418005156,0,False,False
831f30fffffffff,39.93583271548791,35.50190181695088,0,False,False
831f31fffffffff,40.14590065751064,36.807672225079926,0,False,False
831f32fffffffff,39.02965183567163,34.98761164818161,0,False,False
831f33fffffffff,39.24394059751656,36.280395539496205,0,False,False
831f34fffffffff,40.61071617601155,34.721289403212126,0,False,False
831f35fffffffff,40.82974702205938,36.02408783562352,0,False,False
831f36fffffffff,39.71263809330097,34.21237064887662,0,False,False
831f80fffffffff,33.047588613649864,35.25980097193545,0,False,False
831f82fffffffff,32.06483448594104,34.76795186709537,0,False,False
831f83fffffffff,32.267185429491306,36.0071823445579,0,False,False
831f86fffffffff,32.83647394869582,34.02369946628394,0,False,False
831f8efffffffff,32.45872668580534,37.26088305049517,0,False,False
831f90fffffffff,30.85983062125515,33.07160129810018,0,False,False
831f91fffffffff,31.073444526544524,34.283295588553,0,False,False
831f92fffffffff,29.86001504979289,32.60616472000318,0,False,False
831f93fffffffff,30.074126080057173,33.80574335029874,0,False,False
831f94fffffffff,31.62990895350368,32.33638160852666,0,False,False
831f95fffffffff,31.852220433978268,33.544081094713015,0,False,False
831fa4fffffffff,36.242084256530326,33.491139385073375,0,False,False
831fa5fffffffff,36.46636512699818,34.74520306106329,0,False,False
831fb0fffffffff,33.36199439538484,32.06214391299826,0,False,False
831fb1fffffffff,33.59203452293464,33.2780157530671,0,False,False
831fb2fffffffff,32.41811522609433,31.607703189938928,0,False,False
831fb3fffffffff,32.61513320613927,32.80361563262859,0,False,False
832012fffffffff,34.70295762023519,88.48526837790091,0,False,False
832013fffffffff,35.53027105580443,89.51040155239178,0,False,False
83201afffffffff,36.012254414415374,91.95609157700656,0,False,False
83201bfffffffff,36.80926436535854,93.03484307866088,0,False,False
83201efffffffff,36.34976511691826,90.55812461016858,0,False,False
832084fffffffff,31.31199959175457,89.5484478291969,0,False,False
832085fffffffff,32.1220145531734,90.53914537081188,0,False,False
832086fffffffff,30.19080791582713,89.88241076609923,0,False,False
83208dfffffffff,33.36916419333315,93.91738206469203,0,False,False
832090fffffffff,19.41801188453175,95.95880336636957,0,False,False
832092fffffffff,-34.77758879956114,59.79998534412843,0,False,False
832093fffffffff,-35.45055028537972,60.93836831697754,0,False,False
832094fffffffff,28.27563800502468,89.25710952208195,0,False,False
832095fffffffff,29.07575748026931,90.2068468998902,0,False,False
832096fffffffff,19.74795902009144,94.79005931850514,0,False,False
83209afffffffff,-37.26210075273711,62.00172556618313,0,False,False
83209bfffffffff,-37.06598317921098,67.83166525675516,0,False,False
8320a0fffffffff,32.74111528200564,87.85851240436116,0,False,False
8320a1fffffffff,33.56905230370027,88.8503115488819,0,False,False
8320a2fffffffff,31.616869583288867,88.2234670767339,0,False,False
8320a3fffffffff,32.43840215688371,89.20455594150216,0,False,False
8320a4fffffffff,33.02958280324986,86.50237011959425,0,False,False
8320a5fffffffff,33.86900390965602,87.48263752571602,0,False,False
8320a6fffffffff,31.908329363479,86.8882956986902,0,False,False
8320a8fffffffff,34.06424965065787,91.22955831748232,0,False,False
8320a9fffffffff,34.86629630974807,92.27350851061313,0,False,False
8320aafffffffff,32.926185862832455,91.55006070564237,0,False,False
8320abfffffffff,33.72340075799756,92.5811703855702,0,False,False
8320acfffffffff,34.390992349692745,89.86380703452991,0,False,False
8320adfffffffff,35.2057791400437,90.89906350190924,0,False,False
8320aefffffffff,33.25457287133897,90.20657164156216,0,False,False
8320b0fffffffff,29.678852955858588,87.62755753944334,0,False,False
8320b1fffffffff,30.49724754544223,88.57794225789364,0,False,False
8320b2fffffffff,28.572530954977697,87.98174021806437,0,False,False
8320b3fffffffff,29.38319875982252,88.92235692582184,0,False,False
8320b4fffffffff,29.96219070569349,86.32366130892423,0,False,False
8320b5fffffffff,30.79109708363105,87.26321365428848,0,False,False
8320b6fffffffff,28.85789281566162,86.69718119276698,0,False,False
8320e6fffffffff,37.595666215772944,94.13520624792034,0,False,False
8320f4fffffffff,35.65957881843578,93.33835879821838,0,False,False
8320f6fffffffff,34.5125463564327,93.63239771455352,0,False,False
832112fffffffff,36.42904612672313,78.60662887541436,0,False,False
832114fffffffff,37.6869773988842,76.63364828301783,0,False,False
832116fffffffff,36.606040330883935,77.18274508019734,0,False,False
832120fffffffff,41.96061970164586,74.2765303656546,0,False,False
832122fffffffff,40.90182033816558,74.89106132027545,0,False,False
832124fffffffff,42.0625700010977,72.75745128991912,0,False,False
832126fffffffff,41.01635944330547,73.39181520290471,0,False,False
832130fffffffff,38.90196346828257,74.60892425942643,0,False,False
832131fffffffff,39.8359201048548,75.48836799294969,0,False,False
832132fffffffff,37.8358353260538,75.19279064706669,0,False,False
832133fffffffff,38.76395613536511,76.06904000710927,0,False,False
832134fffffffff,39.02090382774486,73.15430657691789,0,False,False
832135fffffffff,39.96248337749695,74.00878335094369,0,False,False
832136fffffffff,37.966218379633005,73.75655056594216,0,False,False
832180fffffffff,32.930407607242465,81.47345268822727,0,False,False
832181fffffffff,33.804633011786954,82.38783897258539,0,False,False
832182fffffffff,31.8307866048455,81.92804975665355,0,False,False
832183fffffffff,32.69727715113787,82.83538694797298,0,False,False
832184fffffffff,33.14807684246593,80.10854705678543,0,False,False
832185fffffffff,34.03154503891657,81.00604100399377,0,False,False
832186fffffffff,32.05479425493735,80.58219129089395,0,False,False
83218afffffffff,33.30328736051094,85.13755002732648,0,False,False
83218bfffffffff,34.15386121774146,86.10498152845624,0,False,False
83218efffffffff,33.56176980244906,83.76553061763907,0,False,False
832190fffffffff,29.874938845970124,81.49180742072899,0,False,False
832191fffffffff,30.7336973186622,82.37029712495126,0,False,False
832192fffffffff,28.790338125321668,81.92865630661404,0,False,False
832193fffffffff,29.640130448009185,82.80064068200909,0,False,False
832194fffffffff,30.096244398143483,80.18021089462637,0,False,False
832195fffffffff,30.96341518112538,81.0431290047991,0,False,False
832196fffffffff,29.01684774000714,80.63467029259263,0,False,False
832198fffffffff,31.3389623671911,84.60814385409005,0,False,False
832199fffffffff,32.18585483159675,85.54428104433491,0,False,False
83219afffffffff,30.23272681120956,85.01193551707611,0,False,False
83219bfffffffff,31.071828481242765,85.93950292893207,0,False,False
83219cfffffffff,31.59207198947585,83.27051862847482,0,False,False
83219dfffffffff,32.44897525116048,84.19282721730013,0,False,False
83219efffffffff,30.490024186403748,83.69369547610464,0,False,False
8321a0fffffffff,34.43652709400627,78.2365208951805,0,False,False
8321a1fffffffff,35.336248828163235,79.12125933416087,0,False,False
8321a2fffffffff,33.35006010078714,78.74221278300351,0,False,False
8321a3fffffffff,34.242241485186575,79.6217310351907,0,False,False
8321a4fffffffff,34.614276526040825,76.85202870929304,0,False,False
8321a5fffffffff,35.52220431818921,77.71686413758196,0,False,False
8321a6fffffffff,33.536198764295456,77.37600231227792,0,False,False
8321acfffffffff,36.23421092565721,80.03081463551135,0,False,False
8321aefffffffff,35.13316329591849,80.52533003532285,0,False,False
8321b0fffffffff,31.379946651090403,78.38314905214958,0,False,False
8321b1fffffffff,32.263843879669565,79.23441956479691,0,False,False
8321b2fffffffff,30.303807396946763,78.86721989005643,0,False,False
8321b3fffffffff,31.178903544699505,79.71360372573055,0,False,False
8321b4fffffffff,31.566388222242143,77.0531987457564,0,False,False
8321b5fffffffff,32.457746733180485,77.88622356316729,0,False,False
8321b6fffffffff,30.497444046244382,77.55421195164526,0,False,False
8322c2fffffffff,72.76723185458155,-111.90793422088257,0,False,False
8322d0fffffffff,72.81210060919209,-106.09484462607722,0,False,False
8322d2fffffffff,73.28933477049506,-103.28042853163046,0,False,False
8322d5fffffffff,72.28925317739376,-108.79832029776622,0,False,False
83249afffffffff,34.115000017633115,116.96615696141524,0,False,False
832802fffffffff,50.6851576607441,-55.38038577809207,0,False,False
832803fffffffff,51.43781155256912,-56.51629969229122,0,False,False
832806fffffffff,49.68270393289121,-55.94962603445239,0,False,False
832815fffffffff,49.91203387600023,-54.26681818507946,0,False,False
832818fffffffff,52.64864232823534,-54.18621317689148,0,False,False
832819fffffffff,53.39129505505488,-55.34724347411291,0,False,False
83281cfffffffff,51.674010562970935,-54.79283747365735,0,False,False
83281dfffffffff,52.42166741135234,-55.94132568863966,0,False,False
832830fffffffff,47.88492401755641,-55.41088126463762,0,False,False
832831fffffffff,48.66730763234547,-56.50129354639757,0,False,False
832832fffffffff,48.1075245031282,-53.76714208455032,0,False,False
832833fffffffff,48.90490576662549,-54.84762257657451,0,False,False
832836fffffffff,47.08328557598787,-54.34105063509632,0,False,False
8328d9fffffffff,59.69180301890964,-50.03861871081667,0,False,False
8328dbfffffffff,59.9462211212506,-48.28603149290684,0,False,False
83298dfffffffff,47.29121358981942,-52.70830607297166,0,False,False
8329a0fffffffff,42.39583992945488,-51.91087613353774,0,False,False
8329a8fffffffff,45.223090256978224,-53.8588585684125,0,False,False
8329a9fffffffff,46.04706050795969,-54.89813889680048,0,False,False
8329aafffffffff,45.42496526070343,-52.26366331006319,0,False,False
8329abfffffffff,46.26305905387182,-53.29194921043938,0,False,False
8329aefffffffff,44.38163610701802,-52.83954396690186,0,False,False
832a05fffffffff,32.55929242108396,-3.968804402551239,0,False,False
832a20fffffffff,33.73800396770511,-1.8220035998898263,0,False,False
832a21fffffffff,32.69860630768642,-1.7125324975078209,0,False,False
832a23fffffffff,33.1504989717709,-2.907628674554452,0,False,False
832a24fffffffff,34.320867382373606,-0.7118809660908918,0,False,False
832a25fffffffff,33.272415892478335,-0.6217371959810559,0,False,False
832a2efffffffff,32.120701732287934,-2.77976823124072,0,False,False
832ac2fffffffff,29.07637613777465,-13.008022339051402,0,False,False
832ac6fffffffff,29.690003503865583,-12.135324200110537,0,False,False
832ad0fffffffff,30.356295957751566,-14.468196065791362,0,False,False
832ad1fffffffff,29.405173417406218,-14.158135288807944,0,False,False
832ad2fffffffff,30.673105334489623,-15.643656477930875,0,False,False
832ad3fffffffff,29.723606503882923,-15.314021508656944,0,False,False
832ad4fffffffff,30.99278101022421,-13.598543729859903,0,False,False
832ad5fffffffff,30.028466250215427,-13.29844337217389,0,False,False
832ad6fffffffff,31.319182851495672,-14.788548695957967,0,False,False
832ad8fffffffff,27.860045955378737,-14.685468165904112,0,False,False
832adafffffffff,28.00707304952009,-15.719506997973005,0,False,False
832adbfffffffff,27.043789232235707,-15.377920326725755,0,False,False
832adcfffffffff,28.466198197467705,-13.857895558169975,0,False,False
832adefffffffff,28.78579834671961,-14.994780423033388,0,False,False
832af1fffffffff,30.306457670538546,-11.239290678408327,0,False,False
832af3fffffffff,30.6550656174066,-12.415142505188646,0,False,False
832af5fffffffff,30.92506925608609,-10.319429327466452,0,False,False
832b08fffffffff,34.40405081023716,1.6303471729472403,0,False,False
832b09fffffffff,33.35259903027046,1.6771990650323452,0,False,False
832b0afffffffff,34.89812401537622,0.4227160940124125,0,False,False
832b0bfffffffff,33.84121093926826,0.492589539212851,0,False,False
832b0cfffffffff,34.95997845523946,2.791357024231215,0,False,False
832b0dfffffffff,33.901167129517056,2.816872582395678,0,False,False
832b28fffffffff,34.97579855768747,5.162243481614824,0,False,False
832b29fffffffff,33.917429232973895,5.143233746935177,0,False,False
832b2afffffffff,35.50802556838497,3.975356705569006,0,False,False
832b2bfffffffff,34.44254480505529,3.978664973944373,0,False,False
832b2cfffffffff,35.49999319133073,6.367188442519664,0,False,False
832b2dfffffffff,34.43615585514563,6.325202321919217,0,False,False
832b72fffffffff,32.85589692122479,2.841447472849378,0,False,False
832b76fffffffff,33.39037714853398,3.981850109082083,0,False,False
832c00fffffffff,27.77074134084585,67.1192978650122,0,False,False
832c02fffffffff,26.79231179245572,67.69145486821597,0,False,False
832c03fffffffff,27.67156211888216,68.32102888683276,0,False,False
832c04fffffffff,27.85951114284933,65.91548935200873,0,False,False
832c06fffffffff,26.88109450354146,66.50019385905486,0,False,False
832c09fffffffff,30.34865173028041,70.32769953445026,0,False,False
832c0dfffffffff,30.454737333905506,69.06420016759611,0,False,False
832c10fffffffff,-0.5685318801804446,50.288961270501936,0,False,False
832c11fffffffff,25.809795145357068,68.25485455112043,0,False,False
832c12fffffffff,-1.6453512405806316,50.00873277804277,0,False,False
832c13fffffffff,24.8240407473256,68.80958996913118,0,False,False
832c14fffffffff,0.2084689611262923,49.5484745984053,0,False,False
832c15fffffffff,5.13163777490091,52.72274131674144,0,False,False
832c18fffffffff,26.56644769141248,70.08187784533344,0,False,False
832c19fffffffff,27.43862941796856,70.75183628253187,0,False,False
832c1afffffffff,25.5740380415504,70.61986677075174,0,False,False
832c1bfffffffff,26.435491910966583,71.29001989393319,0,False,False
832c1cfffffffff,26.686192144275108,68.88154329009495,0,False,False
832c1dfffffffff,27.560912288630394,69.53220255850609,0,False,False
832c1efffffffff,25.702346082204016,69.43040164095274,0,False,False
832c20fffffffff,28.910502159908777,64.09221922013903,0,False,False
832c21fffffffff,29.79922755373865,64.71949090730902,0,False,False
832c22fffffffff,27.93853030340269,64.69800692166064,0,False,False
832c23fffffffff,28.83249933737976,65.3219455891874,0,False,False
832c26fffffffff,28.00740010553623,63.467733668596566,0,False,False
832c28fffffffff,30.62802581341081,66.56689542406568,0,False,False
832c29fffffffff,31.54153516158239,67.21098522664303,0,False,False
832c2bfffffffff,30.547782744674347,67.81023911573071,0,False,False
832c2cfffffffff,30.695742418693875,65.33519001305737,0,False,False
832c2dfffffffff,31.61063459315129,65.95709586148892,0,False,False
832c2efffffffff,29.72206916498189,65.94214945139491,0,False,False
832c30fffffffff,2.079296208598667,49.08387760014758,0,False,False
832c31fffffffff,6.88895647192294,51.95387829275793,0,False,False
832c33fffffffff,5.7778245506591634,51.85885698969102,0,False,False
832c34fffffffff,7.084910852513176,50.09953848557002,0,False,False
832c35fffffffff,7.544803197258419,51.07907545139377,0,False,False
832c40fffffffff,34.12144822448645,71.94319793586038,0,False,False
832c41fffffffff,35.04809655294042,72.7188986808603,0,False,False
832c42fffffffff,33.080315649168874,72.51886833775525,0,False,False
832c43fffffffff,33.99895505800447,73.29356244817282,0,False,False
832c44fffffffff,34.228281779507164,70.60049982314705,0,False,False
832c45fffffffff,35.159827929249474,71.35319251408748,0,False,False
832c46fffffffff,33.197843595913234,71.19064176617758,0,False,False
832c48fffffffff,35.842442745574466,74.91383440088745,0,False,False
832c49fffffffff,36.765144261379895,75.76091919378476,0,False,False
832c4afffffffff,34.77543431360422,75.46986758007714,0,False,False
832c4bfffffffff,35.690940873558134,76.31383042699893,0,False,False
832c4cfffffffff,35.97676600037759,73.51853053273662,0,False,False
832c4dfffffffff,36.90638491700297,74.34289197475104,0,False,False
832c4efffffffff,34.920014008164074,74.09163435577315,0,False,False
832c50fffffffff,31.13102718329373,72.32938482680001,0,False,False
832c51fffffffff,32.03743554032309,73.08060779708163,0,False,False
832c52fffffffff,30.096618282241312,72.87873475798378,0,False,False
832c53fffffffff,30.993805926567084,73.62881179081785,0,False,False
832c54fffffffff,31.25424295376319,71.036659969886,0,False,False
832c55fffffffff,32.16509565928106,71.76681077607384,0,False,False
832c56fffffffff,30.229329423867576,71.59960465162345,0,False,False
832c58fffffffff,32.799672190761775,75.19451885142861,0,False,False
832c59fffffffff,33.70640070116267,76.01146724682967,0,False,False
832c5afffffffff,31.738131796247,75.72518331206,0,False,False
832c5bfffffffff,32.636377083193835,76.53909508357499,0,False,False
832c5cfffffffff,32.94763158330709,73.85396275181246,0,False,False
832c5dfffffffff,33.860639849351635,74.6501478008041,0,False,False
832c5efffffffff,31.895140394626523,74.40052079930028,0,False,False
832c60fffffffff,35.335127605374225,68.64874983632428,0,False,False
832c61fffffffff,36.2782520267469,69.37675233707061,0,False,False
832c62fffffffff,34.31967558512497,69.26686369228526,0,False,False
832c63fffffffff,35.25541613992434,69.99600028453041,0,False,False
832c64fffffffff,35.399283057283284,67.31280428878036,0,False,False
832c65fffffffff,36.3457680439662,68.01593639400562,0,False,False
832c66fffffffff,34.39590332040754,67.94362715519335,0,False,False
832c68fffffffff,37.13575387608608,71.52504511769109,0,False,False
832c69fffffffff,38.07827613005954,72.32669993986408,0,False,False
832c6afffffffff,36.094036386173954,72.12954001527164,0,False,False
832c6bfffffffff,37.02986372678068,72.93037632367013,0,False,False
832c6cfffffffff,37.22429687682737,70.12851976350481,0,False,False
832c6dfffffffff,38.17223173695871,70.90496318276736,0,False,False
832c6efffffffff,36.19444645682441,70.74843978936404,0,False,False
832c70fffffffff,32.37709550132966,69.16283142822233,0,False,False
832c71fffffffff,33.30039082703331,69.87064529992035,0,False,False
832c72fffffffff,31.36359727722452,69.75189020197969,0,False,False
832c73fffffffff,32.27825391068036,70.4604579000947,0,False,False
832c74fffffffff,32.461854548147244,67.87516080792311,0,False,False
832c75fffffffff,33.38818580195726,68.56018949759527,0,False,False
832c76fffffffff,31.45928229743276,68.47628119386407,0,False,False
832c80fffffffff,-5.614347176823655,49.9064318747202,0,False,False
832c81fffffffff,-5.28647291629941,50.91624255131183,0,False,False
832c82fffffffff,-6.678462411762348,49.62687076661664,0,False,False
832c83fffffffff,-6.345974908332313,50.63887774809762,0,False,False
832c85fffffffff,-4.547331203862841,50.18569723404304,0,False,False
832c86fffffffff,-5.94388390275404,48.884921453902734,0,False,False
832c88fffffffff,22.457336874419585,73.32878030020701,0,False,False
832c89fffffffff,23.28146845931216,74.01443109318777,0,False,False
832c8afffffffff,-6.865869535650711,52.36138916204869,0,False,False
832c8bfffffffff,22.287723797234737,74.49567302449266,0,False,False
832c8cfffffffff,-5.013529416418537,51.914401342523945,0,False,False
832c8dfffffffff,23.445062974684323,72.83561575296373,0,False,False
832c8efffffffff,-6.055632471520489,51.63778720299932,0,False,False
832c90fffffffff,-8.076343257291525,48.32146106113632,0,False,False
832c91fffffffff,-7.738882494650009,49.347026771343735,0,False,False
832c92fffffffff,-9.135563948854182,48.039388625801614,0,False,False
832c93fffffffff,-8.794828992054553,49.0669128305373,0,False,False
832c94fffffffff,-7.3467974041923005,47.568660044840286,0,False,False
832c95fffffffff,-7.012189239086808,48.60330978973396,0,False,False
832c96fffffffff,-8.414238533070572,47.28496367179026,0,False,False
832c98fffffffff,-8.114846325965194,51.08774793538986,0,False,False
832c99fffffffff,-7.900062792863252,52.08314504903875,0,False,False
832c9afffffffff,-9.158621076883165,50.811647483904,0,False,False
832c9bfffffffff,-8.925049899202568,51.80595017425573,0,False,False
832c9cfffffffff,-7.402229942020481,50.361186349029296,0,False,False
832c9dfffffffff,-7.089618658997997,51.36223387307552,0,False,False
832ca8fffffffff,23.742608752443854,70.49419622834316,0,False,False
832ca9fffffffff,24.58453762679648,71.14644620383501,0,False,False
832caafffffffff,-4.224511170095132,51.193268358149496,0,False,False
832cabfffffffff,23.59877555834728,71.6618891083946,0,False,False
832cacfffffffff,-2.4078342842442453,50.74328968022841,0,False,False
832cadfffffffff,24.720875416476645,69.96786613722999,0,False,False
832caefffffffff,-3.4782215240231915,50.46465406637544,0,False,False
832cb0fffffffff,-5.526941671935742,47.09374921996413,0,False,False
832cb1fffffffff,-5.198877116516166,48.13547142657698,0,False,False
832cb2fffffffff,-6.606566006985949,46.80866426893672,0,False,False
832cb3fffffffff,-6.274742193661875,47.85216718942563,0,False,False
832cb4fffffffff,-4.769231405347955,46.32821924871703,0,False,False
832cb6fffffffff,-5.8560671569688365,46.04164130992574,0,False,False
832cc0fffffffff,26.83126090909788,75.69386640315548,0,False,False
832cc1fffffffff,27.693351480496165,76.45638527677322,0,False,False
832cc2fffffffff,25.798306161145906,76.18000661434019,0,False,False
832cc3fffffffff,26.649745345652367,76.93967947331623,0,False,False
832cc4fffffffff,27.000927268834072,74.45103409754235,0,False,False
832cc5fffffffff,27.86820163213171,75.19603078113053,0,False,False
832cc6fffffffff,25.974633255617064,74.95104204596348,0,False,False
832cc8fffffffff,28.36662977599812,78.51863309486129,0,False,False
832cc9fffffffff,29.23031626363143,79.33886200711328,0,False,False
832ccafffffffff,27.30666780595053,78.98284030518177,0,False,False
832ccbfffffffff,28.160434927777327,79.79848648471712,0,False,False
832cccfffffffff,28.560071456871366,77.23911134443584,0,False,False
832ccdfffffffff,29.43053536500796,78.04255462687956,0,False,False
832ccefffffffff,27.506137946795832,77.71906253783041,0,False,False
832cd1fffffffff,24.770207078698924,76.65479117610249,0,False,False
832cd4fffffffff,24.11344475338103,74.71786510386934,0,False,False
832cd5fffffffff,24.952622764083987,75.43956277264805,0,False,False
832cd6fffffffff,23.108023653331266,75.19736464370756,0,False,False
832cdafffffffff,23.56345508645194,85.71188816162737,0,False,False
832cdbfffffffff,22.587710169530755,86.25026033619996,0,False,False
832cdcfffffffff,25.61070647674348,77.41143534641628,0,False,False
832cddfffffffff,26.456467472487965,78.18730291906839,0,False,False
832ce0fffffffff,28.180622584926898,72.6871049217598,0,False,False
832ce1fffffffff,29.062835810603094,73.41522391166988,0,False,False
832ce2fffffffff,27.15870235149572,73.2123361523888,0,False,False
832ce3fffffffff,28.03062933288388,73.93920784309488,0,False,False
832ce4fffffffff,28.31821535661136,71.44088356733234,0,False,False
832ce5fffffffff,29.20447400770953,72.14963926894933,0,False,False
832ce6fffffffff,27.3045881289046,71.97890307080843,0,False,False
832ce8fffffffff,29.7906586347238,75.45374245753283,0,False,False
832ce9fffffffff,30.67702711413012,76.24256473054632,0,False,False
832ceafffffffff,28.74063052585236,75.96119556451222,0,False,False
832cebfffffffff,29.617349975873864,76.7470743877133,0,False,False
832cecfffffffff,29.95041324758423,74.16386688674064,0,False,False
832cedfffffffff,30.84248595703893,74.93364733102575,0,False,False
832ceefffffffff,28.908228182062977,74.6861505106818,0,False,False
832cf0fffffffff,25.28503081840647,73.01936882213853,0,False,False
832cf1fffffffff,26.13961813486437,73.72566067591146,0,False,False
832cf2fffffffff,24.28083461960208,73.52242639029285,0,False,False
832cf3fffffffff,25.12424893905268,74.22739916795076,0,False,False
832cf4fffffffff,25.434952907487844,71.81651824785317,0,False,False
832cf5fffffffff,26.293233183014426,72.50496193503706,0,False,False
832cf6fffffffff,24.437867413470705,72.33162175234561,0,False,False
832d00fffffffff,28.1743425724334,58.43862845014711,0,False,False
832d02fffffffff,27.20650428580352,59.09137432160521,0,False,False
832d03fffffffff,28.14951474497261,59.70996779828202,0,False,False
832d04fffffffff,28.187464319196376,57.159829590552285,0,False,False
832d06fffffffff,10.871705994980417,46.55383714125836,0,False,False
832d10fffffffff,8.604886076094065,46.36981022207072,0,False,False
832d11fffffffff,9.073246043940111,47.38534658954281,0,False,False
832d12fffffffff,7.464858159714906,46.27812858466631,0,False,False
832d13fffffffff,7.939806508820008,47.29279854545664,0,False,False
832d14fffffffff,9.271742741905811,45.43799151170021,0,False,False
832d15fffffffff,9.740793291999914,46.4617129655332,0,False,False
832d16fffffffff,8.129311363422891,45.34702454774006,0,False,False
832d18fffffffff,8.867981811673953,49.29842088160114,0,False,False
832d19fffffffff,28.065746304959927,62.22561844528657,0,False,False
832d1afffffffff,7.74463003468514,49.20456709528744,0,False,False
832d1bfffffffff,8.204686178252226,50.19384217439888,0,False,False
832d1cfffffffff,9.534038645625298,48.39307949795789,0,False,False
832d1dfffffffff,28.11322272731049,60.972672909080025,0,False,False
832d1efffffffff,8.40762927090679,48.29973817063184,0,False,False
832d22fffffffff,28.1886787410676,55.87478944228712,0,False,False
832d30fffffffff,11.078826277881122,44.58813043146719,0,False,False
832d31fffffffff,27.22827438901953,56.54641459313798,0,False,False
832d32fffffffff,9.939659439857628,44.49771489188089,0,False,False
832d33fffffffff,10.40956236422033,45.52918362448307,0,False,False
832d34fffffffff,11.747843248232437,43.63895046005136,0,False,False
832d35fffffffff,27.22182688047458,55.264936522698726,0,False,False
832d36fffffffff,10.607901995276524,43.5493778396379,0,False,False
832d40fffffffff,34.55627532324809,62.779030544580685,0,False,False
832d41fffffffff,35.502338340052745,63.3853154021059,0,False,False
832d42fffffffff,33.59805901140136,63.43780611147007,0,False,False
832d43fffffffff,34.53704689666736,64.04867953905062,0,False,False
832d44fffffffff,34.56236159309952,61.52538630501541,0,False,False
832d45fffffffff,35.5083992081452,62.10669987847067,0,False,False
832d46fffffffff,33.61710750208259,62.1924610772713,0,False,False
832d48fffffffff,36.43345881539179,65.33238693975892,0,False,False
832d49fffffffff,37.38919305242505,66.00700702867243,0,False,False
832d4afffffffff,35.448253021412626,65.98945491175294,0,False,False
832d4bfffffffff,36.39736397684082,66.66737870796611,0,False,False
832d4cfffffffff,36.4545157902714,64.01218376993721,0,False,False
832d4dfffffffff,37.41197443798891,64.66054397990892,0,False,False
832d4efffffffff,35.48245298441045,64.67991508759982,0,False,False
832d50fffffffff,31.710673644134644,63.48759118821619,0,False,False
832d51fffffffff,32.63463526308969,64.08326343158986,0,False,False
832d52fffffffff,30.758882753527807,64.10805935718248,0,False,False
832d53fffffffff,31.66689720805701,64.71564340370614,0,False,False
832d54fffffffff,31.782589496118927,62.22147341440287,0,False,False
832d55fffffffff,32.66625439849477,62.8464575720891,0,False,False
832d58fffffffff,33.52067623232236,65.97284234640888,0,False,False
832d59fffffffff,34.45728843683285,66.63206275800346,0,False,False
832d5afffffffff,32.53281055886971,66.59861654126234,0,False,False
832d5bfffffffff,33.461506452243434,67.26052619330224,0,False,False
832d5cfffffffff,33.56605988611575,64.69825481852573,0,False,False
832d5dfffffffff,34.50419977007657,65.33337186018818,0,False,False
832d5efffffffff,32.59028460505261,65.33430488590012,0,False,False
832d63fffffffff,35.50115521473401,60.84502334192227,0,False,False
832d68fffffffff,37.41225893673004,62.01618447718496,0,False,False
832d69fffffffff,38.37645291976538,62.63275954398957,0,False,False
832d6afffffffff,36.461036911418255,62.70790224302601,0,False,False
832d6bfffffffff,37.41947998921489,63.32989243362832,0,False,False
832d6dfffffffff,38.35513786576719,61.30991229688235,0,False,False
832d6efffffffff,36.453557424645794,61.42058235006334,0,False,False
832d72fffffffff,31.842355739267365,60.944105172550586,0,False,False
832d73fffffffff,32.72271557358062,61.57994961382483,0,False,False
832d75fffffffff,33.70521686590219,59.629159166102994,0,False,False
832d9afffffffff,-4.002098559397247,45.55575387311783,0,False,False
832da0fffffffff,5.834206263400595,45.16576456008147,0,False,False
832da1fffffffff,6.321602758514578,46.18666772415393,0,False,False
832da4fffffffff,6.4951282888613,44.22784003474886,0,False,False
832da5fffffffff,6.983162029176425,45.256282356714784,0,False,False
832da6fffffffff,5.340978522791554,44.13833758505575,0,False,False
832dadfffffffff,7.277200592615239,48.20660934743228,0,False,False
832e01fffffffff,52.03591848693888,160.9010834810203,0,False,False
832e19fffffffff,54.222432595759656,157.91772110815086,0,False,False
832e1afffffffff,54.39803946024128,161.85055210395916,0,False,False
832e1bfffffffff,55.3067021756572,157.84029442967818,0,False,False
832e1dfffffffff,53.689064070373874,159.42263672252966,0,False,False
832e1efffffffff,53.94181729381744,163.4476261031723,0,False,False
832e28fffffffff,49.85662176413615,160.89164894292875,0,False,False
832e29fffffffff,49.35159589117279,159.54728748515225,0,False,False
832e2afffffffff,50.94428153346253,160.89624702152523,0,False,False
832e2bfffffffff,50.43031302838835,159.51844423958823,0,False,False
832e2dfffffffff,48.77369658476249,160.88727204508405,0,False,False
832e65fffffffff,46.08564431459347,155.14907976017264,0,False,False
832e88fffffffff,58.04707964288156,159.3739929153612,0,False,False
832e89fffffffff,57.35540807762532,157.96084277411194,0,False,False
832e8afffffffff,59.1152401053606,159.05147345024645,0,False,False
832e8bfffffffff,58.41425366931907,157.60579263426283,0,False,False
832e8dfffffffff,56.97585144593268,159.67841799260972,0,False,False
832e98fffffffff,60.87994581552271,160.27082104304034,0,False,False
832e99fffffffff,60.17950513424153,158.70921933833102,0,False,False
832e9bfffffffff,61.23905162531767,158.34538893181747,0,False,False
832e9dfffffffff,59.80725569858616,160.57445406744546,0,False,False
832ea1fffffffff,56.282836581990814,166.28616060327596,0,False,False
832ea8fffffffff,56.13064374010795,163.07215498052597,0,False,False
832ea9fffffffff,55.48322374104541,161.6232352269641,0,False,False
832eabfffffffff,56.56756860612311,161.38313387426163,0,False,False
832eacfffffffff,55.66527651151905,164.74280659414651,0,False,False
832eadfffffffff,55.03637485211113,163.26501936196755,0,False,False
832ec0fffffffff,53.68124423488834,151.94832166452878,0,False,False
832ec1fffffffff,53.04659977693375,150.72480337180286,0,False,False
832ec2fffffffff,54.72832447813041,151.70430042452787,0,False,False
832ec3fffffffff,54.08361895703569,150.45584171997808,0,False,False
832ed0fffffffff,56.42373702880435,152.78323606436717,0,False,False
832ed1fffffffff,55.77417739698824,151.44751601116516,0,False,False
832ed2fffffffff,57.47665740591196,152.5428134224267,0,False,False
832ed3fffffffff,56.81804656201645,151.17695137167829,0,False,False
832edcfffffffff,55.11966027002031,150.17319382632914,0,False,False
832edefffffffff,56.153972827149055,149.87580264306476,0,False,False
832ef0fffffffff,56.88351189562863,156.1453919679965,0,False,False
832ef2fffffffff,57.95965126517001,156.01059580444868,0,False,False
832ef4fffffffff,56.39169901469365,157.75845475299505,0,False,False
832ef5fffffffff,55.806853870202055,156.2726853780597,0,False,False
832ef6fffffffff,57.47663880412848,157.6718140916117,0,False,False
832f5afffffffff,49.56682579467183,158.1254563311335,0,False,False
832f5bfffffffff,48.2085362295956,157.3367910100776,0,False,False
833002fffffffff,44.14535546367586,138.7535996448178,0,False,False
833003fffffffff,44.63138451776645,139.8347098979907,0,False,False
833005fffffffff,45.51739008064784,139.52422466547918,0,False,False
833018fffffffff,43.46878663268828,140.79263487335388,0,False,False
833019fffffffff,44.00932487256158,141.89025000770891,0,False,False
83301afffffffff,42.596980242947126,140.72770587506332,0,False,False
83301bfffffffff,43.140608959453694,141.81696732100116,0,False,False
83301cfffffffff,43.7819939411354,139.77624268968546,0,False,False
83301dfffffffff,44.32782356901687,140.85847416081825,0,False,False
83301efffffffff,42.91997784635346,139.7185828060884,0,False,False
833028fffffffff,45.81004611103018,141.4117106302501,0,False,False
833029fffffffff,45.48266202677384,142.5695174067042,0,False,False
83302afffffffff,45.21216442286629,140.65400388377736,0,False,False
83302bfffffffff,44.8911493198345,141.78798402091545,0,False,False
83302efffffffff,46.12107788540326,140.2576637222223,0,False,False
833080fffffffff,39.18587956698142,138.36881678650312,0,False,False
833082fffffffff,38.30725385206684,138.30641294315708,0,False,False
833083fffffffff,38.59582202422911,139.40488465600072,0,False,False
83308dfffffffff,40.457613253461375,141.6031202303258,0,False,False
833090fffffffff,37.10081034801195,137.14268635072747,0,False,False
833091fffffffff,37.41377043961539,138.24448770013214,0,False,False
833092fffffffff,36.18277674396485,137.08527725315054,0,False,False
833093fffffffff,36.50549803470605,138.1830357156151,0,False,False
833095fffffffff,38.00397166960029,137.20054129019002,0,False,False
833096fffffffff,36.77298751393141,136.03433502456468,0,False,False
833098fffffffff,37.10722745157167,140.35624113874624,0,False,False
833099fffffffff,37.66324675123694,141.3978575397745,0,False,False
83309afffffffff,36.20408661125609,140.2875250716326,0,False,False
83309bfffffffff,36.708197923761325,141.33125643314398,0,False,False
83309cfffffffff,37.71204883217284,139.33898984935632,0,False,False
83309dfffffffff,38.0519264206527,140.4160818242636,0,False,False
83309efffffffff,36.81358303493703,139.2735941132261,0,False,False
8330a8fffffffff,41.158567761391694,139.60561948633867,0,False,False
8330a9fffffffff,41.71253363029959,140.66366858052865,0,False,False
8330aafffffffff,40.31909497541101,139.5381937951634,0,False,False
8330abfffffffff,40.81560388804205,140.60050490242202,0,False,False
8330adfffffffff,42.0454542101882,139.66171375475784,0,False,False
8330c6fffffffff,42.06306319821502,144.93178431472097,0,False,False
8330d4fffffffff,40.62247560943695,143.7141322501888,0,False,False
8330d5fffffffff,41.15194927288501,144.83720604253875,0,False,False
8330e0fffffffff,44.20100786806507,144.06505471084253,0,False,False
8330e2fffffffff,43.326175269868926,143.9754795137923,0,False,False
8330e4fffffffff,44.554150641939216,142.9252958918695,0,False,False
8330e6fffffffff,43.67554899898408,142.92945518977083,0,False,False
8330f0fffffffff,41.90567735534658,142.76900507078705,0,False,False
8330f1fffffffff,42.43804568178448,143.88715087898854,0,False,False
8330f2fffffffff,41.00133962361584,142.6904336848311,0,False,False
8330f3fffffffff,41.53675658433429,143.80004337601636,0,False,False
8330f4fffffffff,42.25898605853538,141.74469848372544,0,False,False
8330f5fffffffff,42.7971318249354,142.84867132872637,0,False,False
8330f6fffffffff,41.36459741053458,141.67342282610937,0,False,False
833568fffffffff,30.15508261119231,14.57885624981622,0,False,False
833569fffffffff,29.01026542610756,14.459575432674924,0,False,False
83356cfffffffff,30.650102585064303,15.786994560284,0,False,False
83356dfffffffff,29.507259143170096,15.650753497611984,0,False,False
833804fffffffff,20.35236593949123,19.48953931351031,0,False,False
833809fffffffff,16.587415592856924,22.254973211382463,0,False,False
83380dfffffffff,17.68060606554939,22.31919994683096,0,False,False
833822fffffffff,21.42966821961172,19.55181037651736,0,False,False
833823fffffffff,20.893055067645687,20.5184005993903,0,False,False
833824fffffffff,24.066138563387025,20.29831015342204,0,False,False
833825fffffffff,23.435507378202416,21.21706317705697,0,False,False
833828fffffffff,19.834908651045268,22.44813304829684,0,False,False
833829fffffffff,19.29463863734639,23.424775367282525,0,False,False
83382afffffffff,19.300900853189034,21.413156197838813,0,False,False
83382bfffffffff,18.763308929341623,22.383586414669267,0,False,False
83382efffffffff,20.36364531550272,21.47632090060666,0,False,False
833830fffffffff,21.40955047535818,17.521052032917538,0,False,False
833831fffffffff,20.88056323336217,18.51473722507168,0,False,False
833834fffffffff,22.505379535006096,17.56051288966203,0,False,False
833835fffffffff,21.96733153264105,18.565843470492226,0,False,False
833836fffffffff,21.93866564497956,16.508544844124856,0,False,False
833840fffffffff,15.389896140313349,26.23881594237884,0,False,False
833841fffffffff,14.792801373756395,27.226821261776497,0,False,False
833842fffffffff,14.86122936978472,25.18527855203472,0,False,False
833843fffffffff,14.26651542839092,26.16933971151166,0,False,False
833844fffffffff,16.503853144447078,26.308455130557626,0,False,False
833845fffffffff,15.913581125396249,27.297692974327497,0,False,False
833846fffffffff,15.977664728141162,25.253487774749416,0,False,False
833848fffffffff,13.160613036168783,27.82729867195034,0,False,False
833849fffffffff,12.503176479430854,28.792225175374057,0,False,False
83384afffffffff,12.675574716283368,26.74680086313012,0,False,False
83384bfffffffff,12.020400670354464,27.70933191615681,0,False,False
83384cfffffffff,14.292863512975982,27.945538642608938,0,False,False
83384dfffffffff,13.640920434913006,28.91161737591083,0,False,False
83384efffffffff,13.810171006514189,26.86354600529652,0,False,False
833850fffffffff,14.911219872737188,23.162125422229384,0,False,False
833851fffffffff,14.328212408777686,24.137747100187635,0,False,False
833852fffffffff,14.37224519032685,22.12699720677596,0,False,False
833853fffffffff,13.791487279083125,23.09686426842581,0,False,False
833854fffffffff,16.022105394405052,23.227546690076828,0,False,False
833855fffffffff,15.446574857983853,24.20449580116213,0,False,False
833856fffffffff,15.48439559176322,22.190905775466245,0,False,False
833858fffffffff,12.602165909827368,25.04934627534257,0,False,False
833859fffffffff,12.186392109397575,25.67086772430413,0,False,False
83385cfffffffff,13.735805048675632,25.11723151439616,0,False,False
83385dfffffffff,13.322761852063474,25.78604706224604,0,False,False
83385efffffffff,13.201308212044472,24.071159493060023,0,False,False
833862fffffffff,17.607668621061002,26.378257643570507,0,False,False
833863fffffffff,17.02451656081243,27.3687280872562,0,False,False
833865fffffffff,27.52628230443619,32.430334958990684,0,False,False
833868fffffffff,15.890408522273985,29.15120429823777,0,False,False
833869fffffffff,15.241801977045728,30.1199977005774,0,False,False
83386afffffffff,15.416346446192074,28.06405176778349,0,False,False
83386bfffffffff,14.770260799871334,29.03127713251365,0,False,False
83386cfffffffff,16.943553587890772,29.42869654662688,0,False,False
83386dfffffffff,27.50249084779536,31.181557008194915,0,False,False
83386efffffffff,16.43166685727902,28.36122200906612,0,False,False
833870fffffffff,17.654716037694193,24.33847809869982,0,False,False
833871fffffffff,17.084376614742855,25.32185956903709,0,False,False
833872fffffffff,17.123419213745397,23.293128490721685,0,False,False
833873fffffffff,16.555645872601904,24.271405999447325,0,False,False
833874fffffffff,18.74311813557196,24.40571250275701,0,False,False
833875fffffffff,18.18067230266681,25.39039432138712,0,False,False
833876fffffffff,18.21447744123791,23.35887124329256,0,False,False
8338ecfffffffff,13.251702670764251,22.063247073565268,0,False,False
8338edfffffffff,12.663670874172448,23.03176281029794,0,False,False
833910fffffffff,27.727100307826912,16.554834042996358,0,False,False
833914fffffffff,28.85655757028425,16.70000289445679,0,False,False
833916fffffffff,28.369836303245787,15.518195035211251,0,False,False
833918fffffffff,25.33361159592689,18.398186095049628,0,False,False
833919fffffffff,24.69908511067741,19.35874858347863,0,False,False
83391afffffffff,23.61058082891719,17.60095031403787,0,False,False
83391efffffffff,25.96894092339768,17.416468839998963,0,False,False
833921fffffffff,29.98575967732018,22.456079902043577,0,False,False
833924fffffffff,31.794655962814304,21.69459868944511,0,False,False
833925fffffffff,31.096050674733394,22.68181963795752,0,False,False
833926fffffffff,31.36513661091259,20.47755360881117,0,False,False
833928fffffffff,28.1999770682113,23.17940423316445,0,False,False
83392cfffffffff,29.29674018161788,23.40873168860765,0,False,False
83392dfffffffff,28.609340276360527,24.33748032747541,0,False,False
833930fffffffff,30.46326558744094,18.05376582359695,0,False,False
833932fffffffff,29.99177972745672,16.84914743925574,0,False,False
833933fffffffff,29.33098704304913,17.8879938872984,0,False,False
833934fffffffff,31.5998946324955,18.22412948646231,0,False,False
833935fffffffff,30.921204562389704,19.263584916929112,0,False,False
833936fffffffff,31.13189030039165,17.00243115954015,0,False,False
833944fffffffff,24.490839803081226,26.53091862699674,0,False,False
833945fffffffff,23.875810352999498,27.47599743661265,0,False,False
833949fffffffff,27.927091550095007,34.54715760775671,0,False,False
83394bfffffffff,28.265253675391207,33.33242669761107,0,False,False
833954fffffffff,24.29735218558014,23.41954073496033,0,False,False
833956fffffffff,23.87155267018917,22.31772039391511,0,False,False
833960fffffffff,28.63128810465779,30.97666908874458,0,False,False
833961fffffffff,28.853509527043546,32.14767510676548,0,False,False
833962fffffffff,25.509914429605185,26.72383868500569,0,False,False
833963fffffffff,24.890777768547103,27.64887480349411,0,False,False
833968fffffffff,28.260122787860244,34.06310027374142,0,False,False
833969fffffffff,28.456908536240995,35.26984477818683,0,False,False
83396cfffffffff,29.06761377186712,33.335205001263404,0,False,False
83396efffffffff,28.054666985963813,32.87158923400494,0,False,False
833973fffffffff,24.712550370534565,24.52171043135117,0,False,False
833980fffffffff,22.9170034939953,12.298549845820151,0,False,False
833981fffffffff,22.401397270567426,13.37105489031046,0,False,False
833982fffffffff,22.307307821211445,11.24708631130276,0,False,False
833983fffffffff,21.80126815410605,12.323165596197414,0,False,False
833984fffffffff,24.04215195191921,12.273312340259569,0,False,False
833985fffffffff,23.519716274378546,13.35946180537565,0,False,False
833986fffffffff,23.42961368142876,11.208755257359174,0,False,False
83398cfffffffff,21.883548399963143,14.425945071402603,0,False,False
83398dfffffffff,21.364190766814243,15.462953400476062,0,False,False
83398efffffffff,21.292795863223315,13.382364519933686,0,False,False
833990fffffffff,22.18463298016383,9.111091875730368,0,False,False
833991fffffffff,21.69139092519677,10.20564392971388,0,False,False
833995fffffffff,22.81017741848512,10.154496957121786,0,False,False
833996fffffffff,22.673822925590464,8.001291973760141,0,False,False
8339a3fffffffff,24.647018330696667,13.347574474440128,0,False,False
8339a8fffffffff,23.57980704492294,15.492057239392642,0,False,False
8339a9fffffffff,23.043114178999115,16.53587983396128,0,False,False
8339aafffffffff,22.99448175345504,14.427558847900537,0,False,False
8339abfffffffff,22.46721626118949,15.477326105100786,0,False,False
8339adfffffffff,24.15668162057798,16.56389836445739,0,False,False
8339aefffffffff,24.11470200221378,14.429213237418486,0,False,False
833c00fffffffff,-48.628110190993695,69.30174673712361,0,False,False
833c01fffffffff,-49.16439032545212,70.76733927699698,0,False,False
833c02fffffffff,-49.115928997126055,67.85654876363701,0,False,False
833c03fffffffff,-49.67391699417722,69.32677023969434,0,False,False
833c04fffffffff,-47.58229818729949,69.27773947302404,0,False,False
833c05fffffffff,18.33506277899747,106.69331671900773,0,False,False
833c06fffffffff,-48.07363095617067,67.86749189234249,0,False,False
833c08fffffffff,-50.73503399076789,72.37736671795423,0,False,False
833c09fffffffff,-51.235552389480006,73.95599177191247,0,False,False
833c0afffffffff,-51.27641411641009,70.90444189232899,0,False,False
833c0bfffffffff,-51.79966159755763,72.49391649913443,0,False,False
833c0cfffffffff,18.094113775230305,108.63781608469944,0,False,False
833c0efffffffff,-50.21405979892976,70.83396013624639,0,False,False
833c1dfffffffff,-50.73277059534838,69.35322705284521,0,False,False
833c22fffffffff,-46.52342868219264,69.25439046712812,0,False,False
833c2dfffffffff,29.45978391855056,108.38029372164428,0,False,False
833c31fffffffff,-47.02308067480112,67.86346514130891,0,False,False
833c34fffffffff,-45.3788629233574,66.49165923926381,0,False,False
833c35fffffffff,-45.95979418662834,67.85954780198625,0,False,False
833c40fffffffff,20.008530349369693,114.1222444940611,0,False,False
833c41fffffffff,30.465628818157384,115.86504999146138,0,False,False
833c42fffffffff,18.9823159751343,113.90779827047794,0,False,False
833c43fffffffff,19.34850520436153,115.01451915332213,0,False,False
833c44fffffffff,20.657297754080687,113.23181895846132,0,False,False
833c45fffffffff,30.919205807765387,114.75217662722484,0,False,False
833c46fffffffff,19.639618067595887,113.01764452690855,0,False,False
833c48fffffffff,30.55987957181148,118.07388708279738,0,False,False
833c49fffffffff,31.1100449888594,119.1769444707471,0,False,False
833c4afffffffff,29.51656971582069,118.09173976898104,0,False,False
833c4bfffffffff,30.07270308031335,119.19046393249452,0,False,False
833c4cfffffffff,31.03323157571121,116.95622959271915,0,False,False
833c4dfffffffff,31.58930469256485,118.0558916566978,0,False,False
833c4efffffffff,29.997998955626688,116.97851790691368,0,False,False
833c50fffffffff,-52.77965262559606,75.7829436741095,0,False,False
833c51fffffffff,-53.23388812970052,77.47940636509267,0,False,False
833c52fffffffff,-53.37798276577495,74.29512033810045,0,False,False
833c53fffffffff,-53.855532564483184,76.01045372580049,0,False,False
833c54fffffffff,-51.71437609500138,75.56857751136604,0,False,False
833c55fffffffff,18.60873173367131,112.8034939264056,0,False,False
833c56fffffffff,-52.30117044729977,74.1205483580733,0,False,False
833c58fffffffff,-56.0977920998175,73.31796641139654,0,False,False
833c59fffffffff,17.996409786541843,116.80289904426036,0,False,False
833c5cfffffffff,-53.66273851918775,79.2079317814518,0,False,False
833c5dfffffffff,18.67764404366732,115.9082147685617,0,False,False
833c5efffffffff,-55.59199500714093,71.53870185469036,0,True,False
833c60fffffffff,31.8939331830424,112.62836620907903,0,False,False
833c61fffffffff,32.47036161205517,113.70619377565276,0,False,False
833c62fffffffff,30.80858533730187,112.61222741786015,0,False,False
833c63fffffffff,31.38744785394319,113.6740715368138,0,False,False
833c66fffffffff,31.30412914251311,111.55617506635797,0,False,False
833c68fffffffff,32.505183175495446,115.8114193397822,0,False,False
833c69fffffffff,33.0612568204113,116.91111698497124,0,False,False
833c6afffffffff,31.49248143746612,115.83834105230557,0,False,False
833c6bfffffffff,32.05443507696843,116.93376332962288,0,False,False
833c6cfffffffff,33.03295100041128,114.78893398436382,0,False,False
833c6dfffffffff,33.58128592464346,115.87584242497216,0,False,False
833c6efffffffff,31.95312386372129,114.74070595774424,0,False,False
833c70fffffffff,19.90633336615771,111.0316214731226,0,False,False
833c71fffffffff,20.285526152770725,112.1298649206213,0,False,False
833c72fffffffff,18.87996652467171,110.81844728553912,0,False,False
833c73fffffffff,19.263290609122368,111.91611294513424,0,False,False
833c74fffffffff,20.57934418868075,110.19914960390958,0,False,False
833c75fffffffff,30.217012026063987,111.5558654220659,0,False,False
833c93fffffffff,-52.76899134453787,46.68372736669668,0,True,False
833cc8fffffffff,13.793900062901546,118.67828781032958,0,False,False
833ccafffffffff,12.671191667997784,118.58853342710204,0,False,False
833cccfffffffff,14.410308497614045,117.7033110183966,0,False,False
833ccdfffffffff,14.906678740553415,118.76810712694903,0,False,False
833ccefffffffff,13.293882959542865,117.6140054553422,0,False,False
833cd9fffffffff,11.5393015568077,118.49884434690452,0,False,False
833cdbfffffffff,10.399018765015947,118.40922093755728,0,False,False
833cddfffffffff,12.167934654409343,117.52476954775491,0,False,False
833ce0fffffffff,-54.40623310652641,64.79270121747274,0,True,False
833ce1fffffffff,-55.01246724086672,66.4448055889469,0,True,False
833ce3fffffffff,-55.50370327491717,64.72111549512579,0,True,False
833ce4fffffffff,-53.31977641526244,64.85988900246808,0,True,False
833ce5fffffffff,-52.87600429967171,72.61749592644041,0,False,False
833ce9fffffffff,16.611738327203195,117.88212969761769,0,False,False
833cebfffffffff,15.516487061341516,117.79268588407004,0,False,False
833cecfffffffff,-55.59542141242764,68.14597288305335,0,True,False
833cedfffffffff,-56.15349075659597,69.89528959025363,0,True,False
833ceefffffffff,-56.11335944743005,66.4270407500131,0,False,False
833d00fffffffff,21.80582311637718,100.02619884920992,0,False,False
833d02fffffffff,-41.59022388225384,67.84488797371787,0,False,False
833d03fffffffff,21.155028494306485,101.00043460687117,0,False,False
833d06fffffffff,-40.4718569323445,67.84145613500466,0,False,False
833d10fffffffff,-42.220475369166,60.22064304143255,0,False,False
833d11fffffffff,-42.1088036730474,66.53368106184892,0,False,False
833d13fffffffff,-42.60736605038664,65.21429551843775,0,False,False
833d14fffffffff,-41.1118791253003,60.348041091130185,0,False,False
833d15fffffffff,-40.99791384663759,66.54697330044732,0,False,False
833d16fffffffff,-41.54161911581602,59.00162422714709,0,False,False
833d18fffffffff,-43.79710830375663,67.85202399335046,0,False,False
833d1afffffffff,-44.29992360710848,66.50603826229006,0,False,False
833d1bfffffffff,-44.88428385321072,67.85573547490623,0,False,False
833d1cfffffffff,-42.69887191190641,67.84840940815981,0,False,False
833d1efffffffff,-43.20969601035648,66.5200406685882,0,False,False
833d30fffffffff,-38.74901978202757,66.57256529873631,0,False,False
833d31fffffffff,-39.34450556166735,67.83811051562559,0,False,False
833d32fffffffff,-39.99433533431653,60.47217002466445,0,False,False
833d33fffffffff,-39.877735977516615,66.55993054438622,0,False,False
833d34fffffffff,-37.61255291464326,66.58488945387383,0,False,False
833d35fffffffff,-38.20894390559684,67.83484790673182,0,False,False
833d36fffffffff,-38.86861121173058,60.59315295780946,0,False,False
833d5afffffffff,30.08647872472738,109.43147812609443,0,False,False
833d5bfffffffff,30.701459453458632,110.49032080986052,0,False,False
833e20fffffffff,5.620754140522056,33.24436253329466,0,False,False
833e21fffffffff,4.926650373358187,34.20262305133367,0,False,False
833e23fffffffff,4.447709540331598,33.12117826631435,0,False,False
833e24fffffffff,6.791288824612892,33.36778176791759,0,False,False
833e25fffffffff,6.097906796045732,34.32679534524019,0,False,False
833e26fffffffff,6.312998855581578,32.28422456633701,0,False,False
833e28fffffffff,3.058603294196184,35.03384454115131,0,False,False
833e2cfffffffff,4.231473268682907,35.158477401571886,0,False,False
833e2dfffffffff,3.536009941219288,36.111404868499896,0,False,False
833e2efffffffff,3.753382925109288,34.078677950427924,0,False,False
833f00fffffffff,10.962132596057517,32.77604901129953,0,False,False
833f01fffffffff,10.278111941386108,33.73944446800286,0,False,False
833f02fffffffff,10.490051280677587,31.68857991877709,0,False,False
833f03fffffffff,9.807705414663271,32.65273076003101,0,False,False
833f04fffffffff,12.10979741069659,32.899607970621155,0,False,False
833f05fffffffff,11.428990930757738,33.86379871063354,0,False,False
833f06fffffffff,11.641136950625452,31.81102245304096,0,False,False
833f08fffffffff,8.430454186890033,34.57581932396429,0,False,False
833f09fffffffff,7.737077619706375,35.53368810499333,0,False,False
833f0afffffffff,7.958332263567533,33.491435494497324,0,False,False
833f0bfffffffff,7.26616534284073,34.45119428775878,0,False,False
833f0cfffffffff,9.589821238349344,34.70066988835533,0,False,False
833f0efffffffff,9.12092057683239,33.61532322680137,0,False,False
833f10fffffffff,10.688592016726837,29.637563377988467,0,False,False
833f11fffffffff,10.013288157640376,30.60217395145095,0,False,False
833f13fffffffff,9.532403038753918,29.51760904501029,0,False,False
833f14fffffffff,11.838491070065954,29.7577796183311,0,False,False
833f15fffffffff,11.167218890343197,30.72341396782405,0,False,False
833f16fffffffff,11.357856396188405,28.673100667897632,0,False,False
833f18fffffffff,8.169856518176795,31.4444404225635,0,False,False
833f19fffffffff,7.482196829668457,32.4068181169557,0,False,False
833f1cfffffffff,9.332652658562102,31.566385790946867,0,False,False
833f1dfffffffff,8.647416968084393,32.52965365329296,0,False,False
833f1efffffffff,8.853506605679582,30.48118948158209,0,False,False
833f20fffffffff,23.41514790409128,33.47769368676771,0,False,False
833f21fffffffff,13.029258570580854,35.07656893616659,0,False,False
833f22fffffffff,23.50099788151345,32.222446365733234,0,False,False
833f23fffffffff,22.46570794333919,32.78833786300678,0,False,False
833f24fffffffff,24.35419901774473,34.17154093824417,0,False,False
833f25fffffffff,13.918114558076285,35.12590895787767,0,False,False
833f26fffffffff,24.447346977430723,32.91409353862933,0,False,False
833f2afffffffff,10.743338614606442,34.82574540481495,0,False,False
833f2efffffffff,11.890106817027387,34.95104528657264,0,False,False
833f30fffffffff,13.45396206772653,30.96665951509796,0,False,False
833f31fffffffff,12.785024652864385,31.933713030213017,0,False,False
833f32fffffffff,12.981218264140214,29.87825756282009,0,False,False
833f33fffffffff,12.314399290336045,30.844909252044395,0,False,False
833f34fffffffff,25.55299395473158,31.07021192073445,0,False,False
833f35fffffffff,24.530400044497608,31.64974016179388,0,False,False
833f36fffffffff,14.115925540977832,29.99899699809472,0,False,False
833f40fffffffff,6.111349150238829,39.45598930900279,0,False,False
833f41fffffffff,5.413730435255213,40.39340194473389,0,False,False
833f42fffffffff,5.647318393820752,38.38636241788454,0,False,False
833f43fffffffff,4.950140848693887,39.32861203823195,0,False,False
833f45fffffffff,8.4872618144715,41.36859975706597,0,False,False
833f48fffffffff,3.55955596095993,41.19729909384677,0,False,False
833f49fffffffff,2.867658235044179,42.12284275718952,0,False,False
833f4afffffffff,3.0922483465717394,40.13825573734792,0,False,False
833f4bfffffffff,2.4003707819000257,41.069593818369,0,False,False
833f4cfffffffff,4.717284180549785,41.32516704727938,0,False,False
833f4dfffffffff,6.001198331446028,43.19340628778937,0,False,False
833f4efffffffff,4.253965721793694,40.26574275546103,0,False,False
833f50fffffffff,5.875704320639572,36.362530307534655,0,False,False
833f51fffffffff,5.178982816924469,37.31307425204511,0,False,False
833f52fffffffff,5.402833677243411,35.283329357810175,0,False,False
833f53fffffffff,4.706856585298033,36.2368625716005,0,False,False
833f56fffffffff,6.571694339909593,35.40839979929637,0,False,False
833f58fffffffff,3.3153329915013496,38.13289277087346,0,False,False
833f59fffffffff,2.6213414952067056,39.07440300805423,0,False,False
833f5afffffffff,2.84104442510221,37.06089439055206,0,False,False
833f5cfffffffff,4.4823153589837,38.25953179971557,0,False,False
833f5dfffffffff,3.786481065124036,39.20141631685824,0,False,False
833f5efffffffff,4.010762336212509,37.18688365956783,0,False,False
833f60fffffffff,10.796048889199488,41.54278516310302,0,False,False
833f61fffffffff,10.129504447992565,42.5049746437746,0,False,False
833f63fffffffff,9.644046851504369,41.455573890726,0,False,False
833f64fffffffff,25.221085871028816,52.78300165897128,0,False,False
833f65fffffffff,11.275722791812347,42.59340232532058,0,False,False
833f68fffffffff,8.312127431024445,43.37092922133128,0,False,False
833f69fffffffff,7.646907989375927,44.31757011770985,0,False,False
833f6afffffffff,7.822384830788386,42.32882368262407,0,False,False
833f6bfffffffff,7.158094587816334,43.28205228087066,0,False,False
833f6cfffffffff,9.46236705936437,43.460037583484265,0,False,False
833f6dfffffffff,8.795389210644391,44.40752826163028,0,False,False
833f6efffffffff,8.978088995396515,42.41678193590325,0,False,False
833fa4fffffffff,11.53347100578678,26.63033394820407,0,False,False
834000fffffffff,29.888924265291376,130.2672381375803,0,False,False
834001fffffffff,29.42655439372906,129.1588504867258,0,False,False
834002fffffffff,30.92102494225477,130.2977763088412,0,False,False
834003fffffffff,30.46718878471136,129.18502635988432,0,False,False
834004fffffffff,29.30039295206604,131.3396394238515,0,False,False
834005fffffffff,28.843322775672167,130.23693881553703,0,False,False
834006fffffffff,30.33731041627121,131.37423420454917,0,False,False
834010fffffffff,32.36989577708413,131.44424211841033,0,False,False
834011fffffffff,31.93922714241059,130.32855614720654,0,False,False
834012fffffffff,33.36486048735476,131.47966167683444,0,False,False
834014fffffffff,31.7857656946952,132.51816832807515,0,False,False
834015fffffffff,31.360602705882467,131.40910070679882,0,False,False
834016fffffffff,32.785922021402946,132.55762697355914,0,False,False
834020fffffffff,27.64809117980332,132.3633719150693,0,False,False
834021fffffffff,27.18740773313141,131.27125251845922,0,False,False
834022fffffffff,28.70227511758315,132.40162226731795,0,False,False
834023fffffffff,28.250270065509284,131.30531322559708,0,False,False
834024fffffffff,27.03750618123948,133.4105527575069,0,False,False
834025fffffffff,26.581504305656065,132.32541504926562,0,False,False
834026fffffffff,28.09527786814451,133.45261907252825,0,False,False
83402afffffffff,28.372566135566924,129.13287992932663,0,False,False
83402cfffffffff,26.713440477946627,130.17704566359564,0,False,False
83402efffffffff,27.7846645548732,130.20687556819772,0,False,False
834030fffffffff,30.172690520002657,133.5377263358365,0,False,False
834031fffffffff,29.743568849644497,132.44016948862992,0,False,False
834032fffffffff,31.191451841081985,133.58077474503014,0,False,False
834033fffffffff,30.77153098975688,132.47901701325955,0,False,False
834034fffffffff,29.56478592731946,134.58469258167025,0,False,False
834035fffffffff,29.14049346060989,133.49500903114512,0,False,False
834036fffffffff,30.58764488442627,134.6315203381599,0,False,False
834048fffffffff,16.494545441875786,119.92557129540776,0,False,False
834049fffffffff,16.008822929178812,118.8579910055106,0,False,False
83404bfffffffff,17.099672846290428,118.94793907275934,0,False,False
834059fffffffff,17.30530566161368,117.69813680122546,0,False,False
8340a0fffffffff,34.74281453132364,132.63748069269386,0,False,False
8340a1fffffffff,34.34521152811313,131.51536267012426,0,False,False
8340a2fffffffff,35.69906390742233,132.67788312470287,0,False,False
8340a3fffffffff,35.31070612911108,131.55134843791933,0,False,False
8340a4fffffffff,34.163615938464815,133.71194504526346,0,False,False
8340a5fffffffff,33.7716930111018,132.59739654483116,0,False,False
8340a6fffffffff,35.12534461757037,133.75635661282192,0,False,False
8340b4fffffffff,36.430155320591965,134.92021146025536,0,False,False
8340b5fffffffff,36.07220416575093,133.80111895368907,0,False,False
8340c8fffffffff,33.142023813720826,119.14957843736192,0,False,False
8340c9fffffffff,32.60446898704713,118.0377517755038,0,False,False
8340cbfffffffff,33.605042501056026,118.01946569650528,0,False,False
8340cdfffffffff,32.13326959716543,119.16331640978646,0,False,False
834103fffffffff,26.22839934312617,136.53463848937685,0,False,False
834108fffffffff,25.34670462586603,134.40090982766324,0,False,False
834109fffffffff,24.88637106648902,133.32737652196025,0,False,False
83410afffffffff,26.41925621698244,134.44633416256053,0,False,False
83410bfffffffff,25.96768623176557,133.36880643852743,0,False,False
83410dfffffffff,24.263048353664143,134.35582663280073,0,False,False
83410efffffffff,25.79409932445806,135.4702356062582,0,False,False
834110fffffffff,28.09204839999527,138.70661140851163,0,False,False
834111fffffffff,27.69404304787917,137.65042015890938,0,False,False
834112fffffffff,29.1146019852312,138.76775309278156,0,False,False
834113fffffffff,28.726504973358647,137.70784092602494,0,False,False
834118fffffffff,27.90923291340289,135.56931851285475,0,False,False
834119fffffffff,27.480131198514886,134.4921034665011,0,False,False
83411afffffffff,28.94854407351117,135.61942281966645,0,False,False
83411bfffffffff,28.528802030161703,134.53822162511185,0,False,False
83411cfffffffff,27.282540932346222,136.58785358244788,0,False,False
83411dfffffffff,26.857583895838776,135.5195908272077,0,False,False
83411efffffffff,28.32471004307648,136.64146746704205,0,False,False
834140fffffffff,22.314332659963974,130.06000627765866,0,False,False
834142fffffffff,23.42998199611242,130.08892930792078,0,False,False
834144fffffffff,21.70154386646601,131.10482638632465,0,False,False
834146fffffffff,22.819502345898247,131.13760439717274,0,False,False
834150fffffffff,25.02556058238397,131.20391544576833,0,False,False
834151fffffffff,24.53549208874348,130.1180751626446,0,False,False
834152fffffffff,26.11231835098251,131.23745425799527,0,False,False
834153fffffffff,25.63018825166628,130.14744641150352,0,False,False
834154fffffffff,24.413299945169875,132.25036849897987,0,False,False
834155fffffffff,23.92773883470812,131.17063312848836,0,False,False
834156fffffffff,25.503047657426333,132.28774833796768,0,False,False
834160fffffffff,19.954515382069324,132.10365391253933,0,False,False
834162fffffffff,21.082762841661207,132.13991812099198,0,False,False
834163fffffffff,20.57459792848283,131.07229627313023,0,False,False
834164fffffffff,19.32978855764705,133.12485085123774,0,False,False
834166fffffffff,20.45876082770392,133.16475084027493,0,False,False
834170fffffffff,22.69168973858683,133.2454517853063,0,False,False
834171fffffffff,22.202469188908186,132.17645655239795,0,False,False
834172fffffffff,23.794158408265915,133.28625946711992,0,False,False
834173fffffffff,23.31288470563813,132.21327229893478,0,False,False
834175fffffffff,21.5796489881482,133.20495003886614,0,False,False
834176fffffffff,23.16890298573011,134.3110808045716,0,False,False
834180fffffffff,32.727051137001624,137.94185619281018,0,False,False
834181fffffffff,32.364763658747286,136.85999997580623,0,False,False
834182fffffffff,33.69312536002751,138.0014670417051,0,False,False
834183fffffffff,33.34077339205206,136.91567517809693,0,False,False
834184fffffffff,32.10508467673185,138.95391237370106,0,False,False
834185fffffffff,31.74704610305472,137.88269302171494,0,False,False
834186fffffffff,33.07503247549851,139.0168934282917,0,False,False
834188fffffffff,32.592457771759015,134.72626255888642,0,False,False
834189fffffffff,32.19640497952309,133.62415807414857,0,False,False
83418afffffffff,33.57375546337641,134.77418533043738,0,False,False
83418bfffffffff,33.187221494844444,133.66788019667845,0,False,False
83418cfffffffff,31.988089067735544,135.7720379517747,0,False,False
83418dfffffffff,31.596985377460925,134.67870895634795,0,False,False
83418efffffffff,32.97390579720119,135.82369154238353,0,False,False
834190fffffffff,34.97295423141177,139.14427801027702,0,False,False
834191fffffffff,34.645023160650275,138.0615305384234,0,False,False
834192fffffffff,35.90051164057377,139.20869196771642,0,False,False
834193fffffffff,35.582537411301594,138.12205172477468,0,False,False
834194fffffffff,34.354729757020365,140.1516232979294,0,False,False
834195fffffffff,34.031064630423,139.0803469143912,0,False,False
834196fffffffff,35.286541231343506,140.2193209610178,0,False,False
834198fffffffff,34.90271428048022,135.92819827991232,0,False,False
834199fffffffff,34.54061378355718,134.82248151882246,0,False,False
83419afffffffff,35.84525617074088,135.9810605721566,0,False,False
83419bfffffffff,35.49280869649606,134.87115543619794,0,False,False
83419cfffffffff,34.30258942311864,136.97177657740855,0,False,False
83419dfffffffff,33.94552909005359,135.87574347218035,0,False,False
83419efffffffff,35.249986275598275,137.02830897757045,0,False,False
8341a0fffffffff,30.48883183988066,139.88578957027855,0,False,False
8341a1fffffffff,30.124543864856268,138.82934720599815,0,False,False
8341a2fffffffff,31.47561050962687,139.9515150344546,0,False,False
8341a3fffffffff,31.1214867306854,138.89139864459642,0,False,False
8341a5fffffffff,29.48902524001942,139.82054412200753,0,False,False
8341a6fffffffff,30.83937549359743,140.93437983720708,0,False,False
8341a8fffffffff,30.37126457364221,136.74990929321197,0,False,False
8341a9fffffffff,29.975059253519955,135.66990796500417,0,False,False
8341aafffffffff,31.374825370733085,136.8047462361996,0,False,False
8341abfffffffff,30.988364392324065,135.72077822821973,0,False,False
8341acfffffffff,29.7464259369826,137.76569018437607,0,False,False
8341adfffffffff,29.354429235976504,136.69548454785425,0,False,False
8341aefffffffff,30.75339562936994,137.82397262894727,0,False,False
8341b0fffffffff,32.779032509228585,141.07348398466544,0,False,False
8341b1fffffffff,32.44903664020186,140.0177256564651,0,False,False
8341b2fffffffff,33.77687767312555,141.1366657559055,0,False,False
8341b3fffffffff,33.4088252059184,140.08442664924857,0,False,False
8341b5fffffffff,31.81587550712471,141.00367866292183,0,False,False
8341b6fffffffff,33.33170736879208,142.09874084914065,0,False,False
834205fffffffff,18.04922331579104,85.92666131584903,0,False,False
834208fffffffff,-34.72615211001299,50.48756675863646,0,True,False
834209fffffffff,-35.455689713486805,51.47585900631771,0,False,False
83420afffffffff,-35.07822199217799,49.28990014113871,0,True,False
83420bfffffffff,-35.81423082708919,50.2601099886548,0,True,False
83420dfffffffff,-34.35769509198608,51.690158040858776,0,False,False
834219fffffffff,-35.41396924580181,48.09816732584067,0,True,False
83421bfffffffff,-35.73350824848204,46.91334697303995,0,True,False
834221fffffffff,19.90563832500036,86.3071462712664,0,False,False
834224fffffffff,21.67714758691384,79.70471898672378,0,False,False
834226fffffffff,21.66148859101743,78.56592564636796,0,False,False
834228fffffffff,18.56849032138934,87.77775027344765,0,False,False
834229fffffffff,18.28652454489446,88.89458379545373,0,False,False
83422afffffffff,17.77843548007097,87.0227583570367,0,False,False
83422bfffffffff,17.49890094665877,88.12590378595084,0,False,False
83422efffffffff,18.841366812857853,86.66755943474823,0,False,False
834241fffffffff,-37.93037915600566,56.979591562306126,0,False,False
834244fffffffff,-36.107185272656544,56.03979212340035,0,False,False
834245fffffffff,-36.80881545407301,57.13907932259249,0,False,False
834246fffffffff,-36.5155959661982,54.78487507121598,0,False,False
834248fffffffff,-39.74357808658927,57.96589901066873,0,False,False
834249fffffffff,-40.43289426481269,59.14320596798255,0,False,False
83424bfffffffff,-40.85179625807817,57.81093818214274,0,False,False
83424cfffffffff,-38.6272787393364,58.11700340656521,0,False,False
83424dfffffffff,-39.31565128146538,59.28120868965053,0,False,False
834254fffffffff,-36.18277305752933,52.49027474017933,0,False,False
834260fffffffff,-34.54852126767774,57.446738046203976,0,False,False
834261fffffffff,-35.23796033072866,58.54854695671464,0,False,False
834262fffffffff,-34.982717566079785,56.20663646482264,0,False,False
834263fffffffff,-35.681243964408395,57.294750428936965,0,False,False
834265fffffffff,18.95770907004788,93.9368378806472,0,False,False
834266fffffffff,18.48271503115005,91.95519229622496,0,False,False
834268fffffffff,-37.05876483757031,59.54700058823582,0,False,False
834269fffffffff,-37.73550990058892,60.711106956167775,0,False,False
83426afffffffff,-37.50368924380547,58.26439153452472,0,False,False
83426bfffffffff,-38.1906701544515,59.41576486609985,0,False,False
83426cfffffffff,-35.92078022813868,59.67503593925487,0,False,False
83426dfffffffff,-36.59586759286168,60.82614339893541,0,False,False
83426efffffffff,-36.37363253971464,58.4081969455595,0,False,False
834270fffffffff,-34.68811308180334,53.91878089338976,0,False,False
834271fffffffff,-35.39991859006489,54.9664188620411,0,False,False
834272fffffffff,-35.08031417265951,52.69577906216535,0,False,False
834273fffffffff,-35.799968238599874,53.727246489965545,0,False,False
834274fffffffff,17.995597439957248,90.01726408982283,0,False,False
834275fffffffff,-34.27915336313979,55.14375851392752,0,False,False
834276fffffffff,-33.97283911453116,52.89663920776668,0,False,False
8342c2fffffffff,-39.91502060029166,45.81796890476474,0,True,False
8342c3fffffffff,-40.67850923269133,46.77613427925625,0,False,False
8342c6fffffffff,-38.88102421257261,46.10090896854911,0,True,False
8342d1fffffffff,-40.17175969056925,44.59297995654341,0,True,False
8342d3fffffffff,-40.41173387018957,43.37854496932969,0,True,False
8342d5fffffffff,-39.14980942166741,44.88819831094674,0,True,False
8342d8fffffffff,-41.95632131912821,45.23273447643061,0,True,False
8342dafffffffff,-42.100027262729405,43.81320570970968,0,True,False
8342dbfffffffff,-42.86246800233416,44.72438859175627,0,True,False
8342dcfffffffff,-40.94032531798873,45.52864515438807,0,True,False
8342ddfffffffff,-41.7067302530873,46.493373970181295,0,False,False
8342defffffffff,-41.184819300725245,44.29119423321752,0,True,False
8342e4fffffffff,-36.15598432572534,49.04959883909985,0,True,False
8342e6fffffffff,-36.48104996411267,47.84536454339336,0,True,False
8342f1fffffffff,-37.83898409759658,46.377660962565805,0,True,False
8342f3fffffffff,-38.11959262793352,45.17704618900195,0,True,False
8342f5fffffffff,-36.78957735951781,46.64841319583625,0,True,False
834300fffffffff,19.73050589468473,78.86961411547588,0,False,False
834302fffffffff,18.74776542057782,79.28287686671734,0,False,False
834303fffffffff,19.518021610356165,80.01835254050947,0,False,False
834304fffffffff,-10.347742556702528,54.28620472718355,0,False,False
834306fffffffff,-11.369107419822932,54.00119981296936,0,False,False
834308fffffffff,22.639677234734176,81.48616700164044,0,False,False
83430afffffffff,22.63099328788193,80.32329721053222,0,False,False
83430bfffffffff,21.6850810749014,80.85665875932641,0,False,False
83430cfffffffff,23.59069566661654,82.12373975348417,0,False,False
834310fffffffff,-13.37813999127421,53.43417939540581,0,False,False
834311fffffffff,-13.193584928446196,54.45948552869884,0,False,False
834312fffffffff,-14.364824901847658,53.152181029263744,0,False,False
834313fffffffff,-14.1893634328977,54.173945433624326,0,False,False
834314fffffffff,-12.56652884489533,52.700957352408814,0,False,False
834315fffffffff,-12.379410689818735,53.71718847002742,0,False,False
834316fffffffff,-13.556085161055062,52.42157092171519,0,False,False
834318fffffffff,18.31100817835336,81.55283534668318,0,False,False
834319fffffffff,22.614159078309186,79.17328549921773,0,False,False
83431cfffffffff,18.532935191844214,80.41847122048291,0,False,False
83431dfffffffff,19.29788842509032,81.16615331434403,0,False,False
83431efffffffff,-14.007081106871514,55.20810059922105,0,False,False
834320fffffffff,21.116428270461583,76.1246521875869,0,False,False
834322fffffffff,-9.529844071946515,53.54527709768909,0,False,False
834323fffffffff,20.92377506039069,77.28510248400397,0,False,False
834324fffffffff,21.300357294050546,74.96643580260837,0,False,False
834325fffffffff,22.10876921646001,75.66619655769343,0,False,False
834326fffffffff,-8.713707892117183,52.810873103062434,0,False,False
834330fffffffff,-10.752004170612462,52.25220226786396,0,False,False
834331fffffffff,-10.552900070842927,53.26281834750045,0,False,False
834332fffffffff,-11.7552618901417,51.97442977832008,0,False,False
834333fffffffff,-11.565304571081477,52.981375754268846,0,False,False
834334fffffffff,-9.940235276150348,51.52981151627506,0,False,False
834335fffffffff,-9.737971543196595,52.53101916870557,0,False,False
834336fffffffff,-10.945061153022838,51.25473580433397,0,False,False
834341fffffffff,26.13251986311606,85.27540867513306,0,False,False
834345fffffffff,26.39002013785516,84.02443707029182,0,False,False
834349fffffffff,27.47302855742037,88.32615495340113,0,False,False
83434afffffffff,20.37969492418669,92.45781072260488,0,False,False
83434bfffffffff,20.06861128747846,93.62274047422268,0,False,False
83434cfffffffff,26.9461829368972,86.15841136822529,0,False,False
83434dfffffffff,27.75985139710266,87.06046799369389,0,False,False
83435cfffffffff,20.97225233391348,90.13891031454467,0,False,False
83435dfffffffff,20.68097428730984,91.29622212336776,0,False,False
834360fffffffff,26.87162367895537,81.50878344328174,0,False,False
834361fffffffff,27.71055569925217,82.35408857226167,0,False,False
834363fffffffff,26.63650051538489,82.76850086615468,0,False,False
834364fffffffff,27.095095681082555,80.2464899132245,0,False,False
834365fffffffff,27.941666920516923,81.07739520106739,0,False,False
834366fffffffff,21.60010053361373,86.78648981133945,0,False,False
834368fffffffff,28.29928909579429,84.50593242109692,0,False,False
834369fffffffff,29.131235215749324,85.40463687564919,0,False,False
83436afffffffff,27.21246551299193,84.89581983885307,0,False,False
83436bfffffffff,28.03542140224993,85.78666322021256,0,False,False
83436cfffffffff,28.5510480824821,83.21950801186262,0,False,False
83436dfffffffff,29.392113543985605,84.10535916506277,0,False,False
83436efffffffff,27.46737997346332,83.62730910710418,0,False,False
834371fffffffff,20.676636122214,84.91860543371146,0,False,False
834373fffffffff,20.70158749029409,83.7313864813566,0,False,False
834380fffffffff,-18.044525948363447,53.04174959184424,0,False,False
834382fffffffff,-18.97459602924973,52.76123407822978,0,False,False
834383fffffffff,-18.837753767197977,53.77778973081897,0,False,False
834384fffffffff,-17.24853838064098,52.31233074883796,0,False,False
834386fffffffff,-18.18317794369873,52.034454513011504,0,False,False
83438afffffffff,-19.484398534042608,55.55813279369745,0,False,False
834390fffffffff,-20.010909867488923,51.48185623306759,0,False,False
834391fffffffff,-19.89062802117441,52.48174797374332,0,False,False
834392fffffffff,-20.903587066772342,51.2071477826593,0,False,False
834393fffffffff,-20.79241557029477,52.203298849215095,0,False,False
834394fffffffff,-19.22625643151725,50.76732763848743,0,False,False
834395fffffffff,-19.104043841354724,51.75762736740319,0,False,False
834396fffffffff,-20.123910086383223,50.49536172732749,0,False,False
834398fffffffff,-20.54737649114428,54.2346724720368,0,False,False
834399fffffffff,-20.413162537434303,55.269099958268086,0,False,False
83439cfffffffff,-19.76288861842747,53.49469047110916,0,False,False
83439dfffffffff,-19.62752840303396,54.52029553834126,0,False,False
83439efffffffff,-20.67373868728318,53.21259924458703,0,False,False
8343a0fffffffff,-15.49844930898729,51.86592382707581,0,False,False
8343a1fffffffff,-15.339037051357383,52.87120155572855,0,False,False
8343a2fffffffff,-16.450487623609526,51.58967746077341,0,False,False
8343a3fffffffff,-16.30038992315817,52.59124890387705,0,False,False
8343a4fffffffff,-14.69554790027416,51.14744879119489,0,False,False
8343a5fffffffff,-14.5335270568735,52.14322398853849,0,False,False
8343a6fffffffff,-15.651070365106438,50.87392271664631,0,False,False
8343acfffffffff,-15.172735104219502,53.88939307349008,0,False,False
8343b0fffffffff,-17.523138398756455,50.33010913471908,0,False,False
8343b1fffffffff,-17.389318069261936,51.314491663837735,0,False,False
8343b2fffffffff,-18.48757834309384,50.05522310895376,0,False,False
8343b3fffffffff,-18.314656276664827,51.04037296285096,0,False,False
8343b4fffffffff,-16.910670776968107,49.60395659436097,0,False,False
8343b5fffffffff,-16.593701700052474,50.601474200255744,0,False,False
8343b6fffffffff,-17.885333442122835,49.32727640176164,0,False,False
834402fffffffff,24.08265299201353,-23.48815755189344,0,False,False
834403fffffffff,25.05572931894829,-23.94768489550276,0,False,False
834408fffffffff,27.0261357389966,-24.90338646627161,0,False,False
834409fffffffff,28.02205962331972,-25.400407775431223,0,False,False
83440afffffffff,26.95140814644812,-23.73544336877469,0,False,False
83440bfffffffff,27.944657257794205,-24.213346622221568,0,False,False
83440efffffffff,26.037117364489934,-24.419289218156777,0,False,False
834410fffffffff,23.057822948722183,-21.94463513091914,0,False,False
834411fffffffff,24.018006131016183,-22.37503500697751,0,False,False
834412fffffffff,22.990597849106948,-20.865534555057028,0,False,False
834413fffffffff,23.946399794764208,-21.2786459239992,0,False,False
834414fffffffff,22.163938584058084,-22.603743676843266,0,False,False
834415fffffffff,23.118525399848348,-23.04030605241449,0,False,False
834416fffffffff,22.107423280859106,-21.52512577220367,0,False,False
834418fffffffff,25.885830173323,-22.137813171971345,0,False,False
834419fffffffff,26.86826041197164,-22.58465470671898,0,False,False
83441afffffffff,25.798762051054645,-21.023104540646656,0,False,False
83441bfffffffff,26.7771525671746,-21.451552942530704,0,False,False
83441cfffffffff,24.98741008083741,-22.816704538409045,0,False,False
83441dfffffffff,25.96542773408136,-23.27003761725587,0,False,False
83441efffffffff,24.911669725704687,-21.702610436225594,0,False,False
834421fffffffff,23.288866657735657,-27.57906754759429,0,False,False
834424fffffffff,21.383004768406728,-27.716364131445847,0,False,False
834425fffffffff,22.34297261467234,-28.22676118598692,0,False,False
834430fffffffff,10.321335575166724,-42.07276853980158,0,False,False
834432fffffffff,10.076418538240318,-41.06730395733194,0,False,False
834434fffffffff,9.55166496046444,-42.86009132946384,0,False,False
834436fffffffff,9.314011027404922,-41.85075003832973,0,False,False
834440fffffffff,31.11508162742506,-28.23724631314187,0,False,False
834441fffffffff,32.1308250222126,-28.81142402840102,0,False,False
834442fffffffff,31.04339438212465,-26.973562427479084,0,False,False
834443fffffffff,32.05887628470342,-27.52690671447353,0,False,False
834444fffffffff,30.16223565202576,-28.937370338506977,0,False,False
834445fffffffff,31.175007627235168,-29.51666911353123,0,False,False
834446fffffffff,30.10243328399688,-27.67829048826644,0,False,False
834450fffffffff,29.94997671056285,-25.208426196777385,0,False,False
834451fffffffff,30.96045498134398,-25.726534709281747,0,False,False
834452fffffffff,29.8583285957524,-23.99926181408937,0,False,False
834453fffffffff,30.86679336957268,-24.49699336503568,0,False,False
834454fffffffff,29.024122064082803,-25.91079982276209,0,False,False
834455fffffffff,30.031515623585065,-26.435025146914526,0,False,False
834456fffffffff,28.944438993843395,-24.70418836821121,0,False,False
83445cfffffffff,31.975021721610297,-26.259005896211253,0,False,False
83445efffffffff,31.87980780730596,-25.008618076321618,0,False,False
834460fffffffff,29.23804163244944,-30.895443546246025,0,False,False
834461fffffffff,30.24663571202985,-31.499153811832144,0,False,False
834462fffffffff,29.201196839318506,-29.627293003372984,0,False,False
834463fffffffff,30.210451240632352,-30.21133000371306,0,False,False
834468fffffffff,32.23694415435547,-31.426272256119525,0,False,False
834469fffffffff,33.252220930539465,-32.05816006530944,0,False,False
83446afffffffff,32.19034544150871,-30.11157097549141,0,False,False
83446cfffffffff,31.257672832224507,-32.11863647552082,0,False,False
83446dfffffffff,32.27016199196999,-32.75436716660396,0,False,False
83446efffffffff,31.22268897983594,-30.81082790243044,0,False,False
834471fffffffff,29.152968726977416,-28.373182635475025,0,False,False
834473fffffffff,29.093791170488227,-27.134061428933187,0,False,False
834480fffffffff,23.5982182346243,-17.067718269327177,0,False,False
834481fffffffff,24.542802144233363,-17.423098961977487,0,False,False
834482fffffffff,23.497678587749125,-16.059954030135884,0,False,False
834483fffffffff,24.43617545751276,-16.398896329951402,0,False,False
834484fffffffff,22.75347910061356,-17.73111465472994,0,False,False
834485fffffffff,23.69374529656976,-18.093675452975265,0,False,False
834486fffffffff,22.66384890669794,-16.721472842570847,0,False,False
834488fffffffff,26.34240461186141,-17.104204832349456,0,False,False
834489fffffffff,27.309142722955908,-17.47126435602204,0,False,False
83448afffffffff,26.21844037642303,-16.065098386400937,0,False,False
83448bfffffffff,27.17925172412747,-16.414679987922298,0,False,False
83448cfffffffff,25.49713552784873,-17.787952829780107,0,False,False
83448dfffffffff,26.460713510252376,-18.16263296281396,0,False,False
83448efffffffff,25.38457670307691,-16.74686697292832,0,False,False
834499fffffffff,26.08926437750252,-15.04545412017024,0,False,False
83449dfffffffff,25.266725115350148,-15.724766481650905,0,False,False
8344a0fffffffff,21.97640924444396,-19.41742714486587,0,False,False
8344a1fffffffff,22.917219418577165,-19.80337920255424,0,False,False
8344a2fffffffff,21.902604338242234,-18.388975558642784,0,False,False
8344a3fffffffff,22.838057254583685,-18.75848572085484,0,False,False
8344a4fffffffff,21.10949007711173,-20.070405115909747,0,False,False
8344a5fffffffff,22.04479781328937,-20.462906195908698,0,False,False
8344a6fffffffff,21.046258482742164,-19.041198716304752,0,False,False
8344a8fffffffff,24.73958594849295,-19.526808098474387,0,False,False
8344a9fffffffff,25.70466369462271,-19.92633239161562,0,False,False
8344aafffffffff,24.644074807190595,-18.465804005078805,0,False,False
8344abfffffffff,25.603975542598857,-18.847851431471643,0,False,False
8344acfffffffff,23.868225852388285,-20.199400363634027,0,False,False
8344adfffffffff,24.82892285144416,-20.60585051339953,0,False,False
8344aefffffffff,23.783877178144976,-19.13764704385449,0,False,False
8344b0fffffffff,20.904901944249985,-17.03336496728087,0,False,False
8344b1fffffffff,21.82372763006205,-17.377785246917746,0,False,False
8344b4fffffffff,20.0645052672118,-17.677585356280897,0,False,False
8344b5fffffffff,20.97795511350144,-18.028782292890018,0,False,False
8344b6fffffffff,19.99737330653605,-16.69754502391122,0,False,False
8344c0fffffffff,30.395993374486142,-19.76725105187388,0,False,False
8344c1fffffffff,31.396849192749062,-20.196943022981312,0,False,False
8344c2fffffffff,30.25707879531863,-18.63456765271805,0,False,False
8344c3fffffffff,31.253531205173047,-19.0443978710595,0,False,False
8344c4fffffffff,29.528028100857988,-20.48280757293018,0,False,False
8344c5fffffffff,30.526989271598936,-20.92028165109734,0,False,False
8344c6fffffffff,29.401273088670848,-19.34940512880136,0,False,False
8344d0fffffffff,29.126018198205024,-17.14302969696867,0,False,False
8344d1fffffffff,30.110808515770323,-17.52255929208058,0,False,False
8344d2fffffffff,28.97857996367672,-16.070569340293435,0,False,False
8344d3fffffffff,29.957738181491223,-16.43147969389839,0,False,False
8344d4fffffffff,28.284236043049223,-17.848416347143594,0,False,False
8344d5fffffffff,29.26709152172084,-18.23604878028274,0,False,False
8344d6fffffffff,28.14863235621696,-16.773866449154795,0,False,False
8344dcfffffffff,31.102366789137783,-17.912863340490215,0,False,False
8344defffffffff,30.943940724112824,-16.802628455022134,0,False,False
8344e0fffffffff,28.75701440124944,-22.34367659802501,0,False,False
8344e1fffffffff,29.75709691807216,-22.80821645614535,0,False,False
8344e2fffffffff,28.650288982322174,-21.190957557479265,0,False,False
8344e3fffffffff,29.646816656058963,-21.635891659987063,0,False,False
8344e4fffffffff,27.858297057398776,-23.04355166108749,0,False,False
8344e5fffffffff,28.85523498797592,-23.51493724822836,0,False,False
8344e6fffffffff,27.76346144264667,-21.89160243957324,0,False,False
8344e8fffffffff,31.65757757391676,-22.56351145974628,0,False,False
8344ecfffffffff,30.762955610303656,-23.285681150208745,0,False,False
8344edfffffffff,31.773799947677645,-23.776548535181504,0,False,False
8344eefffffffff,30.649499312269885,-22.09325386248777,0,False,False
8344f0fffffffff,27.550318708912226,-19.643185282030288,0,False,False
8344f1fffffffff,28.53557416440623,-20.05725397851941,0,False,False
8344f2fffffffff,27.43299151808485,-18.54750836317956,0,False,False
8344f3fffffffff,28.413385611353213,-18.94296470584313,0,False,False
8344f4fffffffff,26.67854886329978,-20.336599014936706,0,False,False
8344f5fffffffff,27.660638526646945,-20.7580033113398,0,False,False
8344f6fffffffff,26.572914652620096,-19.24018429023257,0,False,False
834501fffffffff,18.554726136100506,-29.596225464930093,0,False,False
834508fffffffff,20.44335322760696,-29.4966571872187,0,False,False
834509fffffffff,21.397507186868992,-30.027999440794737,0,False,False
83450afffffffff,20.441522027609096,-28.35118919878597,0,False,False
83450bfffffffff,21.39417674314861,-28.86595430823188,0,False,False
83450cfffffffff,19.49137545476981,-30.11888805427275,0,False,False
83450dfffffffff,20.43759206584083,-30.65394056338593,0,False,False
83450efffffffff,19.498477622631533,-28.977805915994686,0,False,False
834520fffffffff,22.568571702399726,-45.862346690544456,0,False,False
834521fffffffff,16.637155656646375,-31.93504082127332,0,False,False
834522fffffffff,22.02478744778525,-44.86585060719459,0,False,False
834523fffffffff,16.668484296802387,-30.808554113742392,0,False,False
834524fffffffff,22.074321089429223,-46.91899982042988,0,False,False
834525fffffffff,23.110959002517024,-46.87573508668447,0,False,False
834526fffffffff,21.540393098987348,-45.919464812307965,0,False,False
834528fffffffff,18.51645816446372,-31.87969839145344,0,False,False
834529fffffffff,19.45500413372004,-32.43384187752117,0,False,False
83452afffffffff,18.53911204391968,-30.732672647110256,0,False,False
83452bfffffffff,19.47694869469369,-31.271159962354485,0,False,False
83452cfffffffff,17.556990588941694,-32.47960330010952,0,False,False
83452dfffffffff,18.486599099832684,-33.03651947015805,0,False,False
83452efffffffff,17.587422946341803,-31.33804376335243,0,False,False
834530fffffffff,20.47033015722918,-43.9697475054944,0,False,False
834531fffffffff,21.480296444592213,-43.88641567657595,0,False,False
834532fffffffff,19.93548258722526,-43.01985098448484,0,False,False
834534fffffffff,20.0005570574947,-45.004872341408486,0,False,False
834535fffffffff,21.00551093282082,-44.93632588101628,0,False,False
834536fffffffff,19.474761184465144,-44.05082153156969,0,False,False
834546fffffffff,23.32708107804791,-32.33696614301908,0,False,False
834550fffffffff,23.3257357669608,-29.93360972057368,0,False,False
834552fffffffff,23.3115972339305,-28.74982532740398,0,False,False
834554fffffffff,22.36028613355376,-30.572194469974693,0,False,False
834555fffffffff,23.33098779865033,-31.129612500840828,0,False,False
834556fffffffff,22.3558059413478,-29.393303008138098,0,False,False
83456dfffffffff,25.20987632676536,-37.30790965622311,0,False,False
834570fffffffff,21.379656169382955,-32.38633025707271,0,False,False
834571fffffffff,22.34315922910308,-32.96370568745008,0,False,False
834572fffffffff,21.39274419711077,-31.201732124197115,0,False,False
834573fffffffff,22.35615057251489,-31.76261936993085,0,False,False
834574fffffffff,20.402424820392525,-33.00080385727289,0,False,False
834575fffffffff,21.358034266784752,-33.58091934590433,0,False,False
834576fffffffff,20.42401645328773,-31.82226480246592,0,False,False
834582fffffffff,5.941532382811625,-39.48704319030048,0,False,False
834583fffffffff,6.89434340033743,-39.67735605132863,0,False,False
834588fffffffff,8.840041304946054,-39.87636572973423,0,False,False
834589fffffffff,21.21943934053344,-22.178097708994507,0,False,False
83458afffffffff,20.2380034424674,-20.71733292391276,0,False,False
83458bfffffffff,21.167325433295733,-21.11614206343984,0,False,False
83458cfffffffff,8.089560564272325,-40.64869638442793,0,False,False
83458dfffffffff,9.07671381462082,-40.85608532920476,0,False,False
83458efffffffff,7.860871975338132,-39.67940679400383,0,False,False
834590fffffffff,4.841335553262955,-38.51999004912711,0,False,False
834591fffffffff,5.730829942669184,-38.552584297146055,0,False,False
834592fffffffff,4.599293001234088,-37.465138042394095,0,False,False
834593fffffffff,5.52182547356307,-37.63289300248136,0,False,False
834598fffffffff,19.272097369902315,-19.3144306745078,0,False,False
834599fffffffff,20.185121782899586,-19.687689450611472,0,False,False
83459afffffffff,19.21957767542524,-18.316599450215392,0,False,False
83459bfffffffff,20.12718813392484,-18.67436227531249,0,False,False
83459cfffffffff,6.675366874066726,-38.73302583619791,0,False,False
83459dfffffffff,7.6332992230390975,-38.72510169606496,0,False,False
83459efffffffff,18.37077935299309,-18.95031308490162,0,False,False
8345abfffffffff,8.319134696550993,-41.6327583986096,0,False,False
8345b0fffffffff,12.365461411806,-43.78718257263883,0,False,False
8345b2fffffffff,12.082898515309012,-42.80648654430163,0,False,False
8345b4fffffffff,11.68288996902111,-44.42594734975767,0,False,False
8345b5fffffffff,12.643257775086008,-44.73374858257463,0,False,False
8345b6fffffffff,11.40345468683552,-43.43555940581307,0,False,False
834851fffffffff,37.57028804001754,-50.2099893689664,0,False,False
834854fffffffff,35.56680412859323,-49.86685348979974,0,False,False
834855fffffffff,36.48653335922234,-50.75914046274981,0,False,False
834858fffffffff,39.555225212112525,-50.56884417420197,0,False,False
834859fffffffff,40.45005348113556,-51.50930804288228,0,False,False
83485cfffffffff,38.478779607059465,-51.12578182294968,0,False,False
834880fffffffff,31.262910123119795,-37.46195312822098,0,False,False
834881fffffffff,32.26151408277408,-38.17474526698648,0,False,False
834882fffffffff,31.282469018887284,-36.11192971298969,0,False,False
834883fffffffff,32.285555892648155,-36.80622115689626,0,False,False
834884fffffffff,30.234006308265627,-38.10545664671381,0,False,False
834886fffffffff,30.263379135314832,-36.76612844664498,0,False,False
834890fffffffff,30.281297087037814,-34.111944164119365,0,False,False
834891fffffffff,31.28791808085092,-34.77046356189583,0,False,False
834892fffffffff,30.270376457982785,-32.79974792653949,0,False,False
834893fffffffff,31.279541688340128,-33.43892880419253,0,False,False
834894fffffffff,29.27638833525988,-34.77352186056327,0,False,False
834895fffffffff,30.279061737790013,-35.43450481477092,0,False,False
834898fffffffff,33.29944775083231,-34.76727185997523,0,False,False
83489afffffffff,33.28308388107116,-33.40683077672301,0,False,False
83489cfffffffff,32.29481940109521,-35.445694214766505,0,False,False
83489efffffffff,32.289579025629585,-34.094613770974256,0,False,False
8348a0fffffffff,29.147775854938256,-40.07088172208601,0,False,False
8348a1fffffffff,30.13347890887845,-40.80155461006966,0,False,False
8348a2fffffffff,29.199863384202445,-38.73691275525079,0,False,False
8348a3fffffffff,30.190751887034363,-39.45108162813603,0,False,False
8348a6fffffffff,28.16151207763625,-39.35650749077945,0,False,False
8348aefffffffff,31.180590301237864,-40.1819061192799,0,False,False
8348b0fffffffff,28.24370639298477,-36.72770133063994,0,False,False
8348b1fffffffff,29.238551146310364,-37.408447689373176,0,False,False
8348b2fffffffff,28.265794360873933,-35.42377904806325,0,False,False
8348b3fffffffff,29.263991735355063,-36.08687056728854,0,False,False
8348b4fffffffff,27.21921595430553,-37.35714423674708,0,False,False
8348b5fffffffff,28.209000692856563,-38.0390510011346,0,False,False
8348b6fffffffff,27.250508363023336,-36.06284057240322,0,False,False
834984fffffffff,22.94290913249707,-42.28332316433867,0,False,False
834990fffffffff,23.16254360332881,-38.509851971024936,0,False,False
834992fffffffff,23.21535665196915,-37.26062134518924,0,False,False
834993fffffffff,24.18654554321882,-37.914198284000165,0,False,False
834996fffffffff,22.198768886543867,-37.8554397733535,0,False,False
834998fffffffff,26.13983735974493,-39.26579050099562,0,False,False
834999fffffffff,27.119990011106605,-39.9644310665819,0,False,False
83499afffffffff,26.19153779489777,-37.97535223201851,0,False,False
83499bfffffffff,27.175752875609646,-38.65810738577628,0,False,False
83499efffffffff,25.1616915505725,-38.58248331760203,0,False,False
8349b1fffffffff,21.989975096177915,-41.58638634876952,0,False,False
834b30fffffffff,35.31731381373705,142.24079843459893,0,False,False
834b32fffffffff,34.32975711624026,142.16930303746688,0,False,False
834b34fffffffff,35.74187301731997,141.26553546893925,0,False,False
834b35fffffffff,36.29396024219656,142.3132454496422,0,False,False
834b36fffffffff,34.76463431042815,141.20067748445086,0,False,False
834b60fffffffff,44.01311231030327,150.51455460597126,0,False,False
834b61fffffffff,44.51138980536218,151.7793284175031,0,False,False
834b6cfffffffff,45.01030279877579,152.99970489577694,0,False,False
834b6dfffffffff,45.5484536724925,154.05500324504672,0,False,False
834b71fffffffff,42.10950909657942,150.3187768937132,0,False,False
834b75fffffffff,42.552078804073865,149.18391227140134,0,False,False
834c80fffffffff,17.293265524773147,-14.818660067560645,0,False,False
834c82fffffffff,17.345702668245753,-15.738788798758192,0,False,False
834c86fffffffff,18.158757179681995,-15.116424592922815,0,False,False
834c89fffffffff,3.715589018697884,-38.024544351105824,0,False,False
834c8bfffffffff,3.868634591116816,-38.945284035003766,0,False,False
834c90fffffffff,18.27258588139572,-17.00096317463524,0,False,False
834c91fffffffff,17.394710026352605,-16.674960086426598,0,False,False
834c92fffffffff,18.323765908302548,-17.96760459291554,0,False,False
834c93fffffffff,17.440051997645114,-17.62708424981279,0,False,False
834c94fffffffff,19.101473946935013,-16.370029489438224,0,False,False
834c95fffffffff,18.217498010357023,-16.050534720017037,0,False,False
834c96fffffffff,19.162610190451154,-17.33507728972453,0,False,False
834c98fffffffff,3.542272037658013,-36.55825947935951,0,False,False
834c9afffffffff,3.732179295044311,-37.44471344362434,0,False,False
834c9efffffffff,16.568696682580036,-17.294756650429232,0,False,False
834cc5fffffffff,1.8761981632573328,-37.13338488236401,0,False,False
834cc6fffffffff,1.797697031915301,-36.20800837755172,0,False,False
834cd6fffffffff,2.97653812173101,-38.487168283109696,0,False,False
835208fffffffff,-17.718832121465407,41.81002228731944,0,False,False
835209fffffffff,-18.374529031086592,42.597712582242224,0,False,False
83520bfffffffff,-18.7080337863174,41.52215456817809,0,False,False
83520cfffffffff,-16.717836773539133,42.09798613221067,0,False,False
83520dfffffffff,-17.383303537125297,42.88474219507751,0,False,False
835221fffffffff,-13.64916275702912,42.96230923972507,0,False,False
835225fffffffff,-12.60626920274428,43.25051229988945,0,False,False
835228fffffffff,-15.367114437900046,43.45891171356978,0,False,False
835229fffffffff,-16.039429599321867,44.23768175326825,0,False,False
83522afffffffff,-15.705534704643624,42.38603159661011,0,False,False
83522bfffffffff,-16.380664296238354,43.17181337430289,0,False,False
83522cfffffffff,-14.34319703470132,43.746022798348505,0,False,False
83522dfffffffff,-15.025083826734091,44.523640566054986,0,False,False
83522efffffffff,-14.68245389590823,42.67414414955047,0,False,False
835240fffffffff,-19.916767646466266,45.971613926510784,0,False,False
835241fffffffff,-20.51741311206837,46.727270789501205,0,False,False
835242fffffffff,-20.2641317821944,44.92570454312012,0,False,False
835243fffffffff,-20.86776863789872,45.68929438058924,0,False,False
835244fffffffff,-18.954115642095847,46.25382376988095,0,False,False
835245fffffffff,-19.564981420679462,47.00804275182882,0,False,False
835246fffffffff,-19.302946467222345,45.209340395459655,0,False,False
835248fffffffff,-22.035341572059043,47.19670543101008,0,False,False
83524afffffffff,-22.38692430586388,46.16530529847553,0,False,False
83524cfffffffff,-21.10484624588549,47.47613736005966,0,False,False
83524dfffffffff,-21.679061609067848,48.21805239539319,0,False,False
83524efffffffff,-21.458177943827444,46.44635383730811,0,False,False
835250fffffffff,-19.98678880161721,43.09372743046921,0,False,False
835251fffffffff,-20.606630633952868,43.870890168165005,0,False,False
835252fffffffff,-20.32092832075356,42.0238356142305,0,False,False
835253fffffffff,-20.943828181095025,42.807780327583245,0,False,False
835254fffffffff,-19.0174099749001,43.3797053720738,0,False,False
835255fffffffff,-19.64731752632852,44.1557741564052,0,False,False
835256fffffffff,-19.35387803305449,42.31073892962957,0,False,False
835258fffffffff,-22.15010869841868,44.35826831589176,0,False,False
83525cfffffffff,-21.2133045463007,44.6420092181177,0,False,False
83525dfffffffff,-21.806746256230017,45.40687878452504,0,False,False
83525efffffffff,-21.553581301955685,43.58599835868058,0,False,False
835260fffffffff,-17.626704773173014,47.56909830616865,0,False,False
835261fffffffff,-18.244860102712963,48.31330586076742,0,False,False
835262fffffffff,-17.980222088181822,46.53591029018849,0,False,False
835263fffffffff,-18.601270627985247,47.288656362748405,0,False,False
835264fffffffff,-16.64174406856936,47.8493553151841,0,False,False
835265fffffffff,-17.270038614538315,48.5919428457528,0,False,False
835266fffffffff,-16.99553359142072,46.81785990273527,0,False,False
835268fffffffff,-19.8040303341371,48.77313977528371,0,False,False
835269fffffffff,-20.385687147978505,49.50458283781488,0,False,False
83526afffffffff,-20.162683787099105,47.75539011994665,0,False,False
83526bfffffffff,-20.747199028562264,48.49570857807836,0,False,False
83526cfffffffff,-18.84993660918375,49.050333267562905,0,False,False
83526dfffffffff,-19.441903896705423,49.78004359515091,0,False,False
83526efffffffff,-19.209221010224475,48.03445062918302,0,False,False
835270fffffffff,-17.693152261337744,44.72546233789278,0,False,False
835271fffffffff,-18.330142485593456,45.49290289718079,0,False,False
835272fffffffff,-18.03609114044805,43.66569990685808,0,False,False
835273fffffffff,-18.67601935168119,44.44063623896185,0,False,False
835274fffffffff,-16.69917127798184,45.01023838592562,0,False,False
835275fffffffff,-17.346151735630574,45.77637819187655,0,False,False
835276fffffffff,-17.04327141977313,43.95169678432277,0,False,False
8352c8fffffffff,-22.79634659016624,45.61784559670045,0,False,False
8352c9fffffffff,-23.25788661636204,46.49394422998282,0,False,False
8352cafffffffff,-23.25961145836278,44.61367222902408,0,False,False
8352cbfffffffff,-23.72320029258631,45.49711030933088,0,False,False
8352d8fffffffff,-23.238480916517243,42.705946867164165,0,False,False
8352d9fffffffff,-23.732458440117234,43.65300913486629,0,False,False
8352dafffffffff,-23.75330981118484,41.86755905083261,0,False,False
8352dbfffffffff,-24.25410068252357,42.82743489685853,0,False,False
8352ddfffffffff,-22.78401128013239,43.72320321224093,0,False,False
8352e5fffffffff,-19.68499609651489,41.234397451935145,0,False,False
8352f2fffffffff,-19.32003407791227,41.25272632586075,0,False,False
835308fffffffff,-10.494296085216638,43.82697400801193,0,False,False
835309fffffffff,-11.215251167523435,44.607288348922566,0,False,False
83530bfffffffff,-11.554419386357791,43.53873875127511,0,False,False
83530cfffffffff,-9.426616738302451,44.11520348155604,0,False,False
83530dfffffffff,-10.156059630061552,44.8943062588066,0,False,False
835321fffffffff,-6.185886047301306,44.97971137050157,0,False,False
835325fffffffff,-5.095762672368184,45.267771927354815,0,False,False
835328fffffffff,-8.017157886054848,45.46814981246421,0,False,False
835329fffffffff,-8.752182084334029,46.238047815537385,0,False,False
83532afffffffff,-8.352131141729538,44.40341258511969,0,False,False
83532bfffffffff,-9.08977683272251,45.18126487080916,0,False,False
83532cfffffffff,-6.938985540862457,45.75494673345875,0,False,False
83532dfffffffff,-7.681915028221192,46.52342579234009,0,False,False
83532efffffffff,-7.2716188138091455,44.69158673809974,0,False,False
835340fffffffff,-12.959042573022662,47.94401905183006,0,False,False
835341fffffffff,-13.629628056662304,48.68888488197296,0,False,False
835342fffffffff,-13.308278258312187,46.909131152654055,0,False,False
835343fffffffff,-13.981715223789708,47.662752065514766,0,False,False
835344fffffffff,-11.92834790842133,48.225081879180806,0,False,False
835345fffffffff,-12.60839511904312,48.96827059672969,0,False,False
835346fffffffff,-12.276142631163625,47.191963602607416,0,False,False
835348fffffffff,-15.290939147743169,49.14851051152615,0,False,False
835349fffffffff,-15.926432524198807,49.880361334773255,0,False,False
83534afffffffff,-15.6468845362577,48.12941417577542,0,False,False
83534bfffffffff,-16.285229207037624,48.87034867677292,0,False,False
83534cfffffffff,-14.287709540643842,49.426415576213785,0,False,False
83534dfffffffff,-14.93313592075272,50.1564781885879,0,False,False
83534efffffffff,-14.64265737627712,48.40926173047174,0,False,False
835350fffffffff,-12.967145867485227,45.09542277593471,0,False,False
835351fffffffff,-13.6556725101112,45.86412579932808,0,False,False
835352fffffffff,-13.309494342944378,44.03313221026935,0,False,False
835353fffffffff,-14.000791004372244,44.80955898286116,0,False,False
835354fffffffff,-11.924779738351411,45.38121773383615,0,False,False
835355fffffffff,-12.622551265121702,46.14856132993896,0,False,False
835356fffffffff,-12.26662671372974,44.32022553146671,0,False,False
835358fffffffff,-15.346526943500615,46.34301186658119,0,False,False
835359fffffffff,-16.000533686111922,47.09965906252644,0,False,False
83535afffffffff,-15.69457011786386,45.2949503306219,0,False,False
83535bfffffffff,-16.3514440664926,46.05975244873735,0,False,False
83535cfffffffff,-14.331944827674644,46.626142677862106,0,False,False
83535dfffffffff,-14.995742347742992,47.3812942681316,0,False,False
83535efffffffff,-14.67988072591166,45.57958413853074,0,False,False
835360fffffffff,-10.543868751538216,49.52627792172804,0,False,False
835361fffffffff,-11.230278211064473,50.258463510295606,0,False,False
835362fffffffff,-10.890286342989612,48.50592725833933,0,False,False
835363fffffffff,-11.579588697373907,49.24740590847814,0,False,False
835364fffffffff,-9.501923021993363,49.804873815201006,0,False,False
835365fffffffff,-10.197335929909515,50.53521524441051,0,False,False
835366fffffffff,-9.845542642268434,48.7865419624249,0,False,False
835368fffffffff,-12.921597581835352,50.70779889877699,0,False,False
835369fffffffff,-13.727477108162777,51.42204628804788,0,False,False
83536afffffffff,-13.276114284440082,49.70405116893076,0,False,False
83536bfffffffff,-13.931330630760405,50.43229480076528,0,False,False
83536cfffffffff,-11.939008489339644,50.98072951997285,0,False,False
83536dfffffffff,-12.747240737101013,51.69770882632079,0,False,False
83536efffffffff,-12.256758754873502,49.98140466300676,0,False,False
835370fffffffff,-10.532166122938763,46.71705822913727,0,False,False
835371fffffffff,-11.236186668926702,47.47462638487512,0,False,False
835372fffffffff,-10.8743589522273,45.666929665669386,0,False,False
835373fffffffff,-11.58115777918683,46.43287677863977,0,False,False
835374fffffffff,-9.476281623580782,47.00109180462157,0,False,False
835375fffffffff,-10.189090585324523,47.757105906005904,0,False,False
835376fffffffff,-9.816582955832788,45.95254440529701,0,False,False
8354a9fffffffff,13.977079205177018,-6.25378548201557,0,False,False
8354c0fffffffff,9.80443113526213,-7.190299485268833,0,True,False
8354c1fffffffff,8.862533104291838,-6.966850870041737,0,True,False
8354c2fffffffff,10.15827514666657,-8.201364975682539,0,False,False
8354c6fffffffff,10.759733545463492,-7.418265177705701,0,False,False
8354c8fffffffff,7.367509236174619,-7.513956163398044,0,True,False
8354c9fffffffff,6.464584469815382,-7.293618315045171,0,True,False
8354ccfffffffff,7.934299655346201,-6.747792991540419,0,True,False
8354cdfffffffff,7.019951975880853,-6.5330039122463175,0,True,False
8354cefffffffff,8.284241684008386,-7.738611806107913,0,True,False
8354d0fffffffff,11.466557675810044,-9.462590064559317,0,False,False
8354d4fffffffff,12.084589946945156,-8.682898503185159,0,False,False
8354d5fffffffff,11.115053060378344,-8.43971758428387,0,False,False
8354f0fffffffff,12.347645220619423,-6.847346288183672,0,False,False
8354f1fffffffff,11.367746481029515,-6.620816008713187,0,False,False
8354f2fffffffff,12.709308003485363,-7.888276287257686,0,False,False
8354f3fffffffff,11.728139817322589,-7.6508788754701,0,False,False
8354f4fffffffff,12.973139457921668,-6.029030378077094,0,False,False
8354f6fffffffff,13.340290855986671,-7.07860493640445,0,False,False
835532fffffffff,21.853864709764693,4.826603375766228,0,False,False
835534fffffffff,22.0333755749292,6.968940480499509,0,False,False
835536fffffffff,22.50809503788426,5.8449799236998174,0,False,False
83558dfffffffff,18.297594701549244,-2.0913607614577705,0,False,False
8355aefffffffff,20.734199827610347,-0.4013134446231124,0,False,False
835e25fffffffff,9.846243952647896,-12.66462587450765,0,False,False
835e34fffffffff,9.486338176804038,-8.860994062233514,0,True,False
835e35fffffffff,10.122832579094684,-9.740041870399017,0,True,False
835e41fffffffff,-0.4392766730741169,-38.88263581979938,0,False,False
835e45fffffffff,-1.1907937528034795,-39.5245158356323,0,False,False
835e48fffffffff,1.1210798080323905,-38.63618846340774,0,False,False
835e4cfffffffff,0.3896180158396625,-39.26736702196592,0,False,False
835e61fffffffff,-1.856397153766309,-41.20573231985241,0,False,False
835e6afffffffff,-0.3507013243028392,-39.90603680741239,0,False,False
835e6efffffffff,-1.0995076409922304,-40.552170443915614,0,False,False
835f02fffffffff,5.730861320182596,-10.40082503042473,0,False,False
835f03fffffffff,6.391184355792235,-11.2736515634732,0,False,False
835f08fffffffff,7.684761900045876,-12.99619370561704,0,False,False
835f09fffffffff,8.317200210799202,-13.845348101526676,0,False,False
835f0afffffffff,8.136171294352986,-11.972934687167852,0,False,False
835f0bfffffffff,8.769627198795348,-12.830264979250888,0,False,False
835f0cfffffffff,6.592366809024093,-13.162410023380051,0,False,False
835f0dfffffffff,7.233528789292609,-14.011460614493744,0,False,False
835f0efffffffff,7.042627420850605,-12.138871225812194,0,False,False
835f10fffffffff,5.510193535098096,-8.46848593639772,0,True,False
835f11fffffffff,6.179627126613917,-9.355244454948114,0,True,False
835f12fffffffff,5.958016314372042,-7.410879589329842,0,True,False
835f13fffffffff,6.628116906325319,-8.303730927136568,0,True,False
835f14fffffffff,4.385493182359073,-8.633608517956752,0,False,False
835f15fffffffff,5.06212772653531,-9.520701177566384,0,False,False
835f16fffffffff,4.832971463944943,-7.575195519963008,0,True,False
835f18fffffffff,7.943208719198179,-10.069756603154826,0,True,False
835f19fffffffff,8.587248669807462,-10.942248912496895,0,False,False
835f1afffffffff,8.392500064874666,-9.02538930279634,0,True,False
835f1bfffffffff,9.03747798399428,-9.904729175361933,0,True,False
835f1cfffffffff,6.8407496603228495,-10.23512246195091,0,False,False
835f1dfffffffff,7.49307841643234,-11.107789703245142,0,False,False
835f1efffffffff,7.290012977108971,-9.190139960146974,0,True,False
835f40fffffffff,9.697561430356323,-17.320494298711157,0,False,False
835f41fffffffff,10.287046437603395,-18.124958483294364,0,False,False
835f42fffffffff,10.153073314233792,-16.3413857341027,0,False,False
835f43fffffffff,10.743661493695509,-17.15554746405859,0,False,False
835f45fffffffff,9.242722304888565,-18.28963241658738,0,False,False
835f46fffffffff,9.0972323889501,-16.50673115617595,0,False,False
835f48fffffffff,11.891585341428463,-18.756018123044257,0,False,False
835f49fffffffff,12.448648137546323,-19.542032893573342,0,False,False
835f4afffffffff,12.35063362222684,-17.79619024312817,0,False,False
835f4bfffffffff,12.908774048507306,-18.592245767272985,0,False,False
835f4cfffffffff,10.865508895783034,-18.91997050168116,0,False,False
835f4dfffffffff,11.432805837023391,-19.70539527683786,0,False,False
835f4efffffffff,11.323216756732716,-17.960476969078154,0,False,False
835f50fffffffff,10.00622859266287,-14.520408072478292,0,False,False
835f51fffffffff,10.608775580901051,-15.352732496551132,0,False,False
835f52fffffffff,10.46049315959409,-13.513940590724152,0,False,False
835f53fffffffff,11.064173684595332,-14.354991414628444,0,False,False
835f54fffffffff,8.939595694474072,-14.686082992778545,0,False,False
835f55fffffffff,9.5516421893444,-15.51816641311346,0,False,False
835f56fffffffff,9.393086071445138,-13.679507391808098,0,False,False
835f58fffffffff,12.238857225037012,-16.01137233743702,0,False,False
835f59fffffffff,12.809469879316524,-16.826285542047874,0,False,False
835f5cfffffffff,11.200487119892658,-16.176265368545643,0,False,False
835f5dfffffffff,11.781161445174604,-16.990810439036363,0,False,False
835f5efffffffff,11.657033000681189,-15.187541304693678,0,False,False
835f69fffffffff,10.10583470304102,-20.818756163466343,0,False,False
835f6afffffffff,9.831119666025296,-19.084100510826573,0,False,False
835f6bfffffffff,10.4085105854184,-19.868920793024472,0,False,False
835f6dfffffffff,9.103159820264995,-20.986976966507463,0,False,False
835f72fffffffff,7.864942580322654,-14.852014003899717,0,False,False
835f73fffffffff,8.486274835605023,-15.683840825296391,0,False,False
835fa1fffffffff,6.405072147284158,-6.34856637628736,0,True,False
835fa5fffffffff,5.2802464311559065,-6.511953644043108,0,True,False
835fa9fffffffff,8.840429788215193,-7.975329552446611,0,True,False
835facfffffffff,7.07580850080428,-7.246947710215897,0,True,False
835fadfffffffff,7.738454017206328,-8.139344979650167,0,True,False
836030fffffffff,-49.68324143170752,33.497206160449046,0,True,False
836034fffffffff,-50.60881071750146,32.57991284451151,0,True,False
836036fffffffff,-50.61213738107879,34.35546021433223,0,True,False
836089fffffffff,-43.12338588884505,41.80872909100707,0,True,False
83608bfffffffff,-43.002017243516455,43.27145559460448,0,True,False
8360d0fffffffff,-41.45408010398172,41.5281481402472,0,True,False
8360d2fffffffff,-41.33990307190028,42.93441112800791,0,True,False
8360d3fffffffff,-40.58297292054603,42.08670026100143,0,False,False
8360d4fffffffff,-42.33534137913142,40.94573703735139,0,True,False
8360d6fffffffff,-42.22648918796846,42.383643259966426,0,True,False
8360f2fffffffff,-43.22621823789306,40.33803329657146,0,True,False
836102fffffffff,-50.63286237989516,25.4367661015959,0,False,False
836111fffffffff,-50.94056457169455,27.160984231530392,0,False,False
836113fffffffff,-51.22361729291136,28.91418151496859,0,False,False
836115fffffffff,-51.70678348735262,25.8328115901892,0,False,False
836119fffffffff,-50.52193095175076,29.05035188189262,0,True,False
83611bfffffffff,-50.57863046562143,30.81043651551428,0,True,False
83618cfffffffff,-51.50705454890838,37.08171237824821,0,True,False
83618dfffffffff,-50.5884127610212,36.1336886802955,0,True,False
8361a9fffffffff,-51.55369684565455,33.43553927314793,0,True,False
8361abfffffffff,-51.54452255498768,35.258128542112814,0,True,False
8361adfffffffff,-50.42671875771455,30.16516894194972,0,True,False
836322fffffffff,-22.552615502006404,51.64954056474818,0,False,False
836324fffffffff,-21.570117612745584,52.93152427928143,0,False,False
836326fffffffff,-21.679789351035783,51.92589402347896,0,False,False
836330fffffffff,-21.87672275475848,49.95469108200341,0,False,False
836331fffffffff,-22.64579655799476,50.66094439226292,0,False,False
836332fffffffff,-22.24008291276056,48.952866952617896,0,False,False
836334fffffffff,-21.007444817865547,50.22448102376477,0,False,False
836335fffffffff,-21.781922277592564,50.933508442086215,0,False,False
836336fffffffff,-21.31853373687586,49.228853158492,0,False,False
836382fffffffff,-24.570850877109454,49.07467675321412,0,True,False
836386fffffffff,-23.67019752024066,49.19526967345388,0,False,False
836390fffffffff,-24.61435479945358,47.24158496430078,0,True,False
836391fffffffff,-25.05894624702045,48.16157181749466,0,True,False
836392fffffffff,-25.14940083394828,46.47726889162888,0,True,False
836393fffffffff,-25.599481178370432,47.41140882524518,0,True,False
836394fffffffff,-23.70745669601569,47.36230665730609,0,False,False
836395fffffffff,-24.145091357100863,48.22264138485016,0,True,False
836396fffffffff,-24.174773415045777,46.37318546122537,0,False,False
83639cfffffffff,-25.49250931414257,49.07686917403608,0,True,False
83639efffffffff,-26.0382400092648,48.34111831631304,0,True,False
8363b2fffffffff,-22.786629388953127,47.4831652968899,0,False,False
8363b3fffffffff,-23.23434973996655,48.34339568562761,0,False,False
836404fffffffff,10.501354823219105,122.20660809811072,0,False,False
836406fffffffff,11.68207999728323,122.1644180693832,0,False,False
836410fffffffff,14.04100474078832,122.07900498615123,0,False,False
836413fffffffff,14.591939361797332,121.00271071921829,0,False,False
836415fffffffff,12.862297193219074,122.12188508253512,0,False,False
836420fffffffff,8.766409697408688,123.3024219551164,0,False,False
836421fffffffff,8.142394886350505,122.28997556216564,0,False,False
836422fffffffff,9.945587811680978,123.26491762786212,0,False,False
836423fffffffff,9.321125896909424,122.24845925494114,0,False,False
836424fffffffff,8.209965786841533,124.35101204493262,0,False,False
836425fffffffff,7.589225997780435,123.339625982081,0,False,False
836426fffffffff,9.387457990126064,124.31783607523,0,False,False
83642cfffffffff,7.516145676849026,121.28111301815174,0,False,False
83642efffffffff,8.693792240254854,121.23563934466168,0,False,False
836430fffffffff,11.745927316134932,124.25067426594534,0,False,False
836431fffffffff,11.125763299271384,123.2271093822089,0,False,False
836433fffffffff,12.305934024701168,123.18899354222856,0,False,False
836434fffffffff,11.182974402457951,125.30624551812808,0,False,False
836435fffffffff,10.566444443442178,124.28439123515604,0,False,False
836436fffffffff,12.361129021266668,125.27666070583008,0,False,False
836480fffffffff,18.484496063226448,122.52671944837816,0,False,False
836484fffffffff,17.902118376590582,123.5925892559694,0,False,False
836486fffffffff,19.059453058697613,123.59653470190312,0,False,False
836488fffffffff,8.605679170207912,119.29451003868836,0,False,False
83648afffffffff,9.7581894355063,119.38447882065468,0,False,False
83648cfffffffff,7.954760988334332,120.27048637872475,0,False,False
83648dfffffffff,7.446889848829406,119.2046032180097,0,False,False
83648efffffffff,9.111384907450091,120.36081522030446,0,False,False
836495fffffffff,20.209602538988992,123.60051059084635,0,False,False
836499fffffffff,10.90353872412784,119.47450918385668,0,False,False
8364a0fffffffff,16.14686258886564,124.64571237151148,0,False,False
8364a2fffffffff,17.312743761803933,124.65365434906909,0,False,False
8364a3fffffffff,16.738483512251737,123.58867390476694,0,False,False
8364a4fffffffff,15.549559691916336,125.69730309760232,0,False,False
8364a5fffffffff,14.976071357509824,124.63783056788598,0,False,False
8364a8fffffffff,6.13354472248633,121.1564434541706,0,False,False
8364a9fffffffff,5.624921082157655,120.0900012828572,0,False,False
8364aafffffffff,7.299103742124867,121.2470275209491,0,False,False
8364abfffffffff,6.792297084573186,120.18021493522828,0,False,False
8364acfffffffff,15.766551630063155,120.9549815287283,0,False,False
8364adfffffffff,4.963540781142699,121.0659125207166,0,False,False
8364b1fffffffff,18.472786977504303,124.6616571919909,0,False,False
8364b3fffffffff,19.62609272070124,124.66972160233826,0,False,False
8364f4fffffffff,5.114148880674003,119.0249769719968,0,False,False
8364f6fffffffff,6.282733623833912,119.11475873692667,0,False,False
836500fffffffff,7.145018713251203,128.46268355903527,0,False,False
836501fffffffff,6.5370401881917815,127.45810947099008,0,False,False
836503fffffffff,7.705756886987516,127.43772381897206,0,False,False
836505fffffffff,5.9804223334425455,128.478896962281,0,False,False
836508fffffffff,6.480260873217823,125.42221742853351,0,False,False
836509fffffffff,5.863412548894738,124.416570151966,0,False,False
83650afffffffff,7.652473796633524,125.39357387567397,0,False,False
83650bfffffffff,7.034958074046134,124.38392235156444,0,False,False
83650cfffffffff,5.925797501055069,126.45388713536332,0,False,False
83650dfffffffff,5.3119805881504245,125.45063264970256,0,False,False
83650efffffffff,7.094609358428597,126.42947526312793,0,False,False
836512fffffffff,10.166093383119977,130.79023503016117,0,False,False
836518fffffffff,9.441575694126472,126.38005906947632,0,False,False
836519fffffffff,8.827652914498932,125.36469924236012,0,False,False
83651afffffffff,10.617777031999283,126.35504995457993,0,False,False
83651bfffffffff,10.004816900733346,125.33559073576728,0,False,False
83651cfffffffff,8.877413247896682,127.41717357682762,0,False,False
83651dfffffffff,8.26685888189825,126.4048667003583,0,False,False
83651efffffffff,10.051037130298411,127.39645674852224,0,False,False
836528fffffffff,4.212236488618188,127.49839483101512,0,False,False
836529fffffffff,3.602278154783749,126.50213013143112,0,False,False
83652afffffffff,5.372220641835521,127.4783324972374,0,False,False
83652bfffffffff,4.76137656443038,126.4781046570728,0,False,False
83652cfffffffff,3.6651801747829658,128.5109382643141,0,False,False
83652dfffffffff,3.0580023552654265,127.51829837517953,0,False,False
83652efffffffff,4.82016897839703,128.49498135362848,0,False,False
836550fffffffff,5.79339010537293,122.37201940465825,0,False,False
836552fffffffff,6.966155820597688,122.33116097937412,0,False,False
836554fffffffff,5.244774492435689,123.4131473251902,0,False,False
836556fffffffff,6.415023631281195,123.37653327016837,0,False,False
836572fffffffff,4.696289569312883,124.44895855349934,0,False,False
836576fffffffff,4.148579832911319,125.47882224474456,0,False,False
836580fffffffff,14.28604515142076,129.86357624408558,0,False,False
836581fffffffff,13.730887541857967,128.81290479677668,0,False,False
836582fffffffff,15.450451102364813,129.89100829312414,0,False,False
836583fffffffff,14.899557355741567,128.8364114774384,0,False,False
836584fffffffff,13.669958819752958,130.88216855073262,0,False,False
836585fffffffff,13.118235814661643,129.83634779625348,0,False,False
836586fffffffff,14.833385347291104,130.91326826371673,0,False,False
836588fffffffff,13.77484271992613,126.72705775022597,0,False,False
836589fffffffff,14.10238337170994,124.1824106415313,0,False,False
83658afffffffff,14.947301251979404,126.74278552876363,0,False,False
83658bfffffffff,14.377620844569371,125.68547146660455,0,False,False
83658cfffffffff,13.168478219039564,127.76195968378816,0,False,False
83658dfffffffff,13.538284358188204,125.2468333684912,0,False,False
83658efffffffff,14.340827405250543,127.78152301218596,0,False,False
836591fffffffff,16.610510876748187,129.91864622286795,0,False,False
836595fffffffff,15.99296102997111,130.94459979099454,0,False,False
836598fffffffff,16.674249970836357,127.82109372820182,0,False,False
836599fffffffff,16.115823648596038,126.75863244211686,0,False,False
83659cfffffffff,16.06432695077219,128.8600950220473,0,False,False
83659dfffffffff,15.509735737067986,127.80123380402306,0,False,False
8365a0fffffffff,11.887810459125085,131.85723227593016,0,False,False
8365a1fffffffff,11.335348453790123,130.8206544241019,0,False,False
8365a2fffffffff,13.052056645654622,131.89165979552436,0,False,False
8365a3fffffffff,12.503626669860155,130.85129810694255,0,False,False
8365a4fffffffff,11.271529189986383,132.8536583188637,0,False,False
8365a5fffffffff,10.722112737108912,131.8230558081176,0,False,False
8365a6fffffffff,12.433091151605987,132.89155335818205,0,False,False
8365a9fffffffff,11.794472637969047,126.32983690067088,0,False,False
8365aafffffffff,12.559275001152203,128.78957301408104,0,False,False
8365abfffffffff,12.970669745524813,126.3044174128641,0,False,False
8365acfffffffff,10.77625751928395,129.78249275232938,0,False,False
8365aefffffffff,11.947982687406403,129.80932070347305,0,False,False
8365b0fffffffff,14.749525470955229,132.96817789901078,0,False,False
8365b1fffffffff,14.213893899839274,131.92634111820675,0,False,False
8365b2fffffffff,15.902524232451483,133.0069134785975,0,False,False
8365b3fffffffff,15.372376680569309,131.96127903525584,0,False,False
8365b4fffffffff,14.125170162241073,133.96482415460676,0,False,False
8365b5fffffffff,13.592737834827751,132.9297255457925,0,False,False
8365b6fffffffff,15.276374579014965,134.0070005366347,0,False,False
836602fffffffff,-4.051049389710145,-41.18057456658943,0,False,False
83660dfffffffff,10.16917377621732,-27.42058474921502,0,False,False
836610fffffffff,0.841910133596682,-55.45383956879717,0,False,False
836611fffffffff,0.2087329061792467,-54.5440536189185,0,False,False
836612fffffffff,0.4259244011929326,-56.46042533252842,0,False,False
836613fffffffff,-0.2107067316138696,-55.54873026858178,0,False,False
836614fffffffff,1.8811183801500195,-55.360107404905015,0,False,False
836615fffffffff,-3.175538225547255,-41.85501164091767,0,False,False
836616fffffffff,1.4722563292370827,-56.360153933386,0,False,False
836618fffffffff,-6.0152666244551805,-41.98495102846792,0,False,False
83661afffffffff,-1.9208125849150044,-54.724010841504,0,False,False
83661bfffffffff,-7.014360953199526,-42.39638714816446,0,False,False
83661cfffffffff,-5.027316852254235,-41.57971329610089,0,False,False
83661efffffffff,-0.8497188910232307,-54.63347306420787,0,False,False
836620fffffffff,12.813901895384635,-30.68632783890354,0,False,False
836624fffffffff,13.809072472190092,-30.663924100372626,0,False,False
836625fffffffff,13.240415891439064,-29.72819053255169,0,False,False
836644fffffffff,8.2442194846783,-23.92514679280652,0,False,False
836646fffffffff,7.945030453532626,-24.928413554304065,0,False,False
836650fffffffff,7.328033778148987,-26.968311402119447,0,False,False
836651fffffffff,6.580370743178377,-26.13192754264821,0,False,False
836652fffffffff,7.010541338849274,-28.00399389490841,0,False,False
836653fffffffff,6.260639564007647,-27.161123827443493,0,False,False
836654fffffffff,8.38442232899416,-26.77656084926023,0,False,False
836655fffffffff,7.639586760165483,-25.94295361378902,0,False,False
836656fffffffff,8.074999443507298,-27.808465723661666,0,False,False
836660fffffffff,9.55845612008111,-22.757403465020964,0,False,False
836661fffffffff,8.82337111203361,-21.954066994315525,0,False,False
836662fffffffff,9.27473735642323,-23.74503118059724,0,False,False
836663fffffffff,8.537032425268622,-22.93357120444293,0,False,False
836664fffffffff,10.5677928028509,-22.5822634426928,0,False,False
836665fffffffff,9.83550597783058,-21.78186700738712,0,False,False
836666fffffffff,10.29326375298064,-23.565953457498164,0,False,False
836670fffffffff,9.723899543077412,-25.568173960485897,0,False,False
836671fffffffff,8.984423705997916,-24.74437874118064,0,False,False
836672fffffffff,9.429232874769012,-26.585867680867125,0,False,False
836673fffffffff,8.687611926319322,-25.75503736840797,0,False,False
836674fffffffff,10.747946885907806,-25.382358508562007,0,False,False
836675fffffffff,10.011941762219164,-24.561390229889263,0,False,False
836676fffffffff,10.461937461908622,-26.39622736459831,0,False,False
836684fffffffff,5.369188352859131,-58.79456447613529,0,False,False
8366a0fffffffff,4.460202072230102,-57.15070273228936,0,False,False
8366a1fffffffff,3.467577103584824,-57.64756573497164,0,False,False
8366a2fffffffff,5.40918841858448,-57.718457063227945,0,False,False
8366a3fffffffff,4.415485873264776,-58.218449578881135,0,False,False
8366a4fffffffff,4.50284552974712,-56.09617200400456,0,False,False
8366a5fffffffff,3.5172709830337445,-56.58828015680495,0,False,False
8366a6fffffffff,5.446838255885433,-56.65533872812985,0,False,False
8366b0fffffffff,7.548043562277937,-59.13049616472488,0,False,False
8366b1fffffffff,6.4748781615961954,-58.86163319576961,0,False,False
8366b4fffffffff,8.25882392741352,-58.33863320617122,0,False,False
8366b5fffffffff,7.194349943210656,-58.07011694622664,0,False,False
8366b6fffffffff,8.613263506461449,-59.398732376162464,0,False,False
8366c0fffffffff,4.927807761766937,-31.37499026402985,0,False,True
8366c1fffffffff,4.169061511300141,-30.51311289528109,0,False,True
8366c2fffffffff,4.582407142364319,-32.44976234930627,0,False,True
8366c3fffffffff,3.8217965718047977,-31.583529257879608,0,False,True
8366c5fffffffff,5.268612322180807,-30.3081127202126,0,False,True
8366c8fffffffff,2.299678194308178,-29.857102193337305,0,False,True
8366c9fffffffff,1.539744219363837,-28.99767371740504,0,False,False
8366cafffffffff,1.944074013258992,-30.92631882507526,0,False,True
8366cbfffffffff,1.181719266014799,-30.06169586336811,0,False,False
8366ccfffffffff,3.4099849692073327,-29.65358631976788,0,False,True
8366cefffffffff,3.060623900984282,-30.71918060102573,0,False,True
8366d0fffffffff,-7.9993613644796016,-44.52893559106911,0,False,False
8366d2fffffffff,-7.932842673481166,-45.68108017417313,0,False,False
8366d4fffffffff,-7.045823070993494,-43.92466799453151,0,False,False
8366d5fffffffff,-8.062286770267276,-43.38388601082446,0,False,False
8366d6fffffffff,-6.978160317772193,-45.06770977550772,0,False,False
8366d8fffffffff,2.350124000664474,-32.87476999769662,0,False,True
8366d9fffffffff,1.5848870556271433,-32.003794845380334,0,False,True
8366dafffffffff,1.9896857407048008,-33.963404868494166,0,False,True
8366dbfffffffff,1.2224796730421377,-33.0888558737218,0,False,True
8366dcfffffffff,3.470373469493137,-32.66173946886685,0,False,True
8366ddfffffffff,2.70722360692,-31.793129959745112,0,False,True
8366defffffffff,3.1151308897535466,-33.74705744889471,0,False,True
8366e1fffffffff,6.687304056072846,-29.04947112913008,0,False,False
8366e3fffffffff,6.358541444107286,-30.10417700973677,0,False,False
8366e8fffffffff,4.849872953457544,-28.3982460842524,0,False,False
8366eafffffffff,4.511851557114957,-29.451144843312992,0,False,False
8366ebfffffffff,3.7549888834398977,-28.59697812603831,0,False,False
8366ecfffffffff,5.935285215065044,-28.200586001546736,0,False,False
8366edfffffffff,5.182855685082044,-27.355002566871224,0,False,False
8366eefffffffff,5.604527861715554,-29.249774293119263,0,False,False
8366f0fffffffff,-4.098710389092419,-54.90852449584053,0,False,False
8366f2fffffffff,-6.099927989576379,-43.328177595912,0,False,False
8366f3fffffffff,-7.110276106324552,-42.78909685346768,0,False,False
8366f4fffffffff,-3.0040061732532526,-54.8156876018526,0,False,False
8366f5fffffffff,-8.024014678330424,-42.81412154560805,0,False,False
836704fffffffff,8.135683122021659,-47.937518115499365,0,False,False
836706fffffffff,8.504305601479194,-48.864233593259776,0,False,False
836709fffffffff,14.635276638208602,-28.761966528503624,0,False,False
83670bfffffffff,14.226569242373374,-29.70889385721112,0,False,False
836710fffffffff,9.247098880870968,-50.754479534133246,0,False,False
836711fffffffff,8.23118038601783,-50.50549156637258,0,False,False
836712fffffffff,9.62057690271836,-51.71744534886416,0,False,False
836713fffffffff,8.60126862216182,-51.46714391242711,0,False,False
836714fffffffff,9.881092140543965,-50.050804828198125,0,False,False
836715fffffffff,8.87489015386527,-49.80330925231742,0,False,False
836716fffffffff,10.25664463122425,-51.00337574717377,0,False,False
836722fffffffff,8.763298885629341,-47.26601173258946,0,False,False
836725fffffffff,3.125564571510591,-39.41848804331252,0,False,False
836730fffffffff,10.843426858691728,-41.49040327442163,0,False,False
836731fffffffff,9.134075099334916,-48.18186638217261,0,False,False
836732fffffffff,11.123529453576728,-42.45692718521932,0,False,False
836733fffffffff,9.50678473988739,-49.11021076534424,0,False,False
836740fffffffff,13.32048202080687,-25.07652305039364,0,False,False
836742fffffffff,12.918871299681491,-25.995855981859645,0,False,False
836744fffffffff,14.287832782784749,-25.07200653825512,0,False,False
836746fffffffff,13.895974358847749,-25.988441948901496,0,False,False
836748fffffffff,11.82288180237794,-21.440508823924887,0,False,False
836749fffffffff,11.096290819747182,-20.65153794883068,0,False,False
83674afffffffff,11.564612867821058,-22.40814541491505,0,False,False
83674bfffffffff,10.835478327752533,-21.61068292874879,0,False,False
83674dfffffffff,12.074144385696354,-20.48531620944652,0,False,False
836750fffffffff,13.085418965049527,-27.85005438305944,0,False,False
836752fffffffff,12.666948696625052,-28.794530895394875,0,False,False
836754fffffffff,14.067452768795803,-27.836760537682537,0,False,False
836755fffffffff,13.495136692534278,-26.91457018617336,0,False,False
836756fffffffff,13.6583206231407,-28.77819741312664,0,False,False
836758fffffffff,12.029484333475091,-24.19853130254481,0,False,False
836759fffffffff,11.299345210300826,-23.38790814687804,0,False,False
83675afffffffff,11.759295412205892,-25.19758609759552,0,False,False
83675bfffffffff,11.02710675817763,-24.37944282412367,0,False,False
836772fffffffff,15.035054139510208,-27.82354992216549,0,False,False
836773fffffffff,14.467678477848336,-26.90426611042538,0,False,False
836780fffffffff,10.090833747393152,-55.42590459811274,0,False,False
836781fffffffff,9.054156003258148,-55.17144586646334,0,False,False
836782fffffffff,10.463561398659309,-56.44156774600773,0,False,False
836783fffffffff,9.425175959329923,-56.18647514630084,0,False,False
836784fffffffff,10.744845452704643,-54.67361152333751,0,False,False
836785fffffffff,9.717834441015595,-54.42018286699644,0,False,False
836789fffffffff,2.504929494112552,-56.26109899054939,0,False,False
83678bfffffffff,2.09916922383424,-57.26256580845784,0,False,False
836794fffffffff,18.456469741098584,-44.033175775466425,0,False,False
836796fffffffff,18.98811137189601,-45.01137031147988,0,False,False
83679afffffffff,8.958990068577453,-57.55409143588973,0,False,False
83679cfffffffff,9.795959167540149,-57.21110899964345,0,False,False
8367a0fffffffff,11.262864810328647,-46.08343990484556,0,False,False
8367a1fffffffff,9.99495335349406,-52.691873507603376,0,False,False
8367a3fffffffff,10.369842567112933,-53.67739634118866,0,False,False
8367a4fffffffff,11.961513453568148,-45.42770183284933,0,False,False
8367a5fffffffff,10.633073479318986,-51.967617241747966,0,False,False
8367aafffffffff,8.68331237481793,-54.16651461252457,0,False,False
8367acfffffffff,8.97265793256178,-52.44038951319496,0,False,False
8367aefffffffff,9.344975649259972,-53.42486768588241,0,False,False
8367b0fffffffff,18.42578743706635,-42.19140271132158,0,False,False
8367b2fffffffff,18.949647168015463,-43.11297146665829,0,False,False
8367b3fffffffff,17.923083201684875,-43.06687295264218,0,False,False
8367b6fffffffff,19.40157417354332,-42.08671680068375,0,False,False
836914fffffffff,15.794000596059927,135.042142510402,0,False,False
836916fffffffff,14.648890178226653,134.99629598764074,0,False,False
836930fffffffff,17.565268459851527,134.09228386339512,0,False,False
836932fffffffff,16.42337149030588,134.04948598539858,0,False,False
836933fffffffff,16.934501811548575,135.08832305679024,0,False,False
836935fffffffff,18.70119713947256,134.1353975813633,0,False,False
8369a0fffffffff,12.34843484899416,134.90559085096464,0,False,False
8369a2fffffffff,11.194926560193544,134.86072527861012,0,False,False
8369a4fffffffff,12.97067078907465,133.92295352422244,0,False,False
8369a5fffffffff,13.500064405700655,134.95077993565616,0,False,False
8369a6fffffffff,11.813804908657133,133.88138537697424,0,False,False
8369b0fffffffff,9.496740364206966,133.799143685974,0,False,False
8369b1fffffffff,10.040473670354258,134.8161798113416,0,False,False
8369b3fffffffff,8.886014877294151,134.77195108880687,0,False,False
8369b4fffffffff,10.109005108507064,132.8160374532075,0,False,False
8369b5fffffffff,10.655512466933796,133.8401164901356,0,False,False
836d20fffffffff,19.387893531605148,-34.78707734203893,0,False,False
836d21fffffffff,18.449389860739487,-34.202307322759815,0,False,False
836d22fffffffff,19.34245166823416,-35.975840496554326,0,False,False
836d23fffffffff,18.4047076223954,-35.37619084136148,0,False,False
836d24fffffffff,20.372638346709724,-34.18868264967647,0,False,False
836d25fffffffff,19.42536911643494,-33.60610563957107,0,False,False
836d2cfffffffff,17.51967985777049,-33.63035995726694,0,False,False
836d2dfffffffff,16.59940129062162,-33.07092837274857,0,False,False
836d2efffffffff,17.475372069843853,-34.78948636861812,0,False,False
836d30fffffffff,20.2327060149665,-37.79893877422661,0,False,False
836d32fffffffff,20.168877094536963,-39.014562588657,0,False,False
836d34fffffffff,21.24026702310636,-37.21516619560997,0,False,False
836d35fffffffff,20.2878918268724,-36.58873275622793,0,False,False
836d36fffffffff,21.182955949972687,-38.440039363708514,0,False,False
836d64fffffffff,20.526436750570404,-45.97500460388167,0,False,False
836d65fffffffff,19.51739113129861,-46.00109685604895,0,False,False
836d66fffffffff,21.05177849684203,-46.9610581058329,0,False,False
836d69fffffffff,9.315097273768911,-58.60656097112514,0,False,False
837282fffffffff,-47.45360848987866,118.5983999309432,0,False,False
837288fffffffff,-45.44268908620752,135.99816924348136,0,False,False
83728afffffffff,-46.45293827117677,135.19021073303034,0,False,False
83728bfffffffff,-46.42566496063751,136.88204700382738,0,False,False
83728efffffffff,-45.4577752444546,134.33239749187035,0,False,False
837291fffffffff,-46.38564630848075,130.13349363705967,0,False,False
837293fffffffff,-47.34168455103898,129.23074098534113,0,False,False
837295fffffffff,-46.355123662551165,119.14385396988528,0,False,False
837298fffffffff,-47.43996129784455,132.64153622360712,0,False,False
837299fffffffff,-47.45108259226179,134.35708954485838,0,False,False
83729afffffffff,-48.41084106416387,131.75757807173514,0,False,False
83729bfffffffff,-48.43606855927498,133.49798081013384,0,False,False
83729cfffffffff,-46.43274909470959,131.81302076616018,0,False,False
83729dfffffffff,-46.455260493280406,133.49955710642934,0,False,False
83729efffffffff,-47.40339005962533,130.9317549109955,0,False,False
8372b0fffffffff,-45.81661952292155,122.40820474429616,0,False,False
8372b3fffffffff,-46.097766701745925,120.7823108073286,0,False,False
8372b4fffffffff,-45.512258500379296,124.01909514395857,0,False,False
8372b6fffffffff,-44.70585021263421,122.85489267602802,0,False,False
8372d2fffffffff,-47.3305318540498,139.50770007309285,0,False,False
8372d3fffffffff,-47.23929797544087,141.2156466466271,0,False,False
8372d6fffffffff,-46.373449864762776,138.57211894895605,0,False,False
837434fffffffff,0.3724670279227304,-3.315802331256523,0,True,False
837436fffffffff,0.6954776545672456,-4.226067324613817,0,True,False
837509fffffffff,-2.528800827147712,-0.320957980863476,0,True,False
83750dfffffffff,-2.110588468009454,0.4164647027580597,0,True,False
837576fffffffff,-2.6809882723445893,1.1375622314537754,0,True,False
83758cfffffffff,1.8333287095821795,-5.32759751843616,0,True,False
83758dfffffffff,1.019430506724173,-5.139610372616329,0,True,False
8375abfffffffff,1.5052800980855403,-4.405243018779701,0,True,False
8375b2fffffffff,6.119673694154613,-6.322365920879062,0,True,False
837a03fffffffff,-30.72693369206424,37.61929928772366,0,True,False
837a08fffffffff,-29.642598090681737,35.47232435443213,0,True,False
837a09fffffffff,-29.080097586266543,34.40226991740479,0,True,False
837a0afffffffff,-29.092492625978863,36.48970927531604,0,True,False
837a0bfffffffff,-28.539378209434663,35.43098806664628,0,True,False
837a0cfffffffff,-30.750389177930376,35.51475422261629,0,True,False
837a0dfffffffff,-30.191796090359905,34.430500144643695,0,True,False
837a0efffffffff,-30.191668987318145,36.54491577552154,0,True,False
837a11fffffffff,-30.671254603156125,39.67367809284573,0,False,False
837a13fffffffff,-30.09541232673873,40.62748964267453,0,True,False
837a18fffffffff,-29.07336422562678,38.53094261509675,0,True,False
837a19fffffffff,-28.54226312471421,37.48288567402125,0,True,False
837a1afffffffff,-28.515293198542548,39.48743646475781,0,True,False
837a1bfffffffff,-27.992650873522702,38.452131660630215,0,True,False
837a1cfffffffff,-30.1587553414188,38.61177994061456,0,True,False
837a1dfffffffff,-29.632401075445674,37.55021439140612,0,True,False
837a1efffffffff,-29.591172633472898,39.57937787876924,0,True,False
837a29fffffffff,-31.86286005163901,33.378926884596595,0,True,False
837a2bfffffffff,-31.30774023371814,34.459486841211806,0,True,False
837a50fffffffff,-27.39515829640981,33.32175191026968,0,False,False
837a52fffffffff,-26.872648178611424,34.34796348422694,0,False,False
837a53fffffffff,-26.292045391867223,33.30836598117324,0,False,False
837a54fffffffff,-28.504592393842863,33.33548676854471,0,False,False
837a56fffffffff,-27.973453002520888,34.37476694159721,0,False,False
837a61fffffffff,-29.974856674627063,27.84809953236416,0,False,False
837a64fffffffff,-31.74789978581423,28.89791277883181,0,True,False
837a65fffffffff,-31.119629352794988,27.78742419789569,0,False,False
837a68fffffffff,-28.19162601025431,26.83399315500321,0,False,False
837a6cfffffffff,-29.332450108115705,26.76073289464627,0,False,False
837a6dfffffffff,-28.67841938017205,25.68231643932764,0,False,False
837a72fffffffff,-29.61956347994804,33.349584377756074,0,True,False
837a76fffffffff,-30.73926274098044,33.36405929934784,0,True,False
837a80fffffffff,-27.81531691018347,44.2006567874742,0,True,False
837a81fffffffff,-27.34062522706718,43.209267016591696,0,True,False
837a82fffffffff,-27.25409768584961,45.035970744869886,0,True,False
837a83fffffffff,-26.78598613251077,44.05893326416281,0,True,False
837a85fffffffff,-28.380608517892167,43.34267830090842,0,True,False
837a88fffffffff,-25.813672892198987,42.09671545546909,0,False,False
837a89fffffffff,-25.309866141930605,41.11266846818867,0,False,False
837a8afffffffff,-25.276735216177308,42.95175103166788,0,False,False
837a8bfffffffff,-24.780052957796144,41.98079876680616,0,False,False
837a8cfffffffff,-26.853546975698848,42.21540419370713,0,True,False
837a8dfffffffff,-26.35427717374988,41.21965902273347,0,False,False
837a8efffffffff,-26.305784918703697,43.07899397474908,0,True,False
837a91fffffffff,-26.697433217371923,45.84916523222253,0,True,False
837a93fffffffff,-26.14576219873041,46.64079249292988,0,True,False
837a98fffffffff,-25.2226186178388,44.74038214184121,0,False,False
837a99fffffffff,-24.743943349501222,43.78521806287313,0,False,False
837a9afffffffff,-24.68810584329671,45.53916668901506,0,False,False
837a9bfffffffff,-24.215734729610904,44.59758285976116,0,False,False
837a9cfffffffff,-26.23560725183965,44.88647369785508,0,True,False
837a9dfffffffff,-25.761986548285883,43.92049071215993,0,True,False
837a9efffffffff,-25.689941801309963,45.69240941841333,0,True,False
837aa8fffffffff,-28.46065229115057,41.44152996106323,0,True,False
837aa9fffffffff,-27.958877848538883,40.42006959962448,0,True,False
837aaafffffffff,-27.89902777232324,42.33696456552313,0,True,False
837aabfffffffff,-27.40476270533485,41.32924785999028,0,True,False
837aacfffffffff,-29.521253205199816,41.55660495080868,0,True,False
837aadfffffffff,-29.02491168530778,40.52248582194581,0,True,False
837aaefffffffff,-28.949445119258275,42.46150092918997,0,True,False
837ac0fffffffff,-24.240549309165303,37.22986130278736,0,False,False
837ac1fffffffff,-23.684613487123247,36.23372701665808,0,False,False
837ac2fffffffff,-23.73100329764832,38.15570558772902,0,False,False
837ac3fffffffff,-23.183331125059887,37.17038646774515,0,False,False
837ac4fffffffff,-25.30572388308057,37.29079320744118,0,False,False
837ac5fffffffff,-24.75204153275988,36.28241363839671,0,False,False
837ac6fffffffff,-24.785853979854643,38.22712537091727,0,False,False
837ad0fffffffff,-23.75337496078444,40.034468902363535,0,False,False
837ad4fffffffff,-24.79461838755586,40.12743000015666,0,False,False
837ad5fffffffff,-24.268221094334308,39.14158125185676,0,False,False
837ad6fffffffff,-24.27217553147279,41.00818559379696,0,False,False
837ae0fffffffff,-26.909527407499404,36.38345719077876,0,False,False
837ae1fffffffff,-26.34977211313896,35.3514315264195,0,False,False
837ae2fffffffff,-26.37819719692737,37.35323624766549,0,False,False
837ae3fffffffff,-25.827240297542247,36.33230854098082,0,False,False
837ae4fffffffff,-27.99819109584877,36.435907360163554,0,False,False
837ae5fffffffff,-27.441515403342887,35.390703659943995,0,False,False
837ae6fffffffff,-27.45728189108444,37.41724719042713,0,False,False
837ae8fffffffff,-24.6915706513487,34.296351065609514,0,False,False
837aeafffffffff,-24.18755960192065,35.27577533758068,0,False,False
837aecfffffffff,-25.77844341581081,34.32183320409586,0,False,False
837aedfffffffff,-25.196010243549537,33.29531585281009,0,False,False
837aeefffffffff,-25.26488445577989,35.31313402020566,0,False,False
837af0fffffffff,-26.37907111787528,39.310286420678935,0,False,False
837af1fffffffff,-25.84819211191596,38.30029265200307,0,False,False
837af2fffffffff,-25.84304976107083,40.22262899003147,0,False,False
837af3fffffffff,-25.320137900069263,39.22491623370241,0,False,False
837af4fffffffff,-27.444353850463905,39.39776689669844,0,True,False
837af5fffffffff,-26.91735469676436,38.37527211432126,0,False,False
837af6fffffffff,-26.89802603811137,40.32014712197293,0,True,False
837b41fffffffff,-35.1923446436659,28.75254743476336,0,True,False
837b45fffffffff,-36.342612933723046,28.70126861539006,0,False,False
837b48fffffffff,-33.419290013870054,27.660945966452,0,True,False
837b49fffffffff,-32.78159658298285,26.52864182628197,0,False,False
837b4afffffffff,-32.89406422947064,28.850810464369083,0,True,False
837b4bfffffffff,-32.268078100216265,27.725063365005205,0,False,False
837b4cfffffffff,-34.57233862857501,27.59499689182045,0,True,False
837b4dfffffffff,-33.93715886573385,26.44688433629155,0,False,False
837b4efffffffff,-34.04251933634966,28.802374477770947,0,True,False
837b59fffffffff,-32.36248009266791,30.01619860681881,0,True,False
837b5dfffffffff,-33.505658001232234,29.984609384219084,0,True,False
837b61fffffffff,-38.0331296385833,27.385341567943744,0,True,False
837b68fffffffff,-36.25142403460535,26.276202895967263,0,True,False
837b69fffffffff,-35.60671558874818,25.106100529074403,0,False,False
837b6afffffffff,-35.72628831386317,27.527136696518298,0,True,False
837b6bfffffffff,-35.0940844787611,26.362772299756788,0,True,False
837b6cfffffffff,-37.40822566790441,26.187067252215293,0,True,False
837b6dfffffffff,-36.76668103257592,25.000169806590204,0,True,False
837b6efffffffff,-36.88019877995152,27.457281285336418,0,True,False
838000fffffffff,-4.569144355566582,1.3172559059014644,0,True,False
838001fffffffff,-3.848189142554148,0.3786640826967496,0,True,False
838002fffffffff,-4.1174955681407335,2.412185263168376,0,True,False
838003fffffffff,-3.3979079145198123,1.4731331333164417,0,True,False
838005fffffffff,-5.019129529641627,0.2209487567133504,0,False,False
838008fffffffff,-1.9577305280249484,-0.3990807313377714,0,True,False
838009fffffffff,-1.2387494080572188,-1.3312603017960705,0,True,False
83800cfffffffff,-3.126820008790523,-0.5575434693558525,0,True,False
83800dfffffffff,-2.4058447580082785,-1.4908780673701978,0,True,False
83800efffffffff,-2.677717393158242,0.5358795580561669,0,True,False
838028fffffffff,-4.7434339322441454,-1.811544338485752,0,False,False
838029fffffffff,-4.019936394015947,-2.7436127675898137,0,False,False
83802afffffffff,-4.296878549561597,-0.7164949919808281,0,False,False
83802bfffffffff,-3.57440553403358,-1.6509728693838528,0,False,False
83802dfffffffff,-5.187322332813995,-2.905684685021244,0,False,False
83802efffffffff,-5.466904042708956,-0.875935106206757,0,False,False
838040fffffffff,0.4582710566054048,-5.186060364138794,0,False,False
838041fffffffff,1.165529288294195,-6.098065621444216,0,False,False
838042fffffffff,0.9042983225921508,-4.106380416819538,0,True,False
838043fffffffff,1.6114780752132918,-5.022759013227882,0,True,False
838044fffffffff,-0.698307251778558,-5.349785903884146,0,False,False
838045fffffffff,0.0133803329525685,-6.262462637385366,0,False,False
838046fffffffff,-0.2532406103275957,-4.26890199952154,0,False,False
838048fffffffff,3.01075433099238,-6.839923215044755,0,True,False
838049fffffffff,3.701506503534804,-7.739894140962903,0,False,False
83804bfffffffff,4.14852219884497,-6.675739665306686,0,True,False
83804cfffffffff,1.867826332420138,-7.004503036156747,0,False,False
83804dfffffffff,2.564483963760288,-7.904974059532687,0,False,False
83804efffffffff,2.3138593446212146,-5.934078377820993,0,True,False
838054fffffffff,-0.5215672015076354,-2.2601804976690114,0,True,False
838055fffffffff,0.193036195741108,-3.185372851546237,0,True,False
838062fffffffff,-1.857297304981601,-5.51393460317462,0,False,False
83806afffffffff,0.7206465318271883,-7.169477839309805,0,False,False
838070fffffffff,-2.1320174286535,-3.5091198634455583,0,False,False
838071fffffffff,-1.4136900001775703,-4.431861759094854,0,False,False
838072fffffffff,-1.6860649808604595,-2.420860115616588,0,True,False
838073fffffffff,-0.9682716059274808,-3.347020516281697,0,True,False
838074fffffffff,-3.297218538213368,-3.6716701830331377,0,False,False
838075fffffffff,-2.576077738366307,-4.595258822852961,0,False,False
838076fffffffff,-2.8525184869492275,-2.582004386245094,0,False,False
838134fffffffff,-16.381749063181,1.7993502202698086,0,True,False
838136fffffffff,-15.943746965777343,2.9123065599786475,0,True,False
83815afffffffff,-4.462884707888987,-3.834670732045868,0,False,False
838200fffffffff,-15.766059581096174,2.202795615775912,0,True,False
838206fffffffff,-16.500071122787713,2.9784713322086587,0,True,False
838226fffffffff,-18.84358279250049,1.1549538774287342,0,True,False
838230fffffffff,-18.279487504762688,3.4372407646509804,0,True,False
838231fffffffff,-17.528126175511495,2.640914141166572,0,True,False
838234fffffffff,-19.3277009052449,3.097497883897206,0,True,False
838235fffffffff,-18.56539704348861,2.296235400122691,0,True,False
838300fffffffff,-23.05552262983097,-0.3479926890086072,0,True,False
838302fffffffff,-22.79246132177758,0.8421665791679374,0,True,False
838303fffffffff,-21.993156402566147,0.039715529023277,0,True,False
838304fffffffff,-24.12277453074229,-0.7440551057740517,0,True,False
838306fffffffff,-23.86484183031389,0.4587178786639218,0,True,False
838318fffffffff,-20.66483020071819,1.5846987398921135,0,True,False
838319fffffffff,-19.886398712096447,0.7909714371246512,0,True,False
83831afffffffff,-20.384243117739505,2.7504015072336414,0,True,False
83831bfffffffff,-19.61120493253765,1.944233092949838,0,True,False
83831cfffffffff,-21.725514171773234,1.2174172174342088,0,True,False
83831dfffffffff,-20.93651334871621,0.4192967075332157,0,True,False
83831efffffffff,-21.44836889530188,2.395736603430484,0,True,False
838320fffffffff,-25.434822971179827,-2.361462596743962,0,True,False
838321fffffffff,-24.605817567155544,-3.141449848633582,0,True,False
838323fffffffff,-24.36981377655258,-1.9444586144238576,0,True,False
838324fffffffff,-26.502406987064475,-2.787421609407749,0,True,False
838325fffffffff,-25.66401130924144,-3.570363603006676,0,True,False
838a61fffffffff,-2.2168973707943618,-27.68236386233959,0,False,False
838a64fffffffff,-4.093770193646129,-27.023308094842104,0,False,False
838a65fffffffff,-3.345545073099917,-27.88106819248045,0,False,False
838a68fffffffff,-0.3374654959888571,-28.340542925496784,0,False,False
838a69fffffffff,0.4209471398499906,-29.199644924794384,0,False,False
838a6cfffffffff,-1.4623957379673451,-28.54090996393767,0,False,False
838a6dfffffffff,-0.7042001163357164,-29.40270340231601,0,False,False
838b40fffffffff,-8.221708924287789,-26.755080706190736,0,False,True
838b41fffffffff,-7.489269593673289,-27.617597369986065,0,False,True
838b42fffffffff,-7.82095582036631,-25.70325936959847,0,False,True
838b43fffffffff,-7.092112475223216,-26.55875622104964,0,False,False
838b44fffffffff,-9.351209618296275,-26.9525269925356,0,False,True
838b45fffffffff,-8.623070961251534,-27.81792758826818,0,False,True
838b46fffffffff,-8.94619717600919,-25.89663545760377,0,False,True
838b48fffffffff,-5.612766568855809,-28.28179244293444,0,False,False
838b49fffffffff,-4.8635807782624445,-29.14860256668901,0,False,False
838b4afffffffff,-5.223695728319956,-27.220292240587863,0,False,False
838b4bfffffffff,-4.477805470006419,-28.080876278753244,0,False,False
838b4cfffffffff,-6.749502896209249,-28.48382094586162,0,False,False
838b4dfffffffff,-6.003068259459908,-29.35337701847367,0,False,False
838b4efffffffff,-6.3558355713989805,-27.418387117295207,0,False,False
838b5dfffffffff,-5.963337556028338,-26.363548574778083,0,False,False
838b60fffffffff,-10.888061670622378,-28.22196598870648,0,False,False
838b62fffffffff,-10.479697273034798,-27.15109999271217,0,False,True
838b63fffffffff,-9.756310597262283,-28.019382303965777,0,False,True
838b66fffffffff,-11.606258996847895,-27.35080456730557,0,False,False
838b6afffffffff,-7.887079900601824,-28.686965985041383,0,False,True
838b70fffffffff,-10.78155113495188,-25.23410620845609,0,False,True
838b71fffffffff,-10.070891388775232,-26.091133612126384,0,False,True
838b73fffffffff,-9.66214845094094,-25.0426153888372,0,False,True
838b74fffffffff,-11.899079434244712,-25.42672343093849,0,False,True
838b75fffffffff,-11.194134604367804,-26.28675910599632,0,False,True
838cd0fffffffff,1.9779055335222293,129.52701231010414,0,False,False
838cd1fffffffff,1.3745512527069614,128.54247564862925,0,False,False
838cd2fffffffff,3.120808099199406,129.51519792872458,0,False,False
838cd3fffffffff,2.5163520114689564,128.5267692014767,0,False,False
838cd5fffffffff,0.842401490658925,129.5387340800414,0,False,False
838cdafffffffff,2.449407967273697,126.52596582549867,0,False,False
838cdefffffffff,1.910405173721392,127.5380450027375,0,False,False
838cf3fffffffff,0.3144859505061299,130.52632484618573,0,False,False
838d26fffffffff,-47.44712319273549,94.96809914782811,0,False,False
838e25fffffffff,-2.5523325719324883,-37.94644417065485,0,False,False
838e29fffffffff,-6.417671803793535,-36.623974331106446,0,False,False
838e2cfffffffff,-4.485299658641991,-37.28695951320508,0,False,False
838e2dfffffffff,-5.260952344340685,-36.39721183766133,0,False,False
838e41fffffffff,-11.765292457650402,-33.496447820434184,0,False,False
838e44fffffffff,-9.868765510019834,-34.169451058806104,0,False,False
838e62fffffffff,-8.71879107839536,-33.94802915741045,0,False,False
838e71fffffffff,-9.10937892465502,-35.06338839270988,0,False,False
838e74fffffffff,-7.189297954741527,-35.731860112489144,0,False,False
838e75fffffffff,-7.956602945586163,-34.83973426283229,0,False,False
838f08fffffffff,-0.2514667442160279,-37.4904191109348,0,False,False
838f09fffffffff,-1.0259195291217724,-36.60698247148204,0,False,False
838f0bfffffffff,-1.3999695976145576,-37.71793490512749,0,False,False
838f0cfffffffff,-10.762615348441273,-48.75067912504356,0,False,False
838f0dfffffffff,0.1198384970421986,-36.382350505041394,0,False,False
838f21fffffffff,-7.862749597200255,-46.83944618666239,0,False,False
838f28fffffffff,-9.860957282038092,-46.93081538987663,0,False,False
838f2afffffffff,-9.791258603878344,-48.10611835615041,0,False,False
838f2cfffffffff,-8.894049181473786,-46.302116726304,0,False,False
838f2efffffffff,-8.824345371722965,-47.46903220152458,0,False,False
838f40fffffffff,-2.964939001518739,-32.8571425437524,0,False,True
838f44fffffffff,-1.820201013613587,-32.64219799961101,0,False,True
838f45fffffffff,-2.5865248629771944,-31.765633778148565,0,False,True
838f46fffffffff,-2.196111244934545,-33.73746347036457,0,False,True
838f50fffffffff,-2.95119412440404,-35.946783865100855,0,False,False
838f51fffffffff,-3.72469984321928,-35.06082540806057,0,False,False
838f52fffffffff,-3.329457742344793,-37.05928720989193,0,False,False
838f53fffffffff,-4.105129283915607,-36.17148170712317,0,False,False
838f54fffffffff,-1.800128348963737,-35.72311811087238,0,False,False
838f55fffffffff,-2.573258881345431,-34.83924649379252,0,False,False
838f56fffffffff,-2.176005098934352,-36.8326280964725,0,False,False
838f58fffffffff,-5.648772893048329,-34.39562921256818,0,False,False
838f5afffffffff,-6.033706094810308,-35.50713157832308,0,False,False
838f5bfffffffff,-6.802738528321007,-34.61714819011007,0,False,False
838f5efffffffff,-4.878509904827939,-35.28345353631,0,False,False
838f60fffffffff,-0.3100820796745984,-31.343818372156843,0,False,True
838f61fffffffff,-1.0738299943618363,-30.474129818615584,0,False,True
838f62fffffffff,-0.6797070129732935,-32.42832661911895,0,False,True
838f63fffffffff,-1.445966054891875,-31.55418525680968,0,False,True
838f64fffffffff,0.8202234463190609,-31.134530474246365,0,False,True
838f65fffffffff,0.0569314248647011,-30.26737065536398,0,False,True
838f66fffffffff,0.4556211495011923,-32.21552630065042,0,False,True
838f68fffffffff,-2.970066678037876,-29.81209674080268,0,False,True
838f69fffffffff,-3.726356278369032,-28.944935824165096,0,False,False
838f6afffffffff,-3.3497129161650987,-30.89091386053566,0,False,True
838f6bfffffffff,-4.108984685635316,-30.018438707490347,0,False,False
838f6cfffffffff,-1.8348345245895925,-29.606852811070755,0,False,False
838f6dfffffffff,-2.592323613275556,-28.742372932327644,0,False,False
838f6efffffffff,-2.209681034444408,-30.681976523797942,0,False,True
838f70fffffffff,-0.2813495122384324,-34.39923291573446,0,False,True
838f71fffffffff,-1.0515390135883536,-33.5202009235263,0,False,True
838f72fffffffff,-0.6528985664619485,-35.50048411973406,0,False,False
838f73fffffffff,-1.4251576119828562,-34.61871597476998,0,False,True
838f74fffffffff,0.8572335823641435,-34.18079626732617,0,False,True
838f75fffffffff,0.0882962618461025,-33.303998936243715,0,False,True
838f76fffffffff,0.4895481589384388,-35.278881445346826,0,False,False
839400fffffffff,-49.45316237776696,113.59543918868091,0,False,False
839402fffffffff,-50.20345423201343,112.49596519601091,0,False,False
839405fffffffff,-48.68275825023038,114.67526534554136,0,False,False
839406fffffffff,-49.148643607673485,112.0425972945366,0,False,False
839410fffffffff,-50.59544663760008,109.82513956267655,0,False,False
839411fffffffff,-50.933160173789474,111.37713387569532,0,False,False
839412fffffffff,-51.28768046977849,108.6898984217141,0,False,False
839414fffffffff,-49.54462594137765,109.42789248453282,0,False,False
839415fffffffff,-49.882309940877306,110.94284841307342,0,False,False
839416fffffffff,-50.241593670248726,108.3131641015944,0,False,False
839433fffffffff,-48.82723302242096,110.52604818044249,0,False,False
839448fffffffff,-52.224453735355,129.78507394981202,0,False,False
839449fffffffff,-52.283823648792776,131.63534651166415,0,False,False
83944bfffffffff,-53.204997893312296,130.65965153923818,0,False,False
83944cfffffffff,-51.23068893278476,128.9425865158398,0,False,False
83944dfffffffff,-51.3020025040428,130.75642423150757,0,False,False
839468fffffffff,-49.30035619057166,129.09130643298784,0,False,False
839469fffffffff,-49.366895459573634,130.8469288662639,0,False,False
83946afffffffff,-50.224757139567984,128.13079982234058,0,False,False
83946bfffffffff,-50.30715527411636,129.90884259892934,0,False,False
83946cfffffffff,-48.28269694160642,128.30256173931633,0,False,False
83946dfffffffff,-48.35958607908451,130.02474021781234,0,False,False
83946efffffffff,-49.20772951661668,127.34837448986572,0,False,False
8394a0fffffffff,-51.5729878142851,106.03599213902876,0,False,False
8394a1fffffffff,-51.95869375697387,107.53762119959488,0,False,False
8394a2fffffffff,-52.20691794113837,104.87471114320398,0,False,False
8394a4fffffffff,-50.53365062589442,105.71698216059798,0,False,False
8394a5fffffffff,-50.917806053576726,107.1823477048209,0,False,False
8394a6fffffffff,-51.17351832906784,104.57817463032384,0,False,False
8394b0fffffffff,-52.39017705995485,102.26095899861508,0,False,False
8394b1fffffffff,-52.81942885296067,103.6991835324838,0,False,False
8394b2fffffffff,-52.96675947316338,101.0840261646473,0,False,False
8394b4fffffffff,-51.36609732474899,102.02226500541023,0,False,False
8394b5fffffffff,-51.79240372156178,103.42593066202755,0,False,False
8394b6fffffffff,-51.94973226428051,100.86916278207612,0,False,False
839569fffffffff,-44.39605722627394,124.42811304550416,0,False,False
839588fffffffff,-48.82501176625652,106.51482545711286,0,False,False
839589fffffffff,-49.19174876218359,107.95174766103514,0,False,False
83958afffffffff,-49.49097389446128,105.41101340967865,0,False,False
83958bfffffffff,-49.87298245064069,106.8417033537066,0,False,False
83958dfffffffff,-48.13896150025023,107.60476057098462,0,False,False
839599fffffffff,-50.13659820541399,104.29389231784953,0,False,False
83959bfffffffff,-50.761687750982766,103.1640842761394,0,False,False
839690fffffffff,-30.97554025829504,25.50078121007171,0,False,False
839692fffffffff,-30.478319550720315,26.685476636349616,0,False,False
839693fffffffff,-29.824668381568017,25.592777229443648,0,False,False
839694fffffffff,-32.130120515312306,25.406226352932528,0,False,False
839696fffffffff,-31.62833992308408,26.60814195180393,0,False,False
8396b2fffffffff,-33.28747616302557,25.309004929781093,0,False,False
8396b6fffffffff,-34.446660087511866,25.209003110853526,0,False,False
839714fffffffff,-43.440876524559165,14.609393498058823,0,True,False
839716fffffffff,-43.036987652844005,16.111141618664856,0,True,False
839726fffffffff,-45.792948111639696,9.44784462787281,0,True,False
839735fffffffff,-45.4644094762066,11.02920762254044,0,True,False
839790fffffffff,-39.08249879216351,24.778676238581,0,True,False
839792fffffffff,-38.56353967993854,26.095249993678312,0,True,False
839793fffffffff,-37.92559455951056,24.89107603979681,0,True,False
839794fffffffff,-40.23644548302626,24.662818714986617,0,True,False
839796fffffffff,-39.71642315367627,26.00062875269316,0,False,False
8397a4fffffffff,-43.31512141642089,18.8407534692731,0,True,False
8397a6fffffffff,-42.85822183432867,20.30393841828138,0,True,False
8397b4fffffffff,-43.037225973709305,23.00966396469192,0,False,False
839c02fffffffff,-56.40347535347902,146.6193242576748,0,False,False
839c04fffffffff,-58.18328403493901,147.13010444388462,0,False,False
839c06fffffffff,-57.19160023909028,147.8650877961001,0,False,False
839c15fffffffff,-56.19709142196446,148.57470830755676,0,False,False
839c22fffffffff,-58.97557603897248,148.4780821485002,0,False,False
839c26fffffffff,-59.76233844506437,149.9060291312126,0,False,False
839c30fffffffff,-57.71577556208027,151.22427318845294,0,False,False
839c31fffffffff,-57.96615474657705,149.18899174809653,0,False,False
839c32fffffffff,-56.70419688947159,151.81933043963488,0,False,False
839c33fffffffff,-56.96362960452833,149.8540330988845,0,False,False
839c34fffffffff,-58.46106504633512,152.66919036507664,0,False,False
839c35fffffffff,-58.73547355230528,150.58793146402738,0,False,False
839c36fffffffff,-57.43299125427009,153.2313157589158,0,False,False
839c42fffffffff,-56.95465902489418,132.47210570370817,0,False,False
839c46fffffffff,-57.870227802129946,133.4882978009968,0,False,False
839c50fffffffff,-56.06010627341882,135.49160510085278,0,False,False
839c51fffffffff,-56.05707573748948,133.49051868165634,0,False,False
839c52fffffffff,-55.12749841576076,136.4397333343269,0,False,False
839c53fffffffff,-55.14070091886538,134.47366243185277,0,False,False
839c55fffffffff,-56.9746198066328,134.5082556225467,0,False,False
839c5afffffffff,-54.17128742628156,131.56775664840828,0,False,False
839c5cfffffffff,-56.02179116760964,131.495219078977,0,False,False
839c5efffffffff,-55.12230986091494,132.51087147160962,0,False,False
839c88fffffffff,-49.81111996815773,146.01448620764882,0,False,False
839c89fffffffff,-49.97519191482924,144.25756642862447,0,False,False
839c8bfffffffff,-48.93211971585098,144.9532455756445,0,False,False
839c8dfffffffff,-50.85288476983502,145.3292163916012,0,False,False
839cc0fffffffff,-51.3043176226168,138.0783755840493,0,False,False
839cc1fffffffff,-51.34660984843957,136.24530086876442,0,False,False
839cc2fffffffff,-50.3070496904035,138.9036413623126,0,False,False
839cc3fffffffff,-50.362707059355,137.10244513774052,0,False,False
839cc5fffffffff,-52.287258811228895,137.22393218604003,0,False,False
839cc8fffffffff,-50.390373549063554,133.49630029357866,0,False,False
839cc9fffffffff,-50.36250235440111,131.69847801979398,0,False,False
839ccafffffffff,-49.41994551033471,134.38338829773886,0,False,False
839ccbfffffffff,-49.406872274135885,132.61205418511398,0,False,False
839cccfffffffff,-51.3602548665338,134.41145583273902,0,False,False
839ccdfffffffff,-51.3453136864344,132.5805919442997,0,False,False
839ccefffffffff,-50.39048670008993,135.29880816172104,0,False,False
839cd0fffffffff,-49.20131723077398,141.46326559290418,0,False,False
839cd1fffffffff,-49.2964426524116,139.7008735359653,0,False,False
839cd2fffffffff,-48.16740722570625,142.20131757418164,0,False,False
839cd3fffffffff,-48.27351185834628,140.4711831974559,0,False,False
839cd5fffffffff,-50.22367945459568,140.69885585230753,0,False,False
839cd6fffffffff,-49.0797089657069,143.2151048362777,0,False,False
839cd8fffffffff,-48.40752913574043,136.98872364194062,0,False,False
839cd9fffffffff,-48.435006656446255,135.24277122632378,0,False,False
839cdafffffffff,-47.39635749261134,137.79325551159886,0,False,False
839cdbfffffffff,-47.43656662051555,136.0753579865557,0,False,False
839cdcfffffffff,-49.36471747072883,137.93119195197806,0,False,False
839cddfffffffff,-49.405913506259246,136.15756660296535,0,False,False
839cdefffffffff,-48.35364766334751,138.73259948054732,0,False,False
839ce1fffffffff,-54.17763983898922,137.35400710522882,0,False,False
839ce8fffffffff,-53.26828060228146,134.44147678977063,0,False,False
839ce9fffffffff,-53.25156445941919,132.5469430847942,0,False,False
839ceafffffffff,-52.31544924107799,135.35867812386306,0,False,False
839cebfffffffff,-52.314256514422325,133.49450486726337,0,False,False
839cecfffffffff,-54.206360681517566,135.42278817310245,0,False,False
839cedfffffffff,-54.20419287621534,133.4925823280947,0,False,False
839ceefffffffff,-53.25491534552894,136.33913681128473,0,False,False
839cf6fffffffff,-51.88347764820898,144.6176348766723,0,False,False
839d00fffffffff,-62.808171128910026,156.527729920016,0,False,False
839d02fffffffff,-61.717010354739365,157.0305733234278,0,False,False
839d03fffffffff,-62.06699741498731,154.724479930452,0,False,False
839d04fffffffff,-63.53103924384526,158.43895608490794,0,False,False
839d06fffffffff,-62.42598553364451,158.87745877284942,0,False,False
839d10fffffffff,-60.24200245104503,159.65428768141837,0,False,False
839d11fffffffff,-60.63406832680816,157.49489665206215,0,False,False
839d12fffffffff,-59.16472840895057,159.9999010839151,0,False,False
839d13fffffffff,-59.560231859361,157.92490827858938,0,False,False
839d14fffffffff,-60.90593822910566,161.47183203354663,0,False,False
839d15fffffffff,-61.32935272123518,159.28126044958503,0,False,False
839d18fffffffff,-60.25009476894236,153.63004088191389,0,False,False
839d19fffffffff,-60.54142581225083,151.41933862380418,0,False,False
839d1afffffffff,-59.19741016228512,154.19306500413327,0,False,False
839d1bfffffffff,-59.49752430183168,152.06665500582918,0,False,False
839d1cfffffffff,-60.99078646584676,155.28303629807417,0,False,False
839d1dfffffffff,-61.31049515223612,153.0235897616509,0,False,False
839d1efffffffff,-59.92255408617227,155.80020993820708,0,False,False
839d22fffffffff,-64.23241050152497,160.4635036682387,0,False,False
839d26fffffffff,-64.90888695186209,162.60623609160854,0,False,False
839d30fffffffff,-62.65999923397469,163.14414100089164,0,False,False
839d31fffffffff,-63.11474197204818,160.82823371624485,0,False,False
839d33fffffffff,-62.00563904113183,161.16318172026843,0,False,False
839d35fffffffff,-63.78012857988589,162.88699915292574,0,False,False
839da8fffffffff,-57.81358361961014,156.72726372854652,0,False,False
839da9fffffffff,-58.15337016340969,154.71706753485032,0,False,False
839dabfffffffff,-57.11881863757242,155.20589008481372,0,False,False
839dacfffffffff,-58.49631318082291,158.3242324348032,0,False,False
839dadfffffffff,-58.8632100007084,156.28035989773477,0,False,False
83a284fffffffff,-50.94816843594123,21.153716649244505,0,False,False
83a2a0fffffffff,-49.44480563139482,22.94578982981255,0,False,False
83a2a1fffffffff,-50.03204286193544,24.33601231049369,0,False,False
83a2a2fffffffff,-49.89799535982032,21.36776140495004,0,False,False
83a2a3fffffffff,-50.50129530670756,22.759096479597595,0,False,False
83a2a4fffffffff,-48.37587765591063,23.12661771726328,0,False,False
83a2a6fffffffff,-48.83497976881582,21.5750639896632,0,False,False
83a2acfffffffff,-50.59616016534319,25.74447990462792,0,False,False
83a2aefffffffff,-51.08152905983755,24.17076933985216,0,False,False
83a30cfffffffff,-41.84516801231142,34.46434012192247,0,False,False
83a30efffffffff,-42.43740003595062,33.19569281125636,0,False,False
83a311fffffffff,-41.90793350276785,29.352743395634928,0,False,False
83a313fffffffff,-42.45067335924117,28.004285295356848,0,False,False
83a31cfffffffff,-42.47327732968392,30.62010543437521,0,False,False
83a31efffffffff,-43.02907449870614,29.27994516044966,0,False,False
83a388fffffffff,-46.81039867438496,24.80120243268824,0,False,False
83a38afffffffff,-47.29507990758072,23.301848846764404,0,False,False
83a38cfffffffff,-45.71407468766585,24.946851187093205,0,False,False
83a38efffffffff,-46.20302606388008,23.47173596309504,0,False,False
83a399fffffffff,-47.75967223916222,21.77593284027329,0,False,False
83a3a8fffffffff,-44.097401316151725,26.513220985500432,0,False,False
83a3acfffffffff,-42.97898640859184,26.62819969530402,0,False,False
83a3adfffffffff,-43.57083932184254,27.910763361573927,0,False,False
83a592fffffffff,-18.17811457821263,2.599393881312757,0,True,False
83a596fffffffff,-17.065742557495863,2.7561211879569703,0,True,False
83a600fffffffff,-54.23913607671338,87.90419910388086,0,False,False
83a602fffffffff,-53.84680051520322,89.04529868843377,0,False,False
83a603fffffffff,-53.47905583209585,87.63543658728904,0,False,False
83a604fffffffff,-54.94658019294085,87.35194938099077,0,False,False
83a605fffffffff,-54.14926865727744,86.58595698413546,0,False,False
83a606fffffffff,-54.75571239652157,88.90235367692496,0,False,False
83a610fffffffff,-53.96667824037038,91.3299215453279,0,False,False
83a611fffffffff,-53.43617428259766,90.18574969972042,0,False,False
83a612fffffffff,-53.52797368547317,92.49036933538804,0,False,False
83a613fffffffff,-53.0069752123628,91.32465049492168,0,False,False
83a615fffffffff,-54.386284352424894,90.16692048037058,0,False,False
83a61afffffffff,-51.78152903213659,89.76832751585049,0,False,False
83a61cfffffffff,-53.03444684774627,88.84728476264753,0,False,False
83a61efffffffff,-52.57091568401275,90.05147943803652,0,False,False
83a620fffffffff,-55.57581902738461,85.25351004069002,0,False,False
83a621fffffffff,-54.7552622385052,84.39405591903171,0,False,False
83a622fffffffff,-55.66464506502686,86.76900992892742,0,False,False
83a623fffffffff,-54.86061054020736,85.88038188016857,0,False,False
83a624fffffffff,-56.30089162909174,84.5911385911031,0,False,False
83a625fffffffff,-55.46665905257734,83.7232789996722,0,False,False
83a626fffffffff,-56.3930962935703,86.15288078807086,0,False,False
83a62afffffffff,-53.31761289900853,86.28557570237257,0,False,False
83a62efffffffff,-54.0429752475892,85.2492997774434,0,False,False
83a630fffffffff,-56.07693904728387,89.40057702458473,0,False,False
83a631fffffffff,-55.54328709396939,88.34083545421157,0,False,False
83a633fffffffff,-55.27334458912896,89.94557482881167,0,False,False
83a634fffffffff,-56.8898840476832,88.82379669855253,0,False,False
83a635fffffffff,-56.33980818023253,87.74755154953523,0,False,False
83a636fffffffff,-56.610901524748186,90.51032005136976,0,False,False
83a680fffffffff,-51.09984963538354,95.84706230766108,0,False,False
83a681fffffffff,-50.61637263254328,94.64956800980724,0,False,False
83a682fffffffff,-50.574627770187625,96.96508731996788,0,False,False
83a683fffffffff,-50.10248366677993,95.75105531263225,0,False,False
83a684fffffffff,-52.095009223500576,95.947084940333,0,False,False
83a685fffffffff,-51.60555927057704,94.723170198903,0,False,False
83a686fffffffff,-51.577824817572655,97.08811349288612,0,False,False
83a68afffffffff,-48.87601036688778,94.14457659443624,0,False,False
83a68cfffffffff,-50.25598836745314,93.29970647663882,0,False,False
83a68dfffffffff,-49.96390536475811,91.83653817647516,0,False,False
83a68efffffffff,-49.71001108678984,94.45619911176487,0,False,False
83a690fffffffff,-50.4835208689282,99.3482350266847,0,False,False
83a691fffffffff,-50.02981547690901,98.07644691344656,0,False,False
83a694fffffffff,-51.49946379141928,99.52314653984608,0,False,False
83a695fffffffff,-51.040680636256766,98.22210172034768,0,False,False
83a696fffffffff,-50.92936569847222,100.6632463023063,0,False,False
83a698fffffffff,-48.56288737222897,96.7334974139669,0,False,False
83a699fffffffff,-48.30434179045425,95.28212157200733,0,False,False
83a69cfffffffff,-49.56943956628975,96.846977972135,0,False,False
83a69dfffffffff,-49.14556768915796,95.60103759216058,0,False,False
83a6a1fffffffff,-53.06992793621304,93.64732409894852,0,False,False
83a6a2fffffffff,-53.08736258422189,96.05137988242537,0,False,False
83a6a3fffffffff,-52.59233126642227,94.79986310903908,0,False,False
83a6a8fffffffff,-51.58711348656789,92.4330297988242,0,False,False
83a6a9fffffffff,-51.2918606982032,90.95491855025888,0,False,False
83a6aafffffffff,-51.11120424532958,93.5432933876025,0,False,False
83a6abfffffffff,-50.78331698262475,92.13233694909844,0,False,False
83a6acfffffffff,-52.55894955699224,92.46110677318036,0,False,False
83a6adfffffffff,-52.08845819182406,91.24703998143656,0,False,False
83a6aefffffffff,-52.09187427194712,93.59423575035184,0,False,False
83a6b0fffffffff,-53.05454382429202,98.53227534649324,0,False,False
83a6b1fffffffff,-52.57840986503443,97.21636883555828,0,False,False
83a6b2fffffffff,-52.512547064986656,99.70555685613344,0,False,False
83a6b3fffffffff,-52.04913502040893,98.37391239692204,0,False,False
83a6f0fffffffff,-50.156754546172905,89.21619975746714,0,False,False
83a6f2fffffffff,-49.6522031741598,90.38507452238952,0,False,False
83a6f4fffffffff,-50.97682987327026,89.48993637169583,0,False,False
83a6f6fffffffff,-50.4797940933799,90.66763171067022,0,False,False
83a700fffffffff,-59.40390873985545,83.2965829913333,0,False,False
83a701fffffffff,-58.53137573200719,82.36038134812736,0,False,False
83a703fffffffff,-58.63751792821746,84.07622523739894,0,False,False
83a704fffffffff,-60.17849581530616,82.46660348364283,0,False,False
83a705fffffffff,-59.29159350662009,81.52371321107847,0,False,False
83a708fffffffff,-56.91687542743262,82.26552857908916,0,False,False
83a70afffffffff,-57.03547309659039,83.89035722943593,0,False,False
83a70bfffffffff,-56.18733752402151,83.01478240171006,0,False,False
83a70efffffffff,-57.77913672808614,83.14795432078061,0,False,False
83a718fffffffff,-57.9578818228846,86.45486419252428,0,False,False
83a719fffffffff,-57.131641942639725,85.50079989102468,0,False,False
83a71afffffffff,-57.7117456646569,88.21249799649921,0,False,False
83a71bfffffffff,-57.14483953514976,87.11986670670156,0,False,False
83a71cfffffffff,-58.71962741609813,85.77569945369189,0,False,False
83a71dfffffffff,-57.87992549661414,84.80971065217474,0,False,False
83a71efffffffff,-58.5420258443144,87.56363916183524,0,False,False
83a722fffffffff,-60.96057388961255,81.58163364921585,0,False,False
83a724fffffffff,-61.61256586956075,78.673278685827,0,False,False
83a726fffffffff,-61.74932141155328,80.63648855971122,0,False,False
83a756fffffffff,-55.33653391423624,82.18031298696627,0,False,False
83a810fffffffff,-23.102247195213625,-5.561276091244908,0,False,False
83a812fffffffff,-22.74272408766944,-4.445084707723135,0,False,False
83a814fffffffff,-24.13400410608507,-5.731107100524788,0,False,False
83a816fffffffff,-23.782375391996315,-4.613670574041021,0,False,False
83a830fffffffff,-25.48394180786648,-7.015986161078386,0,False,False
83a832fffffffff,-25.151845400736526,-5.901385378971899,0,False,False
83a833fffffffff,-24.4744398549518,-6.844618257782621,0,False,False
83a834fffffffff,-26.47903258709736,-7.187782100321336,0,False,False
83a835fffffffff,-25.804450824784595,-8.12570669368453,0,False,False
83a836fffffffff,-26.155395024858983,-6.072109676057606,0,False,False
83a880fffffffff,-20.527195235633904,-0.9186299222522264,0,False,False
83a882fffffffff,-20.12039831316653,0.2024949246051608,0,True,False
83a883fffffffff,-19.44130947674335,-0.7556059506725256,0,False,False
83a884fffffffff,-21.6010594725255,-1.0821635929445128,0,False,False
83a885fffffffff,-20.92458059654019,-2.0394850598452825,0,False,False
83a886fffffffff,-21.20041966777303,0.040747594145027,0,True,False
83a890fffffffff,-20.37111783981636,2.2843116220392554,0,True,False
83a891fffffffff,-19.704572262737983,1.323031412761099,0,True,False
83a893fffffffff,-19.280134415254658,2.4421241721544344,0,True,False
83a894fffffffff,-21.450426553299906,2.12595582243827,0,True,False
83a895fffffffff,-20.79030683907898,1.1631926867487352,0,True,False
83a898fffffffff,-17.925852072999994,0.5244236320569478,0,False,False
83a89afffffffff,-17.499608149000196,1.641109952635356,0,True,False
83a89cfffffffff,-19.02866246692324,0.3637202766373151,0,False,False
83a89efffffffff,-18.607451852507896,1.4823370976482513,0,True,False
83a8a0fffffffff,-23.046299865826764,-2.370368021019128,0,False,False
83a8a1fffffffff,-22.372515273273947,-3.3259372441060657,0,False,False
83a8a2fffffffff,-22.6623333346704,-1.2462066799356302,0,False,False
83a8a3fffffffff,-21.99186565346872,-2.204678667240121,0,False,False
83a8a4fffffffff,-24.08738690696155,-2.5365525724639,0,False,False
83a8a5fffffffff,-23.41973391693907,-3.493141814061802,0,False,False
83a8a6fffffffff,-23.7104961944827,-1.4107588652407568,0,True,False
83a8aefffffffff,-21.312208475138103,-3.159213657480175,0,False,False
83a8b0fffffffff,-22.92520273849068,0.8419154257523466,0,True,False
83a8b1fffffffff,-22.26813388897041,-0.1215216631617539,0,True,False
83a8b3fffffffff,-21.86403974221707,1.002820740156996,0,True,False
83a8b5fffffffff,-23.322996332782804,-0.284312761909846,0,True,False
83a900fffffffff,-29.43294987174672,-9.29393181321934,0,True,False
83a901fffffffff,-28.79577499659244,-10.237485043745794,0,True,False
83a903fffffffff,-28.496347964132426,-9.153210091476785,0,True,False
83a904fffffffff,-30.354172929539004,-9.434920659624323,0,False,False
83a905fffffffff,-29.72329549188554,-10.378775810348412,0,True,False
83a90efffffffff,-27.85302230281573,-10.096449493603163,0,True,False
83a918fffffffff,-27.2239586895156,-7.922895453005788,0,True,False
83a91afffffffff,-27.459404979799515,-7.360004580623055,0,True,False
83a91bfffffffff,-26.790851212299124,-8.298434106195977,0,False,False
83a91cfffffffff,-28.18473516222304,-8.062656522192578,0,True,False
83a91dfffffffff,-27.54450931768209,-9.012756428846751,0,True,False
83a920fffffffff,-31.53217697054924,-10.662118858105137,0,True,False
83a921fffffffff,-30.90439103181188,-11.598506044020649,0,True,False
83a923fffffffff,-30.63545913228177,-10.520320763733483,0,True,False
83a924fffffffff,-32.41339379886583,-10.804169031520038,0,True,False
83a925fffffffff,-31.792012792286595,-11.740736331191597,0,True,False
83a92afffffffff,-29.08304742949155,-11.314766044646388,0,True,False
83a92cfffffffff,-30.26728208980105,-12.526465963774472,0,True,False
83a92efffffffff,-30.00137805736029,-11.456515570629664,0,True,False
83a981fffffffff,-27.12632193473124,-3.0380713742493115,0,True,False
83a985fffffffff,-28.11001279179745,-3.206230491493538,0,True,False
83a988fffffffff,-25.47306716777609,-3.828990763214405,0,True,False
83a989fffffffff,-24.808277199520937,-4.782720644044795,0,False,False
83a98afffffffff,-25.114678658370767,-2.7032317362440383,0,True,False
83a98bfffffffff,-24.453392526637945,-3.660826591502089,0,False,False
83a98cfffffffff,-26.47838125690953,-3.9976334782930047,0,True,False
83a98dfffffffff,-25.82002963596151,-4.9522338822466185,0,True,False
83a98efffffffff,-26.127774775621955,-2.870404890053448,0,True,False
83a999fffffffff,-24.74507575053765,-1.5758197953053463,0,True,False
83a99bfffffffff,-24.364510647055905,-0.447625582442889,0,True,False
83a99dfffffffff,-25.76564776380504,-1.741389080607726,0,True,False
83a9a8fffffffff,-27.79971988501089,-5.292645530439115,0,True,False
83a9a9fffffffff,-27.1443230629568,-6.243278703013985,0,True,False
83a9aafffffffff,-27.46900466522947,-4.1667538478163655,0,True,False
83a9abfffffffff,-26.817279629802467,-5.1222092150440215,0,True,False
83ac10fffffffff,-32.334217344125626,-8.880926537934435,0,True,False
83ac11fffffffff,-31.44416308757384,-9.614586949240696,0,True,False
83ac12fffffffff,-32.186067668850846,-7.616458510553894,0,True,False
83ac13fffffffff,-31.29896054280269,-8.371130137413182,0,True,False
83ac14fffffffff,-33.365001182434725,-9.401293951918936,0,True,False
83ac15fffffffff,-32.46823550679506,-10.134809730604603,0,True,False
83ac16fffffffff,-33.22812338650633,-8.1257300379482,0,True,False
83ac30fffffffff,-34.50081700225193,-11.207069565388096,0,True,False
83ac32fffffffff,-34.390418638863224,-9.93247605509174,0,True,False
83ac33fffffffff,-33.48741096437671,-10.665560942181186,0,True,False
83ac34fffffffff,-35.50759693751606,-11.759566267389252,0,True,False
83ac36fffffffff,-35.40959057451175,-10.474719317359972,0,True,False
83ac80fffffffff,-30.57874193457705,-3.309447536970662,0,False,False
83ac81fffffffff,-29.71139389069644,-4.121490206893449,0,False,False
83ac83fffffffff,-29.501153655373884,-2.858106354460838,0,False,False
83ac84fffffffff,-31.654738061719303,-3.7709267460345166,0,False,False
83ac85fffffffff,-30.779998917548163,-4.58576261536298,0,False,False
83ac86fffffffff,-31.44821325282644,-2.47574804253962,0,False,False
83ac88fffffffff,-27.78558011705008,-4.455596483608989,0,True,False
83ac89fffffffff,-26.93388608358394,-5.223841313851954,0,True,False
83ac8afffffffff,-27.57165206152515,-3.2225786075573475,0,True,False
83ac8bfffffffff,-26.724235649710693,-4.008333468055676,0,True,False
83ac8cfffffffff,-28.847120500542346,-4.912395322922164,0,True,False
83ac8dfffffffff,-27.986824883147083,-5.682687716388428,0,True,False
83ac8efffffffff,-28.641628335120537,-3.667182905466844,0,False,False
83ac9dfffffffff,-28.42293728765913,-2.416626960174975,0,False,False
83aca0fffffffff,-32.9099141450133,-5.545283064754629,0,False,False
83aca1fffffffff,-32.023554050314544,-6.342517286795577,0,True,False
83aca2fffffffff,-32.72817636879299,-4.2428275047360025,0,False,False
83aca3fffffffff,-31.84648995211847,-5.060268621564672,0,False,False
83aca4fffffffff,-33.969323503588605,-6.041087064773047,0,False,False
83aca5fffffffff,-33.076503698351225,-6.8399973695873095,0,True,False
83aca6fffffffff,-33.79809392999874,-4.725440627505343,0,False,False
83aca8fffffffff,-30.09080057269002,-6.629409867590879,0,True,False
83aca9fffffffff,-29.21865065628856,-7.38229144791245,0,True,False
83acaafffffffff,-29.90792287200907,-5.378978265858647,0,True,False
83acabfffffffff,-29.03943771033392,-6.1511306964909656,0,True,False
83acacfffffffff,-31.139986107927783,-7.117769525463036,0,True,False
83acadfffffffff,-30.26013475403949,-7.87166417615845,0,True,False
83acaefffffffff,-30.96704770597664,-5.855599148572307,0,True,False
83acd6fffffffff,-25.881537875024257,-4.774356666212164,0,True,False
83acf2fffffffff,-27.131360068313374,-6.432895043649563,0,True,False
83acf6fffffffff,-28.17542168914304,-6.902778343181842,0,True,False
83ad02fffffffff,-38.55851471214882,-14.799119483200034,0,True,False
83ad10fffffffff,-39.40693305978353,-12.759310071805036,0,True,False
83ad11fffffffff,-38.4799193257178,-13.48530791930766,0,True,False
83ad12fffffffff,-39.34587007332354,-11.418263287214309,0,True,False
83ad13fffffffff,-38.42112920056344,-12.170314941745344,0,True,False
83ad14fffffffff,-40.38242639215315,-13.360626543358132,0,True,False
83ad15fffffffff,-39.452057039716856,-14.084082048033531,0,True,False
83ad16fffffffff,-40.33513549616978,-12.009016183566676,0,True,False
83ad18fffffffff,-36.57728689762408,-13.603574492914843,0,True,False
83ad1afffffffff,-36.506913240096,-12.323282994219928,0,True,False
83ad1bfffffffff,-35.59093662124215,-13.030511988112274,0,True,False
83ad1cfffffffff,-37.570136340087664,-14.193835623291385,0,True,False
83ad1efffffffff,-37.49795069573079,-12.898452515775036,0,True,False
83ad30fffffffff,-41.36394470515032,-15.318312853736836,0,True,False
83ad32fffffffff,-41.34688211148408,-13.97451838139527,0,True,False
83ad33fffffffff,-40.41363200304107,-14.695006881417536,0,True,False
83ad34fffffffff,-42.32906780059732,-15.965640571696332,0,True,False
83ad36fffffffff,-42.29960700770275,-14.60123879297361,0,True,False
83ad88fffffffff,-35.16801845860135,-7.867728119889587,0,False,False
83ad89fffffffff,-34.265240164661165,-8.64584149164126,0,True,False
83ad8afffffffff,-35.02377905996261,-6.547967920968847,0,False,False
83ad8bfffffffff,-34.12496531350744,-7.348309320129545,0,False,False
83ad8cfffffffff,-36.20475748413564,-8.398533592179655,0,False,False
83ad8dfffffffff,-35.29651756026972,-9.17705417955471,0,True,False
83ad8efffffffff,-36.07235491602007,-7.066218973996553,0,False,False
83ada1fffffffff,-39.26833137345437,-10.062135066986512,0,False,False
83ada5fffffffff,-40.271177946968095,-10.64137208203955,0,False,False
83ada8fffffffff,-37.338037843405935,-10.273846334088413,0,True,False
83ada9fffffffff,-36.42165568334105,-11.02827265100696,0,True,False
83adaafffffffff,-37.234295233000864,-8.941010140856363,0,False,False
83adabfffffffff,-36.32107150713767,-9.719633045502976,0,True,False
83adacfffffffff,-38.34657560766434,-10.839965204279755,0,True,False
83adadfffffffff,-37.42577383854382,-11.59338701073884,0,True,False
83adaefffffffff,-38.25576652301714,-9.49544643960842,0,False,False
83b200fffffffff,-23.984199772548155,-28.547293850930725,0,False,False
83b201fffffffff,-24.57775095139131,-27.620544012308507,0,False,False
83b203fffffffff,-25.029960263212693,-28.718972665002607,0,False,False
83b204fffffffff,-22.927324889732525,-28.37663087086757,0,False,False
83b205fffffffff,-23.52983995668077,-27.452981494789704,0,False,False
83b208fffffffff,-26.185043422440515,-26.8630698120108,0,False,False
83b209fffffffff,-26.7417282166905,-25.94128517004341,0,False,True
83b20afffffffff,-26.63929134314252,-27.9587099227273,0,False,False
83b20bfffffffff,-27.200515871236625,-27.029487720368312,0,False,False
83b20cfffffffff,-25.157705733134826,-26.697664088899103,0,False,False
83b20dfffffffff,-25.723895178059227,-25.779105533532007,0,False,False
83b20efffffffff,-25.61440594883397,-27.78911807413806,0,False,False
83b218fffffffff,-26.506084933097387,-30.00467145523396,0,False,False
83b219fffffffff,-27.086025481131312,-29.06540173830568,0,False,False
83b21bfffffffff,-27.52464771510522,-30.18247553180041,0,False,False
83b21cfffffffff,-25.475007751202188,-29.827903011392863,0,False,False
83b21dfffffffff,-26.064067573639555,-28.8916732995658,0,False,False
83b220fffffffff,-21.40251143769309,-27.12086615144591,0,False,False
83b221fffffffff,-22.00959430665501,-26.20745534854937,0,False,False
83b222fffffffff,-21.859916394646937,-28.2069777368614,0,False,False
83b223fffffffff,-22.471228128622823,-27.28642428460981,0,False,False
83b224fffffffff,-20.32432556204351,-26.956300872758625,0,False,False
83b225fffffffff,-20.940091131570664,-26.046033749340605,0,False,False
83b226fffffffff,-20.78259613563554,-28.03832846078108,0,False,False
83b228fffffffff,-23.654305505117616,-25.457734734026,0,False,False
83b229fffffffff,-24.22567519639185,-24.550465238794743,0,False,True
83b22afffffffff,-24.11899166203468,-26.53326407655404,0,False,False
83b22bfffffffff,-24.69458593762884,-25.61792427588418,0,False,False
83b22cfffffffff,-22.60359883009433,-25.298530264606303,0,False,False
83b22dfffffffff,-23.18432313091689,-24.39451183547859,0,False,True
83b22efffffffff,-23.06943108549133,-26.36986331274735,0,False,False
83b242fffffffff,-28.05414197857328,-23.86441659273052,0,False,False
83b250fffffffff,-28.28052508105989,-25.18410659834253,0,False,True
83b251fffffffff,-28.79918888248156,-24.268834029811835,0,False,False
83b252fffffffff,-28.741147695969165,-26.268666325017904,0,False,True
83b253fffffffff,-29.264294202197576,-25.34500813126865,0,False,True
83b254fffffffff,-27.28435747552035,-25.024208418846428,0,False,True
83b255fffffffff,-27.81286819825699,-24.112269662843776,0,False,False
83b256fffffffff,-27.747620425311027,-26.104469867296217,0,False,True
83b258fffffffff,-29.992607944008725,-24.18602709159133,0,False,False
83b259fffffffff,-30.47818535885204,-23.28514154004885,0,False,False
83b25afffffffff,-30.73424638575377,-24.58495036756237,0,False,False
83b25cfffffffff,-29.02958360957988,-24.02472646172387,0,False,False
83b25dfffffffff,-29.52516525369832,-23.12716421162128,0,False,False
83b25efffffffff,-29.77309520716008,-24.426391904346705,0,False,False
83b270fffffffff,-25.804539390076023,-23.80209327622348,0,False,False
83b271fffffffff,-26.06747612871177,-23.546742703592265,0,False,False
83b272fffffffff,-26.2761926926976,-24.865306704348505,0,False,True
83b274fffffffff,-24.78340611133056,-23.64846724553613,0,False,False
83b275fffffffff,-25.057081294360632,-23.389365517588143,0,False,False
83b276fffffffff,-25.25647171773845,-24.70739459068772,0,False,True
83b2c0fffffffff,-31.04393319004659,-29.770713033172047,0,False,False
83b2c1fffffffff,-31.57213369912931,-28.82215468051915,0,False,True
83b2c2fffffffff,-31.46571376053791,-30.90416139961383,0,False,False
83b2c3fffffffff,-31.9991903056932,-29.949670052246965,0,False,False
83b2c4fffffffff,-30.074681886132097,-29.592813645496875,0,False,False
83b2c5fffffffff,-30.612333911609944,-28.64738015654181,0,False,True
83b2c6fffffffff,-30.501122189675343,-30.72215821453073,0,False,False
83b2c8fffffffff,-33.02198048410686,-28.04961489385821,0,False,False
83b2c9fffffffff,-33.51126296736337,-27.105060632619043,0,False,False
83b2cafffffffff,-33.44957730666503,-29.17487583119693,0,False,True
83b2cbfffffffff,-33.944139466575685,-28.223300176057045,0,False,False
83b2ccfffffffff,-32.08567040590344,-27.87698736535437,0,False,True
83b2cdfffffffff,-32.58452809701512,-26.93570432335504,0,False,True
83b2cefffffffff,-32.51795725938907,-28.997984490499388,0,False,True
83b2d8fffffffff,-33.35189075657008,-31.2713648640382,0,False,False
83b2d9fffffffff,-33.88494159656873,-30.25640885224876,0,False,True
83b2dafffffffff,-33.82854294088914,-32.22346214613375,0,False,False
83b2dbfffffffff,-34.371629430974096,-31.195369485035773,0,False,False
83b2dcfffffffff,-32.41604523559207,-31.087228421428165,0,False,False
83b2ddfffffffff,-32.9402072414822,-30.129690639506297,0,False,True
83b2defffffffff,-32.82218249711808,-32.23405636434131,0,False,False
83b2e0fffffffff,-28.651908872474976,-28.30097197007062,0,False,False
83b2e1fffffffff,-29.194116030674955,-27.365386045448165,0,False,True
83b2e2fffffffff,-29.09172214511188,-29.415965940829672,0,False,False
83b2e3fffffffff,-29.63882376863354,-28.47365467002918,0,False,False
83b2e4fffffffff,-27.65193550336711,-28.129325804792785,0,False,False
83b2e5fffffffff,-28.203675510325017,-27.19692429961737,0,False,False
83b2e6fffffffff,-28.09538056779329,-29.240163960743484,0,False,False
83b2e8fffffffff,-30.6896124550996,-26.60012140404469,0,False,True
83b2e9fffffffff,-31.193228404257823,-25.669848927324765,0,False,False
83b2eafffffffff,-31.135418663036567,-27.70541106283574,0,False,True
83b2ebfffffffff,-31.643901723164017,-26.76739350495019,0,False,True
83b2ecfffffffff,-29.721926295250807,-26.43388125979488,0,False,True
83b2edfffffffff,-30.23530295950184,-25.506919929472183,0,False,False
83b2eefffffffff,-30.171472073538013,-27.53487946243475,0,False,True
83b2f1fffffffff,-29.52253605269394,-30.54121326094617,0,False,False
83b2f5fffffffff,-28.53026177754168,-30.36132091418293,0,False,False
83b300fffffffff,-16.0753822009231,-28.16103386531968,0,False,False
83b301fffffffff,-16.7576324753587,-27.281978016200178,0,False,False
83b302fffffffff,-16.492760286664087,-29.25197092799465,0,False,False
83b303fffffffff,-17.179071236750495,-28.36646722988431,0,False,False
83b304fffffffff,-14.965415906340748,-27.95675551243401,0,False,False
83b305fffffffff,-15.65483282574631,-27.080638348744213,0,False,False
83b306fffffffff,-15.381969506977146,-29.043677604951657,0,False,False
83b308fffffffff,-18.516657506466665,-26.60639068729265,0,False,False
83b309fffffffff,-19.167191345549867,-25.73259597565769,0,False,False
83b30afffffffff,-18.94266342393752,-27.688136188493832,0,False,False
83b30bfffffffff,-19.59736626465581,-26.80704656978761,0,False,False
83b30cfffffffff,-17.428300465562863,-26.40689936255341,0,False,False
83b30dfffffffff,-18.087011755743053,-25.53617627924774,0,False,False
83b30efffffffff,-17.853834834820574,-27.48447565741851,0,False,False
83b319fffffffff,-19.696025745342745,-27.87067705556803,0,False,False
83b31dfffffffff,-18.275682334190893,-28.573060102791786,0,False,False
83b320fffffffff,-13.432688983791204,-26.681412981619644,0,False,False
83b321fffffffff,-14.125003041198246,-25.81535934925896,0,False,False
83b322fffffffff,-13.850000980424214,-27.75362760752664,0,False,False
83b323fffffffff,-14.546241279264496,-26.88045168062401,0,False,False
83b324fffffffff,-12.315029399339748,-26.48351716820669,0,False,False
83b325fffffffff,-13.013852788314557,-25.62047263193292,0,False,False
83b326fffffffff,-12.72999063002432,-27.5516455224754,0,False,False
83b328fffffffff,-15.905885474245729,-25.1468077062025,0,False,False
83b32afffffffff,-16.333046915586063,-26.208567281537125,0,False,False
83b32efffffffff,-15.231678351466869,-26.0113890806653,0,False,False
83b332fffffffff,-13.963562209162475,-30.818122594238027,0,False,False
83b333fffffffff,-14.677859547302097,-29.92950994021152,0,False,False
83b350fffffffff,-20.868696935167343,-25.05791445042568,0,False,False
83b352fffffffff,-21.54305004220759,-25.140304244880948,0,False,False
83b353fffffffff,-22.132974273262853,-24.23952759418095,0,False,False
83b354fffffffff,-19.805133705486792,-24.86346346314816,0,False,False
83b356fffffffff,-20.23946950418824,-25.93018021103439,0,False,False
83b35afffffffff,-23.75160807762942,-23.49580670168394,0,False,True
83b35bfffffffff,-24.03592805952077,-23.23295276242005,0,False,False
83ba24fffffffff,-78.68922391275275,-113.78449008281316,0,False,False
83ba25fffffffff,-79.20193177939373,-118.68812151868478,0,False,False
83ba2dfffffffff,-79.16509870434493,-134.33079029338236,0,False,False
83bb08fffffffff,-80.21560864875555,-107.49207217076268,0,False,False
83bb09fffffffff,-80.8351405223807,-112.83758674351908,0,False,False
83bb0afffffffff,-79.15844242997699,-108.53000004362976,0,False,False
83bb0bfffffffff,-79.75679273639477,-113.36263401616026,0,False,False
83bb0cfffffffff,-80.56428690107981,-101.12959442918682,0,False,False
83bb0dfffffffff,-81.27973839260498,-106.1910238834402,0,False,False
83bb0efffffffff,-79.53095622536853,-102.8613038598023,0,False,False
83bb29fffffffff,-82.62421331064088,-96.15121980721828,0,False,False
83bb2afffffffff,-80.79064683081235,-94.3847128649172,0,False,False
83bb2bfffffffff,-81.59720088936348,-98.95474032256833,0,False,False
83bb46fffffffff,-82.89586080503261,-127.1860604292386,0,False,False
83bb50fffffffff,-80.71326425641583,-124.87464863888856,0,False,False
83bb51fffffffff,-81.0369851741751,-131.51459337516607,0,False,False
83bb52fffffffff,-79.63429585809101,-124.0920384286095,0,False,False
83bb53fffffffff,-79.97207321874576,-129.96633748039878,0,False,False
83bb54fffffffff,-81.37071282943049,-118.96052420663348,0,False,False
83bb55fffffffff,-81.80102875420454,-125.87212008903296,0,False,False
83bb56fffffffff,-80.2807066234687,-118.8085625687359,0,False,False
83bb58fffffffff,-80.31216976905765,-142.78306015841858,0,False,False
83bb5afffffffff,-79.31303254481092,-140.19692450436017,0,False,False
83bb5cfffffffff,-81.23572732932404,-138.61310766716423,0,False,False
83bb5efffffffff,-80.20176213186052,-136.2370164623765,0,False,False
83bb70fffffffff,-83.02035784704158,-111.27825164190142,0,False,False
83bb71fffffffff,-83.58176328249922,-119.4260283492812,0,False,False
83bb72fffffffff,-81.92337237710461,-112.16634130283757,0,False,False
83bb73fffffffff,-82.47130176876438,-119.15823995306089,0,False,False
83bb74fffffffff,-83.41800703945982,-102.27644687368856,0,False,False
83bb75fffffffff,-84.12454857395998,-110.04873702573602,0,False,False
83bb76fffffffff,-82.34842033862584,-104.51431652846902,0,False,False
83bc09fffffffff,-47.766046279419335,-6.595616469410195,0,False,False
83bc0bfffffffff,-47.67576335067908,-5.010051399691798,0,False,False
83bc49fffffffff,-41.31361755564274,-12.612500895650058,0,True,False
83bc4dfffffffff,-42.280595476144704,-13.228995189269568,0,True,False
83bc54fffffffff,-46.85919988013216,-7.546587267065014,0,False,False
83bc56fffffffff,-46.77707423662444,-5.99178775039927,0,False,False
83bc61fffffffff,-46.042851488449095,-14.397189371406226,0,True,False
83bc68fffffffff,-44.17733395290433,-14.502123040405916,0,True,False
83bc69fffffffff,-43.23994336581301,-15.241039394183714,0,True,False
83bc6bfffffffff,-43.23538382045151,-13.858776880238231,0,True,False
83bc6cfffffffff,-45.105835175379205,-15.159309118049686,0,True,False
83bc6dfffffffff,-44.167270265590815,-15.894169360458791,0,True,False
83bc6efffffffff,-45.113496754151534,-13.736320902861214,0,True,False
83bc72fffffffff,-47.833775568066606,-8.168109889757186,0,False,False
83bc73fffffffff,-46.91962775645427,-9.087404233723202,0,False,False
83bc99fffffffff,-46.88981000261492,9.06213641812609,0,False,False
83bce4fffffffff,-47.562398383854,-3.413706288539448,0,False,False
83bce6fffffffff,-47.4255111023116,-1.808970756904112,0,False,False
83bcf4fffffffff,-48.12253801436096,0.9022940733248566,0,False,False
83be8afffffffff,-66.70266781265086,164.66686441701833,0,False,False
83be99fffffffff,-65.5568795127256,164.87127671234342,0,False,False
83be9bfffffffff,-64.41882808251475,165.05720577204258,0,False,False
83bea9fffffffff,-70.8202901009072,166.8464123746764,0,False,False
83beabfffffffff,-69.65019588636774,166.96800676388256,0,False,False
83bf48fffffffff,-83.63431651929623,156.55084508175597,0,False,False
83bf49fffffffff,-83.87963225893117,146.1616280078236,0,False,False
83bf4afffffffff,-82.49983856967813,158.3933117163914,0,False,False
83bf4cfffffffff,-84.34903571961306,165.3609915522528,0,False,False
83bf4dfffffffff,-84.75253015144683,153.9370904801002,0,False,False
83bf4efffffffff,-83.19739802798728,165.93944119190098,0,False,False
83bf5dfffffffff,-82.03854034168994,166.35307421031965,0,False,False
83bf69fffffffff,-86.62530160729511,163.0568179589854,0,False,False
83bf6bfffffffff,-85.49222600685245,164.4949428453122,0,False,False
83c200fffffffff,-36.89586816137154,-17.717692122160813,0,True,False
83c202fffffffff,-36.76512826594037,-16.761500317568746,0,True,False
83c203fffffffff,-36.12806620966072,-17.574068336039293,0,False,False
83c204fffffffff,-37.44680545051966,-18.40428792605564,0,True,False
83c205fffffffff,-36.54516537080255,-18.58190372788245,0,False,False
83c206fffffffff,-37.5843019133627,-17.26670028534364,0,True,False
83c210fffffffff,-37.36566036851515,-15.244636748720222,0,True,False
83c211fffffffff,-36.62409219278219,-15.790794347369408,0,True,False
83c212fffffffff,-37.214955049470326,-14.238573764688493,0,False,False
83c213fffffffff,-36.47237336292609,-14.805811045726228,0,True,False
83c214fffffffff,-38.25401702487381,-15.692358015349892,0,True,False
83c215fffffffff,-37.505297671408414,-16.2361947163195,0,True,False
83c218fffffffff,-35.17244595655016,-16.398545119090393,0,True,False
83c219fffffffff,-34.54857559886324,-17.287312967531353,0,False,False
83c21afffffffff,-34.98774431929699,-15.355785411932528,0,True,False
83c21bfffffffff,-34.36655315712233,-16.255114901026367,0,False,False
83c21cfffffffff,-35.963485271004586,-16.54215443831452,0,True,False
83c21dfffffffff,-35.34567026188836,-17.430608112346402,0,False,False
83c21efffffffff,-35.787470947473665,-15.499444041256384,0,True,False
83c220fffffffff,-37.87656639947163,-19.33983114939096,0,False,False
83c222fffffffff,-38.24757084716338,-18.3539221282108,0,True,False
83c223fffffffff,-37.07484233922357,-19.365191287573182,0,False,False
83c224fffffffff,-38.43873942110134,-20.08932212061062,0,False,False
83c226fffffffff,-38.81521264181641,-19.08486610446114,0,True,False
83c22afffffffff,-35.70242062190877,-18.44073394529543,0,False,False
83c230fffffffff,-39.15150527387353,-16.767625233040256,0,True,False
83c231fffffffff,-38.20440455739042,-18.004186512957876,0,True,False
83c232fffffffff,-38.99447461665186,-16.312428622855013,0,True,False
83c233fffffffff,-38.28386824019349,-16.79858828794022,0,True,False
83c234fffffffff,-39.79498765904161,-17.53210791628899,0,True,False
83c235fffffffff,-39.07029023344252,-17.995495623848797,0,True,False
83c236fffffffff,-39.8732660739452,-16.278472502774978,0,True,False
83c288fffffffff,-33.52094906618414,-12.025911734078706,0,True,False
83c289fffffffff,-32.902660861672544,-12.95412367940327,0,True,False
83c28bfffffffff,-32.66420230726218,-11.883205282860146,0,True,False
83c28cfffffffff,-34.36227105380228,-12.168854504225871,0,False,False
83c28dfffffffff,-33.75043333964522,-13.097125474510673,0,True,False
83c2a8fffffffff,-35.400077152279856,-13.383795366786725,0,True,False
83c2a9fffffffff,-34.79130516889894,-14.302863004254684,0,True,False
83c2abfffffffff,-34.58288734948,-13.240349795063793,0,True,False
83c2acfffffffff,-36.309588102416456,-13.806827998002488,0,True,False
83c2adfffffffff,-35.59975246775066,-14.4464679965745,0,True,False
83c2d0fffffffff,-31.40563573948545,-13.730528884349846,0,True,False
83c2d2fffffffff,-31.16107215980366,-12.6687926873913,0,True,False
83c2d3fffffffff,-30.521122705082124,-13.587973430187391,0,False,False
83c2d4fffffffff,-32.27491195845995,-13.873296877173551,0,True,False
83c2d5fffffffff,-31.638242502245244,-14.783096658512056,0,False,False
83c2d6fffffffff,-32.03954099746112,-12.811345668971796,0,True,False
83c2e6fffffffff,-33.736696814036385,-17.14418440629518,0,False,False
83c2f0fffffffff,-33.34321996305747,-15.069049090873444,0,True,False
83c2f1fffffffff,-32.70991409341904,-15.968797593429503,0,False,False
83c2f2fffffffff,-33.12893602957557,-14.016276107508771,0,True,False
83c2f3fffffffff,-32.4983025959727,-14.925974197495767,0,False,False
83c2f4fffffffff,-34.173017789862165,-15.212319959821214,0,True,False
83c2f5fffffffff,-33.545728095471425,-16.11186524356049,0,False,False
83c2f6fffffffff,-33.96772076720718,-14.159465259829334,0,True,False
83c300fffffffff,-41.1380585633784,-22.27379398028051,0,False,False
83c302fffffffff,-41.52405109461504,-21.195060488167314,0,True,False
83c303fffffffff,-40.55040340192078,-21.43457214308664,0,False,False
83c304fffffffff,-41.729463156751386,-23.142943578692744,0,False,False
83c306fffffffff,-42.122367062079086,-22.04365061955122,0,True,False
83c30afffffffff,-39.00622732505356,-20.864583205426285,0,False,False
83c30efffffffff,-39.57860656805032,-21.66666774537453,0,False,False
83c310fffffffff,-42.527381366032415,-19.529150395126106,0,True,False
83c311fffffffff,-41.74759019257114,-19.984107512381225,0,True,False
83c312fffffffff,-42.636068129283686,-18.189104490652355,0,False,False
83c313fffffffff,-41.85886908208945,-18.67423190101331,0,True,False
83c314fffffffff,-43.1980869363265,-20.41411599385456,0,True,False
83c315fffffffff,-42.4037807057554,-20.85773085343474,0,True,False
83c316fffffffff,-43.3194197852597,-19.054134459358515,0,True,False
83c318fffffffff,-40.34047876523175,-19.585554254794243,0,True,False
83c319fffffffff,-39.38850633629247,-19.841234851497145,0,True,False
83c31afffffffff,-40.442549853119246,-18.322340273169388,0,True,False
83c31bfffffffff,-39.70364739908803,-18.777639835805022,0,True,False
83c31cfffffffff,-40.929912586435954,-20.37609745518905,0,True,False
83c31dfffffffff,-39.967052641686834,-20.62410053877301,0,False,False
83c31efffffffff,-41.09362341373792,-19.13932923843803,0,True,False
83c330fffffffff,-43.71988991909204,-22.69582954261676,0,True,False
83c331fffffffff,-42.72427621920576,-22.923111977692905,0,False,False
83c332fffffffff,-43.87022538700951,-21.330295869156807,0,True,False
83c333fffffffff,-43.0614726947021,-21.76127463262509,0,True,False
83c334fffffffff,-44.33482350967905,-23.61899257519634,0,False,False
83c335fffffffff,-43.32913420199901,-23.83472258660684,0,False,False
83c336fffffffff,-44.542979010810704,-22.278877047524148,0,False,False
83c360fffffffff,-34.88895488871338,-26.3318763380261,0,False,False
83c361fffffffff,-33.98584282423799,-26.16480878062221,0,False,False
83c364fffffffff,-35.401196114932,-27.200641888559225,0,False,False
83c365fffffffff,-34.42391389566181,-27.27546921743333,0,False,False
83c36cfffffffff,-33.06872768997306,-25.99878636648428,0,False,False
83c36dfffffffff,-32.137785797651986,-25.83380208079517,0,False,False
83c3a9fffffffff,-40.53118771354338,-17.0499926790197,0,True,False
83c3acfffffffff,-41.95561681712903,-17.354149238578792,0,False,False
83c3adfffffffff,-41.1932545191668,-17.84821766273473,0,True,False
83c4dafffffffff,-49.0694422344714,-1.9515202957299915,0,False,False
83c980fffffffff,-64.9496008165854,76.12796527644115,0,False,False
83c981fffffffff,-64.76175222500372,73.86109759106749,0,False,False
83c982fffffffff,-64.14529012568839,77.37874337902618,0,False,False
83c983fffffffff,-63.972640264047534,75.19336691883336,0,False,False
83c98afffffffff,-62.76346969787005,72.21258192156567,0,False,False
83c98efffffffff,-63.76444234975865,73.00724602496841,0,False,False
83c991fffffffff,-63.34286493990069,78.54187132413506,0,False,False
83c993fffffffff,-62.5437855356044,79.62538550479593,0,False,False
83c998fffffffff,-62.21719434909656,75.55151342336936,0,False,False
83c99afffffffff,-61.4453660312851,76.70124829813102,0,False,False
83c99cfffffffff,-63.18368730390265,76.43425705943999,0,False,False
83c99dfffffffff,-62.99074475338441,74.32258526200238,0,False,False
83c99efffffffff,-62.39652136813905,77.59180522026901,0,False,False
83ce10fffffffff,-41.1781485031848,-34.0061272484591,0,False,False
83ce12fffffffff,-40.64229318665365,-32.896106757672804,0,False,False
83ce13fffffffff,-40.100288456319,-34.042941715638,0,False,False
83ce14fffffffff,-42.25908080797429,-33.967969989336666,0,False,False
83ce16fffffffff,-41.71429962029666,-32.838622034182954,0,False,False
83ce30fffffffff,-43.89135330091217,-35.11488209546582,0,False,False
83ce32fffffffff,-43.34232488195302,-33.928395142686604,0,False,False
83ce34fffffffff,-44.98388257692203,-35.0959701357791,0,False,False
83ce36fffffffff,-44.42711026317547,-33.887322255674285,0,False,False
83ce88fffffffff,-35.896807593937645,-32.097645271756775,0,False,False
83ce89fffffffff,-35.34697748961269,-33.155600245468,0,False,False
83ce8afffffffff,-35.398462159837194,-31.11694858207949,0,False,False
83ce8bfffffffff,-34.85919611913675,-32.16155734992439,0,False,False
83ce8cfffffffff,-36.94075707040405,-32.03162683969119,0,False,False
83ce8dfffffffff,-36.39508258419309,-33.107119314640585,0,False,False
83ce98fffffffff,-35.41564984167054,-29.131111012743744,0,False,True
83ce99fffffffff,-34.900749710619166,-30.16436653781546,0,False,True
83ce9afffffffff,-34.90980419801745,-28.22040883082177,0,False,True
83ce9bfffffffff,-34.40432285847681,-29.23921167398512,0,False,True
83ce9cfffffffff,-36.43315023653364,-29.019565610895853,0,False,False
83ce9dfffffffff,-35.92319187272194,-30.069387889545705,0,False,True
83ce9efffffffff,-35.91611858984306,-28.09626934824721,0,False,True
83cea1fffffffff,-40.10407233893234,-31.819840019429744,0,False,False
83cea8fffffffff,-38.50909786045078,-33.00520518737905,0,False,False
83ceaafffffffff,-37.99039952946316,-31.96339636456269,0,False,False
83ceabfffffffff,-37.44934529095311,-33.05701523593266,0,False,False
83ceacfffffffff,-39.57365037026349,-32.951600620592814,0,False,False
83ceadfffffffff,-39.02624804643189,-34.07848301766862,0,False,False
83ceaefffffffff,-39.04506729927681,-31.892840979149504,0,False,False
83cf10fffffffff,-48.76608974861258,-33.70621085907735,0,False,False
83cf11fffffffff,-48.26065651788954,-35.034599086023206,0,False,False
83cf13fffffffff,-47.68292855256028,-33.754214064354514,0,False,False
83cf15fffffffff,-49.350001150963216,-35.01243595816745,0,False,False
83cf18fffffffff,-46.63421944918063,-36.348905422087135,0,False,False
83cf1afffffffff,-46.07680616329488,-35.07631596273173,0,False,False
83cf1bfffffffff,-45.53454095398789,-36.34398797250106,0,False,False
83cf1cfffffffff,-47.733088133030606,-36.35402304133158,0,False,False
83cf1efffffffff,-47.169328693394135,-35.05587501365111,0,False,False
83cf89fffffffff,-42.78892875267966,-32.779037481344346,0,False,False
83cf8cfffffffff,-44.369134935545226,-31.50065385771738,0,False,False
83cf8dfffffffff,-43.86542840657789,-32.71723603956619,0,False,False
83cf96fffffffff,-44.95176227472639,-24.57675290235023,0,False,False
83cfa8fffffffff,-46.02099287070662,-32.58646912346582,0,False,False
83cfa9fffffffff,-45.512659757483966,-33.84466467332205,0,False,False
83cfaafffffffff,-45.43897533887211,-31.413289953034777,0,False,False
83cfabfffffffff,-44.94303823124572,-32.65309179425704,0,False,False
83cfacfffffffff,-47.09852518185266,-32.51722174526834,0,False,False
83cfadfffffffff,-46.59819275011437,-33.80032892943517,0,False,False
83cfb0fffffffff,-47.22173763042969,-26.42130375214176,0,False,False
83cfb2fffffffff,-46.55587502637708,-25.331071166538816,0,False,False
83cfb4fffffffff,-48.114225239397165,-26.05853129755099,0,False,False
83cfb6fffffffff,-47.434722439060174,-24.947027917261263,0,False,False
83d16cfffffffff,-45.08100456696885,-16.56087449625468,0,True,False
83d16dfffffffff,-46.02031554394907,-15.830607967545305,0,True,False
83d8b2fffffffff,-84.92041354902423,141.2807788454325,0,False,False
83d8b6fffffffff,-85.84647044054819,149.9620657051405,0,False,False
83da90fffffffff,-84.6198905204595,-87.27284456876058,0,False,False
83da91fffffffff,-85.54738505764588,-79.85874629028582,0,False,False
83da92fffffffff,-84.48245944464628,-99.1511045799,0,False,False
83da96fffffffff,-83.63665700470044,-92.42204280566747,0,False,False
83da9cfffffffff,-86.36822449204463,-68.77632116711769,0,False,False
83de08fffffffff,-50.87620229689952,-15.335172126512616,0,False,False
83de09fffffffff,-49.98073661325629,-16.017616098557085,0,False,False
83de0afffffffff,-50.94945884282539,-13.62407901530506,0,False,False
83de0bfffffffff,-50.062451802980135,-14.3525776476531,0,False,False
83de0dfffffffff,-50.77833362017376,-17.035128994107755,0,False,False
83de19fffffffff,-50.99772042030056,-11.904816720011809,0,False,False
83de1bfffffffff,-51.02072153625261,-10.18043933637562,0,False,False
83de29fffffffff,-51.43548019013516,-19.81832499210252,0,False,False
83de2bfffffffff,-51.57547002845831,-18.099632821449788,0,False,False
83de40fffffffff,-47.23121465876801,-19.39308808188399,0,False,False
83de41fffffffff,-46.37257217390605,-19.91233599957233,0,False,False
83de42fffffffff,-47.35299271286745,-17.867493678053936,0,False,False
83de43fffffffff,-46.49847191992031,-18.425627402609376,0,False,False
83de44fffffffff,-47.96406838208688,-20.39939847050512,0,False,False
83de45fffffffff,-47.08999515839684,-20.904036008676933,0,False,False
83de46fffffffff,-48.10156781700946,-18.84774585261446,0,False,False
83de48fffffffff,-44.82411540131771,-19.46549334387771,0,True,False
83de49fffffffff,-44.00493096062934,-19.950477485053806,0,True,False
83de4bfffffffff,-44.1235116966122,-18.55777306588669,0,False,False
83de4cfffffffff,-45.52600026024991,-20.407239253491035,0,False,False
83de4dfffffffff,-44.69180147489917,-20.87940178815796,0,True,False
83de4efffffffff,-45.65539487370473,-18.957729280427536,0,False,False
83de50fffffffff,-48.31447179200696,-15.702776400850246,0,False,False
83de51fffffffff,-47.45480848687979,-16.329230696457476,0,False,False
83de52fffffffff,-48.388917098536005,-14.113896305651677,0,False,False
83de53fffffffff,-47.5362151572587,-14.780382877478946,0,False,False
83de54fffffffff,-49.09464089180919,-16.665588870786745,0,False,False
83de55fffffffff,-48.21854251723997,-17.28148402187674,0,False,False
83de56fffffffff,-49.18389116782342,-15.04465087381612,0,False,False
83de5cfffffffff,-46.6054415412915,-16.926106713074443,0,False,False
83de5dfffffffff,-45.766841945201634,-17.495330124764497,0,False,False
83de5efffffffff,-46.69302984164893,-15.415685745941214,0,False,False
83de60fffffffff,-48.52141446733856,-23.00504008119684,0,False,False
83de61fffffffff,-47.62994993934657,-23.450863806031137,0,False,False
83de62fffffffff,-48.695956811355735,-21.44628698822206,0,False,False
83de63fffffffff,-47.80664069026905,-21.934404103410746,0,False,False
83de64fffffffff,-49.233150386979936,-24.11755856985644,0,False,False
83de65fffffffff,-48.32723481280489,-24.543040877733617,0,False,False
83de66fffffffff,-49.425727852513226,-22.53551569478285,0,False,False
83de68fffffffff,-46.0661144897572,-22.840187589780616,0,False,False
83de69fffffffff,-45.21547176158703,-23.261060859497164,0,False,False
83de6afffffffff,-46.22826013259864,-21.38442205464316,0,False,False
83de6bfffffffff,-45.379170319206686,-21.84220085229312,0,False,False
83de6cfffffffff,-46.75164818608837,-23.87468711214303,0,False,False
83de6dfffffffff,-45.886768563538766,-24.2780561602203,0,False,False
83de6efffffffff,-46.929922982345815,-22.398478628890164,0,False,False
83de71fffffffff,-48.85011468764137,-19.86871001200172,0,False,False
83de72fffffffff,-49.87565195988576,-17.670955460499183,0,False,False
83de73fffffffff,-48.98320980557708,-18.274398285847223,0,False,False
83de74fffffffff,-50.51084333055827,-20.39037564236852,0,False,False
83de76fffffffff,-50.656347468210654,-18.721099210320567,0,False,False
83de88fffffffff,-50.859087985122365,-3.2940863206376885,0,False,False
83de89fffffffff,-50.04682467746794,-4.2733543394991305,0,False,False
83de8bfffffffff,-49.95972465300736,-2.6054676710686064,0,False,False
83de8cfffffffff,-51.76679825115978,-4.019992938859202,0,False,False
83de8dfffffffff,-50.93733708621386,-5.007783737488848,0,False,False
83dec4fffffffff,-48.48030436687141,-9.310208766155467,0,False,False
83dec6fffffffff,-48.46624200178919,-7.704896505619441,0,False,False
83ded0fffffffff,-48.37138071714378,-4.503209710117985,0,False,False
83ded4fffffffff,-49.23673786362289,-5.208415439375227,0,False,False
83ded5fffffffff,-48.42989035444287,-6.101731145739125,0,False,False
83ded6fffffffff,-49.16445314236797,-3.575513537620316,0,False,False
83dee0fffffffff,-49.29424333613695,-11.776410612240351,0,False,False
83dee1fffffffff,-48.44152754155573,-12.517208841129383,0,False,False
83dee2fffffffff,-49.314788423628094,-10.13432544454101,0,False,False
83dee3fffffffff,-48.47204437191654,-10.915150770860588,0,False,False
83dee4fffffffff,-50.12039013135881,-12.67855303763459,0,False,False
83dee5fffffffff,-49.25053496929629,-13.41406667976943,0,False,False
83dee6fffffffff,-50.15425078769115,-10.998345725025542,0,False,False
83deecfffffffff,-47.596845265437736,-13.223124443852647,0,False,False
83def0fffffffff,-50.149092602806526,-7.630883520446257,0,False,False
83def1fffffffff,-49.312046613403886,-8.490497273605659,0,False,False
83def2fffffffff,-50.11003545993734,-5.949434412451545,0,False,False
83def3fffffffff,-49.286000237076,-6.847629341862492,0,False,False
83def4fffffffff,-51.01831794649061,-8.45405609222678,0,False,False
83def5fffffffff,-50.163843770529645,-9.314822303955268,0,False,False
83def6fffffffff,-50.99048881853756,-6.728797969183813,0,False,False
83df02fffffffff,-51.00418849280391,-50.878584992754526,0,False,False
83df06fffffffff,-52.12987422828482,-51.01126950163613,0,False,False
83df10fffffffff,-51.03666704527497,-47.801635232883385,0,False,False
83df11fffffffff,-50.46719621512465,-49.30284712060184,0,False,False
83df13fffffffff,-49.907158164797714,-47.75712860200978,0,False,False
83df14fffffffff,-52.17295925564902,-47.84865469646297,0,False,False
83df15fffffffff,-51.595410747695965,-49.39066040604682,0,False,False
83df16fffffffff,-51.59164035097936,-46.24869877714936,0,False,False
83df1efffffffff,-49.34604970139766,-49.21964413811595,0,False,False
83df22fffffffff,-53.76596251810967,-52.85105678085836,0,False,False
83df26fffffffff,-54.89706295860405,-53.05162569715392,0,False,False
83df30fffffffff,-53.86972001076721,-49.58173858856476,0,False,False
83df31fffffffff,-53.261222809386574,-51.15157333033951,0,False,False
83df32fffffffff,-53.31519254396787,-47.898405916639895,0,False,False
83df33fffffffff,-52.72986976756747,-49.48347765154828,0,False,False
83df34fffffffff,-55.0140818613992,-49.68593595791778,0,False,False
83df35fffffffff,-54.39736831414572,-51.30017034358664,0,False,False
83df36fffffffff,-54.46249666446924,-47.95113400004325,0,False,False
83df41fffffffff,-51.3373960838586,-27.72249524711613,0,False,False
83df43fffffffff,-51.589665336841925,-26.075120687325,0,False,False
83df48fffffffff,-49.70881782493442,-26.85259463242272,0,False,False
83df49fffffffff,-48.78898224349848,-27.210498771739005,0,False,False
83df4afffffffff,-49.94061047076739,-25.27357648104137,0,False,False
83df4bfffffffff,-49.02060413554345,-25.67647005647775,0,False,False
83df4cfffffffff,-50.390570553747736,-28.0728245841037,0,False,False
83df4dfffffffff,-49.45775813885466,-28.40419734872064,0,False,False
83df4efffffffff,-50.64248544512686,-26.47469777811241,0,False,False
83df58fffffffff,-51.08386670695086,-23.195081453984493,0,False,False
83df59fffffffff,-50.15215276978655,-23.668869440611505,0,False,False
83df5afffffffff,-51.27134651858204,-21.517677954715552,0,False,False
83df5bfffffffff,-50.34251729212284,-22.040417499690783,0,False,False
83df5dfffffffff,-50.87392594594586,-24.84814227003434,0,False,False
83df68fffffffff,-50.77213402153645,-30.92157833184147,0,False,False
83df6afffffffff,-51.06449393112145,-29.33851741451056,0,False,False
83df6bfffffffff,-50.11925875644818,-29.64084244815346,0,False,False
83dfadfffffffff,-48.78524351906644,-47.71493865837935,0,False,False
83e100fffffffff,-56.71381048327034,41.860006500412965,0,True,False
83e101fffffffff,-56.23431664576013,40.0983996432115,0,True,False
83e102fffffffff,-56.04846414032239,43.50368836775956,0,True,False
83e103fffffffff,-55.5947576705495,41.73826832615876,0,True,False
83e106fffffffff,-57.172696043222594,43.68607586571488,0,True,False
83e108fffffffff,-54.63164080992677,38.38905554247459,0,True,False
83e109fffffffff,-54.12627013410162,36.80447057869928,0,True,False
83e10cfffffffff,-55.73639437726733,38.40105655703196,0,True,False
83e10dfffffffff,-55.22215808671503,36.767341815642986,0,True,False
83e10efffffffff,-55.12179946287992,40.03345881667262,0,True,False
83e114fffffffff,-56.88970046658861,47.21489017852431,0,False,False
83e115fffffffff,-56.48082051625611,45.32947809888754,0,True,False
83e12bfffffffff,-56.32511203051537,36.72784894540893,0,True,False
83e130fffffffff,-58.7415924468527,45.84023169104511,0,True,False
83e131fffffffff,-58.302457826828096,43.88094010854155,0,True,False
83e132fffffffff,-58.01970695230499,47.52978325905202,0,True,False
83e133fffffffff,-57.60874594917848,45.57629799503447,0,True,False
83e136fffffffff,-59.15391786489064,47.866757711573015,0,True,False
83e140fffffffff,-53.04135857367627,30.844552234074627,0,True,False
83e141fffffffff,-52.47415165142997,29.508783732207764,0,True,False
83e142fffffffff,-52.53758103649689,32.399220144477226,0,True,False
83e143fffffffff,-51.98960453735692,31.04236751923905,0,True,False
83e144fffffffff,-54.10070300903815,30.63523638138376,0,True,False
83e145fffffffff,-53.52085686494891,29.265939586019467,0,True,False
83e146fffffffff,-53.60144965876966,32.23649635152453,0,True,False
83e154fffffffff,-53.60760031295776,35.27879202441392,0,True,False
83e155fffffffff,-53.07745891023807,33.81084030915411,0,True,False
83e163fffffffff,-54.57450365614492,29.008926884438537,0,True,False
83e168fffffffff,-53.3713862583143,26.379953503669253,0,True,False
83e16afffffffff,-52.93492518884309,27.954014919551767,0,True,False
83e16cfffffffff,-54.370085829885,26.044476964934727,0,True,False
83e16dfffffffff,-53.60244106573804,24.77792144885744,0,True,False
83e16efffffffff,-53.975452494151774,27.665274007330225,0,True,False
83e172fffffffff,-54.69364241929149,35.19625295020168,0,True,False
83e173fffffffff,-54.15279124803209,33.686486090568266,0,True,False
83e425fffffffff,-64.39100265694022,72.31373995417893,0,False,False
83e428fffffffff,-62.282681905148365,67.18372749096675,0,True,False
83e429fffffffff,-62.17984897299141,64.66531638068695,0,True,False
83e42afffffffff,-61.29595630646924,68.55076050834897,0,True,False
83e42bfffffffff,-61.21931089298432,66.10307814804085,0,True,False
83e42cfffffffff,-63.33660296673264,68.34266635684324,0,True,False
83e42dfffffffff,-63.25302906751306,65.72792842075303,0,True,False
83e42efffffffff,-62.33972457669606,69.7198445901935,0,True,False
83e444fffffffff,-60.4882739831916,56.59654820383971,0,True,False
83e445fffffffff,-60.20643998726192,54.32754593826151,0,True,False
83e462fffffffff,-61.60715165687717,57.30719380150934,0,True,False
83e463fffffffff,-61.33330387953514,54.94680918984742,0,True,False
83e468fffffffff,-60.67309262764036,50.40272113390682,0,True,False
83e46afffffffff,-59.8886479381218,52.11347026697321,0,True,False
83e46bfffffffff,-59.53705106933345,49.95871105794682,0,True,False
83e46efffffffff,-61.02120473047451,52.64361693921967,0,True,False
83e470fffffffff,-60.93627966729122,61.2772664764412,0,True,False
83e471fffffffff,-60.73215330918546,58.91518080337036,0,True,False
83e474fffffffff,-62.03210913041062,62.17401977422705,0,True,False
83e475fffffffff,-61.840694287479245,59.71863757829183,0,True,False
83e476fffffffff,-61.09909344226143,63.67580688388186,0,True,False
83e50bfffffffff,-65.39417059540483,73.7548251911578,0,False,False
83e550fffffffff,-65.36914142874397,68.10377055304104,0,False,False
83e552fffffffff,-64.37909151107534,69.58766253192307,0,False,False
83e553fffffffff,-64.31678270702858,66.87123587925277,0,False,False
83e556fffffffff,-65.40803810809864,70.9273535926948,0,False,False
83e55afffffffff,-63.12214966815588,63.13801640927026,0,False,False
83e55bfffffffff,-62.945121940984336,60.58297106426794,0,False,False
83e55efffffffff,-64.20468552224436,64.17650190151649,0,False,False
83e664fffffffff,-52.46042989734499,1.281315732220184,0,True,False
83e665fffffffff,-52.31828207800675,-0.5669564576812144,0,True,False
83e702fffffffff,-54.177833234203135,19.730831772748072,0,True,False
83e703fffffffff,-54.325608238169785,17.97328945745777,0,True,False
83e706fffffffff,-55.01381110264604,20.95124513942009,0,True,False
83e708fffffffff,-54.54685772230941,14.358362511980896,0,True,False
83e709fffffffff,-54.61777412636111,12.50651784035182,0,True,False
83e70efffffffff,-54.44905509106993,16.18160087677201,0,True,False
83e710fffffffff,-53.00968543863114,21.923844179192344,0,False,False
83e711fffffffff,-53.17970612271272,20.25777154764529,0,True,False
83e714fffffffff,-53.81482698911646,23.13486276866733,0,True,False
83e715fffffffff,-54.00710238313487,21.451985643756394,0,True,False
83e71cfffffffff,-53.32812786070937,18.5565827535022,0,True,False
83e71dfffffffff,-53.453640446559696,16.82224683644466,0,True,False
83e71efffffffff,-52.3392881104628,19.10701714561257,0,True,False
83e732fffffffff,-54.605053601675344,24.38928107053396,0,False,False
83e733fffffffff,-54.82013750751083,22.69107072276135,0,False,False
83e741fffffffff,-55.56240229038009,3.839974592505056,0,False,False
83e742fffffffff,-54.65827284504187,6.813595329824296,0,True,False
83e743fffffffff,-54.61132686477993,4.882968820952074,0,True,False
83e748fffffffff,-54.42286311078644,0.9975147389873668,0,False,False
83e749fffffffff,-54.28062861412717,-0.9484395780328168,0,True,False
83e74afffffffff,-53.49855325023399,2.090919754514891,0,True,False
83e74bfffffffff,-53.37184890876261,0.1950020814204779,0,True,False
83e74cfffffffff,-55.46997279908256,1.8435661770222245,0,False,False
83e74dfffffffff,-55.34425067109722,-0.1555957681212957,0,False,False
83e74efffffffff,-54.53300586425097,2.942808153992746,0,False,False
83e750fffffffff,-53.70236025982523,9.60387197934104,0,True,False
83e751fffffffff,-53.69586617263332,7.744239265946448,0,True,False
83e754fffffffff,-54.66065438197483,10.62934164910507,0,True,False
83e755fffffffff,-54.67445839272256,8.730415634704107,0,True,False
83e758fffffffff,-52.65613079536629,4.970475168998746,0,True,False
83e759fffffffff,-52.57296530830918,3.128401762825412,0,True,False
83e75cfffffffff,-53.66014232713373,5.869598267450513,0,True,False
83e75dfffffffff,-53.59453794369072,3.9838205080308895,0,True,False
83e75efffffffff,-52.71032161480492,6.8037715053879655,0,True,False
83e768fffffffff,-57.457721816858665,1.5676959505311483,0,False,False
83e769fffffffff,-57.33253622318932,-0.5464652921114128,0,False,False
83e76afffffffff,-56.511774455460966,2.7363975759215595,0,False,False
83e76bfffffffff,-56.40375396958248,0.6819494044090801,0,False,False
83e76dfffffffff,-58.39838900536263,0.3289935962854172,0,False,False
83e880fffffffff,-59.4446543558138,-53.98913196374819,0,False,False
83e882fffffffff,-58.97179787285306,-51.99410946462908,0,False,False
83e883fffffffff,-58.30616245518941,-53.731840348082414,0,False,False
83e884fffffffff,-60.58260521788743,-54.264345144315016,0,False,False
83e886fffffffff,-60.11818762570528,-52.197637960228775,0,False,False
83e890fffffffff,-59.084249233127785,-48.19788236045717,0,False,False
83e891fffffffff,-58.46512385809628,-50.040053338040615,0,False,False
83e892fffffffff,-58.51724808084954,-46.2712834446857,0,False,False
83e893fffffffff,-57.925790460328,-48.130113498989765,0,False,False
83e895fffffffff,-59.61834120276603,-50.174307685228186,0,False,False
83e896fffffffff,-59.68035729499916,-46.27596230360319,0,False,False
83e898fffffffff,-56.68046439471003,-51.62536028758748,0,False,False
83e899fffffffff,-56.031416497239626,-53.264482104903166,0,False,False
83e89afffffffff,-56.16205300340442,-49.7966237344946,0,False,False
83e89bfffffffff,-55.53741970821776,-51.45781604519231,0,False,False
83e89cfffffffff,-57.8255719336042,-51.80376242367837,0,False,False
83e89dfffffffff,-57.168097409425,-53.49078438550632,0,False,False
83e89efffffffff,-57.31271230093265,-49.91442692999404,0,False,False
83e8a2fffffffff,-61.71903981480637,-54.55940579781273,0,False,False
83e8a6fffffffff,-62.85297862329446,-54.87652374652444,0,False,False
83e8b0fffffffff,-61.92337996318972,-50.47251044330376,0,False,False
83e8b1fffffffff,-61.26378032116713,-52.41576051978274,0,False,False
83e8b3fffffffff,-60.77141153345686,-50.31810878231466,0,False,False
83e8b4fffffffff,-63.07329368933333,-50.63872717270045,0,False,False
83e8b5fffffffff,-62.40761254644668,-52.65009815833195,0,False,False
83e980fffffffff,-67.34416956264472,-56.42309923299766,0,False,False
83e981fffffffff,-66.59529740919133,-58.55605934114335,0,False,False
83e982fffffffff,-66.94616869417763,-53.79182324618499,0,False,False
83e983fffffffff,-66.23001313421821,-55.98780064498654,0,False,False
83e984fffffffff,-69.85064736807144,-49.38923566397656,0,False,False
83e985fffffffff,-67.69419318296681,-59.10825259153788,0,False,False
83e986fffffffff,-68.0668863936165,-54.14223419415991,0,False,False
83e998fffffffff,-64.68615019275354,-53.17519243196414,0,False,False
83e999fffffffff,-63.98344049745358,-55.21824656339765,0,False,False
83e99bfffffffff,-63.548721891215465,-52.90252000996681,0,False,False
83e99cfffffffff,-65.81894636728093,-53.470640180713815,0,False,False
83e99dfffffffff,-65.10944484366574,-55.58752601385941,0,False,False
83e9a0fffffffff,-71.62878861356958,-51.22105506603245,0,False,False
83e9a1fffffffff,-71.18865844856829,-54.41618474617,0,False,False
83e9a2fffffffff,-70.9381403927868,-48.66729850739742,0,False,False
83e9a3fffffffff,-70.54096862418659,-51.83470762961242,0,False,False
83e9a4fffffffff,-72.7065409077444,-50.538344899052845,0,False,False
83e9a5fffffffff,-72.27513635873487,-53.92728418672986,0,False,False
83e9a6fffffffff,-72.01497131548987,-47.86748548284488,0,False,False
83e9b0fffffffff,-70.50657783648825,-43.02137363546693,0,False,False
83e9b1fffffffff,-70.20611537784511,-46.26278996591538,0,False,False
83e9b2fffffffff,-69.41708226561926,-49.10625623680834,0,False,False
83e9b4fffffffff,-71.56418276527617,-41.93921353901074,0,False,False
83e9b5fffffffff,-71.28059839267243,-45.36401722054586,0,False,False
83e9b6fffffffff,-70.74847145816392,-39.6803250839892,0,False,False
83eacafffffffff,-88.01436538311353,-173.83180467550503,0,False,False
83ead9fffffffff,-87.66731590512296,163.10931705716536,0,False,False
83eadbfffffffff,-87.04692996762402,147.6036288200139,0,False,False
83ec60fffffffff,-82.86380274642993,47.02781764890968,0,False,False
83ec61fffffffff,-82.3521771239164,39.61407898104096,0,False,False
83ec64fffffffff,-83.87439514601557,48.460256843763545,0,False,False
83ec65fffffffff,-83.37805703544228,39.850814694678256,0,False,False
83ec66fffffffff,-83.24122016398474,55.4360450418539,0,False,False
83ec6cfffffffff,-81.73259668820491,33.23196312872312,0,False,False
83ec6dfffffffff,-81.02901990959234,27.807552771794423,0,False,False
83ed40fffffffff,-86.86345300606268,76.86266150009416,0,False,False
83ed41fffffffff,-86.78140935087185,57.76604705963333,0,False,False
83ed42fffffffff,-85.96877096986952,83.36485193471646,0,False,False
83ed43fffffffff,-86.04372312581599,68.07515713210222,0,False,False
83ed44fffffffff,-87.55244237344859,90.94513849396094,0,False,False
83ed45fffffffff,-87.67606856443167,65.7031135903255,0,False,False
83ed46fffffffff,-86.60179427010395,94.91516250925102,0,False,False
83ed48fffffffff,-85.39214929710677,40.62087709389184,0,False,False
83ed49fffffffff,-84.76613855286527,30.600731092972005,0,False,False
83ed4afffffffff,-84.86736923747361,50.42507919912931,0,False,False
83ed4bfffffffff,-84.39154661222872,40.16934472665172,0,False,False
83ed4cfffffffff,-86.3793137844328,41.31057841590043,0,False,False
83ed4dfffffffff,-85.74801453344786,28.94095848672001,0,False,False
83ed4efffffffff,-85.83892320126779,53.2780811604773,0,False,False
83ed51fffffffff,-85.0282264494925,87.52175251369549,0,False,False
83ed55fffffffff,-85.62847975874793,97.16941367657692,0,False,False
83ed58fffffffff,-84.36222211332075,69.08173570257341,0,False,False
83ed59fffffffff,-84.21234493860972,58.3347303506192,0,False,False
83ed5bfffffffff,-83.45990298424049,64.62644191281386,0,False,False
83ed5cfffffffff,-85.20731647805763,75.0810885233898,0,False,False
83ed5dfffffffff,-85.15102778448286,62.32091108007037,0,False,False
83ed5efffffffff,-84.30860814713014,80.01603454556756,0,False,False
83ed60fffffffff,-88.92458017924692,119.62469653327244,0,False,False
83ed61fffffffff,-89.24138649059158,53.6110797240062,0,False,False
83ed62fffffffff,-87.99264799794389,112.93944472480231,0,False,False
83ed63fffffffff,-88.46388242052583,82.26614477079633,0,False,False
83ed64fffffffff,-88.69194718539346,164.1930276715024,0,False,False
83ed65fffffffff,-89.71339972402757,173.0514933316201,0,False,False
83ed66fffffffff,-88.03186693006158,140.24088734082602,0,False,False
83ed68fffffffff,-87.64969758169357,21.686247943589454,0,False,False
83ed6afffffffff,-87.35226236207998,42.49386526582635,0,False,False
83ed6bfffffffff,-86.71144208408411,26.3357369109351,0,False,False
83ed6efffffffff,-88.30924983076899,44.99174182879722,0,False,False
83ed70fffffffff,-86.29027736570804,123.21953731759484,0,False,False
83ed71fffffffff,-87.03693366782211,110.48144873331292,0,False,False
83ed72fffffffff,-85.34794889288156,119.59095092024376,0,False,False
83ed73fffffffff,-86.06483632587022,109.20938704363968,0,False,False
83ed75fffffffff,-87.19557491399202,129.15923586133482,0,False,False
83ee14fffffffff,-60.07310237442496,-13.151364869348727,0,False,False
83ee16fffffffff,-59.265710947596446,-11.45320350852504,0,False,False
83ee24fffffffff,-62.846619382653856,-21.28103182157625,0,False,False
83ee25fffffffff,-62.4451181369187,-23.69262696112549,0,False,False
83ee26fffffffff,-62.06020666967135,-19.3844580147802,0,False,False
83ee30fffffffff,-62.01644706971975,-14.45931361997419,0,False,False
83ee31fffffffff,-61.62061425405319,-16.812066826542544,0,False,False
83ee32fffffffff,-61.22365043080589,-12.621887644186708,0,False,False
83ee33fffffffff,-60.85896079977213,-14.93660841853774,0,False,False
83ee34fffffffff,-63.1701989734888,-13.945222772760925,0,False,False
83ee35fffffffff,-62.783855015139885,-16.394191517941533,0,False,False
83ee36fffffffff,-62.37052041422511,-12.053009169064604,0,False,False
83ee48fffffffff,-53.27949480640165,-44.60011027164284,0,False,False
83ee49fffffffff,-52.734961656490455,-46.251922136402285,0,False,False
83ee4cfffffffff,-54.43386805121555,-44.55387834921594,0,False,False
83ee4dfffffffff,-53.88386773380664,-46.25533620210715,0,False,False
83ee60fffffffff,-58.45743200205596,-42.4564607801383,0,False,False
83ee61fffffffff,-57.9188069791033,-44.39683765844776,0,False,False
83ee63fffffffff,-57.29050754929524,-42.57630209442829,0,False,False
83ee64fffffffff,-59.625209464158566,-42.328282691500775,0,False,False
83ee65fffffffff,-59.084571937402586,-44.337330542102514,0,False,False
83ee68fffffffff,-56.19485580505632,-46.2628084074835,0,False,False
83ee69fffffffff,-55.613977041221794,-48.007114269478336,0,False,False
83ee6afffffffff,-55.59250128629704,-44.50477854821515,0,False,False
83ee6bfffffffff,-55.03746960527397,-46.25895841455753,0,False,False
83ee6cfffffffff,-57.355096541830456,-46.26690836407655,0,False,False
83ee6dfffffffff,-56.76871870503412,-48.06665706639468,0,False,False
83ee6efffffffff,-56.75446348662253,-44.45253555407624,0,False,False
83ee80fffffffff,-54.50770727828189,-8.083445882583192,0,False,False
83ee82fffffffff,-53.66142723269933,-6.745780868038139,0,True,False
83ee84fffffffff,-55.62406044746937,-7.482902427306214,0,False,False
83ee85fffffffff,-55.34341590810561,-9.48549381667566,0,False,False
83ee86fffffffff,-54.76646811057066,-6.121222544671375,0,False,False
83ee90fffffffff,-53.02576472681921,-3.5893168460902283,0,True,False
83ee91fffffffff,-52.80655652293591,-5.469525119338808,0,True,False
83ee92fffffffff,-52.14643733226131,-2.412573591929526,0,True,False
83ee93fffffffff,-51.944971769729975,-4.251727431841879,0,False,False
83ee94fffffffff,-54.106215020756686,-2.890573841130081,0,True,False
83ee95fffffffff,-53.8997203130491,-4.824459622669558,0,True,False
83ee96fffffffff,-53.21425291329822,-1.6997870257026284,0,True,False
83eea0fffffffff,-57.59655134468168,-8.304136405583769,0,False,False
83eea1fffffffff,-57.30343522096936,-10.41437986705822,0,False,False
83eea2fffffffff,-56.73963186059132,-6.845826027694318,0,False,False
83eea3fffffffff,-56.470438678155176,-8.91284036324682,0,False,False
83eea4fffffffff,-58.72049416426415,-7.656018398299248,0,False,False
83eea5fffffffff,-58.439367559079486,-9.838676877967735,0,False,False
83eea6fffffffff,-57.85315023781281,-6.168951414024819,0,False,False
83eeb0fffffffff,-56.08327493566278,-3.421455742795753,0,False,False
83eeb1fffffffff,-55.87086407890838,-5.459957528155697,0,False,False
83eeb2fffffffff,-55.18505052685454,-2.1526509614132,0,False,False
83eeb3fffffffff,-54.99238551313233,-4.142769736193452,0,False,False
83eeb4fffffffff,-57.171062452087405,-2.6572093367353853,0,False,False
83eeb5fffffffff,-56.97333811876772,-4.758844597786954,0,False,False
83eeb6fffffffff,-56.26094864196658,-1.3724245257774883,0,False,False
83ef00fffffffff,-68.14382050729401,-16.69748725387011,0,False,False
83ef01fffffffff,-66.27759376169551,-19.59630928135177,0,False,False
83ef02fffffffff,-67.38733074286,-14.344843750262791,0,False,False
83ef03fffffffff,-65.47575540688216,-17.51494622489606,0,False,False
83ef04fffffffff,-69.2811269152349,-16.158073020752024,0,False,False
83ef05fffffffff,-68.86264985454174,-19.19881119828917,0,False,False
83ef06fffffffff,-68.52002735277452,-13.711742876285347,0,False,False
83ef08fffffffff,-64.75882720506486,-22.82498408501913,0,False,False
83ef09fffffffff,-64.33128276689433,-25.37113161358177,0,False,False
83ef0afffffffff,-63.99701654163645,-20.76339731186316,0,False,False
83ef0bfffffffff,-63.60457768464491,-23.27572443965247,0,False,False
83ef0cfffffffff,-65.90675619364892,-22.336175237263205,0,False,False
83ef0dfffffffff,-65.48798434355821,-24.99625283758232,0,False,False
83ef0efffffffff,-65.14106901279202,-20.20357492859186,0,False,False
83ef10fffffffff,-66.89597145814159,-9.28377563663175,0,False,False
83ef11fffffffff,-66.59700537243651,-12.135256568596928,0,False,False
83ef12fffffffff,-66.04062721170826,-7.285239111386801,0,False,False
83ef13fffffffff,-65.77651151016252,-10.062059202296458,0,False,False
83ef14fffffffff,-68.00523894707078,-8.435748028157784,0,False,False
83ef15fffffffff,-67.72367057089686,-11.423019310234768,0,False,False
83ef16fffffffff,-67.14151177200199,-6.381426988875319,0,False,False
83ef18fffffffff,-65.09779234922648,-15.454342816679704,0,False,False
83ef19fffffffff,-63.20551203302544,-18.80833076111766,0,False,False
83ef1afffffffff,-64.31902189594778,-13.390003459646811,0,False,False
83ef1bfffffffff,-63.943295434797314,-15.942980636304544,0,False,False
83ef1cfffffffff,-66.24619243264735,-14.923500675077838,0,False,False
83ef1dfffffffff,-64.34444402330851,-18.18695469869732,0,False,False
83ef1efffffffff,-65.46170230316109,-12.788632476900409,0,False,False
83ef20fffffffff,-71.13395555087553,-18.29300375319172,0,False,False
83ef21fffffffff,-70.68094932384594,-21.549705941831043,0,False,False
83ef22fffffffff,-70.4090777725099,-15.563125765597777,0,False,False
83ef23fffffffff,-68.52324573714237,-18.213802906845384,0,False,False
83ef24fffffffff,-72.25494722413345,-17.763071500381603,0,False,False
83ef25fffffffff,-71.81306982356485,-21.212640254469623,0,False,False
83ef26fffffffff,-71.52655821711686,-14.903755020893165,0,False,False
83ef28fffffffff,-67.78138760001582,-24.143796719498685,0,False,False
83ef29fffffffff,-67.33270219610418,-26.96374388625697,0,False,False
83ef2afffffffff,-67.04725080015751,-21.804343598563435,0,False,False
83ef2bfffffffff,-66.63836684995655,-24.588621572669645,0,False,False
83ef2cfffffffff,-68.91600942397719,-23.656506242024548,0,False,False
83ef2dfffffffff,-68.47658291543809,-26.618243686209176,0,False,False
83ef2efffffffff,-68.17919182843916,-21.223652743225312,0,False,False
83ef30fffffffff,-69.94587082599296,-9.788164312436924,0,False,False
83ef31fffffffff,-69.64308148661702,-13.016314016882474,0,False,False
83ef32fffffffff,-69.1028858169019,-7.508588600661233,0,False,False
83ef33fffffffff,-68.84040458580125,-10.64384460951787,0,False,False
83ef34fffffffff,-71.03867445645504,-8.84457345341891,0,False,False
83ef35fffffffff,-70.75526238336619,-12.249115327545756,0,False,False
83ef36fffffffff,-70.18741514373781,-6.491240475009571,0,False,False
83ef42fffffffff,-62.94327240026016,-37.46566556410319,0,False,False
83ef44fffffffff,-64.79049830275585,-39.27325736919138,0,False,False
83ef46fffffffff,-64.10177134410736,-37.11675561430334,0,False,False
83ef50fffffffff,-62.69363147866341,-28.08179623732709,0,False,False
83ef54fffffffff,-63.86095388884812,-27.83561231423043,0,False,False
83ef55fffffffff,-63.35056029267331,-30.213627808944008,0,False,False
83ef56fffffffff,-63.16931102629655,-25.717024285915937,0,False,False
83ef59fffffffff,-60.13659656674107,-40.24490756723893,0,False,False
83ef5cfffffffff,-61.781060473997904,-37.7887714288559,0,False,False
83ef60fffffffff,-66.24961930900935,-37.245107543867626,0,False,False
83ef62fffffffff,-65.94433853483687,-38.97838637607331,0,False,False
83ef64fffffffff,-67.39789895546858,-37.380641043224585,0,False,False
83ef65fffffffff,-66.74002489666924,-39.81824589378704,0,False,False
83ef66fffffffff,-66.86925362771562,-34.77884941312978,0,False,False
83ef70fffffffff,-65.67962085978434,-29.87020914364605,0,False,False
83ef71fffffffff,-65.25550370645092,-36.73885112122274,0,False,False
83ef72fffffffff,-65.02390625157601,-27.56903995634232,0,False,False
83ef73fffffffff,-64.51738240232116,-30.04891873621821,0,False,False
83ef74fffffffff,-66.83631869640203,-29.675638665242204,0,False,False
83ef75fffffffff,-66.29563815171628,-32.27414130194929,0,False,False
83ef76fffffffff,-66.18148543895168,-27.27945008382596,0,False,False
83ef80fffffffff,-62.25970587339988,-2.983865094937987,0,False,False
83ef81fffffffff,-62.06609244892898,-5.435033140119802,0,False,False
83ef82fffffffff,-61.33681984758339,-1.4801657880732295,0,False,False
83ef83fffffffff,-61.168008769505214,-3.860925887267341,0,False,False
83ef84fffffffff,-63.34230486444035,-2.043892409556481,0,False,False
83ef85fffffffff,-63.16793029991887,-4.586474628519871,0,False,False
83ef88fffffffff,-60.70313062800238,-8.567525920940419,0,False,False
83ef89fffffffff,-60.40827470981719,-10.878235145788649,0,False,False
83ef8afffffffff,-59.84096682453614,-6.964713326174033,0,False,False
83ef8bfffffffff,-59.57302557009948,-9.22434748132318,0,False,False
83ef8cfffffffff,-61.82836719209875,-7.86383761407748,0,False,False
83ef8dfffffffff,-61.547218122322114,-10.26200295988105,0,False,False
83ef8efffffffff,-60.95662776526536,-6.225978763056857,0,False,False
83ef91fffffffff,-60.401807476640776,-0.0683843481640825,0,False,False
83ef93fffffffff,-59.45703035619972,1.2580913552525004,0,False,False
83ef98fffffffff,-59.16717771403379,-3.2227557070916286,0,False,False
83ef99fffffffff,-58.96330023544315,-5.448636982462361,0,False,False
83ef9afffffffff,-58.25437271010771,-1.846377844851152,0,False,False
83ef9bfffffffff,-58.072566381723206,-4.014400269563332,0,False,False
83ef9cfffffffff,-60.25575238983775,-2.379608071740635,0,False,False
83ef9dfffffffff,-60.06872182884709,-4.680813595355948,0,False,False
83ef9efffffffff,-59.33178019689504,-0.9849244682596556,0,False,False
83efa0fffffffff,-65.34274265475774,-2.691229598465557,0,False,False
83efa1fffffffff,-65.1611086144882,-5.4183777309077366,0,False,False
83efa3fffffffff,-64.2606599852085,-3.67418686301296,0,False,False
83efa4fffffffff,-66.41257269606669,-1.629712356108031,0,False,False
83efa5fffffffff,-66.25288137896537,-4.470119463994164,0,False,False
83efa8fffffffff,-63.80908254977636,-8.887318437928016,0,False,False
83efa9fffffffff,-63.51247092012531,-11.440287197737486,0,False,False
83efaafffffffff,-62.947381021244176,-7.108317730490555,0,False,False
83efabfffffffff,-62.68125916971417,-9.600058778515356,0,False,False
83efacfffffffff,-64.92933643049702,-8.117949978178643,0,False,False
83efadfffffffff,-64.64823386205607,-10.778607912570106,0,False,False
83efaefffffffff,-64.05877591648888,-6.295314968499572,0,False,False
83f120fffffffff,-78.04097151757058,12.360405603158975,0,False,False
83f121fffffffff,-77.18695762207064,9.563618840000949,0,False,False
83f122fffffffff,-77.82685704574632,17.3791960858839,0,False,False
83f123fffffffff,-77.02798927435914,14.351301532119193,0,False,False
83f124fffffffff,-79.03299396397406,10.021564480832096,0,False,False
83f125fffffffff,-78.16385136196881,7.154065248628215,0,False,False
83f126fffffffff,-78.85247145716889,15.52619611828532,0,False,False
83f128fffffffff,-75.30874202143197,9.21422357227123,0,False,False
83f129fffffffff,-74.39712143827732,7.033455656004514,0,False,False
83f12cfffffffff,-76.2955843965145,7.08611270620094,0,False,False
83f12dfffffffff,-75.37119010215086,4.8840119118749055,0,False,False
83f12efffffffff,-76.18705148677263,11.642120146462045,0,False,False
83f160fffffffff,-71.40966158779038,-1.8512487101112527,0,False,False
83f161fffffffff,-70.366296153351,-3.145717942437724,0,False,False
83f162fffffffff,-71.49549519810935,1.6875484745549856,0,False,False
83f163fffffffff,-70.48183272379056,0.226320064951792,0,False,False
83f164fffffffff,-72.3106570565437,-4.131156677816391,0,False,False
83f165fffffffff,-71.25724033365866,-5.370617419759737,0,False,False
83f166fffffffff,-72.43411836547439,-0.4227531027712355,0,False,False
83f168fffffffff,-68.39841875365597,-2.3244354437763515,0,False,False
83f169fffffffff,-67.33253174462843,-3.4420595022049434,0,False,False
83f16bfffffffff,-67.46846548381119,-0.4806492742751822,0,False,False
83f16cfffffffff,-69.30597269692026,-4.3230244182266215,0,False,False
83f16dfffffffff,-68.23048655625726,-5.397514274172351,0,False,False
83f16efffffffff,-69.44880488630477,-1.105983024413736,0,False,False
83f170fffffffff,-72.47199160260973,6.991452275005452,0,False,False
83f171fffffffff,-71.515191878232,5.218918171342938,0,False,False
83f174fffffffff,-73.45571332847267,5.069357560828838,0,False,False
83f175fffffffff,-72.4875980958251,3.2951603434686594,0,False,False
83f204fffffffff,-81.02124974718998,-31.753073433789183,0,False,False
83f205fffffffff,-80.40341102000225,-37.35873093173309,0,False,False
83f208fffffffff,-77.63904062703793,-40.43793811702451,0,False,False
83f209fffffffff,-76.89416289819539,-44.190153365003134,0,False,False
83f20bfffffffff,-76.58390117114148,-39.72242230334722,0,False,False
83f20cfffffffff,-78.67975014676547,-41.273871958548845,0,False,False
83f20dfffffffff,-77.92616001494342,-45.26946763109412,0,False,False
83f220fffffffff,-82.42158629618908,-39.037144750459845,0,False,False
83f221fffffffff,-81.70383859070017,-44.90228211005549,0,False,False
83f222fffffffff,-82.03959090778169,-31.89025179407584,0,False,False
83f223fffffffff,-81.4203396640918,-38.1057498461206,0,False,False
83f226fffffffff,-83.04363030981871,-32.06454893985932,0,False,False
83f228fffffffff,-79.93725337550744,-48.02082434493653,0,False,False
83f229fffffffff,-79.10639980705663,-51.92629065944986,0,False,False
83f22afffffffff,-79.7049841021973,-42.26294970632758,0,False,False
83f22bfffffffff,-78.94108969628856,-46.530237108451296,0,False,False
83f22cfffffffff,-80.91251584272136,-49.807666839993225,0,False,False
83f22dfffffffff,-80.0650433657123,-53.91451390884683,0,False,False
83f22efffffffff,-80.71352029463212,-43.45070777797112,0,False,False
83f235fffffffff,-82.55028932112035,-24.75736407659457,0,False,False
83f240fffffffff,-74.49290307465141,-57.055303336096586,0,False,False
83f242fffffffff,-74.40160890033343,-53.16856599557538,0,False,False
83f243fffffffff,-73.50907483619224,-55.54297694788662,0,False,False
83f246fffffffff,-75.39811165162826,-54.629773777704266,0,False,False
83f24bfffffffff,-73.35207923586643,-53.381156775961024,0,False,False
83f250fffffffff,-75.06286251427848,-46.435858057004246,0,False,False
83f251fffffffff,-74.2405731167454,-49.29479376117279,0,False,False
83f254fffffffff,-76.100858542639,-47.53350247957387,0,False,False
83f255fffffffff,-75.2675922061689,-50.51199730666152,0,False,False
83f256fffffffff,-75.84651608408207,-43.25637562927723,0,False,False
83f258fffffffff,-72.35402144661482,-50.70160143073063,0,False,False
83f259fffffffff,-73.07990871860736,-46.97684635420105,0,False,False
83f25afffffffff,-72.60678953332473,-40.74056302491365,0,False,False
83f25bfffffffff,-72.34243079413399,-44.368003900196,0,False,False
83f25cfffffffff,-73.38629992190401,-51.867068544116165,0,False,False
83f25dfffffffff,-72.50580294238601,-54.18479264334141,0,False,False
83f25efffffffff,-73.19730922156523,-48.21337643134628,0,False,False
83f270fffffffff,-77.26585642787511,-53.46417456530882,0,False,False
83f271fffffffff,-76.37371040699138,-56.27970861065514,0,False,False
83f272fffffffff,-77.12198851535663,-48.78916528285267,0,False,False
83f273fffffffff,-76.27667101241272,-51.89093696703409,0,False,False
83f274fffffffff,-78.23283443249896,-55.27292728172169,0,False,False
83f275fffffffff,-77.32595479046604,-58.15410902945724,0,False,False
83f276fffffffff,-78.12452502456348,-50.23810167754056,0,False,False
83f280fffffffff,-75.86822325031656,-11.36216313424542,0,False,False
83f281fffffffff,-75.547202915959,-15.740690340523877,0,False,False
83f282fffffffff,-75.0686541726094,-8.19361506574417,0,False,False
83f283fffffffff,-74.80455443965737,-12.417143572219308,0,False,False
83f284fffffffff,-76.91502673933859,-10.154075303814066,0,False,False
83f285fffffffff,-76.61753867584379,-14.870619581021684,0,False,False
83f286fffffffff,-76.10562327691868,-6.835969441900272,0,False,False
83f288fffffffff,-74.04691826463092,-20.411486359762502,0,False,False
83f289fffffffff,-72.25912474189631,-21.869989460596585,0,False,False
83f28afffffffff,-73.36483343338723,-17.16957929158922,0,False,False
83f28bfffffffff,-72.93534842250672,-20.83572432051285,0,False,False
83f28cfffffffff,-75.14692532006421,-19.93047417975484,0,False,False
83f28dfffffffff,-74.67281911174857,-23.901835116187257,0,False,False
83f28efffffffff,-74.46260041373412,-16.50051634624259,0,False,False
83f290fffffffff,-74.36062282042604,-1.2176315297643934,0,False,False
83f291fffffffff,-74.22579308196902,-5.334627649064743,0,False,False
83f292fffffffff,-73.43751666929381,1.1596353403403734,0,False,False
83f293fffffffff,-73.34580588503938,-2.754264491866415,0,False,False
83f294fffffffff,-75.35277401031239,0.5056044067745522,0,False,False
83f295fffffffff,-75.25192097807603,-3.8704121098414936,0,False,False
83f296fffffffff,-74.41745127487015,2.919348174030395,0,False,False
83f298fffffffff,-72.9418448590233,-10.45138114697262,0,False,False
83f299fffffffff,-72.63242868556429,-14.169104600720503,0,False,False
83f29afffffffff,-72.1173415653789,-7.799391488582957,0,False,False
83f29bfffffffff,-71.85529582592683,-11.398755256779834,0,False,False
83f29cfffffffff,-74.01348260508206,-9.39000605712008,0,False,False
83f29dfffffffff,-73.72550888028783,-13.34579099920118,0,False,False
83f29efffffffff,-73.18029055020347,-6.636101101686241,0,False,False
83f2a2fffffffff,-77.94325890220261,-8.758293328977935,0,False,False
83f2a3fffffffff,-77.67241019715249,-13.864938862770096,0,False,False
83f2a6fffffffff,-78.95089159581404,-7.129511106466591,0,False,False
83f2aafffffffff,-76.2345192178085,-19.38055744274412,0,False,False
83f2b0fffffffff,-77.23688052828444,-0.325616691459002,0,False,False
83f2b1fffffffff,-77.12239711457626,-5.283996042135546,0,False,False
83f2b2fffffffff,-76.31956989437009,2.447864386602636,0,False,False
83f2b3fffffffff,-76.2564738668651,-2.21321953546825,0,False,False
83f2b4fffffffff,-78.19006412911871,1.838944754214764,0,False,False
83f2b5fffffffff,-78.11661988324403,-3.495609327402399,0,False,False
83f2b6fffffffff,-77.2578528413519,4.648298372494208,0,False,False
83f2c0fffffffff,-71.41935008829772,-34.893867121354965,0,False,False
83f2c2fffffffff,-70.86755022920391,-31.858513043516044,0,False,False
83f2c3fffffffff,-70.29401608976163,-34.86069425967361,0,False,False
83f2c6fffffffff,-71.98961568443161,-31.72572852880239,0,False,False
83f2c9fffffffff,-68.85165757266479,-38.786143764707305,0,False,False
83f2cafffffffff,-68.53950784016327,-37.52899122193779,0,False,False
83f2cdfffffffff,-69.89842642833696,-37.58043718850994,0,False,False
83f2d0fffffffff,-70.73852322231751,-25.81936840666194,0,False,False
83f2d1fffffffff,-70.26393303877596,-28.972472813121165,0,False,False
83f2d2fffffffff,-70.04119823260413,-23.12044608441839,0,False,False
83f2d3fffffffff,-69.61217038433787,-26.23855211443917,0,False,False
83f2d4fffffffff,-71.85471362517465,-25.354245920468657,0,False,False
83f2d5fffffffff,-71.38936063569012,-28.68756484803987,0,False,False
83f2d6fffffffff,-71.15591832808477,-22.528018713709123,0,False,False
83f2d8fffffffff,-68.5966830247384,-32.08612900994717,0,False,False
83f2d9fffffffff,-68.01815135045284,-34.80359596114068,0,False,False
83f2dafffffffff,-67.98654014804002,-29.463002864507,0,False,False
83f2dbfffffffff,-67.44950536981999,-32.18441051837748,0,False,False
83f2dcfffffffff,-69.73630795665657,-31.97801406101481,0,False,False
83f2ddfffffffff,-69.16001699427079,-34.830754060008594,0,False,False
83f2defffffffff,-69.12937346727016,-29.22967005122072,0,False,False
83f2f0fffffffff,-73.60952367643964,-28.01461968237448,0,False,False
83f2f1fffffffff,-73.10174793007121,-31.577317020251307,0,False,False
83f2f2fffffffff,-72.95982288199656,-24.8352679300759,0,False,False
83f2f3fffffffff,-72.50482560357392,-28.370229466794548,0,False,False
83f35afffffffff,-79.1747838455985,-57.36979469395322,0,False,False
83f382fffffffff,-81.79751635063829,7.373425672009767,0,False,False
83f386fffffffff,-82.61556286501104,11.55592587232423,0,False,False
83f390fffffffff,-80.63700082333233,17.1173473792972,0,False,False
83f391fffffffff,-80.84358355694401,10.647851747409195,0,False,False
83f392fffffffff,-79.61532126842565,19.115529579957627,0,False,False
83f393fffffffff,-79.8596783853334,13.31725728288227,0,False,False
83f394fffffffff,-81.3564712790763,21.50499440273827,0,False,False
83f395fffffffff,-81.6390566504341,14.65425819137922,0,False,False
83f396fffffffff,-80.3222529030284,23.184994403485003,0,False,False
83f398fffffffff,-80.02519378316453,1.022467612619993,0,False,False
83f399fffffffff,-79.93541760565762,-5.207505880938696,0,False,False
83f39afffffffff,-79.11225827534066,4.338469833599329,0,False,False
83f39bfffffffff,-79.08542059087505,-1.4167678748538048,0,False,False
83f39cfffffffff,-80.93128196730308,3.913080668483446,0,False,False
83f39efffffffff,-79.99875741633663,7.245109762890846,0,False,False
83f3a2fffffffff,-84.34546825114381,12.99015321388186,0,False,False
83f3a4fffffffff,-86.0281358555896,15.589074979175436,0,False,False
83f3a6fffffffff,-85.05640171933777,19.94507566129302,0,False,False
83f3b0fffffffff,-83.03962560323963,24.98563088001354,0,False,False
83f3b1fffffffff,-83.37403132816965,16.651206914101905,0,False,False
83f3b2fffffffff,-82.04231376132698,26.56576455990056,0,False,False
83f3b3fffffffff,-82.37528066261156,19.389097510253087,0,False,False
83f3b4fffffffff,-83.76865924751976,31.748899021992607,0,False,False
83f3b5fffffffff,-84.05738897594775,22.88183057417333,0,False,False
83f3b6fffffffff,-82.75713082754298,32.58979842567332,0,False,False
