name,lat,lon,state,in_margin,in_basin
830068fffffffff,30.508215681360408,18.73056882361629,1,False,False
830069fffffffff,30.28802524638533,17.506061013380652,1,False,False
83006bfffffffff,31.24768416034412,17.861192091995907,1,False,False
83006cfffffffff,29.77082999523419,19.57794840296528,1,False,False
83006dfffffffff,29.561140675232807,18.36526154873516,1,False,False
830120fffffffff,27.26623859493756,23.40525519611261,1,False,False
830121fffffffff,27.37984865545056,22.26709934903899,1,False,False
830124fffffffff,26.449607776231428,23.80025739702084,1,False,False
830125fffffffff,26.56356963207423,22.68137368436212,1,False,False
830126fffffffff,27.14405023524054,24.53556721125491,1,False,False
83012cfffffffff,27.484624588390925,21.12192467737541,1,False,False
830134fffffffff,27.70355859304475,26.421317496401816,1,False,False
830136fffffffff,28.397003782506182,27.20385081488804,1,False,False
83020bfffffffff,35.27308511045599,2.760299730429015,1,False,False
83021bfffffffff,37.13749957712737,-0.0238143079717862,1,False,False
830248fffffffff,28.198534643627696,5.050411234906493,1,False,False
830249fffffffff,27.059654448864656,5.211312996350993,1,False,False
83024bfffffffff,27.51725574899213,4.008083049009601,1,False,False
83024dfffffffff,27.73330548387928,6.252297058949532,1,False,False
830250fffffffff,33.1089226161011,3.130191849938577,1,False,False
830252fffffffff,33.534615835930154,1.868023167803506,1,False,False
830253fffffffff,32.4407265059562,2.0589036073927605,1,False,False
830256fffffffff,34.1968654870318,2.946641102227887,1,False,False
83025afffffffff,30.64880273172207,1.1910197384614736,1,False,False
83025bfffffffff,29.52914834409756,1.3832828597287832,1,False,False
83025efffffffff,31.33603227033985,2.246976139732064,1,False,False
830260fffffffff,28.32074357340085,7.406700919277016,1,False,False
830264fffffffff,28.71365148767965,8.565390760070935,1,False,False
830265fffffffff,27.61714077299121,8.412743380188594,1,False,False
830281fffffffff,40.23626385187039,-4.507125585910809,1,False,False
830283fffffffff,40.5494138957833,-5.884610835039198,1,False,False
830288fffffffff,38.54297917921389,-5.290582588599256,1,False,False
830289fffffffff,37.52345784777286,-5.040264062723124,1,False,False
83028afffffffff,38.85177443168546,-6.615397629912038,1,False,False
83028bfffffffff,37.84111031904863,-6.355525798789443,1,False,False
83028cfffffffff,39.2306916769836,-4.211692598305066,1,False,False
83028dfffffffff,38.21691917698844,-3.96762565081236,1,False,False
83028efffffffff,39.54805946325733,-5.544536398746739,1,False,False
830298fffffffff,40.12984768251847,-8.213608866197777,1,False,False
830299fffffffff,39.14316778937599,-7.94065661031885,1,False,False
83029afffffffff,40.39637910187826,-9.583639978357546,1,False,False
83029bfffffffff,39.417086885218005,-9.264942521456293,1,False,False
83029cfffffffff,40.84521057411204,-7.270610785687758,1,False,False
83029dfffffffff,39.84781407358838,-6.878990451653378,1,False,False
83029efffffffff,41.12328758935232,-8.663569319464065,1,False,False
8302a8fffffffff,39.559696025770094,-1.7836230627327954,1,False,False
8302a9fffffffff,38.543877871519,-1.556557895047489,1,False,False
8302aafffffffff,39.90619281894523,-3.139652811647707,1,False,False
8302abfffffffff,38.89588452154447,-2.8818944978403453,1,False,False
8302c0fffffffff,34.02402157737846,-3.026067387142591,1,False,False
8302c1fffffffff,32.94385306461942,-2.7990256676279204,1,False,False
8302c2fffffffff,34.3825448634947,-4.310445672951782,1,False,False
8302c3fffffffff,33.309796252636936,-4.074000667392163,1,False,False
8302c4fffffffff,34.7253690087561,-1.966348707141297,1,False,False
8302c5fffffffff,33.65017549749089,-1.7457068806599445,1,False,False
8302c6fffffffff,35.091962110392615,-3.256383778746049,1,False,False
8302c8fffffffff,31.12914574717818,-3.610974146885396,1,False,False
8302c9fffffffff,30.022579555656947,-3.3842711301245942,1,False,False
8302cafffffffff,31.494752160552714,-4.870731040360989,1,False,False
8302cbfffffffff,30.39508891677345,-4.635080551058327,1,False,False
8302ccfffffffff,31.852077912959924,-2.575196253955016,1,False,False
8302cdfffffffff,30.74936417700461,-2.3545181399169826,1,False,False
8302cefffffffff,32.22511494181443,-3.8408639556441417,1,False,False
8302d0fffffffff,35.77748527079899,-5.846675337792296,1,False,False
8302d1fffffffff,34.725431277255936,-5.597565073529212,1,False,False
8302d2fffffffff,36.09590392898895,-7.144302263952857,1,False,False
8302d3fffffffff,35.05242769049848,-6.886132424847232,1,False,False
8302d4fffffffff,36.48990133293904,-4.79351267215799,1,False,False
8302d5fffffffff,35.442763142150824,-4.550261667017591,1,False,False
8302d6fffffffff,36.81620407790318,-6.099307188778573,1,False,False
8302d8fffffffff,32.92682714053971,-6.380333050259763,1,False,False
8302d9fffffffff,31.84584824431584,-6.132580221340666,1,False,False
8302dafffffffff,33.25494405186283,-7.651650946148613,1,False,False
8302dbfffffffff,32.18215616509146,-7.395300969893339,1,False,False
8302dcfffffffff,33.660567555877364,-5.351912495311101,1,False,False
8302ddfffffffff,32.58346754276536,-5.109654955470432,1,False,False
8302defffffffff,33.99588579614242,-6.631496761086712,1,False,False
8302e0fffffffff,35.02261684363973,0.3932005322699257,1,False,False
8302e1fffffffff,33.94625910200988,0.5970888396537796,1,False,False
8302e2fffffffff,35.41310616166631,-0.8953816032722567,1,False,False
8302e3fffffffff,34.34333201689801,-0.6814401807646355,1,False,False
8302e4fffffffff,35.68737187721822,1.477600954424109,1,False,False
8302e5fffffffff,34.61703673091346,1.6742757988517214,1,False,False
8302e6fffffffff,36.086546237073264,0.1862540833654344,1,False,False
8302e8fffffffff,32.16787167407796,-0.2628494468615894,1,False,False
8302e9fffffffff,31.06347232164068,-0.0580774271925154,1,False,False
8302eafffffffff,32.56307864097378,-1.5282344704629764,1,False,False
8302ebfffffffff,31.464722856775943,-1.3138698059166147,1,False,False
8302ecfffffffff,32.858068349392546,0.7979812445714929,1,False,False
8302edfffffffff,31.7586868598827,0.9959384651316546,1,False,False
8302eefffffffff,33.26138047840674,-0.4706168242379209,1,False,False
8302f0fffffffff,36.8377049490335,-2.417394497566364,1,False,False
8302f1fffffffff,35.78806194348177,-2.190223055130539,1,False,False
8302f2fffffffff,37.188912433746005,-3.727097015133391,1,False,False
8302f3fffffffff,36.14710093711609,-3.4900385973150616,1,False,False
8302f4fffffffff,37.51387970351247,-1.33287454243647,1,False,False
8302f5fffffffff,36.47013027575569,-1.112504680853197,1,False,False
8302f6fffffffff,37.873796842125365,-2.64792910865832,1,False,False
830340fffffffff,30.86568840918654,12.187193613967166,1,False,False
830341fffffffff,29.80784181767457,12.013563583465546,1,False,False
830343fffffffff,30.52500106600502,11.037165976786458,1,False,False
830344fffffffff,31.191940563653063,13.330303411128588,1,False,False
830345fffffffff,30.144245100249734,13.150701848381088,1,False,False
830348fffffffff,28.379148662427667,10.704218145155794,1,False,False
830349fffffffff,27.29128930637789,10.540625782842318,1,False,False
83034afffffffff,29.092524169764737,9.720034551457864,1,False,False
83034bfffffffff,28.00503447548529,9.560867384563547,1,False,False
83034cfffffffff,28.739408837722607,11.841921144376975,1,False,False
83034dfffffffff,27.661012809335944,11.67223539067339,1,False,False
83034efffffffff,29.457268994594784,10.86972125583681,1,False,False
830358fffffffff,31.56717104445283,10.543974279080247,1,False,False
830359fffffffff,29.800237497043742,8.719871481875883,1,False,False
83035dfffffffff,30.1698461128741,9.88109186208858,1,False,False
830360fffffffff,30.77477249846994,15.401586342063116,1,False,False
830361fffffffff,29.73700882947044,15.212815019136489,1,False,False
830362fffffffff,31.492164206989127,14.488775847708707,1,False,False
830363fffffffff,30.466525717589164,14.280307506233443,1,False,False
830364fffffffff,31.01645794772057,16.625222761523016,1,False,False
830365fffffffff,30.04201080568944,16.319760056865444,1,False,False
830366fffffffff,31.74561706916892,15.722351352283855,1,False,False
830368fffffffff,28.35973095487668,13.915767266036276,1,False,False
830369fffffffff,27.29142773114588,13.736515375160486,1,False,False
83036afffffffff,29.08578721831736,12.97312827048499,1,False,False
83036bfffffffff,28.01716445082106,12.79755187576818,1,False,False
83036cfffffffff,28.68874188707261,15.026105361425008,1,False,False
83036dfffffffff,27.630557445210574,14.84142767881939,1,False,False
83036efffffffff,29.418300748800466,14.097021295356914,1,False,False
830512fffffffff,52.79278029207367,27.60662016742246,1,False,False
830516fffffffff,51.72498992340985,28.33847705904481,1,False,False
830580fffffffff,56.64282711833227,30.59489648626988,1,False,False
830581fffffffff,56.81556450702114,28.502457464006163,1,False,False
830582fffffffff,57.538338407604776,31.965731266631515,1,False,False
830583fffffffff,57.736035032516,29.835285620469595,1,False,False
830584fffffffff,55.54845659432499,31.30959972215797,1,False,False
830585fffffffff,55.73027777303149,29.28441646252386,1,False,False
830586fffffffff,56.43663962883529,32.65437419140426,1,False,False
83058cfffffffff,56.95359662777046,26.38196191429007,1,False,False
83058efffffffff,57.89838219410569,27.67181456226259,1,False,False
830590fffffffff,58.15695548594466,35.5231256443466,1,False,False
830591fffffffff,58.41500117675996,33.39950670805496,1,False,False
830592fffffffff,58.98552943842034,37.051318455050826,1,False,False
830593fffffffff,59.27098195738794,34.89873576320783,1,False,False
830594fffffffff,57.04281595338088,36.10815676861717,1,False,False
830595fffffffff,57.3067304837338,34.058159027591216,1,False,False
830596fffffffff,57.86644209945768,37.59886143572856,1,False,False
83059cfffffffff,58.63878796873788,31.23235357407518,1,False,False
83059dfffffffff,58.82668358629463,29.026691278189112,1,False,False
83059efffffffff,59.5219563761916,32.69663421506808,1,False,False
8305a0fffffffff,53.557888989707415,30.71747279304357,1,False,False
8305a1fffffffff,53.7248108611165,28.788025624795864,1,False,False
8305a2fffffffff,54.4542559411119,31.983059418512216,1,False,False
8305a3fffffffff,54.64393669450275,30.021582472520745,1,False,False
8305a4fffffffff,52.47341677599923,31.37527060877918,1,False,False
8305a5fffffffff,52.64758242198969,29.50329319815983,1,False,False
8305a6fffffffff,53.361494911332805,32.61857455629948,1,False,False
8305aafffffffff,55.87920955067261,27.23088462361789,1,False,False
8305acfffffffff,53.86115898618898,26.8340597238022,1,False,False
8305aefffffffff,54.8024722520108,28.03167490648373,1,False,False
8305b0fffffffff,55.091323333671895,35.25792728481602,1,False,False
8305b1fffffffff,55.33500285185946,33.302072378329136,1,False,False
8305b2fffffffff,55.92976393217538,36.65732568611149,1,False,False
8305b3fffffffff,56.19842825270015,34.676478211640244,1,False,False
8305b4fffffffff,53.98659035299016,35.805598852603254,1,False,False
8305b5fffffffff,54.23468005510997,33.91222036939813,1,False,False
8305b6fffffffff,54.818950406843975,37.17373960374941,1,False,False
830600fffffffff,18.25696266860937,17.23924255043296,1,False,False
830601fffffffff,17.168103958982208,17.056552933873093,1,False,False
830602fffffffff,18.966519131955668,16.396392220390275,1,False,False
830603fffffffff,17.87212616259045,16.216249395758155,1,False,False
830604fffffffff,18.63148058839115,18.253457365497955,1,False,False
830605fffffffff,17.551138570218374,18.0666087566104,1,False,False
830606fffffffff,19.34282164947201,17.423754254556215,1,False,False
830608fffffffff,15.676265198928684,15.861359706741991,1,False,False
83060afffffffff,16.37225454650988,15.01123118657384,1,False,False
83060bfffffffff,15.266028672188678,14.83920147989039,1,False,False
83060cfffffffff,16.07705561658267,16.875662207557653,1,False,False
83060efffffffff,16.775098477814716,16.037913102930144,1,False,False
830610fffffffff,20.77469040468528,15.717220796393118,1,False,False
830611fffffffff,19.67912451930245,15.537994069669733,1,False,False
830612fffffffff,21.49377695216112,14.840275355370416,1,False,False
830613fffffffff,20.39406009591653,14.664009944475332,1,False,False
830614fffffffff,21.14414376845447,16.76219370123927,1,False,False
830615fffffffff,20.05745942359813,16.578365550381356,1,False,False
830616fffffffff,21.865535088439447,15.898308579115948,1,False,False
830618fffffffff,18.182310429059083,14.31696838959766,1,False,False
830619fffffffff,17.0719510003946,14.146141792879572,1,False,False
83061afffffffff,18.890090396746853,13.43374787730244,1,False,False
83061bfffffffff,17.774664086996303,13.266097958121527,1,False,False
83061cfffffffff,18.579644848870963,15.36060331021419,1,False,False
83061dfffffffff,17.477075665692727,15.185023799866723,1,False,False
83061efffffffff,19.28996160839745,14.4895827636834,1,False,False
830620fffffffff,18.28693376150541,20.05895369543172,1,False,False
830622fffffffff,18.995609295295115,19.258379251935548,1,False,False
830623fffffffff,17.924103797181708,19.067569061753463,1,False,False
830626fffffffff,19.34931066957439,20.253525853505696,1,False,False
830630fffffffff,20.7813487931056,18.632678462975534,1,False,False
830631fffffffff,19.70847612102997,18.4421396104888,1,False,False
830632fffffffff,21.50236630393007,17.79833828664657,1,False,False
830633fffffffff,20.42488338551355,17.610111557410256,1,False,False
830634fffffffff,21.12684170522501,19.645545810607885,1,False,False
830635fffffffff,20.06344015548192,19.45103071449993,1,False,False
830636fffffffff,21.84933928491074,18.82509718436825,1,False,False
830652fffffffff,13.73322105681039,13.64414417038526,1,False,False
830680fffffffff,23.26161896599505,11.012460607216417,1,False,False
830681fffffffff,22.14408354575661,10.852114043974296,1,False,False
830682fffffffff,23.976353263350205,10.061013255502434,1,False,False
830683fffffffff,22.856793856289165,9.904766771662848,1,False,False
830684fffffffff,23.65433064698964,12.114620765566585,1,False,False
830685fffffffff,22.545176564307774,11.948586805061632,1,False,False
830686fffffffff,24.372865782413903,11.174617568926108,1,False,False
830688fffffffff,20.600706674005043,9.597541175997971,1,False,False
830689fffffffff,19.465906537395675,9.446507522486526,1,False,False
83068cfffffffff,21.021089372205253,10.693550199381471,1,False,False
83068dfffffffff,19.89349083998988,10.536741896444864,1,False,False
83068efffffffff,21.73129425536284,9.750285254936978,1,False,False
830690fffffffff,25.802291717239328,9.2480814198412,1,False,False
830691fffffffff,24.68850522781282,9.094403078659344,1,False,False
830694fffffffff,26.19437985024862,10.378913890862366,1,False,False
830695fffffffff,25.08914704981697,10.219052763417036,1,False,False
830696fffffffff,26.90805213104988,9.403559695825336,1,False,False
83069cfffffffff,23.56747962285296,8.942495769297715,1,False,False
8306a0fffffffff,23.31165982885254,14.122459345110936,1,False,False
8306a1fffffffff,22.213949497503187,13.947512543556504,1,False,False
8306a2fffffffff,24.03479441223046,13.21047960433964,1,False,False
8306a3fffffffff,22.934409143023107,13.03894578480591,1,False,False
8306a4fffffffff,23.67684862455546,15.19842456390649,1,False,False
8306a5fffffffff,22.588302291936067,15.018404819251844,1,False,False
8306a6fffffffff,24.40291881359529,14.299296649037329,1,False,False
8306a8fffffffff,20.716025447065046,12.701428956152215,1,False,False
8306a9fffffffff,19.59966962560157,12.535392125062584,1,False,False
8306aafffffffff,21.43021257193231,11.784376217539686,1,False,False
8306abfffffffff,20.31027105608583,11.62196178455102,1,False,False
8306acfffffffff,21.110573860488355,13.774429299983415,1,False,False
8306adfffffffff,20.00234353096805,13.603183104911013,1,False,False
8306aefffffffff,21.827882970703712,12.869271281931509,1,False,False
8306b0fffffffff,25.85201129353217,12.452270114585184,1,False,False
8306b1fffffffff,24.75686815325976,12.282505802815654,1,False,False
8306b2fffffffff,26.57331682031354,11.50447597964544,1,False,False
8306b3fffffffff,25.47702205611176,11.338613121472202,1,False,False
8306b4fffffffff,26.214040673637506,13.559236082879112,1,False,False
8306b5fffffffff,25.12825596495164,13.383900344820338,1,False,False
8306b6fffffffff,26.93901400193636,12.62394240146802,1,False,False
8306c0fffffffff,15.354789634559182,9.926537628072378,1,False,False
8306c1fffffffff,14.217576974874774,9.778116315277696,1,False,False
8306c2fffffffff,16.045251028237587,9.003406526824765,1,False,False
8306c3fffffffff,14.902680298537652,8.858954428212476,1,False,False
8306c4fffffffff,15.798078207476925,10.989737736048852,1,False,False
8306c5fffffffff,14.666381164123727,10.835912188636254,1,False,False
8306c6fffffffff,16.491903044645415,10.0765858099193,1,False,False
8306c8fffffffff,12.619580738027135,8.57477438189737,1,False,False
8306c9fffffffff,11.480900720057656,8.434998634168485,1,False,False
8306cafffffffff,13.29547660978734,7.650526703391469,1,False,False
8306ccfffffffff,13.081183344300651,9.631297515579496,1,False,False
8306cdfffffffff,11.946522600854024,9.48605731194302,1,False,False
8306cefffffffff,13.760480943983715,8.716085087847183,1,False,False
8306d0fffffffff,17.88337315323258,8.208551822153616,1,False,False
8306d1fffffffff,16.737000918278746,8.066694428373046,1,False,False
8306d3fffffffff,17.429247810140016,7.116611102452609,1,False,False
8306d4fffffffff,18.327788641556275,9.297157788536804,1,False,False
8306d5fffffffff,17.187263086494934,9.149465964494324,1,False,False
8306d6fffffffff,19.02778190018278,8.352018236029886,1,False,False
8306dcfffffffff,15.58960071521516,7.926420847412596,1,False,False
8306ddfffffffff,14.442112602419904,7.787706355776627,1,False,False
8306defffffffff,16.277567329342524,6.980726396898422,1,False,False
8306e0fffffffff,15.537756604681574,12.936053480448212,1,False,False
8306e1fffffffff,14.418029040434876,12.773609656330112,1,False,False
8306e2fffffffff,16.232220459671144,12.047854476120351,1,False,False
8306e3fffffffff,15.106545163020913,11.88878168163906,1,False,False
8306e4fffffffff,15.95973954238079,13.97707833281767,1,False,False
8306e5fffffffff,14.846540192842957,13.809753751898556,1,False,False
8306e6fffffffff,16.656928238986357,13.10020810391827,1,False,False
8306e8fffffffff,12.855758899400806,11.575648037229614,1,False,False
8306e9fffffffff,11.73243205004458,11.421539404119745,1,False,False
8306eafffffffff,13.535032949046863,10.683729202317435,1,False,False
8306ebfffffffff,12.404938432001249,10.533164720974764,1,False,False
8306ecfffffffff,13.2986274255116,12.612852596746382,1,False,False
8306edfffffffff,12.18043155671109,12.453758657190386,1,False,False
8306eefffffffff,13.980759918391296,11.731387566891602,1,False,False
8306f0fffffffff,18.058892695445195,11.302414883422426,1,False,False
8306f1fffffffff,16.92921702774803,11.145230328043812,1,False,False
8306f2fffffffff,18.76216324420312,10.381662451418372,1,False,False
8306f3fffffffff,17.62799889681456,10.228285664373532,1,False,False
8306f4fffffffff,18.4796685646504,12.371134555911318,1,False,False
8306f5fffffffff,17.356891604803415,12.208630458161672,1,False,False
8306f6fffffffff,19.18620668087892,11.46131676435509,1,False,False
83071afffffffff,21.461380027311662,20.6482271946242,1,False,False
83071bfffffffff,20.40770360377197,20.449943123998818,1,False,False
830780fffffffff,25.751609143991303,18.57042723677404,1,False,False
830781fffffffff,24.69983113319727,18.37447810907375,1,False,False
830782fffffffff,26.48704782858118,17.710032182335198,1,False,False
830783fffffffff,25.43295369845149,17.516552985626845,1,False,False
830784fffffffff,26.058052422963343,19.614046224255272,1,False,False
830785fffffffff,25.016742001193183,19.41386955923522,1,False,False
830786fffffffff,26.7952436461712,18.76836976154405,1,False,False
830788fffffffff,23.301625046791305,17.13551345826576,1,False,False
830789fffffffff,22.22578696319441,16.947901333922548,1,False,False
83078afffffffff,24.02993543394093,16.26616954685601,1,False,False
83078bfffffffff,22.9508713747485,16.081282881567834,1,False,False
83078cfffffffff,23.64056805528051,18.180496932440345,1,False,False
83078dfffffffff,22.574507966135183,17.988458588942557,1,False,False
83078efffffffff,24.37091825093716,17.325055436323854,1,False,False
830790fffffffff,28.26916504321388,17.025370217063518,1,False,False
830791fffffffff,27.222265344249,16.832567931838334,1,False,False
830792fffffffff,29.00426732570496,16.127824492717544,1,False,False
830793fffffffff,27.9564435475044,15.937945379312088,1,False,False
830794fffffffff,28.5688369918148,18.103041633921524,1,False,False
830795fffffffff,27.532548533055785,17.905519464286343,1,False,False
830796fffffffff,29.30641532288395,17.220219920277373,1,False,False
830798fffffffff,25.83298458878136,15.56424186358074,1,False,False
830799fffffffff,24.758653950762746,15.380361227425563,1,False,False
83079afffffffff,26.563079333857328,14.658752755028472,1,False,False
83079bfffffffff,25.48696801394199,14.478051841119532,1,False,False
83079cfffffffff,26.16632549001732,16.641785261142125,1,False,False
83079dfffffffff,25.10198969915218,16.452994801789817,1,False,False
83079efffffffff,26.899137707159724,15.750093947168269,1,False,False
8307a1fffffffff,24.587083666501687,21.254500613378408,1,False,False
8307a2fffffffff,26.3524106363452,20.64687687112125,1,False,False
8307a3fffffffff,25.32175030308818,20.44269896789651,1,False,False
8307a8fffffffff,23.2374311681611,20.04025766314093,1,False,False
8307a9fffffffff,22.185077303708947,19.84194716428626,1,False,False
8307aafffffffff,23.96773956696641,19.21566873912913,1,False,False
8307abfffffffff,22.91170834046329,19.019419327704483,1,False,False
8307acfffffffff,23.55175022069184,21.05048366363707,1,False,False
8307adfffffffff,22.509626279257127,20.84839998842502,1,False,False
8307aefffffffff,24.28321098765151,20.240500458917097,1,False,False
8307b0fffffffff,28.115095056175853,20.02042631818351,1,False,False
8307b1fffffffff,27.091037400390643,19.816223467092808,1,False,False
8307b2fffffffff,28.83658466745264,19.2032395608372,1,False,False
8307b3fffffffff,27.830107759986475,18.96833145939057,1,False,False
830800fffffffff,19.575707168925447,21.336812171705045,1,False,False
830802fffffffff,19.2263995885738,22.07197758967447,1,False,False
830803fffffffff,20.12747809087828,21.91758136591373,1,False,False
830806fffffffff,18.807993617059736,21.21396418693266,1,False,False
830810fffffffff,18.014236908703758,22.701828095366825,1,False,False
830811fffffffff,18.8675283093972,22.81773012913364,1,False,False
830812fffffffff,17.63548881970712,23.4592248904652,1,False,False
830813fffffffff,18.49895342351678,23.57404200541045,1,False,False
830814fffffffff,17.527437713890404,21.83759494895739,1,False,False
830815fffffffff,18.38320677785094,21.9550714993379,1,False,False
830816fffffffff,17.148228943357765,22.58535023569748,1,False,False
830818fffffffff,20.318284410235403,23.343062481129703,1,False,False
830819fffffffff,21.25608626000843,23.12498238329236,1,False,False
83081afffffffff,19.939473142381576,24.180877174033,1,False,False
83081bfffffffff,20.884567861811146,23.968436518855395,1,False,False
83081cfffffffff,19.76017333625105,22.7335308587516,1,False,False
83081dfffffffff,20.687642365242727,22.51348304905683,1,False,False
83081efffffffff,19.383659794635346,23.557728185658817,1,False,False
830829fffffffff,22.236952101302805,21.8324181471118,1,False,False
83082afffffffff,20.88433902394849,21.57828953827861,1,False,False
83082bfffffffff,21.510826801778595,22.21495628260807,1,False,False
830832fffffffff,17.22895881011433,20.964773368852587,1,False,False
830833fffffffff,18.02577868517168,21.08995636099625,1,False,False
830836fffffffff,17.05162946024619,20.07308902370853,1,False,False
830880fffffffff,16.92527591882804,26.7037683971665,1,False,False
830881fffffffff,17.816504602669486,26.812810024291423,1,False,False
830882fffffffff,16.506562232904948,27.511890958408884,1,False,False
830883fffffffff,17.408067869180748,27.61941503146372,1,False,False
830884fffffffff,16.439470720727602,25.79476058643201,1,False,False
830885fffffffff,17.33379900964105,25.905818591885247,1,False,False
830886fffffffff,16.020584718187397,26.594137284927147,1,False,False
830888fffffffff,19.301379027876987,27.42161636977726,1,False,False
830889fffffffff,20.27763090022186,27.230649191967853,1,False,False
83088afffffffff,18.88138910259366,28.30330210734452,1,False,False
83088bfffffffff,19.86396074288209,28.11908563576286,1,False,False
83088cfffffffff,18.74625815770321,26.741237327162136,1,False,False
83088dfffffffff,19.711732040614983,26.54697793283906,1,False,False
83088efffffffff,18.32967920810944,27.60940520256161,1,False,False
830890fffffffff,15.15216734814805,28.223546542589943,1,False,False
830891fffffffff,16.07761415143308,28.330054421310376,1,False,False
830892fffffffff,14.702601562388086,29.05329795488473,1,False,False
830893fffffffff,15.638409573676302,29.158107262696173,1,False,False
830894fffffffff,14.663039440780564,27.29506649793109,1,False,False
830895fffffffff,15.591493135173549,27.403776149021247,1,False,False
830896fffffffff,14.213262078060511,28.11644327286732,1,False,False
830898fffffffff,17.468659455145406,29.365957942428768,1,False,False
830899fffffffff,18.451839315029822,29.191698204498827,1,False,False
83089afffffffff,17.039647118308014,30.200150513917453,1,False,False
83089bfffffffff,18.01283275549179,30.086449676084488,1,False,False
83089cfffffffff,16.989407992099103,28.435971129983,1,False,False
83089dfffffffff,17.903780619332007,28.484422562529154,1,False,False
83089efffffffff,16.56048754986379,29.26232582634247,1,False,False
8308a0fffffffff,16.36016618975414,24.112986357671307,1,False,False
8308a1fffffffff,17.246844591033806,24.227220570130186,1,False,False
8308a2fffffffff,15.951113391226713,24.892772099356808,1,False,False
8308a3fffffffff,16.848200923151918,25.00575742528661,1,False,False
8308a4fffffffff,15.870150504737104,23.2278452686562,1,False,False
8308a5fffffffff,16.759174180609257,23.34382713565675,1,False,False
8308a6fffffffff,15.460665647072618,23.998163677356644,1,False,False
8308a8fffffffff,18.60295963778989,25.229966510395872,1,False,False
8308a9fffffffff,19.551192101330408,25.02668684165335,1,False,False
8308aafffffffff,18.21477620524664,26.01628913757544,1,False,False
8308abfffffffff,19.15344524439609,25.880232660943303,1,False,False
8308acfffffffff,18.120547153969174,24.34086992579392,1,False,False
8308adfffffffff,18.997920930804018,24.389952852888623,1,False,False
8308aefffffffff,17.732195345328847,25.11815432010865,1,False,False
8308b0fffffffff,14.611392792581304,25.570866743927688,1,False,False
8308b1fffffffff,15.531941480945012,25.68311126394383,1,False,False
8308b2fffffffff,14.171503667838378,26.373090644091363,1,False,False
8308b3fffffffff,15.102595085547888,26.48391270373906,1,False,False
8308b4fffffffff,14.118359106753612,24.66502114385258,1,False,False
8308b5fffffffff,15.041099940859365,24.77919459493096,1,False,False
8308b6fffffffff,13.678038688594786,25.458023122681507,1,False,False
8308c0fffffffff,23.60939427310789,25.736612483764496,1,False,False
8308c1fffffffff,24.58982235271596,25.52528326448725,1,False,False
8308c2fffffffff,23.22791120721513,26.637895492025176,1,False,False
8308c3fffffffff,24.216514445961256,26.433420757555,1,False,False
8308c4fffffffff,23.009540154684,25.05787114354188,1,False,False
8308c5fffffffff,23.98010825559429,24.8435748735694,1,False,False
8308c6fffffffff,22.63077376360337,25.94436297334241,1,False,False
8308c8fffffffff,26.1977771138463,26.01361821555512,1,False,False
8308c9fffffffff,27.01356113663923,25.657246105225884,1,False,False
8308cafffffffff,25.83035185289252,26.94433440234975,1,False,False
8308cbfffffffff,26.83076296144419,26.73617415610435,1,False,False
8308ccfffffffff,25.52459588621313,25.27517999160692,1,False,False
8308cdfffffffff,26.327586799943987,24.91125322577437,1,False,False
8308cefffffffff,25.206679125916903,26.22535820920877,1,False,False
8308d0fffffffff,21.84167718381617,27.74105763076696,1,False,False
8308d1fffffffff,22.83562347226355,27.5470865694482,1,False,False
8308d2fffffffff,21.431346400801445,28.65057423987104,1,False,False
8308d3fffffffff,22.43252031551676,28.46382652424224,1,False,False
8308d4fffffffff,21.25786356490408,27.03642664239449,1,False,False
8308d5fffffffff,22.241490377889576,26.838869345066147,1,False,False
8308d6fffffffff,20.850920687981933,27.931696988142527,1,False,False
8308d8fffffffff,24.44313873490401,28.08028043232069,1,False,False
8308d9fffffffff,25.451294511835982,27.88330902567578,1,False,False
8308dafffffffff,24.04427598434187,29.01936815668264,1,False,False
8308dbfffffffff,25.06054798454464,28.83014162084492,1,False,False
8308dcfffffffff,23.83213982038287,27.349700259731343,1,False,False
8308ddfffffffff,24.830595664775423,27.14881251357094,1,False,False
8308defffffffff,23.43666420024812,28.27375696536357,1,False,False
8308e0fffffffff,22.783228622347607,23.53315454751925,1,False,False
8308e1fffffffff,23.53463440915992,23.16112169646968,1,False,False
8308e2fffffffff,22.417220488622085,24.39668632872105,1,False,False
8308e3fffffffff,23.377825917713288,24.17970521295864,1,False,False
8308e4fffffffff,22.14389594082396,22.86646116590996,1,False,False
8308e5fffffffff,22.88263902298727,22.488951844630776,1,False,False
8308e6fffffffff,21.832668923783995,23.752554976384307,1,False,False
8308e8fffffffff,24.96982360091281,23.471938338247416,1,False,False
8308e9fffffffff,25.76018695857472,23.082803134384545,1,False,False
8308eafffffffff,24.856034661719185,24.55386361865568,1,False,False
8308ebfffffffff,25.646173875350044,24.1829488420951,1,False,False
8308ecfffffffff,24.29900043378425,22.77782429949191,1,False,False
8308edfffffffff,25.07627866067708,22.38277880317671,1,False,False
8308eefffffffff,24.192567782466128,23.849301261614126,1,False,False
8308f0fffffffff,21.07510510555805,25.475854895139413,1,False,False
8308f1fffffffff,22.041011006403792,25.268603615609315,1,False,False
8308f2fffffffff,20.68135604189509,26.3494645520508,1,False,False
8308f3fffffffff,21.654563480360395,26.14861954878339,1,False,False
8308f4fffffffff,20.50334318533056,24.8200979237221,1,False,False
8308f5fffffffff,21.458870925763065,24.6101237902734,1,False,False
8308f6fffffffff,20.112396124019828,25.67970524525943,1,False,False
830949fffffffff,26.66922143000192,21.555379660870702,1,False,False
83094bfffffffff,25.866389899559017,21.97547602718108,1,False,False
830959fffffffff,24.398335801787915,21.69975838514938,1,False,False
83095bfffffffff,23.63413253447115,22.100208125620817,1,False,False
830980fffffffff,13.894272498456498,20.451974502063017,1,False,False
830981fffffffff,14.75013447432872,20.582016414255232,1,False,False
830982fffffffff,13.23704729978759,21.22624691543532,1,False,False
830983fffffffff,14.098936377658106,21.35233838617054,1,False,False
830984fffffffff,13.683163950129789,19.5397080242204,1,False,False
830985fffffffff,14.547652766568463,19.674967305268964,1,False,False
830986fffffffff,13.023613553440187,20.32067700602472,1,False,False
830988fffffffff,15.778669156426156,21.60091769358124,1,False,False
830989fffffffff,16.659210288983182,21.71954474785081,1,False,False
83098afffffffff,15.378607482068608,22.3506536969219,1,False,False
83098bfffffffff,16.269633485690754,22.46829321816264,1,False,False
83098cfffffffff,15.59118839363728,20.71081934665002,1,False,False
83098dfffffffff,16.417449759198703,20.83839963850482,1,False,False
83098efffffffff,14.94614394426508,21.47722329015893,1,False,False
830990fffffffff,11.694369273361843,21.87420318043817,1,False,False
830991fffffffff,12.632955424979473,21.994206447396994,1,False,False
830992fffffffff,11.241418993474689,22.639051599384537,1,False,False
830993fffffffff,12.19082246436832,22.75800667137069,1,False,False
830994fffffffff,11.469366143058537,20.97037867821553,1,False,False
830995fffffffff,12.36050482409818,21.098932546578418,1,False,False
830996fffffffff,10.797827601924038,21.74968307152561,1,False,False
830998fffffffff,14.054686160571846,22.99411522841587,1,False,False
830999fffffffff,14.96858780160281,23.111275801042314,1,False,False
83099afffffffff,13.62396483702073,23.76673837704072,1,False,False
83099bfffffffff,14.548526828641364,23.882748899733137,1,False,False
83099cfffffffff,13.560037282110684,22.113613691424035,1,False,False
83099dfffffffff,14.475336817370623,22.23242831239801,1,False,False
83099efffffffff,13.128676712268543,22.87636003052061,1,False,False
8309a0fffffffff,14.123026632007308,17.826280232121725,1,False,False
8309a1fffffffff,14.989513358912609,17.970744678343824,1,False,False
8309a2fffffffff,13.465559785007253,18.61577297132532,1,False,False
8309a3fffffffff,14.338634021879852,18.756302993046944,1,False,False
8309a4fffffffff,13.900793294954102,16.885186090294614,1,False,False
8309a5fffffffff,14.77566076536794,17.034958523487767,1,False,False
8309a6fffffffff,13.24142306258352,17.680433645280804,1,False,False
8309a8fffffffff,16.039698627940382,19.03337537476745,1,False,False
8309aafffffffff,15.397218590998335,19.80893938049245,1,False,False
8309abfffffffff,16.231867008268683,19.941641093300667,1,False,False
8309acfffffffff,15.84086646771146,18.11384472745853,1,False,False
8309aefffffffff,15.196682025528032,18.89549802313243,1,False,False
8309b0fffffffff,11.909535650703653,19.26525912738301,1,False,False
8309b1fffffffff,12.803774308596266,19.403144426110384,1,False,False
8309b2fffffffff,11.238093176348016,20.054247494357696,1,False,False
8309b3fffffffff,12.13819717278366,20.18810705266232,1,False,False
8309b4fffffffff,11.674499870987392,18.330637348761844,1,False,False
8309b5fffffffff,12.577493416550718,18.47389037534698,1,False,False
8309b6fffffffff,11.00053129360448,19.12603446760852,1,False,False
830a00fffffffff,46.979948530715,45.75117983007568,1,False,False
830a01fffffffff,47.32308752361602,44.29827230723218,1,False,False
830a02fffffffff,47.67864812575535,47.00983580520925,1,False,False
830a03fffffffff,48.03990362829124,45.55259719693853,1,False,False
830a04fffffffff,45.91966346920605,45.94203985329502,1,False,False
830a05fffffffff,46.26781507585255,44.5253028105613,1,False,False
830a06fffffffff,46.61867048419764,47.18507250269448,1,False,False
830a08fffffffff,48.72171570430616,42.527825623096334,1,False,False
830a09fffffffff,49.037714476854056,40.958245757216005,1,False,False
830a0afffffffff,49.46384896700692,43.808147050827785,1,False,False
830a0bfffffffff,49.80105989336554,42.23227458649959,1,False,False
830a0cfffffffff,47.651560999599,42.80840863463541,1,False,False
830a0dfffffffff,47.96405368677067,41.28225168706389,1,False,False
830a0efffffffff,48.38864978921367,44.05952761091231,1,False,False
830a10fffffffff,47.97854229685243,49.77662986451215,1,False,False
830a11fffffffff,48.3644727051582,48.304746919921136,1,False,False
830a12fffffffff,48.63681310581335,51.12538019008004,1,False,False
830a13fffffffff,49.03611294297968,49.63612203849142,1,False,False
830a14fffffffff,46.90917875166861,49.91294857531084,1,False,False
830a15fffffffff,47.3053961968773,48.46320855442397,1,False,False
830a16fffffffff,47.56922906777903,51.24305825975157,1,False,False
830a18fffffffff,49.81407206680416,46.66060900435476,1,False,False
830a19fffffffff,50.18921564402545,45.12335801573882,1,False,False
830a1afffffffff,50.50008715085367,48.01038792696821,1,False,False
830a1bfffffffff,50.89660398051669,46.47346140179196,1,False,False
830a1cfffffffff,48.740601524724525,46.83805341337487,1,False,False
830a1dfffffffff,49.10987840924384,45.34360160925169,1,False,False
830a1efffffffff,49.42407092945104,48.15447222065403,1,False,False
830a20fffffffff,44.139350711158535,44.933477322037405,1,False,False
830a21fffffffff,44.48996653090186,43.55996114502471,1,False,False
830a22fffffffff,44.84868332260015,46.12750602423117,1,False,False
830a23fffffffff,45.20966843250991,44.7338064523655,1,False,False
830a24fffffffff,43.05937240453938,45.12768323705161,1,False,False
830a25fffffffff,43.42088887234844,43.77280194410137,1,False,False
830a26fffffffff,43.76763903868357,46.30780008148086,1,False,False
830a28fffffffff,45.84567907539123,41.88306636889489,1,False,False
830a29fffffffff,46.134615684383775,40.40450192327507,1,False,False
830a2afffffffff,46.59129229085431,43.07512011769086,1,False,False
830a2bfffffffff,46.89981093712779,41.59013955726181,1,False,False
830a2cfffffffff,44.80230005828775,42.16208249242682,1,False,False
830a2dfffffffff,45.08742449495358,40.7219328714461,1,False,False
830a2efffffffff,45.54155744850837,43.32895318478493,1,False,False
830a30fffffffff,45.15352236758981,48.76639837658255,1,False,False
830a31fffffffff,45.54761999182702,47.355264286746895,1,False,False
830a32fffffffff,45.8285995360958,50.045261284662594,1,False,False
830a33fffffffff,46.23488062623608,48.61702600820334,1,False,False
830a34fffffffff,44.061959912807936,48.911513653848026,1,False,False
830a35fffffffff,44.466110971854086,47.52062304612732,1,False,False
830a36fffffffff,44.73742522880446,50.17374067109515,1,False,False
830a40fffffffff,49.02809005781497,34.83656227546908,1,False,False
830a41fffffffff,49.24130713664247,33.14764488793211,1,False,False
830a42fffffffff,49.86953611780078,36.033842960102085,1,False,False
830a43fffffffff,50.10362362530141,34.32579632653593,1,False,False
830a44fffffffff,47.9594260837817,35.32168228046792,1,False,False
830a45fffffffff,48.17467178835299,33.67938137550447,1,False,False
830a46fffffffff,48.79253362608845,36.49630603760733,1,False,False
830a48fffffffff,50.4995138651456,30.822517357013872,1,False,False
830a49fffffffff,50.65907886170721,29.03254363993126,1,False,False
830a4afffffffff,51.39173747781333,31.997860328342465,1,False,False
830a4bfffffffff,51.57207607384984,30.180530607214155,1,False,False
830a4cfffffffff,49.43105132559337,31.43178655502272,1,False,False
830a4dfffffffff,49.59626909276515,29.69148448190268,1,False,False
830a4efffffffff,50.31400440632845,32.58785910390498,1,False,False
830a50fffffffff,50.41936214680178,38.96301202448221,1,False,False
830a51fffffffff,50.69756049031136,37.2722433166912,1,False,False
830a52fffffffff,51.210265569304056,40.25663476476789,1,False,False
830a53fffffffff,51.51070673738766,38.55270071368796,1,False,False
830a54fffffffff,49.33526036651761,39.35180736535024,1,False,False
830a55fffffffff,49.61298190622716,37.70980961176177,1,False,False
830a56fffffffff,50.120049735001984,40.61684451893483,1,False,False
830a58fffffffff,52.04269337422664,35.031744184726705,1,False,False
830a59fffffffff,52.2713814910608,33.219120163525936,1,False,False
830a5afffffffff,52.88535004654877,36.322261230002646,1,False,False
830a5bfffffffff,53.13686493424337,34.4878645213182,1,False,False
830a5cfffffffff,50.95324359676083,35.54632756302129,1,False,False
830a5dfffffffff,51.18506245009761,33.78738357125116,1,False,False
830a5efffffffff,51.78866922109301,36.81039819707077,1,False,False
830a62fffffffff,46.898535458802975,35.78297598664289,1,False,False
830a63fffffffff,47.115061296733415,34.18504016238474,1,False,False
830a66fffffffff,45.84626157894128,36.22210100465329,1,False,False
830a6afffffffff,48.36777790367599,32.01064929924589,1,False,False
830a6bfffffffff,48.53771414518423,30.31773848406998,1,False,False
830a6efffffffff,47.31071736014304,32.56121659085486,1,False,False
830a70fffffffff,47.4669723932572,38.51920601643774,1,False,False
830a71fffffffff,47.72314087233843,36.935543621051245,1,False,False
830a72fffffffff,48.25924815062154,39.72070273234141,1,False,False
830a73fffffffff,48.5358365834044,38.124915279312496,1,False,False
830a74fffffffff,46.40718178795155,38.8941744455036,1,False,False
830a75fffffffff,46.6622046397594,37.3532145216055,1,False,False
830a76fffffffff,47.19211956521985,40.07115946330701,1,False,False
830a80fffffffff,51.55495970497978,55.324981521549546,1,False,False
830a81fffffffff,51.98903667018326,53.766807842905095,1,False,False
830a82fffffffff,52.13647683875699,56.83611079636943,1,False,False
830a83fffffffff,52.58676929548609,55.26644559452879,1,False,False
830a84fffffffff,50.50963176100866,55.38163541965893,1,False,False
830a85fffffffff,50.95294379830206,53.848832754616325,1,False,False
830a86fffffffff,51.09579345891058,56.86882042927242,1,False,False
830a88fffffffff,53.52347182142749,52.217121811009335,1,False,False
830a89fffffffff,53.99273324021567,50.65018460299726,1,False,False
830a8afffffffff,54.12423198063894,53.73579050216282,1,False,False
830a8bfffffffff,54.615557132893954,52.17979331187451,1,False,False
830a8cfffffffff,52.43824376314057,52.25235629105344,1,False,False
830a8dfffffffff,52.89932980343632,50.73074194985344,1,False,False
830a8efffffffff,53.04098414929384,53.72834594212264,1,False,False
830a90fffffffff,52.20398574696498,59.94086533810972,1,False,False
830a91fffffffff,52.69634286454732,58.38130288773653,1,False,False
830a92fffffffff,52.72389545274464,61.52328406592289,1,False,False
830a93fffffffff,53.23346503151715,59.95940040852503,1,False,False
830a94fffffffff,51.16062064034685,59.92293651606561,1,False,False
830a95fffffffff,51.66094276696659,58.38893174179592,1,False,False
830a96fffffffff,51.68684198221166,61.47907900706901,1,False,False
830a98fffffffff,54.17612716319929,56.76733282361063,1,False,False
830a99fffffffff,54.70071388684162,55.28560963594108,1,False,False
830a9afffffffff,54.72470624891094,58.365252506192746,1,False,False
830a9bfffffffff,55.25209980661338,56.86521165826386,1,False,False
830a9cfffffffff,53.163379929953486,56.80230042413808,1,False,False
830a9dfffffffff,53.62054741307789,55.233755004568366,1,False,False
830a9efffffffff,53.71771490540126,58.37341430690229,1,False,False
830aa0fffffffff,48.84149984164365,54.00519985605064,1,False,False
830aa1fffffffff,49.27892376845199,52.5093491465313,1,False,False
830aa2fffffffff,49.45123047133731,55.43649651278484,1,False,False
830aa3fffffffff,49.90360891979974,53.92825624805626,1,False,False
830aa4fffffffff,47.76713067629744,54.079777674567694,1,False,False
830aa5fffffffff,48.21375552120151,52.60723542741345,1,False,False
830aa6fffffffff,48.38024757824258,55.48964847903376,1,False,False
830aa8fffffffff,50.73506805009763,50.87881720594001,1,False,False
830aa9fffffffff,51.166818418207015,49.392622966457616,1,False,False
830aaafffffffff,51.37138731304495,52.30410235510224,1,False,False
830aabfffffffff,51.81320622870759,50.806832396256354,1,False,False
830aacfffffffff,49.69226345601434,51.0040245026393,1,False,False
830aadfffffffff,50.08923717367991,49.5015459992428,1,False,False
830aaefffffffff,50.33163110629429,52.40835471177292,1,False,False
830ab0fffffffff,49.54970152451268,58.40345994125233,1,False,False
830ab1fffffffff,50.04175180256251,56.900482195466985,1,False,False
830ab2fffffffff,50.10379290336896,59.90558468042661,1,False,False
830ab3fffffffff,50.6119136215416,58.39631348810321,1,False,False
830ab4fffffffff,48.47480006417258,58.41038217450154,1,False,False
830ab5fffffffff,48.97482087774517,56.93114563595208,1,False,False
830ab6fffffffff,49.03397331425101,59.88878242239653,1,False,False
830ac0fffffffff,54.58553913524964,44.10973544142561,1,False,False
830ac1fffffffff,54.958361396257295,42.32176042092147,1,False,False
830ac2fffffffff,55.30271562725292,45.61007950940775,1,False,False
830ac3fffffffff,55.70034382956985,43.81704913290993,1,False,False
830ac4fffffffff,53.47618077723184,44.38534519640558,1,False,False
830ac5fffffffff,53.846356701435184,42.65409880496499,1,False,False
830ac6fffffffff,54.19134896875841,45.845180923979065,1,False,False
830ac8fffffffff,56.42513947295114,40.06627315335106,1,False,False
830ac9fffffffff,56.74833626483159,38.11192217562825,1,False,False
830acafffffffff,57.19577250179058,41.59275813038605,1,False,False
830acbfffffffff,57.54537789203955,39.62305973291792,1,False,False
830accfffffffff,55.3079201929094,40.48247306345424,1,False,False
830acdfffffffff,55.63233506730711,38.59358354492375,1,False,False
830acefffffffff,56.07515067342985,41.9686410350788,1,False,False
830ad0fffffffff,55.55367509416365,48.88996632771693,1,False,False
830ad1fffffffff,55.99654970552735,47.15506999052823,1,False,False
830ad2fffffffff,56.198402729764354,50.473999230502194,1,False,False
830ad3fffffffff,56.6657560569945,48.744382703685005,1,False,False
830ad4fffffffff,54.44695631496851,49.026870985155554,1,False,False
830ad5fffffffff,54.884261814932415,47.34683094789798,1,False,False
830ad6fffffffff,55.092679549278856,50.56475546437007,1,False,False
830ad8fffffffff,57.54008021627784,45.09387465378611,1,False,False
830ad9fffffffff,57.9426661198213,43.173753326806974,1,False,False
830adafffffffff,58.23486664930456,46.73330594949839,1,False,False
830adbfffffffff,58.66428555659039,44.80969359573098,1,False,False
830adcfffffffff,56.41925328250886,45.36012508009446,1,False,False
830addfffffffff,56.81969676451127,43.50566526031419,1,False,False
830adefffffffff,57.11370642642063,46.95096993555279,1,False,False
830ae0fffffffff,51.64031603316115,43.26328708084821,1,False,False
830ae1fffffffff,51.98429057420233,41.59128173791171,1,False,False
830ae2fffffffff,52.373131034745256,44.645318803223695,1,False,False
830ae3fffffffff,52.74005033279345,42.96741767140028,1,False,False
830ae4fffffffff,50.54798591299719,43.543110700559495,1,False,False
830ae5fffffffff,50.88884888933509,41.920542040018766,1,False,False
830ae6fffffffff,51.27721437895603,44.89094033350976,1,False,False
830ae8fffffffff,53.4109157092438,39.47334508405846,1,False,False
830ae9fffffffff,53.71147689702476,37.660167266127424,1,False,False
830aeafffffffff,54.19473222510628,40.87401592907601,1,False,False
830aebfffffffff,54.51951707589377,39.04658017949999,1,False,False
830aecfffffffff,52.30751838966596,39.876049148452346,1,False,False
830aedfffffffff,52.60839517556322,38.11908237218931,1,False,False
830aeefffffffff,53.08654633963227,41.24299632641082,1,False,False
830af0fffffffff,52.67761355695973,47.6975418251232,1,False,False
830af1fffffffff,53.08600340575497,46.06670777934485,1,False,False
830af2fffffffff,53.3463991833849,49.1558488741661,1,False,False
830af3fffffffff,53.77768056131552,47.52733500445762,1,False,False
830af4fffffffff,51.58483574318024,47.85830535165788,1,False,False
830af5fffffffff,51.98749507370493,46.275796675857606,1,False,False
830af6fffffffff,52.25277380411886,49.27756786311742,1,False,False
830b1afffffffff,42.96087259916538,49.05254948808745,1,False,False
830b1bfffffffff,43.37479850138632,47.68134912647987,1,False,False
830b52fffffffff,43.76182029765968,42.42000036462412,1,False,False
830b53fffffffff,44.05118103157326,41.02454684800303,1,False,False
830b5afffffffff,45.35720179776388,39.25117705196231,1,False,False
830b5bfffffffff,45.61051384977153,37.75082777617418,1,False,False
830b80fffffffff,43.9819625433056,55.68666722783572,1,False,False
830b81fffffffff,44.47629272673826,54.29035719705272,1,False,False
830b82fffffffff,44.58923202537978,57.04470417368915,1,False,False
830b83fffffffff,45.09742604305646,55.6396118466722,1,False,False
830b84fffffffff,42.85706548389285,55.732362260522734,1,False,False
830b85fffffffff,43.35893748441984,54.35648263888504,1,False,False
830b86fffffffff,43.4665300114223,57.07101931466179,1,False,False
830b88fffffffff,46.04822541669919,52.79423823434265,1,False,False
830b89fffffffff,46.49006837141572,51.35722243948148,1,False,False
830b8afffffffff,46.68106169809859,54.15209692171212,1,False,False
830b8bfffffffff,47.13666229887768,52.70215431651821,1,False,False
830b8cfffffffff,44.94907086191778,52.88361186638782,1,False,False
830b8dfffffffff,45.39993248713152,51.46802693488132,1,False,False
830b8efffffffff,45.583898827895965,54.222258447156605,1,False,False
830b90fffffffff,44.63586103932196,59.82657812611103,1,False,False
830b91fffffffff,45.17960642061696,58.42990433356768,1,False,False
830b92fffffffff,45.193581292244914,61.241711833310646,1,False,False
830b93fffffffff,45.75198764060973,59.84142388278955,1,False,False
830b94fffffffff,43.50980578705225,59.81216808349564,1,False,False
830b95fffffffff,44.05982740891484,58.4360274908015,1,False,False
830b96fffffffff,44.07150913233895,61.20624551247968,1,False,False
830b98fffffffff,46.80440323435949,56.98966057155585,1,False,False
830b99fffffffff,47.29722160120562,55.541169874506,1,False,False
830b9afffffffff,47.38775038145155,58.41709057702074,1,False,False
830b9bfffffffff,47.89551691423659,56.960857218358825,1,False,False
830b9cfffffffff,45.70208974424443,57.01759669909488,1,False,False
830b9dfffffffff,46.20273751526263,55.5911345188722,1,False,False
830b9efffffffff,46.289140859669,58.42359490591424,1,False,False
830ba2fffffffff,41.723494493992135,55.77675503902988,1,False,False
830ba3fffffffff,42.23256889446181,54.42071915023016,1,False,False
830ba8fffffffff,43.18935744424909,51.68013009794097,1,False,False
830ba9fffffffff,43.63631866962154,50.29854970492519,1,False,False
830baafffffffff,43.83986819161891,52.970392717781735,1,False,False
830babfffffffff,44.29946642568823,51.57561710780516,1,False,False
830baefffffffff,42.72132902622147,53.05469162102506,1,False,False
830bb0fffffffff,41.79247449104006,58.44774704240319,1,False,False
830bb1fffffffff,42.33472624118524,57.09657635007871,1,False,False
830bb2fffffffff,42.37456995690983,59.79817485218666,1,False,False
830bb3fffffffff,42.93052805219292,58.44197250625848,1,False,False
830bb4fffffffff,40.64647237967138,58.45335832846798,1,False,False
830bb5fffffffff,41.19460368535694,57.12140756508493,1,False,False
830bb6fffffffff,41.23094265311242,59.78458060716499,1,False,False
830d75fffffffff,41.35775285475348,-8.48274629825075,1,False,False
830e00fffffffff,18.129237898440472,-0.1188746018769178,1,False,False
830e01fffffffff,16.961278554267725,0.0682891408233215,1,False,False
830e02fffffffff,18.554626311696683,-1.280157356256158,1,False,False
830e03fffffffff,17.387867613613047,-1.0848839151634506,1,False,False
830e04fffffffff,18.86575109459589,0.8553276356295686,1,False,False
830e05fffffffff,17.696923346550953,1.0367305265441555,1,False,False
830e06fffffffff,19.2970140150328,-0.308553643206692,1,False,False
830e08fffffffff,15.0562810558868,-0.7019614098281812,1,False,False
830e09fffffffff,13.893455788782,-0.5142220893277715,1,False,False
830e0afffffffff,15.478220450386782,-1.8442037852610087,1,False,False
830e0bfffffffff,14.315714095161296,-1.6486934624145635,1,False,False
830e0cfffffffff,15.794143406458122,0.2529833716422618,1,False,False
830e0dfffffffff,14.628834690312091,0.4352528823505731,1,False,False
830e0efffffffff,16.22141747660504,-0.8921671356244936,1,False,False
830e10fffffffff,20.136210521346285,-2.652173368317185,1,False,False
830e11fffffffff,18.972526915130405,-2.446199292329575,1,False,False
830e12fffffffff,20.54306246470189,-3.8300082658531056,1,False,False
830e13fffffffff,19.382405013754703,-3.6160586787641935,1,False,False
830e14fffffffff,20.88504068727285,-1.678561578468139,1,False,False
830e15fffffffff,19.7206857767625,-1.4780340472397842,1,False,False
830e16fffffffff,21.29768001356137,-2.8608813319835127,1,False,False
830e18fffffffff,17.05692294355624,-3.196398803771812,1,False,False
830e19fffffffff,15.894104396682438,-2.9905943959209846,1,False,False
830e1afffffffff,17.46408648583976,-4.353660531928486,1,False,False
830e1bfffffffff,16.303405585068077,-4.140233726954444,1,False,False
830e1cfffffffff,17.807630104439152,-2.2429109569815493,1,False,False
830e1dfffffffff,16.642526005563706,-2.0422611921303657,1,False,False
830e1efffffffff,18.22002457040231,-3.4048713657906884,1,False,False
830e20fffffffff,19.152086897655924,2.995703978395776,1,False,False
830e21fffffffff,17.982803691398082,3.162673134439411,1,False,False
830e22fffffffff,19.59653211394905,1.837257274997156,1,False,False
830e23fffffffff,18.427479341636648,2.012697016252942,1,False,False
830e24fffffffff,19.86990419661145,3.985243202376055,1,False,False
830e25fffffffff,18.701193408288624,4.14592852114672,1,False,False
830e26fffffffff,20.320721608426343,2.826423241196269,1,False,False
830e28fffffffff,16.08990215404202,2.35651179767094,1,False,False
830e29fffffffff,14.923382846734484,2.5249750075138766,1,False,False
830e2afffffffff,16.528428240557655,1.2157109989182664,1,False,False
830e2bfffffffff,15.3612705849321,1.3923138296005555,1,False,False
830e2cfffffffff,16.813875214460875,3.3273749575857208,1,False,False
830e2dfffffffff,15.646302079773625,3.489852652414657,1,False,False
830e2efffffffff,17.258267642510596,2.185766991353077,1,False,False
830e30fffffffff,21.200377222318707,0.4850703352815799,1,False,False
830e31fffffffff,20.03390404184804,0.671456523330366,1,False,False
830e32fffffffff,21.627991570590265,-0.695645884453056,1,False,False
830e33fffffffff,20.46359939881845,-0.5007947882865988,1,False,False
830e34fffffffff,21.93014504011448,1.4790848174818532,1,False,False
830e35fffffffff,20.76442074613752,1.659402118307546,1,False,False
830e36fffffffff,22.36417322571837,0.2961211395022817,1,False,False
830e40fffffffff,10.005448925427425,1.1409460074330449,1,False,False
830e41fffffffff,8.86378013852194,1.3117305506228167,1,False,False
830e42fffffffff,10.428602051499144,0.0346299693013922,1,False,False
830e43fffffffff,9.284670761802,0.2129316873945913,1,False,False
830e44fffffffff,10.725737198117262,2.0758097445460533,1,False,False
830e45fffffffff,9.57989829516914,2.24116182545908,1,False,False
830e46fffffffff,11.153706717801064,0.9679465654986722,1,False,False
830e48fffffffff,7.0187069243643245,0.5628039304909584,1,False,False
830e49fffffffff,5.898344899736476,0.7344522692534531,1,False,False
830e4afffffffff,7.43261082723772,-0.5266985023767616,1,False,False
830e4bfffffffff,6.309271054030479,-0.3478250342784541,1,False,False
830e4cfffffffff,7.729572059811517,1.4803394829494794,1,False,False
830e4dfffffffff,6.603660529092346,1.6468112484353532,1,False,False
830e4efffffffff,8.147754394923451,0.3889765686694061,1,False,False
830e50fffffffff,12.0000456986173,-1.2651375528044897,1,False,False
830e51fffffffff,10.848814548811506,-1.0770059423093492,1,False,False
830e52fffffffff,12.417320315332166,-2.388737674980442,1,False,False
830e53fffffffff,11.265549161979896,-2.1931578607044053,1,False,False
830e54fffffffff,12.73392641232315,-0.3289054642163571,1,False,False
830e55fffffffff,11.578660139374913,-0.1459687426463479,1,False,False
830e56fffffffff,13.15599739378814,-1.4556858693287964,1,False,False
830e58fffffffff,8.978420146961328,-1.809302299953338,1,False,False
830e59fffffffff,7.844863227553878,-1.6209445936961306,1,False,False
830e5afffffffff,9.389867103688982,-2.9146608814891217,1,False,False
830e5bfffffffff,8.254956303712586,-2.719162506920464,1,False,False
830e5cfffffffff,9.703235201972742,-0.8912493318300094,1,False,False
830e5dfffffffff,8.564210459201961,-0.7078268619807377,1,False,False
830e5efffffffff,10.118943897996507,-2.0000265309579035,1,False,False
830e60fffffffff,11.009204349433563,4.118351245833457,1,False,False
830e61fffffffff,9.862979472417658,4.270321741457063,1,False,False
830e62fffffffff,11.444719605300754,3.0170959502208983,1,False,False
830e63fffffffff,10.295308549262137,3.176848898070311,1,False,False
830e64fffffffff,11.72077735482498,5.065210303796084,1,False,False
830e65fffffffff,10.571751074411251,5.211327300866125,1,False,False
830e66fffffffff,12.161576427501776,3.964357935646209,1,False,False
830e68fffffffff,8.017151176814803,3.4901580890648485,1,False,False
830e69fffffffff,6.890108858507956,3.643789374513879,1,False,False
830e6afffffffff,8.441096060864542,2.404384738538212,1,False,False
830e6bfffffffff,7.310184152989129,2.565516746446745,1,False,False
830e6cfffffffff,8.72378616735309,4.420306922422359,1,False,False
830e6dfffffffff,7.592474870558165,4.56834342408408,1,False,False
830e6efffffffff,9.15249578176549,3.334523628083172,1,False,False
830e70fffffffff,13.03494330819217,1.738560692498062,1,False,False
830e71fffffffff,11.877724965266548,1.9082893702582209,1,False,False
830e72fffffffff,13.46634440990239,0.6151414926848444,1,False,False
830e73fffffffff,12.307649423569828,0.7926920728383481,1,False,False
830e74fffffffff,13.759699497476996,2.6911991942920443,1,False,False
830e75fffffffff,12.599826790403702,2.855225958028321,1,False,False
830e76fffffffff,14.196447474492622,1.5665827944030557,1,False,False
830e80fffffffff,20.932123419490907,-8.314273481742143,1,False,False
830e81fffffffff,19.786113726707303,-8.073057511170843,1,False,False
830e82fffffffff,21.29503133100468,-9.48859848403181,1,False,False
830e83fffffffff,20.154606647703385,-9.240363209286205,1,False,False
830e84fffffffff,21.706841555426045,-7.375803877423981,1,False,False
830e85fffffffff,20.55903096595452,-7.13886888281394,1,False,False
830e86fffffffff,22.074453750718327,-8.558489951980587,1,False,False
830e88fffffffff,17.86515592379787,-8.752834791665089,1,False,False
830e89fffffffff,16.718067664702772,-8.513452146631113,1,False,False
830e8afffffffff,18.234591622945054,-9.904833592232048,1,False,False
830e8bfffffffff,17.09222455071628,-9.658767267323016,1,False,False
830e8cfffffffff,18.637388821091463,-7.8347954757308145,1,False,False
830e8dfffffffff,17.48692492167918,-7.599441535641466,1,False,False
830e8efffffffff,19.010993477582225,-8.995123671532028,1,False,False
830e90fffffffff,22.77714367553837,-10.918959849540212,1,False,False
830e91fffffffff,21.64744065596988,-10.660860941031268,1,False,False
830e92fffffffff,23.11168671624398,-12.094755602580284,1,False,False
830e93fffffffff,21.98908017445901,-11.830088249509808,1,False,False
830e94fffffffff,23.5625345873672,-9.994239853002052,1,False,False
830e95fffffffff,22.43131767662032,-9.73987523299973,1,False,False
830e96fffffffff,23.901351594015715,-11.180178619814022,1,False,False
830e98fffffffff,19.729757095983924,-11.310009363861782,1,False,False
830e99fffffffff,18.59489121470258,-11.054511491653711,1,False,False
830e9afffffffff,20.07431741014725,-12.462695868579754,1,False,False
830e9bfffffffff,18.945751717025384,-12.20095323720889,1,False,False
830e9cfffffffff,20.513155705174967,-10.405836622323866,1,False,False
830e9dfffffffff,19.375222647425183,-10.153842206251428,1,False,False
830e9efffffffff,20.86146490009203,-11.568520645053823,1,False,False
830ea0fffffffff,22.09453004816559,-5.235219745387265,1,False,False
830ea1fffffffff,20.94074919766713,-5.010556852429122,1,False,False
830ea2fffffffff,22.47782297591536,-6.42521801676013,1,False,False
830ea3fffffffff,21.32881463260405,-6.192823509786947,1,False,False
830ea4fffffffff,22.8552436122012,-4.266389087483186,1,False,False
830ea5fffffffff,21.701002615810538,-4.046768593351997,1,False,False
830ea6fffffffff,23.244128051223218,-5.462813032944879,1,False,False
830ea8fffffffff,19.020683380347165,-5.736818334266505,1,False,False
830ea9fffffffff,17.863522335621283,-5.513111773884971,1,False,False
830eaafffffffff,19.40801380832999,-6.904885719190099,1,False,False
830eabfffffffff,18.254766677637924,-6.673807225791141,1,False,False
830eacfffffffff,19.7837562820098,-4.7887748970895085,1,False,False
830eadfffffffff,18.624536874467445,-4.569825337282251,1,False,False
830eaefffffffff,20.176109839506548,-5.963373072752714,1,False,False
830eb0fffffffff,23.989014059307674,-7.8587219778220225,1,False,False
830eb1fffffffff,22.850483544060147,-7.615738657312655,1,False,False
830eb2fffffffff,24.34430777267237,-9.05611430110489,1,False,False
830eb3fffffffff,23.212157290850406,-8.80575421588916,1,False,False
830eb4fffffffff,24.76094086175781,-6.899037045189345,1,False,False
830eb5fffffffff,23.622177117622208,-6.6606058267886405,1,False,False
830eb6fffffffff,25.121513751496,-8.10480340240969,1,False,False
830ec0fffffffff,12.887355387208562,-6.686214995464179,1,False,False
830ec1fffffffff,11.742922888566062,-6.464738912848407,1,False,False
830ec2fffffffff,13.27907797752517,-7.812307171383587,1,False,False
830ec3fffffffff,12.136746460515123,-7.584118252490969,1,False,False
830ec4fffffffff,13.639249432213589,-5.777624059044086,1,False,False
830ec5fffffffff,12.48967134158702,-5.560388704761466,1,False,False
830ec6fffffffff,14.034941139374734,-6.910380648453752,1,False,False
830ec8fffffffff,9.863791586166222,-7.135781404555488,1,False,False
830ec9fffffffff,8.735005831086744,-6.91555298408916,1,False,False
830ecafffffffff,10.255725199150556,-8.241794671522316,1,False,False
830ecbfffffffff,9.12813567929843,-8.015155295752837,1,False,False
830eccfffffffff,10.602590425859482,-6.245910785434654,1,False,False
830ecdfffffffff,9.467283457314863,-6.029689678150544,1,False,False
830ecefffffffff,10.998007532430814,-7.358623183408587,1,False,False
830ed0fffffffff,14.806160649328422,-9.175290372844936,1,False,False
830ed1fffffffff,13.664404025792043,-8.937795715774314,1,False,False
830ed2fffffffff,15.180870237392854,-10.305676933504133,1,False,False
830ed3fffffffff,14.04292504498152,-10.06181390433069,1,False,False
830ed4fffffffff,15.570707157320392,-8.276931966774448,1,False,False
830ed5fffffffff,14.424052780408402,-8.043231132656159,1,False,False
830ed6fffffffff,15.949090445998442,-9.41560030659107,1,False,False
830ed8fffffffff,11.772872070180522,-9.582467924734914,1,False,False
830ed9fffffffff,10.642646204767832,-9.346905925854172,1,False,False
830edafffffffff,12.15148251822219,-10.691929607395313,1,False,False
830edbfffffffff,11.024137528607092,-10.450295637657517,1,False,False
830edcfffffffff,12.524782194047464,-8.703075170537439,1,False,False
830eddfffffffff,11.388244843894231,-8.471088155837052,1,False,False
830edefffffffff,12.90660966795616,-9.820757497014842,1,False,False
830ee0fffffffff,13.985348654892787,-3.721411452306709,1,False,False
830ee1fffffffff,12.829953029649454,-3.5159267824905616,1,False,False
830ee2fffffffff,14.39158366661254,-4.858618487745769,1,False,False
830ee3fffffffff,13.23742834544004,-4.645846063368739,1,False,False
830ee4fffffffff,14.732570568648722,-2.787412455124498,1,False,False
830ee5fffffffff,13.573315426721724,-2.5868081873208224,1,False,False
830ee6fffffffff,15.143494556128449,-3.929499041205782,1,False,False
830ee8fffffffff,10.939711241949514,-4.228127400668612,1,False,False
830ee9fffffffff,9.798041889457956,-4.023096625650313,1,False,False
830eeafffffffff,11.343755856631782,-5.3457912530189065,1,False,False
830eebfffffffff,10.202445103532623,-5.133789858024626,1,False,False
830eecfffffffff,11.678277867478688,-3.3130016844253607,1,False,False
830eedfffffffff,10.53127372574318,-3.112593627056893,1,False,False
830eeefffffffff,12.086485178110973,-4.435696585465381,1,False,False
830ef0fffffffff,15.945532892935828,-6.220179526357426,1,False,False
830ef1fffffffff,14.791528676198718,-5.997539893336016,1,False,False
830ef2fffffffff,16.33570551851157,-7.366950570667605,1,False,False
830ef3fffffffff,15.184716481647794,-7.137278174455195,1,False,False
830ef4fffffffff,16.705621193004486,-5.292206711071601,1,False,False
830ef5fffffffff,15.547976863612112,-5.074057293930013,1,False,False
830ef6fffffffff,17.100275952480857,-6.445587027460924,1,False,False
830f00fffffffff,23.13519897677752,6.8447988149324495,1,False,False
830f01fffffffff,21.974562870380204,6.987645778761744,1,False,False
830f02fffffffff,23.60599312631914,5.680213849246705,1,False,False
830f03fffffffff,22.445485861909354,5.832068498393043,1,False,False
830f04fffffffff,23.81442483238968,7.861970281953823,1,False,False
830f05fffffffff,22.657320315747945,7.997807222530223,1,False,False
830f06fffffffff,24.292325354969137,6.699884362463163,1,False,False
830f08fffffffff,20.11626540027963,6.129377410875614,1,False,False
830f09fffffffff,18.949511128638285,6.274917076272072,1,False,False
830f0afffffffff,20.58011204144088,4.980784130271298,1,False,False
830f0bfffffffff,19.412613580668094,5.135010769277149,1,False,False
830f0cfffffffff,20.811378854225644,7.12846744731376,1,False,False
830f0dfffffffff,19.646620841765053,7.267304923849067,1,False,False
830f0efffffffff,21.28191843328296,5.981775269302393,1,False,False
830f10fffffffff,25.224181253879927,4.341641720982236,1,False,False
830f11fffffffff,24.06899589108785,4.504853219228237,1,False,False
830f12fffffffff,25.676742840242508,3.1471845282519624,1,False,False
830f13fffffffff,24.52352001047449,3.319568931992723,1,False,False
830f14fffffffff,25.91400644194788,5.369882239949467,1,False,False
830f15fffffffff,24.76248025099468,5.526166943744252,1,False,False
830f16fffffffff,26.37390406784304,4.176067942235471,1,False,False
830f18fffffffff,22.20292942287567,3.657083976703088,1,False,False
830f19fffffffff,21.037480907750467,3.8223099583330353,1,False,False
830f1afffffffff,22.652050026608897,2.480744639801548,1,False,False
830f1bfffffffff,21.487707066020576,2.6547856023521974,1,False,False
830f1cfffffffff,22.909282397907106,4.66575004078381,1,False,False
830f1dfffffffff,21.745996766932645,4.824378594813624,1,False,False
830f1efffffffff,23.365265576667746,3.4895193276623675,1,False,False
830f2afffffffff,21.497216814212788,8.131703061241051,1,False,False
830f2bfffffffff,20.33507585441047,8.26369767863853,1,False,False
830f2efffffffff,22.173078775065992,9.13849147421228,1,False,False
830f30fffffffff,26.11586669875696,7.584308151018531,1,False,False
830f31fffffffff,24.967583116224937,7.7241512815335165,1,False,False
830f32fffffffff,26.592289811953343,6.403678560545236,1,False,False
830f33fffffffff,25.44499692981056,6.552859103573699,1,False,False
830f36fffffffff,27.258370163534988,7.442397671763365,1,False,False
830f42fffffffff,15.452528318998574,6.699566983783736,1,False,False
830f43fffffffff,14.29123643706333,6.837257473141005,1,False,False
830f48fffffffff,11.980978662466224,7.10707352878425,1,False,False
830f49fffffffff,10.833869613286767,7.239270651964065,1,False,False
830f4afffffffff,12.42922195432109,6.016950582490851,1,False,False
830f4bfffffffff,11.278014617803027,6.157072260640045,1,False,False
830f4efffffffff,13.133739800160445,6.973080913680564,1,False,False
830f50fffffffff,17.07674904043452,5.437098405361338,1,False,False
830f51fffffffff,15.910370847667531,5.585042298726847,1,False,False
830f52fffffffff,17.53234763600497,4.304409640414607,1,False,False
830f53fffffffff,16.364365904496164,4.460729229471102,1,False,False
830f54fffffffff,17.782644888355346,6.41843535530138,1,False,False
830f56fffffffff,18.244494170578903,5.287101539469717,1,False,False
830f58fffffffff,14.034960126235202,4.767049386027421,1,False,False
830f59fffffffff,12.875488780292487,4.917130268217425,1,False,False
830f5afffffffff,14.48107724151096,3.650148407604519,1,False,False
830f5bfffffffff,13.319181043959654,3.8083034229510537,1,False,False
830f5cfffffffff,14.746344694312612,5.730973148054843,1,False,False
830f5dfffffffff,13.58564323750004,5.874929907089518,1,False,False
830f5efffffffff,15.198242127060698,4.614928930321714,1,False,False
830f72fffffffff,18.48127004264725,7.404198254678509,1,False,False
830f80fffffffff,26.24403277133084,-1.5021445766410355,1,False,False
830f81fffffffff,25.09816434492195,-1.2963534991915566,1,False,False
830f82fffffffff,26.646863369966592,-2.722700415111282,1,False,False
830f83fffffffff,25.50567611141977,-2.5081682133052032,1,False,False
830f84fffffffff,26.973175807976496,-0.4863035865423787,1,False,False
830f85fffffffff,25.82974086178488,-0.2866005423027217,1,False,False
830f86fffffffff,27.38294174274097,-1.7108013403901496,1,False,False
830f88fffffffff,23.20465829796573,-2.087764664321118,1,False,False
830f89fffffffff,22.04669327315052,-1.881788564121071,1,False,False
830f8afffffffff,23.610028083587228,-3.286696511840905,1,False,False
830f8bfffffffff,22.455944515597363,-3.0723723267123795,1,False,False
830f8cfffffffff,23.946241617610063,-1.0933746766385255,1,False,False
830f8dfffffffff,22.789198119568216,-0.8931558455464664,1,False,False
830f8efffffffff,24.357967882493007,-2.29654060754368,1,False,False
830f90fffffffff,28.165813393101857,-4.173365010302043,1,False,False
830f91fffffffff,27.03775491309188,-3.947185457764318,1,False,False
830f92fffffffff,28.538052157118244,-5.409193284254172,1,False,False
830f93fffffffff,27.41627681382681,-5.174495792233494,1,False,False
830f94fffffffff,28.90615177825778,-3.160696050168819,1,False,False
830f95fffffffff,27.780640363259288,-2.940191283644519,1,False,False
830f96fffffffff,29.285190575598616,-4.40264448381136,1,False,False
830f98fffffffff,25.148791532287955,-4.714413180954866,1,False,False
830f99fffffffff,24.00482084540569,-4.488920151197786,1,False,False
830f9afffffffff,25.52699411040328,-5.926993276507231,1,False,False
830f9bfffffffff,24.388591883837904,-5.693387100717004,1,False,False
830f9cfffffffff,25.901851328011087,-3.7240502890103504,1,False,False
830f9dfffffffff,24.75897441728369,-3.503905082406787,1,False,False
830f9efffffffff,26.28623902623377,-4.942920583446473,1,False,False
830fa0fffffffff,27.26366739559763,1.7595788445279554,1,False,False
830fa1fffffffff,26.11950700548956,1.943720426720624,1,False,False
830fa2fffffffff,27.69226605889058,0.5388514735296719,1,False,False
830fa3fffffffff,26.551847836160626,0.7322202195174562,1,False,False
830fa4fffffffff,27.96441780092142,2.794914535892339,1,False,False
830fa5fffffffff,26.82400808422726,2.972316638976504,1,False,False
830fa6fffffffff,28.40049837709783,1.5727842202266085,1,False,False
830fa8fffffffff,24.25115492824716,1.1108713015335636,1,False,False
830fa9fffffffff,23.09271483946332,1.2962575361838018,1,False,False
830faafffffffff,24.67981157269009,-0.0896635518308762,1,False,False
830fabfffffffff,23.5243071795716,0.1045598997278927,1,False,False
830facfffffffff,24.968902598649063,2.125261365732156,1,False,False
830fadfffffffff,23.812769711080183,2.30425279975744,1,False,False
830faefffffffff,25.40450974213748,0.9228759744900606,1,False,False
830fb0fffffffff,29.2370409962054,-0.8942240086708209,1,False,False
830fb1fffffffff,28.109227496042376,-0.6888264160861179,1,False,False
830fb2fffffffff,29.636425296393003,-2.136931650984217,1,False,False
830fb3fffffffff,28.514018328958144,-1.9223784162034632,1,False,False
830fb4fffffffff,29.9488944008977,0.1437584269866434,1,False,False
830fb5fffffffff,28.82489338944101,0.3427159141078712,1,False,False
830fb6fffffffff,30.35579863587752,-1.1025526183099053,1,False,False
831000fffffffff,24.8759921557425,38.20262204479663,1,False,False
831002fffffffff,24.380279079691867,39.24379023170084,1,False,False
831004fffffffff,24.26995784833364,37.28352181694326,1,False,False
831006fffffffff,23.78068689690732,38.31184093923501,1,False,False
831010fffffffff,22.76712255138588,40.375154968331735,1,False,True
831011fffffffff,23.87254993032379,40.28684527773776,1,False,False
831014fffffffff,22.18305107507621,39.43944087190566,1,False,False
831015fffffffff,23.27964315120872,39.3426054663681,1,False,False
831016fffffffff,21.66622223153612,40.4616890382375,1,False,True
831020fffffffff,24.13807767152683,35.37369589602356,1,False,False
831022fffffffff,23.666717502435688,36.38538116757404,1,False,False
831023fffffffff,24.747202096143635,36.25829910602627,1,False,False
831024fffffffff,23.532652566099124,34.50988833977175,1,False,False
831025fffffffff,24.597480106748364,34.366202307718304,1,False,False
831026fffffffff,23.066893326868016,35.50791769848985,1,False,False
831030fffffffff,22.101106609693247,37.51547428511652,1,False,False
831031fffffffff,23.18359554956883,37.40064993466866,1,False,False
831032fffffffff,21.601557431609194,38.52380518335988,1,False,False
831033fffffffff,22.6889478848022,38.418880702959136,1,False,False
831034fffffffff,21.51672020653791,36.63215765495702,1,False,False
831035fffffffff,22.5896381177374,36.509976980381246,1,False,False
831036fffffffff,21.023251434631646,37.62806127908171,1,False,False
831082fffffffff,20.59456572840364,46.54611162875194,1,False,True
831084fffffffff,20.609646642084428,44.50980611419426,1,False,True
831086fffffffff,20.0456255664524,45.541222438962464,1,False,True
831095fffffffff,19.47275536860964,46.5704066871397,1,False,False
8310a2fffffffff,20.053914118829702,43.5320659566455,1,False,True
8310a4fffffffff,20.039975674209337,41.55961206540215,1,False,True
8310a6fffffffff,19.499720097502355,42.57305800400541,1,False,True
8310b0fffffffff,18.39225513037597,44.59841742324583,1,False,True
8310b1fffffffff,19.49732135512114,44.554560650135336,1,False,True
8310b3fffffffff,18.93196743713301,45.57548943393809,1,False,True
8310b4fffffffff,17.85425039294486,43.63926779613128,1,False,True
8310b5fffffffff,18.95031853448448,43.586204046388936,1,False,True
831100fffffffff,20.71269103026848,32.19835378931354,1,False,False
831101fffffffff,21.74401572019016,32.03968890428503,1,False,False
831102fffffffff,20.256320769168724,33.14672257953656,1,False,False
831103fffffffff,21.29349121693908,32.99639863084523,1,False,False
831104fffffffff,20.137775052352247,31.419253691756456,1,False,False
831105fffffffff,21.158614920176987,31.255429701700866,1,False,False
831106fffffffff,19.68604383591752,32.3541463656594,1,False,False
831108fffffffff,23.380523133882104,32.687222667670014,1,False,False
831109fffffffff,24.42899618078214,32.52821252006896,1,False,False
83110afffffffff,22.9314927957776,33.66653068109048,1,False,False
83110bfffffffff,23.98673465893539,33.51646628282896,1,False,False
83110cfffffffff,22.7793535956224,31.87807403965972,1,False,False
83110dfffffffff,23.81802360811218,31.71342879713434,1,False,False
83110efffffffff,22.33512073553495,32.84325788370936,1,False,False
831110fffffffff,18.75266253587775,34.23926307505255,1,False,False
831111fffffffff,19.78967087610217,34.10005946836442,1,False,False
831112fffffffff,18.27142025269337,35.18854052388865,1,False,False
831113fffffffff,19.31294109452969,35.05787185324317,1,False,False
831114fffffffff,18.19800685884013,33.43921749409718,1,False,False
831115fffffffff,19.22427704844433,33.29430472424491,1,False,False
831116fffffffff,17.721883914643875,34.375931626989704,1,False,False
831118fffffffff,21.413444576484675,34.78908308438305,1,False,False
831119fffffffff,22.47106422615429,34.650823059792394,1,False,False
83111afffffffff,20.93634763805821,35.76867410280718,1,False,False
83111bfffffffff,21.999405155247743,35.63955286473741,1,False,False
83111cfffffffff,20.832261894069923,33.958251302907925,1,False,False
83111dfffffffff,21.87976589013727,33.8137665769387,1,False,False
83111efffffffff,20.36050599574865,34.9247422740813,1,False,False
831120fffffffff,20.006470697947904,29.7432157337166,1,False,False
831121fffffffff,21.01053668767696,29.56704505358549,1,False,False
831122fffffffff,19.5691130947308,30.65870969223556,1,False,False
831123fffffffff,20.57931445369116,30.49007598860993,1,False,False
831124fffffffff,19.440401764103648,29.01443142523038,1,False,False
831125fffffffff,20.433769409976858,28.83408257577844,1,False,False
831126fffffffff,19.007036430684444,29.91632526823921,1,False,False
831128fffffffff,22.612405430806422,30.143631382727182,1,False,False
831129fffffffff,23.634002699228088,29.965659047626456,1,False,False
83112afffffffff,22.183690960364707,31.08860992809865,1,False,False
83112bfffffffff,23.21234344449033,30.918714346159405,1,False,False
83112cfffffffff,22.01861735298019,29.38773472807822,1,False,False
83112dfffffffff,23.03007950338872,29.205203680450094,1,False,False
83112efffffffff,21.593958020903383,30.31840967882665,1,False,False
831130fffffffff,18.111353957158546,31.73822126211084,1,False,False
831131fffffffff,19.12181376202569,31.58015927050297,1,False,False
831132fffffffff,17.649341667128592,32.657412296777935,1,False,False
831133fffffffff,18.66471937656628,32.5071416873241,1,False,False
831134fffffffff,17.564499439437444,30.98718405122265,1,False,False
831135fffffffff,18.56397450879367,30.824387600107425,1,False,False
831136fffffffff,17.106997052653913,31.893512042515347,1,False,False
831140fffffffff,27.99196138977817,31.02283397549349,1,False,False
831144fffffffff,27.34905148170102,30.20667432899327,1,False,False
831145fffffffff,28.385254684465384,30.02009854292072,1,False,False
831146fffffffff,26.947018166487013,31.20046343573634,1,False,False
831154fffffffff,25.479824255639613,32.36614406399863,1,False,False
831155fffffffff,26.53228113091403,32.200930880076776,1,False,False
831156fffffffff,25.04476830448307,33.3634932049273,1,False,False
831160fffffffff,27.096639590372032,28.44115479989112,1,False,False
831161fffffffff,28.115105431199726,28.241206526894747,1,False,False
831162fffffffff,26.710969238198228,29.411714903765144,1,False,False
831163fffffffff,27.738397606045872,29.220088572360776,1,False,False
831164fffffffff,26.460474406503995,27.682751972152253,1,False,False
831165fffffffff,27.47001601848612,27.47851551497309,1,False,False
831166fffffffff,26.078227451093166,28.637434645919228,1,False,False
83116efffffffff,28.765556931114865,29.024813916409524,1,False,False
831170fffffffff,25.27766636611236,30.569361733961458,1,False,False
831171fffffffff,26.31295243103716,30.3897303810457,1,False,False
831172fffffffff,24.859330462325925,31.54566993517445,1,False,False
831173fffffffff,25.9025672449355,31.374711247519897,1,False,False
831174fffffffff,24.65808254983778,29.784407840904706,1,False,False
831175fffffffff,25.68396686490424,29.599790037742206,1,False,False
831176fffffffff,24.243897655870835,30.745660169165543,1,False,False
831180fffffffff,17.310392123173713,38.92354410696169,1,False,False
831181fffffffff,18.372993885532782,38.82648944839246,1,False,False
831182fffffffff,16.78743265026846,39.8958869317307,1,False,False
831183fffffffff,17.852493098906958,39.80811853577283,1,False,False
831184fffffffff,16.77261223296807,38.05727897827393,1,False,False
831185fffffffff,17.824772923640072,37.95302550153856,1,False,False
831186fffffffff,16.255705411610982,39.01876828340389,1,False,False
831188fffffffff,20.005119044184973,39.6274034387243,1,False,False
831189fffffffff,21.09128833206332,39.53435482199173,1,False,False
83118afffffffff,19.48112750083692,40.629638817843926,1,False,False
83118bfffffffff,20.57063602067374,40.54650012422375,1,False,False
83118cfffffffff,19.44285213643608,38.72755158818513,1,False,False
83118dfffffffff,20.51927858328289,38.62667578585745,1,False,False
83118efffffffff,18.92528302787087,39.71864069913519,1,False,False
831191fffffffff,16.25629304718123,40.8694977944676,1,False,False
831195fffffffff,15.730753518992405,39.981994010473045,1,False,False
831198fffffffff,17.862710414146076,41.70449727059303,1,False,False
831199fffffffff,18.947695246056327,41.63277099151961,1,False,False
83119bfffffffff,18.40524916651838,42.63618573779023,1,False,True
83119cfffffffff,17.32326343262131,40.79109174856716,1,False,False
83119dfffffffff,18.39843389232941,40.71115376309365,1,False,False
8311a0fffffffff,16.74239329008004,36.26138364986647,1,False,False
8311a1fffffffff,17.780802546167163,36.14164229567006,1,False,False
8311a2fffffffff,16.23959684580292,37.20914437452444,1,False,False
8311a3fffffffff,17.281094201419435,37.09806116372391,1,False,False
8311a4fffffffff,16.20906785329172,35.442757979541284,1,False,False
8311a5fffffffff,17.236589371043962,35.31681457384966,1,False,False
8311a6fffffffff,15.711751958122822,36.37893714069355,1,False,False
8311a8fffffffff,19.38630009070705,36.86954493904173,1,False,False
8311a9fffffffff,20.448701843073767,36.75199165942506,1,False,False
8311aafffffffff,18.884380174938883,37.8467764856238,1,False,False
8311abfffffffff,19.950770223672905,37.73847483346799,1,False,False
8311acfffffffff,18.82636463428222,36.01965250057796,1,False,False
8311adfffffffff,19.87843621304733,35.89535147211814,1,False,False
8311aefffffffff,18.33020839352145,36.9848810294039,1,False,False
8311b0fffffffff,14.693134258098873,38.260017434824896,1,False,False
8311b1fffffffff,15.728531952963095,38.159591940980526,1,False,False
8311b2fffffffff,14.183596682020127,39.17018164803015,1,False,False
8311b3fffffffff,15.209560638830943,39.11221276767513,1,False,False
8311b4fffffffff,14.224850925580608,37.27314307430698,1,False,False
8311b5fffffffff,15.206325678574798,37.31818759008225,1,False,False
8311b6fffffffff,13.715455638042249,38.1793739002188,1,False,False
831200fffffffff,30.69185821718365,-18.54244094560829,1,False,False
831201fffffffff,29.65708130887969,-18.23479314197781,1,False,False
831204fffffffff,31.4970744193121,-17.662676086607984,1,False,False
831205fffffffff,30.46311922220503,-17.3569688506497,1,False,False
831208fffffffff,27.802245176414644,-18.790010643568035,1,False,False
831209fffffffff,26.74692355502892,-18.487216996462973,1,False,False
83120afffffffff,28.036162915362183,-19.94082679117332,1,False,False
83120bfffffffff,26.991166850474464,-19.63330509034647,1,False,False
83120cfffffffff,28.61146344409258,-17.930488902950444,1,False,False
83120dfffffffff,27.55563089963131,-17.629490905819402,1,False,False
83120efffffffff,28.84779151213016,-19.096050336441383,1,False,False
831220fffffffff,32.06173760302747,-15.551414727382271,1,False,False
831221fffffffff,31.018776104783527,-15.253951890846,1,False,False
831222fffffffff,32.297650139493605,-16.766005783207206,1,False,False
831223fffffffff,31.2649814355806,-16.462518857979497,1,False,False
831224fffffffff,32.852455213711295,-14.62366063590606,1,False,False
831225fffffffff,31.811326196610345,-14.329060284393616,1,False,False
831226fffffffff,33.09265955472635,-15.852389972594302,1,False,False
831228fffffffff,29.16527481224725,-15.865881942101012,1,False,False
831229fffffffff,28.099469044718933,-15.572646874867418,1,False,False
83122afffffffff,29.4179093720503,-17.054665031469405,1,False,False
83122bfffffffff,28.36205609971495,-16.75572466155044,1,False,False
83122cfffffffff,29.964352312234208,-14.959956092234014,1,False,False
83122dfffffffff,28.8990870640518,-14.669382281871084,1,False,False
83122efffffffff,30.22065804017943,-16.162491795937726,1,False,False
831235fffffffff,33.31811264829379,-17.07299543936835,1,False,False
831240fffffffff,23.24403305289566,-16.45781801107187,1,False,False
831241fffffffff,22.1478466283769,-16.172794800020803,1,False,False
831242fffffffff,23.52926814289396,-17.59796524793243,1,False,False
831243fffffffff,22.441979529058344,-17.30780893786684,1,False,False
831244fffffffff,24.045839886860453,-15.592804063518669,1,False,False
831245fffffffff,22.947318479733667,-15.310087438000256,1,False,False
831246fffffffff,24.33369375427219,-16.74596241671659,1,False,False
831248fffffffff,20.25010530857784,-16.736680735353634,1,False,False
831249fffffffff,19.147212089137348,-16.45564022673508,1,False,False
83124afffffffff,20.55058906664918,-17.853894220708387,1,False,False
83124bfffffffff,19.455890870459577,-17.567977683340306,1,False,False
83124cfffffffff,21.0459671892263,-15.890856223030628,1,False,False
83124dfffffffff,19.939251970419352,-15.61196590902748,1,False,False
83124efffffffff,21.34864689747228,-17.02072555740812,1,False,False
831250fffffffff,24.87388249688203,-19.02777931684892,1,False,False
831251fffffffff,23.803006188878765,-18.729710683785186,1,False,False
831252fffffffff,25.126282888924464,-20.15482896140888,1,False,False
831253fffffffff,24.06526779163117,-19.85227405915198,1,False,False
831254fffffffff,25.68250478070648,-18.18763466968627,1,False,False
831255fffffffff,24.609703387767752,-17.891228968020386,1,False,False
831256fffffffff,25.9368438186533,-19.32896668696977,1,False,False
831258fffffffff,21.921667869132367,-19.256309962198728,1,False,False
831259fffffffff,20.84063211492531,-18.96284067137997,1,False,False
83125afffffffff,22.19196337656465,-20.36052093157945,1,False,False
83125bfffffffff,21.120199414955604,-20.06279042450318,1,False,False
83125cfffffffff,22.72497051918248,-18.434728481649262,1,False,False
83125dfffffffff,21.640560796888057,-18.142800415346738,1,False,False
83125efffffffff,22.99680920780301,-19.552777734673786,1,False,False
831260fffffffff,24.54348069746908,-13.540418099285867,1,False,False
831261fffffffff,23.43474667218085,-13.266290860135454,1,False,False
831262fffffffff,24.846495983777427,-14.712770071063185,1,False,False
831263fffffffff,23.746168149564188,-14.43261524546478,1,False,False
831264fffffffff,25.338324747649345,-12.633565780677175,1,False,False
831265fffffffff,24.228390734533694,-12.36256663572641,1,False,False
831266fffffffff,25.645078718968023,-13.817747453951611,1,False,False
831268fffffffff,21.52638845645927,-13.881765344784368,1,False,False
831269fffffffff,20.40866463351865,-13.61098928345796,1,False,False
83126afffffffff,21.84262027058275,-15.030498324110257,1,False,False
83126bfffffffff,20.73260048702369,-14.753998207251051,1,False,False
83126cfffffffff,22.319722039102302,-12.995322931084392,1,False,False
83126dfffffffff,21.19927990864469,-12.727471922315104,1,False,False
83126efffffffff,22.63918187950092,-14.15562722462025,1,False,False
831270fffffffff,26.22106847332568,-16.16777517927409,1,False,False
831271fffffffff,25.137356026984893,-15.878686972473536,1,False,False
831272fffffffff,26.49024969068644,-17.331761904425562,1,False,False
831273fffffffff,25.41602391907109,-17.03726475099665,1,False,False
831274fffffffff,27.023919165941507,-15.282744425207277,1,False,False
831275fffffffff,25.939343056978466,-14.996132694498426,1,False,False
831276fffffffff,27.29621178424467,-16.460107925207282,1,False,False
8312e5fffffffff,26.17912411598155,-20.460472401259224,1,False,False
8312e9fffffffff,22.451477100127324,-21.45473984477647,1,False,False
8312ecfffffffff,24.316109723939785,-20.964915882024982,1,False,False
8312edfffffffff,23.25752151029502,-20.66122014735701,1,False,False
831300fffffffff,36.19859684412452,-12.02887683363117,1,False,False
831301fffffffff,35.17911374448925,-11.741080965946404,1,False,False
831302fffffffff,36.44448278644414,-13.305254956912671,1,False,False
831303fffffffff,35.43505232658566,-13.009978245761346,1,False,False
831304fffffffff,36.952028813413655,-11.03117459161203,1,False,False
831305fffffffff,35.93646686513942,-10.747506423111624,1,False,False
831306fffffffff,37.20422982216859,-12.320402610100022,1,False,False
831308fffffffff,33.37598018110458,-12.430457263987265,1,False,False
831309fffffffff,32.32732834365832,-12.146105356049954,1,False,False
83130afffffffff,33.63620407523912,-13.679295828487936,1,False,False
83130bfffffffff,32.59737145910278,-13.38786656504256,1,False,False
83130cfffffffff,34.14623047607241,-11.456958126031829,1,False,False
83130dfffffffff,33.10044368288934,-11.176452152800344,1,False,False
83130efffffffff,34.4120608709125,-12.718397055590271,1,False,False
831318fffffffff,34.896976515627955,-15.223591448130042,1,False,False
831319fffffffff,33.88117644544954,-14.921821524922368,1,False,False
83131bfffffffff,34.11100902556562,-16.156923299532465,1,False,False
83131cfffffffff,35.67510211487336,-14.27301682475096,1,False,False
83131dfffffffff,34.66227860876048,-13.974328808375237,1,False,False
831320fffffffff,37.41859752474248,-8.712441596483757,1,False,False
831321fffffffff,36.39785709253008,-8.44181247353347,1,False,False
831322fffffffff,37.69448665717807,-10.01706690653144,1,False,False
831323fffffffff,36.6832449252725,-9.73787671167811,1,False,False
831324fffffffff,38.14170339656903,-7.671499196046414,1,False,False
831325fffffffff,37.12581354003087,-7.406069665855319,1,False,False
831326fffffffff,38.42513480921757,-8.986796733074442,1,False,False
831328fffffffff,34.61933993108267,-9.19058277949473,1,False,False
831329fffffffff,33.56762793732923,-8.922357577868182,1,False,False
83132afffffffff,34.90721495854323,-10.467536298584466,1,False,False
83132bfffffffff,33.86474764652686,-10.191205483460733,1,False,False
83132cfffffffff,35.363342465832474,-8.174845804686484,1,False,False
83132dfffffffff,34.31553007024431,-7.91147910284242,1,False,False
83132efffffffff,35.658045368215966,-9.462402405910396,1,False,False
831330fffffffff,38.9404186011512,-11.609844177047584,1,False,False
831331fffffffff,37.953473156574056,-11.318600375208652,1,False,False
831333fffffffff,38.19560903966773,-12.615715887661697,1,False,False
831334fffffffff,39.67352300391165,-10.586844584844725,1,False,False
831335fffffffff,38.69136559076273,-10.300035156678543,1,False,False
831340fffffffff,28.79982017508807,-10.08949926652978,1,False,False
831341fffffffff,27.69858140527023,-9.826260835934878,1,False,False
831342fffffffff,29.111815886502047,-11.314051113546636,1,False,False
831343fffffffff,28.018973599695293,-11.043528088105202,1,False,False
831344fffffffff,29.573859632677785,-9.121130046494214,1,False,False
831345fffffffff,28.474070582894093,-8.862144190902505,1,False,False
831346fffffffff,29.891327218877286,-10.356084762381926,1,False,False
831348fffffffff,25.80615484917873,-10.512421595241712,1,False,False
831349fffffffff,24.68777399314905,-10.251739401215652,1,False,False
83134afffffffff,26.129756973217223,-11.712159741218253,1,False,False
83134bfffffffff,25.01917598665196,-11.444563106040082,1,False,False
83134cfffffffff,26.58837512339424,-9.566317734969598,1,False,False
83134dfffffffff,25.470004278056468,-9.309618972472192,1,False,False
83134efffffffff,26.91682681783492,-10.776334812386548,1,False,False
831350fffffffff,30.483632444500724,-12.81561642143673,1,False,False
831351fffffffff,29.40993921201308,-12.534695455451375,1,False,False
831352fffffffff,30.758347906692165,-14.037972371866426,1,False,False
831353fffffffff,29.69412345419021,-13.750349214507732,1,False,False
831354fffffffff,31.26666961843512,-11.86528843512693,1,False,False
831355fffffffff,30.194613916292067,-11.58795423213615,1,False,False
831356fffffffff,31.5463195113535,-13.09999019804982,1,False,False
831358fffffffff,27.53456559548121,-13.18530859257548,1,False,False
831359fffffffff,26.440651175768345,-12.907797962649695,1,False,False
83135afffffffff,27.823643674808658,-14.382185748486256,1,False,False
83135bfffffffff,26.73872643524713,-14.098322135159272,1,False,False
83135cfffffffff,28.325912395533816,-12.257178057694324,1,False,False
83135dfffffffff,27.23226668879963,-11.983015532853646,1,False,False
83135efffffffff,28.619299629789005,-13.46614355827342,1,False,False
831360fffffffff,30.002496452365243,-6.892799331174198,1,False,False
831361fffffffff,28.896999648805497,-6.646532140873628,1,False,False
831362fffffffff,30.34015521826636,-8.138660244510113,1,False,False
831363fffffffff,29.24235204161464,-7.884229191754536,1,False,False
831364fffffffff,30.75359255812153,-5.888178340458687,1,False,False
831365fffffffff,29.65074934912632,-5.647068596163543,1,False,False
831366fffffffff,31.097785274855635,-7.142369857566901,1,False,False
831368fffffffff,27.01808540856664,-7.385234549762201,1,False,False
831369fffffffff,25.89320382904199,-7.140562659609027,1,False,False
83136afffffffff,27.364885031698297,-8.60646289706737,1,False,False
83136bfffffffff,26.24709087302345,-8.354033309214016,1,False,False
83136cfffffffff,27.78204793740314,-6.4035120540143575,1,False,False
83136dfffffffff,26.658435321096874,-6.163683843638085,1,False,False
83136efffffffff,28.13473836103333,-7.633105496728199,1,False,False
831370fffffffff,31.742300548333493,-9.649231043551886,1,False,False
831371fffffffff,30.663504631815083,-9.383474154473918,1,False,False
831372fffffffff,32.042296739452226,-10.89950761226348,1,False,False
831373fffffffff,30.97237942617378,-10.626069803338751,1,False,False
831374fffffffff,32.503456151183684,-8.657667499173847,1,False,False
831375fffffffff,31.42741846921854,-8.396454190728178,1,False,False
831376fffffffff,32.80958661390755,-9.918456082877142,1,False,False
831400fffffffff,66.80092504221696,56.1539985322221,1,False,False
831401fffffffff,67.39824441385196,53.87724053278681,1,False,False
831403fffffffff,67.89973781728727,56.27604940338718,1,False,False
831404fffffffff,65.69916769636943,56.042126476560526,1,False,False
831405fffffffff,66.29060736472437,53.85988438291372,1,False,False
831406fffffffff,66.17907577848142,58.29805837693046,1,False,False
831408fffffffff,69.07501367351942,51.365627999542575,1,False,False
831409fffffffff,69.61268284372912,48.68029214311617,1,False,False
83140cfffffffff,67.96718845591523,51.46295351580867,1,False,False
83140dfffffffff,68.50368514459488,48.90766039534032,1,False,False
83140efffffffff,68.50256267456056,53.89622755245031,1,False,False
831420fffffffff,64.06865342966336,53.82929069420586,1,False,False
831421fffffffff,64.62404913126326,51.70757323949308,1,False,False
831422fffffffff,64.59528408062869,55.939211622715554,1,False,False
831423fffffffff,65.18046787177956,53.84395763544805,1,False,False
831424fffffffff,62.95599903131831,53.81573977169862,1,False,False
831425fffffffff,63.505915023114845,51.77640233668128,1,False,False
831426fffffffff,63.4901000548724,55.84422021292099,1,False,False
831428fffffffff,66.27298608054375,49.303392366741605,1,False,False
831429fffffffff,66.77315059467128,46.85390063856872,1,False,False
83142afffffffff,66.85553136316885,51.551689916832224,1,False,False
83142bfffffffff,67.39016556250124,49.11447305109411,1,False,False
83142cfffffffff,65.15301843775552,49.47664061140375,1,False,False
83142dfffffffff,65.65215087190774,47.135133615959546,1,False,False
83142efffffffff,65.740871216037,51.63292577953829,1,False,False
831430fffffffff,64.45079657541844,60.04638624450477,1,False,False
831431fffffffff,65.08478272425059,58.10262304414124,1,False,False
831433fffffffff,65.53628964302398,60.31519340374759,1,False,False
831434fffffffff,63.36366493557886,59.79781945067014,1,False,False
831435fffffffff,63.98864333407612,57.92237308626655,1,False,False
831436fffffffff,63.80031550744459,61.87895366914024,1,False,False
831454fffffffff,70.11095835207551,45.83848021501074,1,False,False
831462fffffffff,68.0440336981875,38.79709119571273,1,False,False
831464fffffffff,66.17298378676765,37.419769126171104,1,False,False
831466fffffffff,66.9351606278273,39.45529139607711,1,False,False
831470fffffffff,68.35268013450806,43.84867262668464,1,False,False
831471fffffffff,68.77239677161346,41.0231662299251,1,False,False
831472fffffffff,69.0034780568675,46.20970882217259,1,False,False
831473fffffffff,69.46218796238948,43.369782736793006,1,False,False
831474fffffffff,67.23759268924196,44.28459159698751,1,False,False
831475fffffffff,67.66248814032514,41.59754301999418,1,False,False
831476fffffffff,67.89056792743816,46.54667798192733,1,False,False
831480fffffffff,51.24376829435592,127.13250314019884,1,False,False
831481fffffffff,51.73547152854691,128.5287253756127,1,False,False
831482fffffffff,50.3181373599967,127.26292009560896,1,False,False
831483fffffffff,50.79914542594257,128.62191086805535,1,False,False
831484fffffffff,51.67107745398172,125.60746392913222,1,False,False
831485fffffffff,52.18454685240059,126.99443730623656,1,False,False
831486fffffffff,50.7418157934779,125.78203337893144,1,False,False
831488fffffffff,51.72703776613746,131.47147974777627,1,False,False
831489fffffffff,52.17112561723822,132.96262151113618,1,False,False
83148afffffffff,50.78714931082285,131.48163093484007,1,False,False
83148bfffffffff,51.22303455986499,132.93010135994797,1,False,False
83148cfffffffff,52.21550522347512,129.9713214243759,1,False,False
83148dfffffffff,52.682399392119294,131.4607194243636,1,False,False
83148efffffffff,51.26923835242924,130.02463671464963,1,False,False
831490fffffffff,48.928384984578464,126.1034420170357,1,False,False
831491fffffffff,49.40777668952642,127.38630541852658,1,False,False
831492fffffffff,48.04441271336999,126.25170709139792,1,False,False
831493fffffffff,48.512772158648815,127.5032118053491,1,False,False
831494fffffffff,49.32865149253987,124.67377441571622,1,False,False
831495fffffffff,49.82754605838717,125.94710892442733,1,False,False
831496fffffffff,48.44123459566376,124.86076350656006,1,False,False
831498fffffffff,49.423186843420666,130.1225922829188,1,False,False
831499fffffffff,49.86285474338903,131.49122328556402,1,False,False
83149afffffffff,48.52357787989449,130.16769051780838,1,False,False
83149bfffffffff,48.9542383449533,131.5003017102766,1,False,False
83149cfffffffff,49.87820839358018,128.70998529249613,1,False,False
83149dfffffffff,50.338430354653696,130.0749797555018,1,False,False
83149efffffffff,48.97275462136535,128.79335754105637,1,False,False
8314a2fffffffff,52.07987174605506,124.04773649057005,1,False,False
8314a3fffffffff,52.61517531955655,125.4225608388353,1,False,False
8314aafffffffff,52.68705543548685,128.42997115680865,1,False,False
8314abfffffffff,53.17708775359496,129.9147627570346,1,False,False
8314b0fffffffff,50.61701237331795,122.97553511770953,1,False,False
8314b1fffffffff,51.148102601822586,124.26817243995151,1,False,False
8314b2fffffffff,49.71256039164114,123.21507721023364,1,False,False
8314b3fffffffff,50.23097849849457,124.47653143633995,1,False,False
8314b4fffffffff,50.98461786329202,121.4452890730149,1,False,False
8314b5fffffffff,51.53588330123919,122.72240659052844,1,False,False
8314b6fffffffff,50.07912779712701,121.72840451168722,1,False,False
8314d6fffffffff,51.64472528117623,134.42034967119045,1,False,False
8314f2fffffffff,53.13464193024661,132.9971228269598,1,False,False
8314f6fffffffff,53.65307505054738,131.44929344139868,1,False,False
831500fffffffff,59.07295295825266,55.52763693489492,1,False,False
831501fffffffff,59.62137974642928,53.78063983754067,1,False,False
831502fffffffff,59.60224050892025,57.32263701440365,1,False,False
831503fffffffff,60.17504707466108,55.598587329620266,1,False,False
831504fffffffff,57.97368192643076,55.46126848458432,1,False,False
831505fffffffff,58.513733977540966,53.77048521238508,1,False,False
831506fffffffff,58.50930033247021,57.19710787850663,1,False,False
831508fffffffff,61.26913236489837,51.89912910973271,1,False,False
831509fffffffff,61.78519345318692,49.91967787300632,1,False,False
83150afffffffff,61.84334343025252,53.80318215974125,1,False,False
83150bfffffffff,62.38732395066599,51.8400676411944,1,False,False
83150cfffffffff,60.15219430787913,51.95406858015176,1,False,False
83150dfffffffff,60.6628878449693,50.0463315959674,1,False,False
83150efffffffff,60.73152535896214,53.79151250326392,1,False,False
831510fffffffff,59.49165519722045,60.7664769257573,1,False,False
831511fffffffff,60.10083225992218,59.15308862284214,1,False,False
831512fffffffff,59.93722956133409,62.59468793473658,1,False,False
831513fffffffff,60.56808530927774,61.01621075457106,1,False,False
831514fffffffff,58.41709007335828,60.53266823524257,1,False,False
831515fffffffff,59.01550518337947,58.96634194657148,1,False,False
831516fffffffff,58.872158499210016,62.30061401821598,1,False,False
831518fffffffff,61.794153011130064,57.60087168568658,1,False,False
831519fffffffff,62.38444572253893,55.75627159081144,1,False,False
83151afffffffff,62.27573685644608,59.56729829588906,1,False,False
83151bfffffffff,62.891489513207055,57.75560801753377,1,False,False
83151cfffffffff,60.69746249763495,57.45690997959888,1,False,False
83151dfffffffff,61.27915199264074,55.67461088366253,1,False,False
83151efffffffff,61.18784940512632,59.35293319370842,1,False,False
831520fffffffff,56.30919197311117,53.75206319157712,1,False,False
831521fffffffff,56.817326236077896,52.098060530404574,1,False,False
831522fffffffff,56.87803314767539,55.39905217444267,1,False,False
831523fffffffff,57.409404236325976,53.76097977198355,1,False,False
831524fffffffff,55.2138805331082,53.74368239594602,1,False,False
831525fffffffff,55.71376298739136,52.14017843700869,1,False,False
831526fffffffff,55.78678938883291,55.34061030825261,1,False,False
831528fffffffff,58.42398721993951,50.27438205443694,1,False,False
831529fffffffff,58.9026765962706,48.42366309659079,1,False,False
83152afffffffff,59.03735761451223,52.00530293228732,1,False,False
83152bfffffffff,59.54219717480155,50.16427720982156,1,False,False
83152cfffffffff,57.30911049039754,50.37740209575821,1,False,False
83152dfffffffff,57.78237313104926,48.58926987503762,1,False,False
83152efffffffff,57.92546016530701,52.05319467536295,1,False,False
831530fffffffff,56.85313479527337,58.62732157458603,1,False,False
831531fffffffff,57.41944289124784,57.079496505421176,1,False,False
831532fffffffff,57.34519237031382,60.31331556362957,1,False,False
831533fffffffff,57.93267537762801,58.791449966868015,1,False,False
831534fffffffff,55.7776574685066,58.47299524108491,1,False,False
831535fffffffff,56.333453680799,56.96907758167247,1,False,False
831536fffffffff,56.276746365594825,60.10712430002875,1,False,False
831540fffffffff,62.45100627549698,41.5947405638852,1,False,False
831541fffffffff,62.82057090672735,39.28196756661109,1,False,False
831542fffffffff,63.175792193541504,43.45222996865766,1,False,False
831543fffffffff,63.57704029123005,41.12254130104894,1,False,False
831544fffffffff,61.32349238266728,42.03262634891252,1,False,False
831545fffffffff,61.69629659567634,39.81203177714188,1,False,False
831546fffffffff,62.04767847618827,43.82961081606212,1,False,False
83154afffffffff,65.06012171581443,38.09127391517293,1,False,False
83154cfffffffff,63.15365742175137,36.895066862065306,1,False,False
83154efffffffff,63.942242167344325,38.710058265913226,1,False,False
831550fffffffff,63.40310997380002,47.631750725576254,1,False,False
831551fffffffff,63.86886637497553,45.385152623365805,1,False,False
831552fffffffff,64.03114155033826,49.63608722253753,1,False,False
831553fffffffff,64.52849516154562,47.39352900788092,1,False,False
831554fffffffff,62.27691978978917,47.852065180525024,1,False,False
831555fffffffff,62.74143221368834,45.69601559852131,1,False,False
831556fffffffff,62.90823853617338,49.78331606212307,1,False,False
831558fffffffff,65.42639460781196,42.602490052912685,1,False,False
831559fffffffff,65.82025430044781,40.058025535255126,1,False,False
83155afffffffff,66.11793138130179,44.68303065835713,1,False,False
83155bfffffffff,66.5467894318061,42.12192504088486,1,False,False
83155cfffffffff,64.30237705743559,43.044449876866125,1,False,False
83155dfffffffff,64.70049726717771,40.6119032027789,1,False,False
83155efffffffff,64.99469299424065,45.04859027708894,1,False,False
831560fffffffff,59.44452442329434,40.7634486740611,1,False,False
831561fffffffff,59.79066342764677,38.64460193548202,1,False,False
831562fffffffff,60.19557079539053,42.43976171117773,1,False,False
831563fffffffff,60.57057378374993,40.30459978978384,1,False,False
831564fffffffff,58.319238275651806,41.19187298064264,1,False,False
831565fffffffff,58.66758308094703,39.15017322803457,1,False,False
831566fffffffff,59.068288464457545,42.81923881845709,1,False,False
831568fffffffff,61.22193366055484,35.8383719616317,1,False,False
83156afffffffff,62.03488954812135,37.5212346574639,1,False,False
83156bfffffffff,62.33677963502188,35.16451153263783,1,False,False
83156cfffffffff,60.10443075144119,36.465806988340205,1,False,False
83156dfffffffff,60.38364449044968,34.23104146644468,1,False,False
83156efffffffff,60.91348861537194,38.10292348629077,1,False,False
831570fffffffff,60.48561566818948,46.2515235482442,1,False,False
831571fffffffff,60.91905726293292,44.17984019588522,1,False,False
831572fffffffff,61.15084444968785,48.056412539168605,1,False,False
831573fffffffff,61.61336189461648,45.98399811766414,1,False,False
831574fffffffff,59.35914034195197,46.50068638597938,1,False,False
831575fffffffff,59.79093179427953,44.505722992976615,1,False,False
831576fffffffff,60.0257962109809,48.24646322402442,1,False,False
831593fffffffff,51.065535625196034,117.11395728226364,1,False,False
83159afffffffff,51.33280649232943,119.88717500540434,1,False,False
83159bfffffffff,51.90408022942188,121.14603612327424,1,False,False
8315a0fffffffff,59.69273678855978,65.9051500777907,1,False,False
8315a1fffffffff,60.35183437659524,64.44783339121643,1,False,False
8315a3fffffffff,60.73520783629523,66.32247753132363,1,False,False
8315a4fffffffff,58.6508175241681,65.51369007070329,1,False,False
8315a5fffffffff,59.297470064887776,64.0924685993025,1,False,False
8315a6fffffffff,59.02813957917086,67.2853875725744,1,False,False
8315a8fffffffff,62.070095073089874,63.24520012643301,1,False,False
8315a9fffffffff,62.72325341319301,61.57039070301637,1,False,False
8315abfffffffff,63.136204703907445,63.60616007074741,1,False,False
8315acfffffffff,61.00348657389098,62.90884682305192,1,False,False
8315adfffffffff,61.645562073192096,61.28354358159932,1,False,False
8315aefffffffff,61.40665997182695,64.82748276050616,1,False,False
831800fffffffff,5.4599872408302055,12.614266506331433,1,False,False
831801fffffffff,4.7440115970527525,13.456224225616657,1,False,False
831804fffffffff,6.476980835731593,12.793141622869692,1,False,False
831805fffffffff,5.7666495592134215,13.631059916799964,1,False,False
831808fffffffff,2.98509075749546,14.12560200869598,1,False,False
831809fffffffff,2.2606724934841465,14.971037346093064,1,False,False
83180afffffffff,2.6600251833180235,13.101436125025362,1,False,False
83180bfffffffff,1.9322386120985109,13.951510269171296,1,False,False
83180cfffffffff,4.025682856838341,14.297998735235147,1,False,False
83180dfffffffff,3.305685028875238,15.139226981045576,1,False,False
83180efffffffff,3.708314203066192,13.27969011777959,1,False,False
83181dfffffffff,3.386396042810009,12.251331367473275,1,False,False
831820fffffffff,7.77110671054346,13.975720502049372,1,False,False
831821fffffffff,7.06923763777689,14.805232936281586,1,False,False
831822fffffffff,7.480224929066821,12.970316596740656,1,False,False
831823fffffffff,6.775806536081389,13.804218375021502,1,False,False
831824fffffffff,8.75221919432809,14.145586920429489,1,False,False
831825fffffffff,8.056356205936344,14.9710622349694,1,False,False
831828fffffffff,5.357986318007672,15.470688404125612,1,False,False
831829fffffffff,4.645896194521429,16.30255372887156,1,False,True
83182afffffffff,5.05352586424165,14.468722007216456,1,False,False
83182bfffffffff,4.338277679709642,15.305770239392055,1,False,False
83182cfffffffff,6.364392077490129,15.634002452636883,1,False,False
83182dfffffffff,5.657214586004232,16.461683853308916,1,False,False
83182efffffffff,6.0681766455426525,14.63779308543736,1,False,False
831836fffffffff,7.979557563057077,12.362574720023876,1,False,False
831840fffffffff,0.4228320989359077,18.4914850693309,1,False,False
831841fffffffff,-0.2951492691359747,19.32461776952894,1,False,False
831844fffffffff,1.4696101251356029,18.64074536104412,1,False,False
831845fffffffff,0.7539240506741154,19.46944575923573,1,False,False
831846fffffffff,1.142591146175221,17.65603033692068,1,False,False
831849fffffffff,-1.1316914087373369,18.846637600663776,1,False,False
83184afffffffff,0.5683410769078382,18.120937586818947,1,False,False
83184bfffffffff,-0.5290570963176716,18.00212476906836,1,False,False
83184cfffffffff,-1.0106817259923997,20.15508740480077,1,False,False
83184dfffffffff,-1.7231075907955224,20.98255959130644,1,False,False
831859fffffffff,1.1873948627272075,17.264224200448762,1,False,False
83185bfffffffff,1.813786353685816,16.396589405708454,1,False,False
831860fffffffff,2.8182935431682345,19.75473705629477,1,False,False
831861fffffffff,2.1092986069554285,20.571924048580865,1,False,False
831862fffffffff,2.5049112978153216,18.78850791129925,1,False,False
831863fffffffff,1.7919098366466812,19.612812105664247,1,False,False
831864fffffffff,3.832602626628981,19.895240524277853,1,False,True
831865fffffffff,3.1265458677999507,20.708074360313496,1,False,False
831866fffffffff,3.528238385830888,18.93479321476521,1,False,True
831868fffffffff,0.3708683443986339,21.252916815228147,1,False,False
831869fffffffff,-0.3358805410788051,22.068079623204603,1,False,False
83186afffffffff,0.0401745837640057,20.2954503553873,1,False,False
83186bfffffffff,-0.6709828235919459,21.118430746929054,1,False,False
83186cfffffffff,1.4019001578233043,21.3860374089401,1,False,False
83186dfffffffff,0.6967344940106445,22.19676769373589,1,False,False
83186efffffffff,1.080344944227776,20.43438925237366,1,False,False
831870fffffffff,2.9041163074066536,16.97660327069356,1,False,False
831871fffffffff,2.186565938807303,17.809684218396402,1,False,False
831874fffffffff,3.932573379228818,17.13304105954713,1,False,True
831875fffffffff,3.218688259266863,17.961805862172536,1,False,False
831876fffffffff,3.621580934022953,16.141848529836164,1,False,True
8318e4fffffffff,1.599658792086745,12.921440491931556,1,False,False
831900fffffffff,12.27936243132709,13.831407488554987,1,False,False
831901fffffffff,11.607771563623023,14.645574018858673,1,False,False
831903fffffffff,11.349295660851409,13.66242676108016,1,False,False
831904fffffffff,13.194201879491844,13.998808829201709,1,False,False
831905fffffffff,12.529681039888654,14.809098340788832,1,False,False
831908fffffffff,9.987574429963368,15.297970440637943,1,False,False
831909fffffffff,9.300270452404718,16.114525170052097,1,False,False
83190afffffffff,9.718856960274971,14.313837976235636,1,False,False
83190bfffffffff,9.029223726678683,15.13530136883667,1,False,False
83190cfffffffff,10.931184030172288,15.45908927186936,1,False,False
83190dfffffffff,10.250158948897214,16.27162654783762,1,False,False
83190efffffffff,10.670775546354532,14.480493741862778,1,False,False
83191afffffffff,9.140597620828329,13.67085909024753,1,False,False
83191cfffffffff,11.084508264737986,12.669666996435778,1,False,False
83191dfffffffff,10.40414542767153,13.491847170864352,1,False,False
831920fffffffff,14.327770721634211,15.13155593119228,1,False,False
831921fffffffff,13.6719121088419,15.933338388416036,1,False,False
831923fffffffff,13.436377629919932,14.971085976130643,1,False,False
831925fffffffff,14.555087046789984,16.088448964227403,1,False,False
831928fffffffff,12.105537309870527,16.58133748386548,1,False,False
831929fffffffff,11.433085097399672,17.38452172420512,1,False,False
83192afffffffff,11.859868178201758,15.618677406107215,1,False,False
83192bfffffffff,11.185303278686014,16.42722424469467,1,False,False
83192cfffffffff,13.01073194566861,16.73398520947524,1,False,False
83192dfffffffff,12.344749557491625,17.533186904819562,1,False,False
83192efffffffff,12.773480765368436,15.776754112357883,1,False,False
831940fffffffff,7.493356777412425,19.505560394587853,1,False,False
831941fffffffff,6.798986739574701,20.308416270665752,1,False,True
831942fffffffff,7.219725984744688,18.55537905877473,1,False,False
831943fffffffff,6.522044564900617,19.364985663547227,1,False,True
831944fffffffff,8.450845477742352,19.644755500562656,1,False,False
831945fffffffff,7.761109291554219,20.443426455116565,1,False,False
831946fffffffff,8.186267599472064,18.70014346727488,1,False,False
831948fffffffff,5.124168915754655,20.97629834959092,1,False,True
831949fffffffff,4.425223750479898,21.777397448860054,1,False,True
83194afffffffff,4.834406643903844,20.03434209426089,1,False,True
83194bfffffffff,4.131638338284632,20.842859473476302,1,False,True
83194cfffffffff,6.103771473002124,21.1084096317126,1,False,True
83194dfffffffff,5.408324729593334,21.90524562085305,1,False,True
83194efffffffff,5.823317053124337,20.17206102812983,1,False,True
831950fffffffff,7.639324302827262,16.775301066909545,1,False,False
831951fffffffff,6.940289895767169,17.59317107230415,1,False,False
831952fffffffff,7.357120880676283,15.795733060489509,1,False,False
831953fffffffff,6.655141014509115,16.619259527000843,1,False,False
831954fffffffff,8.609456331437768,16.92982848735542,1,False,False
831955fffffffff,7.91573680893211,17.74355398430702,1,False,False
831956fffffffff,8.335842681390483,15.95590060520498,1,False,False
831958fffffffff,5.245503415689999,18.261534881423177,1,False,True
831959fffffffff,4.539136990207475,19.079621435413426,1,False,True
83195afffffffff,4.94835776621609,17.28793466137236,1,False,True
83195bfffffffff,4.238479208245038,18.11241596085244,1,False,True
83195cfffffffff,6.239368790478587,18.40918267037573,1,False,True
83195dfffffffff,5.537195468190178,19.22301241201117,1,False,True
83195efffffffff,5.9510539043604895,17.441304596857144,1,False,False
831960fffffffff,9.643684975628414,20.70948465792094,1,False,False
831961fffffffff,8.961950853115475,21.496959689165795,1,False,False
831962fffffffff,9.394263822277814,19.7825895729798,1,False,False
831963fffffffff,8.709418052403288,20.5771099086832,1,False,False
831964fffffffff,10.563719310235946,20.84056843405564,1,False,False
831965fffffffff,9.886974981017714,21.62394085810493,1,False,False
831966fffffffff,10.323403475577528,19.919080904569903,1,False,False
831968fffffffff,7.335388831813264,22.157142613683348,1,False,True
831969fffffffff,6.829179528327462,22.937673645199624,1,False,True
83196afffffffff,7.070120290372157,21.239211650248333,1,False,True
83196bfffffffff,6.378481459622122,22.03182144837244,1,False,True
83196cfffffffff,8.327367394821344,22.27854035966553,1,False,True
83196dfffffffff,7.831896078403798,23.057958037598542,1,False,True
83196efffffffff,8.02292925502921,21.36872242867598,1,False,False
831970fffffffff,9.8241565981163,18.039947183617777,1,False,False
831971fffffffff,9.138727159300174,18.84349501108383,1,False,False
831972fffffffff,9.565270942553248,17.082861504248275,1,False,False
831973fffffffff,8.877107730561404,17.892472924391257,1,False,False
831974fffffffff,10.756676842614809,18.18599575714707,1,False,False
831975fffffffff,10.076877885179853,18.985452504869105,1,False,False
831976fffffffff,10.506542637467206,17.23441953929847,1,False,False
831989fffffffff,6.786238463019502,11.030367892166346,1,False,False
83198dfffffffff,7.770536732976137,11.312430225417952,1,False,False
8319a9fffffffff,8.943076001943947,12.635763047770231,1,False,False
8319abfffffffff,8.740733678788269,11.591800815044316,1,False,False
8319adfffffffff,9.892075680513232,12.906307312599598,1,False,False
8319aefffffffff,10.443735142828796,11.10243690443995,1,False,False
831a84fffffffff,0.5114359933109347,9.359126261494168,1,False,False
831a96fffffffff,-1.0855991255934236,5.686611430434509,1,False,False
831aa0fffffffff,2.231064851052742,10.145890564674309,1,False,False
831aa1fffffffff,1.835186654850272,11.14417699165946,1,False,False
831aa2fffffffff,1.5646479579872792,9.24864288806933,1,False,False
831aa3fffffffff,1.1729551645746883,10.250768285548066,1,False,False
831aa4fffffffff,3.301331116489174,10.039653217603018,1,False,False
831aa5fffffffff,2.897695844121946,11.044979085152924,1,False,False
831aa6fffffffff,2.63034873433941,9.136735496451076,1,False,False
831ab0fffffffff,1.290209455820068,7.338408300545609,1,False,False
831ab1fffffffff,0.8991152038572281,8.353668914618549,1,False,False
831ab2fffffffff,0.6224040991617885,6.443858219443076,1,False,False
831ab4fffffffff,2.357886719229783,7.213848310631903,1,False,False
831ab5fffffffff,1.9597482078749,8.236175931168068,1,False,False
831ab6fffffffff,1.6843537547521832,6.313846919012617,1,False,False
831b20fffffffff,10.152093471212972,10.236797138764704,1,False,False
831b24fffffffff,11.276996023175306,10.384195108035897,1,False,False
831b25fffffffff,10.611660934272823,11.269038378164083,1,False,False
831b26fffffffff,10.814499843229092,9.342372217725927,1,False,False
831b80fffffffff,7.006564650708398,8.674319021717565,1,False,False
831b81fffffffff,6.579242282978611,9.71252153296308,1,False,False
831b82fffffffff,6.319238775840818,7.750781168436571,1,False,False
831b83fffffffff,5.896761011532529,8.792197525724255,1,False,False
831b84fffffffff,8.12570535803049,8.55487555700437,1,False,False
831b85fffffffff,7.692082930193213,9.600580517409616,1,False,False
831b86fffffffff,7.435182568117875,7.625429591699263,1,False,False
831b88fffffffff,5.057551042493277,10.842680009467822,1,False,False
831b8afffffffff,4.383194047771951,9.932030377624995,1,False,False
831b8bfffffffff,3.972010581763365,10.94448836063809,1,False,False
831b8cfffffffff,6.153692544124875,10.739528601417463,1,False,False
831b8dfffffffff,5.730372713679981,11.754871357969977,1,False,False
831b8efffffffff,5.476047954800538,9.822995538043656,1,False,False
831b90fffffffff,6.0499382905403305,5.776890296527967,1,False,False
831b91fffffffff,5.630840332280164,6.830432503073656,1,False,False
831b92fffffffff,5.356711248446235,4.858712744523826,1,False,False
831b93fffffffff,4.942104541263731,5.913728784954813,1,False,False
831b94fffffffff,7.167590186963031,5.638264883253132,1,False,False
831b95fffffffff,6.743010902320932,6.699279951048516,1,False,False
831b96fffffffff,6.46985882763272,4.714467040079568,1,False,False
831b98fffffffff,4.117300746972129,7.996620928344801,1,False,False
831b99fffffffff,3.7079992298896665,9.023377247407725,1,False,False
831b9afffffffff,3.437618799953659,7.087685721076264,1,False,False
831b9bfffffffff,3.032664935566941,8.117169398752925,1,False,False
831b9cfffffffff,5.2130443633902095,7.874501445084111,1,False,False
831b9dfffffffff,4.797013810601026,8.908540646685827,1,False,False
831b9efffffffff,4.528815573272401,6.959890650224603,1,False,False
831ba2fffffffff,9.253422524842964,8.433836817756028,1,False,False
831ba3fffffffff,8.813833976762075,9.487143946761346,1,False,False
831ba6fffffffff,10.38891667292318,8.311171731939664,1,False,False
831baafffffffff,7.2597666600256705,10.635008065693588,1,False,False
831baefffffffff,8.375062734894868,10.529091671267766,1,False,False
831bb0fffffffff,8.99484309966768,6.431762524375311,1,False,False
831bb1fffffffff,8.560131663531,7.498415460832922,1,False,False
831bb2fffffffff,8.294310142615094,5.497818968110546,1,False,False
831bb3fffffffff,7.864601179547617,6.56640091113921,1,False,False
831bb4fffffffff,10.132929035917924,6.295331133617052,1,False,False
831bb5fffffffff,9.69330149778928,7.369706752597206,1,False,False
831bb6fffffffff,9.429306983923224,5.3555181738899575,1,False,False
831e00fffffffff,6.669493838767841,31.87342171972044,1,False,False
831e20fffffffff,8.793156374278182,30.22740058736636,1,False,False
831e21fffffffff,9.293479420895968,31.19806377526543,1,False,False
831e22fffffffff,7.760247523160249,30.122647016072023,1,False,False
831e23fffffffff,8.262275056480105,31.095917221090392,1,False,False
831e24fffffffff,9.314554462696808,29.36877031659811,1,False,True
831e25fffffffff,9.814297214283116,30.33153929278251,1,False,True
831e26fffffffff,8.291793944629157,29.26212120325861,1,False,False
831e28fffffffff,9.262528501220638,33.056784789463514,1,False,False
831e29fffffffff,9.759701709284943,34.043294088316955,1,False,False
831e2cfffffffff,9.792241803459886,32.17359439359237,1,False,False
831e2dfffffffff,10.288922254009352,33.15345960135103,1,False,False
831e2efffffffff,8.763210970078068,32.07414194950498,1,False,False
831e30fffffffff,6.212637177468452,29.04695472814324,1,False,False
831e31fffffffff,6.7160592788892455,30.017273823801386,1,False,False
831e32fffffffff,5.157290421982271,28.938427960328223,1,False,False
831e33fffffffff,5.66112128200434,29.91127621580352,1,False,False
831e34fffffffff,6.755012636374043,28.193030136788074,1,False,False
831e35fffffffff,7.257653258126226,29.15485090193576,1,False,False
831e36fffffffff,5.709653400590756,28.082705282682166,1,False,False
831e40fffffffff,10.150321383873564,38.85515691682317,1,False,False
831e41fffffffff,10.634414630205194,39.85917907220213,1,False,False
831e42fffffffff,9.107367834625691,38.775112879611314,1,False,False
831e43fffffffff,9.596279486036696,39.78242187119962,1,False,False
831e44fffffffff,10.696064523998778,37.93431922716015,1,False,False
831e45fffffffff,11.179796084561044,38.93468109426548,1,False,False
831e46fffffffff,9.661914425135055,37.85157724124455,1,False,False
831e4afffffffff,9.51940168640958,41.72551568315967,1,False,False
831e4cfffffffff,11.11371349783444,40.86302735514612,1,False,False
831e4efffffffff,10.0808211340647,40.789603281281785,1,False,False
831e55fffffffff,8.614583008023146,37.76829870722885,1,False,False
831e5cfffffffff,8.544810527787034,39.70515777968683,1,False,False
831e5dfffffffff,9.034316788769951,40.715691017671816,1,False,False
831e60fffffffff,12.24454882353402,37.10512563516338,1,False,False
831e61fffffffff,12.723186869405524,38.09821280907765,1,False,False
831e62fffffffff,11.23316545325627,37.02031276126559,1,False,False
831e63fffffffff,11.71661340241719,38.01652949184242,1,False,False
831e64fffffffff,12.763318973488422,36.20085136955124,1,False,False
831e65fffffffff,13.241879681213078,37.18940082761866,1,False,False
831e66fffffffff,11.761315439371556,36.113521612066044,1,False,False
831e6afffffffff,11.658794098410365,39.93543408174127,1,False,False
831e6cfffffffff,13.19676342625649,39.09218879502352,1,False,False
831e6efffffffff,12.195394124608008,39.01369015659162,1,False,False
831e70fffffffff,9.71634077177373,35.93720096066029,1,False,False
831e71fffffffff,10.208080658328488,36.93495741905452,1,False,False
831e73fffffffff,9.169690429839164,36.84905476986074,1,False,False
831e74fffffffff,10.254208199703664,35.03310468431158,1,False,False
831e75fffffffff,10.745531842583578,36.02563975401385,1,False,False
831e76fffffffff,9.221353681804064,34.94164930970091,1,False,False
831e88fffffffff,-9.500558551659305,24.335018206416464,1,False,False
831e89fffffffff,-9.642496772829553,25.48583414539731,1,False,False
831e8bfffffffff,-10.533760128762376,24.768955641440844,1,False,False
831e8cfffffffff,-8.476709502394513,23.90780476677304,1,False,False
831e8dfffffffff,-8.617563437400408,25.048849750282187,1,False,False
831e94fffffffff,-1.490783280416883,26.086870380940347,1,False,False
831e96fffffffff,-1.7912416316625666,25.00002179114465,1,False,False
831ea0fffffffff,-5.024477248365515,22.96682606043639,1,False,False
831ea1fffffffff,-5.538850166849233,23.95408365530451,1,False,False
831ea5fffffffff,-4.480812502369716,23.92318102980678,1,False,False
831eaafffffffff,-7.462899857269682,23.48720665181009,1,False,False
831eaefffffffff,-6.609935507251039,23.985480457570933,1,False,False
831eb0fffffffff,-0.1505988196473636,27.425831403130505,1,False,False
831ed6fffffffff,-10.676377395303652,25.92957470022153,1,False,False
831f00fffffffff,10.321253983426626,25.92374653069003,1,False,False
831f01fffffffff,10.820161129000724,26.854196381905734,1,False,False
831f02fffffffff,9.32881634536628,25.80987603586476,1,False,True
831f03fffffffff,9.828686450858118,26.742449953639014,1,False,True
831f04fffffffff,10.803793187336057,25.115858266813863,1,False,False
831f05fffffffff,11.302097076745882,26.036999113621224,1,False,False
831f06fffffffff,9.822041947893249,25.000578740178533,1,False,False
831f08fffffffff,10.826838261655729,28.62806619041547,1,False,True
831f09fffffffff,11.324117968472205,29.580223533069383,1,False,False
831f0afffffffff,9.826284194167906,28.52023755103932,1,False,True
831f0bfffffffff,10.32547042471838,29.474802889561754,1,False,True
831f0cfffffffff,11.318271833767117,27.791518447302057,1,False,False
831f0dfffffffff,11.815089265849185,28.73528210396584,1,False,False
831f0efffffffff,10.328193313109017,27.68199078881722,1,False,True
831f10fffffffff,7.825317034537723,24.76815874333563,1,False,True
831f11fffffffff,8.325195166887287,25.69538346521084,1,False,True
831f12fffffffff,6.811230610871059,24.6510101653951,1,False,True
831f13fffffffff,7.310838592848705,25.58026462904694,1,False,True
831f14fffffffff,8.3299441557669,23.96725193875124,1,False,True
831f15fffffffff,8.829074716763062,24.88468024648092,1,False,True
831f16fffffffff,7.326489514232648,23.848799620860003,1,False,True
831f18fffffffff,8.312630434597823,27.461080190922573,1,False,True
831f19fffffffff,8.813828125897398,28.411791688705232,1,False,True
831f1afffffffff,7.288020453640545,27.349688407024203,1,False,False
831f1bfffffffff,7.789910802700032,28.30272407233948,1,False,False
831f1cfffffffff,8.825644193791938,26.63008345774751,1,False,True
831f1dfffffffff,9.326173595762238,27.57184617222552,1,False,True
831f1efffffffff,7.811467829214564,26.51709259044588,1,False,True
831f20fffffffff,12.235652384341025,24.434871225595494,1,False,False
831f21fffffffff,12.732126781789896,25.34457647331168,1,False,False
831f22fffffffff,11.276249169322917,24.318887118769844,1,False,False
831f23fffffffff,11.773939171567983,25.23052284575628,1,False,False
831f24fffffffff,12.68722696156278,23.650128443303764,1,False,False
831f25fffffffff,13.183121828874524,24.55024795725005,1,False,False
831f26fffffffff,11.738593490877284,23.532915414428945,1,False,False
831f28fffffffff,12.766863735905195,27.075846108258705,1,False,False
831f29fffffffff,13.261127824206609,28.008740360509417,1,False,False
831f2afffffffff,11.799672769558258,26.96532701783501,1,False,False
831f2bfffffffff,12.296030183712247,27.900433523093813,1,False,False
831f2cfffffffff,13.227540837468435,26.26166707077049,1,False,False
831f2dfffffffff,13.721413787675305,27.18575787160096,1,False,False
831f2efffffffff,12.27097172176681,26.1496379228393,1,False,False
831f30fffffffff,9.806929674644394,23.296665244936992,1,False,False
831f31fffffffff,10.305245311008374,24.202291786134257,1,False,False
831f32fffffffff,8.824629910760471,23.17762064651757,1,False,False
831f33fffffffff,9.323009090173816,24.08508135660759,1,False,False
831f34fffffffff,10.280794974948163,22.51949124752584,1,False,False
831f35fffffffff,10.778378368744418,23.415095588309686,1,False,False
831f36fffffffff,9.309312533071171,22.39932203345129,1,False,False
831f40fffffffff,13.779435407383842,32.56546567697715,1,False,False
831f41fffffffff,14.26231352293464,33.53431956152143,1,False,False
831f42fffffffff,12.80271299262236,32.468379105926985,1,False,False
831f43fffffffff,13.289489939729092,33.439970903287545,1,False,False
831f44fffffffff,14.259395846253373,31.699781090019112,1,False,False
831f45fffffffff,14.74226382565194,32.66197257705859,1,False,False
831f46fffffffff,13.292783163652082,31.60062399904584,1,False,False
831f48fffffffff,14.250964318353,35.393271546360104,1,False,False
831f49fffffffff,14.724714522133198,36.37387367084263,1,False,False
831f4afffffffff,13.27267464500729,35.30406839457161,1,False,False
831f4bfffffffff,13.751213863279864,36.28763381090928,1,False,False
831f4cfffffffff,14.740938959689831,34.50665351495999,1,False,False
831f4dfffffffff,15.214844620236134,35.48192356088886,1,False,False
831f4efffffffff,13.772400329717826,34.4151177721709,1,False,False
831f50fffffffff,11.319029974065671,31.40053961069184,1,False,False
831f51fffffffff,11.812382070311754,32.37070818804222,1,False,False
831f52fffffffff,10.312540829471883,31.29960298227276,1,False,False
831f53fffffffff,10.80876898300924,32.272448204586176,1,False,False
831f54fffffffff,11.819526831801245,30.53799092958464,1,False,False
831f55fffffffff,12.31255942624986,31.50087838763358,1,False,False
831f56fffffffff,10.82322271963156,30.43506784801142,1,False,False
831f58fffffffff,11.793125321288954,34.2303516142585,1,False,False
831f59fffffffff,12.280240401743232,35.2143093864814,1,False,False
831f5afffffffff,10.78300217914226,34.13711168115345,1,False,False
831f5bfffffffff,11.273968328610676,35.123989754966004,1,False,False
831f5cfffffffff,12.302772431654088,33.34504785498863,1,False,False
831f5dfffffffff,12.789700576761016,34.32301871714912,1,False,False
831f5efffffffff,11.302467170362624,33.249545681185,1,False,False
831f60fffffffff,15.671828085505162,30.94372069341868,1,False,False
831f61fffffffff,16.150764216548264,31.89634808856365,1,False,False
831f62fffffffff,14.72926091274847,30.843173515555875,1,False,False
831f63fffffffff,15.212131868840473,31.798354265093025,1,False,False
831f64fffffffff,16.121291355797858,30.0983066475232,1,False,False
831f65fffffffff,16.60034321174798,31.04368520170088,1,False,False
831f66fffffffff,15.188949750954697,29.995877757818544,1,False,False
831f68fffffffff,16.16525750988872,33.72131242658454,1,False,False
831f69fffffffff,16.69795731885484,34.51013223501783,1,False,False
831f6afffffffff,15.220977911354948,33.62809852045463,1,False,False
831f6bfffffffff,15.69507167454505,34.59763063490232,1,False,False
831f6cfffffffff,16.640511538479156,32.80502832550406,1,False,False
831f6dfffffffff,17.178134030727616,33.58153085830047,1,False,False
831f6efffffffff,15.690952521948589,32.75790443952482,1,False,False
831f70fffffffff,13.28311384123063,29.789247293124905,1,False,False
831f71fffffffff,13.772850850503051,30.742039183594656,1,False,False
831f72fffffffff,12.310113611368047,29.68503682154718,1,False,False
831f73fffffffff,12.802844447359458,30.64031317512428,1,False,False
831f74fffffffff,13.753274502199137,28.94789357327058,1,False,False
831f75fffffffff,14.242814466608989,29.892859449835683,1,False,False
831f76fffffffff,12.790675577214529,28.841889755023843,1,False,False
831f80fffffffff,3.156301388123326,25.11344193543394,1,False,False
831f81fffffffff,3.653409898409143,26.058798332082333,1,False,False
831f82fffffffff,2.096259337697337,24.995128026632955,1,False,False
831f83fffffffff,2.5913754877635493,25.94262005124388,1,False,False
831f84fffffffff,3.71214899811223,24.29576098621722,1,False,False
831f85fffffffff,4.2083886110371775,25.23110824479753,1,False,False
831f86fffffffff,2.662069656797052,24.176062998647623,1,False,False
831f8cfffffffff,4.152933135931272,27.011713389982027,1,False,False
831f8dfffffffff,4.654391624096482,27.9717448763076,1,False,False
831f8efffffffff,3.089387184386853,26.89777338841943,1,False,False
831f90fffffffff,0.5400725213407128,23.934719591125816,1,False,False
831f91fffffffff,1.028919088196176,24.876162174734603,1,False,False
831f92fffffffff,-0.5304946442504396,23.81306574559477,1,False,False
831f93fffffffff,-0.045033084188384,24.756540010563537,1,False,False
831f94fffffffff,1.1164993979243134,23.124783230015115,1,False,False
831f95fffffffff,1.6044903555492105,24.055717267482805,1,False,False
831f96fffffffff,0.0554603824073747,23.00185940424335,1,False,False
831fa0fffffffff,5.29034216049577,23.6100105374168,1,False,True
831fa1fffffffff,5.787312960815335,24.5332304244103,1,False,True
831fa2fffffffff,4.258700705259041,23.48966584804277,1,False,False
831fa3fffffffff,4.754096772742924,24.414815409298377,1,False,False
831fa4fffffffff,5.816965571352683,22.81676367895261,1,False,True
831fa5fffffffff,6.31311927808888,23.729720471060567,1,False,True
831fa6fffffffff,4.79577283812006,22.695224331248465,1,False,True
831fa8fffffffff,5.751636074004962,26.28922038376372,1,False,False
831fa9fffffffff,6.252838969958516,27.23766635128208,1,False,False
831faafffffffff,4.707035746291623,26.17433029401694,1,False,False
831fabfffffffff,5.20761952845493,27.125009523004447,1,False,False
831facfffffffff,6.286231692650103,25.46451531195792,1,False,True
831fadfffffffff,6.786628777700712,26.4034730194136,1,False,True
831faefffffffff,5.251895973522564,25.348131272814168,1,False,False
831fb0fffffffff,2.728686503079621,22.450242175765016,1,False,False
831fb1fffffffff,3.2187702448305777,23.36868241122304,1,False,False
831fb2fffffffff,1.7184172875627988,22.32414902365367,1,False,False
831fb3fffffffff,2.17115758238756,23.247056215541004,1,False,False
831fb4fffffffff,3.429522970466017,21.64825894353772,1,False,False
831fb5fffffffff,3.766152379586005,22.57305177739204,1,False,False
831fb6fffffffff,2.4216068272768583,21.517811803526648,1,False,False
832040fffffffff,39.96603062789585,65.05184410163749,1,False,False
832041fffffffff,41.11810619873695,65.14024157957823,1,False,False
832043fffffffff,40.47651911551775,66.42292248056859,1,False,False
832044fffffffff,39.43807198379478,63.697489607311006,1,False,False
832045fffffffff,40.594215640725125,63.766206821498905,1,False,False
832048fffffffff,42.76288660168855,66.64297100168211,1,False,False
832049fffffffff,43.89307268827878,66.75782707398902,1,False,False
83204afffffffff,42.11041106247061,67.93827922753117,1,False,False
83204bfffffffff,43.24351808830919,68.07084480130113,1,False,False
83204cfffffffff,42.26250679674085,65.23118263121238,1,False,False
83204efffffffff,41.6237629890808,66.53138167170765,1,False,False
83205dfffffffff,40.96875006165896,67.80943851858976,1,False,False
832060fffffffff,39.49516251971271,61.07428405219314,1,False,False
832061fffffffff,40.65083706293655,61.10587294294934,1,False,False
832062fffffffff,38.89349400600155,62.36103942308407,1,False,False
832063fffffffff,40.0529334864381,62.41051378031234,1,False,False
832064fffffffff,38.9218590354979,59.75852271655475,1,False,False
832065fffffffff,40.07975138698191,59.7713685254266,1,False,False
832066fffffffff,38.333204342471866,61.0435651794937,1,False,False
832068fffffffff,42.350678758577885,62.51375414130874,1,False,False
832069fffffffff,43.4872840603484,62.56764588058292,1,False,False
83206afffffffff,41.74313981818808,63.83689311549915,1,False,False
83206bfffffffff,42.88399208473368,63.90963413026533,1,False,False
83206cfffffffff,41.79934574145142,61.13836932353382,1,False,False
83206dfffffffff,42.93984018341867,61.17181284774297,1,False,False
83206efffffffff,41.20561775959223,62.46139832615721,1,False,False
832074fffffffff,33.506537685277934,59.43110735606477,1,False,False
832075fffffffff,37.72819956596629,62.31291750460348,1,False,False
83209afffffffff,-47.79441683636663,64.95768917501073,1,False,False
8320c0fffffffff,36.46500781202531,76.13476956210111,1,False,False
8320c1fffffffff,37.42207180187622,76.96529510240526,1,False,False
8320c2fffffffff,35.40785114567689,76.73854497709932,1,False,False
8320c3fffffffff,36.36093275777316,77.56294856075417,1,False,False
8320c6fffffffff,35.49951115421883,75.32222138253147,1,False,False
8320c8fffffffff,38.23928139117184,79.26460488291431,1,False,False
8320cafffffffff,37.17172449153932,79.82970428426694,1,False,False
8320cbfffffffff,38.0922921932746,80.69900601556483,1,False,False
8320cefffffffff,37.305088854629375,78.4049047811638,1,False,False
8320d0fffffffff,33.39573394111112,76.52311921903807,1,False,False
8320d1fffffffff,34.35172668345651,77.3244986174715,1,False,False
8320d3fffffffff,33.29769079697191,77.89329078162103,1,False,False
8320d5fffffffff,34.44690177373193,75.93148160145662,1,False,False
8320d8fffffffff,35.17772712201122,79.5328908490441,1,False,False
8320d9fffffffff,36.10506239498668,80.37726625392207,1,False,False
8320dafffffffff,34.117014907143755,80.07141197576094,1,False,False
8320dbfffffffff,35.04033232822035,80.90799919767029,1,False,False
8320dcfffffffff,35.30042005884773,78.14260280017974,1,False,False
8320ddfffffffff,36.24076361509711,78.97761671116864,1,False,False
8320defffffffff,34.24159462000221,78.7049454102736,1,False,False
832149fffffffff,40.04698315169602,57.145543437795865,1,False,False
83214afffffffff,38.33402536584893,58.46411807978479,1,False,False
83214bfffffffff,39.493364065780085,58.45881319064451,1,False,False
832159fffffffff,37.75816040274483,59.74602815898629,1,False,False
83215afffffffff,33.003806957912424,58.1585038916834,1,False,False
832452fffffffff,24.512976606072627,94.55487224644888,1,False,False
832453fffffffff,23.627064086850144,94.96674474935774,1,False,False
832458fffffffff,21.8933961778506,95.75563144342728,1,False,False
832459fffffffff,21.046109966698616,96.13354465987456,1,False,False
83245afffffffff,22.04286482138889,94.6517032368121,1,False,False
83245bfffffffff,21.19556204869099,95.04601607328932,1,False,False
83245efffffffff,22.753785485474264,95.36684439575627,1,False,False
832480fffffffff,30.526535529402747,86.71506967399966,1,False,False
832481fffffffff,29.59212339703674,87.28684455440201,1,False,False
832483fffffffff,29.680352765334955,86.03130968920831,1,False,False
832484fffffffff,31.38007612931909,87.41999627204835,1,False,False
832485fffffffff,30.432081369731048,87.98986102314394,1,False,False
832486fffffffff,31.468122575424847,86.12605637676563,1,False,False
832488fffffffff,27.846838083873177,87.1613569093354,1,False,False
832489fffffffff,26.942616227487164,87.70255752734148,1,False,False
83248afffffffff,27.935198647469743,85.94202192851728,1,False,False
83248bfffffffff,27.03622797574992,86.50014702137743,1,False,False
83248cfffffffff,28.66558113047099,87.84201783891443,1,False,False
83248dfffffffff,27.747553878165945,88.3812023862644,1,False,False
83248efffffffff,28.75962300582246,86.60446837215123,1,False,False
8324a2fffffffff,32.24026883161481,88.14686417488107,1,False,False
8324a3fffffffff,31.278822311249552,88.71424707640278,1,False,False
8324a8fffffffff,29.37966606531696,89.79797003256175,1,False,False
8324a9fffffffff,28.44330321534705,90.31563551081992,1,False,False
8324aafffffffff,29.49186800294349,88.54280008100777,1,False,False
8324abfffffffff,28.56010822316887,89.0794579383213,1,False,False
8324aefffffffff,30.32505497941935,89.26439001662986,1,False,False
8324b1fffffffff,32.33512940708751,86.83253468250811,1,False,False
8324b5fffffffff,33.20864387602425,87.56153471550415,1,False,False
8324c0fffffffff,24.17176808286233,90.38950183545724,1,False,False
8324c1fffffffff,23.30427253311808,90.85713565502272,1,False,False
8324c2fffffffff,24.28678502183164,89.2375396855592,1,False,False
8324c3fffffffff,23.422033888103567,89.72139480026203,1,False,False
8324c4fffffffff,24.92928237365465,91.0752747035768,1,False,False
8324c5fffffffff,24.04811507784493,91.53931240945258,1,False,False
8324c6fffffffff,25.05027057384721,89.9086038653209,1,False,False
8324c8fffffffff,21.7256849413628,90.6503136155634,1,False,False
8324c9fffffffff,20.89472213862215,91.09628455544475,1,False,False
8324cafffffffff,21.84038577124937,89.54393078335788,1,False,False
8324cbfffffffff,21.011419683867807,90.00495520083281,1,False,False
8324ccfffffffff,22.44814192566812,91.31198683951584,1,False,False
8324cdfffffffff,21.60369061377199,91.75451738934898,1,False,False
8324cefffffffff,22.56822098458749,90.1921652347344,1,False,False
8324d0fffffffff,25.264625226317463,87.57078828801059,1,False,False
8324d1fffffffff,24.39303443356397,88.08435309989999,1,False,False
8324d2fffffffff,25.35777999441004,86.40158615958684,1,False,False
8324d3fffffffff,24.490413351937217,86.9308751522797,1,False,False
8324d4fffffffff,26.047527033678065,88.22863131900962,1,False,False
8324d5fffffffff,25.162091949599308,88.74011866070502,1,False,False
8324d6fffffffff,26.145855470758963,87.04289125031394,1,False,False
8324d8fffffffff,22.784948464770828,87.94771118317222,1,False,False
8324d9fffffffff,21.909748374392613,88.46906707118914,1,False,False
8324dafffffffff,22.73759031987666,86.94556292368297,1,False,False
8324dbfffffffff,21.858375924324086,87.48235375437345,1,False,False
8324dcfffffffff,23.53153419369245,88.5840822881518,1,False,False
8324ddfffffffff,22.680530558363905,89.07045448475883,1,False,False
8324defffffffff,23.632659944849323,87.44609224911336,1,False,False
8324e0fffffffff,25.55724841766717,92.95719074923072,1,False,False
8324e1fffffffff,24.66044064089673,93.39934625681872,1,False,False
8324e2fffffffff,25.69407979699164,91.77921900039202,1,False,False
8324e3fffffffff,24.799278820899424,92.2391709929508,1,False,False
8324e8fffffffff,23.04455095866025,93.12036699636542,1,False,False
8324e9fffffffff,22.18528340785436,93.54258327881055,1,False,False
8324eafffffffff,23.17838985159053,91.99041812415676,1,False,False
8324ebfffffffff,22.320439604105783,92.42907135267622,1,False,False
8324ecfffffffff,23.77556439893596,93.82882649635756,1,False,False
8324edfffffffff,22.90294531665721,94.24612255807595,1,False,False
8324eefffffffff,23.91598520571809,92.68605464831204,1,False,False
8324f0fffffffff,26.72438496532784,90.10637898326924,1,False,False
8324f1fffffffff,25.82151381818448,90.59780440606006,1,False,False
8324f2fffffffff,26.83863707147016,88.90498760123903,1,False,False
8324f3fffffffff,25.93937681734497,89.41394000683455,1,False,False
8324f4fffffffff,27.51656267760384,90.8180071396308,1,False,False
8324f5fffffffff,26.5999897970254,91.30567888816208,1,False,False
8324f6fffffffff,27.63742351860464,89.60045313007912,1,False,False
832500fffffffff,47.84155198365427,65.72816171170966,1,False,False
832501fffffffff,48.92379663647799,65.83693910724963,1,False,False
832502fffffffff,47.22244717095212,67.12348555829819,1,False,False
832503fffffffff,48.309544040400056,67.25294406770433,1,False,False
832504fffffffff,47.350994719450256,64.22304219085899,1,False,False
832505fffffffff,48.440096128565806,64.30753111470966,1,False,False
832506fffffffff,46.74724664605513,65.6227013846249,1,False,False
832508fffffffff,50.44604128002671,67.52430357370675,1,False,False
832509fffffffff,51.494389876287165,67.66660643646559,1,False,False
83250afffffffff,49.82082471608921,68.95426093184625,1,False,False
83250bfffffffff,50.87413912406584,69.11803210480285,1,False,False
83250cfffffffff,49.993408267234,65.94919174803212,1,False,False
83250dfffffffff,51.04986253535991,66.06508797489971,1,False,False
83250efffffffff,49.384258697576925,67.38648517458458,1,False,False
832510fffffffff,45.48091927547059,68.34780970773933,1,False,False
832512fffffffff,44.82033270288,69.67158863959594,1,False,False
832513fffffffff,45.926459937820525,69.83460928521615,1,False,False
832514fffffffff,45.01354398337677,66.87609450376813,1,False,False
832515fffffffff,46.12356563387064,66.99792650962539,1,False,False
832516fffffffff,44.367273131438026,68.20729765840912,1,False,False
83251dfffffffff,48.7542943009357,68.79557751163672,1,False,False
832520fffffffff,47.40606393271008,61.31593726601473,1,False,False
832521fffffffff,48.49515120015318,61.35479981715239,1,False,False
832522fffffffff,46.83863751294018,62.73924253613709,1,False,False
832523fffffffff,47.93390684004196,62.80000579427384,1,False,False
832524fffffffff,46.85748074311371,59.85672541671983,1,False,False
832525fffffffff,47.95168048413717,59.87250404194877,1,False,False
832526fffffffff,46.3053277452054,61.27825903603789,1,False,False
832528fffffffff,50.08790303951286,62.92739382628757,1,False,False
832529fffffffff,51.145539223223295,62.99420982062309,1,False,False
83252afffffffff,49.51687832618622,64.39470845944591,1,False,False
83252bfffffffff,50.58079444198649,64.48470419348706,1,False,False
83252cfffffffff,49.57199791077969,61.39490338281144,1,False,False
83252dfffffffff,50.63606014194142,61.43630833105524,1,False,False
83252efffffffff,49.0171851338868,62.86269202610228,1,False,False
832530fffffffff,45.13826035768725,64.06164838768902,1,False,False
832531fffffffff,46.25016882816914,64.14111956694892,1,False,False
832532fffffffff,44.52497998765406,65.42114560177212,1,False,False
832533fffffffff,45.64150048300349,65.52040936115074,1,False,False
832534fffffffff,44.61463994643538,62.623142037837546,1,False,False
832535fffffffff,45.73199404087973,62.68031523476919,1,False,False
832536fffffffff,44.01595727791898,63.98452053248831,1,False,False
832540fffffffff,55.13529364353278,66.56887985025804,1,False,False
832541fffffffff,56.1197619517745,66.70593743035224,1,False,False
832542fffffffff,54.55452711609933,68.12270251134657,1,False,False
832543fffffffff,55.54506857248979,68.28530185504783,1,False,False
832544fffffffff,54.69854119286195,64.87578263308747,1,False,False
832545fffffffff,55.69159827482714,64.98214294248288,1,False,False
832546fffffffff,54.13575690359513,66.43649194343291,1,False,False
83254cfffffffff,57.08891543440883,66.84791453197052,1,False,False
83254dfffffffff,58.04254966203465,66.99507902483495,1,False,False
83254efffffffff,56.52037014530998,68.45364758920785,1,False,False
832550fffffffff,52.93924849396186,69.46183707316361,1,False,False
832551fffffffff,53.95022568575015,69.64241160845461,1,False,False
832554fffffffff,52.52885041437356,67.81361441769684,1,False,False
832555fffffffff,53.54901619731375,67.96556276064919,1,False,False
832556fffffffff,51.91375781093353,69.28713689482741,1,False,False
832560fffffffff,54.75526215151518,61.61629574021247,1,False,False
832561fffffffff,55.74891368307235,61.6652647106496,1,False,False
832562fffffffff,54.23546396220305,63.20843051368061,1,False,False
832563fffffffff,55.2365163330529,63.28482869949104,1,False,False
832564fffffffff,54.24868231068552,59.97857300174112,1,False,False
832565fffffffff,55.24930753093174,59.99841658066015,1,False,False
832566fffffffff,53.7468200801944,61.568996839287685,1,False,False
832568fffffffff,57.19344795167058,63.445923673719086,1,False,False
832569fffffffff,58.24440288175234,63.759155425861216,1,False,False
83256afffffffff,56.6695040167367,65.09230686288258,1,False,False
83256bfffffffff,57.6320353255703,65.20648128354023,1,False,False
83256cfffffffff,56.74882343057809,61.76553108215915,1,False,False
83256dfffffffff,57.80909046317657,62.02477272544558,1,False,False
83256efffffffff,56.22259194043647,63.363944000230326,1,False,False
832570fffffffff,52.66808155955424,64.67371383431096,1,False,False
832571fffffffff,53.69059879329397,64.7730329843087,1,False,False
832572fffffffff,52.09268317947194,66.18480711772605,1,False,False
832573fffffffff,53.12144173321068,66.30854040157168,1,False,False
832574fffffffff,52.18962047060198,63.06324516428821,1,False,False
832575fffffffff,53.219721420231714,63.13461209023558,1,False,False
832576fffffffff,51.63134574742959,64.57765677116785,1,False,False
832592fffffffff,38.82435658115563,83.01000531966427,1,False,False
8325a1fffffffff,44.1428812380874,70.9686414982014,1,False,False
8325a4fffffffff,42.577348695808176,69.35947981993009,1,False,False
8325a5fffffffff,43.703717014088895,69.51327846436834,1,False,False
8325acfffffffff,45.25167142466229,71.1489885687222,1,False,False
8325adfffffffff,46.34960911676142,71.33469558942514,1,False,False
832610fffffffff,11.927026668130065,-22.44948231082229,1,False,False
832611fffffffff,10.854550295894798,-22.16396039649036,1,False,False
832612fffffffff,12.262721629461636,-23.509074719602783,1,False,False
832613fffffffff,11.187368226867866,-23.220036015585453,1,False,False
832614fffffffff,12.655198492914574,-21.68461587292863,1,False,False
832616fffffffff,12.994776694216291,-22.73607498375944,1,False,False
83261afffffffff,9.349975045738004,-23.70567038235305,1,False,False
83261efffffffff,10.10762495715973,-22.93204221020955,1,False,False
832624fffffffff,12.081236936840346,-16.719423784690502,1,False,False
832625fffffffff,10.98550173483334,-16.45158964149635,1,False,False
832626fffffffff,12.421251749547832,-17.78446044455676,1,False,False
832634fffffffff,13.838947947706306,-19.12118827934574,1,False,False
832636fffffffff,14.15712364568446,-20.174564978930945,1,False,False
832648fffffffff,-0.2237996173460591,-18.363073508825764,1,False,False
832649fffffffff,-1.285496956580289,-18.093735801995948,1,False,False
83264afffffffff,0.0523897111365747,-19.36928321746732,1,False,False
83264bfffffffff,-1.0170639176134733,-19.09601558411704,1,False,False
83264dfffffffff,-0.4962466854771497,-17.370215512207754,1,False,False
832659fffffffff,0.3321251831127769,-20.38848280973448,1,False,False
83265bfffffffff,0.6151914386318398,-21.42026820043956,1,False,False
832669fffffffff,0.0131085856732225,-15.68411317413941,1,False,False
832680fffffffff,12.504789649871944,-27.55197458262863,1,False,False
832681fffffffff,11.416562510902846,-27.25128660096849,1,False,False
832682fffffffff,12.828502643477847,-28.658715919801324,1,False,False
832683fffffffff,11.739432823904874,-28.35529063367984,1,False,False
832684fffffffff,13.259425337804302,-26.75275186954351,1,False,False
832685fffffffff,12.1783799183352,-26.454064927006552,1,False,False
832686fffffffff,13.586719423741757,-27.85353719922686,1,False,False
832688fffffffff,9.544288492775946,-27.7509656574618,1,False,False
832689fffffffff,8.439936041443472,-27.450092395983027,1,False,False
83268afffffffff,9.862472543030442,-28.85803065365072,1,False,False
83268bfffffffff,8.75635567715882,-28.554460516383195,1,False,False
83268cfffffffff,10.322865044554485,-26.951485944694788,1,False,False
83268dfffffffff,9.22454889255672,-26.6525850351314,1,False,False
83268efffffffff,10.644411642068546,-28.052702764182712,1,False,False
832691fffffffff,13.149078667802629,-29.77356061022484,1,False,False
832695fffffffff,13.910798552244472,-28.962965014555305,1,False,False
832698fffffffff,11.280827037345354,-30.27987489924476,1,False,False
832699fffffffff,10.17868046761989,-29.973047545294065,1,False,False
83269afffffffff,11.59484176319802,-31.404310268430248,1,False,False
83269bfffffffff,10.492491120733538,-31.095249234595013,1,False,False
83269cfffffffff,12.059692044245793,-29.46759480970575,1,False,False
83269dfffffffff,10.963874927308694,-29.162413412017404,1,False,False
83269efffffffff,12.376906900189528,-30.587445782611603,1,False,False
8326a0fffffffff,13.669057256396457,-24.873288430027923,1,False,False
8326a1fffffffff,12.596980460689824,-24.57987784961501,1,False,False
8326a2fffffffff,14.002865006318933,-25.957899824517447,1,False,False
8326a3fffffffff,12.929363287911585,-25.66131106125866,1,False,False
8326a4fffffffff,14.397051843793577,-24.0902501698046,1,False,False
8326a5fffffffff,13.332877804360882,-23.799149228240807,1,False,False
8326a6fffffffff,14.734679306463152,-25.16768602819762,1,False,False
8326a8fffffffff,10.76472525240606,-25.071011080685345,1,False,False
8326a9fffffffff,9.675226171643104,-24.77732169646201,1,False,False
8326aafffffffff,11.091515609430845,-26.15630023731578,1,False,False
8326abfffffffff,9.999662059439038,-25.85946954489844,1,False,False
8326acfffffffff,11.519232277837803,-24.28746464271795,1,False,False
8326adfffffffff,10.436620698213316,-23.99605888700365,1,False,False
8326aefffffffff,11.849714424149465,-25.36567779502112,1,False,False
8326b0fffffffff,15.400872973245908,-27.352844169595624,1,False,False
8326b1fffffffff,14.333847999455696,-27.052349047147256,1,False,False
8326b3fffffffff,14.661552766991768,-28.15596149256511,1,False,False
8326b4fffffffff,16.128336601034892,-26.5538982411148,1,False,False
8326b5fffffffff,15.069439541057577,-26.25543275353376,1,False,False
8326c0fffffffff,4.802780934714296,-25.466217809037364,1,False,False
8326c1fffffffff,3.6947397714476615,-25.17199245960796,1,False,False
8326c2fffffffff,5.110496378194648,-26.55278251867949,1,False,False
8326c3fffffffff,3.998279902110923,-26.255490134632108,1,False,False
8326c4fffffffff,5.599651215097793,-24.681712032747026,1,False,False
8326c5fffffffff,4.495944545546566,-24.389717883784368,1,False,False
8326c6fffffffff,5.910695629610785,-25.76140093918796,1,False,False
8326cafffffffff,2.07163494848686,-26.750855075373902,1,False,False
8326cefffffffff,2.8864051144339964,-25.95912300088689,1,False,False
8326d0fffffffff,6.53356651700026,-27.949812744954,1,False,False
8326d1fffffffff,5.418728362894931,-27.64876178082013,1,False,False
8326d2fffffffff,6.8446265360921394,-29.05717383150594,1,False,False
8326d3fffffffff,5.727103587717298,-28.753466523901047,1,False,False
8326d4fffffffff,7.332246382500245,-27.15009579686204,1,False,False
8326d5fffffffff,6.222126971845257,-26.850988410380324,1,False,False
8326d6fffffffff,7.646416896463836,-28.25171672495921,1,False,False
8326d8fffffffff,3.488408065442927,-28.14851121656322,1,False,False
8326dcfffffffff,4.302835363800964,-27.348576774115347,1,False,False
8326ddfffffffff,3.1868250427371,-27.04927040191016,1,False,False
8326defffffffff,4.608048889643709,-28.45057445803923,1,False,False
8326f0fffffffff,7.804413823999512,-25.26865575858785,1,False,False
8326f1fffffffff,6.702775135515743,-24.974694781019217,1,False,False
8326f2fffffffff,8.122486656227652,-26.35459602328161,1,False,False
8326f3fffffffff,7.017568012186341,-26.05753078880824,1,False,False
8326f4fffffffff,8.582067644798,-24.48462014377052,1,False,False
8326f5fffffffff,7.486116475443289,-24.19291664727943,1,False,False
8326f6fffffffff,8.903671254311996,-25.56358432009363,1,False,False
832700fffffffff,15.481825939147488,-14.52616729948583,1,False,False
832701fffffffff,14.364381403969144,-14.26198035386091,1,False,False
832702fffffffff,15.82125088406006,-15.630204354733062,1,False,False
832703fffffffff,14.709836266178565,-15.360841714975324,1,False,False
832704fffffffff,16.257139486045972,-13.678127150841402,1,False,False
832705fffffffff,15.13401289628097,-13.416504194853005,1,False,False
832706fffffffff,16.598953705667917,-14.793223982137192,1,False,False
832708fffffffff,12.488313942208515,-14.83058977856799,1,False,False
832709fffffffff,11.380014638557531,-14.56963433265858,1,False,False
83270afffffffff,12.837272831603384,-15.913467823580854,1,False,False
83270bfffffffff,11.734075464846423,-15.647584574037865,1,False,False
83270cfffffffff,13.247541093403331,-14.000628190356808,1,False,False
83270dfffffffff,12.132221556438992,-13.742076128264468,1,False,False
83270efffffffff,13.598554805479337,-15.094314584316097,1,False,False
832710fffffffff,17.25575351960451,-17.004985077801887,1,False,False
832711fffffffff,16.152070361992347,-16.727844985477482,1,False,False
832712fffffffff,17.570390346411653,-18.10012273784977,1,False,False
832713fffffffff,16.474100957407018,-17.818346471432438,1,False,False
832714fffffffff,18.04084313815828,-16.177569928827527,1,False,False
832715fffffffff,16.93188901956899,-15.902435896184048,1,False,False
832716fffffffff,18.35732174937768,-17.28501865646705,1,False,False
832718fffffffff,14.277444148048469,-17.26330841716483,1,False,False
832719fffffffff,13.178843042993645,-16.989986821007374,1,False,False
83271afffffffff,14.60488590877233,-18.33718345542146,1,False,False
83271bfffffffff,13.512799616385696,-18.05944973513986,1,False,False
83271cfffffffff,15.047164768003316,-16.453566533069694,1,False,False
83271dfffffffff,13.941933388217272,-16.182118003747526,1,False,False
83271efffffffff,15.376158174950136,-17.53941834565285,1,False,False
832720fffffffff,16.681554196522672,-11.68640431549955,1,False,False
832721fffffffff,15.547818124468506,-11.433517182334096,1,False,False
832722fffffffff,17.03497927005877,-12.816778126037494,1,False,False
832723fffffffff,15.906673526297505,-12.557949299516135,1,False,False
832724fffffffff,17.45781557696719,-10.801984629350152,1,False,False
832725fffffffff,16.319487821060772,-10.552386896421416,1,False,False
832726fffffffff,17.814515834437852,-11.942202935209169,1,False,False
832728fffffffff,13.650090791807024,-12.048922585313807,1,False,False
832729fffffffff,12.523695134887353,-11.798648938487768,1,False,False
83272afffffffff,14.011041622496222,-13.157745239434712,1,False,False
83272bfffffffff,12.889156262883777,-12.901813895804118,1,False,False
83272cfffffffff,14.41426119981564,-11.183501795956753,1,False,False
83272dfffffffff,13.281834609302416,-10.936318876532312,1,False,False
83272efffffffff,14.77806303959435,-12.302010145568724,1,False,False
832730fffffffff,18.50012919934888,-14.210112272531298,1,False,False
832731fffffffff,17.379488491627523,-13.942650828376246,1,False,False
832732fffffffff,18.82857908863473,-15.336087691301984,1,False,False
832733fffffffff,17.714843657702144,-15.063185621413918,1,False,False
832734fffffffff,19.28690885530784,-13.343259070272246,1,False,False
832735fffffffff,18.16203722636079,-13.07853509689942,1,False,False
832736fffffffff,19.61813754345752,-14.480548843579273,1,False,False
832740fffffffff,7.704086873604325,-12.735185345759682,1,False,False
832741fffffffff,6.609667301991248,-12.490123748533732,1,False,False
832742fffffffff,8.07559119974196,-13.803057993752306,1,False,False
832743fffffffff,6.9837940416652335,-13.552855051784713,1,False,False
832744fffffffff,8.430758193353759,-11.90564888099214,1,False,False
832745fffffffff,7.327874452109831,-11.663321865150095,1,False,False
832746fffffffff,8.804396064908204,-12.982878034700263,1,False,False
832748fffffffff,4.819601711656504,-13.060242135229268,1,False,False
832749fffffffff,3.748734207320933,-12.817769503242518,1,False,False
83274afffffffff,5.194035995893444,-14.108653561343676,1,False,False
83274bfffffffff,4.124872953865455,-13.86127443880676,1,False,False
83274cfffffffff,5.521941381725275,-12.247660366544086,1,False,False
83274dfffffffff,4.441682085548104,-12.007762644469755,1,False,False
83274efffffffff,5.898204299894026,-13.305260254260448,1,False,False
832750fffffffff,9.535593745815666,-15.12399403924396,1,False,False
832751fffffffff,8.442036087444215,-14.86622479566402,1,False,False
832752fffffffff,9.892503159047838,-16.186454843022823,1,False,False
832753fffffffff,8.803092853972403,-15.923989970997331,1,False,False
832754fffffffff,10.27454717596224,-14.31141551057623,1,False,False
832755fffffffff,9.172787077252943,-14.055900814586668,1,False,False
832756fffffffff,10.633225261019245,-15.384437003702653,1,False,False
83275cfffffffff,7.353387373201544,-14.611098585857166,1,False,False
83275dfffffffff,6.270459111804862,-14.358584929506115,1,False,False
832760fffffffff,8.782115220514257,-9.975142533171113,1,False,False
832761fffffffff,7.66920666593672,-9.741549040773029,1,False,False
832762fffffffff,9.163187851855154,-11.064340756067784,1,False,False
832763fffffffff,8.052234227918776,-10.82495409470999,1,False,False
832764fffffffff,9.516847632648512,-9.11403276351578,1,False,False
832765fffffffff,8.39636936055673,-8.88381022474809,1,False,False
832766fffffffff,9.900716276633103,-10.211379084211986,1,False,False
832768fffffffff,5.849286029931719,-10.354040500383082,1,False,False
832769fffffffff,4.758901991367925,-10.12244357790927,1,False,False
83276afffffffff,6.2313704865651,-11.423611466451,1,False,False
83276bfffffffff,5.142043806633206,-11.186483788721088,1,False,False
83276cfffffffff,6.562835070920928,-9.510562133790597,1,False,False
83276dfffffffff,5.463813666073837,-9.282145809474391,1,False,False
83276efffffffff,6.94732649053549,-10.588199077892956,1,False,False
832770fffffffff,10.652327481579764,-12.398290193024236,1,False,False
832771fffffffff,9.539194049049058,-12.150626779697358,1,False,False
832772fffffffff,11.019330558567429,-13.486289769808009,1,False,False
832773fffffffff,9.909762846369144,-13.233235008150071,1,False,False
832774fffffffff,11.399805279093666,-11.551151928468936,1,False,False
832775fffffffff,10.27933689083394,-11.306394686631716,1,False,False
832776fffffffff,11.76928065230941,-12.648674114706544,1,False,False
832780fffffffff,17.671831127449504,-22.095213402130003,1,False,False
832781fffffffff,16.605740886116532,-21.80042670998504,1,False,False
832782fffffffff,17.948319445306797,-23.14001327241797,1,False,False
832783fffffffff,16.891054224851537,-22.841955355764327,1,False,False
832784fffffffff,18.45787896847791,-21.334067237328703,1,False,False
832785fffffffff,17.386126778441394,-21.040056876392185,1,False,False
832786fffffffff,18.734713346917903,-22.392736950152013,1,False,False
832788fffffffff,14.76904798410916,-22.25384734615333,1,False,False
832789fffffffff,13.715025596115948,-21.96868803853646,1,False,False
83278afffffffff,15.112982258852814,-23.31243878215773,1,False,False
83278bfffffffff,14.057015656012004,-23.02373002860405,1,False,False
83278cfffffffff,15.537254296598777,-21.508354675724675,1,False,False
83278dfffffffff,14.46719212892554,-21.218974943932366,1,False,False
83278efffffffff,15.831029679368294,-22.54657350959755,1,False,False
832790fffffffff,19.25987347189848,-24.477627884096144,1,False,False
832791fffffffff,18.23604523444037,-24.184796493378133,1,False,False
832793fffffffff,18.57918005140003,-25.264721076963514,1,False,False
832794fffffffff,20.05141930225622,-23.744237807407124,1,False,False
832795fffffffff,19.00203371586111,-23.44076743902038,1,False,False
832798fffffffff,16.50444446434277,-24.675492472415257,1,False,False
832799fffffffff,15.454484390462769,-24.382367894209576,1,False,False
83279afffffffff,16.8435667928832,-25.759399463580674,1,False,False
83279bfffffffff,15.793090915961056,-25.46306001012448,1,False,False
83279cfffffffff,17.203187437778293,-23.89298137361117,1,False,False
83279dfffffffff,16.161941528943654,-23.602192303617407,1,False,False
83279efffffffff,17.546231996266656,-24.96961369601185,1,False,False
8327a0fffffffff,18.96123478415287,-19.4761238416232,1,False,False
8327a1fffffffff,17.875677167319566,-19.187131752368504,1,False,False
8327a2fffffffff,19.248515399041903,-20.55837253207065,1,False,False
8327a3fffffffff,18.171525365492613,-20.26532897883557,1,False,False
8327a4fffffffff,19.75451485948311,-18.67233976767525,1,False,False
8327a5fffffffff,18.66415029292841,-18.38477715173754,1,False,False
8327a6fffffffff,20.04301921885492,-19.768000720995666,1,False,False
8327a8fffffffff,16.008467798687953,-19.687704226472107,1,False,False
8327a9fffffffff,14.924088917256658,-19.40307075329016,1,False,False
8327aafffffffff,16.31152831676364,-20.74881919646031,1,False,False
8327abfffffffff,15.234914472135149,-20.46032999808484,1,False,False
8327acfffffffff,16.787192932589456,-18.90099638344721,1,False,False
8327adfffffffff,15.69664042489133,-18.61768964724811,1,False,False
8327aefffffffff,17.09122965872926,-19.97511491223376,1,False,False
8327b0fffffffff,20.589580378172418,-21.93050217519223,1,False,False
8327b1fffffffff,19.525965170854484,-21.63087435756196,1,False,False
8327b2fffffffff,20.84767338667333,-22.99608250447312,1,False,False
8327b3fffffffff,19.79358847004966,-22.693019375705656,1,False,False
8327b4fffffffff,21.38929048890399,-21.153052099327027,1,False,False
8327b5fffffffff,20.32137355328466,-20.85427159707686,1,False,False
8327b6fffffffff,21.647937665898013,-22.23297446831064,1,False,False
832892fffffffff,17.88541447504803,-26.05669319828664,1,False,False
832a00fffffffff,-2.456939769161761,-3.812270409509048,1,False,False
832a02fffffffff,-2.078139337578231,-4.848655424561035,1,False,False
832a04fffffffff,-1.8094153787485887,-2.961848983476608,1,False,False
832a05fffffffff,-2.8339573432314453,-2.7779890325191703,1,False,False
832a06fffffffff,-1.4283972333417725,-4.002329474837813,1,False,False
832a10fffffffff,-0.662772956859428,-6.08861269904635,1,False,False
832a11fffffffff,-1.697952978817028,-5.886470688983728,1,False,False
832a12fffffffff,-0.2789900168933575,-7.133038251235272,1,False,True
832a13fffffffff,-1.316784123219368,-6.925037205078208,1,False,False
832a14fffffffff,-0.0014293129322501,-5.243217209686822,1,False,False
832a15fffffffff,-1.0460466883766248,-5.04481270588434,1,False,False
832a16fffffffff,0.3845844651372183,-6.2930455316452845,1,False,True
832a1afffffffff,-2.9785232154249712,-7.543190374507864,1,False,False
832a1bfffffffff,-3.9811522289870416,-7.336366258233103,1,False,False
832a1cfffffffff,-2.7204650398064016,-5.686586158982709,1,False,False
832a1efffffffff,-2.3422548826036325,-6.719332982533934,1,False,False
832a20fffffffff,-1.5368935138977948,-1.0628408710428232,1,False,False
832a21fffffffff,-2.565854378437296,-0.8895979737531851,1,False,False
832a22fffffffff,-1.155145423523354,-2.103713638952851,1,False,False
832a23fffffffff,-2.18869884658973,-1.924049299447667,1,False,False
832a24fffffffff,-0.8790609646261915,-0.1946645264214895,1,False,False
832a25fffffffff,-1.916558003436092,-0.0259060016560078,1,False,False
832a26fffffffff,-0.4946442483366141,-1.238149051588791,1,False,False
832a2efffffffff,-3.2088036826873205,-1.7464764745444634,1,False,False
832a30fffffffff,0.2786804851132771,-3.336044751751974,1,False,False
832a31fffffffff,-0.7717121697347408,-3.147856273401934,1,False,False
832a32fffffffff,0.6667528062170673,-4.389079563906457,1,False,False
832a33fffffffff,-0.3870016912891754,-4.194587862410592,1,False,False
832a34fffffffff,0.950463450689844,-2.469451786953808,1,False,False
832a35fffffffff,-0.1085924585653387,-2.285503067411752,1,False,False
832a36fffffffff,1.3412434864128726,-3.526448878232432,1,False,False
832a80fffffffff,0.2095405683066583,-11.073188715965737,1,False,True
832a81fffffffff,-0.8230492679645354,-10.845642477025203,1,False,True
832a82fffffffff,0.5894940183406369,-12.105316843928843,1,False,True
832a83fffffffff,-0.4436706721319285,-11.872719916460476,1,False,True
832a84fffffffff,0.8712497853704632,-10.263135451570172,1,False,True
832a85fffffffff,-0.1714693459689014,-10.038426052072255,1,False,True
832a86fffffffff,1.2529129270847912,-11.30314278859323,1,False,True
832a88fffffffff,-2.476717790915563,-11.414678077859596,1,False,True
832a89fffffffff,-3.475609048475876,-11.189174575411265,1,False,False
832a8afffffffff,-2.0997116148276325,-12.42894420730913,1,False,True
832a8bfffffffff,-3.0998847232649287,-12.198609669695111,1,False,True
832a8cfffffffff,-1.844314751440728,-10.620473516586006,1,False,True
832a8dfffffffff,-2.8537566681968323,-10.39765162081237,1,False,False
832a8efffffffff,-1.4659134741910982,-11.64251681009777,1,False,True
832a90fffffffff,2.0111825024208057,-13.374053915756466,1,False,False
832a91fffffffff,0.9679940747487183,-13.134153604533754,1,False,True
832a94fffffffff,2.686315395273848,-12.577811446829337,1,False,False
832a95fffffffff,1.6330223937524329,-12.34033733944673,1,False,True
832a96fffffffff,3.063692514562442,-13.616417749108868,1,False,False
832a98fffffffff,-0.7109826596935146,-13.677176392506787,1,False,True
832a99fffffffff,-1.7231268409137337,-13.439828524071109,1,False,True
832a9afffffffff,-0.3352267251972198,-14.688547891544268,1,False,True
832a9bfffffffff,-1.3473473844343762,-14.446722091877456,1,False,True
832a9cfffffffff,-0.0652598930819619,-12.896687728980108,1,False,True
832a9dfffffffff,-1.0880060743676698,-12.661627455383009,1,False,True
832a9efffffffff,0.3117930231906212,-13.916909290744869,1,False,True
832aa0fffffffff,1.1562420540692504,-8.39348271188024,1,False,True
832aa1fffffffff,0.1048856169726902,-8.177395669923332,1,False,True
832aa2fffffffff,1.5410396637237438,-9.44268123165692,1,False,True
832aa3fffffffff,0.4884371532599569,-9.2209915339398,1,False,True
832aa4fffffffff,1.8314782009950328,-7.55606374459571,1,False,True
832aa5fffffffff,0.7706162459615622,-7.343369229887979,1,False,True
832aa6fffffffff,2.2184533425624835,-8.611967349041144,1,False,True
832aa8fffffffff,-1.583119027814524,-8.784762098975436,1,False,False
832aa9fffffffff,-2.601017279938217,-8.570158280348693,1,False,False
832aaafffffffff,-1.2029990884430135,-9.816103890889002,1,False,True
832aabfffffffff,-2.222815147286564,-9.596137716339731,1,False,False
832aacfffffffff,-0.9350405720232662,-7.963673019665077,1,False,False
832aadfffffffff,-1.9630055621737268,-7.752282017017745,1,False,False
832aaefffffffff,-0.5531323184315065,-9.00169590661671,1,False,True
832ab0fffffffff,2.987944259582796,-10.719842876612269,1,False,False
832ab1fffffffff,1.9245909073658007,-10.490263722020195,1,False,True
832ab2fffffffff,3.369628597815292,-11.770398352446009,1,False,False
832ab3fffffffff,2.306483934862981,-11.53553558984911,1,False,True
832ab4fffffffff,3.6769284604211,-9.893373948224069,1,False,False
832ab5fffffffff,2.604082016084228,-9.66679767172415,1,False,True
832ab6fffffffff,4.06065882463044,-10.95190530831674,1,False,False
832ac2fffffffff,-6.396689084719245,-10.526388588852637,1,False,False
832ac6fffffffff,-5.806790960675652,-9.74297132669176,1,False,False
832ad0fffffffff,-5.063873123529442,-11.744874794074407,1,False,False
832ad1fffffffff,-6.026911107930007,-11.521419163860536,1,False,False
832ad2fffffffff,-4.690893440615529,-12.741822320472137,1,False,False
832ad3fffffffff,-5.65583707042452,-12.513742932692226,1,False,False
832ad4fffffffff,-4.462154794790688,-10.965977463361646,1,False,False
832ad5fffffffff,-5.435964500447189,-10.745058209194434,1,False,False
832ad6fffffffff,-4.088074943246474,-11.970595792519337,1,False,False
832ad8fffffffff,-7.547116556024474,-12.06430902010037,1,False,False
832adafffffffff,-7.347598542630764,-12.975547111985607,1,False,False
832adcfffffffff,-6.976861167645244,-11.300201665118118,1,False,False
832adefffffffff,-6.60801382602035,-12.287913908537654,1,False,False
832af0fffffffff,-4.225426567869557,-9.163150225232217,1,False,False
832af1fffffffff,-5.207390741532599,-8.950068309024429,1,False,False
832af2fffffffff,-3.8509186596165152,-10.177146918443649,1,False,False
832af3fffffffff,-4.835387146486537,-9.958929881671942,1,False,False
832af4fffffffff,-3.606365615563989,-8.357853038619906,1,False,False
832af5fffffffff,-4.598746691052561,-8.147815378454712,1,False,False
832af6fffffffff,-3.2304367224020742,-9.378496657759197,1,False,False
832b00fffffffff,2.198281530609378,2.2920670838875408,1,False,False
832b01fffffffff,1.1249442756197106,2.448401502014564,1,False,False
832b02fffffffff,2.5969186410638168,1.2366961791576765,1,False,False
832b03fffffffff,1.518624480733462,1.3999976045028866,1,False,False
832b04fffffffff,2.8811462635910927,3.1898719494748944,1,False,False
832b05fffffffff,1.801090236917703,3.341094623341625,1,False,False
832b06fffffffff,3.283464191663899,2.133775738907815,1,False,False
832b08fffffffff,-0.6010506302580803,1.7206397191401344,1,False,False
832b09fffffffff,-1.6413855246657552,1.878047594535178,1,False,False
832b0afffffffff,-0.2157521557101382,0.680161279557812,1,False,False
832b0bfffffffff,-1.2614386901222556,0.844283968996266,1,False,False
832b0cfffffffff,0.0640237364364121,2.602812774806045,1,False,False
832b0dfffffffff,-0.98395705570681,2.7553339695112347,1,False,False
832b0efffffffff,0.4524523231564847,1.5613008034603129,1,False,False
832b10fffffffff,4.090513329569078,0.0033101463303658,1,False,False
832b11fffffffff,2.9965606430051093,0.1756463904035152,1,False,False
832b12fffffffff,4.4943183045358825,-1.0696767302818304,1,False,False
832b13fffffffff,3.396756585471818,-0.8903950705714141,1,False,False
832b14fffffffff,4.787444588517526,0.9039592787189716,1,False,False
832b15fffffffff,3.686739548747976,1.0713618679959491,1,False,False
832b16fffffffff,5.194987066302458,-0.1711680335118227,1,False,False
832b18fffffffff,1.2347503917084706,-0.5383215813423741,1,False,False
832b19fffffffff,0.1715412331437166,-0.3654584015949347,1,False,False
832b1afffffffff,1.6277772832736686,-1.595097159732448,1,False,False
832b1bfffffffff,0.5604198421111515,-1.415556326331652,1,False,False
832b1cfffffffff,1.913794373657384,0.3458768388393662,1,False,False
832b1dfffffffff,0.8428331270415794,0.5140369026859656,1,False,False
832b1efffffffff,2.310020210658501,-0.7132886968780127,1,False,False
832b20fffffffff,3.1617000730345097,5.141706346439939,1,False,False
832b21fffffffff,2.0811631407942137,5.280520285676919,1,False,False
832b22fffffffff,3.566539273783267,4.093022737026978,1,False,False
832b23fffffffff,2.4802341092062785,4.238995900546088,1,False,False
832b24fffffffff,3.8447957483738646,6.048813147028776,1,False,False
832b25fffffffff,2.758673683744273,6.182175423746544,1,False,False
832b26fffffffff,4.253762889635932,5.001114713582559,1,False,False
832b28fffffffff,0.343727540991681,4.525485245207549,1,False,False
832b29fffffffff,-0.7053812708861926,4.666065512165357,1,False,False
832b2afffffffff,0.7331758422522007,3.490438997025994,1,False,False
832b2bfffffffff,-0.322050003768432,3.6379378573740655,1,False,False
832b2cfffffffff,1.012745340827771,5.417588437075901,1,False,False
832b2dfffffffff,-0.0430078702990102,5.552941988867495,1,False,False
832b2efffffffff,1.4057734083050315,4.383139269931091,1,False,False
832b30fffffffff,5.075255992344726,2.88165690945133,1,False,False
832b31fffffffff,3.9727489559911446,3.036737463351181,1,False,False
832b32fffffffff,5.486842453288157,1.8111834670426707,1,False,False
832b33fffffffff,4.379873160675099,1.973492954035289,1,False,False
832b34fffffffff,5.7721641385792966,3.7954537444303575,1,False,False
832b35fffffffff,4.664070876394797,3.945186646551557,1,False,False
832b36fffffffff,6.187978809915124,2.724595270128182,1,False,False
832b72fffffffff,-2.018523447662406,2.9059974559630524,1,False,False
832b76fffffffff,-1.364088726758464,3.783623283761784,1,False,False
832b80fffffffff,4.9938476185967104,-5.190080120425456,1,False,False
832b81fffffffff,3.8965284634945294,-4.986303347245352,1,False,False
832b82fffffffff,5.389872341052132,-6.270157851906261,1,False,False
832b83fffffffff,4.291282715503559,-6.059995900913584,1,False,False
832b84fffffffff,5.701179468373209,-4.310932989433368,1,False,False
832b85fffffffff,4.596059457572477,-4.111309111324275,1,False,False
832b86fffffffff,6.100364460744645,-5.396269166573124,1,False,False
832b88fffffffff,2.123270621991015,-5.646904441525958,1,False,False
832b89fffffffff,1.055197122213312,-5.44390293457004,1,False,True
832b8afffffffff,2.513639845810734,-6.7089196734522325,1,False,False
832b8bfffffffff,1.4435827734658728,-6.499803055917872,1,False,True
832b8cfffffffff,2.809128324509512,-4.784901826139009,1,False,False
832b8dfffffffff,1.7323253154843554,-4.585839159402881,1,False,True
832b8efffffffff,3.202183384925588,-5.852256861177284,1,False,False
832b90fffffffff,6.891268418355536,-7.569684054225861,1,False,False
832b91fffffffff,5.783676173272469,-7.350776205345535,1,False,False
832b92fffffffff,7.282077943954439,-8.65620061911418,1,False,False
832b93fffffffff,6.174809894686635,-8.4311667769379,1,False,False
832b94fffffffff,7.6125302948514655,-6.697898612343314,1,False,False
832b95fffffffff,6.497214141612504,-6.482779595983227,1,False,False
832b96fffffffff,8.006363808901789,-7.791131181758314,1,False,False
832b98fffffffff,3.9845205666684542,-7.988680294692258,1,False,False
832b99fffffffff,2.9029946478379496,-7.77115589778027,1,False,False
832b9afffffffff,4.372921419697429,-9.056264535060508,1,False,False
832b9bfffffffff,3.2909003703638606,-8.832883246871928,1,False,False
832b9cfffffffff,4.684378462972133,-7.1343704905422,1,False,False
832b9dfffffffff,3.594128671320985,-6.920430323921082,1,False,False
832b9efffffffff,5.075368426749609,-8.208672047136995,1,False,False
832ba0fffffffff,6.008051928536838,-2.335308964186994,1,False,False
832ba1fffffffff,4.897681592676883,-2.1468757294228378,1,False,False
832ba2fffffffff,6.412601707400077,-3.4228272247571074,1,False,False
832ba3fffffffff,5.300127339899151,-3.2275462364659413,1,False,False
832ba4fffffffff,6.719124510736171,-1.4349136342048583,1,False,False
832ba5fffffffff,5.6020181636302375,-1.251170423915892,1,False,False
832ba6fffffffff,7.127407625433141,-2.5260583366526,1,False,False
832ba8fffffffff,3.1038599490953604,-2.8439671156738515,1,False,False
832ba9fffffffff,2.021478092325081,-2.6555946389653746,1,False,False
832baafffffffff,3.500568783014259,-3.914045026783869,1,False,False
832babfffffffff,2.415410563465834,-3.719103732980512,1,False,False
832bacfffffffff,3.797047894762581,-1.960720704969032,1,False,False
832badfffffffff,2.7068588159995324,-1.776806682580964,1,False,False
832baefffffffff,4.196970901057967,-3.034605371828139,1,False,False
832bb0fffffffff,7.937283773312747,-4.717411454938103,1,False,False
832bb1fffffffff,6.815183012021432,-4.51295432534627,1,False,False
832bb2fffffffff,8.337901930159273,-5.816035328413754,1,False,False
832bb3fffffffff,7.215316395131262,-5.604908138308401,1,False,False
832bb4fffffffff,8.662386487252832,-3.820563135140112,1,False,False
832bb5fffffffff,7.533624464107397,-3.620486549911749,1,False,False
832bb6fffffffff,9.066657519478037,-4.924343395926803,1,False,False
832c92fffffffff,-32.793135323891654,44.5361215340644,1,False,False
832c96fffffffff,-32.22607560789495,43.5059783126031,1,False,False
832cb6fffffffff,-29.928775761198672,41.55599596875548,1,False,False
832cf3fffffffff,-26.234470166945,51.56945442704957,1,False,False
832d90fffffffff,-27.359940896993628,37.487075840183486,1,False,False
832d92fffffffff,-28.49919645756633,37.33788416331205,1,False,False
832d93fffffffff,-28.023209784603388,38.50094603914348,1,False,False
832d94fffffffff,-26.68344174123545,36.47648946978564,1,False,False
832d96fffffffff,-27.82728340550753,36.31813164404384,1,False,False
832ec8fffffffff,47.36423230130329,132.40217525102304,1,False,False
832ec9fffffffff,46.98518333552408,131.15437168839514,1,False,False
832ecafffffffff,48.38322570072504,132.6617769834689,1,False,False
832ecbfffffffff,47.99903740384,131.38560323142613,1,False,False
832ecdfffffffff,46.345006861697456,132.15249610914148,1,False,False
832ecefffffffff,47.73506816361236,133.6873557770599,1,False,False
832ed8fffffffff,49.78061434772142,134.2778304574592,1,False,False
832ed9fffffffff,49.37365096887166,132.8703591049169,1,False,False
832edafffffffff,50.70487090547912,134.34707548978724,1,False,False
832edbfffffffff,50.29050886196134,132.89939650916784,1,False,False
832eddfffffffff,48.75855597971589,133.97667870799916,1,False,False
833000fffffffff,13.137278545596562,95.9238799680626,1,False,False
833002fffffffff,13.047111643657258,95.13212191210346,1,False,False
833003fffffffff,12.376175101082977,95.76648087936918,1,False,False
833004fffffffff,13.661940596239717,96.51224017977376,1,False,False
833005fffffffff,12.75495690236632,96.61728427913904,1,False,False
833006fffffffff,13.843138828688517,95.59127258752709,1,False,False
833010fffffffff,13.721212022374074,93.92844875356784,1,False,False
833011fffffffff,12.952778733977384,94.32609434611442,1,False,False
833012fffffffff,13.627612348347071,93.09578276889064,1,False,False
833013fffffffff,12.854149953383049,93.50573571123304,1,False,False
833014fffffffff,14.584371059296942,94.3527267527228,1,False,False
833015fffffffff,13.810391413070182,94.74657797647272,1,False,False
833016fffffffff,14.500379775586886,93.52223846474344,1,False,False
833018fffffffff,11.47389134397756,94.7385655831699,1,False,False
833019fffffffff,10.810703586572377,95.44559893195296,1,False,False
83301afffffffff,11.342598463058607,93.85799831407752,1,False,False
83301bfffffffff,10.676336202973618,94.5703548214412,1,False,False
83301cfffffffff,12.256818509160745,94.90463794532354,1,False,False
83301dfffffffff,11.60068380910066,95.6070660195138,1,False,False
83301efffffffff,12.132945109846291,94.03082057090488,1,False,False
833020fffffffff,13.790367533790098,97.89680998310554,1,False,False
833021fffffffff,12.847645584465273,98.06112197699144,1,False,False
833022fffffffff,14.195024352817464,97.11434776255166,1,False,False
833023fffffffff,13.258957920296751,97.28227756246127,1,False,False
833024fffffffff,14.330064575192884,98.52562835059707,1,False,False
833025fffffffff,13.377193455107072,98.68809263792868,1,False,False
833026fffffffff,14.736452528933778,97.73055248910885,1,False,False
833028fffffffff,11.51625566945787,97.1692671695622,1,False,False
833029fffffffff,10.65627011291605,97.0156555915696,1,False,False
83302afffffffff,11.917966764655151,96.46316423077651,1,False,False
83302bfffffffff,11.068479527178978,96.30772705565248,1,False,False
83302cfffffffff,11.963125207410398,98.03673729278783,1,False,False
83302dfffffffff,11.1053437526882,97.8864014262712,1,False,False
83302efffffffff,12.363602128316757,97.32155682391422,1,False,False
833030fffffffff,15.163746643963982,95.886308319927,1,False,False
833031fffffffff,14.43327633044002,96.222742162566,1,False,False
833032fffffffff,15.293279611381717,94.90077477448096,1,False,False
833033fffffffff,14.56179259951747,95.2503348077086,1,False,False
833034fffffffff,15.772789479384626,96.5354161306572,1,False,False
833035fffffffff,15.030438177999894,96.86700381054403,1,False,False
833036fffffffff,15.907258913783048,95.5412314124763,1,False,False
833084fffffffff,13.318908098329882,90.51039035501648,1,False,False
833085fffffffff,12.53121555390422,90.9583873038374,1,False,False
833086fffffffff,13.206256893155905,89.61953258281324,1,False,False
83308dfffffffff,10.246189485725408,91.87241340577869,1,False,False
833090fffffffff,8.127379769991778,161.9529247224238,1,False,False
833092fffffffff,7.227619416636489,162.14261329583522,1,False,False
833094fffffffff,8.48468902870235,160.98538718495766,1,False,False
833095fffffffff,9.012504878727569,161.76547177009397,1,False,False
833096fffffffff,7.589218019411169,161.16925121852088,1,False,False
833098fffffffff,8.81809169157842,164.44817536141713,1,False,False
833099fffffffff,9.586705771378917,165.09156221219186,1,False,False
83309afffffffff,7.935568294714208,164.64996650266318,1,False,False
83309bfffffffff,8.65694904486097,165.31913343709817,1,False,False
83309dfffffffff,9.738088050069448,164.22545977165262,1,False,False
8330a0fffffffff,14.318582053835572,91.81701946310731,1,False,False
8330a1fffffffff,13.529452975789702,92.2485502453986,1,False,False
8330a2fffffffff,14.220475411529732,90.94227811350277,1,False,False
8330a3fffffffff,13.42659645147434,91.38674583079518,1,False,False
8330a4fffffffff,15.20661107306618,92.24917222003504,1,False,False
8330a5fffffffff,14.41183377358927,92.67700879943946,1,False,False
8330a6fffffffff,15.118265595124218,91.37616835219995,1,False,False
8330a8fffffffff,11.871368039351458,92.24794390365209,1,False,False
8330a9fffffffff,11.2067436110749,92.96553555841928,1,False,False
8330aafffffffff,11.754507656901373,91.39705525087604,1,False,False
8330abfffffffff,11.066273076065878,92.06137639961943,1,False,False
8330acfffffffff,12.751096872446148,92.67100574086264,1,False,False
8330adfffffffff,12.004483134225593,93.14519235291758,1,False,False
8330aefffffffff,12.643493201244574,91.8218871438266,1,False,False
8330b0fffffffff,14.926341782298625,89.58542686734128,1,False,False
8330b1fffffffff,14.117367306041045,90.05282017385363,1,False,False
8330b2fffffffff,14.82244909050267,88.6678230001475,1,False,False
8330b3fffffffff,14.009114800023797,89.14871063314756,1,False,False
8330b4fffffffff,15.839588651168592,90.02436613773044,1,False,False
8330b5fffffffff,15.02489548781799,90.48823615480522,1,False,False
8330b6fffffffff,15.745545509102644,89.10795493008669,1,False,False
8330c0fffffffff,7.504587904584614,94.77845024262574,1,False,False
8330c1fffffffff,6.81124279217279,95.50363723741935,1,False,False
8330c4fffffffff,8.35312006132281,94.94850740058112,1,False,False
8330c5fffffffff,7.666230214959529,95.6688466651744,1,False,False
8330c6fffffffff,8.195267673453882,94.05250172638314,1,False,False
8330e0fffffffff,9.332516501676247,95.9928425954899,1,False,False
8330e1fffffffff,8.898930298323602,96.70440628052906,1,False,False
8330e2fffffffff,9.186970756911618,95.11635815571488,1,False,False
8330e3fffffffff,8.506655940424697,95.83190202947354,1,False,False
8330e4fffffffff,10.206614182855732,96.15095811440035,1,False,False
8330e5fffffffff,9.783775633903293,96.8607070401242,1,False,False
8330e6fffffffff,10.006152745225688,95.28204234584751,1,False,False
8330e8fffffffff,7.548041180783824,97.27165041328414,1,False,False
8330eafffffffff,7.092965065471233,96.38768626369938,1,False,False
8330ecfffffffff,8.45595043730283,97.42738058846288,1,False,False
8330eefffffffff,8.00192112748777,96.54673789153506,1,False,False
8330f0fffffffff,9.7175635393728,93.50564028844,1,False,False
8330f1fffffffff,9.03706496120084,94.22736279444078,1,False,False
8330f2fffffffff,9.566569872572234,92.59924983236388,1,False,False
8330f3fffffffff,8.882764175105706,93.32602385962004,1,False,False
8330f4fffffffff,10.537493662015637,93.68295151902292,1,False,False
8330f5fffffffff,9.864078280968137,94.39996704691146,1,False,False
8330f6fffffffff,10.39412543936074,92.78356842203888,1,False,False
833100fffffffff,47.58688106812701,118.58795973568026,1,False,False
833101fffffffff,47.27361590149407,119.9872861598459,1,False,False
833103fffffffff,16.409663689454018,99.6672953142654,1,False,False
833104fffffffff,48.43683780536065,118.2473181163984,1,False,False
833105fffffffff,48.12388951340484,119.68428848265356,1,False,False
833106fffffffff,47.883540151207065,117.16921078878048,1,False,False
833108fffffffff,14.460844351060942,99.9857598094014,1,False,False
833109fffffffff,13.491197891098704,100.14206932044225,1,False,False
83310afffffffff,14.8779393076158,99.16907980709466,1,False,False
83310bfffffffff,13.914965877900462,99.32952532665566,1,False,False
83310cfffffffff,46.94444487239146,121.36595251944684,1,False,False
83310dfffffffff,14.034882588686523,100.8110552812742,1,False,False
83310efffffffff,15.43385583922202,99.8275130668655,1,False,False
833110fffffffff,18.43170635520903,98.24045890054528,1,False,False
833111fffffffff,17.63968872794194,98.56391513721007,1,False,False
833112fffffffff,18.584428646043268,97.20612889917967,1,False,False
833113fffffffff,17.790935673471342,97.54454130403882,1,False,False
833118fffffffff,16.244829362837315,98.1947977415652,1,False,False
833119fffffffff,15.286124042140305,98.36120765030316,1,False,False
83311afffffffff,16.388659482845206,97.1978974986986,1,False,False
83311bfffffffff,15.634379890993824,97.5242822693544,1,False,False
83311cfffffffff,16.81232421108615,98.84226010467972,1,False,False
83311dfffffffff,15.843912335808431,99.00666928722886,1,False,False
83311efffffffff,17.011066039834272,97.87398733505204,1,False,False
833120fffffffff,49.86549884539302,119.03008867145496,1,False,False
833121fffffffff,49.5356983599829,120.52553992550908,1,False,False
833122fffffffff,49.300069065065394,117.88904440007305,1,False,False
833123fffffffff,48.987900624813726,119.3656309507692,1,False,False
833124fffffffff,50.75649159070558,118.67630807237408,1,False,False
833125fffffffff,50.427405865069645,120.21500165887583,1,False,False
833126fffffffff,50.176381322575125,117.51176354832984,1,False,False
833128fffffffff,48.31078852587627,122.25112981112376,1,False,False
833129fffffffff,47.94747459944648,123.65752598857205,1,False,False
83312afffffffff,47.79408781568715,121.09988503509992,1,False,False
83312bfffffffff,47.44819901324706,122.49289282317622,1,False,False
83312cfffffffff,49.18780153989598,121.99664074022792,1,False,False
83312dfffffffff,48.82267747026141,123.44209039798496,1,False,False
83312efffffffff,48.65787579952136,120.8201053754076,1,False,False
833131fffffffff,48.73221001822481,116.79033319569496,1,False,False
833135fffffffff,49.59363634960535,116.39184181744908,1,False,False
833140fffffffff,10.26872546177036,101.00688184953616,1,False,False
833141fffffffff,9.368639603500563,100.86565748956892,1,False,False
833142fffffffff,10.706285553613489,100.24793269761436,1,False,False
833143fffffffff,9.816835543026006,100.1042301570684,1,False,False
833144fffffffff,10.719070429161253,101.91404478014134,1,False,False
833145fffffffff,9.821832526053084,101.77673494477418,1,False,False
833146fffffffff,11.155414684375554,101.14680167098608,1,False,False
83314cfffffffff,8.455322243922767,100.72311200161936,1,False,False
83314efffffffff,8.91425389244411,99.95920267278704,1,False,False
833150fffffffff,12.000204313544629,99.64465259788274,1,False,False
833151fffffffff,11.134518821622658,99.49991813388203,1,False,False
833152fffffffff,12.428041802188185,98.84863265781722,1,False,False
833153fffffffff,11.553450833878951,98.7628530201124,1,False,False
833154fffffffff,12.525472804915156,100.29647467194508,1,False,False
833155fffffffff,11.58245271837633,100.3903265851382,1,False,False
833156fffffffff,12.955541847685204,99.48803882193675,1,False,False
833158fffffffff,9.803979057562684,98.46501523345192,1,False,False
833159fffffffff,8.91004470933898,98.31409019622754,1,False,False
83315afffffffff,10.23478790088489,97.73474035070008,1,False,False
83315bfffffffff,9.351599752766187,97.58173861954384,1,False,False
83315cfffffffff,10.255673684008045,99.35387281059069,1,False,False
83315dfffffffff,9.363806994561925,99.20650066214618,1,False,False
83315efffffffff,10.685166030919008,98.6145975658704,1,False,False
833160fffffffff,47.20850113203215,128.94742421745545,1,False,False
833161fffffffff,46.598986984018126,129.94347058939113,1,False,False
833162fffffffff,46.7690047439546,127.71952383603482,1,False,False
833163fffffffff,10.273420088657934,102.69200644583194,1,False,False
833164fffffffff,48.08284336730758,128.8723940608196,1,False,False
833165fffffffff,47.60710760032608,130.14768229785494,1,False,False
833166fffffffff,47.63317513605268,127.61413561068532,1,False,False
83316afffffffff,8.91109455157992,101.63812669511542,1,False,False
83316bfffffffff,7.987036402852861,101.49820317241615,1,False,False
83316cfffffffff,45.97153111455776,130.93189062075214,1,False,False
83316efffffffff,9.365621779738245,102.5574447068415,1,False,False
833170fffffffff,46.71140314592806,125.20700663111047,1,False,False
833171fffffffff,11.640430512818511,101.93803359439504,1,False,False
833172fffffffff,13.058823309357347,100.96306856455492,1,False,False
833173fffffffff,12.087067779821782,101.11320910044206,1,False,False
833174fffffffff,47.56880431444269,125.03827435017716,1,False,False
833175fffffffff,47.17567516921754,126.39251115588551,1,False,False
833176fffffffff,47.0870263232543,123.86224198710994,1,False,False
833180fffffffff,18.34753529476708,93.41002981957423,1,False,False
833181fffffffff,17.564792113397726,93.7972535313182,1,False,False
833182fffffffff,18.473639445454697,92.3653212476859,1,False,False
833183fffffffff,17.691149646824215,92.76668928539696,1,False,False
833184fffffffff,19.011568384970964,94.06805734005545,1,False,False
833185fffffffff,18.2160350638372,94.45095978264708,1,False,False
833186fffffffff,19.142937493125,93.0125273772116,1,False,False
833188fffffffff,16.163702748620636,93.5391637254768,1,False,False
833189fffffffff,15.368875953308084,93.95033527235285,1,False,False
83318afffffffff,16.090134677632125,92.68316695081904,1,False,False
83318bfffffffff,15.290093464110605,93.10722594515296,1,False,False
83318cfffffffff,16.794799134321075,94.17455807065778,1,False,False
83318dfffffffff,16.037617353551276,94.54228825352592,1,False,False
83318efffffffff,16.921143647567973,93.1578537450942,1,False,False
833190fffffffff,19.388100556203767,90.89134199378732,1,False,False
833191fffffffff,18.549568206362927,91.3541662869566,1,False,False
833192fffffffff,19.32949121130103,89.96513557944533,1,False,False
833193fffffffff,18.48610596306484,90.44213878913052,1,False,False
833194fffffffff,20.0755883966549,91.53050525207502,1,False,False
833195fffffffff,19.26850077351028,91.9533860909812,1,False,False
833196fffffffff,20.19391131907724,90.4539551610003,1,False,False
833198fffffffff,16.82686425204613,91.36531222331853,1,False,False
833199fffffffff,16.01171003236458,91.81202492319004,1,False,False
83319afffffffff,16.74825967451985,90.4654935494026,1,False,False
83319bfffffffff,15.928252843023683,90.925745588165,1,False,False
83319cfffffffff,17.720169976105314,91.80689849946135,1,False,False
83319dfffffffff,16.90025399913311,92.24981044003476,1,False,False
83319efffffffff,17.651774128823774,90.9087728212126,1,False,False
8331a0fffffffff,19.54004687850376,95.80252809629566,1,False,False
8331a1fffffffff,18.732119720058087,96.16552493507557,1,False,False
8331a2fffffffff,19.68292253442538,94.74110094957052,1,False,False
8331a3fffffffff,18.87456659759965,95.119282082476,1,False,False
8331a4fffffffff,20.21210117192008,96.50100239834563,1,False,False
8331a5fffffffff,19.39150678252252,96.85840362517902,1,False,False
8331a6fffffffff,20.361235850401872,95.42948835795592,1,False,False
8331a8fffffffff,17.29723354793991,95.84596391464784,1,False,False
8331a9fffffffff,16.528386230283292,96.19517557004514,1,False,False
8331aafffffffff,17.43343042121393,94.82388928552244,1,False,False
8331abfffffffff,16.663824726490475,95.1872000691386,1,False,False
8331acfffffffff,17.937545060385105,96.51885104944957,1,False,False
8331adfffffffff,17.156381853733823,96.86286199120144,1,False,False
8331aefffffffff,18.07931021478388,95.48744861531264,1,False,False
8331b0fffffffff,20.64098079813881,93.27083786781564,1,False,False
8331b1fffffffff,19.819928695816788,93.67481210351664,1,False,False
8331b2fffffffff,20.771190989356075,92.18517049914098,1,False,False
8331b3fffffffff,19.95087528895389,92.60437126382126,1,False,False
8331b4fffffffff,21.338446998208124,93.95315789200455,1,False,False
8331b5fffffffff,20.504265204437367,94.3525253049019,1,False,False
8331b6fffffffff,21.474553906641862,92.8557313354749,1,False,False
833800fffffffff,-6.452932716962944,12.104902326829452,1,False,False
833801fffffffff,-7.014203457955043,12.993620591730323,1,False,False
833802fffffffff,-6.951822424559634,11.114766844232348,1,False,False
833803fffffffff,-7.516077014494732,11.998189601966104,1,False,False
833804fffffffff,-5.38976631688408,12.211168022890003,1,False,False
833805fffffffff,-5.952135988710237,13.093085839392952,1,False,False
833806fffffffff,-5.890125981525536,11.218153892677524,1,False,False
833808fffffffff,-8.663079151789482,13.800678969935998,1,False,False
833809fffffffff,-9.243563878531791,14.722032209065205,1,False,False
83380afffffffff,-9.17016569040046,12.7902279697992,1,False,False
83380bfffffffff,-9.755384869287802,13.70430938398987,1,False,False
83380cfffffffff,-7.580772494371729,13.89561343040772,1,False,False
83380dfffffffff,-8.152167384397833,14.81072344675774,1,False,False
83380efffffffff,-8.087082579235993,12.892678796456792,1,False,False
833810fffffffff,-6.888398713611603,9.220600874826394,1,False,False
833811fffffffff,-7.449574852545078,10.120682084355314,1,False,False
833812fffffffff,-7.385237214894899,8.217239513775777,1,False,False
833813fffffffff,-7.945657734298164,9.123226092818577,1,False,False
833814fffffffff,-5.819497439276842,9.318605944771734,1,False,False
833815fffffffff,-6.389849270280349,10.221103998214534,1,False,False
833816fffffffff,-6.31891690128275,8.31210644443877,1,False,False
833818fffffffff,-9.08783936028435,10.887890445280483,1,False,False
833819fffffffff,-9.67290217996196,11.779998725935716,1,False,False
83381afffffffff,-9.58128564711757,9.887261451555997,1,False,False
83381bfffffffff,-10.170781243614847,10.7706186913624,1,False,False
83381cfffffffff,-8.014210139773557,11.003451570047124,1,False,False
83381dfffffffff,-8.589607864621122,11.889899877157603,1,False,False
83381efffffffff,-8.508109189889394,10.01000445437895,1,False,False
833822fffffffff,-4.316168227625133,12.31809782654281,1,False,False
833823fffffffff,-4.889305274445269,13.199578246517024,1,False,False
833828fffffffff,-6.001283327104195,14.98415925773952,1,False,False
833829fffffffff,-6.558906401496241,15.899494147291527,1,False,False
83382afffffffff,-6.509098363662418,13.98914407625494,1,False,False
83382bfffffffff,-7.071201641081866,14.898089434377733,1,False,False
83382efffffffff,-5.448647690087253,14.081301329065786,1,False,False
833830fffffffff,-4.237230493607608,10.423882010282853,1,False,False
833831fffffffff,-4.817581062973007,11.322195096960888,1,False,False
833832fffffffff,-4.739526030813674,9.417246863017382,1,False,False
833833fffffffff,-5.318871189314435,10.32216878748212,1,False,False
833834fffffffff,-3.145559567452144,10.526249279943816,1,False,False
833835fffffffff,-3.734794096138635,11.426895992621892,1,False,False
833836fffffffff,-3.649100268393224,9.516529247233072,1,False,False
833840fffffffff,-10.47540175834497,18.59806685178369,1,False,False
833841fffffffff,-11.062703145157414,19.57526744292425,1,False,False
833842fffffffff,-11.006419613420292,17.564139905408236,1,False,False
833843fffffffff,-11.599173447918208,18.536663577098807,1,False,False
833844fffffffff,-9.36102399961227,18.65851782202508,1,False,False
833845fffffffff,-9.941059749626602,19.628445403703378,1,False,False
833846fffffffff,-9.89008415135758,17.63270549238976,1,False,False
833848fffffffff,-12.627036676336024,20.238129611507528,1,False,False
833849fffffffff,-13.268414702125746,21.21480988884873,1,False,False
83384cfffffffff,-11.493327025909096,20.33980668825605,1,False,False
83384dfffffffff,-12.128464359832,21.30931487689309,1,False,False
83384efffffffff,-11.98634671800232,19.27267840601429,1,False,False
833850fffffffff,-10.937639403729724,15.573065543889092,1,False,False
833851fffffffff,-11.533507927945772,16.527322624377383,1,False,False
833852fffffffff,-11.45497099357367,14.540553289777185,1,False,False
833853fffffffff,-12.05607412064829,15.488284314865073,1,False,False
833854fffffffff,-9.828000144912558,15.656548312982569,1,False,False
833855fffffffff,-10.415818777299132,16.604003610235903,1,False,False
833856fffffffff,-10.344731862951829,14.631985771756511,1,False,False
83385cfffffffff,-12.131707391019535,17.494495338971667,1,False,False
83385dfffffffff,-12.475314128345351,18.201660197170654,1,False,False
83385efffffffff,-12.659694523982402,16.449437054085386,1,False,False
833862fffffffff,-8.256758555142092,18.71803833980169,1,False,False
833863fffffffff,-8.829236946950653,19.68079829669554,1,False,False
833868fffffffff,-9.874348420878022,21.493890848130462,1,False,False
833869fffffffff,-10.497501102771398,22.459553610208147,1,False,False
83386afffffffff,-10.368303312261853,20.439895825035524,1,False,False
83386bfffffffff,-10.996845462905473,21.40233037686077,1,False,False
83386cfffffffff,-8.8648681553596,21.67599577693359,1,False,False
83386efffffffff,-9.404008343239251,20.654631179419663,1,False,False
833870fffffffff,-8.208894851003393,16.75386085797594,1,False,False
833871fffffffff,-8.783436236047585,17.700216789664495,1,False,False
833872fffffffff,-8.727882029701794,15.73876187867287,1,False,False
833873fffffffff,-9.307377656620965,16.67950747408216,1,False,False
833874fffffffff,-7.121038421938025,16.827089613714126,1,False,False
833875fffffffff,-7.68716929443836,17.766697745212557,1,False,False
833876fffffffff,-7.637969971079357,15.819734635530745,1,False,False
833880fffffffff,-9.902791371587387,5.111630814072194,1,False,False
833881fffffffff,-10.452408164402996,6.029368348588831,1,False,False
833882fffffffff,-10.382724143858644,4.106339958347014,1,False,False
833883fffffffff,-10.931924810238868,5.027724804392775,1,False,False
833884fffffffff,-8.860181852174039,5.19609911642823,1,False,False
833885fffffffff,-9.418619323864275,6.116580323999363,1,False,False
833886fffffffff,-9.344913057216884,4.187430327502397,1,False,False
833888fffffffff,-12.104319771213673,6.753981076699289,1,False,False
833889fffffffff,-12.716279488319564,7.612985614568623,1,False,False
83388afffffffff,-12.57107363400037,5.758068819647861,1,False,False
83388bfffffffff,-13.187061833392846,6.606172247195796,1,False,False
83388cfffffffff,-11.028310306380757,6.899677905498189,1,False,False
83388dfffffffff,-11.63051263557626,7.75378719300481,1,False,False
83388efffffffff,-11.498130355828868,5.910546977767548,1,False,False
833890fffffffff,-10.301024828808297,2.1714038695588864,1,False,False
833891fffffffff,-10.857940829044788,3.101326473438386,1,False,False
833892fffffffff,-10.771472083214212,1.165291264051149,1,False,False
833893fffffffff,-11.327982748867502,2.0972080526954486,1,False,False
833894fffffffff,-9.260200788583544,2.2461088053750013,1,False,False
833895fffffffff,-9.82535277491323,3.178990540698855,1,False,False
833896fffffffff,-9.7364320972619,1.236471251591444,1,False,False
833898fffffffff,-12.416711725483822,3.945785737011095,1,False,False
833899fffffffff,-13.030415704603728,4.766625653015626,1,False,False
83389afffffffff,-12.880738146656144,2.9475667879272858,1,False,False
83389bfffffffff,-13.4820172343607,3.78021096396518,1,False,False
83389cfffffffff,-11.406782174589726,4.025793474317614,1,False,False
83389dfffffffff,-11.961045790804755,4.925733065635785,1,False,False
83389efffffffff,-11.876520221723917,3.0241868952921256,1,False,False
8338a0fffffffff,-7.311972587063663,6.292748588395505,1,False,False
8338a1fffffffff,-7.879830920167994,7.211625314547579,1,False,False
8338a2fffffffff,-7.804540514510386,5.281135011848495,1,False,False
8338a3fffffffff,-8.371652077761707,6.204371943369794,1,False,False
8338a4fffffffff,-6.24009343549263,6.38171570160073,1,False,False
8338a5fffffffff,-6.816587832896473,7.303280918998243,1,False,False
8338a6fffffffff,-6.736358417709569,5.366743862190684,1,False,False
8338a8fffffffff,-9.481320856690964,8.029349439529632,1,False,False
8338a9fffffffff,-10.06947521939587,8.888618800315555,1,False,False
8338aafffffffff,-9.968709478790656,7.03011262457034,1,False,False
8338abfffffffff,-10.551958614062125,7.892561171086259,1,False,False
8338acfffffffff,-8.439541206488157,8.122989006629707,1,False,False
8338adfffffffff,-8.997298155300376,9.01844156131093,1,False,False
8338aefffffffff,-8.930700620776793,7.120571030673262,1,False,False
8338b0fffffffff,-7.719794485389671,3.3359125205618434,1,False,False
8338b1fffffffff,-8.293770805777529,4.269069781099165,1,False,False
8338b2fffffffff,-8.205933899140383,2.321327861780738,1,False,False
8338b3fffffffff,-8.779155237401435,3.257184176170587,1,False,False
8338b4fffffffff,-6.6477642832081045,3.415180777051937,1,False,False
8338b5fffffffff,-7.229766299185445,4.351263580184637,1,False,False
8338b6fffffffff,-7.138695026301839,2.3970661024041955,1,False,False
8338c0fffffffff,-14.08989528508478,11.323556124857722,1,False,False
8338c1fffffffff,-14.714578817459836,12.254133725119893,1,False,False
8338c2fffffffff,-14.581632576872249,10.283664049561976,1,False,False
8338c3fffffffff,-15.211331744859235,11.205045738661234,1,False,False
8338c4fffffffff,-12.974547766370575,11.440267468595406,1,False,False
8338c5fffffffff,-13.590974771123168,12.364651063800132,1,False,False
8338c6fffffffff,-13.468548200413546,10.408161708164348,1,False,False
8338c8fffffffff,-16.47877304534124,13.09408039216466,1,False,False
8338c9fffffffff,-17.1151168714648,14.061453642466953,1,False,False
8338cafffffffff,-16.978204339370578,12.02788454813426,1,False,False
8338cbfffffffff,-17.62013064930167,12.98670642401087,1,False,False
8338ccfffffffff,-15.341946138914514,13.199772281221032,1,False,False
8338cefffffffff,-15.843939474452334,12.141891492357828,1,False,False
8338d0fffffffff,-14.434937041526144,8.349936206871156,1,False,False
8338d1fffffffff,-15.065733656358868,9.245656212059655,1,False,False
8338d2fffffffff,-14.906485698142562,7.325126381482478,1,False,False
8338d3fffffffff,-15.541776949815096,8.210206578503522,1,False,False
8338d4fffffffff,-13.333514289572856,8.487598862938864,1,False,False
8338d5fffffffff,-13.955489722159223,9.37783140563618,1,False,False
8338d6fffffffff,-13.808524781638033,7.470113409940487,1,False,False
8338d8fffffffff,-16.823750077793807,10.028902101422435,1,False,False
8338d9fffffffff,-17.469126276960353,10.962463096152842,1,False,False
8338dafffffffff,-17.30068431624812,8.975223816967022,1,False,False
8338dbfffffffff,-17.95109505748094,9.898550681634768,1,False,False
8338dcfffffffff,-15.700310830228531,10.157258492817808,1,False,False
8338ddfffffffff,-16.338027002880054,11.084695427915602,1,False,False
8338defffffffff,-16.181076442412472,9.111468617593498,1,False,False
8338e0fffffffff,-11.364308471183056,12.58066455412852,1,False,False
8338e1fffffffff,-11.96725510211839,13.50713495196478,1,False,False
8338e2fffffffff,-11.866091326127629,11.555219479846103,1,False,False
8338e3fffffffff,-12.473952862820006,12.47348216268288,1,False,False
8338e4fffffffff,-10.262803881302933,12.686234688053853,1,False,False
8338e5fffffffff,-10.857014940864332,13.606472440352688,1,False,False
8338e6fffffffff,-10.765297037168253,11.668450737025632,1,False,False
8338e8fffffffff,-13.69966764329334,14.353402133553027,1,False,False
8338eafffffffff,-14.210523620573422,13.303820607489422,1,False,False
8338ecfffffffff,-12.573541734813151,14.44770298939138,1,False,False
8338edfffffffff,-13.182539946865452,15.402174474916034,1,False,False
8338eefffffffff,-13.085353596373066,13.406262742009384,1,False,False
8338f0fffffffff,-11.753512194614256,9.636317611901651,1,False,False
8338f1fffffffff,-12.361864764194078,10.53079319082167,1,False,False
8338f2fffffffff,-12.23829544741958,8.623238519270037,1,False,False
8338f3fffffffff,-12.851154796674567,9.508037755431603,1,False,False
8338f4fffffffff,-10.663315442794875,9.762712158788675,1,False,False
8338f5fffffffff,-11.262360356137547,10.651599046658603,1,False,False
8338f6fffffffff,-11.15003955850424,8.756897956215102,1,False,False
833900fffffffff,-0.7838352635594187,13.28612994593879,1,False,False
833901fffffffff,-1.4000495010734575,14.17890607372115,1,False,False
833902fffffffff,-1.2841459066184688,12.27578660662203,1,False,False
833903fffffffff,-1.8995674174455013,13.176475624052536,1,False,False
833904fffffffff,0.3380480019979435,13.39632976663276,1,False,False
833905fffffffff,-0.2860245437705287,14.290696587559443,1,False,False
833906fffffffff,-0.1606180470340217,12.383753553097444,1,False,False
833908fffffffff,-3.107815426532233,14.949062898464936,1,False,False
833909fffffffff,-3.699808058350075,15.820436493474244,1,False,False
83390cfffffffff,-2.008796920385928,15.061807844494918,1,False,False
83390dfffffffff,-2.609651658151957,15.934585940883478,1,False,False
83390efffffffff,-2.50760258990506,14.067659247722032,1,False,False
833910fffffffff,-1.1649975190830946,10.34334905167519,1,False,False
833911fffffffff,-1.7864284506235035,11.260249993930564,1,False,False
833915fffffffff,-0.6618117773009241,11.365891441368644,1,False,False
83391afffffffff,-2.044531997258635,10.62927626551208,1,False,False
833920fffffffff,1.9581951524948475,14.51592124487692,1,False,False
833921fffffffff,1.3257396612501378,15.403301144505772,1,False,False
833922fffffffff,1.465254103103667,13.507078345402856,1,False,False
833923fffffffff,0.8336672647608209,14.403033927278408,1,False,False
833924fffffffff,3.086706034954711,14.62936170621222,1,False,False
833925fffffffff,2.4470558795221184,15.518228478119648,1,False,False
833928fffffffff,-0.408941263210696,16.16450075891334,1,False,False
833929fffffffff,-1.0190386478674018,17.029541690499897,1,False,False
83392afffffffff,-0.9030063771296708,15.175093857469966,1,False,False
83392bfffffffff,-1.512443839249007,16.04927306856761,1,False,False
83392cfffffffff,0.7000717700154389,16.280271904051844,1,False,False
83392dfffffffff,0.0816620257890229,17.14661202255481,1,False,False
83392efffffffff,0.2087751068232335,15.288923949497306,1,False,False
833931fffffffff,0.9687199304749304,12.492266957261329,1,False,False
833933fffffffff,0.469100955126846,11.472075950367456,1,False,False
833944fffffffff,-3.831559057568735,19.4926153557754,1,False,False
833945fffffffff,-4.349683088340036,20.418598999100325,1,False,False
833960fffffffff,-2.082974350541558,22.754042934178013,1,False,False
833961fffffffff,-1.60649647888487,23.690751484636504,1,False,False
833962fffffffff,-2.799758569978398,19.559587037011525,1,False,False
833963fffffffff,-3.323433591188812,20.46067730287689,1,False,False
833964fffffffff,-1.378907099762133,21.93806591918409,1,False,False
833965fffffffff,-1.0112688916595436,22.87828066855617,1,False,False
833966fffffffff,-2.4317856889961647,21.806707352165844,1,False,False
833968fffffffff,-1.7273829547487147,25.471353802461064,1,False,False
833969fffffffff,-1.2400577945425235,26.435482311982053,1,False,False
83396cfffffffff,-1.1248834880657006,24.63625713949081,1,False,False
83396efffffffff,-2.209893520867782,24.51530914150361,1,False,False
833970fffffffff,-2.707061926976861,17.766106474631187,1,False,False
833971fffffffff,-3.291526257127719,18.60838542794719,1,False,False
833972fffffffff,-3.2022260993548946,16.79701551118114,1,False,False
833974fffffffff,-1.6211121073017762,17.88384860718501,1,False,False
833975fffffffff,-2.2147949754789766,18.72724733958093,1,False,False
833976fffffffff,-2.1139214253435243,16.913010439210897,1,False,False
833980fffffffff,-2.34967327877081,5.715018246156906,1,False,False
833981fffffffff,-2.9570743812977462,6.652215203788059,1,False,False
833982fffffffff,-2.856151995996382,4.685689659828694,1,False,False
833983fffffffff,-3.462178344756498,5.627062700131253,1,False,False
833984fffffffff,-1.2277728683101714,5.803574506602389,1,False,False
833985fffffffff,-1.8424376303329435,6.743599857976996,1,False,False
833986fffffffff,-1.7365106842087386,4.77073632149141,1,False,False
833988fffffffff,-4.65516045878547,7.488418160624642,1,False,False
833989fffffffff,-5.241133503534536,8.407595340531207,1,False,False
83398afffffffff,-5.1565734773017295,6.471278787088962,1,False,False
83398bfffffffff,-5.741504711260856,7.395543346645464,1,False,False
83398cfffffffff,-3.5581788091680773,7.581910985293224,1,False,False
83398dfffffffff,-4.152484939258024,8.503711803050807,1,False,False
83398efffffffff,-4.062017314079809,6.561443411302102,1,False,False
833990fffffffff,-2.7511063250984424,2.705314399777043,1,False,False
833991fffffffff,-3.361305703441124,3.65627800638118,1,False,False
833992fffffffff,-3.255824862722569,1.6740709664018996,1,False,False
833993fffffffff,-3.864571706443872,2.627447514598161,1,False,False
833995fffffffff,-2.244479429403061,3.737759223280481,1,False,False
833996fffffffff,-2.135954229317741,1.748804812775084,1,False,False
833998fffffffff,-5.065282242847431,4.51733557266742,1,False,False
833999fffffffff,-5.656173455658736,5.4529310915770735,1,False,False
83399afffffffff,-5.56360595117782,3.494994212163416,1,False,False
83399bfffffffff,-6.153415689947987,4.434017048368949,1,False,False
83399cfffffffff,-3.965975824946538,4.601224604354351,1,False,False
83399dfffffffff,-4.564570031262452,5.539702187199002,1,False,False
83399efffffffff,-4.467908055326191,3.5753581566473125,1,False,False
8339a3fffffffff,-0.7188417974884016,6.83560313196632,1,False,False
8339a8fffffffff,-1.9452014835908031,8.697850130686412,1,False,False
8339a9fffffffff,-2.548878482393321,9.616458772980858,1,False,False
8339aafffffffff,-2.451227212933623,7.676027506944629,1,False,False
8339abfffffffff,-3.0536128883504494,8.600461492729337,1,False,False
8339adfffffffff,-1.4395600536818989,9.717041174304065,1,False,False
8339aefffffffff,-1.3350153207370388,7.770773474529142,1,False,False
833c00fffffffff,-58.09550405277518,76.12007692814517,1,False,False
833c01fffffffff,-58.25256282489749,78.18985953388965,1,False,False
833c02fffffffff,-58.88586493215737,74.74442139761751,1,False,False
833c03fffffffff,-59.066735478155536,76.864826442561,1,False,False
833c04fffffffff,-57.12015989741404,75.4148931981103,1,False,False
833c05fffffffff,-53.69659236067807,75.91793188554735,1,False,False
833c06fffffffff,-57.90521185652983,74.07034792174886,1,False,False
833c08fffffffff,-59.32369625287187,81.17535490324939,1,False,False
833c0afffffffff,-60.17941426650636,79.88905061452657,1,False,False
833c0bfffffffff,-60.27583753096371,82.13337229411492,1,False,False
833c0cfffffffff,-54.815264562179074,78.46792354193731,1,False,False
833c0efffffffff,-59.2129506265264,79.01035727311492,1,False,False
833c10fffffffff,-60.19879345474666,68.59705751823817,1,False,False
833c11fffffffff,-60.480544594472455,70.76343849342034,1,False,False
833c12fffffffff,-60.911756108588,66.92211856110043,1,False,False
833c13fffffffff,-61.22317649472438,69.12877530766164,1,False,False
833c14fffffffff,-59.18549523362145,68.10373745258408,1,False,False
833c15fffffffff,-59.472031984849885,70.18624351803595,1,False,False
833c16fffffffff,-59.8837197124688,66.47852124101293,1,False,False
833c18fffffffff,-61.73763100603253,73.68707845116656,1,False,False
833c19fffffffff,-61.93752226558521,76.02694157487176,1,False,False
833c1afffffffff,-62.52659396356799,72.05800954962143,1,False,False
833c1bfffffffff,-62.75557420534236,74.45872697168453,1,False,False
833c1cfffffffff,-60.72736124953749,72.97291241666508,1,False,False
833c1dfffffffff,-60.04548536192317,77.6629589787931,1,False,False
833c1efffffffff,-61.49902620048448,71.38559363140894,1,False,False
833c20fffffffff,-51.71133069768151,74.68378455789728,1,False,False
833c22fffffffff,-56.12881977210832,74.7378347159316,1,False,False
833c23fffffffff,-52.71159104353146,75.29056670080077,1,False,False
833c26fffffffff,-51.498412094243314,72.90965500291779,1,False,False
833c2afffffffff,-53.85770187176036,77.76682091964132,1,False,False
833c2efffffffff,-52.885185320409,77.10753770355328,1,False,False
833c30fffffffff,-57.45943185660546,69.06774604632899,1,False,False
833c31fffffffff,-56.91668051068167,73.4100126260689,1,False,False
833c32fffffffff,-58.17675125548696,67.59813212175287,1,False,False
833c33fffffffff,-58.4713939092025,69.62825429485285,1,False,False
833c34fffffffff,-55.66568465651428,70.83606153225105,1,False,False
833c35fffffffff,-55.91280499241962,72.77641426258575,1,False,False
833c36fffffffff,-57.15427686674225,67.08667306697261,1,False,False
833c50fffffffff,-60.35430704564747,86.64958997638722,1,False,False
833c51fffffffff,-60.336076286862095,88.90752706553732,1,False,False
833c53fffffffff,-61.27154195307931,87.83601744605866,1,False,False
833c58fffffffff,-62.27487599685442,90.44450244494284,1,False,False
833c59fffffffff,-57.76303200229479,91.4387523910209,1,False,False
833c5cfffffffff,-60.2797922573309,91.1560328529318,1,False,False
833c5efffffffff,-62.32304239986637,88.03801278836356,1,False,False
833c80fffffffff,-64.01984438113075,61.61787595993277,1,False,False
833c81fffffffff,-64.42995070758545,64.03286034799508,1,False,False
833c82fffffffff,-64.66090605878297,59.47626602519176,1,False,False
833c83fffffffff,-65.10891936324433,61.91733579350511,1,False,False
833c84fffffffff,-62.942112857874726,61.3438245506527,1,False,False
833c85fffffffff,-63.35245026374949,63.650226616641234,1,False,False
833c86fffffffff,-63.57340984726656,59.28868421238644,1,False,False
833c88fffffffff,-65.88480885460957,67.07343426265321,1,False,False
833c8cfffffffff,-64.80091154117481,66.52942385173797,1,False,False
833c8dfffffffff,-65.13005019075946,69.10183028064984,1,False,False
833c8efffffffff,-65.51789672748315,64.45140712506452,1,False,False
833c90fffffffff,-64.74971900455402,54.87116825402237,1,False,False
833c91fffffffff,-65.2723368625454,57.22282201693933,1,False,False
833c92fffffffff,-65.28842290317222,52.50753859126005,1,False,False
833c93fffffffff,-65.85073861957699,54.8560768865138,1,False,False
833c94fffffffff,-63.660337248951485,54.88493647780186,1,False,False
833c95fffffffff,-64.17698821776455,57.13153532990773,1,False,False
833c96fffffffff,-64.1953654775402,52.62735325120736,1,False,False
833c9cfffffffff,-65.75978738512586,59.68178241004068,1,False,False
833c9dfffffffff,-66.20862743995252,62.24589049794579,1,False,False
833ca0fffffffff,-61.23169378960164,62.97577726410931,1,False,False
833ca1fffffffff,-61.60842224621612,65.15739738624777,1,False,False
833ca2fffffffff,-61.87637220283265,61.09209049947037,1,False,False
833ca3fffffffff,-62.286140306501615,63.29910399157867,1,False,False
833ca4fffffffff,-60.189715929121576,62.677089854600894,1,False,False
833ca5fffffffff,-60.56660961233665,64.77028457838418,1,False,False
833ca6fffffffff,-60.82320933880557,60.86006298270128,1,False,False
833ca8fffffffff,-63.00127171981672,67.92090238116715,1,False,False
833ca9fffffffff,-63.30206744804608,70.32638224235511,1,False,False
833caafffffffff,-63.726315579347045,66.03245222110347,1,False,False
833cabfffffffff,-64.06119963151566,68.48567527526133,1,False,False
833cacfffffffff,-61.95118387737616,67.40143886982335,1,False,False
833cadfffffffff,-62.25788581158782,69.70345210996655,1,False,False
833caefffffffff,-62.66189156539005,65.57673725973815,1,False,False
833cb0fffffffff,-62.02258791278208,56.97147537714412,1,False,False
833cb1fffffffff,-62.49792829960119,59.11679105250164,1,False,False
833cb2fffffffff,-62.583184735043176,54.89754825956166,1,False,False
833cb3fffffffff,-63.09354673327172,57.04807468870543,1,False,False
833cb4fffffffff,-60.96463800500244,56.90092493598934,1,False,False
833cb5fffffffff,-61.43503704294632,58.95870007853262,1,False,False
833cb6fffffffff,-61.51880506941592,54.90914342639616,1,False,False
833cd9fffffffff,-47.46477723930998,118.78928352051784,1,False,False
833cdbfffffffff,-47.16538789174513,120.41741138158775,1,False,False
833ce0fffffffff,-63.08864991548408,79.36871801633217,1,False,False
833ce1fffffffff,-63.190617235394505,81.8611726379328,1,False,False
833ce3fffffffff,-64.08270004904588,80.41844600604632,1,False,False
833ce4fffffffff,-62.09746986463491,78.3981743107119,1,False,False
833ce6fffffffff,-62.94333218434001,76.8983229329039,1,False,False
833cecfffffffff,-63.24865633282033,84.36645890202266,1,False,False
833cedfffffffff,-63.26253786891738,86.87505886103783,1,False,False
833ceefffffffff,-64.16555058641673,83.01478382855726,1,False,False
833cf0fffffffff,-64.60488646372467,73.57917208551912,1,False,False
833cf4fffffffff,-63.56225360815018,72.78682321914013,1,False,False
833cf5fffffffff,-63.7800404655525,75.29477206114547,1,False,False
833cf6fffffffff,-64.35476210593164,71.00374178037585,1,False,False
833d02fffffffff,-51.75766190468833,70.48179672194001,1,False,False
833d06fffffffff,-50.68772909397908,69.96191985306669,1,False,False
833d10fffffffff,-52.934736506443016,65.24973654179658,1,False,False
833d11fffffffff,-52.53818230048911,69.20511447334071,1,False,False
833d12fffffffff,-53.6475618322585,63.86728672820536,1,False,False
833d13fffffffff,-53.29705427345098,67.89580479141364,1,False,False
833d14fffffffff,-51.85098000494549,64.83671687134758,1,False,False
833d15fffffffff,-51.471061453102486,68.70325824180262,1,False,False
833d16fffffffff,-52.56781692856088,63.47802537476036,1,False,False
833d18fffffffff,-53.8617099370256,71.58373582976076,1,False,False
833d1afffffffff,-54.63625092567455,70.27033350072824,1,False,False
833d1bfffffffff,-54.89424850534813,72.16810713671757,1,False,False
833d1cfffffffff,-52.8159241647876,71.02202954910004,1,False,False
833d1efffffffff,-53.59350372128456,69.72709197044533,1,False,False
833d29fffffffff,33.05963135887084,80.59383602609981,1,False,False
833d2dfffffffff,33.185487787785355,79.25063687766723,1,False,False
833d32fffffffff,-50.75721625068135,64.4400809961068,1,False,False
833d33fffffffff,-50.39295064948452,68.22045455672863,1,False,False
833d36fffffffff,-49.65427557149295,64.05890885121372,1,False,False
833d60fffffffff,36.8583640129727,82.62896256586286,1,False,False
833d61fffffffff,37.75115237011493,83.51345144160358,1,False,False
833d63fffffffff,36.67973779045664,84.00075385506818,1,False,False
833d64fffffffff,37.0225947554782,81.23818781214034,1,False,False
833d65fffffffff,37.92934335910374,82.11574642456634,1,False,False
833d66fffffffff,35.95444086636451,81.76049281897824,1,False,False
833d74fffffffff,33.97854257163335,81.42258020852061,1,False,False
833d80fffffffff,-56.69282492062055,59.85759344342857,1,False,False
833d81fffffffff,-57.10693662660653,61.72905756407472,1,False,False
833d82fffffffff,-57.29942839542228,58.32373191567875,1,False,False
833d83fffffffff,-57.7343119418369,60.19472749876042,1,False,False
833d84fffffffff,-55.63958440912292,59.535378051631554,1,False,False
833d85fffffffff,-56.05969406912596,61.36117983946559,1,False,False
833d86fffffffff,-56.25246275758988,58.03287166234108,1,False,False
833d88fffffffff,-58.52039274093247,64.0790537978987,1,False,False
833d89fffffffff,-58.86772449656257,66.06684453156538,1,False,False
833d8afffffffff,-59.16074782148683,62.400343191411935,1,False,False
833d8bfffffffff,-59.53708073809533,64.41185285207382,1,False,False
833d8cfffffffff,-57.493247494551774,63.644941037390566,1,False,False
833d8dfffffffff,-57.85030003744184,65.60241318651967,1,False,False
833d8efffffffff,-58.14182273725333,62.1140261295267,1,False,False
833d90fffffffff,-57.39820870320394,54.947475047563294,1,False,False
833d91fffffffff,-57.87337003064582,56.71916220656807,1,False,False
833d92fffffffff,-57.9034104366279,53.16880301642098,1,False,False
833d93fffffffff,-58.40701902506959,54.93892585031601,1,False,False
833d94fffffffff,-56.35419239977362,54.73427699882936,1,False,False
833d95fffffffff,-56.838819959826544,56.50307457669745,1,False,False
833d96fffffffff,-56.89412617142369,53.18907837764933,1,False,False
833d98fffffffff,-59.3490635068221,58.67777708477598,1,False,False
833d99fffffffff,-59.7831528977679,60.645521922612176,1,False,False
833d9afffffffff,-59.920174118857496,56.83573427360302,1,False,False
833d9bfffffffff,-60.38525862934439,58.81281522469588,1,False,False
833d9cfffffffff,-58.32687115051829,58.552420665474365,1,False,False
833d9dfffffffff,-58.75667528490023,60.44656772824795,1,False,False
833d9efffffffff,-58.88962465418677,56.77531511224996,1,False,False
833da0fffffffff,-53.93066846626724,60.672444440002856,1,False,False
833da1fffffffff,-54.33647886739551,62.45357501415927,1,False,False
833da2fffffffff,-54.575216469230746,59.227131595429285,1,False,False
833da3fffffffff,-55.000717922036166,61.00930794902632,1,False,False
833da4fffffffff,-52.85024278650092,60.34967100406795,1,False,False
833da5fffffffff,-53.261303288030064,62.08970030000207,1,False,False
833da6fffffffff,-53.50038443366932,58.93198169813148,1,False,False
833da8fffffffff,-55.77358164083437,64.69698957622795,1,False,False
833da9fffffffff,-56.11816687435617,66.59740034694194,1,False,False
833daafffffffff,-56.45312704720436,63.230118947515365,1,False,False
833dabfffffffff,-56.81843572432492,65.13962934698765,1,False,False
833dacfffffffff,-54.71639295812987,64.27325619281476,1,False,False
833dadfffffffff,-55.069074232624665,66.128967924544,1,False,False
833daefffffffff,-55.40065164665764,62.8333703775986,1,False,False
833db0fffffffff,-54.72552532924819,56.02113313689229,1,False,False
833db1fffffffff,-55.19432966086659,57.754813103710745,1,False,False
833db2fffffffff,-55.299525928322346,54.530506977679,1,False,False
833db3fffffffff,-55.78747209482989,56.25672236203355,1,False,False
833db4fffffffff,-53.65361380108118,55.79562410611346,1,False,False
833db5fffffffff,-54.12565895384162,57.48874154823989,1,False,False
833db6fffffffff,-54.23481155847633,54.33555795438755,1,False,False
833e08fffffffff,-25.32601362776215,26.93360363241449,1,False,False
833e09fffffffff,-25.95056825062141,28.040124377442027,1,False,False
833e0afffffffff,-25.86997038113595,25.77254935568598,1,False,False
833e0bfffffffff,-26.50276725479873,26.87949472762647,1,False,False
833e0dfffffffff,-24.773277998227,28.08370054752121,1,False,False
833e0efffffffff,-24.691930470665287,25.836202495535165,1,False,False
833e40fffffffff,-27.17382699549946,32.54611618435753,1,False,False
833e41fffffffff,-27.744621093295315,33.676460293426885,1,False,False
833e42fffffffff,-27.759475895630665,31.407014776341267,1,False,False
833e43fffffffff,-28.338530241642008,32.542453035789976,1,False,False
833e44fffffffff,-26.00572252353712,32.54971402980818,1,False,False
833e45fffffffff,-26.580818500593534,33.6699694917241,1,False,False
833e46fffffffff,-26.59064899672893,31.42085444326124,1,False,False
833e49fffffffff,-31.018975797577223,33.55331434225888,1,False,False
833e4afffffffff,-30.059755333430854,33.68979929913433,1,False,False
833e4dfffffffff,-29.881769252673564,33.74304593724835,1,False,False
833e4efffffffff,-28.904575491223465,33.68306914592037,1,False,False
833e50fffffffff,-27.736974463806547,29.120613852663528,1,False,False
833e51fffffffff,-28.33688490317624,30.253271184648764,1,False,False
833e52fffffffff,-28.29667073112785,27.95059400425711,1,False,False
833e53fffffffff,-28.90518901757504,29.085554442889897,1,False,False
833e54fffffffff,-26.56481720429412,29.15504372428145,1,False,False
833e55fffffffff,-27.16801975621344,30.27760427355032,1,False,False
833e56fffffffff,-27.12535848726841,27.99576265646283,1,False,False
833e58fffffffff,-30.084492237020367,31.37857010881158,1,False,False
833e59fffffffff,-30.653983234535687,32.53492358621037,1,False,False
833e5afffffffff,-30.660493812366205,30.203251889411604,1,False,False
833e5bfffffffff,-31.238828778344484,31.36395087295129,1,False,False
833e5cfffffffff,-28.92440306133744,31.39292232742024,1,False,False
833e5dfffffffff,-29.498889494132687,32.538722789915326,1,False,False
833e5efffffffff,-29.50135348312916,30.228491195336943,1,False,False
833e68fffffffff,-27.59352864171547,34.11201201827071,1,False,False
833e69fffffffff,-28.287453046504723,35.1319702741,1,False,False
833e6afffffffff,-26.73889559745554,34.83621594441631,1,False,False
833e6bfffffffff,-28.739647743130643,33.929247229999696,1,False,False
833e6dfffffffff,-27.142135849517487,35.30244393674026,1,False,False
833e72fffffffff,-25.38968384505716,29.18886083894034,1,False,False
833e73fffffffff,-25.99571137037401,30.301502435046658,1,False,False
833e80fffffffff,-26.36269130246917,16.638471069179694,1,False,False
833e82fffffffff,-26.816266618882743,15.451795841231965,1,False,False
833e83fffffffff,-27.52021015490392,16.493530464900388,1,False,False
833e84fffffffff,-25.20164869172239,16.780948373916036,1,False,False
833e86fffffffff,-25.660533302269545,15.604462065631818,1,False,False
833e8afffffffff,-29.37173713798069,17.41198213975387,1,False,False
833e8bfffffffff,-30.0624747000251,18.4938895603565,1,False,False
833e8efffffffff,-28.218018810617068,17.5512609187008,1,False,False
833e90fffffffff,-26.541115634908778,13.24766584127609,1,False,False
833e91fffffffff,-27.25697263144344,14.263618211918471,1,False,False
833e92fffffffff,-26.96206006226382,12.069347132511371,1,False,False
833e93fffffffff,-27.684431227132684,13.074958337123116,1,False,False
833e94fffffffff,-25.39384435591404,13.417513897369693,1,False,False
833e95fffffffff,-26.10715634317712,14.42636987033266,1,False,False
833e96fffffffff,-25.82141097635689,12.248857510615707,1,False,False
833e98fffffffff,-29.114840790745458,15.138522468394644,1,False,False
833e99fffffffff,-29.82091407223091,16.196007152309974,1,False,False
833e9afffffffff,-29.54238123606188,13.929704309601588,1,False,False
833e9bfffffffff,-30.25584482386559,14.977781282222516,1,False,False
833e9cfffffffff,-27.96801241756288,15.296504624818278,1,False,False
833e9dfffffffff,-28.67325933503785,16.346064025921752,1,False,False
833e9efffffffff,-28.40235170848004,14.0980860362334,1,False,False
833eb0fffffffff,-23.79796019490716,14.743797245558182,1,False,False
833eb1fffffffff,-24.5017610983077,15.754567184359397,1,False,False
833eb2fffffffff,-24.243551279320684,13.58457002405705,1,False,False
833eb3fffffffff,-24.95383579064767,14.5864079248812,1,False,False
833eb4fffffffff,-22.640490517468685,14.89860073268984,1,False,False
833eb5fffffffff,-23.3409128624164,15.902173098802486,1,False,False
833eb6fffffffff,-23.091184109997503,13.748899728357491,1,False,False
833ec0fffffffff,-31.07091385686343,24.290503890711825,1,False,False
833ec1fffffffff,-31.702974814706707,25.436498597948603,1,False,False
833ec2fffffffff,-31.58165330013852,23.065100574343703,1,False,False
833ec3fffffffff,-32.222867223276154,24.20917067306119,1,False,False
833ec4fffffffff,-29.91217257680925,24.370348639659607,1,False,False
833ec5fffffffff,-30.547172592940928,25.50618887737637,1,False,False
833ec8fffffffff,-33.46695250399392,26.533326341190985,1,False,False
833ec9fffffffff,-34.06829437646146,27.71184173166655,1,False,False
833ecafffffffff,-33.99208522458687,25.293152257273245,1,False,False
833ecbfffffffff,-34.60309829109322,26.47177278258159,1,False,False
833eccfffffffff,-32.32234907658383,26.5937259072032,1,False,False
833ecdfffffffff,-32.92828094248962,27.76139437631497,1,False,False
833ecefffffffff,-32.85156294427018,25.365498737632787,1,False,False
833ed1fffffffff,-32.07873402702601,21.83099549197605,1,False,False
833ed2fffffffff,-31.89085882755129,19.467308457649185,1,False,False
833ed3fffffffff,-32.5615506536543,20.58925193707067,1,False,False
833ed8fffffffff,-33.86847173288032,22.87717804062545,1,False,False
833ed9fffffffff,-34.50296654521314,24.041870567873698,1,False,False
833edafffffffff,-34.354865756304065,21.61919159638699,1,False,False
833edbfffffffff,-34.998935373331875,22.780539990811665,1,False,False
833edcfffffffff,-32.729106034454844,22.97201511003293,1,False,False
833eddfffffffff,-33.367162819323305,24.12630731011703,1,False,False
833edefffffffff,-33.221050106534115,21.72607989081396,1,False,False
833ee0fffffffff,-28.21749950125401,25.64178221793269,1,False,False
833ee1fffffffff,-28.84628979738083,26.768315059831373,1,False,False
833ee3fffffffff,-29.38504208869399,25.57460527670701,1,False,False
833ee4fffffffff,-27.0454873989111,25.70775290067804,1,False,False
833ee5fffffffff,-27.676516757006063,26.824407428221807,1,False,False
833ee8fffffffff,-30.62504054638945,27.85774644431201,1,False,False
833ee9fffffffff,-31.226025737103324,29.01347676821401,1,False,False
833eeafffffffff,-31.17012020611341,26.65300350089227,1,False,False
833eebfffffffff,-31.78024685155108,27.81002072571937,1,False,False
833eecfffffffff,-29.46354433187303,27.90459625956611,1,False,False
833eedfffffffff,-30.068513804286223,29.049848096312186,1,False,False
833eeefffffffff,-30.01113375734192,26.711189973487937,1,False,False
833f25fffffffff,-11.575581664138603,25.209726103954107,1,False,False
833f30fffffffff,-12.256285952312195,23.35804082738497,1,False,False
833f32fffffffff,-12.764093275729731,22.28945126613424,1,False,False
833f36fffffffff,-11.62641272459946,22.37517867599174,1,False,False
833f90fffffffff,-18.480154770371247,14.380197914434769,1,False,False
833f92fffffffff,-18.937495661853653,13.266735372067368,1,False,False
833f93fffffffff,-19.631226100294032,14.226156659237407,1,False,False
833f94fffffffff,-17.331793145835153,14.53181247425329,1,False,False
833f96fffffffff,-17.792348965758443,13.42710619786862,1,False,False
833f9afffffffff,-21.48239478118535,15.050879387695304,1,False,False
833f9bfffffffff,-22.178961000756555,16.047339798864062,1,False,False
833f9efffffffff,-20.32464330240582,15.20069238099344,1,False,False
834000fffffffff,-0.1795185883663247,157.9687550395579,1,False,False
834001fffffffff,-0.815640395658233,157.11032223858845,1,False,False
834002fffffffff,0.8380918975319777,157.79441005225362,1,False,False
834003fffffffff,0.2113329170991471,156.9407294189241,1,False,False
834004fffffffff,-0.5713286276969571,158.99949890193707,1,False,False
834005fffffffff,-1.2104316818768792,158.14539970930707,1,False,False
834006fffffffff,0.4500674404577385,158.81825424000144,1,False,False
834008fffffffff,-1.060709164242882,155.20812996038683,1,False,False
834009fffffffff,-1.7049678452935932,154.32976854597487,1,False,False
83400afffffffff,-0.0292247628721694,155.05072240818137,1,False,False
83400bfffffffff,-0.6649112593784378,154.17760200745036,1,False,False
83400efffffffff,-0.4217662543752934,156.07854654391676,1,False,False
834010fffffffff,2.4522320220383764,158.46271574641807,1,False,False
834011fffffffff,1.841998550430246,157.6223232959768,1,False,False
834012fffffffff,3.432290103534956,158.28834029580509,1,False,False
834013fffffffff,2.831845959187578,157.452454223186,1,False,False
834014fffffffff,2.0707675988378567,159.47529217557934,1,False,False
834015fffffffff,1.4580468931172776,158.6393402704557,1,False,False
834016fffffffff,3.0550119956918524,159.29430972410492,1,False,False
834018fffffffff,1.609542542148867,155.7557358811619,1,False,False
834019fffffffff,0.9885349412110266,154.89541260056927,1,False,False
83401afffffffff,2.6040532183136413,155.59750404199093,1,False,False
83401bfffffffff,1.99219083563258,154.74216111807155,1,False,False
83401cfffffffff,1.2247148760895457,156.77335924787278,1,False,False
83401dfffffffff,0.6008174522243794,155.91607017451187,1,False,False
83401efffffffff,2.2241268674470684,156.60817111658076,1,False,False
834020fffffffff,-2.0010718881569822,160.2227994473058,1,False,False
834021fffffffff,-2.652630290348309,159.36914978635323,1,False,False
834022fffffffff,-0.9636824841229622,160.0323024107421,1,False,False
834023fffffffff,-1.6057178092800508,159.1831163981862,1,False,False
834024fffffffff,-2.396064723185717,161.26376827334096,1,False,False
834025fffffffff,-3.050633756465693,160.41578183913518,1,False,False
834026fffffffff,-1.356161324258054,161.0664989889502,1,False,False
834028fffffffff,-2.9086133448885536,157.45634293244845,1,False,False
83402afffffffff,-1.85577990260421,157.28217924564476,1,False,False
83402efffffffff,-2.2541996555883435,158.32438643877063,1,False,False
834030fffffffff,0.6862323288730583,160.67943605666437,1,False,False
834031fffffffff,0.061043168995978,159.84424715593298,1,False,False
834032fffffffff,1.687834844595708,160.4895571824643,1,False,False
834033fffffffff,1.072659757596971,159.65859100879345,1,False,False
834034fffffffff,0.2991651143857958,161.70122991391685,1,False,False
834035fffffffff,-0.3285734633381115,160.8717359310844,1,False,False
834036fffffffff,1.3038227500425852,161.5048781202541,1,False,False
834040fffffffff,-4.739886294707678,151.78756880113477,1,False,False
834042fffffffff,-3.663919122382164,151.65020595441325,1,False,False
834044fffffffff,-5.156895426674498,152.83880451911116,1,False,False
834046fffffffff,-4.07596469853341,152.6936273770355,1,False,False
834050fffffffff,-1.951065183770945,152.4092852511626,1,False,False
834051fffffffff,-2.6003867498877065,151.5147578924432,1,False,False
834052fffffffff,-0.9081426191152644,152.27004124965794,1,False,False
834053fffffffff,-1.5498122209102012,151.3811863380678,1,False,False
834054fffffffff,-2.3539842802447004,153.44377140232734,1,False,False
834055fffffffff,-3.0071721873173103,152.55046762426866,1,False,False
834056fffffffff,-1.3057112379979066,153.29701462199475,1,False,False
834059fffffffff,-58.6414364705909,92.68881878690932,1,False,False
834062fffffffff,-5.574142165373841,153.89641805949168,1,False,False
834070fffffffff,-3.823934947891465,154.64040985726058,1,False,False
834071fffffffff,-4.488746772109457,153.74343201423545,1,False,False
834072fffffffff,-2.758141883080349,154.48402415090564,1,False,False
834073fffffffff,-3.4151704389005464,153.59256366838812,1,False,False
834075fffffffff,-4.9018004944583,154.7989677142325,1,False,False
834080fffffffff,18.173897901461363,86.6384147217032,1,False,False
834081fffffffff,19.034293954064427,86.10325572083894,1,False,False
834082fffffffff,18.26113083948769,87.61242991826724,1,False,False
834083fffffffff,19.11766401924165,87.09197949410402,1,False,False
834084fffffffff,17.2246404992889,86.18763607826345,1,False,False
834085fffffffff,5.714143842519516,156.9557607404551,1,False,False
834086fffffffff,17.32207803355347,87.16217782219394,1,False,False
83408afffffffff,20.92401067409601,87.0198027264752,1,False,False
83408bfffffffff,21.800106711199533,86.47954041840589,1,False,False
83408cfffffffff,5.499414703733316,155.1350404518991,1,False,False
83408dfffffffff,4.915430569608259,154.2943760817143,1,False,False
83408efffffffff,19.98244443920328,86.56009253245503,1,False,False
834090fffffffff,17.49854842350419,89.06609696146839,1,False,False
834091fffffffff,18.342102496894046,88.57116066258394,1,False,False
834092fffffffff,17.577967598424973,89.99514832460497,1,False,False
834093fffffffff,18.41702289250857,89.51443974483986,1,False,False
834094fffffffff,16.574656756497777,88.62014332105257,1,False,False
834095fffffffff,17.413317139124462,88.12172557016758,1,False,False
834096fffffffff,16.664252328021796,89.55040829452932,1,False,False
834098fffffffff,20.121580498803382,88.52082094817226,1,False,False
834099fffffffff,20.986193780141942,88.00733980672389,1,False,False
83409afffffffff,20.18152590230744,89.47748206009994,1,False,False
83409bfffffffff,21.041770234852297,88.97889058042242,1,False,False
83409cfffffffff,19.194503109945646,88.06532222590124,1,False,False
83409dfffffffff,20.05530136813752,87.54829893591992,1,False,False
83409efffffffff,19.26503589914287,89.02309144357395,1,False,False
8340a0fffffffff,4.980710847501938,158.93913443488916,1,False,False
8340a1fffffffff,4.39793232904654,158.1161744014854,1,False,False
8340a2fffffffff,5.921671397384409,158.76486387586328,1,False,False
8340a3fffffffff,5.348912507508877,157.94617938182972,1,False,False
8340a4fffffffff,4.6098785715098485,159.93403726854967,1,False,False
8340a5fffffffff,4.025082319000827,159.11560356526826,1,False,False
8340a6fffffffff,5.555339986691285,159.75343716512458,1,False,False
8340a8fffffffff,4.179753855552162,156.284183049561,1,False,False
8340a9fffffffff,3.584039126623726,155.44133593914694,1,False,False
8340aafffffffff,5.135435413563514,156.1253063408251,1,False,False
8340abfffffffff,4.5492341028585015,155.2871937354901,1,False,False
8340acfffffffff,3.807323560742927,157.2847631687232,1,False,False
8340adfffffffff,3.2092359729481603,156.4451253230382,1,False,False
8340aefffffffff,4.768164427722216,157.1192113287995,1,False,False
8340b0fffffffff,15.5406537121447,87.23047775516555,1,False,False
8340b1fffffffff,16.37797860635661,86.714598037572,1,False,False
8340b2fffffffff,15.64595506229248,88.17661337400327,1,False,False
8340b3fffffffff,16.479291151802652,87.67482039620835,1,False,False
8340b4fffffffff,7.042072511334042,160.376578558917,1,False,False
8340b5fffffffff,15.429483854791162,86.26972098001494,1,False,False
8340b6fffffffff,14.713066686069029,87.7355401344999,1,False,False
8340c4fffffffff,2.1372502958952806,151.8635638074549,1,False,False
8340c5fffffffff,1.5196577606095525,150.9913623500541,1,False,False
8340c6fffffffff,3.1234028371695954,151.73170223470268,1,False,False
8340d0fffffffff,23.57217475727468,85.36252100281163,1,False,False
8340d2fffffffff,23.62326392241335,86.39666210390234,1,False,False
8340d3fffffffff,24.514787871300936,85.83534105439051,1,False,False
8340d6fffffffff,22.68302767366641,85.92721400678629,1,False,False
8340dafffffffff,26.234286450705195,85.85773492139268,1,False,False
8340dbfffffffff,27.119413702987547,85.29881423988192,1,False,False
8340defffffffff,25.41151837260985,85.26128487779623,1,False,False
8340e0fffffffff,0.7502448422842167,153.0094500950408,1,False,False
8340e1fffffffff,0.1211448489574711,152.1326975838948,1,False,False
8340e2fffffffff,1.7571219902960835,152.8685660286927,1,False,False
8340e3fffffffff,1.1363944001397266,151.99721716177675,1,False,False
8340e4fffffffff,0.3615774919940805,154.02748448637925,1,False,False
8340e5fffffffff,-0.2708259792393214,153.15225372956755,1,False,False
8340e6fffffffff,1.3740956419902577,153.87937689259437,1,False,False
8340ecfffffffff,-0.5126701909685121,151.2494539858021,1,False,False
8340eefffffffff,0.5106128068206786,151.11952447267532,1,False,False
8340f0fffffffff,3.355842399949659,153.58903976209237,1,False,False
8340f1fffffffff,2.7494727474339085,152.72956475440435,1,False,False
8340f2fffffffff,4.324495464054046,153.44673660461552,1,False,False
8340f3fffffffff,3.727009747400076,152.59241038380813,1,False,False
8340f4fffffffff,2.981410018135754,154.59092946133617,1,False,False
8340f5fffffffff,2.3722872955338654,153.7332410682417,1,False,False
8340f6fffffffff,3.955904648968872,154.44168002657852,1,False,False
834103fffffffff,-2.530144488173207,164.1707156641232,1,False,False
834108fffffffff,-3.843607594331502,162.51186779401536,1,False,False
83410afffffffff,-2.7902671330877515,162.3053372176702,1,False,False
83410bfffffffff,-3.447771644547253,161.4635877045214,1,False,False
83410efffffffff,-3.183252280479872,163.34681824640836,1,False,False
834110fffffffff,-0.2351110571853479,165.5639796260941,1,False,False
834111fffffffff,-0.861833932722626,164.76580999106804,1,False,False
834112fffffffff,0.7653107112546915,165.34567774346516,1,False,False
834113fffffffff,0.1492613527617874,164.55080488639535,1,False,False
834118fffffffff,-1.107937781996518,162.92856335997558,1,False,False
834119fffffffff,-1.7483444191398518,162.10141663386295,1,False,False
83411afffffffff,-0.0881381203305937,162.72332346892804,1,False,False
83411bfffffffff,-0.7183713277085874,161.9000619478222,1,False,False
83411cfffffffff,-1.4968608543874884,163.95657764402256,1,False,False
83411dfffffffff,-2.139811395349275,163.1363805257792,1,False,False
83411efffffffff,-0.4752724551828132,163.74506646723924,1,False,False
834168fffffffff,-20.877893133619047,166.4810506136846,1,False,False
83416bfffffffff,-20.932075888762405,165.24122696210142,1,False,False
83416cfffffffff,-20.81481175541734,167.71939978120537,1,False,False
834182fffffffff,5.013182912240155,163.51379057062113,1,False,False
834183fffffffff,4.441895016323741,162.7254560749121,1,False,False
834186fffffffff,4.640063874948008,164.49794687302477,1,False,False
834188fffffffff,3.2729552306908163,161.11944968309135,1,False,False
834189fffffffff,2.675857724437076,160.30205796798393,1,False,False
83418afffffffff,4.236765969738692,160.93029224739394,1,False,False
83418bfffffffff,3.649968698307073,160.11689789853472,1,False,False
83418cfffffffff,2.8944134067797034,162.12264659716993,1,False,False
83418dfffffffff,2.295203992396486,161.31096497337893,1,False,False
83418efffffffff,3.861732293544105,161.92729884935054,1,False,False
834190fffffffff,6.496798405646655,164.0888272905603,1,False,False
834191fffffffff,5.945338720188498,163.3137146811577,1,False,False
834192fffffffff,7.404160988314929,163.88782335729564,1,False,False
834194fffffffff,6.128254802299043,165.06055798233382,1,False,False
834195fffffffff,5.575368180769812,164.2921896169417,1,False,False
834196fffffffff,7.038908567681372,164.85408233208227,1,False,False
834198fffffffff,5.754271299014166,161.54368261318135,1,False,False
834199fffffffff,5.186367732528517,160.7434534375832,1,False,False
83419afffffffff,6.679033920874635,161.35533751593377,1,False,False
83419bfffffffff,6.121532756163882,160.55889478349545,1,False,False
83419dfffffffff,4.815101098503833,161.73432374332182,1,False,False
8341a0fffffffff,2.3497878230834943,165.91078159962746,1,False,False
8341a1fffffffff,1.7534100503550003,165.12996291153146,1,False,False
8341a2fffffffff,3.314280598838394,165.6945038025766,1,False,False
8341a3fffffffff,2.7287953284545385,164.91679542128682,1,False,False
8341a5fffffffff,1.372559538080948,166.12960359059403,1,False,False
8341abfffffffff,1.913433867797446,162.32040638865456,1,False,False
8341acfffffffff,1.148096983540026,164.33838743636653,1,False,False
8341adfffffffff,0.5341388682392445,163.53613975305885,1,False,False
8341aefffffffff,2.134258324984787,164.12851694066873,1,False,False
8341b0fffffffff,4.830942839482703,166.2448684719604,1,False,False
8341b1fffffffff,4.265709028324798,165.48073214193062,1,False,False
8341b2fffffffff,5.802698043865238,166.0111009353227,1,False,False
8341b3fffffffff,5.203783936637349,165.26942915792392,1,False,False
8341b6fffffffff,5.607482615972548,166.9115920302815,1,False,False
834208fffffffff,-47.7468381608505,50.58257324888135,1,False,False
834209fffffffff,-48.27245450314459,52.00841224804401,1,False,False
83420afffffffff,-48.30791019844197,49.267092085018,1,False,False
83420bfffffffff,-48.84873992525049,50.68012823663858,1,False,False
83420dfffffffff,-47.16353612249975,51.88605404814232,1,False,False
834219fffffffff,-48.84649268929233,47.94084881416904,1,False,False
83421bfffffffff,-49.36240063011964,46.60514807734442,1,False,False
834240fffffffff,-49.11092441777832,57.86720729912729,1,False,False
834241fffffffff,-49.5542063117267,59.45774351891853,1,False,False
834242fffffffff,-49.759459756365,56.5302323536925,1,False,False
834243fffffffff,-50.220274299806654,58.11739503855207,1,False,False
834244fffffffff,-47.99494031009916,57.62667764637798,1,False,False
834245fffffffff,-48.43993708066409,59.18348440009343,1,False,False
834246fffffffff,-48.648789705858064,56.31399406698088,1,False,False
834248fffffffff,-51.08090201794488,61.4059734818081,1,False,False
834249fffffffff,-51.47792248809476,63.10449528551588,1,False,False
83424afffffffff,-51.760173722343104,60.04014098835519,1,False,False
83424bfffffffff,-52.17585572412887,61.74079331106107,1,False,False
83424cfffffffff,-49.97724139131359,61.084426082918405,1,False,False
83424dfffffffff,-50.37867693988338,62.74579163623854,1,False,False
83424efffffffff,-50.66122839411282,59.743072715924725,1,False,False
834250fffffffff,-49.88876994956724,53.63349944679055,1,False,False
834251fffffffff,-50.3849659731116,55.17355680852479,1,False,False
834252fffffffff,-50.47395352048213,52.26792263975759,1,False,False
834253fffffffff,-50.98694374906107,53.79829572736576,1,False,False
834254fffffffff,-48.7840769031428,53.47515437465276,1,False,False
834255fffffffff,-49.28023712521454,54.98258006740675,1,False,False
834256fffffffff,-49.37619125574621,52.135604795692565,1,False,False
834258fffffffff,-51.95940722354353,56.9896275127949,1,False,False
834259fffffffff,-52.41578800262566,58.6491257791455,1,False,False
83425afffffffff,-52.57240783324325,55.57956842592245,1,False,False
83425bfffffffff,-53.04711734264641,57.23390898754566,1,False,False
83425cfffffffff,-50.86326512356181,56.7552634837563,1,False,False
83425dfffffffff,-51.32216192930878,58.3778243476359,1,False,False
83425efffffffff,-51.482612525309314,55.37238964851742,1,False,False
834260fffffffff,-46.19310965220783,58.66574054986748,1,False,False
834261fffffffff,-46.62246455291292,60.19213984573237,1,False,False
834262fffffffff,-46.87317587538326,57.395265426760666,1,False,False
834263fffffffff,-47.31927772484067,58.919675249183854,1,False,False
834268fffffffff,-48.15548574883834,62.069567549138334,1,False,False
834269fffffffff,-48.54301950712775,63.69234524794784,1,False,False
83426afffffffff,-48.86570437337702,60.77539636629895,1,False,False
83426bfffffffff,-49.270911068065615,62.401075369523205,1,False,False
83426cfffffffff,-47.03328927824956,61.75054426049081,1,False,False
83426dfffffffff,-47.424338346898296,63.3395945166988,1,False,False
83426efffffffff,-47.74715032063414,60.47818430266504,1,False,False
834270fffffffff,-47.05274731811333,54.622418370124535,1,False,False
834271fffffffff,-47.53208075563836,56.106048957966486,1,False,False
834272fffffffff,-47.67366003231568,53.322891252280186,1,False,False
834273fffffffff,-48.1692232906822,54.79900684406522,1,False,False
834275fffffffff,-46.41018288811003,55.9059340894063,1,False,False
834276fffffffff,-46.55833852089343,53.176368307768186,1,False,False
8342c0fffffffff,-53.15239171777933,48.13768917319916,1,False,False
8342c1fffffffff,-53.71505408880069,49.65873925996489,1,False,False
8342c2fffffffff,-53.63205408257021,46.69015107800115,1,False,False
8342c3fffffffff,-54.21051945502878,48.1921718867584,1,False,False
8342c4fffffffff,-52.0862530253187,48.08544543989749,1,False,False
8342c5fffffffff,-52.6479140197926,49.573873422262,1,False,False
8342c6fffffffff,-52.57528257429495,46.66758465991118,1,False,False
8342c8fffffffff,-55.31986986937992,51.355986685129366,1,False,False
8342c9fffffffff,-55.84728868674796,53.01838065415774,1,False,False
8342cafffffffff,-55.82322476112909,49.83980013082585,1,False,False
8342cbfffffffff,-56.36852873752064,51.48643537428886,1,False,False
8342ccfffffffff,-54.261599617811896,51.23117310959639,1,False,False
8342cdfffffffff,-54.79032893821454,52.85514954747696,1,False,False
8342cefffffffff,-54.773697743528366,49.74729944719824,1,False,False
8342d1fffffffff,-54.08688600273096,45.23299156235219,1,False,False
8342d3fffffffff,-54.51695048076597,43.76801582090538,1,False,False
8342d5fffffffff,-53.0399811788761,45.24052257721109,1,False,False
8342d8fffffffff,-55.72048197856591,46.7382625278638,1,False,False
8342d9fffffffff,-56.2875047692806,48.25063807675924,1,False,False
8342dafffffffff,-56.09661475413056,44.962155778691184,1,False,False
8342dbfffffffff,-56.68852821184044,46.45481015684912,1,False,False
8342dcfffffffff,-54.68065388986195,46.71368899814232,1,False,False
8342ddfffffffff,-55.26001012905409,48.249040559203706,1,False,False
8342defffffffff,-55.12546459916215,45.225135283781086,1,False,False
8342e0fffffffff,-50.490788896150114,49.41433846831806,1,False,False
8342e1fffffffff,-51.03543235761453,50.88712370274133,1,False,False
8342e2fffffffff,-51.0127609724565,48.03530553029539,1,False,False
8342e3fffffffff,-51.57293079403014,49.4924758389023,1,False,False
8342e4fffffffff,-49.40220192664265,49.33926955841096,1,False,False
8342e5fffffffff,-49.94519349197108,50.78156642452786,1,False,False
8342e6fffffffff,-49.93260270355809,47.9871449453962,1,False,False
8342e8fffffffff,-52.648510554874704,52.54921901769031,1,False,False
8342e9fffffffff,-53.16068808965304,54.14887352067933,1,False,False
8342eafffffffff,-53.19433212175038,51.111638341234894,1,False,False
8342ebfffffffff,-53.7238550055165,52.698908122980384,1,False,False
8342ecfffffffff,-51.56497336616502,52.40568043948733,1,False,False
8342edfffffffff,-52.07782958525411,53.969942760503606,1,False,False
8342eefffffffff,-52.1187159319187,50.997055403788565,1,False,False
8342f1fffffffff,-51.51097094782845,46.64593082006864,1,False,False
8342f3fffffffff,-51.98535670968011,45.247748118173625,1,False,False
8342f5fffffffff,-50.43978058646355,46.62513530488784,1,False,False
834382fffffffff,-41.34930535090952,52.92229932718673,1,False,False
834384fffffffff,-39.788939348401165,51.80006756217034,1,False,False
834386fffffffff,-40.76008377975923,51.77096706030865,1,False,False
834390fffffffff,-42.66042035746952,51.71147331724003,1,False,False
834391fffffffff,-42.3023678665659,52.90104715682693,1,False,False
834392fffffffff,-43.58919603095335,51.68106082371914,1,False,False
834393fffffffff,-43.2410547619513,52.87947702874939,1,False,False
834394fffffffff,-42.06794685647349,50.564926782967646,1,False,False
834395fffffffff,-41.71731974017407,51.741438807044496,1,False,False
834396fffffffff,-43.00098097447045,50.52633810039179,1,False,False
8343a0fffffffff,-38.19721825358119,50.71379105344072,1,False,False
8343a2fffffffff,-39.18519560886305,50.67737501393536,1,False,False
8343a4fffffffff,-37.58098640254997,49.61929099761223,1,False,False
8343a6fffffffff,-38.571704127553154,49.57545617877491,1,False,False
8343b0fffffffff,-40.51373194720543,49.48589645771706,1,False,False
8343b1fffffffff,-40.15982641544631,50.64043330033613,1,False,False
8343b2fffffffff,-41.51260108946119,49.44971419638562,1,False,False
8343b3fffffffff,-41.12082564831806,50.60295447893896,1,False,False
8343b4fffffffff,-40.07770227233773,48.41583453980268,1,False,False
8343b5fffffffff,-39.54938735593133,49.53099580948373,1,False,False
8343b6fffffffff,-41.08685217736071,48.36855289498783,1,False,False
834402fffffffff,-10.531964615712404,-20.41075818695177,1,False,False
834403fffffffff,-9.508730489480495,-20.687976145648744,1,False,False
834408fffffffff,-7.431374281130233,-21.24572103784916,1,False,False
834409fffffffff,-6.3784819226690175,-21.526234528077484,1,False,False
83440afffffffff,-7.660784911717584,-20.218935216927267,1,False,False
83440bfffffffff,-6.616293613450862,-20.49574592744031,1,False,False
83440efffffffff,-8.475002038397413,-20.96629929296863,1,False,False
834410fffffffff,-11.738250037024647,-19.12293729162609,1,False,False
834411fffffffff,-10.735097117387582,-19.39523870264414,1,False,False
834412fffffffff,-11.926108725613574,-18.12419353689733,1,False,False
834413fffffffff,-10.932158981925944,-18.39259808194424,1,False,False
834418fffffffff,-8.91095941028865,-18.93287252034116,1,False,False
834419fffffffff,-7.884758059861272,-19.20473313367824,1,False,False
83441afffffffff,-9.12040245309477,-17.93556924198831,1,False,False
83441bfffffffff,-8.103237803278029,-18.20350852585324,1,False,False
83441cfffffffff,-9.720775858052331,-19.66867581142663,1,False,False
83441dfffffffff,-8.69581530516153,-19.94324320475495,1,False,False
83441efffffffff,-9.92694111743479,-18.662159249019616,1,False,False
834441fffffffff,-1.8155507780019124,-23.7156004024779,1,False,False
834442fffffffff,-3.1711265337090104,-22.374252993663124,1,False,False
834443fffffffff,-2.0882581373745626,-22.65905965820014,1,False,False
834448fffffffff,0.0933260991642237,-23.23182505367069,1,False,False
83444afffffffff,-0.1893499302359945,-22.17973866240832,1,False,False
83444cfffffffff,-0.7204635866349511,-24.004880511943643,1,False,False
83444efffffffff,-0.9998306073848684,-22.944919829427665,1,False,False
834450fffffffff,-4.501553508508123,-21.05269847421157,1,False,False
834451fffffffff,-3.432706843196773,-21.33282717591201,1,False,False
834452fffffffff,-4.750858686851061,-20.027147681830048,1,False,False
834453fffffffff,-3.689985616729078,-20.30354506116855,1,False,False
834454fffffffff,-5.316997899788256,-21.807832648453108,1,False,False
834455fffffffff,-4.247631568138392,-22.090508019061577,1,False,False
834456fffffffff,-5.562988561742945,-20.773669158763887,1,False,False
834458fffffffff,-1.5481813462690637,-20.85969286181109,1,False,False
834459fffffffff,-0.468789946171312,-21.13943045890773,1,False,False
83445afffffffff,-1.816735972035584,-19.83539986835213,1,False,False
83445bfffffffff,-0.7447646491669687,-20.11137786466721,1,False,False
83445cfffffffff,-2.357199287711882,-21.614048302885152,1,False,False
83445dfffffffff,-1.2758112608996697,-21.896354629227144,1,False,False
83445efffffffff,-2.622174472181056,-20.58106221500344,1,False,False
83446bfffffffff,-0.4379533742794502,-25.075686459334,1,False,False
834488fffffffff,-8.921725415734494,-14.334816801209625,1,False,False
834489fffffffff,-7.932108636732392,-14.58761066352675,1,False,False
83448bfffffffff,-8.132566312168558,-13.65155034891712,1,False,False
83448cfffffffff,-9.714466018923718,-15.025266707253898,1,False,False
83448dfffffffff,-8.725426501211988,-15.281016043570052,1,False,False
8344a1fffffffff,-12.107762853835002,-17.138767722198857,1,False,False
8344a8fffffffff,-10.3216147332706,-16.68891756629345,1,False,False
8344a9fffffffff,-9.324130271809226,-16.95167390822144,1,False,False
8344abfffffffff,-9.522145408922787,-15.981486356557063,1,False,False
8344acfffffffff,-11.12316465841396,-17.40319507237761,1,False,False
8344adfffffffff,-10.1272178546981,-17.66879679568853,1,False,False
8344c0fffffffff,-4.673273499204411,-16.31604614035847,1,False,False
8344c1fffffffff,-3.639105350488528,-16.57780089443685,1,False,True
8344c2fffffffff,-4.907102386736322,-15.353261747083526,1,False,False
8344c3fffffffff,-3.8819364608242486,-15.610896881515378,1,False,True
8344c4fffffffff,-5.469869136388407,-17.028130238249968,1,False,False
8344c5fffffffff,-4.434558666112196,-17.29276220195018,1,False,False
8344c6fffffffff,-5.699597712253283,-16.055487869634472,1,False,False
8344c8fffffffff,-1.810097472683508,-16.129783003250644,1,False,True
8344c9fffffffff,-0.7647745960878805,-16.39102946883724,1,False,False
8344cafffffffff,-2.065978951056428,-15.168687321607283,1,False,True
8344cbfffffffff,-1.0292254880808216,-15.4257949394411,1,False,True
8344ccfffffffff,-2.5977496154364177,-16.84074939082543,1,False,True
8344cdfffffffff,-1.5498922703204558,-17.104888662289927,1,False,True
8344cefffffffff,-2.8493810843501444,-15.869738017450295,1,False,True
8344d0fffffffff,-6.14377900408815,-14.15239570910308,1,False,False
8344d1fffffffff,-5.13598304463906,-14.404645033232535,1,False,False
8344d2fffffffff,-6.358168803303495,-13.22235925760295,1,False,False
8344d3fffffffff,-5.359869708602772,-13.47039406508838,1,False,False
8344d4fffffffff,-6.932771796559197,-14.84161701731738,1,False,False
8344d5fffffffff,-5.924247447552178,-15.096834550719786,1,False,False
8344d6fffffffff,-7.142820916074157,-13.90136388949019,1,False,False
8344d8fffffffff,-3.338898828208171,-13.970130446544296,1,False,True
8344d9fffffffff,-2.3487325789627054,-14.207258341796148,1,False,True
8344dafffffffff,-3.713529445495906,-12.972178539795664,1,False,False
8344dbfffffffff,-2.7241316013012726,-13.20483829519858,1,False,True
8344dcfffffffff,-4.1200082775381786,-14.658110891040348,1,False,False
8344ddfffffffff,-3.096461395730254,-14.912792111844611,1,False,True
8344defffffffff,-4.353252292245684,-13.719651276567644,1,False,False
8344e0fffffffff,-6.040130896038745,-18.74287087076184,1,False,False
8344e1fffffffff,-4.995416984886764,-19.01428495865201,1,False,False
8344e2fffffffff,-6.271091449977742,-17.74702879181145,1,False,False
8344e3fffffffff,-5.235117724180203,-18.01449737222971,1,False,False
8344e4fffffffff,-6.84892042672178,-19.477736079710485,1,False,False
8344e5fffffffff,-5.804067943102323,-19.751876099464084,1,False,False
8344e6fffffffff,-7.076281987082902,-18.47261052366535,1,False,False
8344e8fffffffff,-3.139526013072934,-18.552936488126576,1,False,True
8344e9fffffffff,-2.0812897004986968,-18.8238983580208,1,False,True
8344eafffffffff,-3.391600659199736,-17.558576210843835,1,False,True
8344ebfffffffff,-2.3416765137283506,-17.82556868351134,1,False,True
8344ecfffffffff,-3.942807696908691,-19.28684793230587,1,False,False
8344edfffffffff,-2.883003561797997,-19.560554687518163,1,False,False
8344eefffffffff,-4.191037504919624,-18.283134674739635,1,False,False
8344f0fffffffff,-7.514981039577767,-16.50242560769979,1,False,False
8344f1fffffffff,-6.496882137614938,-16.764683667662716,1,False,False
8344f2fffffffff,-7.726248463973792,-15.537970630975954,1,False,False
8344f3fffffffff,-6.71745321533542,-15.796128600362088,1,False,False
8344f4fffffffff,-8.31618653655655,-17.215613443495947,1,False,False
8344f5fffffffff,-7.298316718848347,-17.480732904393992,1,False,False
8344f6fffffffff,-8.523584044386507,-16.241358948607413,1,False,False
834501fffffffff,-6.234217144586183,-24.910338939943628,1,False,False
834508fffffffff,-5.758479633113839,-23.07012899607785,1,False,False
834509fffffffff,-4.998614186545768,-22.30561714872101,1,False,False
83450afffffffff,-6.781297284394695,-22.742772737606483,1,False,False
83450bfffffffff,-6.030722849183703,-21.97945841775241,1,False,False
83450cfffffffff,-5.484480351419253,-24.158506768331083,1,False,False
83450dfffffffff,-4.724896656258927,-23.39967599813401,1,False,False
83450efffffffff,-6.508705610324703,-23.827962357693032,1,False,False
834521fffffffff,-4.655129956325905,-27.40220012312876,1,False,False
834523fffffffff,-5.680822783911861,-27.063635810709343,1,False,False
834528fffffffff,-4.1739155336567535,-25.579372374415364,1,False,False
834529fffffffff,-3.405568540970895,-24.82600345511832,1,False,False
83452afffffffff,-5.209042210108009,-25.24381653157992,1,False,False
83452bfffffffff,-4.449890461844169,-24.491187756411485,1,False,False
83452cfffffffff,-3.897292624892248,-26.66346413867733,1,False,False
83452dfffffffff,-3.1294846932612805,-25.917002723083584,1,False,False
83452efffffffff,-4.932485136145956,-26.32529624126132,1,False,False
834572fffffffff,-3.9559518489612815,-22.63401831957019,1,False,False
834576fffffffff,-3.681164619697205,-23.731413785889742,1,False,False
8348d2fffffffff,4.913552510786358,-29.560767831351274,1,False,False
8348d3fffffffff,6.0352398904469,-29.866170745841824,1,False,False
8348d8fffffffff,8.271627635068636,-30.479246382372445,1,False,False
8348d9fffffffff,9.384457230518636,-30.78688946677573,1,False,False
8348dafffffffff,7.9596790915623,-29.361682541765216,1,False,False
8348dbfffffffff,9.071334133627555,-29.66697856138569,1,False,False
8348defffffffff,7.154912387817983,-30.172335161922323,1,False,False
8348ebfffffffff,9.498143166081114,-35.00943903787981,1,False,False
834b34fffffffff,7.716114555293273,165.548241501139,1,False,False
834b35fffffffff,8.490906259426447,166.20488169560386,1,False,False
834b36fffffffff,6.76456534214122,165.7788946237601,1,False,False
835200fffffffff,-40.15596378284799,36.8024688862631,1,False,False
835201fffffffff,-40.72672697967156,37.93290266237895,1,False,False
835202fffffffff,-40.62393506698234,35.491545614346585,1,False,False
835203fffffffff,-41.20507955463732,36.628658875000696,1,False,False
835204fffffffff,-39.09563358710575,36.97272246170965,1,False,False
835205fffffffff,-39.67468440207723,38.09184088319059,1,False,False
835206fffffffff,-39.56671914393949,35.67664969502021,1,False,False
835208fffffffff,-42.31083067068916,38.91654629903421,1,False,False
835209fffffffff,-42.835159909367896,40.06553903090786,1,False,False
83520afffffffff,-42.79628763107432,37.60488749286769,1,False,False
83520bfffffffff,-43.33091396805316,38.762776477609066,1,False,False
83520cfffffffff,-41.27881816392736,39.067094632304666,1,False,False
83520dfffffffff,-41.81210490642565,40.20417093793595,1,False,False
83520efffffffff,-41.76743397989578,37.77061954111005,1,False,False
835211fffffffff,-41.0777060848221,34.15993229165739,1,False,False
835215fffffffff,-40.02422749573842,34.36013835582443,1,False,False
835218fffffffff,-42.70291260895028,35.10960575634453,1,False,False
835219fffffffff,-43.26753577371446,36.26992792501542,1,False,False
83521bfffffffff,-43.72366346532119,34.91252833958295,1,False,False
83521cfffffffff,-41.66950854762372,35.30257045914363,1,False,False
83521dfffffffff,-42.24243730167069,36.45118311750187,1,False,False
835220fffffffff,-37.53886974228792,38.40007872612772,1,False,False
835221fffffffff,-38.1163331062584,39.500373268793886,1,False,False
835222fffffffff,-38.024674355551134,37.139524735175975,1,False,False
835223fffffffff,-38.611865395479406,38.24753419162452,1,False,False
835224fffffffff,-36.45633676843334,38.54956695414843,1,False,False
835225fffffffff,-37.041933112153416,39.63897961189828,1,False,False
835226fffffffff,-36.94371235012215,37.302976855039,1,False,False
835228fffffffff,-39.73194604723148,40.47284501447254,1,False,False
835229fffffffff,-40.26453240728456,41.58848669589392,1,False,False
83522afffffffff,-40.23536884830031,39.21451964854259,1,False,False
83522bfffffffff,-40.77753101185355,40.33991022515808,1,False,False
83522cfffffffff,-38.675897645170174,40.60305994454227,1,False,False
83522dfffffffff,-39.21741551644766,41.70732765243029,1,False,False
83522efffffffff,-39.18101598367066,39.35891565290458,1,False,False
835230fffffffff,-37.88334886952968,34.748476083883254,1,False,False
835231fffffffff,-38.49843056677721,35.85799669322616,1,False,False
835232fffffffff,-38.33384556838666,33.442171082298046,1,False,False
835233fffffffff,-38.95924301615074,34.5562802704078,1,False,False
835234fffffffff,-36.7971835264326,34.936839497627176,1,False,False
835235fffffffff,-37.419681204615664,36.035696321467285,1,False,False
835236fffffffff,-37.25072208409071,33.64494997704577,1,False,False
835240fffffffff,-43.75649418692953,44.76345584192197,1,False,False
835241fffffffff,-44.195676300365854,45.90151809822498,1,False,False
835242fffffffff,-44.293476795931824,43.52171778875909,1,False,False
835243fffffffff,-44.74153153838701,44.67374511047227,1,False,False
835244fffffffff,-42.75978369473661,44.851266489858176,1,False,False
835245fffffffff,-43.20891083849174,45.97719039716912,1,False,False
835246fffffffff,-43.29865005224682,43.62378913827568,1,False,False
835248fffffffff,-45.58138091774847,46.97217690682619,1,False,False
83524afffffffff,-46.13383477547202,45.745198774234616,1,False,False
83524cfffffffff,-44.6163684361802,47.03708387832168,1,False,False
83524dfffffffff,-45.01878376170164,48.16927289542326,1,False,False
83524efffffffff,-45.17076893262435,45.824205434359385,1,False,False
835250fffffffff,-44.34219909513634,41.08738296491613,1,False,False
835251fffffffff,-44.8188477390291,42.2522025637596,1,False,False
835252fffffffff,-44.84488331467092,39.7792263786821,1,False,False
835253fffffffff,-45.33160011884264,40.95525573991802,1,False,False
835254fffffffff,-43.34036821784115,41.21668294757426,1,False,False
835255fffffffff,-43.82645631661164,42.36905289564064,1,False,False
835256fffffffff,-43.84622844493143,39.92392272155992,1,False,False
835258fffffffff,-46.24660308434135,43.31082331147689,1,False,False
83525cfffffffff,-45.2762475920417,43.41742015486325,1,False,False
83525dfffffffff,-45.71452063357412,44.58207240326919,1,False,False
83525efffffffff,-45.79880910280863,42.13278568755574,1,False,False
835260fffffffff,-41.20195789002347,46.12381739458482,1,False,False
835261fffffffff,-41.65288815027545,47.22370533831071,1,False,False
835262fffffffff,-41.75181221598013,44.93723638796514,1,False,False
835263fffffffff,-42.210862604856494,46.051273733510726,1,False,False
835264fffffffff,-40.1826591114224,46.19486865988221,1,False,False
835265fffffffff,-40.64359412955712,47.283351138988266,1,False,False
835266fffffffff,-40.73302898631643,45.02142244132621,1,False,False
835268fffffffff,-43.07460310534484,48.27100746958992,1,False,False
835269fffffffff,-43.47967635801128,49.375069186394846,1,False,False
83526afffffffff,-43.63969707649372,47.10061237155822,1,False,False
83526bfffffffff,-44.052335389906375,48.22068047424728,1,False,False
83526cfffffffff,-42.085969633134326,48.32028752250168,1,False,False
83526dfffffffff,-42.50139232170208,49.41277966448536,1,False,False
83526efffffffff,-42.6517356114465,47.16280568744568,1,False,False
835270fffffffff,-41.80594672008148,42.59537428050746,1,False,False
835271fffffffff,-42.29216445553938,43.72370410473789,1,False,False
835272fffffffff,-42.326511303382304,41.34324419703555,1,False,False
835273fffffffff,-42.82201602285183,42.4834176034957,1,False,False
835274fffffffff,-40.77870704314117,42.704997359968544,1,False,False
835275fffffffff,-41.2744550335806,43.821529719352895,1,False,False
835276fffffffff,-41.3010717261486,41.46715161928277,1,False,False
835280fffffffff,-42.78107563759418,32.48797237229224,1,False,False
835281fffffffff,-43.25410113763199,33.78138854188794,1,False,False
835282fffffffff,-43.32934974723996,31.18314279858721,1,False,False
835283fffffffff,-43.81350639340146,32.4831715957553,1,False,False
835284fffffffff,-41.73514657772932,32.4926753632655,1,False,False
835285fffffffff,-42.21676812846646,33.772899123170994,1,False,False
835286fffffffff,-42.28855313359908,31.201265631193152,1,False,False
835288fffffffff,-44.163024826835695,35.989898683575845,1,False,False
835289fffffffff,-44.57673205175526,37.30023876147688,1,False,False
83528afffffffff,-45.28752668358175,33.79890372868498,1,False,False
83528bfffffffff,-45.16336593587806,36.02822577957604,1,False,False
83528cfffffffff,-43.14860225170008,35.9523374818463,1,False,False
83528dfffffffff,-43.57176090757668,37.24954457234248,1,False,False
83528efffffffff,-44.27781199467219,33.79005488093193,1,False,False
835290fffffffff,-43.34558949864904,28.56359577777436,1,False,False
835291fffffffff,-43.86077669444132,29.85932839287125,1,False,False
835292fffffffff,-43.84772251255497,27.21942399282321,1,False,False
835293fffffffff,-44.37459469799433,28.51755500075292,1,False,False
835294fffffffff,-42.30268948910834,28.60869167556256,1,False,False
835295fffffffff,-42.82562615421096,29.89124145597581,1,False,False
835296fffffffff,-42.811210110988746,27.278647114871,1,False,False
835298fffffffff,-45.36924149708554,31.145746608711534,1,False,False
835299fffffffff,-45.83632817744173,32.473264228179765,1,False,False
83529afffffffff,-45.88862544301092,29.79346382600072,1,False,False
83529bfffffffff,-46.36763168093498,31.126448652439947,1,False,False
83529cfffffffff,-44.35637096287299,31.16464047179917,1,False,False
83529dfffffffff,-44.83204120828277,32.478269951918854,1,False,False
83529efffffffff,-44.88189405633968,29.826742999858872,1,False,False
8352a0fffffffff,-40.102960776377,33.75642981106366,1,False,False
8352a1fffffffff,-40.582681984310064,35.016197378313265,1,False,False
8352a2fffffffff,-40.67616326832661,32.497283526139874,1,False,False
8352a3fffffffff,-41.166232691725256,33.76458126223236,1,False,False
8352a4fffffffff,-39.02746475105289,33.74843982557472,1,False,False
8352a5fffffffff,-39.51567556815213,34.995696757551926,1,False,False
8352a6fffffffff,-39.60461655780735,32.501799700310706,1,False,False
8352a8fffffffff,-41.520743397111225,37.15113385936026,1,False,False
8352aafffffffff,-42.12044932355137,35.91551947542293,1,False,False
8352abfffffffff,-42.55297376696685,37.19985272644156,1,False,False
8352aefffffffff,-41.07896204779127,35.87942285233927,1,False,False
8352b0fffffffff,-40.71486925738133,29.95313206788767,1,False,False
8352b1fffffffff,-41.23440286784192,31.21902052307032,1,False,False
8352b2fffffffff,-41.24631809898823,28.652871431637017,1,False,False
8352b3fffffffff,-41.776841594881766,29.92250276563106,1,False,False
8352b4fffffffff,-39.64020286927735,29.98314831982383,1,False,False
8352b5fffffffff,-40.16736770976432,31.23641856353913,1,False,False
8352b6fffffffff,-40.17694633711542,28.69616263199116,1,False,False
8352c4fffffffff,-46.26490090738647,35.70227861719957,1,False,False
8352c8fffffffff,-46.64134922331654,45.15553574707656,1,False,False
8352c9fffffffff,-46.91732922674676,46.45095641582154,1,False,False
8352cafffffffff,-47.28623079238881,43.97160916365791,1,False,False
8352cbfffffffff,-47.57059169515257,45.28587540550421,1,False,False
8352d0fffffffff,-45.95149162482236,38.67765754519431,1,False,False
8352d2fffffffff,-46.54395421543431,37.40475763995486,1,False,False
8352d3fffffffff,-46.91809333619536,38.7441073166594,1,False,False
8352d4fffffffff,-44.97043510313446,38.61254544979248,1,False,False
8352d6fffffffff,-45.56755842153286,37.35196584867492,1,False,False
8352d8fffffffff,-47.60517369621971,41.42276237781157,1,False,False
8352d9fffffffff,-47.925303983054185,42.83102583851667,1,False,False
8352dafffffffff,-48.25045816173515,40.432995428116826,1,False,False
8352dbfffffffff,-48.58222654369163,41.86998920253125,1,False,False
8352dcfffffffff,-46.65877633387022,41.329225483450784,1,False,False
8352ddfffffffff,-46.98238202056916,42.65226708624839,1,False,False
8352defffffffff,-47.27179297111619,40.08393030453728,1,False,False
8352e0fffffffff,-44.81657280951995,37.26263910792482,1,False,False
8352e1fffffffff,-45.33352890858984,38.44515917401132,1,False,False
8352e2fffffffff,-45.279162699911566,35.89560129833228,1,False,False
8352e3fffffffff,-45.807177772214494,37.08589267100026,1,False,False
8352e4fffffffff,-43.812811945705775,37.43559825307104,1,False,False
8352e5fffffffff,-44.33861677835436,38.60568293587687,1,False,False
8352e6fffffffff,-44.27991629954623,36.08477501744004,1,False,False
8352ecfffffffff,-45.83073754398568,39.63135032284772,1,False,False
8352edfffffffff,-46.30820677354398,40.82020897041664,1,False,False
8352eefffffffff,-46.31528093112928,38.28109420550811,1,False,False
8352f0fffffffff,-45.16615651405269,33.31594199597623,1,False,False
8352f1fffffffff,-45.72548635144278,34.5055178774009,1,False,False
8352f2fffffffff,-43.97518901830937,38.54873120377976,1,False,False
8352f3fffffffff,-46.154684595655226,33.09347780111947,1,False,False
8352f4fffffffff,-44.16379452511996,33.53367926299392,1,False,False
8352f5fffffffff,-44.731320569883366,34.71121012541734,1,False,False
835300fffffffff,-32.5337107334763,37.925177158111765,1,False,False
835301fffffffff,-33.1584674504211,38.980566896957,1,False,False
835302fffffffff,-33.01371429993313,36.71207604046973,1,False,False
835303fffffffff,-33.64765607200668,37.77418773300917,1,False,False
835304fffffffff,-31.413449592667973,38.07326841008189,1,False,False
835305fffffffff,-32.04491118782341,39.11868688603347,1,False,False
835306fffffffff,-31.893214233383173,36.873047578139904,1,False,False
835308fffffffff,-34.866622249998606,39.9079703819353,1,False,False
835309fffffffff,-35.4510271702489,40.97818316708938,1,False,False
83530afffffffff,-35.36494389690596,38.69608784120906,1,False,False
83530bfffffffff,-35.95846699745931,39.77481845468409,1,False,False
83530cfffffffff,-33.76712089276697,40.03851293788594,1,False,False
83530dfffffffff,-34.359364227783885,41.09830104725135,1,False,False
83530efffffffff,-34.26540484248426,38.839727010989904,1,False,False
835310fffffffff,-32.82487982496393,34.41711679210413,1,False,False
835311fffffffff,-33.48404901155944,35.48001105449555,1,False,False
835312fffffffff,-33.27508975831721,33.16286851407855,1,False,False
835313fffffffff,-33.943854487953814,34.22969955782068,1,False,False
835314fffffffff,-31.69889261563572,34.600956368144466,1,False,False
835315fffffffff,-32.363975408569054,35.65410136881862,1,False,False
835316fffffffff,-32.15037227853521,33.35995536642686,1,False,False
835318fffffffff,-35.23345106118167,36.380572057777655,1,False,False
835319fffffffff,-35.85341343164728,37.46317616533883,1,False,False
83531afffffffff,-35.70142641764625,35.12148005500305,1,False,False
83531bfffffffff,-36.33112391224204,36.2098542038858,1,False,False
83531cfffffffff,-34.127392693389965,36.54794786595656,1,False,False
83531dfffffffff,-34.754481417583285,37.62021637747361,1,False,False
83531efffffffff,-34.5967962625253,35.30250332122752,1,False,False
835320fffffffff,-29.80120067110765,39.38707029853724,1,False,False
835321fffffffff,-30.430364843735497,40.4152170845388,1,False,False
835322fffffffff,-30.2877046380808,38.21854221643715,1,False,False
835323fffffffff,-30.92554430261042,39.25416345478228,1,False,False
835324fffffffff,-28.67273636135061,39.517478453892295,1,False,False
835325fffffffff,-29.308060700000663,40.53604150727001,1,False,False
835326fffffffff,-29.15733229445126,38.36107640696538,1,False,False
835328fffffffff,-32.15529893839602,41.33157363597709,1,False,False
835329fffffffff,-32.74655331829156,42.37200540421217,1,False,False
83532afffffffff,-32.66071718495117,40.16652076545766,1,False,False
83532bfffffffff,-33.260535152528654,41.216075554936566,1,False,False
83532cfffffffff,-31.04444212316306,41.44485974709106,1,False,False
83532dfffffffff,-31.64310396331272,42.47533549538071,1,False,False
83532efffffffff,-31.548194992192187,40.29206573807995,1,False,False
835330fffffffff,-30.105168902410224,35.99240489820719,1,False,False
835331fffffffff,-30.76672076921912,37.03095020837993,1,False,False
835332fffffffff,-30.56673917349202,34.781316080510734,1,False,False
835333fffffffff,-31.23739818460131,35.824868889007426,1,False,False
835334fffffffff,-28.96816447716127,36.15679747837186,1,False,False
835335fffffffff,-29.63508883812991,37.185868533701054,1,False,False
835336fffffffff,-29.429293389786483,34.958290332287895,1,False,False
835340fffffffff,-36.56004151178514,45.34138795027617,1,False,False
835341fffffffff,-37.06755498660045,46.399512832164255,1,False,False
835342fffffffff,-37.10139625307824,44.1931866852262,1,False,False
835343fffffffff,-37.6168509872112,45.26381267003364,1,False,False
835344fffffffff,-35.495205517012174,45.41743151439693,1,False,False
835345fffffffff,-36.01200830359006,46.465030555102,1,False,False
835346fffffffff,-36.03540102053253,44.28148020481666,1,False,False
835348fffffffff,-38.5955990384852,47.399032470148896,1,False,False
835349fffffffff,-39.05900539412144,48.46216216605731,1,False,False
83534afffffffff,-39.15346445172022,46.264472901774205,1,False,False
83534bfffffffff,-39.62432806322333,47.34178129242124,1,False,False
83534cfffffffff,-37.55794994710985,47.45513988803592,1,False,False
83534dfffffffff,-38.03128032109704,48.50756430092912,1,False,False
83534efffffffff,-38.11490722865486,46.33267368026278,1,False,False
835350fffffffff,-37.093730016481125,41.93782477060677,1,False,False
835351fffffffff,-37.635128039662426,43.02056518848652,1,False,False
835352fffffffff,-37.60997249599942,40.730636338163,1,False,False
835353fffffffff,-38.16028187049422,41.82374961713948,1,False,False
835354fffffffff,-36.01839499034956,42.04962248694093,1,False,False
835355fffffffff,-36.568556473890446,43.1215403316942,1,False,False
835356fffffffff,-36.534795264579714,40.85565236025734,1,False,False
835358fffffffff,-39.2072938615147,44.011167525607576,1,False,False
835359fffffffff,-39.70392010977959,45.10387924859269,1,False,False
83535afffffffff,-39.74079422612511,42.81235827264473,1,False,False
83535bfffffffff,-40.24599468770327,43.9173302876911,1,False,False
83535cfffffffff,-38.15889992360225,44.10310068718381,1,False,False
83535dfffffffff,-38.66500807478871,45.18465921690115,1,False,False
83535efffffffff,-38.69274364173943,42.91752559494159,1,False,False
835362fffffffff,-34.423000422824124,45.491988024134265,1,False,False
835363fffffffff,-34.948899311373644,46.52926548665595,1,False,False
835368fffffffff,-35.950981559021244,48.59570064065467,1,False,False
83536afffffffff,-36.51195644461976,47.510137377565606,1,False,False
83536bfffffffff,-36.9950782352616,48.5520683477408,1,False,False
83536efffffffff,-35.45822563350084,47.56405745299735,1,False,False
835370fffffffff,-34.411154532967906,43.31753820213222,1,False,False
835371fffffffff,-34.961565661129235,44.3680338103741,1,False,False
835372fffffffff,-34.93494674713685,42.15920946703916,1,False,False
835373fffffffff,-35.49367291314692,43.22051184384046,1,False,False
835374fffffffff,-33.32170969296413,43.41267565222428,1,False,False
835375fffffffff,-33.88057304112263,44.45289804665194,1,False,False
835376fffffffff,-33.844088263466105,42.266649864436886,1,False,False
835380fffffffff,-35.20424223423173,32.5189974827115,1,False,False
835381fffffffff,-35.73344618338969,33.72539207515808,1,False,False
835382fffffffff,-35.781401273887134,31.30264900750793,1,False,False
835383fffffffff,-36.32020464379543,32.514823033644944,1,False,False
835384fffffffff,-34.07886074321763,32.523092561675575,1,False,False
835385fffffffff,-34.615092548991505,33.71800225191238,1,False,False
835386fffffffff,-34.65861371978431,31.31841442714128,1,False,False
83538afffffffff,-37.94030325180917,33.7406065555967,1,False,False
83538bfffffffff,-38.43680120336284,34.97559873426414,1,False,False
83538efffffffff,-36.84208065891666,33.73292543546705,1,False,False
835390fffffffff,-35.78054454226977,28.860956392805207,1,False,False
835391fffffffff,-36.34568763518202,30.069697312654743,1,False,False
835392fffffffff,-36.32105394452328,27.60984994350652,1,False,False
835393fffffffff,-36.89625522805707,28.82096465959538,1,False,False
835394fffffffff,-34.654897736112666,28.90018210991257,1,False,False
835395fffffffff,-35.226126239181454,30.097436472031387,1,False,False
835396fffffffff,-35.199475829945264,27.66133614571044,1,False,False
835398fffffffff,-37.99675381684668,31.270186263915583,1,False,False
835399fffffffff,-38.52104412663816,32.50622661293737,1,False,False
83539afffffffff,-38.55338370560177,30.012569728526305,1,False,False
83539bfffffffff,-39.08796365746954,31.253470400855136,1,False,False
83539cfffffffff,-36.89434789163545,31.286575982696768,1,False,False
83539dfffffffff,-37.42603016154484,32.51056688443477,1,False,False
83539efffffffff,-37.45500027883018,30.0414137877848,1,False,False
8353a0fffffffff,-32.35220546132076,33.70363711502825,1,False,False
8353a2fffffffff,-32.94481917989376,32.52711051281236,1,False,False
8353a3fffffffff,-33.48775426123282,33.71075190235166,1,False,False
8353a4fffffffff,-31.20925736998344,33.6966541233903,1,False,False
8353a6fffffffff,-31.80291538196362,32.53105349472476,1,False,False
8353a9fffffffff,-36.157538691127634,33.84372309728187,1,False,False
8353adfffffffff,-35.055001239976214,34.03860333349473,1,False,False
8353b0fffffffff,-32.95919647177743,30.151343321654902,1,False,False
8353b1fffffffff,-33.526727601726414,31.333880985990472,1,False,False
8353b2fffffffff,-33.52006307355133,28.93866357522114,1,False,False
8353b3fffffffff,-34.097040434037275,30.12464681936721,1,False,False
8353b4fffffffff,-31.81340011409436,30.177540386789104,1,False,False
8353b5fffffffff,-32.38652573422454,31.34905710020633,1,False,False
8353b6fffffffff,-32.37682984371907,28.976421737590947,1,False,False
835400fffffffff,-9.129050774422494,-8.468494585337691,1,False,False
835401fffffffff,-10.160853644004398,-8.505184310185014,1,False,False
835402fffffffff,-8.53471128045053,-9.408438400872283,1,False,False
835403fffffffff,-9.571541280860538,-9.441750652824728,1,False,False
835404fffffffff,-8.67931481449656,-7.487529646838878,1,False,False
835405fffffffff,-9.719434369454076,-7.5278693192233215,1,False,False
835406fffffffff,-8.083754278269204,-8.43154099182639,1,False,False
835408fffffffff,-11.60397311492978,-9.507664906424974,1,False,False
835409fffffffff,-12.5988717649327,-9.540271894943292,1,False,False
83540afffffffff,-11.020883652499764,-10.436333752658088,1,False,False
83540bfffffffff,-12.021184443229536,-10.46562461578506,1,False,False
83540cfffffffff,-11.178765205702966,-8.541612952791422,1,False,False
83540dfffffffff,-12.182433511112412,-8.57778326090883,1,False,False
83540efffffffff,-10.594753240041843,-9.474825317705855,1,False,False
835410fffffffff,-6.882703856095435,-10.31705479835145,1,False,False
835411fffffffff,-7.937003262930379,-10.34719639709328,1,False,False
835413fffffffff,-7.336526125040171,-11.2842680210042,1,False,False
835414fffffffff,-6.42192239207875,-9.34109091368571,1,False,False
835415fffffffff,-7.484682991479677,-9.374886015378255,1,False,False
835418fffffffff,-9.414609835893009,-11.337148090401367,1,False,False
835419fffffffff,-10.433717940812956,-11.36330543822617,1,False,False
83541afffffffff,-8.819628827346403,-12.265284481549656,1,False,False
83541bfffffffff,-9.843042512460098,-12.28810092065591,1,False,False
83541cfffffffff,-8.978419687244724,-10.377121894731324,1,False,False
83541dfffffffff,-10.006511759032952,-10.406833590826396,1,False,False
83541efffffffff,-8.382073506835598,-11.310802957395916,1,False,False
835420fffffffff,-8.815185306869076,-5.552176379774917,1,False,False
835421fffffffff,-9.85756169644145,-5.599556835524167,1,False,False
835422fffffffff,-8.222638215484888,-6.499345538739908,1,False,False
835423fffffffff,-9.27077505307916,-6.543364065645834,1,False,False
835424fffffffff,-8.35300429563636,-4.554836990888472,1,False,False
835425fffffffff,-9.402916513067844,-4.605909063414926,1,False,False
835426fffffffff,-7.759355699643478,-5.504456357938007,1,False,False
835428fffffffff,-11.325782824322731,-6.630464138800588,1,False,False
835429fffffffff,-12.331902010435416,-6.673552210527003,1,False,False
83542afffffffff,-10.745785728151525,-7.567921763134143,1,False,False
83542bfffffffff,-11.757993606452638,-7.607689996665686,1,False,False
83542cfffffffff,-10.886061694546097,-5.64660127264716,1,False,False
83542dfffffffff,-11.900309143486464,-5.693313190278906,1,False,False
83542efffffffff,-10.305289609016048,-6.587069170580322,1,False,False
835430fffffffff,-6.559505131549307,-7.405976332018601,1,False,False
835431fffffffff,-7.6258488129909745,-7.446899685582435,1,False,False
835432fffffffff,-5.954503600196858,-8.356830855702304,1,False,False
835433fffffffff,-7.02540825534567,-8.394320703882336,1,False,False
835434fffffffff,-6.087329782946552,-6.410354848154818,1,False,False
835435fffffffff,-7.16132524462751,-6.45501025879673,1,False,False
835436fffffffff,-5.480799777993165,-7.364756438926714,1,False,False
835440fffffffff,-16.049175233048167,-8.71993478668513,1,False,False
835441fffffffff,-16.977868322240074,-8.754853330680916,1,False,False
835442fffffffff,-15.494998516849778,-9.636721507210424,1,False,False
835443fffffffff,-16.43017698514184,-9.668422176339153,1,False,False
835444fffffffff,-15.659456305291696,-7.76397974807591,1,False,False
835445fffffffff,-16.596870577368932,-7.802370769977303,1,False,False
835446fffffffff,-15.105123463133628,-8.684771089568544,1,False,False
835448fffffffff,-18.254430713769136,-9.73116362099872,1,False,False
835449fffffffff,-19.143361683823944,-9.762208922467018,1,False,False
83544afffffffff,-17.713223975938348,-10.637095852174768,1,False,False
83544bfffffffff,-18.60872613445344,-10.66498166792872,1,False,False
83544cfffffffff,-17.89109745264908,-8.789529250706009,1,False,False
83544dfffffffff,-18.78879228684617,-8.823965041596745,1,False,False
83544efffffffff,-17.35001738903307,-9.69990212144702,1,False,False
835450fffffffff,-13.97838778833652,-10.52358723283692,1,False,False
835451fffffffff,-14.934803579001963,-10.5522633041582,1,False,False
835452fffffffff,-13.406967832089531,-11.44067053028654,1,False,False
835453fffffffff,-14.369073715435311,-11.466096359670384,1,False,False
835454fffffffff,-13.579163884580687,-9.5726487248746,1,False,False
835455fffffffff,-14.544606707921671,-9.604797804073211,1,False,False
835456fffffffff,-13.007107192302987,-10.494708384593952,1,False,False
835458fffffffff,-16.248536606269475,-11.516415544397004,1,False,False
835459fffffffff,-17.165601443919734,-11.54131258474191,1,False,False
83545afffffffff,-15.68905013711026,-12.421653297905689,1,False,False
83545bfffffffff,-16.61201264197913,-12.44336978243836,1,False,False
83545cfffffffff,-15.876171823513188,-10.580738712609936,1,False,False
83545dfffffffff,-16.802347996922347,-10.609015543157556,1,False,False
83545efffffffff,-15.316318170301397,-11.49134407928298,1,False,False
835460fffffffff,-15.8088394673111,-5.876904001744864,1,False,False
835461fffffffff,-16.74775187150181,-5.922004172918491,1,False,False
835462fffffffff,-15.261161318171917,-6.801006789171216,1,False,False
835463fffffffff,-16.207144850669454,-6.842898802547433,1,False,False
835464fffffffff,-15.402130941066911,-4.904874124274436,1,False,False
835465fffffffff,-16.349282578815934,-4.953490928813513,1,False,False
835466fffffffff,-14.854459582372147,-5.83148810945048,1,False,False
835468fffffffff,-18.05255385388608,-6.925811779701397,1,False,False
835469fffffffff,-18.95180847484832,-6.966838674176852,1,False,False
83546afffffffff,-17.518801295463973,-7.840494840922807,1,False,False
83546bfffffffff,-18.425162186719945,-7.878354702210951,1,False,False
83546cfffffffff,-17.671076112560144,-5.966791848491461,1,False,False
83546dfffffffff,-18.57872793376205,-6.01127021096727,1,False,False
83546efffffffff,-17.137643383740322,-6.88449947093381,1,False,False
835470fffffffff,-13.73870476134456,-7.686385697744339,1,False,False
835471fffffffff,-14.706680877188248,-7.725318996354057,1,False,False
835472fffffffff,-13.171551380699224,-8.613697944279133,1,False,False
835473fffffffff,-14.145855193482976,-8.6493596752818,1,False,False
835474fffffffff,-13.323339847618769,-6.716336581699263,1,False,False
835475fffffffff,-14.29983313390914,-6.758820404717957,1,False,False
835476fffffffff,-12.755728337896466,-7.647176996326691,1,False,False
8354a9fffffffff,-8.222159517960272,-13.19076526233448,1,False,False
8354adfffffffff,-7.783098100496976,-12.24230413674112,1,False,False
8354c0fffffffff,-12.061058619159343,-15.095275030276278,1,False,False
8354c1fffffffff,-13.028343472915362,-15.107685319382766,1,False,False
8354c2fffffffff,-11.475458923313198,-15.993835553707678,1,False,False
8354c4fffffffff,-11.666757218673116,-14.17708190126811,1,False,False
8354c5fffffffff,-12.643766210511632,-14.192791031603733,1,False,False
8354c6fffffffff,-11.07985316896418,-15.082777263641695,1,False,False
8354c8fffffffff,-14.347587062986362,-16.021371926370833,1,False,False
8354c9fffffffff,-15.276586709652156,-16.03042373909241,1,False,False
8354ccfffffffff,-13.981462221546648,-15.120009045047963,1,False,False
8354cdfffffffff,-14.92020784195006,-15.132247108683265,1,False,False
8354cefffffffff,-13.40426665840946,-16.012257066464922,1,False,False
8354d0fffffffff,-9.89915641249973,-16.88191488054891,1,False,False
8354d4fffffffff,-9.492134655471332,-15.975153804529205,1,False,False
8354d5fffffffff,-10.49046376590236,-15.98452755186556,1,False,False
8354e0fffffffff,-11.848988756519608,-12.3332490180272,1,False,False
8354e1fffffffff,-12.83086518306886,-12.355584083736384,1,False,False
8354e2fffffffff,-11.264010555050987,-13.248799293793452,1,False,False
8354e3fffffffff,-12.250613082611263,-13.267870893202486,1,False,False
8354e4fffffffff,-11.439025412367766,-11.389276990720113,1,False,False
8354e5fffffffff,-12.43020384643974,-11.415064709870729,1,False,False
8354e6fffffffff,-10.852945682927396,-12.31075519423776,1,False,False
8354e8fffffffff,-14.1810192601092,-13.305613063093984,1,False,False
8354e9fffffffff,-15.1243731923415,-13.324286426569818,1,False,False
8354eafffffffff,-13.606590933349802,-14.208390101644383,1,False,False
8354ebfffffffff,-14.555005999514256,-14.223880261709994,1,False,False
8354ecfffffffff,-13.798310348951702,-12.3777620594747,1,False,False
8354edfffffffff,-14.751100274867769,-12.399784590157434,1,False,False
8354eefffffffff,-13.2230308488386,-13.286808347548655,1,False,False
8354f0fffffffff,-9.671287569262288,-14.14532877702767,1,False,False
8354f1fffffffff,-10.67582901824224,-14.161261544093923,1,False,False
8354f2fffffffff,-9.076862410838602,-15.057515576719448,1,False,False
8354f3fffffffff,-10.08501239235841,-15.070191092493475,1,False,False
8354f4fffffffff,-9.24943488895932,-13.210247935014356,1,False,False
8354f5fffffffff,-10.263508686085824,-13.229592123184954,1,False,False
8354f6fffffffff,-8.653480756153966,-14.129282400213246,1,False,False
835500fffffffff,-5.8478655532473685,-1.4689100370691224,1,False,False
835501fffffffff,-6.93073194074651,-1.5315288294168887,1,False,False
835502fffffffff,-5.244677982998188,-2.425722864938032,1,False,False
835503fffffffff,-6.333653697458431,-2.485037933780028,1,False,False
835504fffffffff,-5.357562352857187,-0.4489636409714092,1,False,False
835505fffffffff,-6.446138137338731,-0.5152953527749075,1,False,False
835506fffffffff,-4.753024751679474,-1.405845045847034,1,False,False
835508fffffffff,-8.474277439671217,-2.6024092968249497,1,False,False
835509fffffffff,-9.52488432466152,-2.6604742213312806,1,False,False
83550afffffffff,-7.884600037697443,-3.551898131604047,1,False,False
83550bfffffffff,-8.941697742402155,-3.606671441026473,1,False,False
83550cfffffffff,-8.001054962584577,-1.5937059936182167,1,False,False
83550dfffffffff,-9.058313892619417,-1.655446040317205,1,False,False
83550efffffffff,-7.410368422148474,-2.543931963061485,1,False,False
835510fffffffff,-3.53120178039413,-3.328850509670822,1,False,False
835511fffffffff,-4.637166191761531,-3.385213895383429,1,False,False
835512fffffffff,-2.9151595886508934,-4.293915304447832,1,False,False
835513fffffffff,-4.025942328217866,-4.346854270662303,1,False,False
835514fffffffff,-3.032361749065395,-2.305811937819,1,False,False
835515fffffffff,-4.144033994219553,-2.365982353768445,1,False,False
835518fffffffff,-6.213892978479113,-4.451592307162978,1,False,False
835519fffffffff,-7.289831288056886,-4.503399357197554,1,False,False
83551afffffffff,-5.60926774212148,-5.407983179588871,1,False,False
83551bfffffffff,-6.690543642314709,-5.45639317340591,1,False,False
83551cfffffffff,-5.7317900296935775,-3.441173491757374,1,False,False
83551dfffffffff,-6.81445740582998,-3.496733516825347,1,False,False
83551efffffffff,-5.125732899414177,-4.399411932448038,1,False,False
835520fffffffff,-5.463982789903725,1.5261671870434537,1,False,False
835521fffffffff,-6.550947349520881,1.4529868688998782,1,False,False
835522fffffffff,-4.86323543743395,0.5741731497847863,1,False,False
835523fffffffff,-5.957057782949764,0.5041476177839592,1,False,False
835524fffffffff,-4.967423883570517,2.5501207061494098,1,False,False
835525fffffffff,-6.05900287673507,2.4733286537584176,1,False,False
835526fffffffff,-4.36539582717666,1.599860166320508,1,False,False
835528fffffffff,-8.108280928625682,0.3655607700269053,1,False,False
835529fffffffff,-9.164593161560155,0.2969896840507886,1,False,False
83552afffffffff,-7.522455622063475,-0.5811610642187702,1,False,False
83552bfffffffff,-8.585970064053553,-0.6465654965386479,1,False,False
83552cfffffffff,-7.625698151960865,1.3803141170674973,1,False,False
83552dfffffffff,-8.68769158889971,1.3081439006203015,1,False,False
83552efffffffff,-7.038929057914896,0.4346117966816369,1,False,False
835530fffffffff,-3.146054152775932,-0.3148830201411645,1,False,False
835531fffffffff,-4.257321009956772,-0.3821611455270153,1,False,False
835532fffffffff,-2.5299334786228096,-1.278357877655404,1,False,False
835533fffffffff,-3.6468262215327454,-1.342329223976211,1,False,False
835534fffffffff,-2.6422479977524267,0.7157133314666927,1,False,False
835535fffffffff,-3.758077961568581,0.6446933727761401,1,False,False
835536fffffffff,-2.0244480122756965,-0.2471243545028962,1,False,False
835540fffffffff,-13.147977739602316,-1.898123214512314,1,False,False
835541fffffffff,-14.13378068968072,-1.957743295669731,1,False,False
835542fffffffff,-12.592648128414224,-2.8322365545084587,1,False,False
835543fffffffff,-13.586037995855296,-2.8886935809996226,1,False,False
835544fffffffff,-12.702788593837935,-0.9036627408125324,1,False,False
835545fffffffff,-13.695796834604108,-0.9668294905036374,1,False,False
835546fffffffff,-12.147221848160074,-1.8380877003204417,1,False,False
835548fffffffff,-15.527374905033453,-3.000436153783155,1,False,False
835549fffffffff,-16.474924265806255,-3.0557295652712844,1,False,False
83554afffffffff,-14.987224340953215,-3.9273169217131216,1,False,False
83554bfffffffff,-15.942419465084384,-3.979461508555249,1,False,False
83554cfffffffff,-15.10438975225174,-2.0169521132065835,1,False,False
83554dfffffffff,-16.059606351153914,-2.0757537827264807,1,False,False
83554efffffffff,-14.564353448271016,-2.9447587946170874,1,False,False
835550fffffffff,-11.014918399112345,-3.715060288587178,1,False,False
835551fffffffff,-12.03024063329942,-3.768683764319605,1,False,False
835552fffffffff,-10.439120420568765,-4.656619377677407,1,False,False
835553fffffffff,-11.461216042561322,-4.706971685159753,1,False,False
835554fffffffff,-10.561740859882416,-2.7181309659852646,1,False,False
835555fffffffff,-11.584446602099362,-2.77538370424392,1,False,False
835556fffffffff,-9.985278540983456,-3.661057494856664,1,False,False
835558fffffffff,-13.46171551153921,-4.806617033692374,1,False,False
835559fffffffff,-14.43954905761653,-4.8559173281552255,1,False,False
83555afffffffff,-12.899974023638505,-5.739696040031734,1,False,False
83555bfffffffff,-13.88477130789365,-5.785753226783547,1,False,False
83555cfffffffff,-13.030915014338603,-3.821931811628761,1,False,False
83555dfffffffff,-14.016656601389885,-3.874808268410368,1,False,False
83555efffffffff,-12.468850205697644,-4.756969686774567,1,False,False
835560fffffffff,-12.798897095912968,1.0243899544747828,1,False,False
835561fffffffff,-13.7906214070453,0.95465912267331,1,False,False
835562fffffffff,-12.250810876052592,0.0941084530380309,1,False,False
835563fffffffff,-13.250720448356114,0.0274098130465071,1,False,False
835564fffffffff,-12.340698295057637,2.0235164142583564,1,False,False
835565fffffffff,-13.338841352858434,1.9503240739653152,1,False,False
835566fffffffff,-11.792411497992012,1.0945990931997178,1,False,False
835568fffffffff,-15.20551524533864,-0.1046222250692247,1,False,False
835569fffffffff,-16.253491925996943,-0.2968366714110899,1,False,False
83556afffffffff,-14.673733177481951,-1.0295620379598496,1,False,False
83556bfffffffff,-15.636378018289705,-1.091864695977415,1,False,False
83556cfffffffff,-14.78754995873248,0.8564587812970745,1,False,False
83556dfffffffff,-15.841811994873089,0.6700291912197657,1,False,False
83556efffffffff,-14.235702271677416,-0.0388322473430864,1,False,False
835570fffffffff,-10.67265222567656,-0.7760091042452263,1,False,False
835571fffffffff,-11.694971235166935,-0.8400574204035047,1,False,False
835572fffffffff,-10.10203633110929,-1.716753421019621,1,False,False
835573fffffffff,-11.13179794089778,-1.7776325290213912,1,False,False
835574fffffffff,-10.207393727723913,0.2288937467230239,1,False,False
835575fffffffff,-11.236258543340714,0.1612682268250758,1,False,False
835576fffffffff,-9.636185012664289,-0.7115133098814173,1,False,False
83558dfffffffff,-4.871578040260544,-8.319068540745572,1,False,False
8355a8fffffffff,-3.903503419407993,-6.320069886314927,1,False,False
8355a9fffffffff,-5.001193027449353,-6.365375881753816,1,False,False
8355abfffffffff,-4.390295870745053,-7.323236814537396,1,False,False
8355acfffffffff,-3.41163696858588,-5.310107922695842,1,False,False
8355adfffffffff,-4.516094331595069,-5.359222679062107,1,False,False
8355aefffffffff,-2.794895940394676,-6.274433339504714,1,False,False
835800fffffffff,-25.002955718707305,2.856121188178045,1,False,False
835801fffffffff,-25.708942685841368,3.743541864127573,1,False,False
835802fffffffff,-25.379732977295465,1.7938544149840567,1,False,False
835803fffffffff,-26.08938506621328,2.666498045746354,1,False,False
835804fffffffff,-23.913463322623368,3.04289967096209,1,False,False
835805fffffffff,-24.61360803850786,3.9255871954678825,1,False,False
835806fffffffff,-24.29914196053852,1.9878964043325893,1,False,False
835808fffffffff,-27.51308487080368,4.470600388299968,1,False,False
835809fffffffff,-28.22550125460335,5.402460573164099,1,False,False
83580afffffffff,-27.88827884648393,3.3709236154037243,1,False,False
83580bfffffffff,-28.60506949149172,4.287984648544621,1,False,False
83580cfffffffff,-26.41632733000501,4.650362118326457,1,False,False
83580dfffffffff,-27.12429674124391,5.576755762087972,1,False,False
83580efffffffff,-26.80076819336987,3.5586747312574016,1,False,False
835810fffffffff,-25.03373851195601,-0.098676416462516,1,False,False
835811fffffffff,-25.74392017963945,0.7394368899335957,1,False,False
835812fffffffff,-25.38266849403424,-1.1290569786461546,1,False,False
835813fffffffff,-26.09553529101631,-0.3065121838984111,1,False,False
835814fffffffff,-23.96861798478225,0.1061714214204872,1,False,False
835815fffffffff,-24.67257096925765,0.9405010204042756,1,False,False
835816fffffffff,-24.32706036496285,-0.9177482783484248,1,False,False
835818fffffffff,-27.529878412602155,1.3969477737180307,1,False,False
835819fffffffff,-28.249870081559948,2.2784712131690243,1,False,False
83581afffffffff,-27.874590859808773,0.3282822327089615,1,False,False
83581bfffffffff,-28.597891446604702,1.1939582022401765,1,False,False
83581cfffffffff,-26.45690485128525,1.5968920929088772,1,False,False
83581dfffffffff,-27.171951269758864,2.473969008643173,1,False,False
83581efffffffff,-26.811512700505897,0.535384567537213,1,False,False
835820fffffffff,-22.41570366566184,4.2814529499328176,1,False,False
835821fffffffff,-23.105594615229588,5.173143970762887,1,False,False
835822fffffffff,-22.82172046115293,3.226893147502092,1,False,False
835823fffffffff,-23.51558456869889,4.104871250845784,1,False,False
835824fffffffff,-21.314804135266108,4.455389654930205,1,False,False
835825fffffffff,-21.99799231933522,5.342101968088133,1,False,False
835826fffffffff,-21.7285487075395,3.408159735280537,1,False,False
835828fffffffff,-24.909447093423903,5.917152009079681,1,False,False
835829fffffffff,-25.60787439113957,6.851726548455214,1,False,False
83582afffffffff,-25.315606582963728,4.827332768256475,1,False,False
83582bfffffffff,-26.018668357758603,5.748299020524672,1,False,False
83582cfffffffff,-23.797479358807475,6.083374656409558,1,False,False
83582dfffffffff,-24.49057768970848,7.01225539514612,1,False,False
83582efffffffff,-24.21174911102616,5.001573541744114,1,False,False
835830fffffffff,-22.52170458870316,1.3339045120488595,1,False,False
835831fffffffff,-23.21592474049809,2.179078178302193,1,False,False
835832fffffffff,-22.900938306296936,0.3080901776221177,1,False,False
835833fffffffff,-23.59823765928789,1.138637276506406,1,False,False
835834fffffffff,-21.44376454984022,1.5263601553817032,1,False,False
835835fffffffff,-22.13088469120277,2.367458349802702,1,False,False
835836fffffffff,-21.831473869502474,0.5071373201958611,1,False,False
835840fffffffff,-29.944599981801368,9.480296732651444,1,False,False
835841fffffffff,-29.998855048648096,9.311420090858308,1,False,False
835842fffffffff,-30.354521216581904,8.318971395753666,1,False,False
835843fffffffff,-30.361694254403613,8.121698131487033,1,False,False
835844fffffffff,-28.82452925551337,9.626405058604588,1,False,False
835845fffffffff,-29.51988462801408,10.644646283676922,1,False,False
835846fffffffff,-29.24307636115768,8.474593136975678,1,False,False
835848fffffffff,-31.846862414341665,10.1043722372067,1,False,False
835849fffffffff,-32.581870462312416,11.125354935152195,1,False,False
83584afffffffff,-32.20638866888472,8.89138637602561,1,False,False
83584bfffffffff,-32.94778817279822,9.898968775451085,1,False,False
83584cfffffffff,-30.737783280550435,10.306338479153265,1,False,False
83584dfffffffff,-31.47189253180658,11.32059633925846,1,False,False
83584efffffffff,-31.106470446434244,9.10314466942406,1,False,False
835850fffffffff,-30.036594145965992,6.183182955815695,1,False,False
835851fffffffff,-30.749527054632853,7.161608236705336,1,False,False
835852fffffffff,-30.411412895511983,5.045358748220894,1,False,False
835853fffffffff,-31.12954829865309,6.009125917144805,1,False,False
835854fffffffff,-28.93714967895689,6.354406859033894,1,False,False
835855fffffffff,-29.64713163860853,7.326553069723242,1,False,False
835856fffffffff,-29.321469877576284,5.2253500026457775,1,False,False
835858fffffffff,-31.798488917182656,6.709935406393954,1,False,False
835859fffffffff,-32.55040395612581,7.6827078502199155,1,False,False
83585afffffffff,-32.121780100339855,5.521941451201891,1,False,False
83585bfffffffff,-32.87889538695714,6.479382867227683,1,False,False
83585cfffffffff,-30.7097802469547,6.936784284166532,1,False,False
83585dfffffffff,-31.460054355366147,7.904002353225554,1,False,False
83585efffffffff,-31.043085796806974,5.757656037590293,1,False,False
835860fffffffff,-27.258309005680943,10.91520580979858,1,False,False
835861fffffffff,-27.36969048524706,10.892408944710926,1,False,False
835862fffffffff,-27.6989879199274,9.77007410782084,1,False,False
835863fffffffff,-28.391642801967844,10.781072649431692,1,False,False
835864fffffffff,-26.12075964894855,11.047101669089608,1,False,False
835865fffffffff,-26.23620984783545,11.081409988443342,1,False,False
835866fffffffff,-26.56883160846039,9.911362697897248,1,False,False
835868fffffffff,-29.22928608259986,11.701260755621758,1,False,False
835869fffffffff,-29.95555491821717,12.720684410372266,1,False,False
83586afffffffff,-29.621341563412983,10.504948167637531,1,False,False
83586bfffffffff,-30.35409292780005,11.51253870768573,1,False,False
83586cfffffffff,-28.09831743634252,11.886838858605133,1,False,False
83586dfffffffff,-28.82287543657258,12.899321781533729,1,False,False
83586efffffffff,-28.49836007422238,10.700279632697182,1,False,False
835870fffffffff,-27.424641157422773,7.648377031986836,1,False,False
835871fffffffff,-28.125801238267524,8.627636539140322,1,False,False
835872fffffffff,-27.832002983397004,6.522863256057477,1,False,False
835873fffffffff,-28.53856589818008,7.488788103350853,1,False,False
835874fffffffff,-26.306192165056054,7.805381653411771,1,False,False
835875fffffffff,-27.00352973658545,8.778163022019442,1,False,False
835876fffffffff,-26.72196663213283,6.688615863102737,1,False,False
835880fffffffff,-27.3778268580631,-4.394402368717006,1,False,False
835881fffffffff,-28.10229680903492,-3.6176088265477016,1,False,False
835882fffffffff,-27.66801040475967,-5.389898595972602,1,False,False
835883fffffffff,-28.39372963796088,-4.629893558222285,1,False,False
835884fffffffff,-26.3567632182296,-4.162121773680783,1,False,False
835885fffffffff,-27.07564595750755,-3.387851369364556,1,False,False
835886fffffffff,-26.65762074801107,-5.152190053566504,1,False,False
835888fffffffff,-29.85624998542221,-3.051597163147063,1,False,False
835889fffffffff,-30.59169845291057,-2.2324264977760446,1,False,False
83588bfffffffff,-30.875440784934806,-3.2851435419223294,1,False,False
83588cfffffffff,-28.830392866077155,-2.82138184063826,1,False,False
83588dfffffffff,-29.561436191621272,-2.0053022019590325,1,False,False
83588efffffffff,-29.12336152229426,-3.8506076255428416,1,False,False
835890fffffffff,-27.224548599104388,-7.098394115831076,1,False,False
835891fffffffff,-27.94639142278226,-6.3739302638694815,1,False,False
835894fffffffff,-26.230729201035963,-6.853865666034446,1,False,False
835895fffffffff,-26.94681893029448,-6.131071847544939,1,False,False
835896fffffffff,-26.508037543978148,-7.804699740910026,1,False,False
8358a0fffffffff,-25.008277640031,-2.9378219984479115,1,False,False
8358a1fffffffff,-25.71941846007937,-2.1500942325504853,1,False,False
8358a2fffffffff,-25.331203282630387,-3.9329940410082216,1,False,False
8358a3fffffffff,-26.04407735964152,-3.1612753209482616,1,False,False
8358a4fffffffff,-23.968949156553567,-2.717433945391042,1,False,False
8358a5fffffffff,-24.67359341248735,-1.9325819398295576,1,False,False
8358a6fffffffff,-24.301828042619327,-3.706962591768949,1,False,False
8358a8fffffffff,-27.48221983761424,-1.5608554853522218,1,False,False
8358a9fffffffff,-28.20616688802537,-0.731390007848106,1,False,False
8358aafffffffff,-27.79851795849964,-2.5944340898318323,1,False,False
8358abfffffffff,-28.52471931130649,-1.7814666077001702,1,False,False
8358acfffffffff,-26.434631745584284,-1.3434060599660866,1,False,False
8358adfffffffff,-27.153256659096503,-0.5173961434341398,1,False,False
8358aefffffffff,-26.76129616387537,-2.3706918053143053,1,False,False
8358b0fffffffff,-24.93339691988224,-5.65487665893805,1,False,False
8358b1fffffffff,-25.64248804113778,-4.9176573847058895,1,False,False
8358b2fffffffff,-25.232343787288,-6.612485726754688,1,False,False
8358b3fffffffff,-25.942274778862974,-5.891405411022826,1,False,False
8358b4fffffffff,-23.920838603646533,-5.42143228041816,1,False,False
8358b5fffffffff,-24.623271774992123,-4.68624506964381,1,False,False
8358b6fffffffff,-24.23002464346251,-6.37420228222929,1,False,False
8358c0fffffffff,-31.41255220084916,1.0273868389080176,1,False,False
8358c1fffffffff,-32.17709936140043,1.9024339030045088,1,False,False
8358c2fffffffff,-31.68100319285993,-0.0877339767535637,1,False,False
8358c3fffffffff,-32.44835772813663,0.769815838221957,1,False,False
8358c4fffffffff,-31.448202883624084,1.6735111822479931,1,False,False
8358c5fffffffff,-31.13021678518433,2.152781411569679,1,False,False
8358c6fffffffff,-30.6479496264803,0.1729380057455385,1,False,False
8358c8fffffffff,-33.980671265959884,2.54810506214629,1,False,False
8358c9fffffffff,-34.74382735363157,3.469516677688841,1,False,False
8358cafffffffff,-34.24392349726599,1.390341942762405,1,False,False
8358cbfffffffff,-35.01080090758223,2.293927049071463,1,False,False
8358ccfffffffff,-32.940714347248125,2.798409941604789,1,False,False
8358cdfffffffff,-33.702490426893284,3.7156207549182296,1,False,False
8358cefffffffff,-33.215209483939404,1.648312662783179,1,False,False
8358d0fffffffff,-31.1667967646184,-2.0110801416722026,1,False,False
8358d1fffffffff,-31.935790351220408,-1.19188835784078,1,False,False
8358d3fffffffff,-32.17716448766884,-2.284429723832226,1,False,False
8358d4fffffffff,-31.328970639252223,-1.3926706774714768,1,False,False
8358d5fffffffff,-30.91400175157543,-0.9247064745252578,1,False,False
8358d6fffffffff,-31.614858269788066,-2.462905212555532,1,False,False
8358d8fffffffff,-33.72094471409727,-0.6204958747788996,1,False,False
8358d9fffffffff,-34.472280901810514,0.2091756387031714,1,False,False
8358dafffffffff,-33.864572161346096,-1.8893090273055304,1,False,False
8358dbfffffffff,-34.626545484652624,-1.0757453645302029,1,False,False
8358dcfffffffff,-32.7055371649171,-0.3521881368554952,1,False,False
8358ddfffffffff,-33.475203574686475,0.5084259321218104,1,False,False
8358defffffffff,-32.9488879791038,-1.4628786035140715,1,False,False
8358e0fffffffff,-30.04722576186586,2.9865121182643044,1,False,False
8358e1fffffffff,-30.77158490301684,3.913930452470916,1,False,False
8358e2fffffffff,-30.388726696982413,1.8783094568808496,1,False,False
8358e3fffffffff,-31.117152917898103,2.7897186219695804,1,False,False
8358e4fffffffff,-28.97068690217717,3.180224627629021,1,False,False
8358e5fffffffff,-29.691491607076177,4.102450187279152,1,False,False
8358e6fffffffff,-29.322376288728663,2.079940118508872,1,False,False
8358e8fffffffff,-31.665492521890304,3.420516608810421,1,False,False
8358e9fffffffff,-32.429983619204016,4.34098713574337,1,False,False
8358eafffffffff,-31.89154422809026,3.04492020629786,1,False,False
8358ebfffffffff,-32.65150493043298,3.957916951498885,1,False,False
8358ecfffffffff,-31.494565992468697,4.86241959344262,1,False,False
8358edfffffffff,-31.36163332924248,4.585261787692496,1,False,False
8358eefffffffff,-31.84460922792012,3.722356991742366,1,False,False
8358f0fffffffff,-29.98426586828105,-0.0953275126132876,1,False,False
8358f1fffffffff,-30.71608966962351,0.7785820573077927,1,False,False
8358f2fffffffff,-30.29470750503785,-1.168961771726419,1,False,False
8358f3fffffffff,-31.02944809144892,-0.3119664444601256,1,False,False
8358f4fffffffff,-28.9324149135156,0.1180665218791827,1,False,False
8358f5fffffffff,-29.660201698629287,0.9878584876290802,1,False,False
8358f6fffffffff,-29.25354901897812,-0.9485569763949676,1,False,False
835900fffffffff,-17.35811598674816,4.107068239900028,1,False,False
835901fffffffff,-18.0144142953959,4.9618810399940765,1,False,False
835902fffffffff,-17.788733830975325,3.0940849061145865,1,False,False
835903fffffffff,-18.44873472202635,3.936157224803608,1,False,False
835904fffffffff,-16.270183842350516,4.275521423044074,1,False,False
835905fffffffff,-16.91784515404641,5.1257818520702845,1,False,False
835906fffffffff,-16.70675069169043,3.2692864458732376,1,False,False
835908fffffffff,-19.78186593447008,5.672404525413286,1,False,False
835909fffffffff,-20.45371369544224,6.56683503045946,1,False,False
83590afffffffff,-20.21372846020077,4.626737217472151,1,False,False
83590bfffffffff,-20.88979716397328,5.508503878021524,1,False,False
83590cfffffffff,-18.675053366324303,5.833857263037195,1,False,False
83590dfffffffff,-19.33939981866791,6.723102895626991,1,False,False
83590efffffffff,-19.11331901740897,4.795550024049257,1,False,False
835910fffffffff,-17.551415947825095,1.2757127142479847,1,False,False
835911fffffffff,-18.2094858389208,2.087411212487912,1,False,False
835912fffffffff,-17.95914404381223,0.2894466236577873,1,False,False
835913fffffffff,-18.62019431676369,1.0876037616279497,1,False,False
835914fffffffff,-16.484756474166016,1.4612178666567934,1,False,False
835915fffffffff,-17.13389541084461,2.269167550861589,1,False,False
835916fffffffff,-16.899257817583745,0.4810414122653114,1,False,False
835918fffffffff,-19.95858099705548,2.736041062626825,1,False,False
835919fffffffff,-20.6347750266658,3.586756060230446,1,False,False
83591afffffffff,-20.36521540022105,1.7160602467790484,1,False,False
83591bfffffffff,-21.044832171432155,2.5530940687870296,1,False,False
83591cfffffffff,-18.872944873978188,2.916353675400751,1,False,False
83591dfffffffff,-19.541228115355786,3.762737299809025,1,False,False
83591efffffffff,-19.28685661807881,1.9030594749217111,1,False,False
835920fffffffff,-14.734977098435872,5.4464925649154665,1,False,False
835921fffffffff,-15.369763421411434,6.304040414564737,1,False,False
835922fffffffff,-15.185737515940104,4.441566563626565,1,False,False
835923fffffffff,-15.824431168695211,5.287302709706546,1,False,False
835924fffffffff,-13.650269516093044,5.603399110937367,1,False,False
835925fffffffff,-14.275798004745129,6.456207169666616,1,False,False
835926fffffffff,-14.105560168144534,4.605252199522636,1,False,False
835928fffffffff,-17.116378212883337,7.02862497405672,1,False,False
835929fffffffff,-17.768441112328464,7.924364312890067,1,False,False
83592afffffffff,-17.570208272771424,5.992914017371964,1,False,False
83592bfffffffff,-18.226668785894383,6.87701599171356,1,False,False
83592cfffffffff,-16.009373817816307,7.177979121742578,1,False,False
83592dfffffffff,-16.653222580013615,8.068364773201802,1,False,False
83592efffffffff,-16.468169738403287,6.149625332841402,1,False,False
835930fffffffff,-14.991178323978158,2.625096191257422,1,False,False
835931fffffffff,-15.627787624275342,3.4420087140251434,1,False,False
835932fffffffff,-15.420979711933253,1.6441691002888457,1,False,False
835933fffffffff,-16.060869005940194,2.4483793339692324,1,False,False
835934fffffffff,-13.925579922736134,2.7993665698236563,1,False,False
835935fffffffff,-14.55262280556322,3.612300893300575,1,False,False
835936fffffffff,-14.360836319144896,1.824615140893019,1,False,False
835940fffffffff,-22.019815850112728,10.453826607586803,1,False,False
835941fffffffff,-22.691847541422764,11.429898559525707,1,False,False
835942fffffffff,-22.48185610395719,9.356264286902574,1,False,False
835943fffffffff,-23.15951827763868,10.321507031362724,1,False,False
835944fffffffff,-20.88000890515219,10.584033856568425,1,False,False
835945fffffffff,-21.54652442994175,11.553370142974227,1,False,False
835946fffffffff,-21.34775504012274,9.495064504970385,1,False,False
835948fffffffff,-23.958427635265053,11.450312308699878,1,False,False
835949fffffffff,-24.677287167392016,12.425439817834423,1,False,False
83594afffffffff,-24.979890461214453,11.17681437701389,1,False,False
83594bfffffffff,-25.09881681908581,11.267354534561546,1,False,False
83594cfffffffff,-23.36300457366875,12.42317154255212,1,False,False
83594dfffffffff,-23.530621389198927,12.599161842244676,1,False,False
83594efffffffff,-23.836612427221983,11.304396394981952,1,False,False
835950fffffffff,-22.24984239923912,7.325799338153502,1,False,False
835951fffffffff,-22.932323630274187,8.261480582924264,1,False,False
835952fffffffff,-22.683623263559973,6.247025215699373,1,False,False
835953fffffffff,-23.37094189048772,7.170260761287135,1,False,False
835954fffffffff,-21.128160657551994,7.478926206102163,1,False,False
835955fffffffff,-21.80446687421029,8.408730297120544,1,False,False
835956fffffffff,-21.56874475998168,6.408160319137622,1,False,False
835958fffffffff,-24.747440508231342,9.07190165299717,1,False,False
835959fffffffff,-25.43493679504533,10.050327829215302,1,False,False
83595afffffffff,-25.184073600978778,7.959861935365477,1,False,False
83595bfffffffff,-25.877117954071416,8.92623214072614,1,False,False
83595cfffffffff,-23.615386632897685,9.21522758373098,1,False,False
83595dfffffffff,-24.29819691339021,10.187024752136782,1,False,False
83595efffffffff,-24.059156356917143,8.111876079515397,1,False,False
835960fffffffff,-19.257924413104845,11.794411180778674,1,False,False
835961fffffffff,-19.9128381793645,12.766752197413997,1,False,False
835962fffffffff,-19.741016640355628,10.712177645744353,1,False,False
835963fffffffff,-20.40157389182613,11.674858911516738,1,False,False
835964fffffffff,-18.11649770779341,11.912071869029417,1,False,False
835965fffffffff,-18.765123452627705,12.877610671933004,1,False,False
835966fffffffff,-18.603753787692987,10.838305388492133,1,False,False
835968fffffffff,-21.233447235987374,12.93828642159952,1,False,False
835969fffffffff,-21.937699821805698,13.91056657591887,1,False,False
83596afffffffff,-22.21271700672488,12.53957687322446,1,False,False
83596bfffffffff,-22.382357762273383,12.770089403980498,1,False,False
83596cfffffffff,-20.084842965808217,13.103814976012778,1,False,False
83596dfffffffff,-20.784059995825228,14.069632258565072,1,False,False
83596efffffffff,-21.062348014968137,12.65408878104958,1,False,False
835970fffffffff,-19.549263430338467,8.696376874750097,1,False,False
835971fffffffff,-20.21399162756432,9.631679425885524,1,False,False
835972fffffffff,-20.006780064252123,7.629694888408829,1,False,False
835973fffffffff,-20.676481650064147,8.553678484870836,1,False,False
835974fffffffff,-18.42370340155061,8.836875713600506,1,False,False
835975fffffffff,-19.08147181888385,9.766158737808611,1,False,False
835976fffffffff,-18.88658187277996,7.7781574031046,1,False,False
835980fffffffff,-20.160225326396034,-2.8327072944869456,1,False,False
835981fffffffff,-20.8369940289865,-2.0741047365071217,1,False,False
835982fffffffff,-20.51922140288234,-3.790725714738324,1,False,False
835983fffffffff,-21.197813441431368,-3.0468970341253065,1,False,False
835984fffffffff,-19.12238158004841,-2.6213475427707427,1,False,False
835985fffffffff,-19.790793191398347,-1.8654268965370653,1,False,False
835986fffffffff,-19.489903883587345,-3.574118903191973,1,False,False
835988fffffffff,-22.57300734464713,-1.5065819152763922,1,False,False
835989fffffffff,-23.268551631259577,-0.7094213541458892,1,False,False
83598afffffffff,-22.92680734451094,-2.500054907957856,1,False,False
83598bfffffffff,-23.624544509210192,-1.7180967904645563,1,False,False
83598cfffffffff,-21.51972667806198,-1.2979816853898392,1,False,False
83598dfffffffff,-22.20789757919504,-0.5040189279825513,1,False,False
83598efffffffff,-21.88257792854052,-2.2856298113815745,1,False,False
835990fffffffff,-20.194484523431047,-5.451024336405146,1,False,False
835991fffffffff,-20.867793059912657,-4.739086772263288,1,False,False
835992fffffffff,-20.53159339485144,-6.374457642222093,1,False,False
835993fffffffff,-21.20597828439099,-5.677424161505134,1,False,False
835994fffffffff,-19.18237527773536,-5.227474185105431,1,False,False
835995fffffffff,-19.8472672878662,-4.517466012081283,1,False,False
835996fffffffff,-19.52840257072693,-6.146376256077709,1,False,False
835998fffffffff,-22.57529739113742,-4.232564706628811,1,False,False
835999fffffffff,-23.269332419812542,-3.483971980276931,1,False,False
83599afffffffff,-22.90526604664626,-5.1910199362005205,1,False,False
83599bfffffffff,-23.60064610952384,-4.457898648852075,1,False,False
83599cfffffffff,-21.547921550188267,-4.010190854540254,1,False,False
83599dfffffffff,-22.23442263131092,-3.26396787411094,1,False,False
83599efffffffff,-21.88735597410773,-4.963588245441486,1,False,False
8359a0fffffffff,-17.699494891133856,-1.4564072978999407,1,False,False
8359a1fffffffff,-18.35694452470188,-0.6891306216404353,1,False,False
8359a2fffffffff,-18.085005389773777,-2.4127677001433416,1,False,False
8359a3fffffffff,-18.74471436928349,-1.65954461399082,1,False,False
8359a4fffffffff,-16.6558674430471,-1.2559654212599525,1,False,False
8359a5fffffffff,-17.304213293441407,-0.4916565575379153,1,False,False
8359a6fffffffff,-17.04881691236417,-2.2069187016612464,1,False,False
8359a8fffffffff,-20.08321108641931,-0.1017649079866874,1,False,False
8359a9fffffffff,-20.76100562067734,0.7033689715289977,1,False,False
8359aafffffffff,-20.465453396244765,-1.0922416853657742,1,False,False
8359abfffffffff,-21.145861414918247,-0.3014850179335879,1,False,False
8359acfffffffff,-19.02071605406364,0.0951948816434381,1,False,False
8359adfffffffff,-19.690317745111365,0.8968399417840676,1,False,False
8359aefffffffff,-19.41094141115547,-0.8893086866904888,1,False,False
8359b0fffffffff,-17.806097476214333,-4.0826731855704255,1,False,False
8359b1fffffffff,-18.46067723484845,-3.360321012867225,1,False,False
8359b2fffffffff,-18.196776284373737,-5.04971835805874,1,False,False
8359b3fffffffff,-18.82647125970561,-4.298677377750862,1,False,False
8359b4fffffffff,-16.88208372264062,-4.031245716725678,1,False,False
8359b5fffffffff,-17.432248183186537,-3.14928359688781,1,False,False
8359b6fffffffff,-17.28086487742549,-5.001771201955935,1,False,False
835e25fffffffff,-10.6119669925544,-20.41146514032648,1,False,False
835e34fffffffff,-11.942893094969197,-16.818098062139377,1,False,False
835e35fffffffff,-11.107710179015124,-17.508715678587173,1,False,False
835f00fffffffff,-15.333943604550669,-20.487583092184494,1,False,False
835f01fffffffff,-14.464237599707918,-21.15827803547701,1,False,False
835f02fffffffff,-15.178656697929958,-19.3302599608154,1,False,False
835f03fffffffff,-14.310879449886793,-20.01330096457837,1,False,False
835f04fffffffff,-16.36162571996008,-20.969183379371124,1,False,False
835f05fffffffff,-15.482458215076328,-21.64023822327742,1,False,False
835f06fffffffff,-16.21120817361137,-19.80378106088961,1,False,False
835f08fffffffff,-12.599540099370095,-21.340975779058763,1,False,False
835f09fffffffff,-11.757188299969457,-21.98597953383009,1,False,False
835f0afffffffff,-12.443439034003973,-20.21574647749541,1,False,False
835f0bfffffffff,-11.602365733145849,-20.87280688563673,1,False,False
835f0cfffffffff,-13.602747409299935,-21.81606057774912,1,False,False
835f0dfffffffff,-12.75008199168395,-22.46113160031265,1,False,False
835f0efffffffff,-13.450964174824389,-20.683479005259787,1,False,False
835f10fffffffff,-15.88896108303778,-17.461342360823732,1,False,False
835f11fffffffff,-15.016692641907758,-18.169189785381967,1,False,False
835f12fffffffff,-15.717363874886182,-16.28623515695543,1,False,False
835f13fffffffff,-14.848171705761716,-17.005311785239723,1,False,False
835f14fffffffff,-16.93504292168551,-17.92490130948063,1,False,False
835f15fffffffff,-16.05361904975577,-18.634181883669136,1,False,False
835f16fffffffff,-16.767291567332457,-16.740418601394563,1,False,False
835f18fffffffff,-13.129740433389657,-18.40520058537844,1,False,False
835f19fffffffff,-12.281879954589144,-19.08628237657732,1,False,False
835f1afffffffff,-12.960533962631764,-17.261265718418226,1,False,False
835f1bfffffffff,-12.114984219786058,-17.95344162701574,1,False,False
835f1cfffffffff,-14.15122713429474,-18.86410319594497,1,False,False
835f1dfffffffff,-13.293259792544132,-19.5462349827748,1,False,False
835f1efffffffff,-13.985393152463145,-17.711590365393686,1,False,False
835f28fffffffff,-14.751738559980192,-23.432051976925788,1,False,False
835f29fffffffff,-13.888234819285428,-24.063860124200545,1,False,False
835f2afffffffff,-14.61121252414542,-22.298148875888685,1,False,False
835f2bfffffffff,-13.748525153698765,-22.943129313513225,1,False,False
835f2dfffffffff,-14.88577317577295,-24.55915349715993,1,False,False
835f2efffffffff,-15.624130508073264,-22.7873269020304,1,False,False
835f32fffffffff,-17.985547185242645,-18.39611439444071,1,False,False
835f33fffffffff,-17.095326466348407,-19.106684509650844,1,False,False
835f40fffffffff,-9.438151120677295,-24.91848144275981,1,False,False
835f41fffffffff,-8.637053853061724,-25.503159466352688,1,False,False
835f42fffffffff,-9.289655268058302,-23.847993557387817,1,False,False
835f43fffffffff,-8.488443924505386,-24.445006212547057,1,False,False
835f44fffffffff,-10.394383139172811,-25.39817676436552,1,False,False
835f45fffffffff,-9.582332893229667,-25.981852006996256,1,False,False
835f46fffffffff,-10.250396097938788,-24.32215698347025,1,False,False
835f48fffffffff,-6.920113859791951,-25.604785503083978,1,False,False
835f49fffffffff,-6.153555876229254,-26.16797209397681,1,False,False
835f4afffffffff,-6.767276638801179,-24.563923250299737,1,False,False
835f4bfffffffff,-6.0002885721723285,-25.139029071393374,1,False,False
835f4cfffffffff,-7.847429658840828,-26.076410686300235,1,False,False
835f4dfffffffff,-7.069560472201176,-26.638455387935444,1,False,False
835f4efffffffff,-7.698496270072019,-25.03053371448512,1,False,False
835f50fffffffff,-9.948625745469965,-22.150284656612133,1,False,False
835f51fffffffff,-9.13692208307939,-22.771071047091528,1,False,False
835f52fffffffff,-9.791011761460384,-21.05588767386064,1,False,False
835f53fffffffff,-8.980043355916747,-21.68842300203668,1,False,False
835f54fffffffff,-10.924441591303692,-22.618684100834987,1,False,False
835f55fffffffff,-10.101784782277662,-23.239287991452915,1,False,False
835f56fffffffff,-10.770592900981011,-21.51759228026513,1,False,False
835f58fffffffff,-7.389745340177374,-22.918540326627685,1,False,False
835f59fffffffff,-6.611141506380038,-23.51648707998087,1,False,False
835f5cfffffffff,-8.335893069032007,-23.38014269565243,1,False,False
835f5dfffffffff,-7.545904212084835,-23.977694290048102,1,False,False
835f5efffffffff,-8.179492806240798,-22.30924705888968,1,False,False
835f60fffffffff,-11.490434075174658,-26.957632997517443,1,False,False
835f61fffffffff,-10.668258585198055,-27.52695299817604,1,False,False
835f62fffffffff,-11.3564658606606,-25.88414697451289,1,False,False
835f63fffffffff,-10.533685478918844,-26.46666078012133,1,False,False
835f64fffffffff,-12.451873597823,-27.45481345821021,1,False,False
835f65fffffffff,-11.619325286192328,-28.02249619898604,1,False,False
835f66fffffffff,-12.323695683162832,-26.37644470168836,1,False,False
835f68fffffffff,-8.922154558271941,-27.596758651203523,1,False,False
835f69fffffffff,-7.985124100288528,-28.10674485188454,1,False,False
835f6afffffffff,-8.781645289317865,-26.55395111991616,1,False,False
835f6bfffffffff,-7.9926254770723855,-27.1147043694918,1,False,False
835f6cfffffffff,-9.824353639876907,-28.07490628997626,1,False,False
835f6dfffffffff,-8.882662836680717,-28.588712508633368,1,False,False
835f6efffffffff,-9.72213879922961,-27.03745118903007,1,False,False
835f70fffffffff,-12.051127507921896,-24.195178435272013,1,False,False
835f71fffffffff,-11.217446471632694,-24.802695327161537,1,False,False
835f72fffffffff,-11.906801721340509,-23.09369718927677,1,False,False
835f73fffffffff,-11.073418479614746,-23.71396771569489,1,False,False
835f74fffffffff,-13.0341850092716,-24.68298656974901,1,False,False
835f75fffffffff,-12.190105916757195,-25.28966904188556,1,False,False
835f76fffffffff,-12.894983848395247,-23.57539829658719,1,False,False
835fa1fffffffff,-15.538983555093113,-15.109844319864834,1,False,False
835fa4fffffffff,-17.471919888807808,-14.809227123225106,1,False,False
835fa5fffffffff,-16.5922130149668,-15.55424217780435,1,False,False
835fa9fffffffff,-12.785789591324516,-16.11533405210357,1,False,False
835facfffffffff,-14.67323902813599,-15.839578981698216,1,False,False
835fadfffffffff,-13.813513258021803,-16.556684054821403,1,False,False
836002fffffffff,-62.17253976789318,33.94779850011419,1,False,False
836004fffffffff,-63.32620556233,30.636619066447352,1,False,False
836006fffffffff,-63.15999718301565,33.06925562339083,1,False,False
836010fffffffff,-62.70361200382724,37.84935709043207,1,False,False
836011fffffffff,-61.95105392081884,36.25798238059639,1,False,False
836012fffffffff,-62.41545659123784,40.18164978141198,1,False,False
836013fffffffff,-61.69118672937284,38.53457781596999,1,False,False
836014fffffffff,-63.72352985068829,37.10727735620735,1,False,False
836015fffffffff,-62.95217544984207,35.476143573140696,1,False,False
836016fffffffff,-63.44572892452621,39.54295241508272,1,False,False
836018fffffffff,-60.215177600013135,35.51863273290866,1,False,False
83601afffffffff,-59.97096286355509,37.65469487489662,1,False,False
83601cfffffffff,-61.19054894216279,34.76208945421722,1,False,False
83601efffffffff,-60.95697908499109,36.98218662699941,1,False,False
836022fffffffff,-64.29997660057494,29.583929826493883,1,False,False
836024fffffffff,-65.35584018463925,25.788177827672765,1,False,False
836026fffffffff,-65.27440793030873,28.44381605096577,1,False,False
836030fffffffff,-64.97086776838836,33.711156418891015,1,False,False
836031fffffffff,-64.15162610198408,32.11901031768287,1,False,False
836032fffffffff,-64.74982834198187,36.30123816877112,1,False,False
836033fffffffff,-63.95920626669911,34.62983419662331,1,False,False
836034fffffffff,-65.98572095848799,32.710952375448244,1,False,False
836035fffffffff,-65.14597086492176,31.088504027073164,1,False,False
836036fffffffff,-65.78125771307407,35.4229627718563,1,False,False
836080fffffffff,-60.294067671827854,47.19017913363776,1,False,False
836081fffffffff,-59.67345319596921,45.478750239763286,1,False,False
836082fffffffff,-59.86350024277104,49.219205127913305,1,False,False
836083fffffffff,-59.27230213897955,47.48440428153927,1,False,False
836084fffffffff,-61.32848561451686,46.87274212587304,1,False,False
836085fffffffff,-60.693895562243966,45.10354063135272,1,False,False
836086fffffffff,-60.89795524579299,48.98550437711252,1,False,False
836088fffffffff,-58.0451044353896,44.2453029754231,1,False,False
836089fffffffff,-57.41346320904214,42.73574506945344,1,False,False
83608afffffffff,-57.670301529585466,46.1518370874291,1,False,False
83608bfffffffff,-57.0643196715669,44.615732285835016,1,False,False
83608cfffffffff,-59.03852226942046,43.84831747993282,1,False,False
83608dfffffffff,-58.39154168916509,42.295723133318376,1,False,False
83608efffffffff,-58.66542229522501,45.827273731171545,1,False,False
836090fffffffff,-59.94670561511048,53.01570987184317,1,False,False
836091fffffffff,-59.40412930574308,51.18809899777921,1,False,False
836092fffffffff,-59.430298445164006,54.92973892070767,1,False,False
836093fffffffff,-58.917955975419055,53.0950547393096,1,False,False
836094fffffffff,-60.98927667386628,52.93010656108168,1,False,False
836095fffffffff,-60.4366507761171,51.03385741672667,1,False,False
836096fffffffff,-60.46769378965772,54.91984013663084,1,False,False
836098fffffffff,-57.83493588767685,49.63760941470315,1,False,False
836099fffffffff,-57.26861890904884,48.012658659834905,1,False,False
83609afffffffff,-57.3809227855402,51.46462107779435,1,False,False
83609bfffffffff,-56.84162256269374,49.825611830769375,1,False,False
83609cfffffffff,-58.84235241825415,49.43598410589399,1,False,False
83609dfffffffff,-58.26367613706636,47.75785978815428,1,False,False
83609efffffffff,-58.3854286230157,51.33130636684114,1,False,False
8360a0fffffffff,-62.76968855893171,44.25995016116786,1,False,False
8360a1fffffffff,-62.089108744856446,42.46656218314168,1,False,False
8360a2fffffffff,-62.375007815091045,46.52925564939984,1,False,False
8360a3fffffffff,-61.72618533756605,44.69849412207664,1,False,False
8360a4fffffffff,-63.82369614967476,43.78363254828096,1,False,False
8360a5fffffffff,-63.12722415060193,41.92935226293311,1,False,False
8360a6fffffffff,-63.43302162456982,46.156404045408834,1,False,False
8360a8fffffffff,-60.38249220567065,41.31723057547104,1,False,False
8360a9fffffffff,-59.692663929219,39.75809266876541,1,False,False
8360aafffffffff,-60.04406184435146,43.42185647257807,1,False,False
8360abfffffffff,-59.38141683320839,41.82404254234163,1,False,False
8360acfffffffff,-61.39409252733255,40.77129943948827,1,False,False
8360adfffffffff,-60.68724385130045,39.16905798379332,1,False,False
8360aefffffffff,-61.0611424839417,42.962563616108426,1,False,False
8360b0fffffffff,-62.5414094160758,50.68675599301895,1,False,False
8360b1fffffffff,-61.94523893049864,48.73282878331728,1,False,False
8360b2fffffffff,-62.04523837106425,52.8374743712891,1,False,False
8360b3fffffffff,-61.48256917643079,50.86725775404617,1,False,False
8360b4fffffffff,-63.61264386748524,50.49054033296995,1,False,False
8360b5fffffffff,-63.00481620316064,48.45878077297516,1,False,False
8360b6fffffffff,-63.11411101790091,52.73691107831946,1,False,False
8360d0fffffffff,-55.82231222253928,41.743526355850186,1,False,False
8360d2fffffffff,-55.49472386107397,43.53258941374301,1,False,False
8360d3fffffffff,-54.88459162481617,42.163864609722594,1,False,False
8360d4fffffffff,-56.77248048354741,41.2956959918894,1,False,False
8360d6fffffffff,-56.4477051209621,43.14714513425052,1,False,False
8360f2fffffffff,-57.73463100037549,40.81764567046314,1,False,False
8360f4fffffffff,-58.99390470769838,38.2806847223771,1,False,False
8360f6fffffffff,-58.70822889421742,40.30628352331487,1,False,False
836102fffffffff,-66.62031706346986,21.53412639159768,1,False,False
836111fffffffff,-66.81273873649522,24.35812472359652,1,False,False
836113fffffffff,-66.95450891554069,27.23220031266833,1,False,False
836115fffffffff,-67.66479448399839,22.441005773494595,1,False,False
836119fffffffff,-66.24765788952493,27.20594129756912,1,False,False
83611bfffffffff,-66.1413929449985,29.967879257956472,1,False,False
83611cfffffffff,-65.78703898738922,23.396773909355307,1,False,False
83611efffffffff,-65.94462041646185,26.13411763277472,1,False,False
836188fffffffff,-65.23050527514613,40.70939434238658,1,False,False
836189fffffffff,-64.48394978224637,38.849002555179744,1,False,False
83618afffffffff,-64.88741774626261,43.26451648134664,1,False,False
83618bfffffffff,-64.17466377725218,41.34568321495318,1,False,False
83618cfffffffff,-66.2937177539232,40.01321447609632,1,False,False
83618dfffffffff,-65.5290429139073,38.09253918371719,1,False,False
83618efffffffff,-65.9599741682056,42.696660272826776,1,False,False
836198fffffffff,-65.15841398187011,47.834784115892255,1,False,False
836199fffffffff,-64.50184595606402,45.7502895194196,1,False,False
83619afffffffff,-64.69569116175987,50.27647065573756,1,False,False
83619bfffffffff,-64.07609304809401,48.16054323721517,1,False,False
83619efffffffff,-65.78991502970383,50.0420008415178,1,False,False
8361a9fffffffff,-66.81641082175764,34.46275927501382,1,False,False
8361abfffffffff,-66.57980034569404,37.26501999002291,1,False,False
8361adfffffffff,-66.05327322715422,28.90991606854152,1,False,False
836322fffffffff,-45.07465713756779,52.83535394936917,1,False,False
836324fffffffff,-43.80903099385712,54.06854816852588,1,False,False
836326fffffffff,-44.16519602689877,52.85758175988978,1,False,False
836330fffffffff,-44.824130417975695,50.44742752415381,1,False,False
836331fffffffff,-45.40319164007238,51.618854282898766,1,False,False
836332fffffffff,-45.40317342132238,49.29722062230457,1,False,False
836334fffffffff,-43.9197549792588,50.48717596120755,1,False,False
836335fffffffff,-44.50349297407252,51.65019126672439,1,False,False
836336fffffffff,-44.44705744540192,49.33655808383618,1,False,False
836382fffffffff,-47.63455691695565,50.28777172324076,1,False,False
836386fffffffff,-46.73501613711734,50.11294542264491,1,False,False
836390fffffffff,-48.08217275328682,47.89384251637964,1,False,False
836391fffffffff,-48.31337445545693,49.26987842473332,1,False,False
836392fffffffff,-48.763529751170246,47.064651146165424,1,False,False
836393fffffffff,-49.002529094343565,48.47310703088748,1,False,False
836394fffffffff,-47.17459384141402,47.73894449973267,1,False,False
836395fffffffff,-47.41352850627164,49.01827447927118,1,False,False
836396fffffffff,-47.83578392772953,46.59372139273652,1,False,False
83639cfffffffff,-48.525499060009686,50.6409838826298,1,False,False
83639efffffffff,-49.22164383721358,49.87735867421518,1,False,False
8363b2fffffffff,-46.252963449241264,47.58700816472447,1,False,False
8363b3fffffffff,-46.50291454859808,48.85472346733874,1,False,False
8364b6fffffffff,-21.94357161369946,164.65845359124137,1,False,False
8364f4fffffffff,-44.56617781661078,127.08767164440724,1,False,False
836640fffffffff,-9.665653832491293,-32.17600243483657,1,False,False
836641fffffffff,-10.636839469039012,-31.651651886364405,1,False,False
836642fffffffff,-9.616683225223811,-33.235758755114524,1,False,False
836643fffffffff,-10.5958874810945,-32.70984129051924,1,False,False
836644fffffffff,-8.744230166218033,-31.65058336382963,1,False,False
836645fffffffff,-9.71080989683327,-31.12963000242253,1,False,False
836646fffffffff,-8.691149317235414,-32.698685104741465,1,False,False
836648fffffffff,-12.54208986990659,-31.65274103113612,1,False,False
83664cfffffffff,-11.603924706261392,-31.125713701843,1,False,False
83664dfffffffff,-12.566144308927148,-30.598269680308896,1,False,False
83664efffffffff,-11.571285480368893,-32.18214175139029,1,False,False
836650fffffffff,-8.574144719641374,-34.83347628953008,1,False,False
836651fffffffff,-9.563813341274296,-34.30841868305989,1,False,False
836654fffffffff,-7.650077169666722,-34.28193267652566,1,False,False
836655fffffffff,-8.634475134051472,-33.75981499800941,1,False,False
836656fffffffff,-7.582637408806217,-35.356400899443734,1,False,False
83665cfffffffff,-10.550810664897234,-33.78130371709537,1,False,False
83665dfffffffff,-11.534314097672262,-33.25220901523203,1,False,False
836660fffffffff,-7.886327357933439,-30.11052236542072,1,False,False
836661fffffffff,-8.839904737726652,-29.59521687648741,1,False,False
836662fffffffff,-7.832191463493309,-31.133472741485324,1,False,False
836663fffffffff,-8.793789015907198,-30.615959564539683,1,False,False
836664fffffffff,-6.98893327340367,-29.61319882991224,1,False,False
836665fffffffff,-7.937281141590941,-29.10150298335784,1,False,False
836666fffffffff,-6.930070048103172,-30.624557309818087,1,False,False
836668fffffffff,-10.706803812580768,-29.5768960434294,1,False,False
836669fffffffff,-11.656729618198495,-29.055506895985232,1,False,False
83666afffffffff,-10.673773430303994,-30.607198585626865,1,False,False
83666bfffffffff,-11.632360740488927,-30.08337004111082,1,False,False
83666cfffffffff,-9.790056833982264,-29.078719787063367,1,False,False
83666dfffffffff,-10.736051587019192,-28.56111118113735,1,False,False
83666efffffffff,-9.752244255708336,-30.097074007538303,1,False,False
836670fffffffff,-6.803329805427943,-32.68773944608702,1,False,False
836671fffffffff,-7.774808448068189,-32.16997917668238,1,False,False
836672fffffffff,-6.735370889810769,-33.73873399692138,1,False,False
836673fffffffff,-7.714120373982184,-33.21962127329843,1,False,False
836674fffffffff,-5.902640306805579,-32.16406871689885,1,False,False
836675fffffffff,-6.868217107772712,-31.649534883322843,1,False,False
836748fffffffff,-6.163078776749388,-28.138004131802383,1,False,False
836749fffffffff,-7.097901982801229,-27.63268711817293,1,False,False
83674afffffffff,-6.1020727925270055,-29.12386829959008,1,False,False
83674bfffffffff,-7.044858133568433,-28.615807278849235,1,False,False
83674dfffffffff,-6.221417039067373,-27.166409497995502,1,False,False
836758fffffffff,-5.086291552412347,-30.63299634100588,1,False,False
836759fffffffff,-6.038355300211599,-30.123722198714187,1,False,False
83675bfffffffff,-5.971888324018677,-31.13724397231884,1,False,False
836a00fffffffff,-41.68232158023467,15.256007784290404,1,False,False
836a01fffffffff,-42.34732103719357,16.439917415649195,1,False,False
836a02fffffffff,-42.03763722101544,13.90310792909662,1,False,False
836a03fffffffff,-42.7204498054622,15.083815517888462,1,False,False
836a04fffffffff,-40.643944504339714,15.422731014287328,1,False,False
836a05fffffffff,-41.31131709150379,16.59372367748945,1,False,False
836a06fffffffff,-41.00542248446861,14.096532032154546,1,False,False
836a08fffffffff,-44.05223591131372,17.531545587692474,1,False,False
836a09fffffffff,-44.69891586188068,18.798355119368185,1,False,False
836a0afffffffff,-44.449883362052,16.139688823092047,1,False,False
836a0bfffffffff,-45.11561169515266,17.406106193595015,1,False,False
836a0cfffffffff,-43.0010852660678,17.65117722296492,1,False,False
836a0dfffffffff,-43.64251337768411,18.88962583591096,1,False,False
836a0efffffffff,-43.39236625345878,16.293311930482453,1,False,False
836a10fffffffff,-41.67001333529494,11.376193261155615,1,False,False
836a11fffffffff,-42.38013172200895,12.521872656279944,1,False,False
836a12fffffffff,-41.981008919218766,9.97550314099782,1,False,False
836a13fffffffff,-42.70876176478567,11.113057492006163,1,False,False
836a14fffffffff,-40.64392443681116,11.627774215059942,1,False,False
836a15fffffffff,-41.34508007882882,12.751140556447384,1,False,False
836a16fffffffff,-40.95177431905088,10.26029337725762,1,False,False
836a18fffffffff,-44.13661737697747,13.482300237463816,1,False,False
836a19fffffffff,-44.83424340883676,14.71448337749551,1,False,False
836a1afffffffff,-44.48727147119631,12.030437606120008,1,False,False
836a1bfffffffff,-45.20409668698968,13.25654272014924,1,False,False
836a1cfffffffff,-43.08094625858988,13.697586529163534,1,False,False
836a1dfffffffff,-43.771262929826186,14.903502231549,1,False,False
836a1efffffffff,-43.42770903730929,12.281891612769943,1,False,False
836a20fffffffff,-39.2027668983683,16.898677852585745,1,False,False
836a21fffffffff,-40.06360163305207,17.2032724746578,1,False,False
836a22fffffffff,-39.59237089401328,15.586331241779904,1,False,False
836a23fffffffff,-40.2635447802904,16.74765103078167,1,False,False
836a24fffffffff,-38.319880043457054,16.2027645749171,1,False,False
836a25fffffffff,-38.9953064549358,17.357663740232223,1,False,False
836a26fffffffff,-38.52809549302306,15.746892806764093,1,False,False
836a28fffffffff,-41.77262704535059,18.24019747035327,1,False,False
836a29fffffffff,-42.41092852839548,19.45377554424705,1,False,False
836a2afffffffff,-41.96463509940452,17.785101681725276,1,False,False
836a2bfffffffff,-42.60301723922317,18.996345266804585,1,False,False
836a2cfffffffff,-40.721538912259,18.387227521871733,1,False,False
836a2dfffffffff,-41.36470414970246,19.589952265423022,1,False,False
836a2efffffffff,-40.92114528183241,17.92886432898926,1,False,False
836a30fffffffff,-39.27073112178505,13.143555655021824,1,False,False
836a31fffffffff,-39.96343378615496,14.27255776701842,1,False,False
836a32fffffffff,-39.61457118337124,11.842893430674623,1,False,False
836a33fffffffff,-40.315851426121405,12.95873738613586,1,False,False
836a34fffffffff,-38.2130364052864,13.325018603633747,1,False,False
836a35fffffffff,-38.90854993544723,14.4453364137219,1,False,False
836a36fffffffff,-38.566806900436895,12.035997858173284,1,False,False
836a40fffffffff,-46.31382204971911,23.16390833941657,1,False,False
836a41fffffffff,-46.88902290713289,24.52831315842788,1,False,False
836a42fffffffff,-46.787768453180014,21.808085138270872,1,False,False
836a43fffffffff,-47.38216719183573,23.18079286568973,1,False,False
836a44fffffffff,-45.25651861311202,23.14783520235546,1,False,False
836a45fffffffff,-45.830546536371365,24.47902627228206,1,False,False
836a46fffffffff,-45.72117570197561,21.82483536025686,1,False,False
836a48fffffffff,-48.51461652667737,26.00510116974452,1,False,False
836a49fffffffff,-48.55682354187328,28.495559890033675,1,False,False
836a4afffffffff,-48.56959136327624,25.702406579726745,1,False,False
836a4bfffffffff,-49.11142792421424,27.16361324146641,1,False,False
836a4cfffffffff,-47.4458364146112,25.91718500350404,1,False,False
836a4dfffffffff,-47.9833740027543,27.32951293352743,1,False,False
836a4efffffffff,-47.95810468747591,24.58011006435099,1,False,False
836a50fffffffff,-46.40366508366552,20.02886177087131,1,False,False
836a51fffffffff,-47.25102972769289,20.41122680667693,1,False,False
836a52fffffffff,-46.84699078627064,18.60200382780673,1,False,False
836a53fffffffff,-47.48710277224306,19.96096378270077,1,False,False
836a54fffffffff,-45.3312780470172,20.09345994772801,1,False,False
836a55fffffffff,-46.17592367865905,20.462765194606053,1,False,False
836a56fffffffff,-45.76726184289055,18.702594162914963,1,False,False
836a58fffffffff,-48.51330593092776,22.863906853088626,1,False,False
836a59fffffffff,-49.09564250574972,24.3098063783698,1,False,False
836a5afffffffff,-49.00765521993893,21.415928060704616,1,False,False
836a5bfffffffff,-49.61073355627208,22.87020592095704,1,False,False
836a5cfffffffff,-47.86523778969055,21.79047617061168,1,False,False
836a5dfffffffff,-48.46097350026708,23.19855180863105,1,False,False
836a5efffffffff,-47.91140971611245,21.447072781622435,1,False,False
836a60fffffffff,-43.773621482175805,24.57457459017952,1,False,False
836a61fffffffff,-44.33136503096496,25.85992157086145,1,False,False
836a62fffffffff,-44.22635034520831,23.20313212238761,1,False,False
836a63fffffffff,-44.79592188449608,24.48638032398348,1,False,False
836a64fffffffff,-42.737119459597466,24.660962430698465,1,False,False
836a65fffffffff,-43.30172563857201,25.93352515701033,1,False,False
836a66fffffffff,-43.19743000919173,23.303971307382483,1,False,False
836a68fffffffff,-45.87798679819427,27.09720099022568,1,False,False
836a69fffffffff,-46.39864985302338,28.460925659103207,1,False,False
836a6afffffffff,-46.38718803695107,25.833560361340663,1,False,False
836a6bfffffffff,-46.9255724263549,27.21050391034628,1,False,False
836a6cfffffffff,-44.87009930316943,27.15895514574058,1,False,False
836a6dfffffffff,-45.38932865843229,28.470539394859365,1,False,False
836a6efffffffff,-45.34664829364853,25.78476548078273,1,False,False
836a70fffffffff,-44.06002292861545,20.55855696774116,1,False,False
836a71fffffffff,-44.66602361088496,21.840788156962216,1,False,False
836a72fffffffff,-44.48753830389157,19.22543760583458,1,False,False
836a73fffffffff,-45.11207201898,20.51181668354928,1,False,False
836a74fffffffff,-43.03315833026743,20.685961626915567,1,False,False
836a75fffffffff,-43.6385401714747,21.93602164976652,1,False,False
836a76fffffffff,-43.443336620168445,19.31484725124313,1,False,False
836a80fffffffff,-43.864366760829554,5.222930023361939,1,False,False
836a81fffffffff,-44.65580421023035,6.343838552842972,1,False,False
836a82fffffffff,-44.108750229178966,3.6934118072807793,1,False,False
836a83fffffffff,-44.91792226826559,4.796966082349035,1,False,False
836a84fffffffff,-42.820824825282905,5.629669215229312,1,False,False
836a85fffffffff,-43.601259786958174,6.731171659663,1,False,False
836a86fffffffff,-43.06668562743812,4.137492216532853,1,False,False
836a88fffffffff,-46.51436778248716,7.116826131492156,1,False,False
836a89fffffffff,-47.29879823082663,8.335004556824527,1,False,False
836a8afffffffff,-46.793865159325385,5.511653026379674,1,False,False
836a8bfffffffff,-47.59809946011466,6.713133362400149,1,False,False
836a8cfffffffff,-45.43965063070956,7.501084386094865,1,False,False
836a8dfffffffff,-46.21452367995296,8.695472540142335,1,False,False
836a8efffffffff,-45.720262629121855,5.937781477991987,1,False,False
836a90fffffffff,-43.50234022020691,1.0972668323981136,1,False,False
836a91fffffffff,-44.3335762132814,2.1443872376405992,1,False,False
836a92fffffffff,-43.69069560919301,-0.4471051811951366,1,False,False
836a93fffffffff,-44.53807893503281,0.5777857564041312,1,False,False
836a94fffffffff,-42.47531364797073,1.593985203671317,1,False,False
836a95fffffffff,-43.29410866247132,2.6261020552117165,1,False,False
836a96fffffffff,-42.6677748443181,0.0858401847541907,1,False,False
836a98fffffffff,-46.22012040551093,2.740966922197887,1,False,False
836a99fffffffff,-47.05198045455869,3.881859311795229,1,False,False
836a9afffffffff,-46.43755837939236,1.1115105729523926,1,False,False
836a9bfffffffff,-47.28775098148257,2.229568945740827,1,False,False
836a9cfffffffff,-45.16016400747354,3.228387251905704,1,False,False
836a9dfffffffff,-45.980733043091206,4.350432009646066,1,False,False
836a9efffffffff,-45.38167795785034,1.6400398869877166,1,False,False
836aa0fffffffff,-41.52469953836734,7.454494242093362,1,False,False
836aa1fffffffff,-42.27709893799584,8.550060578862022,1,False,False
836aa2fffffffff,-41.78799493502133,6.018418066048816,1,False,False
836aa3fffffffff,-42.55734055865964,7.101013623610665,1,False,False
836aa4fffffffff,-40.50393230899446,7.792650518113183,1,False,False
836aa5fffffffff,-41.2456674960456,8.868850749631983,1,False,False
836aa6fffffffff,-40.76651647382753,6.390310803958596,1,False,False
836aa8fffffffff,-44.07566743389096,9.365616522473957,1,False,False
836aa9fffffffff,-44.82207633825199,10.548835173454773,1,False,False
836aaafffffffff,-44.37472786232564,7.867246356070131,1,False,False
836aabfffffffff,-45.13990250644631,9.038610712291137,1,False,False
836aacfffffffff,-43.02249562725837,9.677581636890752,1,False,False
836aadfffffffff,-43.759642797067904,10.837564055429514,1,False,False
836aaefffffffff,-43.32032209478602,8.21653306811864,1,False,False
836ab0fffffffff,-41.24418467942668,3.527227330348373,1,False,False
836ab1fffffffff,-42.03471535975166,4.561962339298818,1,False,False
836ab2fffffffff,-41.45777631231069,2.069334934209301,1,False,False
836ab3fffffffff,-42.264067978543565,3.086610615888368,1,False,False
836ab4fffffffff,-40.23512804964771,3.9491649069271753,1,False,False
836ab5fffffffff,-41.01352390499538,4.968049423290237,1,False,False
836ab6fffffffff,-40.45044270204512,2.524604483607274,1,False,False
836ac0fffffffff,-49.19575930545832,13.857507027141237,1,False,False
836ac1fffffffff,-49.71700195507093,15.373778726484966,1,False,False
836ac2fffffffff,-49.579241192293765,12.232065373630183,1,False,False
836ac3fffffffff,-50.12618231081827,13.74962946913093,1,False,False
836ac4fffffffff,-48.09027200176123,14.088448152143927,1,False,False
836ac5fffffffff,-48.79331422321959,15.443935579411033,1,False,False
836ac6fffffffff,-48.47108258624218,12.508290014706374,1,False,False
836ac8fffffffff,-51.52903535046012,16.63514454398627,1,False,False
836ac9fffffffff,-52.20104302031876,18.14019592609405,1,False,False
836acafffffffff,-51.96463728855888,14.957846367734478,1,False,False
836acbfffffffff,-52.6604771721681,16.46064893876266,1,False,False
836accfffffffff,-50.40506479024023,16.800070337888172,1,False,False
836acdfffffffff,-51.07412516013979,18.265452376368646,1,False,False
836acefffffffff,-50.83692691637957,15.171575916420432,1,False,False
836ad0fffffffff,-49.1738518403856,9.240858579362126,1,False,False
836ad1fffffffff,-49.942288922218914,10.568864832469592,1,False,False
836ad2fffffffff,-49.49309938000632,7.556681893294155,1,False,False
836ad3fffffffff,-50.283465561163055,8.869472575647187,1,False,False
836ad4fffffffff,-48.07208465551828,9.59314071207816,1,False,False
836ad5fffffffff,-48.832734813888926,10.891959301238185,1,False,False
836ad6fffffffff,-48.39193793214245,7.955890744946079,1,False,False
836ad8fffffffff,-51.63989943367639,11.78429959846522,1,False,False
836ad9fffffffff,-52.37920161918345,13.234494670738767,1,False,False
836adafffffffff,-52.00777209350427,10.028223337793184,1,False,False
836adbfffffffff,-52.77101575822243,11.466411130056178,1,False,False
836adcfffffffff,-50.51535950381181,12.084781037738782,1,False,False
836addfffffffff,-51.24908290730657,13.499262313792473,1,False,False
836adefffffffff,-51.059492947038684,10.227855992768136,1,False,False
836ae0fffffffff,-46.600157975802105,15.809283164426487,1,False,False
836ae1fffffffff,-47.27680755536389,17.136031703037496,1,False,False
836ae2fffffffff,-46.99438896818819,14.30769829415084,1,False,False
836ae3fffffffff,-47.69170759173579,15.631312899621996,1,False,False
836ae4fffffffff,-45.519340595283474,15.978534241871012,1,False,False
836ae5fffffffff,-46.19066655317976,17.27442689061588,1,False,False
836ae6fffffffff,-45.90882424165374,14.516117329230642,1,False,False
836ae8fffffffff,-48.84486659896374,18.496131627747225,1,False,False
836ae9fffffffff,-49.48879750792042,19.922611535717223,1,False,False
836aeafffffffff,-49.2893753803674,16.956190038670982,1,False,False
836aebfffffffff,-49.95514143738667,18.38391873513049,1,False,False
836aecfffffffff,-47.93749670139172,18.496210003552907,1,False,False
836aedfffffffff,-48.385032423995376,19.99315558663311,1,False,False
836aeefffffffff,-48.37339545572803,16.990395148602737,1,False,False
836af0fffffffff,-46.63992873494469,11.489699386381698,1,False,False
836af1fffffffff,-47.37201008030993,12.77043452258706,1,False,False
836af2fffffffff,-46.97901189589757,9.927731353077927,1,False,False
836af3fffffffff,-47.731681280059455,11.198495900957312,1,False,False
836af4fffffffff,-45.55822637050133,11.766678163196543,1,False,False
836af5fffffffff,-46.28277944258304,13.019538527675529,1,False,False
836af6fffffffff,-45.89542860535734,10.245909352623272,1,False,False
836b00fffffffff,-34.34005874310077,15.568506308591235,1,False,False
836b01fffffffff,-35.03502387751491,16.677072838776535,1,False,False
836b02fffffffff,-34.74449858148866,14.305784695026937,1,False,False
836b03fffffffff,-35.44788468114081,15.40444999059122,1,False,False
836b04fffffffff,-33.2226667797879,15.729615190026838,1,False,False
836b05fffffffff,-33.919207101654706,16.829418104924056,1,False,False
836b06fffffffff,-33.63526826735536,14.478288739097597,1,False,False
836b08fffffffff,-36.82248633920923,17.657751019590915,1,False,False
836b09fffffffff,-37.49179205401806,18.811544720381537,1,False,False
836b0afffffffff,-37.23604157145225,16.363824520812237,1,False,False
836b0bfffffffff,-37.9147374015422,17.509129823590097,1,False,False
836b0cfffffffff,-35.719191547783275,17.803604788159614,1,False,False
836b0dfffffffff,-36.39161291995268,18.94765057363894,1,False,False
836b0efffffffff,-36.14086981417064,16.5219006705358,1,False,False
836b10fffffffff,-34.41175014341088,11.974611340690782,1,False,False
836b11fffffffff,-35.132285554469696,13.042477428810509,1,False,False
836b12fffffffff,-34.77527642286359,10.72464795968665,1,False,False
836b13fffffffff,-35.503242627174245,11.779812083638951,1,False,False
836b14fffffffff,-33.31048638974803,12.166015667131362,1,False,False
836b15fffffffff,-34.03169879158825,13.226222427676424,1,False,False
836b16fffffffff,-33.68324632447944,10.926733357515864,1,False,False
836b18fffffffff,-36.932604116413415,13.95128977607084,1,False,False
836b19fffffffff,-37.63199429386535,15.067176854638918,1,False,False
836b1afffffffff,-37.30223414384046,12.66496207489781,1,False,False
836b1bfffffffff,-38.01012828214131,13.769130422933474,1,False,False
836b1cfffffffff,-35.84384293301355,14.130145985081729,1,False,False
836b1dfffffffff,-36.545422795058414,15.237367371125355,1,False,False
836b1efffffffff,-36.2226880712086,12.855419417982086,1,False,False
836b20fffffffff,-31.66068468333914,17.12592324002443,1,False,False
836b21fffffffff,-32.350097508379335,18.22529609226096,1,False,False
836b22fffffffff,-32.096471653022604,15.887852877821231,1,False,False
836b23fffffffff,-32.79416531860409,16.97901092528246,1,False,False
836b24fffffffff,-30.51958908320961,17.27022457515681,1,False,False
836b25fffffffff,-31.209891063054865,18.3608021447004,1,False,False
836b26fffffffff,-30.96227492295744,16.043293096699106,1,False,False
836b28fffffffff,-34.159764253840805,19.212297673759725,1,False,False
836b29fffffffff,-34.82577785073341,20.353478120973683,1,False,False
836b2afffffffff,-34.60553661040508,17.946765874696855,1,False,False
836b2bfffffffff,-35.280701137777456,19.081211795107965,1,False,False
836b2cfffffffff,-33.029552944819244,19.340975057561707,1,False,False
836b2dfffffffff,-33.69811256354037,20.472461079471017,1,False,False
836b2efffffffff,-33.482248878850875,18.08730642460672,1,False,False
836b30fffffffff,-31.80286956213871,13.58410498334617,1,False,False
836b31fffffffff,-32.516890827448414,14.647738247424112,1,False,False
836b32fffffffff,-32.200181124283624,12.3541088832005,1,False,False
836b33fffffffff,-32.92164201283081,13.406737976817046,1,False,False
836b34fffffffff,-30.676173571376427,13.758401797961024,1,False,False
836b35fffffffff,-31.390144589925043,14.814210751183817,1,False,False
836b36fffffffff,-31.08160257074964,12.538972219643492,1,False,False
836b40fffffffff,-38.94599217791112,23.68746642377392,1,False,False
836b41fffffffff,-39.546658135857214,24.909822265388776,1,False,False
836b42fffffffff,-39.41692247114833,22.37492379896858,1,False,False
836b43fffffffff,-40.02826738532319,23.59445443414773,1,False,False
836b44fffffffff,-37.85168334017084,23.77866280670825,1,False,False
836b45fffffffff,-38.45784411474895,24.989508885345607,1,False,False
836b46fffffffff,-38.32938027944793,22.47929789738976,1,False,False
836b48fffffffff,-41.2009356474163,26.07626243012284,1,False,False
836b49fffffffff,-41.76096255977666,27.336662491643924,1,False,False
836b4afffffffff,-41.68681735752159,24.745598401690724,1,False,False
836b4bfffffffff,-42.25810758368411,26.00562361712377,1,False,False
836b4cfffffffff,-40.13068252031708,26.14548526968899,1,False,False
836b4dfffffffff,-40.69742784006734,27.393506579400245,1,False,False
836b4efffffffff,-40.62316444100425,24.828534899425605,1,False,False
836b50fffffffff,-39.23265568539195,19.85436582005141,1,False,False
836b51fffffffff,-39.87011403280749,21.05314643511669,1,False,False
836b52fffffffff,-39.65734794555812,18.531409093991133,1,False,False
836b53fffffffff,-40.30511380821712,19.723456864597324,1,False,False
836b54fffffffff,-38.14787590105734,19.98275277335324,1,False,False
836b55fffffffff,-38.78986350467058,21.17077194236288,1,False,False
836b56fffffffff,-38.58057587951106,18.6728223957248,1,False,False
836b58fffffffff,-41.55446205539122,22.15988136858482,1,False,False
836b59fffffffff,-42.15448421561863,23.402764433524226,1,False,False
836b5afffffffff,-41.992259744074126,20.810811964575034,1,False,False
836b5bfffffffff,-42.6034148443601,22.049086805427,1,False,False
836b5cfffffffff,-40.49213186673725,22.26847225268252,1,False,False
836b5dfffffffff,-41.09793874709128,23.49957257818342,1,False,False
836b5efffffffff,-40.93775356411404,20.93318288447017,1,False,False
836b60fffffffff,-36.24571469645142,25.144264206990645,1,False,False
836b61fffffffff,-36.84688444877721,26.34506942415557,1,False,False
836b62fffffffff,-36.7459587662111,23.868095781590245,1,False,False
836b63fffffffff,-37.35731600529653,25.067641282767624,1,False,False
836b64fffffffff,-35.12372722435496,25.219420716444787,1,False,False
836b65fffffffff,-35.72999297121308,26.40903198640607,1,False,False
836b66fffffffff,-35.62948312783902,23.955815582123893,1,False,False
836b68fffffffff,-38.532528622462586,27.503819543327232,1,False,False
836b69fffffffff,-39.095093038127104,28.73859176809325,1,False,False
836b6afffffffff,-39.04786906330662,26.213334092527425,1,False,False
836b6bfffffffff,-39.62110187814096,27.449214386289672,1,False,False
836b6cfffffffff,-37.43229974516061,27.55735437124636,1,False,False
836b6dfffffffff,-38.001324748682016,28.78018429054091,1,False,False
836b6efffffffff,-37.95306420486266,26.279849221526945,1,False,False
836b70fffffffff,-36.59385844597786,21.399273262224423,1,False,False
836b71fffffffff,-37.23009962994113,22.581654100817182,1,False,False
836b72fffffffff,-37.05136821868784,20.108688657075675,1,False,False
836b73fffffffff,-37.6975723461652,21.286126134766626,1,False,False
836b74fffffffff,-35.47938631446475,21.51027520826428,1,False,False
836b75fffffffff,-36.11972209604656,22.68204973302502,1,False,False
836b76fffffffff,-35.94377335148678,20.23224181582481,1,False,False
836b80fffffffff,-36.712205051478286,7.601827642924416,1,False,False
836b81fffffffff,-37.45037284789159,8.628637496012479,1,False,False
836b82fffffffff,-37.00994518397633,6.36624190329998,1,False,False
836b83fffffffff,-37.75426871474173,7.376720085570618,1,False,False
836b84fffffffff,-35.766154399937555,6.996388129232866,1,False,False
836b85fffffffff,-36.39765478713505,8.843634167416848,1,False,False
836b86fffffffff,-35.96733570290494,6.597261377459216,1,False,False
836b88fffffffff,-39.22033851876861,9.465891492479557,1,False,False
836b89fffffffff,-39.935304797215146,10.532788603991898,1,False,False
836b8afffffffff,-39.49557803279343,8.116435737083139,1,False,False
836b8bfffffffff,-40.22658113657169,9.1738407553427,1,False,False
836b8cfffffffff,-38.180829649331976,9.67775640437326,1,False,False
836b8dfffffffff,-38.90256471371598,10.749192890159852,1,False,False
836b8efffffffff,-38.49140273488898,8.409910052258269,1,False,False
836b90fffffffff,-36.53531194172673,4.167444625402566,1,False,False
836b91fffffffff,-37.27871835570891,5.113690284093623,1,False,False
836b92fffffffff,-36.73899942819242,2.8489026892034466,1,False,False
836b93fffffffff,-37.49589469742337,3.781419447481635,1,False,False
836b94fffffffff,-35.50373666016726,4.412842151141856,1,False,False
836b95fffffffff,-36.25943624795208,5.378342777808314,1,False,False
836b96fffffffff,-35.77491270682395,3.2195235418258856,1,False,False
836b98fffffffff,-39.00591795556039,5.729509265628328,1,False,False
836b99fffffffff,-39.75697072404408,6.746391089464513,1,False,False
836b9afffffffff,-39.23750729565537,4.35354350334976,1,False,False
836b9bfffffffff,-40.00373602383803,5.356884087967671,1,False,False
836b9cfffffffff,-38.02057884124408,6.086888215961158,1,False,False
836b9dfffffffff,-38.759882094256426,7.087620585848225,1,False,False
836b9efffffffff,-38.25187292773485,4.741398970781427,1,False,False
836ba0fffffffff,-34.38010304740146,8.457090118588095,1,False,False
836ba1fffffffff,-35.12219297905299,9.477515366830495,1,False,False
836ba2fffffffff,-34.70414078067405,7.228987490727749,1,False,False
836ba3fffffffff,-35.45247480009888,8.234380582479606,1,False,False
836ba4fffffffff,-33.297843216604896,8.676063043746538,1,False,False
836ba5fffffffff,-34.03980459237488,9.690045011898736,1,False,False
836ba6fffffffff,-33.63200135540124,7.457731412099947,1,False,False
836ba8fffffffff,-36.928521323037295,10.309738033043256,1,False,False
836ba9fffffffff,-37.65419930251782,11.379679967010604,1,False,False
836baafffffffff,-37.12926289117228,9.885940715596083,1,False,False
836babfffffffff,-37.85265013483551,10.95008321648652,1,False,False
836bacfffffffff,-35.85725604000768,10.519012496799256,1,False,False
836badfffffffff,-36.58427465245799,11.581531389845198,1,False,False
836baefffffffff,-36.19427396931509,9.261291677870908,1,False,False
836bb0fffffffff,-34.2527613423708,5.039036340031525,1,False,False
836bb1fffffffff,-35.01197181795207,6.006829350454988,1,False,False
836bb2fffffffff,-34.4614939825795,4.654343267543212,1,False,False
836bb3fffffffff,-35.216767964823674,5.614821345466522,1,False,False
836bb4fffffffff,-33.19190233154778,5.282429528857488,1,False,False
836bb5fffffffff,-33.95028311710533,6.245042870314052,1,False,False
836bb6fffffffff,-33.489513850779936,4.092832975262537,1,False,False
836d20fffffffff,-1.2904630044175132,-25.502028466908925,1,False,False
836d21fffffffff,-2.0764369265107026,-26.256703209503293,1,False,False
836d25fffffffff,-2.352188325321141,-25.16295139045623,1,False,False
836d2cfffffffff,-2.8532330245296085,-27.003642523974094,1,False,False
836d2dfffffffff,-3.620341492653846,-27.74271479046412,1,False,False
837434fffffffff,-22.13147087573396,-13.46910488307317,1,False,False
837436fffffffff,-21.60840220133912,-14.344013684654042,1,False,False
837500fffffffff,-22.456435940920905,-9.324230193656271,1,False,False
837501fffffffff,-23.427442273088428,-9.57030216967377,1,False,False
837502fffffffff,-21.78048200831876,-9.96120090655249,1,False,False
837503fffffffff,-22.744054321305303,-10.207970824883215,1,False,False
837504fffffffff,-22.15895276457436,-8.429068605334063,1,False,False
837505fffffffff,-23.139974077519348,-8.67130605636234,1,False,False
837506fffffffff,-21.482987738467337,-9.081068043785928,1,False,False
837508fffffffff,-24.662552356848508,-10.710254477472333,1,False,False
837509fffffffff,-25.61632557486032,-10.965852336572114,1,False,False
83750afffffffff,-23.972640252204823,-11.3331317617916,1,False,False
83750cfffffffff,-24.395406862450468,-9.819327274860978,1,False,False
83750dfffffffff,-25.359739548913574,-10.071349411484851,1,False,False
83750efffffffff,-23.70493823929841,-10.45764141660161,1,False,False
837510fffffffff,-20.35347512130303,-10.720177795024656,1,False,False
837511fffffffff,-21.202729291348177,-10.74749202659817,1,False,False
837512fffffffff,-19.82511481034922,-11.614975080397418,1,False,False
837513fffffffff,-20.68096420991801,-11.639192223163226,1,False,False
837514fffffffff,-20.016786742453107,-9.793040242853648,1,False,False
837515fffffffff,-20.874712004047502,-9.823659769199375,1,False,False
837516fffffffff,-19.488813375126043,-10.692674991055233,1,False,False
837518fffffffff,-22.34680956037703,-11.68713126104173,1,False,False
837519fffffffff,-23.290341379017484,-11.940435095632582,1,False,False
83751afffffffff,-21.831077925322003,-12.570558858794664,1,False,False
83751bfffffffff,-22.647773215972062,-12.591252769834684,1,False,False
83751cfffffffff,-22.068372095895576,-10.82994599265658,1,False,False
83751dfffffffff,-23.02196567421573,-11.080095314701664,1,False,False
83751efffffffff,-21.521511061403046,-11.663243721605122,1,False,False
837520fffffffff,-22.534481632350086,-6.8392521890955855,1,False,False
837521fffffffff,-23.5328646711479,-7.076059246621184,1,False,False
837522fffffffff,-21.851462398032243,-7.522708611053807,1,False,False
837523fffffffff,-22.84236975250293,-7.760873135798734,1,False,False
837524fffffffff,-22.216180190478934,-5.906721291762706,1,False,False
837525fffffffff,-23.22441769448764,-6.138964214155057,1,False,False
837526fffffffff,-21.53383963186553,-6.605400769130861,1,False,False
837528fffffffff,-24.815946331178218,-8.246128942589579,1,False,False
837529fffffffff,-25.79736932886322,-8.493314610902981,1,False,False
83752afffffffff,-24.118197951480006,-8.916502562933458,1,False,False
83752bfffffffff,-25.09301511408416,-9.164703530179128,1,False,False
83752cfffffffff,-24.52834139647852,-7.315870086566839,1,False,False
83752dfffffffff,-25.520274208257053,-7.55873366188461,1,False,False
83752efffffffff,-23.830740517832567,-8.001997638312083,1,False,False
837530fffffffff,-20.19099785002807,-7.953292576913346,1,False,False
837531fffffffff,-21.175752313600825,-8.189745470805107,1,False,False
837532fffffffff,-19.67091540316345,-8.858163164449385,1,False,False
837533fffffffff,-20.53746023310441,-8.89212604718266,1,False,False
837534fffffffff,-19.86459029804136,-7.055075860022217,1,False,False
837535fffffffff,-20.85865506754371,-7.287457973399259,1,False,False
837536fffffffff,-19.31590108277761,-7.915953058198649,1,False,False
837576fffffffff,-26.0638274426775,-9.415955031653032,1,False,False
837580fffffffff,-18.52858184332693,-15.180360339635495,1,False,False
837581fffffffff,-19.39359652544844,-15.192183185711569,1,False,False
837584fffffffff,-18.20136822485695,-14.284774256342011,1,False,False
837585fffffffff,-19.07563734346167,-14.29973657282032,1,False,False
837586fffffffff,-17.648681992692207,-15.168456155953798,1,False,False
83758cfffffffff,-20.243716137188024,-15.203925523979176,1,False,False
83758dfffffffff,-21.07895734716461,-15.215588172999938,1,False,False
8375a0fffffffff,-18.41256350097827,-12.486352371016876,1,False,False
8375a1fffffffff,-19.290028794011864,-12.50762156590509,1,False,False
8375a2fffffffff,-17.865136159785457,-13.379531985960764,1,False,False
8375a3fffffffff,-18.74863464403752,-13.39769342950629,1,False,False
8375a4fffffffff,-18.06742028576681,-11.566037004939709,1,False,False
8375a5fffffffff,-18.95393400976403,-11.590590584931816,1,False,False
8375a6fffffffff,-17.519876281971285,-12.464935621456034,1,False,False
8375a8fffffffff,-20.47025212361445,-13.43364349352263,1,False,False
8375a9fffffffff,-21.30839038321183,-13.451434649452176,1,False,False
8375aafffffffff,-19.93489052432488,-14.314596555858069,1,False,False
8375abfffffffff,-20.779134590397145,-14.32935524974936,1,False,False
8375acfffffffff,-20.15225676504129,-12.52874471999185,1,False,False
8375adfffffffff,-20.99926016443525,-12.549723326588802,1,False,False
8375aefffffffff,-19.617007918127666,-13.415730173231736,1,False,False
8375b0fffffffff,-16.407895427657216,-14.254538373755103,1,False,False
8375b1fffffffff,-17.31210407663369,-14.269708547752176,1,False,False
8375b2fffffffff,-15.844410363011264,-15.14440039924338,1,False,False
8375b3fffffffff,-16.753935301367054,-15.156469793440442,1,False,False
8375b4fffffffff,-16.052925473780586,-13.342829805513777,1,False,False
8375b5fffffffff,-16.966545235893914,-13.36124454859968,1,False,False
8375b6fffffffff,-15.488824293733025,-14.239262646177403,1,False,False
837a03fffffffff,-55.75460041056415,36.25658112336488,1,False,False
837a08fffffffff,-54.93752950485239,32.75982429188803,1,False,False
837a09fffffffff,-54.48633125659144,31.04388056512168,1,False,False
837a0afffffffff,-54.27804530543727,34.15601534092707,1,False,False
837a0bfffffffff,-53.846794159117344,32.468851610458806,1,False,False
837a0cfffffffff,-56.03205910978674,33.068330979262214,1,False,False
837a0dfffffffff,-55.5886688193612,31.29875893180176,1,False,False
837a0efffffffff,-55.36045040729174,34.4983282663389,1,False,False
837a11fffffffff,-55.40504269483137,39.32169307205982,1,False,False
837a13fffffffff,-54.68764391238004,40.54849755354476,1,False,False
837a18fffffffff,-53.99772082340363,37.163562482263934,1,False,False
837a19fffffffff,-53.61202754314852,35.49000760373579,1,False,False
837a1afffffffff,-53.31001362548634,38.404813445551945,1,False,False
837a1bfffffffff,-52.94115893709793,36.76451378884747,1,False,False
837a1cfffffffff,-55.05750242703512,37.58526564875908,1,False,False
837a1dfffffffff,-54.68174615627397,35.862401205619,1,False,False
837a1efffffffff,-54.35632263256155,38.850656208234334,1,False,False
837a29fffffffff,-57.3462020753393,29.99872026510105,1,False,False
837a2bfffffffff,-56.69465997994201,31.56942763985872,1,False,False
837a40fffffffff,-53.53344410418302,24.506954207494704,1,False,False
837a41fffffffff,-52.95371356617192,22.891293995726546,1,False,False
837a42fffffffff,-52.96981558716882,26.055928070129944,1,False,False
837a43fffffffff,-52.412802408597805,24.45345961465848,1,False,False
837a44fffffffff,-54.6602356959997,24.56367693392845,1,False,False
837a45fffffffff,-54.08240643978058,22.899162636538243,1,False,False
837a46fffffffff,-54.08780951231033,26.157369913058805,1,False,False
837a48fffffffff,-51.22756296632623,21.34843528427949,1,False,False
837a49fffffffff,-50.60163524536772,19.84818870782624,1,False,False
837a4afffffffff,-50.71709996977439,22.87685012713031,1,False,False
837a4bfffffffff,-50.11327754080831,21.383095874665727,1,False,False
837a4cfffffffff,-52.34976023412808,21.311789208454343,1,False,False
837a4dfffffffff,-51.722802832848735,19.769558428196863,1,False,False
837a4efffffffff,-51.8316801833912,22.88386863663269,1,False,False
837a50fffffffff,-52.90380902456163,29.162175195111235,1,False,False
837a51fffffffff,-52.393438222569735,27.54711173276708,1,False,False
837a52fffffffff,-52.29602450871126,30.57630650275975,1,False,False
837a53fffffffff,-51.80614687609721,28.98177072495516,1,False,False
837a54fffffffff,-54.00747243004509,29.35307460080968,1,False,False
837a55fffffffff,-53.5016864352438,27.689734346945748,1,False,False
837a56fffffffff,-53.38850618879589,30.803459192881466,1,False,False
837a58fffffffff,-50.75383606386299,25.8695683222708,1,False,False
837a59fffffffff,-50.193147364619286,24.35511220720989,1,False,False
837a5afffffffff,-50.19756015453997,27.28464031095616,1,False,False
837a5bfffffffff,-49.65738457607632,25.78377781791525,1,False,False
837a5cfffffffff,-51.85822999600343,25.960147738825967,1,False,False
837a5dfffffffff,-51.299113088136,24.402925292496064,1,False,False
837a5efffffffff,-51.291807548154026,27.412287453623687,1,False,False
837a60fffffffff,-56.35644871348374,22.916398621671384,1,False,False
837a61fffffffff,-55.75580083984243,21.188072050947493,1,False,False
837a62fffffffff,-55.79234647057353,24.623928965551105,1,False,False
837a63fffffffff,-55.21693502445145,22.907515474837776,1,False,False
837a64fffffffff,-57.50007364792001,22.92586423497479,1,False,False
837a65fffffffff,-56.90147452030417,21.14149734605183,1,False,False
837a66fffffffff,-56.928920801791726,24.688050123829647,1,False,False
837a68fffffffff,-53.98697195224853,19.598164209794977,1,False,False
837a69fffffffff,-53.33508279286387,18.007549690339506,1,False,False
837a6afffffffff,-53.47908296452663,21.27298204563574,1,False,False
837a6bfffffffff,-52.85152007066628,19.686353841968383,1,False,False
837a6cfffffffff,-55.12831160636212,19.504528150278947,1,False,False
837a6dfffffffff,-54.4753974600094,17.866841382990906,1,False,False
837a6efffffffff,-54.61471245825298,21.23181686192176,1,False,False
837a70fffffffff,-55.73481795103419,28.001238637450548,1,False,False
837a71fffffffff,-55.21139863542744,26.26498983089546,1,False,False
837a72fffffffff,-55.11632408440351,29.555407550019268,1,False,False
837a73fffffffff,-54.615754995925606,27.84085010668596,1,False,False
837a74fffffffff,-56.85802350759211,28.17177768597877,1,False,False
837a75fffffffff,-56.3397430270927,26.37936910746448,1,False,False
837a76fffffffff,-56.22952282547363,29.77022740435127,1,False,False
837a80fffffffff,-51.81820980234088,44.89043867941385,1,False,False
837a81fffffffff,-51.54050831450039,43.34317377574439,1,False,False
837a82fffffffff,-51.10688468511423,45.85031790882116,1,False,False
837a83fffffffff,-50.84010074030142,44.33905444637821,1,False,False
837a85fffffffff,-52.53302713865723,43.88330365844176,1,False,False
837a88fffffffff,-50.2384789961886,41.32132612384713,1,False,False
837a89fffffffff,-49.90356190083664,39.819023392698725,1,False,False
837a8afffffffff,-49.56430378143366,42.33815318266498,1,False,False
837a8bfffffffff,-49.24195980556799,40.86671809808559,1,False,False
837a8cfffffffff,-51.239252368304406,41.79830367668818,1,False,False
837a8dfffffffff,-50.914398571510496,40.25806063625687,1,False,False
837a8efffffffff,-50.55065935228726,42.828692690925685,1,False,False
837a91fffffffff,-50.39996703092277,46.76568842190662,1,False,False
837a93fffffffff,-49.69827345544383,47.639139552782,1,False,False
837a98fffffffff,-49.18235753559453,44.75397270608434,1,False,False
837a99fffffffff,-48.89286174572168,43.31091885950984,1,False,False
837a9afffffffff,-48.50442186084872,45.65367992764325,1,False,False
837a9bfffffffff,-48.22504475449362,44.241900494563616,1,False,False
837a9cfffffffff,-50.14323289454845,45.28959121875064,1,False,False
837a9dfffffffff,-49.864716244570616,43.8130931190611,1,False,False
837a9efffffffff,-49.4507816208572,46.19732295141065,1,False,False
837aa8fffffffff,-52.94792403710538,41.20453620668478,1,False,False
837aa9fffffffff,-52.62013241395592,39.58911089273184,1,False,False
837aaafffffffff,-52.24347792019683,42.299272209102575,1,False,False
837aabfffffffff,-51.929458533133136,40.719341644229175,1,False,False
837aacfffffffff,-53.96893974986703,41.71547805524772,1,False,False
837aadfffffffff,-53.65264631260939,40.05602038781978,1,False,False
837aaefffffffff,-53.25031542010073,42.82600574414548,1,False,False
837ac0fffffffff,-49.38130876125092,34.18622771591437,1,False,False
837ac1fffffffff,-48.94098816258347,32.70059016132972,1,False,False
837ac2fffffffff,-48.763695454007234,35.36246528110189,1,False,False
837ac3fffffffff,-48.339565010154814,33.90003902921799,1,False,False
837ac4fffffffff,-50.43017034993303,34.48711341149502,1,False,False
837ac5fffffffff,-49.99576451020391,32.96184263369423,1,False,False
837ac6fffffffff,-49.79917415632112,35.68670740642131,1,False,False
837ac8fffffffff,-47.427474878051456,31.020237835539177,1,False,False
837ac9fffffffff,-47.44488404731081,28.60878884502733,1,False,False
837acafffffffff,-46.85543185506347,32.215452457296266,1,False,False
837acbfffffffff,-46.90048995085451,29.84398594040683,1,False,False
837accfffffffff,-48.47870693017248,31.23154135854848,1,False,False
837acdfffffffff,-47.99504205912691,29.78070209812288,1,False,False
837acefffffffff,-47.89398919649121,32.45209456993439,1,False,False
837ad0fffffffff,-48.53173329564692,37.94199604485483,1,False,False
837ad1fffffffff,-48.14418076991554,36.49240577185012,1,False,False
837ad2fffffffff,-47.89763827231073,39.00171958903064,1,False,False
837ad3fffffffff,-47.52392476446408,37.577901109603744,1,False,False
837ad4fffffffff,-49.54599561178888,38.32381149459819,1,False,False
837ad5fffffffff,-49.165953678632825,36.837659808481,1,False,False
837ad6fffffffff,-48.89772814409227,39.40070686913237,1,False,False
837ad8fffffffff,-46.71482899909176,34.759308557459,1,False,False
837ad9fffffffff,-46.28836157961258,33.41622546637304,1,False,False
837adafffffffff,-46.14931844175084,36.06734240129153,1,False,False
837adbfffffffff,-46.28291608975273,33.8079409113759,1,False,False
837adcfffffffff,-47.735356614573774,35.053686918519105,1,False,False
837addfffffffff,-47.30562613845142,33.62750948350801,1,False,False
837adefffffffff,-47.129551778931976,36.16322458284326,1,False,False
837ae0fffffffff,-52.12580217808729,33.52670929158807,1,False,False
837ae1fffffffff,-51.68007931296878,31.93390143970534,1,False,False
837ae2fffffffff,-51.4854246737504,34.80384013040041,1,False,False
837ae3fffffffff,-51.05761572034562,33.23684845400269,1,False,False
837ae4fffffffff,-53.19954854683176,33.832646077087446,1,False,False
837ae5fffffffff,-52.760703938044905,32.19397322971646,1,False,False
837ae6fffffffff,-52.5463096663825,35.13767170862573,1,False,False
837ae8fffffffff,-50.13026087206123,30.15766756829992,1,False,False
837ae9fffffffff,-49.6319224689935,28.6491773534217,1,False,False
837aeafffffffff,-49.53834493438857,31.453673448817483,1,False,False
837aebfffffffff,-49.058480286627976,29.96437228134312,1,False,False
837aecfffffffff,-51.209686747142094,30.361360144002365,1,False,False
837aedfffffffff,-50.71526827825421,28.811022185421827,1,False,False
837aeefffffffff,-50.60570836629774,31.687481162473546,1,False,False
837af0fffffffff,-51.22811357275802,37.58122026240008,1,False,False
837af1fffffffff,-50.841082552970406,36.02758235663939,1,False,False
837af2fffffffff,-50.565993696153015,38.72463688330323,1,False,False
837af3fffffffff,-50.19417576346622,37.200166312394096,1,False,False
837af4fffffffff,-52.26699569854504,37.98224603108362,1,False,False
837af5fffffffff,-51.88867251494805,36.38637755534248,1,False,False
837af6fffffffff,-51.59097086536196,39.14588582856632,1,False,False
837b41fffffffff,-60.946610733234536,22.95839124231643,1,False,False
837b45fffffffff,-62.097615849016,22.97087003802132,1,False,False
837b48fffffffff,-59.202977594388045,21.03868417233901,1,False,False
837b49fffffffff,-58.57878118873043,19.185387578799286,1,False,False
837b4afffffffff,-58.64691655693856,22.93597154437891,1,False,False
837b4bfffffffff,-58.050837946005565,21.09180903332925,1,False,False
837b4cfffffffff,-60.356966171384784,20.981753575951075,1,False,False
837b4dfffffffff,-59.73468621797666,19.064021645847365,1,False,False
837b4efffffffff,-59.796068823913146,22.946788091742352,1,False,False
837b59fffffffff,-58.06908173986421,24.75642528266462,1,False,False
837b5bfffffffff,-57.47197923864545,26.50116419486245,1,False,False
837b5dfffffffff,-59.211934828729206,24.829492086649847,1,False,False
837b61fffffffff,-63.82063791159853,20.78354710417066,1,False,False
837b68fffffffff,-62.04943322427719,18.793709072354044,1,False,False
837b69fffffffff,-61.39805571880927,16.803123199302043,1,False,False
837b6afffffffff,-61.511866960381326,20.920593227061683,1,False,False
837b6bfffffffff,-60.89189047241543,18.933797180562173,1,False,False
837b6cfffffffff,-63.2063492352344,18.642594433758955,1,False,False
837b6dfffffffff,-62.55635094325075,16.578014669122265,1,False,False
837b6efffffffff,-62.66673826836424,20.854713710603,1,False,False
838003fffffffff,-26.809834287803145,-9.2166505971314,1,False,False
838008fffffffff,-25.01865261550397,-10.925879366553865,1,False,False
838009fffffffff,-24.118307296227808,-11.75936578905542,1,False,False
83800bfffffffff,-23.90988387762217,-10.489515451400504,1,False,False
83800efffffffff,-25.916178289871187,-10.078300984926408,1,False,False
838010fffffffff,-28.33245606415777,-6.140008302176772,1,False,False
838011fffffffff,-27.45867276099232,-7.036918132398784,1,False,False
838012fffffffff,-28.07167180142005,-4.837708327504271,1,False,False
838013fffffffff,-27.207125103529968,-5.740863809307653,1,False,False
838016fffffffff,-29.198812016113944,-5.229834701746214,1,False,False
83801cfffffffff,-26.57848601368584,-7.9204221121204705,1,False,False
838020fffffffff,-30.359431470218627,-11.894408568496472,1,False,False
838024fffffffff,-31.46272797878757,-12.37207428528694,1,False,False
838025fffffffff,-30.550472335570003,-13.242590119628346,1,False,False
838026fffffffff,-31.263488395218445,-11.01242563322519,1,False,False
838034fffffffff,-31.937422857632868,-8.749248953240443,1,False,False
838035fffffffff,-31.049717196704364,-9.656992372722495,1,False,False
838036fffffffff,-31.700042444422728,-7.390725265768969,1,False,False
838040fffffffff,-21.590903857862028,-15.415880503891822,1,False,False
838041fffffffff,-20.684650511756907,-16.181923861089004,1,False,False
838042fffffffff,-21.41070031004978,-14.175431722826175,1,False,False
838043fffffffff,-20.50933629310707,-14.952816784417724,1,False,False
838046fffffffff,-22.498877761459816,-14.63563886531318,1,False,False
838048fffffffff,-18.71415598083297,-16.46612147702915,1,False,False
838049fffffffff,-17.822159383634062,-17.202262668381273,1,False,False
83804afffffffff,-18.53895688473529,-15.258830322954624,1,False,False
83804bfffffffff,-17.65089914894665,-16.006287442981268,1,False,False
83804cfffffffff,-19.781068378325127,-16.933886540198678,1,False,False
83804dfffffffff,-18.88107415786492,-17.671901264553792,1,False,False
83804efffffffff,-19.610179016212903,-15.716345635305396,1,False,False
838050fffffffff,-22.117834166520147,-12.133882654859972,1,False,False
838051fffffffff,-21.22098765124943,-12.935532720815557,1,False,False
838054fffffffff,-23.2161842276342,-12.578764808854586,1,False,False
838055fffffffff,-22.31331189120977,-13.38410387526106,1,False,False
838056fffffffff,-23.01446983594086,-11.318548465005014,1,False,False
83805cfffffffff,-20.32492061616884,-13.72353430056782,1,False,False
83805dfffffffff,-19.43059835126667,-14.497942479341392,1,False,False
838072fffffffff,-24.316038266984616,-13.032175252270452,1,False,False
838073fffffffff,-23.40759144966536,-13.841098006395104,1,False,False
8380a4fffffffff,-29.77633967371019,-2.993661685262928,1,False,False
838100fffffffff,-35.645279668382244,-12.96492866559022,1,False,False
838101fffffffff,-34.73819918302059,-13.86555017558116,1,False,False
838102fffffffff,-35.458144684712764,-11.547714400728395,1,False,False
838103fffffffff,-34.56009826396258,-12.46124018831618,1,False,False
838104fffffffff,-36.722015209408085,-13.479424318399545,1,False,False
838105fffffffff,-35.81526612654642,-14.384345885714684,1,False,False
838106fffffffff,-36.542891476958985,-12.046413866705324,1,False,False
838108fffffffff,-32.73824894158226,-14.236269340864649,1,False,False
838109fffffffff,-31.81660488839148,-15.097931342262855,1,False,False
83810afffffffff,-32.56095620965049,-12.859659553537224,1,False,False
83810bfffffffff,-31.647168442740508,-13.734421274562074,1,False,False
83810cfffffffff,-33.82271791361333,-14.748364083277757,1,False,False
83810dfffffffff,-32.899919145770994,-15.613486538619313,1,False,False
83810efffffffff,-33.65310877886544,-13.357403745485144,1,False,False
838110fffffffff,-36.1321875006975,-9.192327004610588,1,False,False
838111fffffffff,-35.25408221059048,-10.134425994387389,1,False,False
838112fffffffff,-35.90121021365935,-7.774731682709388,1,False,False
838113fffffffff,-35.03338626585257,-8.726757754792729,1,False,False
838114fffffffff,-37.22321691178486,-9.668485730141184,1,False,False
838115fffffffff,-36.346194161764686,-10.616794903056013,1,False,False
838116fffffffff,-36.99878700576984,-8.233452955192053,1,False,False
838118fffffffff,-33.26586001420275,-10.582070878716085,1,False,False
838119fffffffff,-32.368216162372455,-11.485243235292108,1,False,False
83811afffffffff,-33.04871240727083,-9.20092726960336,1,False,False
83811bfffffffff,-32.16026990349967,-10.114591320101711,1,False,False
83811cfffffffff,-34.36548040789741,-11.059690259616978,1,False,False
83811dfffffffff,-33.46741877536481,-11.968097359431203,1,False,False
83811efffffffff,-34.154597373776284,-9.662562631097956,1,False,False
838120fffffffff,-37.94163421124016,-15.454890393814791,1,False,False
838121fffffffff,-37.026868041443656,-16.348468181368304,1,False,False
838122fffffffff,-37.78938812228113,-14.004993041992888,1,False,False
838123fffffffff,-36.88337753453273,-14.914041392599913,1,False,False
838124fffffffff,-38.98917311213972,-16.007149428791948,1,False,False
838125fffffffff,-38.075454761072976,-16.903901323249773,1,False,False
838126fffffffff,-38.84651611825865,-14.541904842550975,1,False,False
838128fffffffff,-35.04419983819955,-16.67571445498477,1,False,False
838129fffffffff,-34.11319075889376,-17.52869606987215,1,False,False
83812afffffffff,-34.89960256319609,-15.27093819365875,1,False,False
83812bfffffffff,-33.97610311027923,-16.139340765599673,1,False,False
83812cfffffffff,-36.10328165120626,-17.222829567744803,1,False,False
83812dfffffffff,-35.17195449257812,-18.07819357768943,1,False,False
83812efffffffff,-35.96795739229009,-15.804227007724126,1,False,False
838130fffffffff,-38.50454685005887,-11.614192126307216,1,False,False
838131fffffffff,-37.61878844464008,-12.556064715172075,1,False,False
838132fffffffff,-38.30554605969293,-10.15553131057426,1,False,False
838133fffffffff,-37.42998740356759,-11.109953436461389,1,False,False
838134fffffffff,-39.568991586599445,-12.129807836884044,1,False,False
838135fffffffff,-38.68493591549166,-13.0769483255019,1,False,False
838136fffffffff,-39.37827880648335,-10.653768581970038,1,False,False
838144fffffffff,-30.225623144787765,-19.43475644080388,1,False,False
838146fffffffff,-30.09856783164832,-18.104265396156222,1,False,False
838150fffffffff,-29.801971338999024,-15.433866890776958,1,False,False
838154fffffffff,-30.88927068496336,-15.942511584448075,1,False,False
838155fffffffff,-29.95734280729333,-16.770156812772477,1,False,False
838156fffffffff,-30.72714254029865,-14.592456620812522,1,False,False
838160fffffffff,-31.391078360488585,-21.31485019286769,1,False,False
838161fffffffff,-30.437417915159795,-22.07926666965957,1,False,False
838162fffffffff,-31.287608834559656,-19.978883121308083,1,False,False
838163fffffffff,-30.33854306652732,-20.760217097000048,1,False,False
838164fffffffff,-32.43601758717297,-21.879225186840603,1,False,False
838165fffffffff,-31.48005944732726,-22.643700341981265,1,False,False
838166fffffffff,-32.342446108705275,-20.532840541003523,1,False,False
83816cfffffffff,-29.482528843653206,-22.826413977059904,1,False,False
83816dfffffffff,-28.527455381170665,-23.55662514847549,1,False,False
83816efffffffff,-29.38767727924845,-21.524322602470075,1,False,False
838170fffffffff,-32.10996519677588,-17.822270734467626,1,False,False
838171fffffffff,-31.16952210495394,-18.637204631031345,1,False,False
838172fffffffff,-31.970896154136856,-16.46106134946711,1,False,False
838173fffffffff,-31.03674674863832,-17.291257269803353,1,False,False
838174fffffffff,-33.17602453071227,-18.36338892147962,1,False,False
838175fffffffff,-32.23379872559413,-19.1800319265562,1,False,False
838176fffffffff,-33.04585829119972,-16.98972088707675,1,False,False
838180fffffffff,-33.99255323721957,-3.184525470394223,1,False,False
838181fffffffff,-33.15581948661896,-4.150190698344611,1,False,False
838182fffffffff,-33.695451659279684,-1.8285821706397096,1,False,False
838183fffffffff,-32.86971158576251,-2.7986345534509423,1,False,False
838184fffffffff,-35.11089402045482,-3.5795780730228848,1,False,False
838185fffffffff,-34.27547933868128,-4.5537429405156,1,False,False
838186fffffffff,-34.81679534322306,-2.205524104912476,1,False,False
83818afffffffff,-30.90523680555508,-3.3704206911613115,1,False,False
83818bfffffffff,-30.056733749059827,-4.306570408215134,1,False,False
83818cfffffffff,-32.3075043400844,-5.1022531700321405,1,False,False
83818efffffffff,-32.032069109513245,-3.755841669487813,1,False,False
838199fffffffff,-30.614517448702863,-2.053222573569138,1,False,False
83819dfffffffff,-31.7433643157778,-2.421624092085996,1,False,False
8381a1fffffffff,-35.653672682223906,-6.365680301624862,1,False,False
8381a3fffffffff,-35.39005329288509,-4.966782897650266,1,False,False
8381a8fffffffff,-33.685387376712995,-6.888054823893797,1,False,False
8381a9fffffffff,-32.81632162082559,-7.826235577620786,1,False,False
8381aafffffffff,-33.42790005947968,-5.513798093488567,1,False,False
8381abfffffffff,-32.56909626023344,-6.459520577384398,1,False,False
8381acfffffffff,-34.796421594947,-7.326363467174453,1,False,False
8381adfffffffff,-33.927770345596535,-8.271488084699838,1,False,False
8381aefffffffff,-34.543620572790445,-5.934845187694995,1,False,False
838200fffffffff,-38.86269865521005,-11.54086235667646,1,False,False
838202fffffffff,-38.82178945196789,-10.12609278439636,1,False,False
838203fffffffff,-37.95392084649463,-10.851079049823174,1,False,False
838206fffffffff,-39.745338108902544,-10.815603749988853,1,False,False
838210fffffffff,-39.6287886831233,-7.932039475039911,1,False,False
838211fffffffff,-38.76371662313364,-8.710658252017367,1,False,False
838212fffffffff,-39.543701989190005,-6.492473530514944,1,False,False
838213fffffffff,-38.68851013857975,-7.296285044503342,1,False,False
838214fffffffff,-40.57578313370183,-8.59256155766481,1,False,False
838215fffffffff,-39.69602314356396,-9.373690399133698,1,False,False
838216fffffffff,-40.49860543196703,-7.124259359896221,1,False,False
838218fffffffff,-36.99355471463622,-8.82036211725447,1,False,False
838219fffffffff,-36.155402895007946,-9.542969777778117,1,False,False
83821afffffffff,-36.92018231493692,-7.45611261684219,1,False,False
83821bfffffffff,-36.09040181336822,-8.201906742275517,1,False,False
83821cfffffffff,-37.90426281657912,-9.461394256579698,1,False,False
83821dfffffffff,-37.0512332748915,-10.185474476022618,1,False,False
83821efffffffff,-37.83818151088399,-8.071850086860149,1,False,False
838226fffffffff,-41.617016058396096,-13.766855934494044,1,False,False
838230fffffffff,-41.57758554316643,-10.777358047768043,1,False,False
838231fffffffff,-40.67405175447617,-11.53113157288103,1,False,False
838232fffffffff,-41.52863904524739,-9.279141130613906,1,False,False
838233fffffffff,-40.63427532532834,-10.062162952877827,1,False,False
838234fffffffff,-42.52500395339548,-11.520625919291128,1,False,False
838235fffffffff,-41.60701245876701,-12.27394076997784,1,False,False
838236fffffffff,-42.48643887242232,-9.993141829264513,1,False,False
838280fffffffff,-38.219359425833865,-1.6834009385204796,1,False,False
838281fffffffff,-37.41183898928833,-2.5474730372818306,1,False,False
838282fffffffff,-38.061325439485984,-0.2995302637706584,1,False,False
838283fffffffff,-37.265855386402656,-1.1827021204433432,1,False,False
838284fffffffff,-39.18310286916,-2.204194179753041,1,False,False
838285fffffffff,-38.36142610751242,-3.076605556002189,1,False,False
838286fffffffff,-39.028736234897934,-0.7906795071837558,1,False,False
838288fffffffff,-35.68205320865487,-2.867219875457368,1,False,False
838289fffffffff,-34.89545195673717,-3.670370121420441,1,False,False
83828afffffffff,-35.54386827212842,-1.548042795358936,1,False,False
83828bfffffffff,-34.767712926761504,-2.369341534047563,1,False,False
83828cfffffffff,-36.607110513794936,-3.38387850665704,1,False,False
83828dfffffffff,-35.80605057011274,-4.193585348352541,1,False,False
83828efffffffff,-36.47246668173384,-2.0382960999238176,1,False,False
838290fffffffff,-38.67114999510858,2.002706841485173,1,False,False
838291fffffffff,-37.88774503139196,1.0735032824615178,1,False,False
838292fffffffff,-38.46893840920925,3.3795830850494,1,False,False
838293fffffffff,-37.69909326171099,2.4342696449990084,1,False,False
838294fffffffff,-39.65465233358603,1.5532078972799808,1,False,False
838295fffffffff,-38.85792644476816,0.6121341241311609,1,False,False
838296fffffffff,-39.45396579992053,2.9609858887478384,1,False,False
838298fffffffff,-36.1595931643801,0.6265577451728784,1,False,False
838299fffffffff,-35.39182352152331,-0.2373816707704308,1,False,False
83829afffffffff,-35.98215789981232,1.943160127011616,1,False,False
83829bfffffffff,-35.226293532591164,1.063488598959663,1,False,False
83829cfffffffff,-37.10476457723339,0.1725387716512439,1,False,False
83829dfffffffff,-36.32316982841636,-0.7010289755634974,1,False,False
83829efffffffff,-36.92898885507287,1.5168500614678195,1,False,False
8382a0fffffffff,-40.288710631526506,-4.199214331914292,1,False,False
8382a1fffffffff,-39.440904327820654,-5.0567993474333965,1,False,False
8382a2fffffffff,-40.15644653706754,-2.746224810535035,1,False,False
8382a3fffffffff,-39.32060972366028,-3.626794452630879,1,False,False
8382a4fffffffff,-41.26498727866982,-4.795118870599129,1,False,False
8382a5fffffffff,-40.402851876019646,-5.659178109960842,1,False,False
8382a6fffffffff,-41.138689556325645,-3.310715700362424,1,False,False
8382a8fffffffff,-37.657063938013074,-5.299700651051659,1,False,False
8382a9fffffffff,-36.83120692426352,-6.094268856351991,1,False,False
8382aafffffffff,-37.54234608165601,-3.920311483628176,1,False,False
8382abfffffffff,-36.726779636308514,-4.736357432182755,1,False,False
8382acfffffffff,-38.59626949390683,-5.884691697623804,1,False,False
8382adfffffffff,-37.75573944426257,-6.684078915127492,1,False,False
8382aefffffffff,-38.487162970119535,-4.477576532540124,1,False,False
8382b0fffffffff,-40.83027392742824,-0.3689822629487246,1,False,False
8382b1fffffffff,-40.00639836568966,-1.302012842564169,1,False,False
8382b2fffffffff,-40.64902462914628,1.0846898660448114,1,False,False
8382b3fffffffff,-39.838975247392845,0.1316845019476259,1,False,False
8382b4fffffffff,-41.83114370748829,-0.8910881736841043,1,False,False
8382b5fffffffff,-40.99365244516972,-1.8347138830105267,1,False,False
8382b6fffffffff,-41.65363119774895,0.5959863888982693,1,False,False
8382d2fffffffff,-33.10666395127116,-2.678843176472864,1,False,False
8382d4fffffffff,-34.11344306335833,-4.4486291780380665,1,False,False
8382d6fffffffff,-33.99550202199626,-3.165756189820767,1,False,False
8382f0fffffffff,-35.109549301263186,-6.289536150771841,1,False,False
8382f2fffffffff,-35.009476713199774,-4.977543458707572,1,False,False
8382f4fffffffff,-36.010423226218386,-6.862353009963306,1,False,False
8382f5fffffffff,-35.19548189140038,-7.604992836851765,1,False,False
8382f6fffffffff,-35.91558242706051,-5.525766389276017,1,False,False
838300fffffffff,-45.317810576601815,-17.148054529256218,1,False,False
838302fffffffff,-45.36084207032757,-15.5454528214471,1,False,False
838303fffffffff,-44.39284629374495,-16.25436731516703,1,False,False
838304fffffffff,-46.24061130954062,-18.076459047912618,1,False,False
838306fffffffff,-46.29915267834191,-16.445814090450067,1,False,False
838310fffffffff,-46.34650955554661,-13.153382637580398,1,False,False
838311fffffffff,-45.381478378570826,-13.933431911308162,1,False,False
838312fffffffff,-46.33458956215084,-11.496887753813594,1,False,False
838313fffffffff,-45.37937566742142,-12.314479169347257,1,False,False
838314fffffffff,-47.31305335509093,-14.027733540936266,1,False,False
838315fffffffff,-46.33459275842928,-14.803920800856709,1,False,False
838316fffffffff,-47.31527956261715,-12.337435377956364,1,False,False
838318fffffffff,-43.48169882609239,-13.84677000546217,1,False,False
838319fffffffff,-42.54130002938336,-14.565192961009217,1,False,False
83831afffffffff,-43.47551846835528,-12.29338702751633,1,False,False
83831bfffffffff,-42.54324133715387,-13.045357382769753,1,False,False
83831cfffffffff,-44.4212853045364,-14.679630295032451,1,False,False
83831dfffffffff,-43.46695037338407,-15.393897089972436,1,False,False
83831efffffffff,-44.42805505681451,-13.097133806731325,1,False,False
838320fffffffff,-47.06181369588498,-20.68405657155109,1,False,False
838321fffffffff,-46.05641609903126,-21.29415214352977,1,False,False
838322fffffffff,-47.159963989658046,-19.041126973360257,1,False,False
838323fffffffff,-46.15949283440276,-19.693360422591844,1,False,False
838324fffffffff,-47.95845281936505,-21.71239463266227,1,False,False
838325fffffffff,-46.9412020405825,-22.308706232110687,1,False,False
838326fffffffff,-48.0745340268553,-20.04364517451015,1,False,False
838330fffffffff,-48.23481855562064,-16.654395143871742,1,False,False
838331fffffffff,-47.23494464523306,-17.382350542436342,1,False,False
838332fffffffff,-48.277715446584665,-14.939392942274278,1,False,False
838333fffffffff,-47.28614350219885,-15.71031347642612,1,False,False
838334fffffffff,-49.1792505065792,-17.63802054049514,1,False,False
838335fffffffff,-48.16689152453744,-18.356755299104144,1,False,False
838336fffffffff,-49.2391455525808,-15.89030840016908,1,False,False
838380fffffffff,-45.14040820538791,-5.820888028731054,1,False,False
838381fffffffff,-44.2344970653897,-6.737582089113189,1,False,False
838382fffffffff,-45.02319533032141,-4.206035025779376,1,False,False
838383fffffffff,-44.13085342027915,-5.152507816631399,1,False,False
838384fffffffff,-46.15439293301575,-6.519268532431814,1,False,False
838385fffffffff,-45.23477678812819,-7.441743996114145,1,False,False
838386fffffffff,-46.04629863698715,-4.866601815407163,1,False,False
838388fffffffff,-42.34817781187805,-6.9385872020052135,1,False,False
838389fffffffff,-41.46016105599666,-7.781336739201833,1,False,False
83838afffffffff,-42.24863454673965,-5.4158463803089205,1,False,False
83838bfffffffff,-41.37222462060682,-6.285988218109752,1,False,False
83838cfffffffff,-43.32980216609385,-7.618419793543355,1,False,False
83838dfffffffff,-42.42748648739192,-8.46507172383348,1,False,False
83838efffffffff,-43.23878277908248,-6.062825656487477,1,False,False
838390fffffffff,-45.75950892094629,-1.5873698469025683,1,False,False
838391fffffffff,-44.88344537520276,-2.599699047134818,1,False,False
838392fffffffff,-45.581689225868814,0.0340321791487309,1,False,False
838393fffffffff,-44.72156974430336,-1.0043143130131542,1,False,False
838394fffffffff,-46.80355966357324,-2.197983224093784,1,False,False
838395fffffffff,-45.91454276106681,-3.221758182549796,1,False,False
838396fffffffff,-46.63226641455155,-0.5356305943424663,1,False,False
838398fffffffff,-42.993986190526144,-2.9693915464090126,1,False,False
838399fffffffff,-42.12906798769575,-3.898975707908696,1,False,False
83839afffffffff,-42.84084315831299,-1.4359478842702278,1,False,False
83839bfffffffff,-41.9897767990013,-2.3900524471584625,1,False,False
83839cfffffffff,-44.00543078102101,-3.5741949046364567,1,False,False
83839dfffffffff,-43.12675368854602,-4.512406173420164,1,False,False
83839efffffffff,-43.85856703968632,-2.0049766650308616,1,False,False
8383a0fffffffff,-47.24470063610711,-8.945351213954131,1,False,False
8383a1fffffffff,-46.29863265222532,-9.83718344153129,1,False,False
8383a2fffffffff,-47.171716205482525,-7.249493364873598,1,False,False
8383a3fffffffff,-46.23855543001853,-8.177049121283023,1,False,False
8383a4fffffffff,-48.25201451829789,-9.748626576512676,1,False,False
8383a5fffffffff,-47.292546209159255,-10.642323158875628,1,False,False
8383a6fffffffff,-48.19122041158334,-8.013537112616032,1,False,False
8383a8fffffffff,-44.37559619529542,-9.918396221614628,1,False,False
8383a9fffffffff,-43.448201666002966,-10.736004267902077,1,False,False
8383aafffffffff,-44.31612335863196,-8.327023102127084,1,False,False
8383abfffffffff,-43.39963518937802,-9.17691304398176,1,False,False
8383acfffffffff,-45.35429413582753,-10.691147540670483,1,False,False
8383adfffffffff,-44.41288307583548,-11.50924900355957,1,False,False
8383aefffffffff,-45.30610179389487,-9.066031830476827,1,False,False
8383b0fffffffff,-47.9913233575618,-4.555113816539402,1,False,False
8383b1fffffffff,-47.07369321022085,-5.557711749023461,1,False,False
8383b2fffffffff,-47.85270299553426,-2.83800643301587,1,False,False
8383b3fffffffff,-46.950857901790165,-3.872925948758117,1,False,False
8383b4fffffffff,-49.03480547940509,-5.270384482609534,1,False,False
8383b5fffffffff,-48.104265158278,-6.281317561287399,1,False,False
8383b6fffffffff,-48.90585427341108,-3.5094447727868303,1,False,False
838a20fffffffff,-25.05897038080142,-34.54024243355574,1,False,False
838a22fffffffff,-25.01920555519776,-33.37693778561967,1,False,False
838a24fffffffff,-26.0280362432484,-35.14624697509519,1,False,False
838a25fffffffff,-25.08997456978363,-35.7179025248889,1,False,False
838a26fffffffff,-25.987298654400007,-33.9694287958008,1,False,False
838a30fffffffff,-25.93090834842839,-31.65048316961395,1,False,False
838a31fffffffff,-24.985832655041115,-32.22872473316962,1,False,False
838a32fffffffff,-25.89956840069538,-30.4759501520602,1,False,False
838a34fffffffff,-26.90216645343972,-32.23610107742937,1,False,False
838a35fffffffff,-25.95255640076471,-32.8105781965413,1,False,False
838a36fffffffff,-26.881851258790665,-31.05774258639074,1,False,False
838ac8fffffffff,-13.53345640401481,-29.03185204606906,1,False,False
838ac9fffffffff,-12.585829164983934,-29.55822666391349,1,False,False
838acafffffffff,-13.41727375709356,-27.958244361423763,1,False,False
838acbfffffffff,-12.57463394204263,-28.52411781246368,1,False,False
838acdfffffffff,-13.522752509539814,-30.06940311043056,1,False,False
838ad8fffffffff,-14.149306481137517,-26.28315375382924,1,False,False
838ad9fffffffff,-13.29534178352444,-26.87512021643404,1,False,False
838adafffffffff,-14.02183529478302,-25.17745654623632,1,False,False
838adbfffffffff,-13.167644739803778,-25.783136491716647,1,False,False
838addfffffffff,-14.27064865178923,-27.38022123500978,1,False,False
838adefffffffff,-15.013296498198477,-25.67865059384013,1,False,False
838b00fffffffff,-29.83005483181554,-36.441136817327575,1,False,False
838b01fffffffff,-28.91629498349881,-37.02517204416725,1,False,False
838b02fffffffff,-29.779480768782545,-35.22397846085144,1,False,False
838b03fffffffff,-28.875540671897536,-35.8077159906804,1,False,False
838b04fffffffff,-30.779024723925296,-37.085065541506886,1,False,False
838b05fffffffff,-29.869813523785435,-37.67212177234057,1,False,False
838b06fffffffff,-30.72945698007844,-35.85408331732492,1,False,False
838b08fffffffff,-27.026046117485585,-36.966554459217285,1,False,False
838b0afffffffff,-26.994532722287182,-35.76233270722968,1,False,False
838b0bfffffffff,-26.059537188763937,-36.3371888563896,1,False,False
838b0efffffffff,-27.95757816251657,-36.38860724289757,1,False,False
838b10fffffffff,-30.734311380510743,-33.459770289156175,1,False,False
838b11fffffffff,-29.769867792895884,-34.036312370338706,1,False,False
838b12fffffffff,-30.74996325053812,-32.25171326579556,1,False,False
838b13fffffffff,-29.78424764524994,-32.84801140955931,1,False,False
838b14fffffffff,-31.67445598832221,-34.07903374437779,1,False,False
838b15fffffffff,-30.70791634113175,-34.650831625753,1,False,False
838b16fffffffff,-31.702233801679142,-32.86782523585798,1,False,False
838b18fffffffff,-27.865266381113283,-33.99518589592629,1,False,False
838b19fffffffff,-26.953298073217923,-34.57197538019744,1,False,False
838b1afffffffff,-27.866258645930188,-32.82894281791865,1,False,False
838b1bfffffffff,-26.91262581709597,-33.399398824681214,1,False,False
838b1cfffffffff,-28.82446900024857,-34.60438584365692,1,False,False
838b1dfffffffff,-27.91633452964249,-35.18469901215874,1,False,False
838b1efffffffff,-28.822408784464105,-33.42901358827051,1,False,False
838b22fffffffff,-31.72161105107368,-37.73959907463711,1,False,False
838b26fffffffff,-32.65699097943409,-38.40482647409669,1,False,False
838b30fffffffff,-32.55306750110764,-35.901466980624015,1,False,False
838b31fffffffff,-31.67356364381229,-36.49481390224326,1,False,False
838b32fffffffff,-32.60400007631907,-34.70579337103916,1,False,False
838b33fffffffff,-31.63586723498726,-35.27255699195513,1,False,False
838b34fffffffff,-33.485044524171094,-36.549676416602885,1,False,False
838b35fffffffff,-32.6109809250493,-37.14627693296773,1,False,False
838b36fffffffff,-33.52229819542674,-35.34003338524166,1,False,False
838b80fffffffff,-29.7310340793701,-27.93950885319608,1,False,False
838b81fffffffff,-28.76793565081206,-28.5972450930154,1,False,False
838b82fffffffff,-29.68804786554365,-26.67786123271936,1,False,False
838b83fffffffff,-28.72607410974611,-27.35427688969743,1,False,False
838b84fffffffff,-30.72788210908655,-28.533263990779627,1,False,False
838b85fffffffff,-29.76177310196056,-29.188282406305703,1,False,False
838b86fffffffff,-30.696097255057108,-27.26531188660796,1,False,False
838b88fffffffff,-26.810252140800724,-28.658795555854248,1,False,False
838b89fffffffff,-25.858213513364745,-29.28771291075729,1,False,False
838b8afffffffff,-26.75832412621051,-27.439850059611565,1,False,False
838b8cfffffffff,-27.80773353251793,-29.23894903404305,1,False,False
838b8dfffffffff,-26.85132461968581,-29.865044571900363,1,False,False
838b8efffffffff,-27.766501198634348,-28.0144520487994,1,False,False
838b90fffffffff,-30.59366011901244,-24.692819708257364,1,False,False
838b91fffffffff,-29.63248777560619,-25.404380847215712,1,False,False
838b92fffffffff,-30.52239183827696,-23.390564914658484,1,False,False
838b93fffffffff,-29.56406429490645,-24.12017530558503,1,False,False
838b94fffffffff,-31.61534205142812,-25.274663081742588,1,False,False
838b95fffffffff,-30.651466022634303,-25.98479398839188,1,False,False
838b96fffffffff,-31.55473561784647,-23.96407356159318,1,False,False
838b98fffffffff,-27.64951215973384,-25.52908793989238,1,False,False
838b9cfffffffff,-28.672226575984705,-26.099145894652704,1,False,False
838b9dfffffffff,-27.713856143033865,-26.77750539127384,1,False,False
838b9efffffffff,-28.606104110515403,-24.832894031981265,1,False,False
838ba0fffffffff,-31.72337372206286,-30.39527477770401,1,False,False
838ba1fffffffff,-30.754404100242297,-31.027390659332617,1,False,False
838ba2fffffffff,-31.71579259599679,-29.135599528540464,1,False,False
838ba3fffffffff,-30.747185376072103,-29.78761170059808,1,False,False
838ba4fffffffff,-32.689571725728406,-31.011307111044253,1,False,False
838ba5fffffffff,-31.71870057760418,-31.63964146268724,1,False,False
838ba6fffffffff,-32.69397140208204,-29.746566772066867,1,False,False
838ba8fffffffff,-28.81702248714123,-31.042857552685287,1,False,False
838ba9fffffffff,-27.85725596970094,-31.64700609922995,1,False,False
838baafffffffff,-28.79813409350172,-29.827074392280107,1,False,False
838babfffffffff,-27.837870299273465,-30.45008249125417,1,False,False
838bacfffffffff,-29.78797832465104,-31.643394837307262,1,False,False
838badfffffffff,-28.824980153451747,-32.24375846384204,1,False,False
838baefffffffff,-29.78062483470668,-30.42321057551045,1,False,False
838bb0fffffffff,-32.66372821821492,-27.17274976733241,1,False,False
838bb1fffffffff,-31.69552305854178,-27.86157081247335,1,False,False
838bb2fffffffff,-32.62823712587008,-25.86580595268657,1,False,False
838bb3fffffffff,-31.662162036944835,-26.574222298244187,1,False,False
838bb4fffffffff,-33.65534940710391,-27.780455055229307,1,False,False
838bb5fffffffff,-32.685504014379575,-28.466705538845886,1,False,False
838bb6fffffffff,-33.63150365073063,-26.46634416651007,1,False,False
83941afffffffff,-47.21983959767842,120.11943993976143,1,False,False
83941bfffffffff,-47.164708664723385,121.66411211964451,1,False,False
839442fffffffff,-43.73490287073404,129.4505330187006,1,False,False
839443fffffffff,-43.53636368934572,130.97302432916732,1,False,False
839448fffffffff,-43.075782984091376,134.00738610110167,1,False,False
839449fffffffff,-42.81419304275515,135.5150555418394,1,False,False
83944afffffffff,-44.11716368935175,133.56568884408145,1,False,False
83944bfffffffff,-43.86441656219122,135.09254790939195,1,False,False
83944cfffffffff,-42.2714451192406,132.94255118468496,1,False,False
83944dfffffffff,-42.02160797935191,134.43879415164534,1,False,False
83944efffffffff,-43.31659722892908,132.4926824322459,1,False,False
839450fffffffff,-44.912608195910245,127.41430121109354,1,False,False
839451fffffffff,-44.74635801582318,128.95434590773195,1,False,False
839452fffffffff,-45.89825351274791,126.88984441085708,1,False,False
839453fffffffff,-45.74329253852377,128.44688220506035,1,False,False
839456fffffffff,-45.05712320820143,125.87649162308554,1,False,False
839458fffffffff,-45.36667633027288,131.56094620659422,1,False,False
839459fffffffff,-45.14512015054576,133.11338426192293,1,False,False
83945afffffffff,-46.37043249170857,131.07844013948838,1,False,False
83945bfffffffff,-46.15906865674446,132.65014406477138,1,False,False
83945cfffffffff,-44.55832189722255,130.49440367112095,1,False,False
83945dfffffffff,-44.34854387040514,132.03225234636736,1,False,False
83945efffffffff,-45.56609996178786,130.00468309394364,1,False,False
839489fffffffff,-50.70685128661514,120.8258039339273,1,False,False
839490fffffffff,-51.412238875815774,112.25666445815256,1,False,False
839492fffffffff,-52.18995207935367,111.5587928825902,1,False,False
839493fffffffff,-52.275867973015,113.11266529486728,1,False,False
839494fffffffff,-50.53841336898916,111.42862638618092,1,False,False
839496fffffffff,-51.320579002092586,110.73547574686248,1,False,False
8394a9fffffffff,-48.12404172252113,119.51233549025056,1,False,False
8394c0fffffffff,-49.57618230202458,126.29803577875592,1,False,False
8394c1fffffffff,-49.44531205156503,127.92835175265184,1,False,False
8394c2fffffffff,-50.49368188572039,125.7294650677752,1,False,False
8394c3fffffffff,-50.37501731663076,127.37822588896904,1,False,False
8394c4fffffffff,-48.76148088015517,125.24508613252031,1,False,False
8394c5fffffffff,-48.64203618571866,126.8537346087087,1,False,False
8394c6fffffffff,-49.68331494021986,124.67202637189617,1,False,False
8394c8fffffffff,-50.06473035509755,130.68089634909904,1,False,False
8394c9fffffffff,-49.87296313829085,132.32932829052373,1,False,False
8394cafffffffff,-51.0014982886258,130.15768708168008,1,False,False
8394cbfffffffff,-50.8210186913932,131.82741401039226,1,False,False
8394ccfffffffff,-49.290519591373226,129.560345223341,1,False,False
8394cdfffffffff,-49.11172532661976,131.19137085477843,1,False,False
8394cefffffffff,-50.23207579595304,129.02961611455518,1,False,False
8394d0fffffffff,-51.47617261343073,123.4868328437093,1,False,False
8394d1fffffffff,-51.39424202821614,125.14768595417031,1,False,False
8394d2fffffffff,-52.34669293501528,122.8740661118964,1,False,False
8394d3fffffffff,-52.27761062479217,124.5523570003771,1,False,False
8394d4fffffffff,-50.65921522217284,122.45063230317454,1,False,False
8394d5fffffffff,-50.5883027460612,124.0860469685673,1,False,False
8394d6fffffffff,-51.53416698461958,121.8351578321421,1,False,False
8394d8fffffffff,-52.06540077799049,127.9289062885784,1,False,False
8394d9fffffffff,-51.93330776080074,129.56860341108262,1,False,False
8394dafffffffff,-53.008387453357805,127.11797103741544,1,False,False
8394dbfffffffff,-52.89273837970146,128.7938488933532,1,False,False
8394dcfffffffff,-51.2879900084556,126.81498408986852,1,False,False
8394ddfffffffff,-51.15713387419568,128.48592940844128,1,False,False
8394defffffffff,-52.18395752096189,126.23826447842102,1,False,False
8394e0fffffffff,-46.98944494024494,124.78347525105738,1,False,False
8394e1fffffffff,-46.8685711199044,126.35368955124896,1,False,False
8394e2fffffffff,-47.93179795934488,124.2190439949022,1,False,False
8394e3fffffffff,-47.82311402370147,125.80553793377216,1,False,False
8394e4fffffffff,-46.14195854519144,123.78720765657914,1,False,False
8394e5fffffffff,-46.03107887431416,125.3358638335154,1,False,False
8394e6fffffffff,-47.08804818359685,123.2195241682977,1,False,False
8394e8fffffffff,-47.53700315502608,128.99066798041014,1,False,False
8394e9fffffffff,-47.3592968888716,130.5844010541406,1,False,False
8394eafffffffff,-48.49918829623887,128.46571657967314,1,False,False
8394ebfffffffff,-48.33280039753489,130.0784866101675,1,False,False
8394ecfffffffff,-46.72518957442262,127.92783546623984,1,False,False
8394edfffffffff,-46.55915808253573,129.50354603231182,1,False,False
8394eefffffffff,-47.69157887638364,127.39689270688424,1,False,False
8394f0fffffffff,-48.93120619883447,122.0477907784734,1,False,False
8394f1fffffffff,-48.85775969717816,123.64228511395662,1,False,False
8394f2fffffffff,-49.82760793682028,121.44321162169484,1,False,False
8394f3fffffffff,-49.76699596489714,123.05291107252869,1,False,False
8394f4fffffffff,-48.081843324175374,121.07015568078918,1,False,False
8394f5fffffffff,-48.01791574414533,122.63980661472374,1,False,False
8394f6fffffffff,-48.98224481530512,120.46398561799238,1,False,False
839600fffffffff,-59.098020413759066,-3.321594529309772,1,False,False
839601fffffffff,-58.15071888352206,-4.677979202972308,1,False,False
839602fffffffff,-58.92828589291261,-1.0503734341082762,1,False,False
839603fffffffff,-58.005221623869616,-2.460522352773746,1,False,False
839604fffffffff,-60.18474190033952,-4.239192867636087,1,False,False
839605fffffffff,-59.22771486246044,-5.612728191030742,1,False,False
839606fffffffff,-60.03037206320598,-1.888771234029202,1,False,False
839608fffffffff,-56.11794564732869,-5.068821185083976,1,False,False
839609fffffffff,-55.1577886617953,-6.274891091636227,1,False,False
83960afffffffff,-55.9803656580041,-2.9703707940366217,1,False,False
83960bfffffffff,-55.04102772468696,-4.225171875468948,1,False,False
83960cfffffffff,-57.190595860175264,-5.9624787041382605,1,False,False
83960dfffffffff,-56.21968557563543,-7.179466636643044,1,False,False
83960efffffffff,-57.067751282990415,-3.798663184569101,1,False,False
839610fffffffff,-59.599061289105485,2.727747596566493,1,False,False
839611fffffffff,-58.71936298315173,1.1941697756754084,1,False,False
839612fffffffff,-59.32453070766195,4.980292480493057,1,False,False
839613fffffffff,-58.47236490323944,3.405753393523134,1,False,False
839614fffffffff,-60.7224885262428,2.0024750824494904,1,False,False
839615fffffffff,-59.834787921466855,0.4359037091855173,1,False,False
839616fffffffff,-60.4584454626719,4.340025231181979,1,False,False
839618fffffffff,-56.71172847456322,0.4739551592556203,1,False,False
839619fffffffff,-55.80749966971175,-0.8895764146910626,1,False,False
83961afffffffff,-56.48022127905722,2.571595023342516,1,False,False
83961bfffffffff,-55.60012225773208,1.1683778475290711,1,False,False
83961cfffffffff,-57.82158401922639,-0.2642907715789316,1,False,False
83961dfffffffff,-56.90788836055757,-1.65126453075608,1,False,False
83961efffffffff,-57.60071363858196,1.904675075687888,1,False,False
839620fffffffff,-61.35723520027637,-7.668484781811629,1,False,False
839621fffffffff,-60.36703201521503,-8.986565537300807,1,False,False
839622fffffffff,-61.26377611414619,-5.218551854916321,1,False,False
839623fffffffff,-60.29711789510274,-6.60777460565661,1,False,False
839624fffffffff,-62.40629755269095,-8.800775998788884,1,False,False
839625fffffffff,-61.40635261101308,-10.125429413629922,1,False,False
839626fffffffff,-62.33344126740143,-6.265489557593954,1,False,False
839628fffffffff,-58.3249436654185,-9.150661231623944,1,False,False
839629fffffffff,-57.32357045594073,-10.315036088401834,1,False,False
83962afffffffff,-58.257421661394815,-6.910250648116588,1,False,False
83962bfffffffff,-57.27594390662468,-8.136674265690342,1,False,False
83962cfffffffff,-59.36499579734029,-10.225938666922431,1,False,False
83962dfffffffff,-58.35317504855946,-11.392387770910958,1,False,False
83962efffffffff,-59.31679866646077,-7.916636787593894,1,False,False
839630fffffffff,-62.05015731892491,-1.2432528681118864,1,False,False
839631fffffffff,-61.12631875930838,-2.784488798115917,1,False,False
839632fffffffff,-61.84124250302146,1.2250733236337237,1,False,False
839633fffffffff,-60.945551332717166,-0.3748118893554086,1,False,False
839634fffffffff,-63.14704665379277,-2.1753669756253347,1,False,False
839635fffffffff,-62.214536471305365,-3.7431262046421887,1,False,False
839636fffffffff,-62.95386435327176,0.3900323091555208,1,False,False
839640fffffffff,-52.26559727037789,-11.452430028790236,1,False,False
839641fffffffff,-51.26801886139117,-12.390024228855005,1,False,False
839642fffffffff,-52.23373366858638,-9.54510191602752,1,False,False
839643fffffffff,-51.25025640370747,-10.53046180823971,1,False,False
839644fffffffff,-53.27635315929328,-12.420337059126156,1,False,False
839645fffffffff,-52.26674052902898,-13.3556193664666,1,False,False
839646fffffffff,-53.26117382834792,-10.46597570431696,1,False,False
839648fffffffff,-49.27952174053045,-12.36251418106828,1,False,False
839649fffffffff,-48.29509866701619,-13.214709393261307,1,False,False
83964afffffffff,-49.25923418492168,-10.588980426483191,1,False,False
83964bfffffffff,-48.28660841772225,-11.483408647829831,1,False,False
83964cfffffffff,-50.26992621564196,-13.281834040083483,1,False,False
83964dfffffffff,-49.27272002981672,-14.130731115623426,1,False,False
83964efffffffff,-50.2650324734569,-11.468652870788391,1,False,False
839650fffffffff,-53.13454973351235,-6.555625556660687,1,False,False
839651fffffffff,-52.171024847662416,-7.637853221201354,1,False,False
839652fffffffff,-53.02322453709336,-4.608713069139342,1,False,False
839653fffffffff,-52.07752485418023,-5.734901085164734,1,False,False
839654fffffffff,-54.18917667082904,-7.420612398210822,1,False,False
839655fffffffff,-53.21391813058021,-8.509553367503685,1,False,False
839656fffffffff,-54.09180599387191,-5.419138656017737,1,False,False
839658fffffffff,-50.170154261433474,-7.834570394050052,1,False,False
839659fffffffff,-49.21168200588615,-8.813513294773765,1,False,False
83965afffffffff,-50.0801044992638,-6.020964245086986,1,False,False
83965bfffffffff,-49.13683427037327,-7.039518404938401,1,False,False
83965cfffffffff,-51.20291314189191,-8.668897400878445,1,False,False
83965dfffffffff,-50.231811967136736,-9.65168274749971,1,False,False
83965efffffffff,-51.12595473322801,-6.8092560662851085,1,False,False
839660fffffffff,-54.24527418598648,-15.430318713111337,1,False,False
839661fffffffff,-53.21157888747814,-16.304860634083393,1,False,False
839662fffffffff,-54.28098012950998,-13.43710823584283,1,False,False
839663fffffffff,-53.259683549490646,-14.36811061142948,1,False,False
839664fffffffff,-55.221880285531626,-16.54521117896486,1,False,False
839665fffffffff,-54.1771488745909,-17.40942801776093,1,False,False
839666fffffffff,-55.27787254502081,-14.505848276314683,1,False,False
839668fffffffff,-51.21576424559373,-16.087617749157452,1,False,False
839669fffffffff,-50.19593662090649,-16.882512127338302,1,False,False
83966afffffffff,-51.25640073893922,-14.243684840575794,1,False,False
83966bfffffffff,-50.24675688249218,-15.087624959846693,1,False,False
83966cfffffffff,-52.17824089417147,-17.133036155904442,1,False,False
83966dfffffffff,-51.14662701277939,-17.918117382998542,1,False,False
83966efffffffff,-52.23746454689015,-15.250506394616396,1,False,False
839670fffffffff,-55.2872616170629,-10.39456045436615,1,False,False
839671fffffffff,-54.28372730381449,-11.434509889309668,1,False,False
839672fffffffff,-55.23992860611131,-8.333113426630788,1,False,False
839673fffffffff,-54.25317270490036,-9.427372789067396,1,False,False
839674fffffffff,-56.31459273487668,-11.4146113862408,1,False,False
839675fffffffff,-55.29982387228301,-12.453903972964772,1,False,False
839676fffffffff,-56.2852628584489,-9.296650850296322,1,False,False
839680fffffffff,-56.953457189932685,12.00366726809156,1,False,False
839681fffffffff,-56.19424580987349,10.391995311385733,1,False,False
839682fffffffff,-56.53579903220171,13.965582491347297,1,False,False
839683fffffffff,-55.803760609992885,12.340339803941715,1,False,False
839684fffffffff,-58.10554492159248,11.64449215459615,1,False,False
839685fffffffff,-57.34189254752816,9.987137184587446,1,False,False
839686fffffffff,-57.68897708440247,13.67639709601882,1,False,False
839688fffffffff,-54.27390491809801,9.26009843414746,1,False,False
839689fffffffff,-53.65013476597469,7.62417826029209,1,False,False
83968afffffffff,-53.90777120731114,11.129579307499322,1,False,False
83968bfffffffff,-53.13840313771172,9.65532695122685,1,False,False
83968cfffffffff,-55.41324650068806,8.840510944452008,1,False,False
83968dfffffffff,-54.78163458179412,7.158910232318806,1,False,False
83968efffffffff,-55.04918714802457,10.772084356473956,1,False,False
839690fffffffff,-56.7713078048302,17.55811648509685,1,False,False
839691fffffffff,-56.09097991348475,15.870662428387735,1,False,False
839692fffffffff,-56.27466356635043,19.404925595422625,1,False,False
839693fffffffff,-55.621108222982215,17.717314827281815,1,False,False
839694fffffffff,-57.92506400009327,17.388279312208137,1,False,False
839695fffffffff,-57.24349290811961,15.648216520295149,1,False,False
839696fffffffff,-57.42512733283716,19.29876816410533,1,False,False
839698fffffffff,-54.23998149608915,14.491654565146533,1,False,False
839699fffffffff,-53.51564749701651,12.954059683373838,1,False,False
83969afffffffff,-53.79854250453883,16.275729241610723,1,False,False
83969bfffffffff,-53.09928453127318,14.731582017686833,1,False,False
83969cfffffffff,-55.385805068840405,14.236797131986226,1,False,False
83969dfffffffff,-54.65748982625466,12.656539019051582,1,False,False
83969efffffffff,-54.94234844189689,16.079426837937376,1,False,False
8396a0fffffffff,-59.64056025674662,9.092951972317316,1,False,False
8396a1fffffffff,-59.01277092590605,7.187773555454672,1,False,False
8396a2fffffffff,-59.25895980130066,11.260511704949709,1,False,False
8396a3fffffffff,-58.49103803431122,9.555051949834091,1,False,False
8396a4fffffffff,-60.7893061535381,8.597664172320352,1,False,False
8396a5fffffffff,-60.15500536197611,6.631261142397999,1,False,False
8396a6fffffffff,-60.41261092119044,10.84910272052676,1,False,False
8396a8fffffffff,-57.05205082320942,6.1390186161060925,1,False,False
8396a9fffffffff,-56.2145255700067,4.636687719148564,1,False,False
8396aafffffffff,-56.72714544295084,8.194879760393226,1,False,False
8396abfffffffff,-55.91598679141318,6.664755521110092,1,False,False
8396acfffffffff,-58.1886417007752,5.57866953639981,1,False,False
8396adfffffffff,-57.34375198248621,4.040794668554057,1,False,False
8396aefffffffff,-57.869751612143226,7.707850815111068,1,False,False
8396b0fffffffff,-59.55626322590758,15.156556069536046,1,False,False
8396b1fffffffff,-58.84432593541767,13.36740994015298,1,False,False
8396b2fffffffff,-59.08142341763146,17.206703300959298,1,False,False
8396b3fffffffff,-58.39891787453218,15.410706030441848,1,False,False
8396b4fffffffff,-60.71451886376279,14.883965717695473,1,False,False
8396b5fffffffff,-60.000808385681424,13.036535027585543,1,False,False
8396b6fffffffff,-60.239415353265855,17.012131892147906,1,False,False
8396c0fffffffff,-51.40284379840978,1.7526881934167249,1,False,False
8396c1fffffffff,-50.52707085466143,0.5334318087733408,1,False,False
8396c2fffffffff,-51.16225751716213,3.574684289874494,1,False,False
8396c3fffffffff,-50.307247377312144,2.32707865692606,1,False,False
8396c4fffffffff,-52.501876621336734,1.1465261865349494,1,False,False
8396c5fffffffff,-51.61547059080749,-0.0928251858374455,1,False,False
8396c6fffffffff,-52.26797384284151,3.0229579099967125,1,False,False
8396c8fffffffff,-48.56891639161045,-0.0249840513095436,1,False,False
8396c9fffffffff,-47.688841288968206,-1.132978456186087,1,False,False
8396cafffffffff,-48.36212514370116,1.692467248491771,1,False,False
8396cbfffffffff,-47.50029865368008,0.5571141727467998,1,False,False
8396ccfffffffff,-49.6423655588535,-0.6367839012731191,1,False,False
8396cdfffffffff,-48.7503798758403,-1.7599400240625998,1,False,False
8396cefffffffff,-49.44225008149503,1.1277759351328212,1,False,False
8396d0fffffffff,-51.7158416857941,6.691413130517136,1,False,False
8396d1fffffffff,-50.89472676343264,5.370001466644232,1,False,False
8396d2fffffffff,-51.400025983979184,8.4774193297442,1,False,False
8396d3fffffffff,-50.60138456948014,7.135778826563019,1,False,False
8396d4fffffffff,-52.83546606211608,6.2216249460883,1,False,False
8396d5fffffffff,-52.00557909050512,4.872314177975526,1,False,False
8396d6fffffffff,-52.52258245069951,8.0629642820886,1,False,False
8396d8fffffffff,-48.96512836154335,4.593139286421243,1,False,False
8396d9fffffffff,-48.130785287582775,3.389642724122893,1,False,False
8396dafffffffff,-48.69000859521934,6.288536729911518,1,False,False
8396dbfffffffff,-47.87578298657541,5.063978135912167,1,False,False
8396dcfffffffff,-50.06095480956179,4.097359705268535,1,False,False
8396ddfffffffff,-49.21620770197215,2.872024820131729,1,False,False
8396defffffffff,-49.78920118180846,5.841419905132375,1,False,False
8396e0fffffffff,-53.79823120281255,-1.4512360307314631,1,False,False
8396e1fffffffff,-52.88028828167911,-2.6732397935350765,1,False,False
8396e2fffffffff,-53.6031660438256,0.5060292381867046,1,False,False
8396e3fffffffff,-52.70627072528728,-0.7534738269071344,1,False,False
8396e4fffffffff,-54.890050543362726,-2.1891040642378496,1,False,False
8396e5fffffffff,-53.96133308050974,-3.427784307855127,1,False,False
8396e6fffffffff,-54.70547308614806,-0.171630366147537,1,False,False
8396e8fffffffff,-50.883888222428894,-3.11127291136802,1,False,False
8396e9fffffffff,-49.9618631765881,-4.214470677404122,1,False,False
8396eafffffffff,-50.71953653129458,-1.2804673697259994,1,False,False
8396ebfffffffff,-49.8157833765443,-2.418611494707031,1,False,False
8396ecfffffffff,-51.95346619411743,-3.840405920505876,1,False,False
8396edfffffffff,-51.01951380832763,-4.955438619875261,1,False,False
8396eefffffffff,-51.799256231996594,-1.958417594884881,1,False,False
8396f0fffffffff,-54.2389646597085,3.789189002261138,1,False,False
8396f1fffffffff,-53.37698388325878,2.439800703466754,1,False,False
8396f2fffffffff,-53.959201238835405,5.724237326421634,1,False,False
8396f3fffffffff,-53.1206968884192,4.3461812361719785,1,False,False
8396f4fffffffff,-55.35921342413226,3.1986556433286024,1,False,False
8396f5fffffffff,-54.48811100816316,1.822579924816096,1,False,False
8396f6fffffffff,-55.08594004100145,5.196826556112072,1,False,False
839700fffffffff,-66.48185744011133,-11.269606241123014,1,False,False
839701fffffffff,-65.46816927019574,-12.695614695339,1,False,False
839702fffffffff,-66.45565618751706,-8.344310035943254,1,False,False
839703fffffffff,-65.46818254715868,-9.880120929162151,1,False,False
839704fffffffff,-67.47638780183941,-12.76691958680324,1,False,False
839705fffffffff,-66.45353033585485,-14.18613019668016,1,False,False
839706fffffffff,-67.47857552666969,-9.72830354509498,1,False,False
839708fffffffff,-63.44477760751839,-12.63405644972819,1,False,False
839709fffffffff,-62.41347932232508,-13.870582387954148,1,False,False
83970afffffffff,-63.4424528449513,-10.01116658264384,1,False,False
83970bfffffffff,-62.43291226031688,-11.33911944711858,1,False,False
83970cfffffffff,-64.43992280599791,-14.017216109411407,1,False,False
83970dfffffffff,-63.39936042733003,-15.244208879391069,1,False,False
83970efffffffff,-64.46375802471111,-11.306824988784925,1,False,False
839710fffffffff,-67.17137190850217,-3.2709757382231643,1,False,False
839711fffffffff,-66.37472134135879,-5.4254422328505525,1,False,False
839712fffffffff,-66.99442124856768,-0.3015472180022926,1,False,False
839713fffffffff,-66.09588911339122,-2.1599756185989163,1,False,False
839714fffffffff,-68.23269588509618,-4.478401680994602,1,False,False
839715fffffffff,-67.29247871303409,-6.274806194382828,1,False,False
839716fffffffff,-68.07779519162985,-1.371718564329635,1,False,False
839718fffffffff,-64.36106270875426,-5.875013074463129,1,False,False
839719fffffffff,-63.39197749441731,-7.386473550929042,1,False,False
83971afffffffff,-64.23459036546144,-3.1778710937519934,1,False,False
83971bfffffffff,-63.2933643548048,-4.7709566862712185,1,False,False
83971cfffffffff,-65.41580316296947,-7.063182752224083,1,False,False
83971dfffffffff,-64.43753874270125,-8.588690971423413,1,False,False
83971efffffffff,-65.31108103599934,-4.258362099132727,1,False,False
839720fffffffff,-68.35783263095966,-17.51046815948444,1,False,False
839721fffffffff,-67.30320398502859,-18.77429724683229,1,False,False
839722fffffffff,-68.44945605816547,-14.382816537357444,1,False,False
839723fffffffff,-67.41755911338305,-15.787717298550694,1,False,False
839724fffffffff,-69.2717709802406,-19.36517800169925,1,False,False
839725fffffffff,-68.2090387953451,-20.59131605524719,1,False,False
839726fffffffff,-69.39858230953175,-16.129064224713133,1,False,False
839728fffffffff,-65.31328803329417,-18.26861407390988,1,False,False
839729fffffffff,-64.24516257804828,-19.367319885933423,1,False,False
83972afffffffff,-65.41622094039576,-15.496143655852736,1,False,False
83972bfffffffff,-64.36669235287964,-16.707872101353328,1,False,False
83972cfffffffff,-66.23685657634641,-19.93386293316897,1,False,False
83972dfffffffff,-65.16078264486242,-21.00071404973057,1,False,False
83972efffffffff,-66.37143432726852,-17.078952249972925,1,False,False
839731fffffffff,-68.48237917917031,-11.226243997879832,1,False,False
839733fffffffff,-68.32879974635263,-7.615436020941921,1,False,False
839735fffffffff,-69.46472661573111,-12.85048465910942,1,False,False
839740fffffffff,-59.153870717512014,-19.36881738484057,1,False,False
839741fffffffff,-58.08062587043055,-20.237731875959955,1,False,False
839742fffffffff,-59.26601201231724,-17.11169056478652,1,False,False
839743fffffffff,-58.205177962371046,-18.05761489495688,1,False,False
839744fffffffff,-60.08590443156041,-20.75008674610237,1,False,False
839745fffffffff,-59.00385923048982,-21.59569203152081,1,False,False
839746fffffffff,-60.22404607227693,-18.44100429448728,1,False,False
839748fffffffff,-56.076008057154255,-19.78047184137009,1,False,False
839749fffffffff,-55.01067905727678,-20.566484843943577,1,False,False
83974afffffffff,-56.18781277250245,-17.71589717128176,1,False,False
83974bfffffffff,-55.13252553292217,-18.567000728789424,1,False,False
83974cfffffffff,-57.005846331476064,-21.052819499282965,1,False,False
83974dfffffffff,-55.930978993447376,-21.81863037573851,1,False,False
83974efffffffff,-57.14132726576353,-18.94561797707625,1,False,False
839750fffffffff,-60.37922292387119,-13.74209508382585,1,False,False
839751fffffffff,-59.33913075339388,-14.830819237549806,1,False,False
839752fffffffff,-60.39433956608781,-11.367406235198873,1,False,False
839753fffffffff,-59.37233133121495,-12.533147937021344,1,False,False
839754fffffffff,-61.37195968712334,-15.024352249015523,1,False,False
839755fffffffff,-60.322186915844114,-16.10255675995357,1,False,False
839756fffffffff,-61.41113913957812,-12.580374410597797,1,False,False
839758fffffffff,-57.30604745852143,-14.659152980887574,1,False,False
839759fffffffff,-56.2653639016062,-15.629842318852312,1,False,False
83975afffffffff,-57.33350839368682,-12.491278652478258,1,False,False
83975bfffffffff,-56.3078296941064,-13.52757313775328,1,False,False
83975cfffffffff,-58.29271637333628,-15.852500588289043,1,False,False
83975dfffffffff,-57.24172763944051,-16.812553357380683,1,False,False
83975efffffffff,-58.34228474149421,-13.628583047837624,1,False,False
839760fffffffff,-60.79449071884301,-24.52324393161425,1,False,False
839761fffffffff,-59.69531803352481,-25.25366670741581,1,False,False
839762fffffffff,-60.99932165418329,-22.20545294477566,1,False,False
839763fffffffff,-59.90912897202687,-23.02301583267701,1,False,False
839764fffffffff,-61.65795792213395,-26.099887092675853,1,False,False
839765fffffffff,-60.55220224776375,-26.792073787811763,1,False,False
839766fffffffff,-61.89211082465095,-23.739006342863163,1,False,False
839768fffffffff,-57.72541768848727,-24.50041390706728,1,False,False
839769fffffffff,-56.63462375213816,-25.169643682187125,1,False,False
83976afffffffff,-57.920243783815685,-22.387085010324235,1,False,False
83976bfffffffff,-56.83648579671649,-23.129042236947274,1,False,False
83976cfffffffff,-58.595959158449695,-25.93541535697589,1,False,False
83976dfffffffff,-57.49770793404416,-26.57302321157134,1,False,False
83976efffffffff,-58.81736068373557,-23.786343630688016,1,False,False
839770fffffffff,-62.23913939829219,-18.874141379043976,1,False,False
839771fffffffff,-61.16486614280928,-19.84491031365113,1,False,False
839772fffffffff,-62.34857449867845,-16.385387724324424,1,False,False
839773fffffffff,-61.28952362446502,-17.44863383367693,1,False,False
839774fffffffff,-63.16895909193444,-20.38439404949893,1,False,False
839775fffffffff,-62.08645565732803,-21.32803324801875,1,False,False
839776fffffffff,-63.30701958300482,-17.831005275657432,1,False,False
839780fffffffff,-65.00692170457282,8.861953725377408,1,False,False
839781fffffffff,-64.21890685148088,6.873646478369406,1,False,False
839782fffffffff,-64.61664962512857,11.440664656778184,1,False,False
839783fffffffff,-63.8637101752866,9.417984873383478,1,False,False
839784fffffffff,-66.1445636199103,8.258082881560394,1,False,False
839785fffffffff,-65.3524159261395,6.203491476958308,1,False,False
839786fffffffff,-65.76259182316323,10.956313479011186,1,False,False
839788fffffffff,-62.26716910097327,5.661378022298602,1,False,False
839789fffffffff,-61.58906917307935,3.6534874627767886,1,False,False
83978afffffffff,-61.93609271002499,8.06556276731479,1,False,False
83978bfffffffff,-61.295218960779074,6.0344627427533215,1,False,False
83978cfffffffff,-63.40121965397119,4.987971007001827,1,False,False
83978dfffffffff,-62.71503878683002,2.915695713645528,1,False,False
83978efffffffff,-63.07970727936313,7.4924878689262515,1,False,False
839790fffffffff,-64.8679066976513,16.07147151133987,1,False,False
839791fffffffff,-64.18443962259033,13.93320605033272,1,False,False
839792fffffffff,-64.36167296620728,18.47910043417578,1,False,False
839793fffffffff,-63.71330174973748,16.334879370059262,1,False,False
839794fffffffff,-66.01916536105317,15.785157980765131,1,False,False
839795fffffffff,-65.33598055223534,13.562642725876438,1,False,False
839796fffffffff,-65.51444264485961,18.30164394565226,1,False,False
839798fffffffff,-62.31292315730925,12.299220067981496,1,False,False
839799fffffffff,-61.5653826032648,10.407264794906784,1,False,False
83979afffffffff,-61.87265962128235,14.590866254265247,1,False,False
83979bfffffffff,-61.15736627374084,12.681385879797796,1,False,False
83979cfffffffff,-63.4663865653748,11.886871157721425,1,False,False
83979dfffffffff,-62.71613603306471,9.931551282487,1,False,False
83979efffffffff,-63.02964850876246,14.27486984300311,1,False,False
8397a0fffffffff,-67.59707205545605,4.68235486436535,1,False,False
8397a1fffffffff,-66.76298122921709,2.61846859284639,1,False,False
8397a2fffffffff,-67.27540212379289,7.600074068751311,1,False,False
8397a3fffffffff,-66.47892256140504,5.475572983215713,1,False,False
8397a4fffffffff,-68.70545756666748,3.81498714952744,1,False,False
8397a5fffffffff,-67.86531566004238,1.6871506110966832,1,False,False
8397a6fffffffff,-68.39817122767771,6.880504777608349,1,False,False
8397a8fffffffff,-64.79315653052754,1.5879513673577,1,False,False
8397a9fffffffff,-64.05883550821612,-0.5089074806934748,1,False,False
8397aafffffffff,-64.5294687428273,4.260812519531127,1,False,False
8397abfffffffff,-63.83494170820116,2.1209623337805668,1,False,False
8397acfffffffff,-65.89899152385124,0.68179595120344,1,False,False
8397adfffffffff,-65.15457062809898,-1.478874374673035,1,False,False
8397aefffffffff,-65.65053389880823,3.473464342742479,1,False,False
8397b0fffffffff,-67.62507895215532,12.718957394763702,1,False,False
8397b1fffffffff,-66.90307860076874,10.428786970460088,1,False,False
8397b3fffffffff,-66.48321408408458,13.159386607851149,1,False,False
8397b4fffffffff,-68.76050931702287,12.236026746752204,1,False,False
8397b5fffffffff,-68.03695940097502,9.852145528808348,1,False,False
839c00fffffffff,-45.64311665822154,148.36826527039258,1,False,False
839c01fffffffff,-46.06162477720598,146.90354020172737,1,False,False
839c02fffffffff,-44.59004652069284,148.62390035355105,1,False,False
839c03fffffffff,-45.01281970561261,147.18098653842023,1,False,False
839c04fffffffff,-46.26083737038504,149.58228950415378,1,False,False
839c05fffffffff,-46.69559481683956,148.10283753468772,1,False,False
839c06fffffffff,-45.206172512082965,149.81079620492636,1,False,False
839c08fffffffff,-45.80479475863048,144.2235589680747,1,False,False
839c09fffffffff,-46.17217178824652,142.71191462797955,1,False,False
839c0afffffffff,-44.75438162361687,144.5371018125566,1,False,False
839c0bfffffffff,-45.12771067523836,143.04745839618255,1,False,False
839c0cfffffffff,-46.4618675860524,145.414166021049,1,False,False
839c0dfffffffff,-46.84291056909028,143.90157700271612,1,False,False
839c0efffffffff,-45.41804934831174,145.71375561713668,1,False,False
839c15fffffffff,-44.150718126383126,150.04131324739936,1,False,False
839c19fffffffff,-43.69226672437798,144.84251496550482,1,False,False
839c1bfffffffff,-42.61908815061852,145.14009386617073,1,False,False
839c1dfffffffff,-44.36240033337375,146.00546965015084,1,False,False
839c20fffffffff,-47.949726658095024,150.6271587648281,1,False,False
839c21fffffffff,-48.40034577465037,149.09010566544805,1,False,False
839c22fffffffff,-46.872878174324576,150.83935151065228,1,False,False
839c23fffffffff,-47.3257792645513,149.34234965893373,1,False,False
839c24fffffffff,-48.56596989852499,151.95842945233144,1,False,False
839c25fffffffff,-49.036134292344464,150.40384256453143,1,False,False
839c26fffffffff,-47.4778504748125,152.14050514209933,1,False,False
839c28fffffffff,-48.16797135807156,146.2863282061507,1,False,False
839c29fffffffff,-48.55580588005169,144.73090468193826,1,False,False
839c2afffffffff,-47.10976576686164,146.60444700059682,1,False,False
839c2bfffffffff,-47.502662457446746,145.08883852269932,1,False,False
839c2cfffffffff,-48.82885004160489,147.53104637152086,1,False,False
839c2dfffffffff,-49.23446544214538,145.95186048558776,1,False,False
839c2efffffffff,-47.75773365656926,147.82410200550584,1,False,False
839c31fffffffff,-45.80625746440748,151.04122629090054,1,False,False
839c33fffffffff,-44.75048721143049,151.23351314966428,1,False,False
839c35fffffffff,-46.39987669441884,152.31355145778224,1,False,False
839c40fffffffff,-48.1587010880812,137.65374454177652,1,False,False
839c41fffffffff,-48.43214859288376,136.05247995618703,1,False,False
839c42fffffffff,-47.15027750973714,138.06588326946897,1,False,False
839c43fffffffff,-47.4327625662562,136.48678168222125,1,False,False
839c44fffffffff,-48.86517615619368,138.84134089250716,1,False,False
839c45fffffffff,-49.15260826099245,137.23073225229285,1,False,False
839c46fffffffff,-47.86245906861019,139.24144815119678,1,False,False
839c48fffffffff,-47.92937669289656,133.29619594467613,1,False,False
839c49fffffffff,-48.1428392075855,131.68949179615697,1,False,False
839c4afffffffff,-46.93464335741836,133.76191450363044,1,False,False
839c4bfffffffff,-47.1584719732411,132.1756296186806,1,False,False
839c4cfffffffff,-48.68235021953171,134.44000963906575,1,False,False
839c4dfffffffff,-48.908956931562834,132.8187927016506,1,False,False
839c4efffffffff,-47.692590425035206,134.8961033598508,1,False,False
839c50fffffffff,-45.81515364771075,140.01085533128054,1,False,False
839c51fffffffff,-46.12781860650741,138.4675213244227,1,False,False
839c52fffffffff,-44.77161018108691,140.38087001749537,1,False,False
839c53fffffffff,-45.09185062728399,138.85901696666986,1,False,False
839c54fffffffff,-46.51936147120184,141.18050380775108,1,False,False
839c55fffffffff,-46.84561823501262,139.63116466853288,1,False,False
839c56fffffffff,-45.481555623542185,141.53812919512563,1,False,False
839c58fffffffff,-45.66915251467543,135.7746509690191,1,False,False
839c59fffffffff,-45.92522312052966,134.21631283893885,1,False,False
839c5afffffffff,-44.63649389895971,136.19782352817415,1,False,False
839c5bfffffffff,-44.90162808289715,134.65974360820763,1,False,False
839c5cfffffffff,-46.418947972889264,136.91014451420878,1,False,False
839c5dfffffffff,-46.68802891153999,135.34086189392931,1,False,False
839c5efffffffff,-45.39121169100071,137.32293206531787,1,False,False
839c60fffffffff,-50.61588628477544,139.47715691620283,1,False,False
839c61fffffffff,-50.898853113266846,137.83103921166258,1,False,False
839c62fffffffff,-49.57940614440982,139.97962876190388,1,False,False
839c63fffffffff,-49.87263743978687,138.37510870178266,1,False,False
839c64fffffffff,-51.35845727146771,140.63030892656175,1,False,False
839c65fffffffff,-51.656645869006525,138.94866546017994,1,False,False
839c66fffffffff,-50.30764684273341,141.11482926456304,1,False,False
839c68fffffffff,-50.3858334152126,135.14953490680668,1,False,False
839c69fffffffff,-50.61574326970128,133.49228774888138,1,False,False
839c6afffffffff,-49.41664449726163,135.60686172118744,1,False,False
839c6bfffffffff,-49.656866810458034,133.9722018742505,1,False,False
839c6cfffffffff,-51.15639821804944,136.17914475262012,1,False,False
839c6dfffffffff,-51.388485696383015,134.52419919210837,1,False,False
839c6efffffffff,-50.14147549091452,136.7642374216559,1,False,False
839c70fffffffff,-48.22229959749664,142.01351922588103,1,False,False
839c71fffffffff,-48.55486794649865,140.43633887088154,1,False,False
839c72fffffffff,-47.203879997049214,142.36738163438582,1,False,False
839c73fffffffff,-47.54397165318407,140.81335832610327,1,False,False
839c74fffffffff,-48.92064064911189,143.15985496253887,1,False,False
839c75fffffffff,-49.26197450329255,141.57533717178146,1,False,False
839c76fffffffff,-47.873679570130925,143.55786863852595,1,False,False
839cc0fffffffff,-40.82498988350324,140.33025929245613,1,False,False
839cc1fffffffff,-41.15278018584343,138.87513722847035,1,False,False
839cc4fffffffff,-41.56862427598776,141.43614502207402,1,False,False
839cc5fffffffff,-41.90883210011616,139.97602413453902,1,False,False
839cc6fffffffff,-40.47910107314349,141.7706761422787,1,False,False
839cccfffffffff,-41.46183893809734,137.40698729703695,1,False,False
839ccdfffffffff,-41.75160773787696,135.92758528126222,1,False,False
839ce0fffffffff,-43.36865185011119,142.2261601681992,1,False,False
839ce1fffffffff,-43.715577517316994,140.7415442297238,1,False,False
839ce2fffffffff,-42.29481120893856,142.55720053002557,1,False,False
839ce3fffffffff,-42.64768969705667,141.09319970801062,1,False,False
839ce4fffffffff,-44.071076259029866,143.37433807524872,1,False,False
839ce5fffffffff,-44.43111679246531,141.88657322150968,1,False,False
839ce6fffffffff,-43.00289157076448,143.69286448392043,1,False,False
839ce8fffffffff,-43.29622963704493,138.11816851027027,1,False,False
839ce9fffffffff,-43.59063168908177,136.6107200858444,1,False,False
839ceafffffffff,-42.2302251307118,138.5012787311008,1,False,False
839cebfffffffff,-42.53219022787019,137.0136690914056,1,False,False
839cecfffffffff,-44.04294510585786,139.24071438094424,1,False,False
839cedfffffffff,-44.350106222691245,137.72549440387905,1,False,False
839ceefffffffff,-42.9817186098466,139.61294421980972,1,False,False
839cf0fffffffff,-40.834575159340034,144.30603334595943,1,False,False
839cf1fffffffff,-41.210287775839895,142.879991652689,1,False,False
839cf3fffffffff,-40.115815499096286,143.1948183423887,1,False,False
839cf4fffffffff,-41.535525473981295,145.43012068192144,1,False,False
839cf5fffffffff,-41.92382222206084,144.00333482386358,1,False,False
839d00fffffffff,-49.79695688481068,157.80282386626362,1,False,False
839d01fffffffff,-50.35273472504233,156.2407551738136,1,False,False
839d03fffffffff,-49.23545663723184,156.31729718784544,1,False,False
839d04fffffffff,-50.34351827553635,159.3355662051138,1,False,False
839d05fffffffff,-50.92210834350945,157.76676724417044,1,False,False
839d08fffffffff,-50.28096528374415,153.17955222642544,1,False,False
839d09fffffffff,-50.769861007598216,151.56422475387006,1,False,False
839d0afffffffff,-49.172968472871645,153.33721128363837,1,False,False
839d0bfffffffff,-49.66354980181625,151.7666027253409,1,False,False
839d0cfffffffff,-50.88668165625408,154.6437003220172,1,False,False
839d0dfffffffff,-51.39754148509408,153.01303379467046,1,False,False
839d0efffffffff,-49.76911355989018,154.76440987299472,1,False,False
839d18fffffffff,-47.56213751221681,154.9871918363376,1,False,False
839d19fffffffff,-48.07429612438246,153.48669746274837,1,False,False
839d1bfffffffff,-46.9856505088351,153.62862833178156,1,False,False
839d1cfffffffff,-48.12784018831847,156.3898306794484,1,False,False
839d1dfffffffff,-48.66069210271776,154.8787432563589,1,False,False
839d20fffffffff,-52.01101603400406,160.96860331593484,1,False,False
839d21fffffffff,-52.615731322476194,159.35029448145272,1,False,False
839d23fffffffff,-51.47546786895991,159.34271995471303,1,False,False
839d25fffffffff,-53.15651606224955,161.02486465392946,1,False,False
839d28fffffffff,-52.61327812293352,156.07423995011973,1,False,False
839d29fffffffff,-53.14617144768936,154.3808982774533,1,False,False
839d2afffffffff,-51.47893507962443,156.15986319871382,1,False,False
839d2bfffffffff,-52.01263465261686,154.51606709009127,1,False,False
839d2cfffffffff,-53.19755134022514,157.68820983158423,1,False,False
839d2dfffffffff,-53.75494654148881,155.98345825200892,1,False,False
839d2efffffffff,-52.05590617877406,157.72862468824272,1,False,False
839d40fffffffff,-53.18782951101745,146.19144892964354,1,False,False
839d41fffffffff,-53.56742315161264,144.4230375590059,1,False,False
839d42fffffffff,-52.08854504438398,146.5541970291351,1,False,False
839d43fffffffff,-52.47583933120996,144.83699791783664,1,False,False
839d44fffffffff,-53.89154579283735,147.60684353316833,1,False,False
839d45fffffffff,-54.29200208124274,145.8074610907238,1,False,False
839d46fffffffff,-52.78021831245661,147.93726689302582,1,False,False
839d48fffffffff,-53.16793796255099,141.34771394098402,1,False,False
839d49fffffffff,-53.47181931094694,139.5816307284421,1,False,False
839d4afffffffff,-52.098941664117454,141.83720176867982,1,False,False
839d4bfffffffff,-52.41349921430099,140.11992279825697,1,False,False
839d4cfffffffff,-53.91836188864477,142.63502038439285,1,False,False
839d4dfffffffff,-54.24014571476664,140.83060382553575,1,False,False
839d4efffffffff,-52.83581282185508,143.10053280110523,1,False,False
839d50fffffffff,-50.575513688258255,148.54476068270884,1,False,False
839d51fffffffff,-50.99505266744823,146.89739341621623,1,False,False
839d52fffffffff,-49.48383845772588,148.82459675729262,1,False,False
839d53fffffffff,-49.908214627882565,147.22255457738868,1,False,False
839d54fffffffff,-51.23472817360232,149.9201795193609,1,False,False
839d55fffffffff,-51.67458377220285,148.2494201214421,1,False,False
839d56fffffffff,-50.13138735447431,150.16851205775689,1,False,False
839d58fffffffff,-50.683979005355056,143.9585031263423,1,False,False
839d59fffffffff,-51.034121519423465,142.30115690983342,1,False,False
839d5afffffffff,-49.616509270584,144.35459844930045,1,False,False
839d5bfffffffff,-49.97439678953917,142.741469986997,1,False,False
839d5cfffffffff,-51.38922874134798,145.22867073665455,1,False,False
839d5dfffffffff,-51.75737526676013,143.541056598899,1,False,False
839d5efffffffff,-50.3084868695127,145.59977494127668,1,False,False
839d60fffffffff,-55.71236584463478,148.77286617772486,1,False,False
839d61fffffffff,-56.12759857358892,146.88447692725876,1,False,False
839d62fffffffff,-54.585073516715546,149.08554156063212,1,False,False
839d63fffffffff,-55.00765533555657,147.25652172150183,1,False,False
839d64fffffffff,-56.40399666176195,150.35901506465382,1,False,False
839d65fffffffff,-56.84335778924382,148.44023831927683,1,False,False
839d66fffffffff,-55.26638639580506,150.62978085053552,1,False,False
839d68fffffffff,-55.76171670242192,143.5203918482934,1,False,False
839d69fffffffff,-56.09185798052739,141.62030641920856,1,False,False
839d6afffffffff,-54.66304211229192,143.98487875007535,1,False,False
839d6bfffffffff,-55.004049027584976,142.1423981130666,1,False,False
839d6cfffffffff,-56.51119588789442,144.96800574383968,1,False,False
839d6dfffffffff,-56.86242711265073,143.0271972976892,1,False,False
839d6efffffffff,-55.40011852438056,145.40034953461227,1,False,False
839d70fffffffff,-53.00554974087881,151.1241541808014,1,False,False
839d71fffffffff,-53.46243161600308,149.3799903884535,1,False,False
839d72fffffffff,-51.88413180360673,151.35040587187984,1,False,False
839d73fffffffff,-52.34535657799624,149.65774694633237,1,False,False
839d74fffffffff,-53.6532489956063,152.65026733447738,1,False,False
839d75fffffffff,-54.1332637292122,150.88436053939307,1,False,False
839d76fffffffff,-52.52191101816072,152.83689071129947,1,False,False
83a204fffffffff,-60.83020185757246,33.57442201896673,1,False,False
83a206fffffffff,-61.58426476502386,31.889687615127148,1,False,False
83a210fffffffff,-63.029530507656204,28.256460248232827,1,False,False
83a212fffffffff,-63.71571187693641,26.30192415112792,1,False,False
83a213fffffffff,-64.08262691579998,28.558694668908828,1,False,False
83a214fffffffff,-61.96424839015847,27.97232300229279,1,False,False
83a215fffffffff,-62.318197264123846,30.118111630622145,1,False,False
83a216fffffffff,-62.6503120972375,26.071167275461185,1,False,False
83a220fffffffff,-59.00238210958995,34.73215888982281,1,False,False
83a221fffffffff,-59.27107349918364,36.69765263848202,1,False,False
83a222fffffffff,-59.77072927086076,33.1632768374843,1,False,False
83a223fffffffff,-60.05838169132365,35.17584107592928,1,False,False
83a224fffffffff,-57.93574166758528,34.31138264761455,1,False,False
83a225fffffffff,-58.21919443964401,36.22567949949975,1,False,False
83a226fffffffff,-58.70037009847746,32.7740285006641,1,False,False
83a230fffffffff,-60.178461904713785,29.473355425299246,1,False,False
83a231fffffffff,-60.52203509582957,31.515719343708625,1,False,False
83a232fffffffff,-60.88739726152542,27.70471755142584,1,False,False
83a233fffffffff,-61.25400284461659,29.78635309175055,1,False,False
83a234fffffffff,-59.09226035264749,29.177588201255496,1,False,False
83a235fffffffff,-59.44868478401163,31.16228316770225,1,False,False
83a236fffffffff,-59.79963244945578,27.452252613754176,1,False,False
83a284fffffffff,-65.59694339953326,19.862640845045267,1,False,False
83a2a0fffffffff,-63.939777593288,22.00040853009361,1,False,False
83a2a1fffffffff,-64.3741213696779,24.25227202560287,1,False,False
83a2a2fffffffff,-64.53804867755838,19.82911636846136,1,False,False
83a2a3fffffffff,-65.00209321270377,22.106023948980585,1,False,False
83a2a4fffffffff,-62.86517700201938,21.90142599537501,1,False,False
83a2a5fffffffff,-63.309674671873566,24.080949808961392,1,False,False
83a2a6fffffffff,-63.46658461869794,19.79774314240192,1,False,False
83a2acfffffffff,-64.76873446884102,26.5478271272509,1,False,False
83a2aefffffffff,-65.42598834486454,24.43516283069889,1,False,False
83a308fffffffff,-56.085080755637584,35.35087995698512,1,False,False
83a309fffffffff,-56.36598730853282,37.17489742750836,1,False,False
83a30afffffffff,-56.85922674687316,33.91182521326256,1,False,False
83a30bfffffffff,-57.156934231058216,35.77731428989559,1,False,False
83a30cfffffffff,-55.0044469626224,34.94484981959832,1,False,False
83a30dfffffffff,-55.29940935192151,36.72494396415976,1,False,False
83a30efffffffff,-55.77363126291697,33.531957119876786,1,False,False
83a311fffffffff,-55.777077406040185,28.380650779576968,1,False,False
83a313fffffffff,-56.47797616857788,26.773933640262616,1,False,False
83a318fffffffff,-57.27151505418891,30.510687152302783,1,False,False
83a319fffffffff,-57.61986632871195,32.40500633133257,1,False,False
83a31afffffffff,-57.99611959746945,28.89768127627848,1,False,False
83a31bfffffffff,-58.364928839173984,30.82775816243081,1,False,False
83a31cfffffffff,-56.169223008123936,30.20975685018245,1,False,False
83a31dfffffffff,-56.52999006359139,32.05470212554803,1,False,False
83a31efffffffff,-56.89079559597858,28.63240456728016,1,False,False
83a356fffffffff,-57.4232654239293,37.64725245739523,1,False,False
83a372fffffffff,-55.56484117649532,38.50725212191094,1,False,False
83a376fffffffff,-54.50409945959668,38.03684539700832,1,False,False
83a388fffffffff,-61.1452846690837,23.7688919831854,1,False,False
83a389fffffffff,-61.573118019353615,25.854205791178565,1,False,False
83a38afffffffff,-61.77885565485827,21.80847106728806,1,False,False
83a38bfffffffff,-62.2331979980428,23.92013498437192,1,False,False
83a38cfffffffff,-60.046571143089885,23.626392851560603,1,False,False
83a38dfffffffff,-60.484753756170825,25.649844205424984,1,False,False
83a38efffffffff,-60.68142285223178,21.72100987958116,1,False,False
83a399fffffffff,-62.3830894641971,19.76832055400429,1,False,False
83a3a8fffffffff,-58.27721416448993,25.27478889141877,1,False,False
83a3a9fffffffff,-58.70164748250761,27.213687638097976,1,False,False
83a3abfffffffff,-59.385884209389,25.457020669513494,1,False,False
83a3acfffffffff,-57.15948692187126,25.102302896199305,1,False,False
83a3adfffffffff,-57.59417316476826,26.98791307403681,1,False,False
83a590fffffffff,-41.29865744323178,-10.178033401811598,1,False,False
83a592fffffffff,-41.49155094248773,-11.685074422313964,1,False,False
83a593fffffffff,-42.34673505666549,-10.693217821908869,1,False,False
83a594fffffffff,-40.23900480399127,-9.674796291591084,1,False,False
83a596fffffffff,-40.44055453238256,-11.163509776454536,1,False,False
83a5b2fffffffff,-39.16857678454991,-9.18317066402252,1,False,False
83a610fffffffff,-52.8730809756605,102.7394084354281,1,False,False
83a612fffffffff,-52.1933811169395,103.47710433479412,1,False,False
83a613fffffffff,-51.99692279945052,102.09696873537352,1,False,False
83a616fffffffff,-53.067871528041366,104.15267580874487,1,False,False
83a6a0fffffffff,-51.66720009585938,105.61672372084418,1,False,False
83a6a1fffffffff,-51.496646350287534,104.20541365123462,1,False,False
83a6a2fffffffff,-50.94101354342171,106.33380007751252,1,False,False
83a6a3fffffffff,-50.78283768082438,104.9242835471116,1,False,False
83a6a4fffffffff,-52.54419904897507,106.33405282631917,1,False,False
83a6a5fffffffff,-52.37614397814677,104.88967248490584,1,False,False
83a6a6fffffffff,-51.822800791394044,107.05868944479572,1,False,False
83a6acfffffffff,-51.31213398658599,102.82544926152232,1,False,False
83a6aefffffffff,-50.61045724509265,103.54503031341184,1,False,False
83a6b0fffffffff,-50.32784105564067,108.47647052183336,1,False,False
83a6b1fffffffff,-50.19758417562964,107.0408854147907,1,False,False
83a6b4fffffffff,-51.21085344733275,109.24042480570584,1,False,False
83a6b5fffffffff,-51.08401001336914,107.7728255018376,1,False,False
83a6b6fffffffff,-50.44176302254921,109.93944074180506,1,False,False
83a704fffffffff,-60.57446059985712,99.97692084450811,1,False,False
83a705fffffffff,-60.02849680186492,98.270909423104,1,False,False
83a706fffffffff,-60.214495873252886,101.66293176276086,1,False,False
83a714fffffffff,-59.98148523476938,104.85939344805831,1,False,False
83a716fffffffff,-59.285514810066616,106.273930041644,1,False,False
83a722fffffffff,-61.46922976602904,99.9966007040772,1,False,False
83a724fffffffff,-62.740576921134426,98.1320606831516,1,False,False
83a726fffffffff,-62.37877376711548,100.01779939842608,1,False,False
83a730fffffffff,-61.6001343735445,103.57090137184854,1,False,False
83a731fffffffff,-61.09890246689246,101.74366418966228,1,False,False
83a732fffffffff,-60.91974520882266,105.08678442483172,1,False,False
83a733fffffffff,-60.65816706338897,103.39268560577904,1,False,False
83a734fffffffff,-62.50190155736602,103.72941478336476,1,False,False
83a735fffffffff,-61.9979232763985,101.83049888183636,1,False,False
83a736fffffffff,-61.86909410094161,105.33101932443638,1,False,False
83a780fffffffff,-55.301500898664095,109.51223188986684,1,False,False
83a781fffffffff,-55.147811966647446,108.01958972594343,1,False,False
83a782fffffffff,-54.55682127156982,110.67184734044314,1,False,False
83a783fffffffff,-54.42350179431857,109.19072033913932,1,False,False
83a784fffffffff,-56.1918020613349,109.8534615717608,1,False,False
83a785fffffffff,-56.033228709136665,108.31120781078384,1,False,False
83a786fffffffff,-55.43902156158575,111.04174785753568,1,False,False
83a788fffffffff,-54.11213606169757,106.33431853967816,1,False,False
83a789fffffffff,-53.93489462503405,104.85330634573674,1,False,False
83a78afffffffff,-53.41308141451882,107.07739988092304,1,False,False
83a78bfffffffff,-53.248217609520346,105.59891927469138,1,False,False
83a78cfffffffff,-54.97914177667503,106.56445603569232,1,False,False
83a78dfffffffff,-54.79665299151112,105.14724067480068,1,False,False
83a78efffffffff,-54.27490215744001,107.74469645322375,1,False,False
83a790fffffffff,-53.897063926835465,113.29157403182208,1,False,False
83a791fffffffff,-53.80442084351337,111.69575111229624,1,False,False
83a792fffffffff,-53.128458945244574,113.9976675926004,1,False,False
83a793fffffffff,-53.04905419358503,112.41046109346064,1,False,False
83a794fffffffff,-54.773086226859306,113.73615543037842,1,False,False
83a795fffffffff,-54.673729608930806,112.18732050479632,1,False,False
83a796fffffffff,-53.97616469960622,114.8227549668081,1,False,False
83a798fffffffff,-52.832115054370114,109.31481020408528,1,False,False
83a799fffffffff,-52.696528218514594,107.80943522651292,1,False,False
83a79afffffffff,-52.08516146498191,110.03089261555216,1,False,False
83a79bfffffffff,-51.96245172617041,108.53043538155774,1,False,False
83a79cfffffffff,-53.692209187476514,110.12708368095151,1,False,False
83a79dfffffffff,-53.56142315664111,108.58717389544562,1,False,False
83a79efffffffff,-52.94995299335038,110.84896147666626,1,False,False
83a7a0fffffffff,-57.84061151510161,108.9510462624757,1,False,False
83a7a2fffffffff,-57.09412839146589,110.21625412415952,1,False,False
83a7a3fffffffff,-56.93092000014359,108.6211083412336,1,False,False
83a7a4fffffffff,-58.76198408164164,109.30300567976046,1,False,False
83a7a5fffffffff,-58.57148132509033,107.63739622038088,1,False,False
83a7a6fffffffff,-58.00815586059725,110.60268806311198,1,False,False
83a7aafffffffff,-55.85879256669611,106.8084654240085,1,False,False
83a7b0fffffffff,-56.456281817091366,113.05325655747652,1,False,False
83a7b1fffffffff,-56.333246920115656,111.43448344806217,1,False,False
83a7b2fffffffff,-55.66073519969712,114.20763949041574,1,False,False
83a7b3fffffffff,-55.55917022270362,112.60726129349536,1,False,False
83a7b4fffffffff,-57.36467730191741,113.52774922712084,1,False,False
83a7b5fffffffff,-57.23916899287043,111.85219539827108,1,False,False
83a7b6fffffffff,-56.55961956198902,114.70847424549258,1,False,False
83a800fffffffff,-43.23076053674348,-27.319652150873345,1,False,False
83a801fffffffff,-42.28383536556045,-28.08920055596025,1,False,False
83a802fffffffff,-43.250368634159926,-25.85326222153508,1,False,False
83a803fffffffff,-42.30851076538676,-26.647511386370244,1,False,False
83a804fffffffff,-44.13713189812214,-28.003325313740763,1,False,False
83a805fffffffff,-43.1929309776151,-28.76951483541132,1,False,False
83a806fffffffff,-44.16992938125623,-26.527973885757145,1,False,False
83a808fffffffff,-40.40341018561717,-28.17131523060617,1,False,False
83a809fffffffff,-39.44217791381699,-28.902092595389185,1,False,False
83a80afffffffff,-40.41949894801518,-26.76179543660849,1,False,False
83a80bfffffffff,-39.46200298305622,-27.51597537013426,1,False,False
83a80cfffffffff,-41.33014170491682,-28.837267925024364,1,False,False
83a80dfffffffff,-40.37067047890712,-29.56449668463836,1,False,False
83a80efffffffff,-41.3591898690644,-27.419991273599337,1,False,False
83a810fffffffff,-44.17805031051981,-23.531080022453764,1,False,False
83a811fffffffff,-43.25115449357419,-24.372012559798435,1,False,False
83a812fffffffff,-44.15226302965584,-22.01322963051856,1,False,False
83a813fffffffff,-43.232577382180246,-22.877683907456763,1,False,False
83a814fffffffff,-45.10771037430927,-24.196997669394445,1,False,False
83a815fffffffff,-44.18376491548848,-25.03662886731088,1,False,False
83a816fffffffff,-45.0947851585146,-22.667027115658392,1,False,False
83a818fffffffff,-41.36461241137992,-24.539228213515955,1,False,False
83a819fffffffff,-40.41836594711208,-25.33738257704164,1,False,False
83a81afffffffff,-41.33991378383315,-23.07895037556859,1,False,False
83a81bfffffffff,-40.39949157778603,-23.89962610644883,1,False,False
83a81cfffffffff,-42.31509174240232,-25.19039240319191,1,False,False
83a81dfffffffff,-41.3708683172841,-25.986794021461787,1,False,False
83a81efffffffff,-42.30302360623108,-23.719507523870927,1,False,False
83a820fffffffff,-44.96268770350804,-30.16377643036225,1,False,False
83a821fffffffff,-44.01728750769666,-30.899510510488696,1,False,False
83a822fffffffff,-45.02718586588245,-28.69863050928736,1,False,False
83a823fffffffff,-44.08601892548376,-29.46101620172101,1,False,False
83a824fffffffff,-45.822571389604384,-30.877856102868403,1,False,False
83a825fffffffff,-44.88055264481869,-31.60857147431825,1,False,False
83a826fffffffff,-45.90052963238215,-29.40565708630339,1,False,False
83a828fffffffff,-42.1826861062111,-30.92020602575767,1,False,False
83a829fffffffff,-41.22243517456292,-31.618417256489675,1,False,False
83a82afffffffff,-42.241674875096,-29.51390902197644,1,False,False
83a82bfffffffff,-41.28433793772165,-30.237183982848023,1,False,False
83a82cfffffffff,-43.06526679489017,-31.61360419596297,1,False,False
83a82dfffffffff,-42.10756606301607,-32.30678610132564,1,False,False
83a82efffffffff,-43.13753347756143,-30.20130460969374,1,False,False
83a830fffffffff,-46.0004945829049,-26.40281329076732,1,False,False
83a831fffffffff,-45.073307381895496,-27.214655384587378,1,False,False
83a832fffffffff,-46.02108322077218,-24.875615125958987,1,False,False
83a833fffffffff,-45.10036067177918,-25.713512912373663,1,False,False
83a834fffffffff,-46.88376587497726,-27.104669721132566,1,False,False
83a835fffffffff,-45.96008269134429,-27.913425532327505,1,False,False
83a836fffffffff,-46.91774127331252,-25.56710327906322,1,False,False
83a840fffffffff,-36.494735146189015,-32.27754615674177,1,False,False
83a841fffffffff,-35.52109641215864,-32.9098704290091,1,False,False
83a842fffffffff,-36.53577781903603,-30.97713642184513,1,False,False
83a843fffffffff,-35.56270461962563,-31.631673445866685,1,False,False
83a844fffffffff,-37.41362081928887,-32.932202148168514,1,False,False
83a845fffffffff,-36.44039875233949,-33.55959284333689,1,False,False
83a846fffffffff,-37.46747149572728,-31.62743951294134,1,False,False
83a848fffffffff,-33.61592750562503,-32.888428850149545,1,False,False
83a849fffffffff,-32.64408010338841,-33.49173625618442,1,False,False
83a84afffffffff,-33.64504789242936,-31.63573741826596,1,False,False
83a84bfffffffff,-32.6727759975081,-32.259983153717585,1,False,False
83a84cfffffffff,-34.54748969445443,-33.52498421570479,1,False,False
83a84dfffffffff,-33.57482803472554,-34.12344457834795,1,False,False
83a84efffffffff,-34.58910788558231,-32.26858722610131,1,False,False
83a850fffffffff,-37.532708257838586,-28.964174532456827,1,False,False
83a851fffffffff,-36.562935997792266,-29.65933386230525,1,False,False
83a852fffffffff,-37.54292418068822,-27.607881444977423,1,False,False
83a853fffffffff,-36.57564663933822,-28.32520831188884,1,False,False
83a854fffffffff,-38.47649744445256,-29.61292659595728,1,False,False
83a855fffffffff,-37.507367585894,-30.304412562479232,1,False,False
83a856fffffffff,-38.49940047770012,-28.249910747537864,1,False,False
83a858fffffffff,-34.63401618298666,-29.703842546287408,1,False,False
83a859fffffffff,-33.66165865084318,-30.36621065601338,1,False,False
83a85afffffffff,-34.63624576693518,-28.397410992015025,1,False,False
83a85bfffffffff,-33.665252297225294,-29.080777698782665,1,False,False
83a85cfffffffff,-35.59108235162054,-30.335948458058013,1,False,False
83a85dfffffffff,-34.61813117732723,-30.99456928195646,1,False,False
83a85efffffffff,-35.605675301615754,-29.023684060810464,1,False,False
83a860fffffffff,-38.23869557457483,-34.88433549044467,1,False,False
83a861fffffffff,-37.2665809629041,-35.4832446302505,1,False,False
83a862fffffffff,-38.31880260052558,-33.59564738481381,1,False,False
83a863fffffffff,-37.34644193608898,-34.2177517589456,1,False,False
83a864fffffffff,-39.11667235898301,-35.55932293039461,1,False,False
83a865fffffffff,-38.14593252073647,-36.15213202995085,1,False,False
83a866fffffffff,-39.20976500932564,-34.26787856608382,1,False,False
83a868fffffffff,-35.400521723119375,-35.410207639094146,1,False,False
83a869fffffffff,-34.42874247835197,-35.981730292383844,1,False,False
83a86afffffffff,-35.46683628941881,-34.16964705423604,1,False,False
83a86bfffffffff,-34.49384105999069,-34.76294082827995,1,False,False
83a86cfffffffff,-36.29431280693737,-36.06521928718584,1,False,False
83a86dfffffffff,-35.32276395090527,-36.63085256077122,1,False,False
83a86efffffffff,-36.37338148886658,-34.822406903448595,1,False,False
83a870fffffffff,-39.355318990805245,-31.62302472987948,1,False,False
83a871fffffffff,-38.38557537572502,-32.286882360571774,1,False,False
83a872fffffffff,-39.40641211321641,-30.271520848562528,1,False,False
83a873fffffffff,-38.4383529210568,-30.95896432497752,1,False,False
83a874fffffffff,-40.25773756167863,-32.29662018089741,1,False,False
83a875fffffffff,-39.2895453649212,-32.955480606220895,1,False,False
83a876fffffffff,-40.32189520999804,-30.94000495593733,1,False,False
83a880fffffffff,-42.95629937186009,-16.808508408686308,1,False,False
83a881fffffffff,-42.05945207942097,-17.73498623623404,1,False,False
83a882fffffffff,-42.83535123706518,-15.27861098810754,1,False,False
83a883fffffffff,-41.948186182867296,-16.22345371224931,1,False,False
83a884fffffffff,-43.95036556078072,-17.406305416251556,1,False,False
83a885fffffffff,-43.05630360168016,-18.33549291655815,1,False,False
83a886fffffffff,-43.840603730162734,-15.860047746886396,1,False,False
83a888fffffffff,-40.13832848564657,-18.04930917191681,1,False,False
83a889fffffffff,-39.21767388514418,-18.93085750909933,1,False,False
83a88afffffffff,-40.02517020535304,-16.57107749087004,1,False,False
83a88bfffffffff,-39.11287548491509,-17.470767580203074,1,False,False
83a88cfffffffff,-41.151054600783816,-18.639768871221268,1,False,False
83a88dfffffffff,-40.2321243523833,-19.52317393114845,1,False,False
83a88efffffffff,-41.048842906547286,-17.146935586336767,1,False,False
83a890fffffffff,-43.55662211056218,-12.764987747994024,1,False,False
83a891fffffffff,-42.69340170418385,-13.747977030286728,1,False,False
83a893fffffffff,-42.530486447507066,-12.218789199924508,1,False,False
83a894fffffffff,-44.569263159786885,-13.324010414111893,1,False,False
83a895fffffffff,-43.70935914295206,-14.31218950816223,1,False,False
83a898fffffffff,-40.78456611863486,-14.153564635003365,1,False,False
83a899fffffffff,-39.89255444562964,-15.090433534158237,1,False,False
83a89afffffffff,-40.62247790311828,-12.657103604566396,1,False,False
83a89bfffffffff,-39.74047013734152,-13.609351185995171,1,False,False
83a89cfffffffff,-41.81644004115528,-14.709884551228102,1,False,False
83a89dfffffffff,-40.92669853012893,-15.65085638557812,1,False,False
83a89efffffffff,-41.664201907073085,-13.196388431782704,1,False,False
83a8a0fffffffff,-45.00618869328602,-19.57492922133388,1,False,False
83a8a1fffffffff,-44.10595311611366,-20.48508006876441,1,False,False
83a8a2fffffffff,-44.9297586255144,-18.017131121073543,1,False,False
83a8a3fffffffff,-44.03874950365495,-18.9487194323792,1,False,False
83a8a4fffffffff,-45.95806728699724,-20.21438458192204,1,False,False
83a8a5fffffffff,-45.061085133947806,-21.125629439779104,1,False,False
83a8a6fffffffff,-45.89389936529848,-18.64127267672619,1,False,False
83a8a8fffffffff,-42.22103540297191,-20.74360480653027,1,False,False
83a8a9fffffffff,-41.29632681341789,-21.607712156170265,1,False,False
83a8aafffffffff,-42.15033902489466,-19.24238942625894,1,False,False
83a8abfffffffff,-41.23347464253208,-20.127349268248512,1,False,False
83a8acfffffffff,-43.19416355193619,-21.372159585733343,1,False,False
83a8adfffffffff,-42.271813203593005,-22.236624657783363,1,False,False
83a8aefffffffff,-43.135512671646,-19.85741292077449,1,False,False
83a8b0fffffffff,-45.69890050218254,-15.479791195991252,1,False,False
83a8b1fffffffff,-44.831547348518455,-16.454501882660956,1,False,False
83a8b2fffffffff,-45.567760073665454,-13.896203943105087,1,False,False
83a8b3fffffffff,-44.71140112649841,-14.88935099458863,1,False,False
83a8b4fffffffff,-46.67127654567106,-16.083843876801353,1,False,False
83a8b5fffffffff,-45.80757842224944,-17.06228313740101,1,False,False
83a8b6fffffffff,-46.55150925260504,-14.48192109618745,1,False,False
83a8c0fffffffff,-36.47204463430872,-22.850195834628693,1,False,False
83a8c1fffffffff,-35.51626885850091,-23.632252202571525,1,False,False
83a8c2fffffffff,-36.40544219402993,-21.45375749249208,1,False,False
83a8c3fffffffff,-35.454855046326905,-22.25531192713741,1,False,False
83a8c4fffffffff,-37.47772841798975,-23.455699245519355,1,False,False
83a8c5fffffffff,-36.52199945701022,-24.237029499420725,1,False,False
83a8c6fffffffff,-37.422590668628814,-22.048664460088247,1,False,False
83a8c8fffffffff,-33.54039352051214,-23.801565796445413,1,False,False
83a8c9fffffffff,-32.57866301123436,-24.547056879096125,1,False,False
83a8cafffffffff,-33.472446158688484,-22.45348857971281,1,False,False
83a8cbfffffffff,-32.5146818469546,-23.217756731025183,1,False,False
83a8ccfffffffff,-34.55633483319929,-24.39525384916857,1,False,False
83a8cdfffffffff,-33.593306785702914,-25.139627876245843,1,False,False
83a8cefffffffff,-34.49947998556724,-23.03778410224458,1,False,False
83a8d0fffffffff,-37.26017845289107,-19.20958385686482,1,False,False
83a8d1fffffffff,-36.32191278203143,-20.04928873465148,1,False,False
83a8d2fffffffff,-37.15245379290432,-17.780909205155005,1,False,False
83a8d3fffffffff,-36.22124152602759,-18.638420493518552,1,False,False
83a8d4fffffffff,-38.28792949593195,-19.79189017196033,1,False,False
83a8d5fffffffff,-37.350160512871724,-20.632739568600964,1,False,False
83a8d6fffffffff,-38.19085770300694,-18.35017717489986,1,False,False
83a8d8fffffffff,-34.33852304100206,-20.29606011820611,1,False,False
83a8d9fffffffff,-33.3891989313872,-21.09679113489937,1,False,False
83a8dafffffffff,-34.233976304461606,-18.914803698416787,1,False,False
83a8dbfffffffff,-33.29044192708301,-19.73292485100256,1,False,False
83a8dcfffffffff,-35.377144284937685,-20.869613132114853,1,False,False
83a8ddfffffffff,-34.426960142486735,-21.67089550408382,1,False,False
83a8defffffffff,-35.28290122429201,-19.476706672027145,1,False,False
83a8e0fffffffff,-38.49723228491837,-25.47803548550779,1,False,False
83a8e1fffffffff,-37.53748353272372,-26.23678902141529,1,False,False
83a8e2fffffffff,-38.471146856798576,-24.07197016445729,1,False,False
83a8e3fffffffff,-37.51589796553291,-24.85224820048533,1,False,False
83a8e4fffffffff,-39.465313834642856,-26.114512853851345,1,False,False
83a8e5fffffffff,-38.50648911932997,-26.871164056702664,1,False,False
83a8e6fffffffff,-39.45158337216135,-24.699151939125784,1,False,False
83a8e8fffffffff,-35.59144375642044,-26.353962123974608,1,False,False
83a8e9fffffffff,-34.624334307389944,-27.07636838131596,1,False,False
83a8eafffffffff,-35.561681278050656,-24.99894302413652,1,False,False
83a8ebfffffffff,-34.597832959826334,-25.741895104291007,1,False,False
83a8ecfffffffff,-36.573380176279045,-26.97592694599657,1,False,False
83a8edfffffffff,-35.60595888544377,-27.69596353867896,1,False,False
83a8eefffffffff,-36.555646267644285,-25.61275072225442,1,False,False
83a8f0fffffffff,-39.37115958734797,-21.83299694464748,1,False,False
83a8f1fffffffff,-38.42780361830916,-22.65450237969769,1,False,False
83a8f2fffffffff,-39.303699164142,-20.385544868231804,1,False,False
83a8f3fffffffff,-38.36683285388133,-21.227247106371504,1,False,False
83a8f4fffffffff,-40.36241386089509,-22.45017171015488,1,False,False
83a8f5fffffffff,-39.42033719027688,-23.27143605964885,1,False,False
83a8f6fffffffff,-40.306734485810736,-20.990751710464355,1,False,False
83a900fffffffff,-48.94555686282063,-30.46383112417433,1,False,False
83a901fffffffff,-48.05665576026986,-31.284074711604934,1,False,False
83a903fffffffff,-48.1118393777678,-29.793081079993804,1,False,False
83a904fffffffff,-49.761793642950224,-31.145852570022097,1,False,False
83a905fffffffff,-48.87721942846432,-31.962219496198585,1,False,False
83a908fffffffff,-46.31663913299284,-31.415981476655706,1,False,False
83a909fffffffff,-45.406291103416734,-32.1915646597553,1,False,False
83a90afffffffff,-46.36381444765825,-29.96014948900568,1,False,False
83a90bfffffffff,-45.45789958212711,-30.76273492930476,1,False,False
83a90cfffffffff,-47.15848961255451,-32.079535703871024,1,False,False
83a90dfffffffff,-46.25193933336817,-32.85102742669538,1,False,False
83a90efffffffff,-47.21878879569963,-30.616744676500613,1,False,False
83a918fffffffff,-47.28383716524516,-27.63141142365457,1,False,False
83a919fffffffff,-46.75681572164106,-30.12448315230511,1,False,False
83a91afffffffff,-47.74981929145522,-27.81921198402758,1,False,False
83a91bfffffffff,-46.82988128723983,-28.624392977907085,1,False,False
83a91cfffffffff,-48.1480038859127,-28.282062098044342,1,False,False
83a91dfffffffff,-47.26081990056955,-29.13350464498011,1,False,False
83a920fffffffff,-50.46584151222419,-33.35122456753404,1,False,False
83a921fffffffff,-49.58076382196791,-34.132633069411646,1,False,False
83a923fffffffff,-49.68032190477817,-32.65124942262767,1,False,False
83a924fffffffff,-51.23369092275607,-34.0621938630776,1,False,False
83a925fffffffff,-50.35330187241148,-34.837956297674914,1,False,False
83a928fffffffff,-47.89240694893971,-34.19981803053466,1,False,False
83a929fffffffff,-46.98626441199559,-34.93814137906821,1,False,False
83a92afffffffff,-47.983237549566624,-32.75346128144552,1,False,False
83a92bfffffffff,-47.08070860593442,-33.5204320087388,1,False,False
83a92cfffffffff,-48.686880081815296,-34.889215080777355,1,False,False
83a92dfffffffff,-47.78501555810285,-35.62188361814815,1,False,False
83a92efffffffff,-48.79070819952116,-33.43781240692833,1,False,False
83a940fffffffff,-42.55966936269086,-35.713053388864125,1,False,False
83a941fffffffff,-41.660716487063134,-37.63434586230319,1,False,False
83a942fffffffff,-42.75475939215642,-35.72139510640903,1,False,False
83a943fffffffff,-41.79283926133616,-36.33710538192208,1,False,False
83a944fffffffff,-43.40250268624388,-36.3620599378341,1,False,False
83a945fffffffff,-42.47028261729879,-37.01983807736188,1,False,False
83a946fffffffff,-43.490866572839366,-35.02960538012712,1,False,False
83a948fffffffff,-39.861295618327055,-37.51389531273143,1,False,False
83a949fffffffff,-38.89339523825564,-38.07633319412159,1,False,False
83a94afffffffff,-39.97992824327352,-36.2426831070412,1,False,False
83a94bfffffffff,-39.01097646039629,-36.829031431699626,1,False,False
83a94cfffffffff,-40.69651513922645,-38.20666592413511,1,False,False
83a94dfffffffff,-39.7308831404398,-38.761887447313335,1,False,False
83a94efffffffff,-40.8280623307615,-36.93437474934963,1,False,False
83a950fffffffff,-43.829963463418295,-33.713452860541686,1,False,False
83a951fffffffff,-42.87310174133805,-34.37473051691294,1,False,False
83a952fffffffff,-43.93167744474014,-32.31740898626845,1,False,False
83a953fffffffff,-42.9768673538233,-33.00512918362544,1,False,False
83a954fffffffff,-44.488650951219576,-32.94425702514245,1,False,False
83a955fffffffff,-43.56462774995303,-33.67480864499795,1,False,False
83a956fffffffff,-44.78156048356592,-33.03163925086734,1,False,False
83a958fffffffff,-41.05312941490608,-34.32015763106953,1,False,False
83a959fffffffff,-40.08603644979837,-34.94888262943388,1,False,False
83a95afffffffff,-41.14512548162477,-32.97976730335283,1,False,False
83a95bfffffffff,-40.17888176268836,-33.63324035620346,1,False,False
83a95cfffffffff,-41.911877559978,-35.01621781472137,1,False,False
83a95dfffffffff,-40.94718922507905,-35.63863625605694,1,False,False
83a95efffffffff,-42.017044658896616,-33.67247233560148,1,False,False
83a960fffffffff,-44.11437419932226,-38.3307701380042,1,False,False
83a961fffffffff,-43.18507472683761,-38.95664231639663,1,False,False
83a962fffffffff,-44.22930313089116,-37.01942999415909,1,False,False
83a963fffffffff,-43.30031091128706,-37.67131568175981,1,False,False
83a964fffffffff,-44.91226970636713,-38.99817092823228,1,False,False
83a965fffffffff,-43.98654532629358,-39.61732620150256,1,False,False
83a966fffffffff,-45.03984724544,-37.68514985617255,1,False,False
83a968fffffffff,-41.4323932902832,-38.91683678089986,1,False,False
83a969fffffffff,-40.66405260391369,-39.60055858323194,1,False,False
83a96afffffffff,-41.53472633114446,-37.658061116326,1,False,False
83a96bfffffffff,-40.59668715591144,-38.2774367924929,1,False,False
83a96cfffffffff,-42.29847123698302,-39.58609840900961,1,False,False
83a96dfffffffff,-41.537299423459125,-40.27347554324379,1,False,False
83a96efffffffff,-42.36772835984699,-38.30354162859059,1,False,False
83a970fffffffff,-45.253480674889545,-34.98489079055766,1,False,False
83a971fffffffff,-44.33052466211641,-35.68399556583528,1,False,False
83a972fffffffff,-45.33789175634925,-33.59934973171956,1,False,False
83a973fffffffff,-44.41723713694432,-34.32528680095477,1,False,False
83a974fffffffff,-46.07313116146022,-35.65363548605406,1,False,False
83a975fffffffff,-45.153859890028464,-36.34712996113248,1,False,False
83a976fffffffff,-46.17049940655894,-34.263968998096054,1,False,False
83a981fffffffff,-48.71550561155966,-22.214811517840268,1,False,False
83a983fffffffff,-48.68971969700311,-20.59645896709672,1,False,False
83a985fffffffff,-49.600538852699664,-22.909817769919343,1,False,False
83a988fffffffff,-46.92335958799276,-22.44631324463145,1,False,False
83a989fffffffff,-46.02122863621047,-23.33375946258475,1,False,False
83a98afffffffff,-46.89387857088124,-20.86734582207044,1,False,False
83a98bfffffffff,-46.00038085931813,-21.77929661127999,1,False,False
83a98cfffffffff,-47.82958725540521,-23.12690608156248,1,False,False
83a98dfffffffff,-46.93113918985982,-24.01362836507893,1,False,False
83a98efffffffff,-47.81316262061287,-21.5340703235282,1,False,False
83a998fffffffff,-47.71272221059987,-18.319075442667373,1,False,False
83a999fffffffff,-46.842255630608754,-19.27901724616777,1,False,False
83a99afffffffff,-47.62799506149122,-16.701846257667594,1,False,False
83a99bfffffffff,-46.7681400859962,-17.68370329368644,1,False,False
83a99dfffffffff,-47.77434209441967,-19.930651157373127,1,False,False
83a9a8fffffffff,-48.69977538151253,-25.41354761764746,1,False,False
83a9a9fffffffff,-47.79730295537016,-26.27162455901637,1,False,False
83a9aafffffffff,-48.718675622138974,-23.82129585827616,1,False,False
83a9abfffffffff,-47.82410892199478,-24.70682874227749,1,False,False
83ac10fffffffff,-51.51002113642952,-32.61813078865138,1,False,False
83ac11fffffffff,-50.44505226891361,-32.95902666783468,1,False,False
83ac12fffffffff,-51.797550552113805,-30.940993503008308,1,False,False
83ac13fffffffff,-50.730340410662855,-31.33214157696169,1,False,False
83ac14fffffffff,-52.27341055077314,-33.94536177511149,1,False,False
83ac15fffffffff,-51.20258039709436,-34.25454109795561,1,False,False
83ac16fffffffff,-52.583802349519424,-32.25753372768876,1,False,False
83ac30fffffffff,-52.66614081460918,-36.963717317048825,1,False,False
83ac32fffffffff,-53.01913812474314,-35.31435693893567,1,False,False
83ac33fffffffff,-51.943378252249296,-35.58933839611831,1,False,False
83ac34fffffffff,-53.36958757909096,-38.37781245583654,1,False,False
83ac36fffffffff,-53.74585107764885,-36.7254813501693,1,False,False
83ac80fffffffff,-51.65671712408382,-24.46495648127128,1,False,False
83ac81fffffffff,-50.60030233973099,-25.038133292245394,1,False,False
83ac82fffffffff,-51.82795839407091,-22.668583136246184,1,False,False
83ac83fffffffff,-50.7755149510217,-23.29462823818208,1,False,False
83ac84fffffffff,-52.52582867021751,-25.681374711275247,1,False,False
83ac85fffffffff,-51.46006123355981,-26.231891856300653,1,False,False
83ac86fffffffff,-52.71908742850927,-23.85926509113921,1,False,False
83ac88fffffffff,-48.68979510260121,-24.45091460540561,1,False,False
83ac89fffffffff,-47.6584191869026,-24.98570844569664,1,False,False
83ac8afffffffff,-48.84803136357199,-22.77985995740645,1,False,False
83ac8bfffffffff,-47.81945147402456,-23.360513372786446,1,False,False
83ac8cfffffffff,-49.55083050570216,-25.58123922662197,1,False,False
83ac8dfffffffff,-48.50921945543836,-26.09648987854528,1,False,False
83ac8efffffffff,-49.729131839096425,-23.887944274364493,1,False,False
83ac90fffffffff,-53.02360156705405,-20.128353306712224,1,False,False
83ac91fffffffff,-51.97263498902495,-20.845644363265453,1,False,False
83ac92fffffffff,-53.13263157601189,-18.22630177833352,1,False,False
83ac93fffffffff,-52.089702998066855,-18.999312678217937,1,False,False
83ac94fffffffff,-53.946713578342425,-21.30754964439519,1,False,False
83ac95fffffffff,-52.88540278574408,-22.00718665393624,1,False,False
83ac96fffffffff,-54.07732949150469,-19.36992327002521,1,False,False
83ac98fffffffff,-50.013689494521344,-20.42619519700976,1,False,False
83ac99fffffffff,-48.98293964864256,-21.085634633823467,1,False,False
83ac9afffffffff,-50.11801893190773,-18.663109616954465,1,False,False
83ac9bfffffffff,-49.09361535599832,-19.37077339525032,1,False,False
83ac9cfffffffff,-50.92564182745068,-21.524847671311647,1,False,False
83ac9dfffffffff,-49.88375521449261,-22.16874188459192,1,False,False
83ac9efffffffff,-51.04965309294085,-19.731641218917524,1,False,False
83aca0fffffffff,-53.13930058028737,-28.75576449666269,1,False,False
83aca1fffffffff,-52.063668071290415,-29.224568925515207,1,False,False
83aca2fffffffff,-53.38129031761278,-26.945496977948324,1,False,False
83aca3fffffffff,-52.306902334453824,-27.47064640536476,1,False,False
83aca4fffffffff,-53.95571825009339,-30.08853120361953,1,False,False
83aca5fffffffff,-52.87295798136604,-30.527120839312047,1,False,False
83aca6fffffffff,-54.221522235513646,-28.25888041534632,1,False,False
83aca8fffffffff,-50.17918851725879,-28.436320828594045,1,False,False
83aca9fffffffff,-49.12763029293323,-28.88114915236085,1,False,False
83acaafffffffff,-50.40112682797662,-26.7527912104343,1,False,False
83acabfffffffff,-49.34994360018928,-27.24632075037596,1,False,False
83acacfffffffff,-50.99553435577804,-29.667550749812943,1,False,False
83acadfffffffff,-49.93574897883612,-30.08673747162148,1,False,False
83acaefffffffff,-51.23922993780208,-27.966833346421524,1,False,False
83acb0fffffffff,-54.67385299570928,-24.48125844641188,1,False,False
83acb1fffffffff,-53.59744385653448,-25.09875070216093,1,False,False
83acb2fffffffff,-54.85738727619079,-22.539251592832684,1,False,False
83acb3fffffffff,-53.78635464483784,-23.21835933586408,1,False,False
83acb4fffffffff,-55.54622930387416,-25.7979614983422,1,False,False
83acb5fffffffff,-54.46141428793664,-26.388869509172824,1,False,False
83acb6fffffffff,-55.75393222785352,-23.82582847982692,1,False,False
83acd6fffffffff,-46.798923592144014,-23.91281392712446,1,False,False
83acf2fffffffff,-47.47631895834368,-26.58589738149412,1,False,False
83acf6fffffffff,-48.30736386966298,-27.714514614593,1,False,False
83ad02fffffffff,-54.91431561641919,-44.48982583805287,1,False,False
83ad10fffffffff,-56.43658711354118,-42.79169288715513,1,False,False
83ad11fffffffff,-55.35176629195887,-42.85682953338238,1,False,False
83ad12fffffffff,-56.89126057630032,-41.09280766081893,1,False,False
83ad13fffffffff,-55.79881359234583,-41.21240729938053,1,False,False
83ad14fffffffff,-57.04914537693568,-44.41171089816758,1,False,False
83ad15fffffffff,-55.96592183573962,-44.427105686050105,1,False,False
83ad16fffffffff,-57.528237149737485,-42.72227954183362,1,False,False
83ad18fffffffff,-53.63627953467454,-41.43044937416322,1,False,False
83ad1afffffffff,-54.05247057888979,-39.831572865257705,1,False,False
83ad1bfffffffff,-52.97625886775331,-39.97938073634461,1,False,False
83ad1cfffffffff,-54.28544554042572,-42.93753549741371,1,False,False
83ad1efffffffff,-54.71358270815945,-41.32474057160061,1,False,False
83ad30fffffffff,-57.11809477073918,-47.677936992601886,1,False,False
83ad32fffffffff,-57.63542498634107,-46.07136861349618,1,False,False
83ad33fffffffff,-56.555016868188495,-46.03456880520842,1,False,False
83ad34fffffffff,-57.67209212094908,-49.39612147259591,1,False,False
83ad36fffffffff,-58.1944437620492,-47.7692536178009,1,False,False
83ad80fffffffff,-57.3982033387778,-34.032571169047,1,False,False
83ad81fffffffff,-56.29366775294893,-34.38374930938128,1,False,False
83ad82fffffffff,-57.74050550402523,-32.08974167807927,1,False,False
83ad83fffffffff,-56.634868163129255,-32.50872750900635,1,False,False
83ad84fffffffff,-58.13834269472599,-35.61153389154388,1,False,False
83ad85fffffffff,-57.0307838040602,-35.917302602886764,1,False,False
83ad86fffffffff,-58.50777893898342,-33.657452673954296,1,False,False
83ad88fffffffff,-54.4401433387518,-33.27061917081379,1,False,False
83ad89fffffffff,-53.35285781399152,-33.61793485024139,1,False,False
83ad8afffffffff,-54.75461175783983,-31.47012225290372,1,False,False
83ad8bfffffffff,-53.66561161440183,-31.87550801334521,1,False,False
83ad8cfffffffff,-55.19507774942625,-34.713184024078515,1,False,False
83ad8dfffffffff,-54.10329535574101,-35.02281416532432,1,False,False
83ad8efffffffff,-55.53443906464623,-32.90157385570319,1,False,False
83ad90fffffffff,-59.16392762303699,-29.56735582871676,1,False,False
83ad91fffffffff,-58.05559301384547,-30.090756581288858,1,False,False
83ad92fffffffff,-59.44626625858852,-27.4366501823164,1,False,False
83ad93fffffffff,-58.34140734606208,-28.038217517477584,1,False,False
83ad94fffffffff,-59.963465062264405,-31.162392495799896,1,False,False
83ad95fffffffff,-58.850378050610814,-31.641967291598267,1,False,False
83ad96fffffffff,-60.27447283876221,-29.0066035168673,1,False,False
83ad98fffffffff,-56.13963589151166,-29.128029162061875,1,False,False
83ad99fffffffff,-55.04493026015623,-29.62299858670773,1,False,False
83ad9afffffffff,-56.40178940923562,-27.1704991247709,1,False,False
83ad9bfffffffff,-55.30936255881655,-27.73139792850219,1,False,False
83ad9cfffffffff,-56.95057175300091,-30.580338194632283,1,False,False
83ad9dfffffffff,-55.84991275411237,-31.03921083181571,1,False,False
83ad9efffffffff,-57.23881952587167,-28.600821144842488,1,False,False
83ada0fffffffff,-58.43277176290786,-39.1398764432484,1,False,False
83ada1fffffffff,-57.32787717454252,-39.329845249574745,1,False,False
83ada2fffffffff,-58.85373825728627,-37.24613126013751,1,False,False
83ada3fffffffff,-57.74430111329861,-37.50263945454561,1,False,False
83ada4fffffffff,-59.09479705093694,-40.82879915863678,1,False,True
83ada5fffffffff,-57.99017972235095,-40.96521419597194,1,False,False
83ada6fffffffff,-59.54288065499965,-38.93655375060685,1,False,True
83ada8fffffffff,-55.54273074076214,-37.96758380786801,1,False,False
83ada9fffffffff,-54.452222478868336,-38.17891852032594,1,False,False
83adaafffffffff,-55.92895807011975,-36.20374211903152,1,False,False
83adabfffffffff,-54.83371176206946,-36.47261607314432,1,False,False
83adacfffffffff,-56.22901196257499,-39.50773013581538,1,False,False
83adadfffffffff,-55.13695975839042,-39.674645424051405,1,False,False
83adaefffffffff,-56.64035516675371,-37.74260971307536,1,False,False
83adb0fffffffff,-60.367083022808906,-34.93370243448394,1,False,False
83adb1fffffffff,-59.2507498186438,-35.28443046363538,1,False,False
83adb2fffffffff,-60.738215440699925,-32.82504503364221,1,False,False
83adb3fffffffff,-59.62144634252319,-33.25589507821135,1,False,False
83adb4fffffffff,-61.08559787756147,-36.67620747382278,1,False,False
83adb5fffffffff,-59.96780249123149,-36.971325944724775,1,False,False
83adb6fffffffff,-61.48638425294344,-34.55672391921646,1,False,False
83b201fffffffff,-38.41505498869215,-48.284220992578696,1,False,False
83b208fffffffff,-40.16107277297401,-48.35622506779911,1,False,False
83b209fffffffff,-41.01491801144724,-47.68245159526857,1,False,False
83b20afffffffff,-40.15256304642704,-49.77099734348693,1,False,False
83b20bfffffffff,-41.01577631865817,-49.10437677681441,1,False,False
83b20cfffffffff,-39.2917681320666,-47.61844568097612,1,False,False
83b20dfffffffff,-40.15241208541011,-46.945493255923054,1,False,False
83b20efffffffff,-39.29105022877518,-49.0225608652045,1,False,False
83b219fffffffff,-40.126769208030666,-51.18809692604684,1,False,False
83b21dfffffffff,-39.27340503620543,-50.42987215320122,1,False,False
83b228fffffffff,-38.38532840135073,-45.50355410364463,1,False,False
83b229fffffffff,-39.2430662809762,-44.826440569446405,1,False,False
83b22afffffffff,-38.40837720599918,-46.89106397543512,1,False,False
83b22bfffffffff,-39.27570370149007,-46.21919450904066,1,False,False
83b22cfffffffff,-37.481863074146325,-44.79855752488526,1,False,False
83b22dfffffffff,-38.34614494853624,-44.12327277047171,1,False,False
83b22efffffffff,-37.51145749452642,-46.174091196977926,1,False,False
83b240fffffffff,-42.59902003857389,-45.14561908251725,1,False,False
83b241fffffffff,-43.38286328126596,-44.46315511137789,1,False,False
83b242fffffffff,-42.63231050837659,-46.560673218906615,1,False,False
83b243fffffffff,-43.42600287066879,-45.88279187930462,1,False,False
83b244fffffffff,-41.75761286377818,-44.41946675991591,1,False,False
83b245fffffffff,-42.54861598392036,-43.73906914532577,1,False,False
83b246fffffffff,-41.79817173986904,-45.82194629642587,1,False,False
83b248fffffffff,-44.96223415281538,-44.50791479424797,1,False,False
83b249fffffffff,-45.704633683158846,-43.81114171288068,1,False,False
83b24afffffffff,-45.0076562774582,-45.94513123921628,1,False,False
83b24bfffffffff,-45.76006493936316,-45.25269368593971,1,False,False
83b24cfffffffff,-44.14959990619184,-43.7746667386286,1,False,False
83b24dfffffffff,-44.89916466583821,-43.08027526861387,1,False,False
83b24efffffffff,-44.20267316919657,-45.19850350925417,1,False,False
83b250fffffffff,-42.69314476079686,-47.74809300147788,1,False,False
83b251fffffffff,-43.50679672983169,-47.05855144802501,1,False,False
83b252fffffffff,-42.69539030938328,-49.18828090894485,1,False,False
83b253fffffffff,-43.51879582075093,-48.50578613603594,1,False,False
83b254fffffffff,-41.85229398009315,-47.00130467592243,1,False,False
83b255fffffffff,-42.67295254882113,-46.31285828588523,1,False,False
83b256fffffffff,-41.862727876537285,-48.43005670931308,1,False,False
83b258fffffffff,-44.25574964209422,-48.070395200456986,1,False,False
83b259fffffffff,-45.03510442543333,-47.39019662644874,1,False,False
83b25afffffffff,-45.12842103120536,-48.58348719716563,1,False,False
83b25bfffffffff,-45.04431606265876,-48.84132420960542,1,False,False
83b25cfffffffff,-43.45163200115783,-47.31016455415117,1,False,False
83b25dfffffffff,-44.23815400300066,-46.63098831810149,1,False,False
83b25efffffffff,-44.325410425866856,-47.81543321735278,1,False,False
83b260fffffffff,-40.83855350824994,-42.32454844935464,1,False,False
83b261fffffffff,-41.62677869519008,-41.64372938638358,1,False,False
83b262fffffffff,-40.90222717154306,-43.70431767849932,1,False,False
83b263fffffffff,-41.70035802436599,-43.02621483634324,1,False,False
83b264fffffffff,-39.96370364785222,-41.634014188856575,1,False,False
83b265fffffffff,-40.75901415994301,-40.956162127139166,1,False,False
83b266fffffffff,-40.03334714420496,-43.00014141127235,1,False,False
83b268fffffffff,-43.245395810171146,-41.65367854997212,1,False,False
83b269fffffffff,-43.99215075751575,-40.95951349418262,1,False,False
83b26afffffffff,-43.32253429981515,-43.05291841800573,1,False,False
83b26bfffffffff,-44.07928849798784,-42.36114057142903,1,False,False
83b26cfffffffff,-42.39791245096855,-40.95781779826218,1,False,False
83b26dfffffffff,-43.15188230708037,-40.26695510277234,1,False,False
83b26efffffffff,-42.48144567830664,-42.34262510210939,1,False,False
83b270fffffffff,-40.96126360543563,-44.85502607964744,1,False,False
83b271fffffffff,-40.949641744894805,-45.09399386006528,1,False,False
83b272fffffffff,-40.996675158667806,-46.265435689738034,1,False,False
83b273fffffffff,-41.82429054287824,-45.57835448783885,1,False,False
83b274fffffffff,-40.08436479734807,-44.14284526199347,1,False,False
83b275fffffffff,-40.087186081167005,-44.376811779987705,1,False,False
83b276fffffffff,-40.126761244827726,-45.54048574481362,1,False,False
83b2c0fffffffff,-43.38298355452942,-54.3167478757562,1,False,False
83b2c1fffffffff,-44.22719178865818,-53.66224894974727,1,False,False
83b2c2fffffffff,-43.30303145767994,-55.76567800710465,1,False,False
83b2c3fffffffff,-44.15593998726642,-55.1222494006809,1,False,False
83b2c4fffffffff,-42.59327507877328,-53.5204449293422,1,False,False
83b2c5fffffffff,-43.44459956811357,-52.864430669410176,1,False,False
83b2c6fffffffff,-42.52291913652947,-54.96226273927973,1,False,False
83b2c8fffffffff,-45.813970772301225,-53.80772189063763,1,False,False
83b2c9fffffffff,-46.61862989158566,-53.13657938083705,1,False,False
83b2cafffffffff,-45.74180052515933,-55.28634805544564,1,False,False
83b2cbfffffffff,-46.55565622485466,-54.62643135601536,1,False,False
83b2ccfffffffff,-45.0552766061814,-52.99875147872459,1,False,False
83b2cdfffffffff,-45.86701005480758,-52.32625023185576,1,False,False
83b2cefffffffff,-44.99300327869621,-54.46960614840714,1,False,False
83b2d8fffffffff,-44.812132208255946,-57.398390191968126,1,False,False
83b2d9fffffffff,-45.68845995602072,-56.71635467303453,1,False,False
83b2dbfffffffff,-45.732711313779376,-58.02813109175191,1,False,False
83b2dcfffffffff,-44.06617648379067,-56.57778374413528,1,False,False
83b2ddfffffffff,-44.911895714531305,-55.93678594698752,1,False,False
83b2e0fffffffff,-41.83021512097429,-51.29793614333742,1,False,False
83b2e1fffffffff,-42.679536573925326,-50.63162067323493,1,False,False
83b2e2fffffffff,-41.78710587056585,-52.73348619693771,1,False,False
83b2e3fffffffff,-42.64550155840986,-52.07628710542237,1,False,False
83b2e4fffffffff,-40.99910083091125,-50.5294783055747,1,False,False
83b2e5fffffffff,-41.85540707191044,-49.86286058598588,1,False,False
83b2e6fffffffff,-40.964810835951305,-51.955999820064605,1,False,False
83b2e8fffffffff,-44.31367837150064,-50.736396697873495,1,False,False
83b2e9fffffffff,-45.12297762851845,-50.05374946533816,1,False,False
83b2eafffffffff,-44.27979301390362,-52.199664108144376,1,False,False
83b2ebfffffffff,-45.098611260216586,-51.52615147748325,1,False,False
83b2ecfffffffff,-43.512496183630354,-49.95708083903136,1,False,False
83b2edfffffffff,-44.32885665997468,-49.27435386874064,1,False,False
83b2eefffffffff,-43.48777945231561,-51.41058489802055,1,False,False
83b2f1fffffffff,-41.72610424864487,-54.16770999673288,1,False,False
83b340fffffffff,-36.31074590373847,-41.17413852127437,1,False,False
83b341fffffffff,-37.170423185741456,-40.56774597442791,1,False,False
83b342fffffffff,-36.32917699952213,-42.49774567572011,1,False,False
83b343fffffffff,-37.19854754585168,-41.893842600670254,1,False,False
83b344fffffffff,-35.411979094146325,-40.4654287986716,1,False,False
83b345fffffffff,-36.27803454352519,-39.86130940990739,1,False,False
83b346fffffffff,-35.434977796991994,-41.77617122057856,1,False,False
83b348fffffffff,-38.8883360470857,-40.67241573692243,1,False,False
83b349fffffffff,-39.70836907991493,-40.05507080519352,1,False,False
83b34afffffffff,-39.07634626183807,-40.95454508024212,1,False,False
83b34bfffffffff,-39.87866865208882,-40.27984335293337,1,False,False
83b34cfffffffff,-38.0137758225872,-39.95708335074985,1,False,False
83b34dfffffffff,-38.84061318619827,-39.34224556884614,1,False,False
83b34efffffffff,-38.0516717680926,-41.28537037579662,1,False,False
83b351fffffffff,-37.37596136769263,-42.072721743975634,1,False,False
83b352fffffffff,-36.56592505265629,-44.10417779602588,1,False,False
83b353fffffffff,-37.43659181625197,-43.43094267758279,1,False,False
83b358fffffffff,-38.32255597258316,-42.97467610749325,1,False,False
83b359fffffffff,-39.15149496065323,-42.30689519940633,1,False,False
83b35afffffffff,-39.19412701707719,-43.44177130841541,1,False,False
83b35bfffffffff,-39.21130960114362,-43.67038254952027,1,False,False
83b35cfffffffff,-37.421506919267735,-42.28965065188724,1,False,False
83b35dfffffffff,-38.25723017169739,-41.624524800869146,1,False,False
83b35efffffffff,-38.29112239061352,-42.75175145020486,1,False,False
83b360fffffffff,-34.46255838780449,-38.481788965295365,1,False,False
83b361fffffffff,-35.324973421060875,-37.879089492057766,1,False,False
83b362fffffffff,-34.502942285089055,-39.76767533378252,1,False,False
83b363fffffffff,-35.37517845798785,-39.16601086642945,1,False,False
83b364fffffffff,-33.54090644154233,-37.80857163089939,1,False,False
83b365fffffffff,-34.409266553817695,-37.208850056316365,1,False,False
83b366fffffffff,-33.5843614485052,-39.08082819819071,1,False,False
83b368fffffffff,-37.07146264762667,-37.95120495844961,1,False,False
83b369fffffffff,-38.04120323075635,-37.39833027346528,1,False,False
83b36afffffffff,-37.12792338660834,-39.25312791319427,1,False,False
83b36bfffffffff,-37.96143504692122,-38.64098161329066,1,False,False
83b36cfffffffff,-36.20383352012434,-37.28736030175516,1,False,False
83b36dfffffffff,-37.17469816408282,-36.7279413336824,1,False,False
83b36efffffffff,-36.23142893415644,-38.56048764089162,1,False,False
83b371fffffffff,-34.530011596218685,-41.06539368174897,1,False,False
83b800fffffffff,-62.24064574234331,127.18827127396362,1,False,False
83b801fffffffff,-62.27121588682867,124.97133515511268,1,False,False
83b802fffffffff,-61.26152622479231,128.25999041637522,1,False,False
83b803fffffffff,-61.31601124960968,126.10350161367884,1,False,False
83b804fffffffff,-63.16579514106099,128.35374930487876,1,False,False
83b805fffffffff,-63.20844487532449,126.04802132530784,1,False,False
83b806fffffffff,-62.173724504570565,129.42695628473018,1,False,False
83b808fffffffff,-61.32330652307844,121.86571752841098,1,False,False
83b809fffffffff,-61.27880519240941,119.79482864133304,1,False,False
83b80afffffffff,-60.40476574450047,123.03767350227731,1,False,False
83b80bfffffffff,-60.384908952789445,121.01234170393406,1,False,False
83b80cfffffffff,-62.26671047231399,122.78235565148644,1,False,False
83b80dfffffffff,-62.2285734987221,120.6270602593389,1,False,False
83b80efffffffff,-61.33618036075797,123.97026740321128,1,False,False
83b810fffffffff,-60.160971574606826,131.38003018215136,1,False,False
83b811fffffffff,-60.27262317353405,129.26849031376412,1,False,False
83b812fffffffff,-59.14321586948439,132.27016156515216,1,False,False
83b813fffffffff,-59.27540820151754,130.21863162001435,1,False,False
83b814fffffffff,-61.04536748579103,132.61919397440616,1,False,False
83b815fffffffff,-61.1716182684314,130.43392289897045,1,False,False
83b816fffffffff,-60.014081142152776,133.49966472685338,1,False,False
83b818fffffffff,-59.44015253823829,126.1522554440058,1,False,False
83b819fffffffff,-59.47449118151399,124.14726917980514,1,False,False
83b81afffffffff,-58.47764911365789,127.15517576534228,1,False,False
83b81bfffffffff,-58.53396557130037,125.1985836189665,1,False,False
83b81cfffffffff,-60.34980983006331,127.17068639743114,1,False,False
83b81dfffffffff,-60.39348536741377,125.09204001878818,1,False,False
83b81efffffffff,-59.37411555159986,128.1776476000873,1,False,False
83b820fffffffff,-65.08287914666808,128.46147457134012,1,False,False
83b821fffffffff,-65.11349352671279,125.98431951210728,1,False,False
83b822fffffffff,-64.08967527247674,129.60820986250968,1,False,False
83b823fffffffff,-64.14626539803115,127.20837629063688,1,False,False
83b824fffffffff,-66.01626578651855,129.8175426134145,1,False,False
83b825fffffffff,-66.06258580303812,127.23158501075616,1,False,False
83b826fffffffff,-65.01028864374472,130.96089584388724,1,False,False
83b828fffffffff,-64.14228833614884,122.49104148336492,1,False,False
83b829fffffffff,-64.08484689873188,120.18814578079132,1,False,False
83b82afffffffff,-63.21385466796297,123.76903557699808,1,False,False
83b82bfffffffff,-63.18348528030455,121.5233948737944,1,False,False
83b82cfffffffff,-65.10357327573044,123.53823897167422,1,False,False
83b82dfffffffff,-65.05480163161904,121.13137170997334,1,False,False
83b82efffffffff,-64.16331586790895,124.8334459874338,1,False,False
83b830fffffffff,-62.96395353098416,133.0166410863702,1,False,False
83b831fffffffff,-63.08464355603744,130.67911646570712,1,False,False
83b832fffffffff,-61.92671635880746,133.9429201013563,1,False,False
83b833fffffffff,-62.06937020495261,131.6807959811435,1,False,False
83b834fffffffff,-63.85322813851518,134.4497140441141,1,False,False
83b835fffffffff,-63.99231811043174,132.02481628696103,1,False,False
83b836fffffffff,-62.80293592337865,135.35860218231082,1,False,False
83b840fffffffff,-61.77293679390396,112.43691256931685,1,False,False
83b841fffffffff,-61.5922556500937,110.51514819620633,1,False,False
83b842fffffffff,-60.97130315455831,113.82606719831088,1,False,False
83b843fffffffff,-60.81642044159502,111.92897173506915,1,False,False
83b844fffffffff,-62.738688052338944,112.9840035392615,1,False,False
83b845fffffffff,-62.55614718823873,110.98112871752323,1,False,False
83b846fffffffff,-61.928761028922914,114.41194489528046,1,False,False
83b848fffffffff,-60.43855453262828,108.28777148605892,1,False,False
83b849fffffffff,-60.219064414143126,106.54655656329784,1,False,False
83b84afffffffff,-59.69467054300274,109.67923798787288,1,False,False
83b84bfffffffff,-59.49938118349385,107.9514845376152,1,False,False
83b84cfffffffff,-61.38859416933276,108.6486708171118,1,False,False
83b84dfffffffff,-61.1638143653724,106.83891673610124,1,False,False
83b84efffffffff,-60.63825232936806,110.08230775051088,1,False,False
83b850fffffffff,-60.25739501528861,117.06564937787796,1,False,False
83b851fffffffff,-60.15276530248012,115.15153942643808,1,False,False
83b852fffffffff,-59.399026699293216,118.29814592993222,1,False,False
83b853fffffffff,-59.31880855577395,116.41628533085888,1,False,False
83b854fffffffff,-61.20420945490567,117.76206932507527,1,False,False
83b855fffffffff,-61.10114463088996,115.77136282374452,1,False,False
83b856fffffffff,-60.33529332791828,119.02037711642969,1,False,False
83b858fffffffff,-59.08451986137706,112.7725095366723,1,False,False
83b859fffffffff,-58.93350974176902,111.01511324140716,1,False,False
83b85afffffffff,-58.28390965302346,114.03348895578394,1,False,False
83b85bfffffffff,-58.15640629102027,112.29729558313193,1,False,False
83b85cfffffffff,-60.02300846753312,113.28092777363167,1,False,False
83b85dfffffffff,-59.869760700137206,111.45619573487804,1,False,False
83b85efffffffff,-59.21346670575856,114.57358022531888,1,False,False
83b860fffffffff,-64.51113335561111,112.02868286877909,1,False,False
83b861fffffffff,-64.29904930728674,109.90898922614387,1,False,False
83b862fffffffff,-63.71297636521463,113.57484000858037,1,False,False
83b863fffffffff,-63.52932913639689,111.4841374444744,1,False,False
83b864fffffffff,-65.50081436151966,112.6200197017446,1,False,False
83b865fffffffff,-65.287401421817,110.40077785494374,1,False,False
83b866fffffffff,-64.69501985888346,114.21474513427698,1,False,False
83b868fffffffff,-63.08528466997896,107.49200075656628,1,False,False
83b869fffffffff,-62.82914624830666,105.59403174186788,1,False,False
83b86afffffffff,-62.34904173825107,109.03695512105244,1,False,False
83b86bfffffffff,-62.11936872290283,107.15321657623493,1,False,False
83b86cfffffffff,-64.0610696770084,107.85821954915694,1,False,False
83b86dfffffffff,-63.79947342964485,105.87806127487494,1,False,False
83b86efffffffff,-63.319384126933535,109.45582416616324,1,False,False
83b870fffffffff,-63.02206656018898,117.15548998013702,1,False,False
83b871fffffffff,-62.89465803144948,115.0431671791173,1,False,False
83b872fffffffff,-62.15839017243215,118.51062221382188,1,False,False
83b873fffffffff,-62.05785854050177,116.43760775754323,1,False,False
83b874fffffffff,-63.99282325610525,117.93100069285204,1,False,False
83b875fffffffff,-63.86818041006972,115.72503752025378,1,False,False
83b876fffffffff,-63.11896669165322,119.31710277287898,1,False,False
83b880fffffffff,-55.23081121104895,133.51890542383322,1,False,False
83b881fffffffff,-55.40442410932828,131.68587136848697,1,False,False
83b882fffffffff,-54.21210108911541,134.23669418637496,1,False,False
83b883fffffffff,-54.40179921532654,132.45087128334575,1,False,False
83b884fffffffff,-56.06074516606476,134.6470014957779,1,False,False
83b885fffffffff,-56.24771985549782,132.76144768745104,1,False,False
83b886fffffffff,-55.027737167941474,135.35363643065168,1,False,False
83b888fffffffff,-54.69712464713746,128.89367720358965,1,False,False
83b889fffffffff,-54.80370486520189,127.1290641131379,1,False,False
83b88afffffffff,-53.72572497911627,129.7059669098696,1,False,False
83b88bfffffffff,-53.84991966440183,127.98148734888932,1,False,False
83b88cfffffffff,-55.54895015904623,129.8582713558705,1,False,False
83b88dfffffffff,-55.66489767492883,128.03977630045824,1,False,False
83b88efffffffff,-54.56333500598419,130.66872569645756,1,False,False
83b890fffffffff,-52.96050616997733,136.6570334866192,1,False,False
83b891fffffffff,-53.19273751001166,134.91764213958206,1,False,False
83b892fffffffff,-51.92846657428583,137.25904202854184,1,False,False
83b893fffffffff,-52.17381965891089,135.56433626232544,1,False,False
83b894fffffffff,-53.74719765334995,137.80551994486248,1,False,False
83b895fffffffff,-53.99395224547215,136.02273203102837,1,False,False
83b896fffffffff,-52.70074532990368,138.3921769418733,1,False,False
83b898fffffffff,-52.58532603039751,132.17150220735056,1,False,False
83b899fffffffff,-52.7518747382578,130.47931083797238,1,False,False
83b89afffffffff,-51.59519171995323,132.86895855799102,1,False,False
83b89bfffffffff,-51.77670197820872,131.21618182459304,1,False,False
83b89cfffffffff,-53.39752382728282,133.17719925363173,1,False,False
83b89dfffffffff,-53.57507561348957,131.43891278123232,1,False,False
83b89efffffffff,-52.39272615936494,133.8674986984656,1,False,False
83b8a0fffffffff,-57.93514161342051,135.10564242007553,1,False,False
83b8a1fffffffff,-58.119723610048695,133.1087481035865,1,False,False
83b8a2fffffffff,-56.89009327283118,135.83941985201557,1,False,False
83b8a3fffffffff,-57.09181189321491,133.89981107301836,1,False,False
83b8a4fffffffff,-58.775991367076905,136.38395395566295,1,False,False
83b8a5fffffffff,-58.97689623280844,134.32703159464046,1,False,False
83b8a6fffffffff,-57.71719683454491,137.1006968758616,1,False,False
83b8a8fffffffff,-57.39996299344098,130.0280920708244,1,False,False
83b8a9fffffffff,-57.50738554629953,128.10475576458072,1,False,False
83b8aafffffffff,-56.40422112828632,130.8793223554157,1,False,False
83b8abfffffffff,-56.530717971010056,129.00465830834065,1,False,False
83b8acfffffffff,-58.27129230560067,131.1148575282172,1,False,False
83b8adfffffffff,-58.39037142095347,129.12877077448775,1,False,False
83b8aefffffffff,-57.26162954045156,131.96122712099657,1,False,False
83b8b0fffffffff,-55.5942490472701,138.41209457239034,1,False,False
83b8b1fffffffff,-55.84297671873051,136.53190668915423,1,False,False
83b8b2fffffffff,-54.53241784031552,139.01318302560506,1,False,False
83b8b3fffffffff,-54.794968589795936,137.18630651135348,1,False,False
83b8b4fffffffff,-56.39011311254061,139.70400611276008,1,False,False
83b8b5fffffffff,-56.65622128062973,137.77561535161445,1,False,False
83b8b6fffffffff,-55.314555390440006,140.28355725473276,1,False,False
83b8c0fffffffff,-55.857228274027385,120.92561729817734,1,False,False
83b8c1fffffffff,-55.841906761964495,119.2025676115732,1,False,False
83b8c2fffffffff,-54.96717136257425,121.9292543351163,1,False,False
83b8c4fffffffff,-56.75071753806393,121.65694677038287,1,False,False
83b8c5fffffffff,-56.738736950016985,119.87515083639543,1,False,False
83b8c6fffffffff,-55.8481682574221,122.67374999645456,1,False,False
83b8c9fffffffff,-54.85374962704837,115.3171292094498,1,False,False
83b8ccfffffffff,-55.80328798559304,117.50711011220184,1,False,False
83b8cdfffffffff,-55.74250674697166,115.84148153790176,1,False,False
83b8d0fffffffff,-54.02126833820269,124.56994129950117,1,False,False
83b8d1fffffffff,-54.06982321701906,122.88854867592812,1,False,False
83b8d2fffffffff,-53.099389445346766,125.45443418489278,1,False,False
83b8d3fffffffff,-53.16640041927823,123.80587184168574,1,False,False
83b8d4fffffffff,-54.88372414802731,125.3781067053564,1,False,False
83b8d5fffffffff,-54.93793269408897,123.64387395497616,1,False,False
83b8d6fffffffff,-53.94821561742357,126.26850820444182,1,False,False
83b8defffffffff,-53.210155820743,122.17477145054096,1,False,False
83b8e0fffffffff,-58.55774638431979,121.35322530420564,1,False,False
83b8e1fffffffff,-58.52751185489599,119.47211176784784,1,False,False
83b8e2fffffffff,-57.652038458022034,122.43474496817304,1,False,False
83b8e3fffffffff,-57.64427994214485,120.59070107021894,1,False,False
83b8e4fffffffff,-59.478243738963386,122.1672073532574,1,False,False
83b8e5fffffffff,-59.45264386248032,120.2162397887699,1,False,False
83b8e6fffffffff,-58.560298413578025,123.26327015218456,1,False,False
83b8e8fffffffff,-57.55163806060325,116.99130745402084,1,False,False
83b8e9fffffffff,-57.46928604054885,115.24140422436572,1,False,False
83b8eafffffffff,-56.70209506804699,118.1214971715493,1,False,False
83b8ebfffffffff,-56.64197852611658,116.39852754871772,1,False,False
83b8ecfffffffff,-58.47088267099672,117.62323358747427,1,False,False
83b8edfffffffff,-58.389213857303616,115.80951495574496,1,False,False
83b8eefffffffff,-57.610400493101096,118.77525697808257,1,False,False
83b8f0fffffffff,-56.69626486343155,125.29331937150442,1,False,False
83b8f1fffffffff,-56.7369105246831,123.46404393313772,1,False,False
83b8f2fffffffff,-55.75290025926699,126.23394754840554,1,False,False
83b8f3fffffffff,-55.81370648048743,124.4441967391068,1,False,False
83b8f4fffffffff,-57.584616732332805,126.19543611852436,1,False,False
83b8f5fffffffff,-57.63250996101807,124.30416581248151,1,False,False
83b8f6fffffffff,-56.62781956433759,127.14139281451044,1,False,False
83b900fffffffff,-68.61108070680388,137.57769828371363,1,False,False
83b901fffffffff,-68.77286326309631,134.62589909670075,1,False,False
83b902fffffffff,-67.54276285163922,138.5416819216042,1,False,False
83b903fffffffff,-67.72877537994022,135.717203077037,1,False,False
83b906fffffffff,-68.39583668367109,140.5124456399684,1,False,False
83b908fffffffff,-67.949123292988,130.06202011620522,1,False,False
83b90afffffffff,-66.94415293446347,131.28809247976298,1,False,False
83b90bfffffffff,-67.00856096673095,128.58653704198915,1,False,False
83b90efffffffff,-67.8639811313471,132.88605475233365,1,False,False
83b910fffffffff,-66.20671762969386,142.10988113693364,1,False,False
83b911fffffffff,-66.46410832176535,139.42624606710032,1,False,False
83b912fffffffff,-65.1003501260822,142.81248374059774,1,False,False
83b913fffffffff,-65.37655970532934,140.24044298682682,1,False,False
83b914fffffffff,-67.0176188971993,144.11685041496517,1,False,False
83b915fffffffff,-67.30565487481228,141.3459013915939,1,False,False
83b916fffffffff,-65.9007722452155,144.7597032083313,1,False,False
83b918fffffffff,-65.78891194032785,135.03466372198525,1,False,False
83b919fffffffff,-65.92539818257029,132.42211382440996,1,False,False
83b91afffffffff,-64.73481746236722,135.98902692621758,1,False,False
83b91bfffffffff,-64.89455588263435,133.47327946363646,1,False,False
83b91cfffffffff,-66.67266028064655,136.7200971804371,1,False,False
83b91dfffffffff,-66.83249720554213,134.0033223640339,1,False,False
83b91efffffffff,-65.60608482999648,137.64436050670713,1,False,False
83b930fffffffff,-68.924679581241,145.64595574620495,1,False,False
83b932fffffffff,-67.80555968989393,146.27160381811453,1,False,False
83b933fffffffff,-68.12715491508806,143.4151010397675,1,False,False
83b934fffffffff,-69.69392365354386,148.05057082170845,1,False,False
83b936fffffffff,-68.5665093119465,148.58427962079992,1,False,False
83b942fffffffff,-67.81847015756419,119.0977019356866,1,False,False
83b943fffffffff,-67.678385917369,116.49631811806344,1,False,False
83b948fffffffff,-67.28726678485647,111.52143845595272,1,False,False
83b949fffffffff,-67.0418952027539,109.15897412091816,1,False,False
83b94afffffffff,-66.49754073583125,113.26430576423031,1,False,False
83b94bfffffffff,-66.28373483745965,110.93626501593069,1,False,False
83b94dfffffffff,-68.05110849033365,109.67595328849882,1,False,False
83b94efffffffff,-67.5003844152263,113.96879888293118,1,False,False
83b950fffffffff,-67.00121683265301,123.27085503778106,1,False,False
83b951fffffffff,-66.93306844734131,120.678023289451,1,False,False
83b952fffffffff,-66.06575195724389,124.67442357917938,1,False,False
83b953fffffffff,-66.02744603816274,122.15556002701024,1,False,False
83b956fffffffff,-67.02703144040902,125.91042263113438,1,False,False
83b958fffffffff,-65.83433433617664,117.2662393564025,1,False,False
83b959fffffffff,-65.68394309991845,114.9099148943307,1,False,False
83b95afffffffff,-64.96906546042253,118.77104766014082,1,False,False
83b95bfffffffff,-64.84841450523112,116.46368790274572,1,False,False
83b95cfffffffff,-66.82478631044866,118.14099889485634,1,False,False
83b95dfffffffff,-66.67876535445853,115.667597710596,1,False,False
83b95efffffffff,-65.94959675968241,119.68362574090224,1,False,False
83b980fffffffff,-60.9641763518238,142.9342183398154,1,False,False
83b981fffffffff,-61.26386477132805,140.70877715915367,1,False,False
83b982fffffffff,-59.85181255516149,143.4943786572488,1,False,False
83b983fffffffff,-60.16598867558466,141.3470127780384,1,False,False
83b984fffffffff,-61.7492357446192,144.61653542558233,1,False,False
83b985fffffffff,-62.07404783046983,142.33349976892347,1,False,False
83b986fffffffff,-60.62553384363908,145.13387003200762,1,False,False
83b988fffffffff,-60.68119810744611,136.99846370309962,1,False,False
83b989fffffffff,-60.88205917907144,134.80950350483653,1,False,False
83b98afffffffff,-59.61247335596652,137.74008881248375,1,False,False
83b98bfffffffff,-59.83137274967365,135.62162118802038,1,False,False
83b98cfffffffff,-61.52422358197743,138.4639039976325,1,False,False
83b98dfffffffff,-61.74512978426172,136.20630511034847,1,False,False
83b98efffffffff,-60.44251838550471,139.1797103141582,1,False,False
83b990fffffffff,-58.37501665131397,146.06675419267043,1,False,False
83b991fffffffff,-58.73811656472199,144.01785706548898,1,False,False
83b992fffffffff,-57.25039156404833,146.4886584930664,1,False,False
83b993fffffffff,-57.62421396014288,144.5080630619256,1,False,False
83b994fffffffff,-59.112479484062746,147.70707460057727,1,False,False
83b995fffffffff,-59.50042416865218,145.61614806515763,1,False,False
83b996fffffffff,-57.97706651546672,148.08570996195863,1,False,False
83b998fffffffff,-58.26956608945271,140.47688176863653,1,False,False
83b999fffffffff,-58.540236637532736,138.435640089538,1,False,False
83b99afffffffff,-57.18073036214953,141.06611444412042,1,False,False
83b99bfffffffff,-57.46572091296113,139.0890945501305,1,False,False
83b99cfffffffff,-59.065680130975565,141.9436924620121,1,False,False
83b99dfffffffff,-59.35722341269634,139.84931388778594,1,False,False
83b99efffffffff,-57.964114194208015,142.5026291769482,1,False,False
83b9a0fffffffff,-63.64999642831511,145.8955720428418,1,False,False
83b9a1fffffffff,-63.98782904752866,143.4606319695444,1,False,False
83b9a2fffffffff,-62.518416587435865,146.39960248874235,1,False,False
83b9a3fffffffff,-62.870390571053576,144.06027207432172,1,False,False
83b9a4fffffffff,-64.40974518269046,147.8458234570855,1,False,False
83b9a5fffffffff,-64.77783532053782,145.35063211551952,1,False,False
83b9a6fffffffff,-63.26876714822935,148.28897046602862,1,False,False
83b9a8fffffffff,-63.44741702612945,139.2897602226692,1,False,False
83b9a9fffffffff,-63.67172271477926,136.87424534330566,1,False,False
83b9aafffffffff,-62.35809334661838,140.02466402596946,1,False,False
83b9abfffffffff,-62.60106583335437,137.69719052769833,1,False,False
83b9acfffffffff,-64.28149351530246,140.9920551556203,1,False,False
83b9adfffffffff,-64.53053245033486,138.49846252197736,1,False,False
83b9aefffffffff,-63.180231332248894,141.68780023428323,1,False,False
83b9b0fffffffff,-60.979867411195656,149.07908392217556,1,False,False
83b9b1fffffffff,-61.38423227585047,146.8670935565038,1,False,False
83b9b2fffffffff,-59.8340946682809,149.4327006120532,1,False,False
83b9b3fffffffff,-60.24855663149947,147.301823599611,1,False,False
83b9b4fffffffff,-61.69154825487571,150.95189158882826,1,False,False
83b9b5fffffffff,-62.12511365141548,148.6988675387183,1,False,False
83b9b6fffffffff,-60.5372073020099,151.24708064686166,1,False,False
83bb29fffffffff,-72.4748026835589,-156.74034629803307,1,False,False
83bb74fffffffff,-72.37508110722108,-160.32578243357293,1,False,False
83bb75fffffffff,-72.20937354236533,-163.8969701496621,1,False,False
83bc09fffffffff,-65.88063877975634,-44.24047114894069,1,False,True
83bc0bfffffffff,-66.41362966753842,-41.94452719732024,1,False,True
83bc40fffffffff,-62.00877684519892,-46.24613748445726,1,False,False
83bc41fffffffff,-60.90920316941233,-46.19771265762197,1,False,False
83bc42fffffffff,-62.546142575901065,-44.31700984147464,1,False,True
83bc43fffffffff,-61.43853154430443,-44.33875050416626,1,False,True
83bc44fffffffff,-62.546250082847926,-48.20371576222299,1,False,False
83bc45fffffffff,-61.45286832058305,-48.08320685769696,1,False,False
83bc46fffffffff,-63.1111923679837,-46.29833117425636,1,False,False
83bc48fffffffff,-59.23405158628156,-44.3777419881478,1,False,True
83bc49fffffffff,-58.13876796449095,-44.39529159508015,1,False,False
83bc4afffffffff,-59.72903924304247,-42.56882058247314,1,False,True
83bc4bfffffffff,-58.62597671304022,-42.64815423120437,1,False,True
83bc4cfffffffff,-59.81326895124981,-46.1526627613566,1,False,False
83bc4dfffffffff,-58.72175556214039,-46.11064690699319,1,False,False
83bc4efffffffff,-60.33423397325529,-44.35894120542369,1,False,True
83bc50fffffffff,-64.17840964174398,-42.186638365167525,1,False,True
83bc51fffffffff,-63.062156111226,-42.29343776437153,1,False,True
83bc52fffffffff,-64.67449773800801,-39.97578496689559,1,False,True
83bc53fffffffff,-63.55386385906149,-40.17373840740237,1,False,True
83bc54fffffffff,-64.76802775661164,-44.268105395918,1,False,True
83bc55fffffffff,-63.6562505658653,-44.29353362373241,1,False,True
83bc56fffffffff,-65.295855051105,-42.0707393850768,1,False,True
83bc58fffffffff,-61.31789548098092,-40.52558080419994,1,False,True
83bc59fffffffff,-60.20431106545092,-40.68261665072822,1,False,True
83bc5afffffffff,-61.775338022009855,-38.48381408509266,1,False,True
83bc5bfffffffff,-60.657359679679736,-38.7184235158815,1,False,True
83bc5cfffffffff,-61.947949575256,-42.39216809372136,1,False,True
83bc5dfffffffff,-60.83663409865347,-42.48371000949616,1,False,True
83bc5efffffffff,-62.43470211144347,-40.35643895360944,1,False,True
83bc61fffffffff,-61.36788816997751,-51.729910601138656,1,False,False
83bc62fffffffff,-63.04995317748147,-50.20874791235076,1,False,False
83bc63fffffffff,-61.9642638401352,-50.01299282856099,1,False,False
83bc68fffffffff,-59.801156476354,-49.66176134637864,1,False,False
83bc69fffffffff,-58.72531030076944,-49.503619724108326,1,False,False
83bc6afffffffff,-60.36258643178795,-47.97118475784235,1,False,False
83bc6bfffffffff,-59.27618940483986,-47.86678420935347,1,False,False
83bc6cfffffffff,-60.29585161220185,-51.49324517666875,1,False,False
83bc6dfffffffff,-59.22723325088407,-51.27237815843432,1,False,False
83bc6efffffffff,-60.8810665181126,-49.831139574206816,1,False,False
83bc71fffffffff,-63.64193118209072,-48.33371268578749,1,False,False
83bc72fffffffff,-65.32129729892117,-46.41593320165828,1,False,False
83bc73fffffffff,-64.21563919772501,-46.35475143573017,1,False,False
83bc89fffffffff,-68.84480073184787,-25.6350157022052,1,False,False
83bc99fffffffff,-70.32110176680517,-18.01842944321383,1,False,False
83bcc0fffffffff,-65.21504966939105,-30.735230746240145,1,False,True
83bcc1fffffffff,-64.09660910409352,-31.32144042088828,1,False,True
83bcc2fffffffff,-65.53797858960952,-28.147572426153697,1,False,True
83bcc3fffffffff,-64.42584798580344,-28.84924733875605,1,False,False
83bcc4fffffffff,-65.9729003982369,-32.71804877085287,1,False,True
83bcc5fffffffff,-64.85199710889103,-33.235554219477926,1,False,True
83bcc6fffffffff,-66.33100611794413,-30.097323005636508,1,False,True
83bcc8fffffffff,-62.19495959065234,-30.09359072316656,1,False,False
83bcc9fffffffff,-61.0786979502357,-30.647579900411152,1,False,False
83bccafffffffff,-62.49750681192689,-27.756358922296243,1,False,False
83bccbfffffffff,-61.38607086575051,-28.40447332256395,1,False,False
83bcccfffffffff,-62.97689099446968,-31.861882831098686,1,False,False
83bccdfffffffff,-61.85705467410275,-32.361630545445905,1,False,False
83bccefffffffff,-63.31108284675927,-29.49589264780781,1,False,False
83bcd0fffffffff,-66.9151091175127,-24.585160809906167,1,False,False
83bcd1fffffffff,-65.81775899953097,-25.47900768043732,1,False,False
83bcd2fffffffff,-67.13499659347411,-21.71136532603633,1,False,False
83bcd3fffffffff,-66.05156708367718,-22.737768578017587,1,False,False
83bcd4fffffffff,-67.74890774291265,-26.54952224470557,1,False,False
83bcd5fffffffff,-66.64613544426207,-27.38377131087737,1,False,True
83bcd6fffffffff,-68.00519048139317,-23.609079208193155,1,False,False
83bcd8fffffffff,-63.8635590526513,-24.550918011303903,1,False,False
83bcd9fffffffff,-62.76220895551591,-25.354839271073025,1,False,False
83bcdafffffffff,-64.07683238812164,-21.984884397499123,1,False,False
83bcdbfffffffff,-62.986734276241656,-22.89510832016776,1,False,False
83bcdcfffffffff,-64.71472684731104,-26.30020713280994,1,False,False
83bcddfffffffff,-63.60750551514347,-27.05697012959564,1,False,False
83bcdefffffffff,-64.96053297931866,-23.681215615743163,1,False,False
83bce0fffffffff,-66.26403296952705,-37.33684533449949,1,False,True
83bce1fffffffff,-65.14121303307128,-37.6601624948517,1,False,True
83bce2fffffffff,-66.6971808685547,-34.80023076029244,1,False,True
83bce3fffffffff,-65.57516063008444,-35.24024839489608,1,False,True
83bce4fffffffff,-66.91658820772182,-39.5258076296056,1,False,True
83bce5fffffffff,-65.79570784952855,-39.76059070567732,1,False,True
83bce6fffffffff,-67.38568132806873,-36.983515894230194,1,False,True
83bce8fffffffff,-63.32865060403319,-36.01538183827309,1,False,True
83bce9fffffffff,-62.20619857225391,-36.3584546918968,1,False,True
83bceafffffffff,-63.72988526237246,-33.7114383686129,1,False,True
83bcebfffffffff,-62.60766065235307,-34.150469876617464,1,False,False
83bcecfffffffff,-64.0181910899135,-37.9571173024488,1,False,True
83bcedfffffffff,-62.89592071681501,-38.23079354735671,1,False,True
83bceefffffffff,-64.45197336507835,-35.64386472142325,1,False,True
83bcf0fffffffff,-68.2065099880106,-31.534684198864475,1,False,False
83bcf1fffffffff,-67.09146246333755,-32.15330866923255,1,False,True
83bcf2fffffffff,-68.550370821425,-28.637247173429007,1,False,False
83bcf3fffffffff,-67.44321951082496,-29.4007441462875,1,False,True
83bcf4fffffffff,-68.9334619975281,-33.78961731541031,1,False,False
83bcf5fffffffff,-67.8169765443441,-34.318714545224786,1,False,True
83bcf6fffffffff,-69.31682287912396,-30.85424430597637,1,False,False
83be09fffffffff,-63.02943564415741,163.92509430394873,1,False,False
83be0bfffffffff,-61.85407059183655,163.73906771670437,1,False,False
83be1bfffffffff,-58.83165833039855,165.2935275934034,1,False,False
83be29fffffffff,-65.14131449845578,169.1810527040269,1,False,False
83be40fffffffff,-66.01608941983329,157.00733747111855,1,False,False
83be41fffffffff,-66.53535159962502,154.44544660923177,1,False,False
83be42fffffffff,-64.84855529773363,157.0954867522059,1,False,False
83be43fffffffff,-65.37438986676345,154.6454543923711,1,False,False
83be44fffffffff,-66.62150114240303,159.4948924821093,1,False,False
83be45fffffffff,-67.18016911711612,156.91101944549976,1,False,False
83be46fffffffff,-65.45263177875574,159.47708039318823,1,False,False
83be48fffffffff,-66.29161845407617,149.51179466162753,1,False,False
83be49fffffffff,-66.67926493502614,146.84244171703034,1,False,False
83be4afffffffff,-65.14629353391214,149.91721109643908,1,False,False
83be4bfffffffff,-65.54694929385502,147.36526985766608,1,False,False
83be4cfffffffff,-67.00804398737463,151.7969507548386,1,False,False
83be4dfffffffff,-67.43204742409272,149.06924596525212,1,False,False
83be4efffffffff,-65.85608217734796,152.1154419212118,1,False,False
83be50fffffffff,-63.10703657941797,159.44573061839745,1,False,False
83be51fffffffff,-63.678532823391,157.1764638338756,1,False,False
83be52fffffffff,-61.9322652731835,159.43186417315732,1,False,False
83be53fffffffff,-62.5069992076938,157.25110955080416,1,False,False
83be54fffffffff,-63.67359871609292,161.73794128458405,1,False,False
83be55fffffffff,-64.28081947537407,159.46075246393488,1,False,False
83be56fffffffff,-62.49808305103815,161.6338523174127,1,False,False
83be58fffffffff,-63.54136289710622,152.67594959964543,1,False,False
83be59fffffffff,-63.99713660647095,150.2899445490715,1,False,False
83be5afffffffff,-62.38063819992741,152.92382856895165,1,False,False
83be5bfffffffff,-62.84520491512296,150.6337659686047,1,False,False
83be5cfffffffff,-64.21028956284624,154.82896146486206,1,False,False
83be5dfffffffff,-64.70018319599244,152.4073837157154,1,False,False
83be5efffffffff,-63.0440382355868,154.99792556239652,1,False,False
83be60fffffffff,-68.35011399058145,162.255814871876,1,False,False
83be61fffffffff,-68.94659928764865,159.53585948603575,1,False,False
83be62fffffffff,-67.1867808231095,162.10828926104304,1,False,False
83be63fffffffff,-67.78646982657708,159.5144007199825,1,False,False
83be64fffffffff,-68.86696278525815,165.13298957633728,1,False,False
83be65fffffffff,-69.50798549211015,162.41846030855015,1,False,False
83be66fffffffff,-67.7080855558609,164.84562587257798,1,False,False
83be68fffffffff,-68.84395770757392,153.98617291692707,1,False,False
83be69fffffffff,-69.296108993063,151.06448958197507,1,False,False
83be6afffffffff,-67.69219628155211,154.2266133675215,1,False,False
83be6bfffffffff,-68.15505582777253,151.44813874311103,1,False,False
83be6cfffffffff,-69.49418277859007,156.68887423463158,1,False,False
83be6dfffffffff,-69.98968452538125,153.72076875460004,1,False,False
83be6efffffffff,-68.3398438588756,156.8053426459384,1,False,False
83be70fffffffff,-65.37536642428918,164.345503222761,1,False,False
83be71fffffffff,-66.01893584746979,161.9738704811653,1,False,False
83be72fffffffff,-64.20354269110946,164.12657189453725,1,False,False
83be73fffffffff,-64.84754746265831,161.85088742238264,1,False,False
83be74fffffffff,-65.8609851214767,166.94153281401162,1,False,False
83be75fffffffff,-66.54388542187066,164.5842516505559,1,False,False
83be76fffffffff,-64.69377580832314,166.60901545745364,1,False,False
83bec0fffffffff,-57.82542608734084,157.49921816033842,1,False,False
83bec1fffffffff,-58.37737647140724,155.55815983381945,1,False,False
83bec2fffffffff,-56.66105660769026,157.55110218584682,1,False,False
83bec3fffffffff,-57.21522726129615,155.67504377253127,1,False,False
83bec4fffffffff,-58.41188701750414,159.39600212637012,1,False,False
83bec5fffffffff,-58.993173032448816,157.4437027113733,1,False,False
83bec6fffffffff,-57.24300829338599,159.3856418346264,1,False,False
83bec8fffffffff,-58.23057509756328,151.77785309893227,1,False,False
83bec9fffffffff,-58.688843652170696,149.76239028494402,1,False,False
83becafffffffff,-57.0802963144175,152.01729785107705,1,False,False
83becbfffffffff,-57.54514247850861,150.0704821740223,1,False,False
83beccfffffffff,-58.89716285146989,153.5647033069139,1,False,False
83becdfffffffff,-59.383211270867776,151.52171327844098,1,False,False
83becefffffffff,-57.73890705099433,153.74977681017563,1,False,False
83bed1fffffffff,-55.50100960891783,157.59969973852856,1,False,False
83bed2fffffffff,-53.76348796494259,159.3583280345452,1,False,False
83bed3fffffffff,-54.34620858075861,157.64531342947592,1,False,False
83bed5fffffffff,-56.07802727860358,159.3759498911021,1,False,False
83bed8fffffffff,-55.432610648887874,154.08512419925145,1,False,False
83bed9fffffffff,-55.93335175154319,152.24162067832097,1,False,False
83bedafffffffff,-54.28645409284072,154.23750787027902,1,False,False
83bedbfffffffff,-54.79069418031995,152.4522039774285,1,False,False
83bedcfffffffff,-56.05681904628916,155.78443751394454,1,False,False
83beddfffffffff,-56.58373835260162,153.92287617826176,1,False,False
83bedefffffffff,-54.90308813878383,155.88703796293925,1,False,False
83bee0fffffffff,-60.14634944319539,161.44838368882662,1,False,False
83bee1fffffffff,-60.757492676851456,159.41902476536674,1,False,False
83bee2fffffffff,-58.972128921615365,161.36541130312276,1,False,False
83bee3fffffffff,-59.583705887570325,159.40710236747364,1,False,False
83bee4fffffffff,-60.67847287702552,163.56678390667557,1,False,False
83bee5fffffffff,-61.32199979014285,161.53761858255842,1,False,False
83bee6fffffffff,-59.503663721267294,163.40677704145375,1,False,False
83bee8fffffffff,-60.70905563591164,155.2986228803114,1,False,False
83bee9fffffffff,-61.219024392735264,153.15331387200757,1,False,False
83beeafffffffff,-59.54231011713497,155.43299022752623,1,False,False
83beebfffffffff,-60.05753192552467,153.36637298727695,1,False,False
83beecfffffffff,-61.33493819021727,157.32013828686215,1,False,False
83beedfffffffff,-61.8766288228358,155.1540069730922,1,False,False
83beeefffffffff,-60.16333529638311,157.38416087777355,1,False,False
83bef0fffffffff,-57.16044925920024,163.118702317024,1,False,False
83bef1fffffffff,-57.80032673752798,161.2880648341307,1,False,False
83bef3fffffffff,-56.63191826070419,161.21579110461255,1,False,False
83bef4fffffffff,-57.66140103397295,165.0835705172942,1,False,False
83bef5fffffffff,-58.33065588634663,163.25778223631872,1,False,False
83bf59fffffffff,-68.18165384411695,167.70256122632014,1,False,False
83bf5afffffffff,-66.30123980903682,169.63399620468695,1,False,False
83bf5bfffffffff,-67.02396780326724,167.30458938326026,1,False,False
83bf69fffffffff,-72.49476440990438,174.19100433678477,1,False,False
83c200fffffffff,-52.85382576082516,-45.54503065026185,1,False,False
83c202fffffffff,-53.09369332084776,-44.31871742676762,1,False,False
83c203fffffffff,-52.227141796798456,-44.79133938811436,1,False,False
83c204fffffffff,-53.081157765389335,-46.77773238887509,1,False,False
83c205fffffffff,-52.21954602757109,-46.28127965616762,1,False,False
83c206fffffffff,-53.6302282471141,-45.556084399446654,1,False,False
83c210fffffffff,-54.183896776432896,-42.97232492624679,1,False,False
83c211fffffffff,-53.32496120312674,-43.05561399552949,1,False,False
83c212fffffffff,-54.4140456387968,-41.63349678080477,1,False,False
83c213fffffffff,-53.54666223614655,-41.75532321760575,1,False,False
83c214fffffffff,-54.8062142648913,-44.22236373644508,1,False,False
83c215fffffffff,-53.943661259288255,-44.2718841646933,1,False,False
83c218fffffffff,-51.80703179075147,-42.70460421799851,1,False,False
83c219fffffffff,-50.92396786525133,-43.30657175951467,1,False,False
83c21afffffffff,-52.017745750136434,-41.331040730413456,1,False,False
83c21bfffffffff,-51.13570086791693,-41.96425613379056,1,False,False
83c21cfffffffff,-52.46147165577904,-43.45315397333735,1,False,False
83c21dfffffffff,-51.58389009726629,-44.04514037352642,1,False,False
83c21efffffffff,-52.683675637090325,-42.08096653723009,1,False,False
83c220fffffffff,-53.46028302749233,-47.73613340574155,1,False,False
83c221fffffffff,-51.681799647489726,-48.397938875721415,1,False,False
83c222fffffffff,-54.157585432332496,-46.88263706488105,1,False,False
83c223fffffffff,-52.38939699108455,-47.59471293141572,1,False,False
83c224fffffffff,-53.66708615339019,-49.06252312674982,1,False,False
83c225fffffffff,-52.74663129963091,-48.57397136595499,1,False,False
83c226fffffffff,-54.37864033769303,-48.209362654531226,1,False,False
83c228fffffffff,-50.86911849008517,-46.21058000441994,1,False,False
83c229fffffffff,-50.1536757215622,-45.42359982601548,1,False,False
83c22afffffffff,-51.52625959151652,-45.48352707077555,1,False,False
83c22bfffffffff,-50.81732875589299,-44.698494356146064,1,False,False
83c22cfffffffff,-50.90141709619725,-47.73097788534593,1,False,True
83c22dfffffffff,-50.195267820554655,-46.93028442007683,1,False,False
83c22efffffffff,-51.56877657735796,-47.00996746133244,1,False,False
83c230fffffffff,-55.543706722895855,-45.745686382339095,1,False,False
83c231fffffffff,-53.89753674176095,-46.921874709328925,1,False,False
83c232fffffffff,-55.22688255459117,-45.58014997210414,1,False,False
83c233fffffffff,-54.42121233995825,-45.56777212323537,1,False,False
83c234fffffffff,-55.82067542664296,-47.21437845192639,1,False,False
83c235fffffffff,-55.01344349827853,-47.142692332178925,1,False,False
83c236fffffffff,-56.3579925367854,-45.77573823406428,1,False,False
83c288fffffffff,-51.84557982055547,-36.28018316541984,1,False,False
83c289fffffffff,-50.96593382138967,-37.017603432271,1,False,False
83c28bfffffffff,-51.10825313505575,-35.553803395159306,1,False,False
83c28cfffffffff,-52.56527365066862,-37.01709113219391,1,False,False
83c28dfffffffff,-51.6906549741955,-37.74711584690353,1,False,False
83c2a8fffffffff,-53.08764863107997,-39.23604900769983,1,False,False
83c2a9fffffffff,-52.21503317140955,-39.924851068373066,1,False,False
83c2abfffffffff,-52.39788202900587,-38.48661271791365,1,False,False
83c2acfffffffff,-53.7577841034002,-40.41757742620442,1,False,False
83c2adfffffffff,-52.8927435474623,-40.67509842432845,1,False,False
83c2c0fffffffff,-48.11628917628564,-40.43091649047182,1,False,False
83c2c1fffffffff,-47.207465333942,-41.04760345223279,1,False,False
83c2c2fffffffff,-48.28040927906307,-39.08686495467919,1,False,False
83c2c3fffffffff,-47.37226796196196,-39.73212817885645,1,False,False
83c2c4fffffffff,-48.84347550893612,-41.13783710260959,1,False,False
83c2c5fffffffff,-47.93937575385699,-41.7462916275512,1,False,False
83c2c6fffffffff,-49.01977031917514,-39.79344658158468,1,False,False
83c2c8fffffffff,-45.54116277929718,-40.96125068401592,1,False,False
83c2c9fffffffff,-44.81883477091596,-41.663870233734535,1,False,False
83c2cafffffffff,-45.69383150157297,-39.67347817097583,1,False,False
83c2cbfffffffff,-44.77195713005207,-40.28554737727003,1,False,False
83c2ccfffffffff,-46.34668721876657,-41.67431341389594,1,False,False
83c2cdfffffffff,-45.63152664166018,-42.38011102824761,1,False,False
83c2cefffffffff,-46.4589289934864,-40.35664224952527,1,False,False
83c2d0fffffffff,-49.33097276406272,-37.01809191596636,1,False,False
83c2d1fffffffff,-48.43082403677141,-37.71471605306063,1,False,False
83c2d2fffffffff,-49.46400967856541,-35.58864203289125,1,False,False
83c2d3fffffffff,-48.56661824914182,-36.31520203611285,1,False,False
83c2d4fffffffff,-50.07801245006048,-37.7305368876817,1,False,False
83c2d5fffffffff,-49.18258120794975,-38.41997315567832,1,False,False
83c2d6fffffffff,-50.22371155733455,-36.29810635779403,1,False,False
83c2d8fffffffff,-46.75077581235791,-37.69960250626582,1,False,False
83c2d9fffffffff,-45.833949572719234,-38.35919645560988,1,False,False
83c2dafffffffff,-46.87600014426966,-36.33152621389809,1,False,False
83c2dbfffffffff,-45.960666358474846,-37.01900378231043,1,False,False
83c2dcfffffffff,-47.52405605586234,-38.38890138313618,1,False,False
83c2ddfffffffff,-46.61146115926119,-39.0415369260056,1,False,False
83c2defffffffff,-47.66193635416704,-37.01855820635632,1,False,False
83c2e0fffffffff,-49.35320985983995,-43.16651414717413,1,False,False
83c2e1fffffffff,-48.676145520095446,-43.88685670544153,1,False,False
83c2e2fffffffff,-49.553807416087245,-41.85281384015936,1,False,False
83c2e3fffffffff,-48.6546258524819,-42.45262585672699,1,False,False
83c2e4fffffffff,-50.09291549485153,-43.92616741778566,1,False,False
83c2e5fffffffff,-49.42261827629969,-44.64903033849364,1,False,False
83c2e6fffffffff,-50.24729332630314,-42.57575874927908,1,False,False
83c2e8fffffffff,-47.21347340213716,-43.84852687960043,1,False,False
83c2e9fffffffff,-46.49533999865389,-44.553785647986686,1,False,False
83c2eafffffffff,-47.1379035107943,-42.39955344773471,1,False,False
83c2ebfffffffff,-46.42985275891359,-43.1083096441604,1,False,False
83c2ecfffffffff,-47.98208236579893,-44.60080950926082,1,False,False
83c2edfffffffff,-47.27096281624501,-45.30823847609457,1,False,False
83c2eefffffffff,-47.91448705582239,-43.13704701585995,1,False,False
83c2f0fffffffff,-50.634534120451,-39.8576195732699,1,False,False
83c2f1fffffffff,-49.742104878928615,-40.50858798313287,1,False,False
83c2f2fffffffff,-50.80770187716897,-38.452508316434,1,False,False
83c2f3fffffffff,-49.91715785714291,-39.13429118915573,1,False,False
83c2f4fffffffff,-51.334718443275726,-40.58989495849144,1,False,False
83c2f5fffffffff,-50.44740772257092,-41.23221879282312,1,False,False
83c2f6fffffffff,-51.520034975112594,-39.1839646983799,1,False,False
83c300fffffffff,-55.14119183411725,-53.90214691494378,1,False,False
83c301fffffffff,-54.21463548756185,-53.26496928066096,1,False,False
83c302fffffffff,-55.89595202780705,-53.044996126327455,1,False,False
83c303fffffffff,-54.97106690325872,-52.421261823659606,1,False,False
83c304fffffffff,-55.29567316621159,-55.42081931193851,1,False,False
83c305fffffffff,-54.36916056407133,-54.73953469471989,1,False,False
83c306fffffffff,-56.0662336580638,-54.57101677009965,1,False,False
83c308fffffffff,-53.119620078435375,-51.260429004586186,1,False,False
83c309fffffffff,-52.19462015043306,-50.71962740042807,1,False,False
83c30afffffffff,-53.862470331666245,-50.42616770953349,1,False,False
83c30bfffffffff,-52.93900741248095,-49.89923657055323,1,False,False
83c30cfffffffff,-53.28740918342841,-52.65743051041873,1,False,False
83c30dfffffffff,-52.36032649481482,-52.07763715001879,1,False,False
83c30efffffffff,-54.04535777182381,-51.82704885187089,1,False,False
83c310fffffffff,-57.40211414366744,-52.10066610189242,1,False,False
83c311fffffffff,-56.561736738434064,-51.87106292450516,1,False,False
83c312fffffffff,-58.01648849491033,-50.64109372208624,1,False,False
83c313fffffffff,-57.16625796265914,-50.4535429062011,1,False,False
83c314fffffffff,-57.61888416713014,-53.7902553206125,1,False,False
83c315fffffffff,-56.77452968777752,-53.5047271408834,1,False,False
83c316fffffffff,-58.25728441387661,-52.34551177244219,1,False,False
83c318fffffffff,-55.51059150227916,-50.11210317424482,1,False,False
83c319fffffffff,-54.58864104083054,-49.57467878433378,1,False,False
83c31afffffffff,-56.08351679628424,-48.72512174112248,1,False,False
83c31bfffffffff,-55.26928373910262,-48.60770835335728,1,False,False
83c31cfffffffff,-55.7103302658321,-51.558557413842856,1,False,False
83c31dfffffffff,-54.78649418042777,-50.9786753776539,1,False,False
83c31efffffffff,-56.33096609027884,-50.27755764817415,1,False,False
83c320fffffffff,-54.62927062499684,-57.79593582633641,1,False,False
83c321fffffffff,-53.70280398782735,-57.059365070348655,1,False,False
83c322fffffffff,-55.4332939192623,-56.9765291378386,1,False,False
83c323fffffffff,-54.50776649569792,-56.25013648824471,1,False,False
83c324fffffffff,-54.73248268685015,-59.375849703557925,1,False,False
83c325fffffffff,-53.808167784605615,-58.59465648717802,1,False,False
83c326fffffffff,-55.55282438556501,-58.56827138571695,1,False,False
83c328fffffffff,-52.65128983783929,-54.89647940003547,1,False,False
83c329fffffffff,-51.72213462941394,-54.26515116985263,1,False,False
83c32afffffffff,-53.44128366984432,-54.089946459925066,1,False,False
83c32bfffffffff,-52.51290544832778,-53.47004882048877,1,False,False
83c32cfffffffff,-52.774391476041785,-56.35635843575521,1,False,False
83c32dfffffffff,-51.84496403803316,-55.68487073884729,1,False,False
83c32efffffffff,-53.58012705858516,-55.55748963052054,1,False,False
83c330fffffffff,-57.14098904624685,-56.88733819897956,1,False,False
83c331fffffffff,-56.21992565959515,-56.13597071973834,1,False,False
83c332fffffffff,-57.815179457274326,-55.52092409044303,1,False,False
83c333fffffffff,-56.96804405825862,-55.177332669638986,1,False,False
83c334fffffffff,-62.563661453898966,-63.278372732625336,1,False,False
83c335fffffffff,-56.35576046320501,-57.73894380484627,1,False,False
83c336fffffffff,-57.98962542362335,-57.29091852163856,1,False,False
83c340fffffffff,-48.064836946266624,-50.53634157291992,1,False,False
83c341fffffffff,-47.33162816826405,-49.7335326638332,1,False,False
83c342fffffffff,-48.79911776140741,-49.84696371367592,1,False,False
83c343fffffffff,-48.07282525867837,-49.0442361051473,1,False,False
83c344fffffffff,-48.03746270288119,-52.03060583351108,1,False,False
83c345fffffffff,-47.313811147181376,-51.217637480489245,1,False,False
83c346fffffffff,-48.7815571072274,-51.349849251319256,1,False,False
83c348fffffffff,-46.57177017518455,-47.4722173790388,1,False,False
83c349fffffffff,-45.79746041508721,-46.70304040350601,1,False,False
83c34afffffffff,-47.310007180020925,-46.77689440632602,1,False,False
83c34bfffffffff,-46.54275614476007,-46.00901991560861,1,False,False
83c34cfffffffff,-46.582116631625816,-48.941521828722806,1,False,False
83c34dfffffffff,-45.81652313984963,-48.16038921828487,1,False,False
83c34efffffffff,-47.33030636174086,-48.25263189255715,1,False,False
83c350fffffffff,-50.219803433407854,-49.96329327206302,1,False,True
83c351fffffffff,-49.51663255870663,-49.14956237503814,1,False,False
83c352fffffffff,-50.958535781097176,-49.18744689912125,1,False,True
83c353fffffffff,-50.21738808671315,-48.44420690547356,1,False,True
83c354fffffffff,-51.271095188172914,-50.20300881716458,1,False,False
83c355fffffffff,-49.50900839095048,-50.6607290773341,1,False,True
83c356fffffffff,-52.01682683824637,-49.39622941942017,1,False,False
83c358fffffffff,-48.77584545249388,-46.852618522576456,1,False,False
83c359fffffffff,-48.031215603697376,-46.07451622787145,1,False,False
83c35afffffffff,-49.473204700735096,-46.1416814509532,1,False,False
83c35bfffffffff,-48.7354064308223,-45.36518920688269,1,False,False
83c35cfffffffff,-48.79716024034039,-48.347208072779694,1,False,False
83c35dfffffffff,-48.06155237811401,-47.55630151908154,1,False,False
83c35efffffffff,-49.50463230773662,-47.64252752481943,1,False,False
83c360fffffffff,-48.134463457649325,-53.27805188745717,1,False,False
83c361fffffffff,-47.406804667518166,-52.45617104807151,1,False,False
83c362fffffffff,-48.94104310137519,-52.53178767853632,1,False,False
83c363fffffffff,-48.17835424891424,-51.76649956316572,1,False,False
83c364fffffffff,-48.23773733608847,-54.58251481528182,1,False,False
83c365fffffffff,-47.353264786740375,-53.95700605756863,1,False,False
83c366fffffffff,-49.05936165148243,-53.84117646355392,1,False,False
83c368fffffffff,-46.6863401951842,-50.15296258252446,1,False,False
83c369fffffffff,-45.91549559097768,-49.36268044590539,1,False,False
83c36afffffffff,-46.57359876503829,-50.41502948194691,1,False,False
83c36bfffffffff,-45.81702262643856,-49.6228939819972,1,False,False
83c36cfffffffff,-46.66220210975851,-51.644749757325805,1,False,False
83c36dfffffffff,-45.900849376843496,-50.84390884115789,1,False,False
83c36efffffffff,-47.44069919281517,-50.95426490972953,1,False,False
83c370fffffffff,-50.65793340327966,-52.31204651941326,1,False,False
83c371fffffffff,-49.732901994551305,-51.77063859164495,1,False,True
83c372fffffffff,-51.43417008128056,-51.52384199621949,1,False,False
83c373fffffffff,-50.50969164869342,-50.99443158583647,1,False,True
83c374fffffffff,-50.79350685494421,-53.66169304736408,1,False,False
83c375fffffffff,-49.86621751906186,-53.08442482324322,1,False,False
83c376fffffffff,-51.5848561646363,-52.87798732221281,1,False,False
83c3a9fffffffff,-56.64283121105332,-47.29051800318628,1,False,False
83c3acfffffffff,-57.75689381500705,-48.98283126590793,1,False,False
83c3adfffffffff,-56.9127045914674,-48.84992315713421,1,False,False
83c4dafffffffff,-69.94782114979256,-30.302513863416667,1,False,False
83c980fffffffff,-66.16215701613352,100.12194078487065,1,False,False
83c981fffffffff,-66.56168262536153,97.8864339761758,1,False,False
83c982fffffffff,-65.19487229437668,100.09249689402012,1,False,False
83c983fffffffff,-65.58496085814022,97.9560563213365,1,False,False
83c984fffffffff,-66.70769815866429,102.38603767487464,1,False,False
83c985fffffffff,-67.14335560278538,100.1542002542916,1,False,False
83c986fffffffff,-65.73773391839207,102.25514905904046,1,False,False
83c98afffffffff,-65.30809557037249,93.670807411995,1,False,False
83c98efffffffff,-65.94899192671623,95.72587302947134,1,False,False
83c990fffffffff,-63.83939464446716,102.02546681361936,1,False,False
83c991fffffffff,-64.24174785211612,100.06551539698654,1,False,False
83c992fffffffff,-62.91146354308839,101.9241544374092,1,False,False
83c993fffffffff,-63.302991472113526,100.04069980726004,1,False,False
83c994fffffffff,-64.34771091866354,104.08595960867828,1,False,False
83c995fffffffff,-64.78155215375368,102.13541428662452,1,False,False
83c996fffffffff,-63.41781664943812,103.90057642650088,1,False,False
83c998fffffffff,-64.02270157785826,96.03646040532703,1,False,False
83c99afffffffff,-63.08113913656608,96.17311198526954,1,False,False
83c99cfffffffff,-64.62238937078337,98.01973398168973,1,False,False
83c99dfffffffff,-64.97872865667267,95.88792062370187,1,False,False
83c99efffffffff,-63.674197821013415,98.07819702198758,1,False,False
83c9a0fffffffff,-68.20225332616945,105.01208783374533,1,False,False
83c9a2fffffffff,-67.21896770532462,104.74762869351542,1,False,False
83c9a3fffffffff,-67.69116157937285,102.52971324155988,1,False,False
83c9a6fffffffff,-67.69339161476019,107.20461059297762,1,False,False
83c9b0fffffffff,-65.76901474207959,106.52005183162422,1,False,False
83c9b1fffffffff,-66.24856020286265,104.50710275098116,1,False,False
83c9b2fffffffff,-64.7796028313205,106.18571615890065,1,False,False
83c9b3fffffffff,-65.29137579379007,104.2874092083618,1,False,False
83c9b4fffffffff,-66.04000803540256,108.68731100119666,1,False,False
83c9b5fffffffff,-66.72497333223815,106.84661953165023,1,False,False
83c9b6fffffffff,-65.04617824216096,108.25531212359726,1,False,False
83ce10fffffffff,-55.13475329186636,-70.24739975214473,1,False,False
83ce12fffffffff,-55.2765200276979,-68.52073879390917,1,False,False
83ce13fffffffff,-54.298243920962896,-69.06954574885113,1,False,False
83ce14fffffffff,-55.96176364705418,-71.47889915155663,1,False,False
83ce16fffffffff,-56.11494040406518,-69.7086126334641,1,False,False
83ce32fffffffff,-56.77769952934104,-72.76657557643152,1,False,False
83ce36fffffffff,-57.58092620227809,-74.11296943927027,1,False,False
83ce80fffffffff,-49.3915773613024,-59.36833283865256,1,False,False
83ce81fffffffff,-48.50798942340458,-60.077364360227406,1,False,False
83ce82fffffffff,-49.331586791975575,-57.94441782044626,1,False,False
83ce83fffffffff,-48.46369326107831,-58.66351505570164,1,False,False
83ce84fffffffff,-50.319337401424974,-60.103728475294496,1,False,False
83ce85fffffffff,-49.4345975478695,-60.81882878157898,1,False,False
83ce86fffffffff,-50.26046265975671,-58.64210527347568,1,False,False
83ce88fffffffff,-46.685572015489015,-60.05267566052034,1,False,False
83ce8afffffffff,-46.6561248997511,-58.68357616241161,1,False,False
83ce8bfffffffff,-45.76229866109201,-59.36410201993454,1,False,False
83ce8cfffffffff,-47.61020226357355,-60.769593864654205,1,False,False
83ce8efffffffff,-47.58151745584076,-59.3661494225516,1,False,False
83ce90fffffffff,-50.09310396533677,-55.80387742333234,1,False,False
83ce91fffffffff,-49.25558224807485,-56.548069182242216,1,False,False
83ce92fffffffff,-49.98660823513559,-54.4289839801972,1,False,False
83ce93fffffffff,-49.16452248202672,-55.180103811785145,1,False,False
83ce94fffffffff,-51.0226488060438,-56.45543714078204,1,False,False
83ce95fffffffff,-50.18471988256024,-57.20850691486502,1,False,False
83ce96fffffffff,-50.91541664073493,-55.04300138777081,1,False,False
83ce98fffffffff,-47.47640349005472,-56.63486348401443,1,False,False
83ce99fffffffff,-46.611260586704375,-57.33904389873352,1,False,False
83ce9afffffffff,-47.40174877119672,-55.308665297585655,1,False,False
83ce9bfffffffff,-46.55183300700813,-56.01986370905361,1,False,False
83ce9cfffffffff,-48.40327074190594,-57.275876521028,1,False,False
83ce9dfffffffff,-47.53662258660753,-57.98760739593689,1,False,False
83ce9efffffffff,-48.32764475055438,-55.915308308714295,1,False,False
83cea0fffffffff,-51.2842335350891,-62.39943724556517,1,False,False
83cea1fffffffff,-50.38254214877456,-63.1063547895098,1,False,False
83cea2fffffffff,-51.245994038396994,-60.87147717247596,1,False,False
83cea3fffffffff,-50.36035532661484,-61.59224957127852,1,False,False
83cea4fffffffff,-57.19102087753594,-67.35944077640215,1,False,False
83cea5fffffffff,-56.24095689515569,-67.95106828954796,1,False,False
83cea6fffffffff,-52.17052649357233,-61.67346721163878,1,False,False
83ceaafffffffff,-48.53524242348022,-61.516404622695084,1,False,False
83ceacfffffffff,-54.42975223844287,-67.38583405314945,1,False,False
83ceadfffffffff,-53.45374948071311,-67.94283951930043,1,False,False
83ceaefffffffff,-49.45970090905984,-62.29474700805444,1,False,False
83ceb0fffffffff,-52.043033157904745,-58.61920608780167,1,False,False
83ceb1fffffffff,-51.18896862795559,-59.37066628740772,1,False,False
83ceb2fffffffff,-51.95228623470907,-57.136501526909335,1,False,False
83ceb3fffffffff,-51.11417685248091,-57.89829040719532,1,False,False
83ceb4fffffffff,-52.97032981835223,-59.37316578317932,1,False,False
83ceb5fffffffff,-52.11613454505127,-60.131944527909496,1,False,False
83ceb6fffffffff,-52.88110785763037,-57.84891491261261,1,False,False
83cf12fffffffff,-60.88032607684908,-78.10121225488196,1,False,False
83cf80fffffffff,-60.6197280200864,-70.5820209534366,1,False,False
83cf81fffffffff,-59.682036927545646,-71.16318521899996,1,False,False
83cf82fffffffff,-60.72188567069947,-68.6180844881542,1,False,False
83cf83fffffffff,-59.80048283826294,-69.23830155622231,1,False,False
83cf84fffffffff,-61.42480283912783,-71.99514628490768,1,False,False
83cf85fffffffff,-60.486900426969655,-72.55977246184304,1,False,False
83cf86fffffffff,-61.54150333055713,-69.9751033544656,1,False,False
83cf88fffffffff,-57.91083783263927,-70.40397678259977,1,False,False
83cf89fffffffff,-56.94348634822191,-70.95215678750967,1,False,False
83cf8afffffffff,-58.032445991895,-68.56629829431076,1,False,False
83cf8bfffffffff,-57.08100960458932,-69.14863278539859,1,False,False
83cf8cfffffffff,-58.728837114391,-71.72008896538281,1,False,False
83cf8dfffffffff,-57.76056729863512,-72.25412132449846,1,False,False
83cf8efffffffff,-58.86332372941168,-69.8331299967402,1,False,False
83cf90fffffffff,-61.682691391755455,-65.98740285672524,1,False,False
83cf91fffffffff,-60.79429611431496,-66.67237517765754,1,False,False
83cf92fffffffff,-61.70929547055826,-64.02874958403903,1,False,False
83cf93fffffffff,-60.83799682352573,-64.74905620335396,1,False,False
83cf94fffffffff,-62.51585232383016,-67.29535526802185,1,False,False
83cf95fffffffff,-61.62713269754638,-67.97097297810237,1,False,False
83cf96fffffffff,-62.55434497289497,-65.27301963871673,1,False,False
83cf98fffffffff,-59.04605816019338,-66.10560106591709,1,False,False
83cf99fffffffff,-58.12621104211153,-66.74469562949547,1,False,False
83cf9afffffffff,-53.89506905802912,-60.162214738822016,1,False,False
83cf9bfffffffff,-53.04095013254643,-60.92790667196107,1,False,False
83cf9cfffffffff,-59.88952433809494,-67.32953200545707,1,False,False
83cf9dfffffffff,-58.968767635036336,-67.96037111953753,1,False,False
83cf9efffffffff,-59.95012341143101,-65.44085005920324,1,False,False
83cfa0fffffffff,-62.04800598314843,-75.56584066919578,1,False,False
83cfa1fffffffff,-61.09485851238568,-76.06328886656296,1,False,False
83cfa2fffffffff,-62.21393568894864,-73.48133916732051,1,False,False
83cfa3fffffffff,-61.27616229641124,-74.02622248891177,1,False,False
83cfa4fffffffff,-62.80055367682807,-77.18184688960714,1,False,False
83cfa5fffffffff,-61.84823781090494,-77.6525579338912,1,False,False
83cfa6fffffffff,-62.985285049147386,-75.04425537524166,1,False,False
83cfa8fffffffff,-59.35366546850342,-75.04439132358384,1,False,False
83cfaafffffffff,-59.53333828615124,-73.09999725414139,1,False,False
83cfabfffffffff,-58.56453089445411,-73.61727891759821,1,False,False
83cfacfffffffff,-60.12620347541724,-76.53816749438805,1,False,False
83cfaefffffffff,-60.32260938996556,-74.54673352979538,1,False,False
83cfb0fffffffff,-63.252126365834,-70.78626771230759,1,False,False
83cfb1fffffffff,-62.34666263992872,-71.40454472215366,1,False,False
83cfb2fffffffff,-63.330309635962536,-68.56974471109098,1,False,False
83cfb3fffffffff,-62.44698548311003,-69.34082751269077,1,False,False
83cfb4fffffffff,-64.03526928476789,-71.89653214432019,1,False,False
83cfb5fffffffff,-63.13557262413727,-72.91043657892429,1,False,False
83cfb6fffffffff,-64.12704683275194,-69.59575237503535,1,False,False
83d16cfffffffff,-59.69953009978889,-53.07309502105102,1,False,False
83d16dfffffffff,-60.75958731291963,-53.3585091835448,1,False,False
83d890fffffffff,-70.70518389734424,160.61436989690984,1,False,False
83d892fffffffff,-69.5578100840116,160.52597492621487,1,False,False
83d893fffffffff,-70.11817954960424,157.63291615100923,1,False,False
83d894fffffffff,-71.2411739327425,163.7687616504349,1,False,False
83d896fffffffff,-70.09828865404889,163.51316884273243,1,False,False
83d8b2fffffffff,-71.72119921187047,167.0908174217665,1,False,False
83d8b6fffffffff,-72.14051422075688,170.57020830889698,1,False,False
83da90fffffffff,-74.32681948436027,-161.0348231879234,1,False,False
83da91fffffffff,-75.22545539920407,-163.59723534155427,1,False,False
83da92fffffffff,-73.27446868159896,-162.55191771389846,1,False,False
83da96fffffffff,-73.40817290306285,-158.7627384563543,1,False,False
83da9cfffffffff,-76.09769935854257,-166.49693639559084,1,False,False
83de1bfffffffff,-69.32809398518997,-46.43166737921644,1,False,False
83de48fffffffff,-59.3511704493039,-54.42062408154728,1,False,False
83de49fffffffff,-58.477795136386405,-54.09489865863423,1,False,False
83de4bfffffffff,-59.12720193161086,-52.607159980091,1,False,False
83de4cfffffffff,-64.97701796799994,-61.29944205814198,1,False,False
83de4dfffffffff,-58.676537451315234,-55.88766949505988,1,False,False
83de4efffffffff,-65.75748883562649,-59.71416225389318,1,False,False
83de68fffffffff,-64.20088253323803,-65.03371134904579,1,False,False
83de69fffffffff,-63.38308420399498,-64.18221225923452,1,False,False
83de6afffffffff,-65.02021388286079,-63.61071150627683,1,False,False
83de6bfffffffff,-64.18484471023287,-62.78644663316772,1,False,False
83de6cfffffffff,-64.18196856157935,-67.30575663065414,1,False,False
83de6dfffffffff,-63.373671257633646,-66.36628405620728,1,False,False
83de6efffffffff,-65.0275097884743,-65.95305422596131,1,False,False
83de88fffffffff,-71.23990529251466,-34.84937143632252,1,False,False
83de89fffffffff,-70.23918230362688,-35.50716987962639,1,False,False
83de8bfffffffff,-70.60330309160939,-32.48669414736187,1,False,False
83de8cfffffffff,-71.85312999502418,-37.40427176690851,1,False,False
83de8dfffffffff,-70.83380565831332,-37.94152444128471,1,False,False
83dec4fffffffff,-67.37915575180924,-41.7531155700942,1,False,False
83dec6fffffffff,-67.84417530101325,-39.23921020417326,1,False,False
83ded0fffffffff,-68.6510430059898,-33.92670108316371,1,False,False
83ded4fffffffff,-69.24863343805886,-36.09689661284006,1,False,False
83ded5fffffffff,-68.26900442396891,-36.62849061282747,1,False,False
83ded6fffffffff,-69.62251852148586,-33.24424255417263,1,False,False
83dee2fffffffff,-67.86222549751552,-44.0378199953004,1,False,False
83dee6fffffffff,-68.31796273139726,-46.448259327414505,1,False,False
83def0fffffffff,-69.36515529161356,-41.218986691144806,1,False,False
83def1fffffffff,-68.3655943707427,-41.49954375733653,1,False,False
83def2fffffffff,-69.82545337572637,-38.42082158406259,1,False,False
83def3fffffffff,-68.82872293939667,-38.85100362195408,1,False,False
83def4fffffffff,-69.87426889706292,-43.73829010514813,1,False,False
83def5fffffffff,-68.86153599035099,-43.89586575546194,1,False,False
83def6fffffffff,-70.37740774085287,-40.90691049013581,1,False,False
83df49fffffffff,-63.90601315452065,-74.20072361077241,1,False,False
83df69fffffffff,-62.58084902823284,-79.31727133190715,1,False,False
83e100fffffffff,-67.11012262638127,52.860962708622914,1,False,False
83e101fffffffff,-67.01026717780672,50.089698773163214,1,False,False
83e102fffffffff,-66.15744478645628,54.38077996550246,1,False,False
83e103fffffffff,-66.08971058879088,51.691437528037575,1,False,False
83e104fffffffff,-68.1267725851918,54.140329675554405,1,False,False
83e105fffffffff,-68.04208705798278,51.22696695356176,1,False,False
83e106fffffffff,-67.16190447319232,55.68048632549985,1,False,False
83e108fffffffff,-65.82171663892156,46.46956438724234,1,False,False
83e109fffffffff,-65.62622603545269,43.954739507335326,1,False,False
83e10cfffffffff,-66.86464724856917,47.37804819249213,1,False,False
83e10dfffffffff,-66.6758643232492,44.73582175746526,1,False,False
83e10efffffffff,-65.97704571980931,49.05118732876359,1,False,False
83e114fffffffff,-66.15059280083382,59.86273780760353,1,False,False
83e115fffffffff,-66.17827830681918,57.10846322318055,1,False,False
83e120fffffffff,-70.09335862542895,53.85520640481762,1,False,False
83e121fffffffff,-69.99063641034475,50.67744088838222,1,False,False
83e122fffffffff,-69.13738074189651,55.54430028228042,1,False,False
83e123fffffffff,-69.07052829065888,52.47674353977936,1,False,False
83e124fffffffff,-71.10803962792792,55.38143805304204,1,False,False
83e125fffffffff,-71.02530542028677,52.01819898357479,1,False,False
83e126fffffffff,-70.13936869673887,57.09004995322175,1,False,False
83e128fffffffff,-68.78126692297423,46.53361356420281,1,False,False
83e129fffffffff,-68.56471108184286,43.68448324016686,1,False,False
83e12afffffffff,-67.90827573322827,48.373519808231,1,False,False
83e12bfffffffff,-67.72802514180874,45.59182054840094,1,False,False
83e12cfffffffff,-69.83398065984126,47.57418484678472,1,False,False
83e12dfffffffff,-69.62661753083005,44.56033179455813,1,False,False
83e12efffffffff,-68.95090718327481,49.468403862304925,1,False,False
83e130fffffffff,-68.13990286708027,60.09113700748284,1,False,False
83e131fffffffff,-68.16000736887013,57.1000454619353,1,False,False
83e132fffffffff,-67.1138696699522,61.41257318165138,1,False,False
83e133fffffffff,-67.1636634528454,58.5355903222614,1,False,False
83e134fffffffff,-69.10409803965798,61.79062019591407,1,False,False
83e135fffffffff,-69.1491620005196,58.65482797875303,1,False,False
83e136fffffffff,-68.06506959883912,63.09763084304081,1,False,False
83e140fffffffff,-65.54741712566896,34.99869455948971,1,False,False
83e141fffffffff,-65.18720313227226,32.792521226359874,1,False,False
83e142fffffffff,-64.82606927563222,36.87115496710939,1,False,False
83e143fffffffff,-64.49756674085496,34.67660896788919,1,False,False
83e144fffffffff,-66.60444387238394,35.35056746508612,1,False,False
83e145fffffffff,-66.23928167563169,33.03667866655764,1,False,False
83e146fffffffff,-65.87944952964844,37.29861419804906,1,False,False
83e154fffffffff,-65.39325098093427,41.51344309538523,1,False,False
83e155fffffffff,-65.12558252821555,39.15095559505739,1,False,False
83e160fffffffff,-68.36395182939387,33.59814537960834,1,False,False
83e161fffffffff,-67.95930746765042,31.157074369365127,1,False,False
83e162fffffffff,-67.66787226530333,35.73652958954098,1,False,False
83e163fffffffff,-67.2984410513188,33.3040644355104,1,False,False
83e164fffffffff,-69.4350425083163,33.92311121764884,1,False,False
83e165fffffffff,-69.02513523719848,31.34851171496246,1,False,False
83e166fffffffff,-68.73687398791415,36.161746183875806,1,False,False
83e168fffffffff,-66.47499879308411,28.774277076252947,1,False,False
83e16afffffffff,-65.84695512520523,30.82530284486997,1,False,False
83e16cfffffffff,-67.4929468245491,28.818647789252687,1,False,False
83e16dfffffffff,-66.89365028482703,26.533122998540428,1,False,False
83e16efffffffff,-66.89968304999064,30.98346355626901,1,False,False
83e170fffffffff,-67.24026930186453,40.2812636273816,1,False,False
83e171fffffffff,-66.93920831390696,37.766192333874464,1,False,False
83e172fffffffff,-66.4467410875636,42.17116161256545,1,False,False
83e173fffffffff,-66.18025064385263,39.690503223856304,1,False,False
83e174fffffffff,-68.30459999652265,40.93074601640146,1,False,False
83e175fffffffff,-68.00445541934263,38.27974339557204,1,False,False
83e176fffffffff,-67.50430182174257,42.8917719604768,1,False,False
83e425fffffffff,-66.63746822014666,95.9804603178259,1,False,False
83e428fffffffff,-66.14868514450494,88.28053051276996,1,False,False
83e429fffffffff,-66.68607366012614,85.6606109915012,1,False,False
83e42afffffffff,-64.96967451838886,88.35791354883294,1,False,False
83e42bfffffffff,-65.5109635511311,85.85553599933459,1,False,False
83e42cfffffffff,-66.7462820263629,90.82562207426744,1,False,False
83e42dfffffffff,-67.32515676678678,88.19578032293177,1,False,False
83e42efffffffff,-65.5678555500096,90.7915897105382,1,False,False
83e444fffffffff,-67.2100995143447,74.95182645750235,1,False,False
83e445fffffffff,-67.506602662785,72.04549412988236,1,False,False
83e460fffffffff,-69.14698310334619,76.55057993455283,1,False,False
83e461fffffffff,-69.4642097184621,73.40470622617468,1,False,False
83e462fffffffff,-68.00695020255473,77.20320625926144,1,False,False
83e463fffffffff,-68.34128641864719,74.21497818398691,1,False,False
83e464fffffffff,-69.91924044806667,79.0634312696782,1,False,False
83e465fffffffff,-70.27907838867004,75.82959427033822,1,False,False
83e466fffffffff,-68.77185639234739,79.61483065161008,1,False,False
83e468fffffffff,-68.83933869934829,68.06338590263469,1,False,False
83e469fffffffff,-69.0010068750816,64.93308331725444,1,False,False
83e46afffffffff,-67.7484078072686,69.09096440854023,1,False,False
83e46bfffffffff,-67.9346628366735,66.10305295564235,1,False,False
83e46cfffffffff,-69.72166946606417,70.1935321117541,1,False,False
83e46dfffffffff,-69.91811529926166,66.93568737843897,1,False,False
83e46efffffffff,-68.61918934263421,71.16312892422485,1,False,False
83e470fffffffff,-66.45892944970198,80.56824647961665,1,False,False
83e471fffffffff,-66.86026575595523,77.79660760759252,1,False,False
83e474fffffffff,-67.1768467772537,82.93625005113758,1,False,False
83e475fffffffff,-67.61803356264002,80.11410524630816,1,False,False
83e476fffffffff,-66.0083134899274,83.25709870571575,1,False,False
83e500fffffffff,-66.21906856255518,108.71351758307104,1,False,False
83e501fffffffff,-67.0623902805278,106.67459788898766,1,False,False
83e503fffffffff,-65.93071639765171,105.94066762572938,1,False,False
83e504fffffffff,-66.4555870629754,111.52811920818056,1,False,False
83e505fffffffff,-67.33273511377456,109.57855845514167,1,False,False
83e508fffffffff,-67.51745156167942,101.56569799170413,1,False,False
83e509fffffffff,-68.26335299915797,99.15379035257594,1,False,False
83e50afffffffff,-66.36287698282395,101.04327020578192,1,False,False
83e50bfffffffff,-67.10260846168936,98.72703905753951,1,False,False
83e50cfffffffff,-67.87948626466432,104.48655613086557,1,False,False
83e50dfffffffff,-68.66630540430357,102.13953473941476,1,False,False
83e50efffffffff,-66.73855974995857,103.82547004878364,1,False,False
83e51dfffffffff,-65.59174324898788,103.22129342086689,1,False,False
83e520fffffffff,-67.70886443840557,115.49499864195138,1,False,False
83e521fffffffff,-68.6301371492141,113.6105630131608,1,False,False
83e522fffffffff,-66.63951862155697,114.37159384299817,1,False,False
83e523fffffffff,-67.54843746697027,112.52366990162604,1,False,False
83e524fffffffff,-67.81393710597435,118.47678581367283,1,False,False
83e525fffffffff,-68.76499796539713,116.71934429344569,1,False,False
83e526fffffffff,-66.7705997737881,117.23023371123584,1,False,False
83e528fffffffff,-69.30189823032774,108.35906871840947,1,False,False
83e529fffffffff,-70.13835814844924,106.01401570205952,1,False,False
83e52afffffffff,-68.18660457212576,107.47745690038953,1,False,False
83e52bfffffffff,-69.01320791780034,105.21278603790186,1,False,False
83e52cfffffffff,-69.53077529225331,111.5614676321708,1,False,False
83e52dfffffffff,-70.40672946518126,109.33113205484986,1,False,False
83e52efffffffff,-68.43718041120421,110.52414092631818,1,False,False
83e540fffffffff,-71.42034688192149,91.00067217117514,1,False,False
83e541fffffffff,-71.98616964017735,87.75713190110991,1,False,False
83e542fffffffff,-70.25968483879596,90.94980854714125,1,False,False
83e543fffffffff,-70.82954716801639,87.88505930963169,1,False,False
83e544fffffffff,-71.95535456377486,94.294160314504,1,False,False
83e545fffffffff,-72.57424455018798,91.0577052965186,1,False,False
83e546fffffffff,-70.80044000016463,94.0594957643064,1,False,False
83e548fffffffff,-71.79880877625352,81.28277752182626,1,False,False
83e549fffffffff,-72.18994385217499,77.76837045124614,1,False,False
83e54afffffffff,-70.65328033281132,81.76367937995924,1,False,False
83e54bfffffffff,-71.05900633729354,78.45141493651586,1,False,False
83e54cfffffffff,-72.49293231788891,84.33427958514399,1,False,False
83e54dfffffffff,-72.93590337439835,80.74321818985617,1,False,False
83e54efffffffff,-71.34402808474808,84.65970245444812,1,False,False
83e550fffffffff,-68.47189986475178,93.66032615441732,1,False,False
83e551fffffffff,-69.09316176905129,90.90416479021783,1,False,False
83e552fffffffff,-67.30020048364541,93.48916890439064,1,False,False
83e553fffffffff,-67.9217090551139,90.86297663771283,1,False,False
83e554fffffffff,-68.97200588286036,96.58329555234272,1,False,False
83e555fffffffff,-69.6389705979588,93.84944237144812,1,False,False
83e556fffffffff,-67.80698325619935,96.26733216234295,1,False,False
83e558fffffffff,-69.02555285345022,85.21114573619586,1,False,False
83e559fffffffff,-69.50039716860589,82.19493794080587,1,False,False
83e55afffffffff,-67.8579404878929,85.44677593723458,1,False,False
83e55bfffffffff,-68.34123014401227,82.58382076329228,1,False,False
83e55cfffffffff,-69.6665489805527,87.99952940504451,1,False,False
83e55dfffffffff,-70.18791088026184,84.95021859096748,1,False,False
83e55efffffffff,-68.49810184455514,88.10255875509127,1,False,False
83e560fffffffff,-73.56648156996347,98.24832690789766,1,False,False
83e561fffffffff,-74.24181046584832,94.85687475510404,1,False,False
83e562fffffffff,-72.42976574822542,97.75761059356267,1,False,False
83e563fffffffff,-73.10278173814234,94.55802111453022,1,False,False
83e564fffffffff,-73.96044155455536,102.1115360302337,1,False,False
83e565fffffffff,-74.69353779868885,98.80535288473904,1,False,False
83e566fffffffff,-72.8391070568878,101.37734365449126,1,False,False
83e568fffffffff,-74.27672104017583,87.4501555807622,1,False,False
83e569fffffffff,-74.76527899559873,83.55023555693151,1,False,False
83e56afffffffff,-73.13551721935582,87.61322740994231,1,False,False
83e56bfffffffff,-73.63366513793733,83.9672819410209,1,False,False
83e56cfffffffff,-74.8582953622724,91.19538914793397,1,False,False
83e56dfffffffff,-75.4089444804677,87.26381695833948,1,False,False
83e56efffffffff,-73.7205062388143,91.12210275216572,1,False,False
83e570fffffffff,-70.56695464639046,100.14570143952002,1,False,False
83e571fffffffff,-71.28442810590462,97.32208938795856,1,False,False
83e572fffffffff,-69.41851052292368,99.62433416496286,1,False,False
83e573fffffffff,-70.13149840349172,96.93298957935254,1,False,False
83e574fffffffff,-70.9419230109562,103.47447174729189,1,False,False
83e575fffffffff,-71.70754268874799,100.7264941786076,1,False,False
83e576fffffffff,-69.80821536279717,102.77262719765736,1,False,False
83e664fffffffff,-66.72314310387233,-9.8142622409975,1,False,False
83e665fffffffff,-66.5022718431475,-12.62402589401876,1,False,False
83e700fffffffff,-69.01610982106807,18.68679674514312,1,False,False
83e701fffffffff,-69.30458527910069,15.86046461353452,1,False,False
83e702fffffffff,-67.97257656542698,19.151895997613995,1,False,False
83e703fffffffff,-68.26163797723208,16.478609364713115,1,False,False
83e704fffffffff,-69.7382927780882,21.0423535917082,1,False,False
83e705fffffffff,-70.06913255426964,18.169738526004707,1,False,False
83e706fffffffff,-68.68687023011739,21.3993167655248,1,False,False
83e708fffffffff,-68.71298470766645,10.844892900294132,1,False,False
83e709fffffffff,-68.86869864490569,7.903024719564644,1,False,False
83e70cfffffffff,-69.54849027615026,12.927594158450953,1,False,False
83e70dfffffffff,-69.74417058584396,9.898235725413556,1,False,False
83e70efffffffff,-68.50956910130336,13.706902567977156,1,False,False
83e710fffffffff,-66.61594346365158,22.01213871575852,1,False,False
83e711fffffffff,-66.9392943944811,19.57244054130828,1,False,False
83e714fffffffff,-67.28507563436607,24.181936010296653,1,False,False
83e715fffffffff,-67.64588043492668,21.72091520118865,1,False,False
83e71cfffffffff,-67.2278186836476,17.036930359985146,1,False,False
83e71dfffffffff,-67.47830005223285,14.410351633483996,1,False,False
83e71efffffffff,-66.20396900758539,17.5436190843305,1,False,False
83e720fffffffff,-71.49160674588691,23.29095600279071,1,False,False
83e721fffffffff,-71.86961722784244,20.196274335205228,1,False,False
83e722fffffffff,-70.42459238610547,23.551748209825178,1,False,False
83e723fffffffff,-70.79946165207258,20.64388585398244,1,False,False
83e724fffffffff,-72.14141768153374,26.11720472936191,1,False,False
83e725fffffffff,-72.5677871741088,22.99666974478017,1,False,False
83e726fffffffff,-71.07127171836179,26.21995727507237,1,False,False
83e728fffffffff,-71.41390311642814,14.40243798447217,1,False,False
83e729fffffffff,-71.64426588543614,11.088009310628424,1,False,False
83e72afffffffff,-70.35570415149624,15.172506841139338,1,False,False
83e72bfffffffff,-70.59385489893141,12.059797405487814,1,False,False
83e72cfffffffff,-72.20011260060222,16.941018911371845,1,False,False
83e72dfffffffff,-72.47792814707482,13.534960085049542,1,False,False
83e72efffffffff,-71.13078872802315,17.591599581327877,1,False,False
83e730fffffffff,-68.96074545809002,26.39302040992623,1,False,False
83e731fffffffff,-69.36742376337395,23.78444745996837,1,False,False
83e732fffffffff,-67.92150877761812,26.4665739608386,1,False,False
83e733fffffffff,-68.32072668064467,23.99335450490672,1,False,False
83e734fffffffff,-69.5627953542483,28.92176521933013,1,False,False
83e735fffffffff,-70.01085022381713,26.3112953268752,1,False,False
83e736fffffffff,-68.52237321770615,28.86756501995272,1,False,False
83e740fffffffff,-69.98300050061923,-2.8888501268101923,1,False,False
83e741fffffffff,-69.89565693052494,-6.160220130948359,1,False,False
83e742fffffffff,-69.02270877681177,-1.2647568824075486,1,False,False
83e743fffffffff,-68.96295209508729,-4.380351880530283,1,False,False
83e744fffffffff,-70.98928383270903,-1.2451728401520266,1,False,False
83e745fffffffff,-70.93495770417162,-4.683926463703725,1,False,False
83e746fffffffff,-70.00989753351111,0.3729071437979397,1,False,False
83e748fffffffff,-68.6705810354339,-10.59302260259476,1,False,False
83e749fffffffff,-68.43805203486723,-13.654108562445124,1,False,False
83e74afffffffff,-67.78743282005163,-8.708820123179095,1,False,False
83e74bfffffffff,-67.58827415535487,-11.656354767891688,1,False,False
83e74cfffffffff,-69.74726342715398,-9.419960672648516,1,False,False
83e74dfffffffff,-69.53793608678987,-12.647277598083658,1,False,False
83e74efffffffff,-68.84566656668878,-7.4958787899702815,1,False,False
83e750fffffffff,-68.03980503742685,3.1544017509390665,1,False,False
83e751fffffffff,-68.05723148485171,0.2093999752268191,1,False,False
83e754fffffffff,-68.97381738586853,4.894003452574187,1,False,False
83e755fffffffff,-69.02583294265081,1.8325888039210163,1,False,False
83e758fffffffff,-67.00933614887217,-4.128897901490974,1,False,False
83e759fffffffff,-66.89222971178503,-6.978001864747059,1,False,False
83e75cfffffffff,-68.02162436378731,-2.760023718424277,1,False,False
83e75dfffffffff,-67.9318796016668,-5.738109470957416,1,False,False
83e75efffffffff,-67.07475828500168,-1.2809790186314571,1,False,False
83e760fffffffff,-72.97006150785919,-1.221060994647829,1,False,False
83e761fffffffff,-72.92071515831157,-5.057676526337225,1,False,False
83e762fffffffff,-71.97870799617196,0.5720539960327709,1,False,False
83e763fffffffff,-71.96080814649657,-3.0458595648854527,1,False,False
83e764fffffffff,-73.95909394524338,0.8199115381089506,1,False,False
83e765fffffffff,-73.95044692498422,-3.241432815392044,1,False,False
83e766fffffffff,-72.9477531607947,2.5875457476640102,1,False,False
83e768fffffffff,-71.72038294230549,-10.284439211582146,1,False,False
83e769fffffffff,-71.49757698020959,-13.848066472309071,1,False,False
83e76afffffffff,-70.81617555639318,-8.120414233889424,1,False,False
83e76bfffffffff,-70.63273612113689,-11.53011431245232,1,False,False
83e76cfffffffff,-72.79854346246583,-8.888133473815158,1,False,False
83e76dfffffffff,-72.60349702782426,-12.67859039194886,1,False,False
83e76efffffffff,-71.87490634324088,-6.674341670624306,1,False,False
83e770fffffffff,-70.90945748368277,5.541603632797985,1,False,False
83e771fffffffff,-70.9801796167187,2.171228084262129,1,False,False
83e772fffffffff,-69.88823235091768,6.785251700276632,1,False,False
83e773fffffffff,-69.97765447865102,3.604180167957628,1,False,False
83e774fffffffff,-71.81762263040903,7.664173747160539,1,False,False
83e775fffffffff,-71.93016783948575,4.1509461215927566,1,False,False
83e776fffffffff,-70.77964039513316,8.844171632744454,1,False,False
83eacafffffffff,-73.65003429972435,178.6325306996208,1,False,False
83ead9fffffffff,-73.47339323036303,175.4145016330628,1,False,False
83eadbfffffffff,-73.24486711803252,172.22555215975436,1,False,False
83ec00fffffffff,-72.62211841000186,143.05926309766377,1,False,False
83ec01fffffffff,-73.70834704819208,142.4037378119753,1,False,False
83ec02fffffffff,-71.88714101412639,140.514353614445,1,False,False
83ec03fffffffff,-72.9687050905724,139.72231390368637,1,False,False
83ec04fffffffff,-72.22781219599912,146.2198124248462,1,False,False
83ec05fffffffff,-73.31511972917524,145.7866242542843,1,False,False
83ec06fffffffff,-71.53682153381848,143.638414864397,1,False,False
83ec08fffffffff,-75.12712959278684,137.79792846831427,1,False,False
83ec09fffffffff,-76.20058067955304,136.61454271471683,1,False,False
83ec0afffffffff,-74.33164698541772,135.06084314498477,1,False,False
83ec0bfffffffff,-75.39552815588524,133.7373247035285,1,False,False
83ec0cfffffffff,-74.79429142957184,141.65587669847324,1,False,False
83ec0dfffffffff,-75.87860418790662,140.79501080878998,1,False,False
83ec0efffffffff,-74.04923010019569,138.8242609137704,1,False,False
83ec10fffffffff,-70.03832527704378,138.9514034957278,1,False,False
83ec11fffffffff,-71.11367225930857,138.1432553827187,1,False,False
83ec12fffffffff,-69.2369773425707,136.83125478299124,1,False,False
83ec13fffffffff,-70.30502882325968,135.93607894824132,1,False,False
83ec14fffffffff,-69.7263901946668,141.8466838723558,1,False,False
83ec15fffffffff,-70.80594616083586,141.21784998941942,1,False,False
83ec16fffffffff,-68.96415023062929,139.6771459669923,1,False,False
83ec18fffffffff,-72.43677262390614,133.8215101182379,1,False,False
83ec19fffffffff,-73.49671676320729,132.5623041852372,1,False,False
83ec1afffffffff,-71.57720532382767,131.6172256667745,1,False,False
83ec1bfffffffff,-72.62646828683262,130.28077804529627,1,False,False
83ec1cfffffffff,-72.18877114376498,137.23820562717785,1,False,False
83ec1dfffffffff,-73.26203162380412,136.218259220362,1,False,False
83ec1efffffffff,-71.37221120022551,134.9387688730164,1,False,False
83ec20fffffffff,-72.3960184051741,151.94484726942878,1,False,False
83ec21fffffffff,-73.47717272445847,151.88280552960998,1,False,False
83ec22fffffffff,-71.79130176215749,149.19989198427484,1,False,False
83ec23fffffffff,-72.87568774705247,148.96706368527563,1,False,False
83ec24fffffffff,-71.88176996777455,154.72416265677154,1,False,False
83ec25fffffffff,-72.95410044016498,154.8377867772686,1,False,False
83ec26fffffffff,-71.31793198866059,151.9997746959885,1,False,False
83ec28fffffffff,-75.05096623253982,148.40114053205588,1,False,False
83ec29fffffffff,-76.14013764881597,148.05257675064536,1,False,False
83ec2afffffffff,-74.40379916725382,145.29373837554016,1,False,False
83ec2bfffffffff,-75.49282032578586,144.72799185798698,1,False,False
83ec2cfffffffff,-74.56063154600042,151.81217175392294,1,False,False
83ec2dfffffffff,-75.64562046644333,151.7310285850892,1,False,False
83ec2efffffffff,-73.96252457623218,148.70304738861964,1,False,False
83ec30fffffffff,-70.06112848496042,146.94565073207417,1,False,False
83ec31fffffffff,-71.14284357614282,146.60348766032882,1,False,False
83ec32fffffffff,-69.37339806527373,144.61507393513878,1,False,False
83ec33fffffffff,-70.45357070346056,144.15370528353395,1,False,False
83ec34fffffffff,-69.63313385147708,149.59173235971477,1,False,False
83ec35fffffffff,-70.71018598545749,149.4067438951911,1,False,False
83ec36fffffffff,-68.98353577170069,147.25267215377534,1,False,False
83ec40fffffffff,-80.16462166012596,135.51021600331785,1,False,False
83ec41fffffffff,-81.21084378840564,133.41096068991732,1,False,False
83ec42fffffffff,-79.3702915649816,131.6762157589677,1,False,False
83ec43fffffffff,-80.3987718327338,129.33146336120728,1,False,False
83ec44fffffffff,-79.82818055720655,141.28397993144756,1,False,False
83ec45fffffffff,-80.89919960512752,139.9248274053972,1,False,False
83ec46fffffffff,-79.1051681456547,137.21159997384444,1,False,False
83ec48fffffffff,-82.38009887820334,122.82860491066876,1,False,False
83ec49fffffffff,-83.31273092991269,118.20508700174472,1,False,False
83ec4afffffffff,-81.46895560016752,119.2026171658368,1,False,False
83ec4bfffffffff,-82.3723326060776,114.68143898738008,1,False,False
83ec4cfffffffff,-82.23895744567679,130.76403697722986,1,False,False
83ec4dfffffffff,-83.24176546156906,127.340292361841,1,False,False
83ec4efffffffff,-81.404764139049,126.4457270054415,1,False,False
83ec50fffffffff,-77.49570301641639,130.4339901900055,1,False,False
83ec51fffffffff,-78.52530265103958,128.34363281293207,1,False,False
83ec52fffffffff,-76.62356745797683,127.62166178381788,1,False,False
83ec53fffffffff,-77.63711495902399,125.43876737891163,1,False,False
83ec54fffffffff,-77.26743686813077,135.2363547480796,1,False,False
83ec55fffffffff,-78.32509543180399,133.61302231025488,1,False,False
83ec56fffffffff,-76.45120830028442,132.21095521051126,1,False,False
83ec58fffffffff,-79.5919640048178,119.856590368291,1,False,False
83ec59fffffffff,-80.51840270262583,116.24687808028727,1,False,False
83ec5afffffffff,-78.62972950294265,117.31779667928484,1,False,False
83ec5bfffffffff,-79.53554164103322,113.8034107524852,1,False,False
83ec5cfffffffff,-79.53525961597043,125.85632387561988,1,False,False
83ec5dfffffffff,-80.51931224625586,122.8598150587872,1,False,False
83ec5efffffffff,-78.62872666851489,122.881140928221,1,False,False
83ec60fffffffff,-79.98515530495791,151.23459820369897,1,False,False
83ec61fffffffff,-81.0659750254583,151.037004630444,1,False,False
83ec62fffffffff,-79.40270035805743,146.58672214604144,1,False,False
83ec63fffffffff,-80.48515638432701,145.88024435228957,1,False,False
83ec64fffffffff,-79.41505509814777,155.99486363163606,1,False,False
83ec65fffffffff,-80.48893609933849,156.33695776201984,1,False,False
83ec66fffffffff,-78.90191647172013,151.39435615453348,1,False,False
83ec68fffffffff,-82.63500402977931,143.86158259779057,1,False,False
83ec69fffffffff,-83.69887335066277,142.34973587342506,1,False,False
83ec6afffffffff,-81.96075247277005,138.2134519335435,1,False,False
83ec6bfffffffff,-83.00928325357572,135.99723536074885,1,False,False
83ec6cfffffffff,-82.14357824442632,150.78633599781824,1,False,False
83ec6dfffffffff,-83.2171572860698,150.45790520954463,1,False,False
83ec6efffffffff,-81.56309764699587,144.99694596993555,1,False,False
83ec70fffffffff,-77.6673366291542,143.3027992497704,1,False,False
83ec71fffffffff,-78.75023988120853,142.38834741000977,1,False,False
83ec72fffffffff,-76.95976137312871,139.7939278130886,1,False,False
83ec73fffffffff,-78.03599225727734,138.61612531158758,1,False,False
83ec74fffffffff,-77.22912955555967,147.6456677444614,1,False,False
83ec75fffffffff,-78.31698872914305,147.16447973737343,1,False,False
83ec76fffffffff,-76.5810725090021,144.072078917622,1,False,False
83ec80fffffffff,-66.77861069090125,128.535406025963,1,False,False
83ec81fffffffff,-67.80460842804769,127.3253638494555,1,False,False
83ec82fffffffff,-65.83746407552987,126.99087598229268,1,False,False
83ec83fffffffff,-66.85163314045201,125.75587824995256,1,False,False
83ec84fffffffff,-66.65866468417933,131.26304346572917,1,False,False
83ec85fffffffff,-67.69845561876178,130.19231155902935,1,False,False
83ec86fffffffff,-65.74978766193871,129.64224376273867,1,False,False
83ec88fffffffff,-68.86166727074375,122.93122848593612,1,False,False
83ec89fffffffff,-69.85235626776115,121.31008670173765,1,False,False
83ec8afffffffff,-67.8641404767704,121.45293723771344,1,False,False
83ec8bfffffffff,-68.84191403765558,119.83233261910313,1,False,False
83ec8cfffffffff,-68.82564665675635,125.99822367323918,1,False,False
83ec8dfffffffff,-69.83931969928115,124.53777765643292,1,False,False
83ec8efffffffff,-67.86051189505928,124.40753986184107,1,False,False
83ec99fffffffff,-66.84907128963408,120.08988537127242,1,False,False
83ec9dfffffffff,-66.87567503914919,122.9363653964766,1,False,False
83eca0fffffffff,-67.3454409426287,135.72493209839917,1,False,False
83eca1fffffffff,-68.40478362977201,134.8489522582837,1,False,False
83eca2fffffffff,-66.49418267369114,133.92825864253123,1,False,False
83eca3fffffffff,-67.54448152592371,132.99578218145618,1,False,False
83eca4fffffffff,-67.10433500430369,138.37082376437775,1,False,False
83eca5fffffffff,-68.16961354085879,137.63884429157656,1,False,False
83eca8fffffffff,-69.642659511366,130.8410012382947,1,False,False
83eca9fffffffff,-70.68677034214579,129.58891028622295,1,False,False
83ecaafffffffff,-68.73579993400922,129.01659777337252,1,False,False
83ecabfffffffff,-69.76862002195872,127.72081919326354,1,False,False
83ecacfffffffff,-69.46434400290033,133.88230069630848,1,False,False
83ecadfffffffff,-70.52244712700863,132.81077761141995,1,False,False
83ecaefffffffff,-68.5945645483642,131.9712243773579,1,False,False
83ecb1fffffffff,-65.61827542850921,132.24159658249494,1,False,False
83ecc0fffffffff,-73.75944838833237,116.93370904662132,1,False,False
83ecc1fffffffff,-74.68625882469128,114.45198473901849,1,False,False
83ecc2fffffffff,-72.72829542304505,115.36929696385783,1,False,False
83ecc3fffffffff,-73.64128900067305,112.945326194804,1,False,False
83ecc4fffffffff,-73.80215695116233,120.92693422495871,1,False,False
83ecc5fffffffff,-74.76916674877906,118.68700937841436,1,False,False
83ecc6fffffffff,-72.80683471657429,119.15091461855694,1,False,False
83ecc8fffffffff,-75.36744377274987,107.24673296665192,1,False,False
83ecc9fffffffff,-76.16726672515112,103.9019284189242,1,False,False
83eccafffffffff,-74.28041392034932,106.12271264812352,1,False,False
83eccbfffffffff,-75.07028042209849,102.94587976713808,1,False,False
83ecccfffffffff,-75.58158338593941,111.666589228972,1,False,False
83eccdfffffffff,-76.43874437616877,108.53403198831984,1,False,False
83eccefffffffff,-74.52307272372465,110.249261726287,1,False,False
83ecd0fffffffff,-70.75269628422589,116.10956531143611,1,False,False
83ecd1fffffffff,-71.67830640067393,113.96680576223083,1,False,False
83ecd2fffffffff,-69.69887491610635,114.80107244429222,1,False,False
83ecd3fffffffff,-70.6117783324531,112.70378086499292,1,False,False
83ecd4fffffffff,-70.82947041775225,119.5247224208762,1,False,False
83ecd5fffffffff,-71.78946839785098,117.55290342195232,1,False,False
83ecd6fffffffff,-69.80592240770928,118.0575908944653,1,False,False
83ecd8fffffffff,-72.35712412081087,107.89155854016988,1,False,False
83ecd9fffffffff,-73.17944097685742,105.13348094621333,1,False,False
83ecdafffffffff,-71.25350385767864,106.90212773210574,1,False,False
83ecdbfffffffff,-72.06612227152554,104.25666124334792,1,False,False
83ecdcfffffffff,-72.57829139801142,111.6055609213982,1,False,False
83ecddfffffffff,-73.44758009306766,108.999989721939,1,False,False
83ecdefffffffff,-71.49945340865214,110.40766331348564,1,False,False
83ece0fffffffff,-74.69816483111555,127.07111289036044,1,False,False
83ece1fffffffff,-75.71424608964668,125.12749457259284,1,False,False
83ece2fffffffff,-73.7707537766967,124.88652027422395,1,False,False
83ece3fffffffff,-74.77244132994952,122.90840437723222,1,False,False
83ece4fffffffff,-74.54973413739306,131.13374935864317,1,False,False
83ece5fffffffff,-75.59310584966144,129.50141369338175,1,False,False
83ece6fffffffff,-73.66775558786037,128.77589246602568,1,False,False
83ece8fffffffff,-76.71170546375592,118.09605992114668,1,False,False
83ece9fffffffff,-77.63795009000991,115.15143633414698,1,False,False
83eceafffffffff,-75.71070265954754,116.15626069255016,1,False,False
83ecebfffffffff,-76.62079027740539,113.28618548516596,1,False,False
83ececfffffffff,-76.71182980015321,122.89663615749431,1,False,False
83ecedfffffffff,-77.68579109955718,120.31830781160016,1,False,False
83eceefffffffff,-75.75446033150268,120.66164313504044,1,False,False
83ecf0fffffffff,-71.81094658229888,124.69445253591736,1,False,False
83ecf1fffffffff,-72.81467621567204,122.91764589890738,1,False,False
83ecf2fffffffff,-70.84289856175286,122.925095576484,1,False,False
83ecf3fffffffff,-71.83326587426117,121.13806750571068,1,False,False
83ecf4fffffffff,-71.7246288853464,128.1955318566203,1,False,False
83ecf5fffffffff,-72.75363127677954,126.63748622436049,1,False,False
83ecf6fffffffff,-70.79456380118421,126.28714762027994,1,False,False
83ed09fffffffff,-72.86789122301143,160.55214865347682,1,False,False
83ed0bfffffffff,-72.39920109205163,157.57689839214066,1,False,False
83ed1bfffffffff,-70.24366302552369,152.048745062843,1,False,False
83ed40fffffffff,-76.38866040096238,166.0849926557568,1,False,False
83ed41fffffffff,-77.41691517269841,167.16168626712584,1,False,False
83ed42fffffffff,-76.02287154300437,162.26512137538745,1,False,False
83ed43fffffffff,-77.07271321275294,163.01843838630398,1,False,False
83ed44fffffffff,-75.68104395219774,168.81924552437832,1,False,False
83ed45fffffffff,-76.68933538655864,170.0357662753622,1,False,False
83ed46fffffffff,-75.35641720137346,165.15716567399176,1,False,False
83ed48fffffffff,-79.1622636047264,164.95211917348485,1,False,False
83ed49fffffffff,-80.19878551613783,166.2199670710145,1,False,False
83ed4afffffffff,-78.78912967672721,160.19932141499936,1,False,False
83ed4bfffffffff,-79.84944877552856,160.9499180687213,1,False,False
83ed4cfffffffff,-78.43942320600817,168.42521725094718,1,False,False
83ed4dfffffffff,-79.45404228931027,169.92721652632304,1,False,False
83ed4efffffffff,-78.11966007188141,163.90197022929115,1,False,False
83ed50fffffffff,-74.52806100681077,158.21376668493588,1,False,False
83ed51fffffffff,-75.59426349268318,158.60181028156003,1,False,False
83ed52fffffffff,-74.02901250483316,154.96652400308622,1,False,False
83ed53fffffffff,-75.1057401630881,155.11360283079674,1,False,False
83ed54fffffffff,-73.91938915720522,161.04946962357442,1,False,False
83ed55fffffffff,-74.97139008028839,161.6154200098569,1,False,False
83ed56fffffffff,-73.4627579619242,157.87507328744977,1,False,False
83ed58fffffffff,-77.26151534599965,155.4810570560526,1,False,False
83ed59fffffffff,-78.33897051545206,155.71470043903875,1,False,False
83ed5afffffffff,-76.73135688989728,151.6368424289584,1,False,False
83ed5bfffffffff,-77.81705268091332,151.52619430351538,1,False,False
83ed5cfffffffff,-76.66047893737705,159.05079280860687,1,False,False
83ed5dfffffffff,-77.72577002098957,159.57622154085192,1,False,False
83ed5efffffffff,-76.18350459312907,155.2832412586623,1,False,False
83ed60fffffffff,-75.18586198879635,174.83067501204945,1,False,False
83ed61fffffffff,-76.14393144829312,176.39983870523585,1,False,False
83ed62fffffffff,-74.95603967136127,171.26181272494804,1,False,False
83ed63fffffffff,-75.94379344119702,172.57665462347632,1,False,False
83ed64fffffffff,-74.42005534994412,176.83789097340386,1,False,False
83ed65fffffffff,-75.35701712157326,178.44064596433793,1,False,False
83ed66fffffffff,-74.21875269175841,173.44940966474172,1,False,False
83ed68fffffffff,-77.89221118894832,175.8306479176108,1,False,False
83ed6afffffffff,-77.69057724303946,171.44659634804478,1,False,False
83ed6bfffffffff,-78.68233437955976,173.1001255948668,1,False,False
83ed6efffffffff,-76.92338967932385,174.0850938601491,1,False,False
83ed70fffffffff,-73.65100198959529,166.83099018957816,1,False,False
83ed71fffffffff,-74.66770306016105,167.7603803334389,1,False,False
83ed72fffffffff,-73.28574762212905,163.64094201042084,1,False,False
83ed73fffffffff,-74.32167847513008,164.3497278276078,1,False,False
83ed75fffffffff,-73.96229459994365,170.1066988723825,1,False,False
83ed89fffffffff,-68.64963129520142,142.4120121707974,1,False,False
83ed8bfffffffff,-67.89242949984211,140.33227439638853,1,False,False
83ee14fffffffff,-72.92313486217812,-36.71609881432381,1,False,False
83ee16fffffffff,-72.37980701355625,-33.21081051818073,1,False,False
83ee24fffffffff,-79.21859380213616,-39.15191385340979,1,False,False
83ee25fffffffff,-78.3385377325461,-35.12017969894018,1,False,False
83ee26fffffffff,-80.34441996529003,-37.19556613190857,1,False,False
83ee30fffffffff,-74.57130759076323,-41.0407045525747,1,False,False
83ee31fffffffff,-73.81401461578648,-44.36144572836952,1,False,False
83ee32fffffffff,-74.09906904765627,-37.03675356047368,1,False,False
83ee33fffffffff,-73.40332633348211,-40.43750769772902,1,False,False
83ee34fffffffff,-75.73542658425171,-41.7387649019772,1,False,False
83ee35fffffffff,-74.96774236151957,-45.27242723575563,1,False,False
83ee36fffffffff,-75.27296457239208,-37.40668651583657,1,False,False
83ee80fffffffff,-68.11705565275308,-24.872039861658177,1,False,False
83ee82fffffffff,-67.40813920103089,-22.465384812997737,1,False,False
83ee84fffffffff,-69.2759068518242,-24.467906329679685,1,False,False
83ee85fffffffff,-68.79263641808447,-27.44290520526581,1,False,False
83ee86fffffffff,-68.55574801053334,-21.948928134917058,1,False,False
83ee90fffffffff,-67.02849581735003,-17.422786540009948,1,False,False
83ee91fffffffff,-66.67047346567217,-20.21540479984556,1,False,False
83ee92fffffffff,-66.23029096276122,-15.394398564003756,1,False,False
83ee93fffffffff,-65.90832739073701,-18.113575151859763,1,False,False
83ee94fffffffff,-68.14904048084195,-16.66268528451251,1,False,False
83ee95fffffffff,-67.80506536565262,-19.604007132572388,1,False,False
83ee96fffffffff,-67.33494187152931,-14.565643644722217,1,False,False
83eea0fffffffff,-71.12991481179888,-26.864653615183823,1,False,False
83eea1fffffffff,-70.60425513451541,-30.0631615256654,1,False,False
83eea2fffffffff,-70.43612685349846,-24.01714641327749,1,False,False
83eea3fffffffff,-69.96052873170062,-27.17019205246309,1,False,False
83eea4fffffffff,-72.2997214239118,-26.52000482378158,1,False,False
83eea5fffffffff,-71.77989910445194,-29.92728012860225,1,False,False
83eea6fffffffff,-71.5965471474087,-23.51126381737493,1,False,False
83eeb0fffffffff,-70.07513553894012,-18.17762601204962,1,False,False
83eeb1fffffffff,-69.70445801129227,-21.37550362011756,1,False,False
83eeb2fffffffff,-69.26849390391509,-15.822601101230203,1,False,False
83eeb3fffffffff,-68.94041168737117,-18.92824937589083,1,False,False
83eeb4fffffffff,-71.20774877302023,-17.339272609556865,1,False,False
83eeb5fffffffff,-70.85299485724657,-20.735271825720464,1,False,False
83eeb6fffffffff,-70.38525815320546,-14.8896340258867,1,False,False
83ef00fffffffff,-79.67483098716431,-57.19095277771479,1,False,False
83ef01fffffffff,-77.90391948615569,-55.62241880369591,1,False,False
83ef02fffffffff,-79.49360113197059,-50.80461938213343,1,False,False
83ef03fffffffff,-79.07280486691114,-55.64176064825927,1,False,False
83ef04fffffffff,-80.71758329327703,-60.09903121106159,1,False,False
83ef05fffffffff,-79.72709016509411,-63.70234998581259,1,False,False
83ef06fffffffff,-80.58872969011269,-52.9725543022648,1,False,False
83ef08fffffffff,-77.72709167883815,-46.06062852416108,1,False,False
83ef09fffffffff,-76.94783799267803,-42.04744115397574,1,False,False
83ef0afffffffff,-78.88252271763638,-45.07437597677948,1,False,False
83ef0bfffffffff,-78.08520192210044,-40.73778418081409,1,False,False
83ef0cfffffffff,-77.27453354703584,-51.02761464064808,1,False,False
83ef0dfffffffff,-76.57262494888946,-46.87681731987753,1,False,False
83ef0efffffffff,-78.43981625178064,-50.58049273701696,1,False,False
83ef10fffffffff,-79.92497997498387,-39.70534597584469,1,False,False
83ef11fffffffff,-79.1890926810205,-44.69034200573255,1,False,False
83ef12fffffffff,-79.41475013705582,-33.831785788310995,1,False,False
83ef13fffffffff,-78.77096678672085,-38.95910174414647,1,False,False
83ef14fffffffff,-81.07067725303634,-40.63653074361946,1,False,False
83ef15fffffffff,-80.3210502650498,-46.11970674386768,1,False,False
83ef16fffffffff,-80.57221917189476,-34.021087233782126,1,False,False
83ef18fffffffff,-77.25321088091589,-47.56602865345624,1,False,False
83ef19fffffffff,-80.03691728477844,-43.85954529494697,1,False,False
83ef1afffffffff,-76.89422023855772,-42.55571083337486,1,False,False
83ef1bfffffffff,-76.11482536996739,-46.32839462897627,1,False,False
83ef1cfffffffff,-78.38046870257811,-49.03510128065103,1,False,False
83ef1dfffffffff,-79.60768725286316,-50.03288084144724,1,False,False
83ef1efffffffff,-78.04606485032848,-43.52430379987626,1,False,False
83ef20fffffffff,-81.628586815399,-71.65261473907543,1,False,False
83ef21fffffffff,-80.54719305917114,-74.32023700020761,1,False,False
83ef22fffffffff,-81.72443759813076,-63.6972410001359,1,False,False
83ef23fffffffff,-76.60694001929713,-64.29254881702585,1,False,False
83ef24fffffffff,-82.4883391514118,-77.00621906496004,1,False,False
83ef25fffffffff,-81.38029780054366,-79.25619028552221,1,False,False
83ef26fffffffff,-82.68345487677396,-68.22281840632468,1,False,False
83ef28fffffffff,-75.57877950414174,-55.59314012567504,1,False,False
83ef29fffffffff,-74.9563166041707,-51.71374325015997,1,False,False
83ef2afffffffff,-76.73893153300034,-55.606488434974544,1,False,False
83ef2bfffffffff,-76.11300707622857,-51.39954036861817,1,False,False
83ef2cfffffffff,-74.97981239064329,-59.45225955159611,1,False,False
83ef2dfffffffff,-74.42437820081857,-55.58179317229515,1,False,False
83ef2efffffffff,-76.13184999844393,-59.78941785287245,1,False,False
83ef30fffffffff,-82.53910895717402,-50.213882682399394,1,False,False
83ef31fffffffff,-81.66056296792466,-55.68159302466943,1,False,False
83ef32fffffffff,-82.20631296259346,-41.83039036828493,1,False,False
83ef33fffffffff,-81.43904933203402,-47.91038162641158,1,False,False
83ef34fffffffff,-83.61526614618283,-53.27535350094754,1,False,False
83ef35fffffffff,-82.70146241235214,-59.145020781664975,1,False,False
83ef36fffffffff,-83.32961280949193,-43.41466172714899,1,False,False
83ef50fffffffff,-76.32721588760482,-33.65144339299118,1,False,False
83ef54fffffffff,-76.11372558860542,-38.49351534303037,1,False,False
83ef55fffffffff,-75.23480652333878,-35.34735174393527,1,False,False
83ef56fffffffff,-77.22956759029502,-36.95417312291622,1,False,False
83ef60fffffffff,-71.64001044436577,-42.7598837571196,1,False,False
83ef64fffffffff,-71.28175098061328,-46.19581067779856,1,False,False
83ef65fffffffff,-70.52937722021336,-43.51533514361805,1,False,False
83ef66fffffffff,-72.40643817184555,-45.58310585090273,1,False,False
83ef70fffffffff,-74.6716509197471,-44.08054255263456,1,False,False
83ef72fffffffff,-75.80925343983729,-43.14619247435911,1,False,False
83ef73fffffffff,-74.99438672850238,-39.80216097978692,1,False,False
83ef74fffffffff,-74.27297244335358,-48.14824619853484,1,False,False
83ef75fffffffff,-73.53685876482248,-44.88441834332459,1,False,False
83ef76fffffffff,-75.42077741914457,-47.5631774641001,1,False,False
83ef80fffffffff,-76.21449950165936,-20.67247209417364,1,False,False
83ef81fffffffff,-75.80045541753688,-25.15893090278692,1,False,False
83ef82fffffffff,-75.41639818486036,-17.20891691746521,1,False,False
83ef83fffffffff,-75.06636740418344,-21.54050508128253,1,False,False
83ef84fffffffff,-77.35572096695606,-19.65352838371692,1,False,False
83ef85fffffffff,-76.96052496203772,-24.549650786919923,1,False,False
83ef86fffffffff,-76.54097696260568,-15.97112468091577,1,False,False
83ef88fffffffff,-74.13133351882703,-29.59721631133557,1,False,False
83ef89fffffffff,-73.55815110505755,-33.27847492041056,1,False,False
83ef8afffffffff,-73.46884548224102,-26.12825325033031,1,False,False
83ef8bfffffffff,-72.9559305960669,-29.773261210527448,1,False,False
83ef8cfffffffff,-75.30508710231854,-29.394060891553487,1,False,False
83ef8dfffffffff,-74.73547406357685,-33.356207452369,1,False,False
83ef8efffffffff,-74.63614994076892,-25.67907988794636,1,False,False
83ef90fffffffff,-74.78699447655978,-9.85425104051533,1,False,False
83ef91fffffffff,-74.57576603266763,-14.117734102649411,1,False,False
83ef92fffffffff,-73.86454908831945,-7.31412042835403,1,False,False
83ef93fffffffff,-73.70081360164123,-11.35728423918398,1,False,False
83ef94fffffffff,-75.85907219003401,-8.131799433959271,1,False,False
83ef95fffffffff,-75.68168410408757,-12.723035307058886,1,False,False
83ef96fffffffff,-74.91529796903244,-5.529068664362653,1,False,False
83ef98fffffffff,-73.14399857145582,-19.2024568349918,1,False,False
83ef99fffffffff,-72.75594094619065,-22.939584350693305,1,False,False
83ef9afffffffff,-72.33662691805444,-16.39728540749492,1,False,False
83ef9bfffffffff,-71.99999756163888,-20.01602736859929,1,False,False
83ef9cfffffffff,-74.28339388616955,-18.27510578559541,1,False,False
83ef9dfffffffff,-73.91301060298127,-22.2885182574623,1,False,False
83ef9efffffffff,-73.45997311567704,-15.33180064550564,1,False,False
83efa0fffffffff,-79.26254209660982,-22.954081401626947,1,False,False
83efa1fffffffff,-78.80620243767636,-28.54060860495157,1,False,False
83efa2fffffffff,-78.48808993388515,-18.44142420178897,1,False,False
83efa3fffffffff,-78.11503751809806,-23.826364225455528,1,False,False
83efa4fffffffff,-80.40137759150493,-21.88204098650064,1,False,False
83efa5fffffffff,-79.96308138455893,-28.12964958691611,1,False,False
83efa6fffffffff,-79.60927440295823,-16.976954439579583,1,False,False
83efa8fffffffff,-77.0830753552806,-33.552434811137154,1,False,False
83efa9fffffffff,-76.44369628878918,-37.83816341675139,1,False,False
83efaafffffffff,-76.47616788695635,-29.157016614229644,1,False,False
83efabfffffffff,-75.91077859788659,-33.44643550231801,1,False,False
83efacfffffffff,-78.25138677755358,-33.678735483575934,1,False,False
83efadfffffffff,-77.61010274845049,-38.34787198037123,1,False,False
83efaefffffffff,-77.64354998870616,-28.87684284243733,1,False,False
83efb0fffffffff,-77.85238690590532,-9.213033444615542,1,False,False
83efb1fffffffff,-77.65474264269588,-14.518166543664483,1,False,False
83efb2fffffffff,-76.91349080171204,-6.142017034025794,1,False,False
83efb3fffffffff,-76.77499430103825,-11.10624323193484,1,False,False
83efb4fffffffff,-78.90972690676254,-6.971317126814465,1,False,False
83efb5fffffffff,-78.75479286294625,-12.791065284634364,1,False,False
83efb6fffffffff,-77.9458866004283,-3.823561977012136,1,False,False
83f000fffffffff,-80.5412706597343,47.16379469682138,1,False,False
83f001fffffffff,-80.23916125477287,41.02131754146872,1,False,False
83f002fffffffff,-79.72034743634057,50.949073201118594,1,False,False
83f003fffffffff,-79.49410830104672,45.16800741773441,1,False,False
83f004fffffffff,-81.57439926316589,49.64764002333392,1,False,False
83f005fffffffff,-81.31417651546572,42.689515527843454,1,False,False
83f006fffffffff,-80.73045463019844,53.63009433667504,1,False,False
83f008fffffffff,-78.72965930915878,34.52083709580804,1,False,False
83f009fffffffff,-78.21123671588994,29.726295914188025,1,False,False
83f00afffffffff,-78.08191656147508,38.59342542997967,1,False,False
83f00bfffffffff,-77.63266153160912,33.92233706628536,1,False,False
83f00cfffffffff,-79.82975297295313,35.24982247770937,1,False,False
83f00dfffffffff,-79.32255444201631,29.92190805523386,1,False,False
83f00efffffffff,-79.16087582775094,39.68574051716534,1,False,False
83f010fffffffff,-78.91134354353154,59.83274244618431,1,False,False
83f011fffffffff,-78.85110712136857,54.20573486073949,1,False,False
83f012fffffffff,-77.94805938384185,62.26409997028836,1,False,False
83f013fffffffff,-77.94099347831889,57.020099153509015,1,False,False
83f014fffffffff,-79.84863678822012,63.15959978745012,1,False,False
83f015fffffffff,-79.84091311230662,56.9871919201488,1,False,False
83f016fffffffff,-78.86582907021234,65.51946325129465,1,False,False
83f018fffffffff,-77.64402262567496,46.8994488809557,1,False,False
83f019fffffffff,-77.36651331361963,42.16134176141188,1,False,False
83f01afffffffff,-76.80691476288344,49.894436033822615,1,False,False
83f01bfffffffff,-76.58697038192088,45.34023442426226,1,False,False
83f01cfffffffff,-78.68979529265394,48.742367917240784,1,False,False
83f01dfffffffff,-78.43474846163075,43.529118089445554,1,False,False
83f01efffffffff,-77.8378947877057,51.87291077302576,1,False,False
83f020fffffffff,-83.43814847934843,47.65879487395004,1,False,False
83f021fffffffff,-83.13325450408115,38.845993856349246,1,False,False
83f022fffffffff,-82.589485764088,52.818954699976125,1,False,False
83f023fffffffff,-82.38230918698913,44.82800756585122,1,False,False
83f024fffffffff,-84.47286766742019,51.55920664318497,1,False,False
83f025fffffffff,-84.2275649329477,40.95756989277283,1,False,False
83f026fffffffff,-83.57619568303286,56.97841288787085,1,False,False
83f028fffffffff,-81.55660184345497,30.46908502344543,1,False,False
83f029fffffffff,-80.96841923296653,24.37149471624536,1,False,False
83f02afffffffff,-80.93159034464067,36.15685006952375,1,False,False
83f02bfffffffff,-80.43797216304357,30.163410435834777,1,False,False
83f02cfffffffff,-82.67750258190797,30.86840155254408,1,False,False
83f02dfffffffff,-82.09275984616288,23.8733623793831,1,False,False
83f02efffffffff,-82.0335000008522,37.31553905993873,1,False,False
83f030fffffffff,-81.71760301299841,64.43841697408493,1,False,False
83f031fffffffff,-81.71292345853792,56.94019361733964,1,False,False
83f032fffffffff,-80.74310251605992,67.12599849396366,1,False,False
83f033fffffffff,-80.79981676757187,60.34267744503559,1,False,False
83f034fffffffff,-82.58008405663449,69.49047982435452,1,False,False
83f035fffffffff,-82.6574735672635,61.09800110781705,1,False,False
83f036fffffffff,-81.58183559110816,71.88468689588734,1,False,False
83f040fffffffff,-76.52944719677991,13.2588775494092,1,False,False
83f041fffffffff,-75.68905946589025,10.127445136792096,1,False,False
83f042fffffffff,-76.22169049649091,17.67558486099256,1,False,False
83f043fffffffff,-75.44227343765472,14.390094802363205,1,False,False
83f044fffffffff,-77.61663125984161,11.925658184478602,1,False,False
83f045fffffffff,-76.75886495229162,8.615155292625955,1,False,False
83f046fffffffff,-77.32186002739316,16.766793925691104,1,False,False
83f048fffffffff,-73.75342125056916,8.750793535778987,1,False,False
83f049fffffffff,-72.85603179786146,6.335446226563465,1,False,False
83f04afffffffff,-73.54632446462317,12.550828061818956,1,False,False
83f04bfffffffff,-72.69809458267441,9.993020679415167,1,False,False
83f04cfffffffff,-74.8079516802406,7.330932672974296,1,False,False
83f04dfffffffff,-73.89238540529551,4.829719835080316,1,False,False
83f04efffffffff,-74.61738243724717,11.425533026300815,1,False,False
83f050fffffffff,-76.5059997083578,25.53502698107548,1,False,False
83f051fffffffff,-75.843629836224,21.83322019417411,1,False,False
83f052fffffffff,-76.0042573209342,29.42878736204762,1,False,False
83f053fffffffff,-75.40367757121632,25.714139195462955,1,False,False
83f054fffffffff,-77.6144892620995,25.32337780435867,1,False,False
83f055fffffffff,-76.94842588516643,21.311685593616225,1,False,False
83f056fffffffff,-77.10486678688929,29.564632351484924,1,False,False
83f058fffffffff,-74.03342326307123,19.112463263476712,1,False,False
83f059fffffffff,-73.27600748211572,16.203675226250343,1,False,False
83f05afffffffff,-73.65239649329487,22.662013101124906,1,False,False
83f05bfffffffff,-72.94791723234059,19.68989640955648,1,False,False
83f05cfffffffff,-75.12508101319881,18.448037162018764,1,False,False
83f05dfffffffff,-74.35721548272802,15.361273571972074,1,False,False
83f05efffffffff,-74.74463456462826,22.278095647678967,1,False,False
83f060fffffffff,-78.87952919114991,4.708471070335392,1,False,False
83f061fffffffff,-77.9353197091904,1.556305669218501,1,False,False
83f062fffffffff,-78.70119141424328,10.332946406014427,1,False,False
83f063fffffffff,-77.82368741952027,6.833615989425327,1,False,False
83f064fffffffff,-79.92109054742178,2.137665456641029,1,False,False
83f065fffffffff,-78.95077322790306,-1.0975199456179543,1,False,False
83f066fffffffff,-79.77971080087188,8.400181364191473,1,False,False
83f068fffffffff,-75.9462805061938,1.1368278418039202,1,False,False
83f069fffffffff,-74.96042020353723,-1.1906458818330377,1,False,False
83f06afffffffff,-75.85889856818754,5.694587935201835,1,False,False
83f06bfffffffff,-74.92368966146059,3.1116675441891126,1,False,False
83f06cfffffffff,-76.95560078189989,-1.151084199634178,1,False,False
83f06dfffffffff,-75.94712133202069,-3.491759889550856,1,False,False
83f06efffffffff,-76.90281021762091,3.791559890509656,1,False,False
83f070fffffffff,-79.17102359958871,19.943493867932386,1,False,False
83f071fffffffff,-78.42393306898612,15.682681629227222,1,False,False
83f072fffffffff,-78.72831550701777,25.069447841945312,1,False,False
83f073fffffffff,-78.05795945143812,20.69192327060565,1,False,False
83f074fffffffff,-80.28620387092252,19.02204594576112,1,False,False
83f075fffffffff,-79.52586821336801,14.368157719052444,1,False,False
83f076fffffffff,-79.84660244608096,24.759175433099188,1,False,False
83f080fffffffff,-73.99549256505274,65.14177129528704,1,False,False
83f081fffffffff,-74.07170956043362,61.0934761889308,1,False,False
83f082fffffffff,-72.95135254459613,66.61844816107663,1,False,False
83f083fffffffff,-73.06204902990552,62.79449821852922,1,False,False
83f084fffffffff,-74.90041120303923,67.76710437257762,1,False,False
83f085fffffffff,-75.01959319015856,63.48085955298403,1,False,False
83f086fffffffff,-73.84278026155465,69.167859031556,1,False,False
83f088fffffffff,-73.06921592262972,55.183214231447685,1,False,False
83f089fffffffff,-72.96957766551924,51.46153313912713,1,False,False
83f08afffffffff,-72.11166147111753,57.07798725158367,1,False,False
83f08bfffffffff,-72.05244782190444,53.51170466356324,1,False,False
83f08cfffffffff,-74.07228499617271,57.06314211720521,1,False,False
83f08dfffffffff,-73.99932526218268,53.08988472213813,1,False,False
83f08efffffffff,-73.10085970249297,58.97151113599064,1,False,False
83f090fffffffff,-71.6793770778712,71.51691284612443,1,False,False
83f091fffffffff,-71.88960456371099,67.93826121372535,1,False,False
83f092fffffffff,-70.57741902372832,72.50983909833325,1,False,False
83f093fffffffff,-70.81239836519148,69.12374288506813,1,False,False
83f094fffffffff,-72.51403938060997,74.13583136551435,1,False,False
83f095fffffffff,-72.76843224535855,70.40958294507446,1,False,False
83f096fffffffff,-71.40189902201227,75.02918411729216,1,False,False
83f098fffffffff,-71.0885175204275,62.24314893529733,1,False,False
83f099fffffffff,-71.12980228785133,58.79756660596537,1,False,False
83f09afffffffff,-70.05298527008576,63.65153975283292,1,False,False
83f09bfffffffff,-70.1264401745158,60.36246971184951,1,False,False
83f09cfffffffff,-72.03160240104043,64.31983413536268,1,False,False
83f09dfffffffff,-72.10532067838406,60.690080939864814,1,False,False
83f09efffffffff,-70.98287851463344,65.69350325089249,1,False,False
83f0a0fffffffff,-76.82351085785935,69.2304251359873,1,False,False
83f0a1fffffffff,-76.95598369389666,64.35844888222168,1,False,False
83f0a2fffffffff,-75.77067719964457,70.70979827474841,1,False,False
83f0a3fffffffff,-75.93903591973032,66.17672432807035,1,False,False
83f0a4fffffffff,-77.66521872213734,72.69701094199976,1,False,False
83f0a5fffffffff,-77.85621480012897,67.51879312275646,1,False,False
83f0a6fffffffff,-76.59912471865368,74.01243376772217,1,False,False
83f0a8fffffffff,-76.01680153235932,57.044426335410826,1,False,False
83f0a9fffffffff,-75.92934064519936,52.55958191927268,1,False,False
83f0aafffffffff,-75.05772776228045,59.18814638609119,1,False,False
83f0abfffffffff,-75.0163548217036,54.93671613720214,1,False,False
83f0acfffffffff,-76.99596817035106,59.4653776278854,1,False,False
83f0adfffffffff,-76.94505755324343,54.62187770296172,1,False,False
83f0aefffffffff,-76.02085075624264,61.60233210165912,1,False,False
83f0b0fffffffff,-74.42024836609266,76.13437063607576,1,False,False
83f0b1fffffffff,-74.700150027289,71.99955660760398,1,False,False
83f0b2fffffffff,-73.31079806449296,77.00140415250479,1,False,False
83f0b3fffffffff,-73.61399978633897,73.13287064137026,1,False,False
83f0b4fffffffff,-75.18037569771683,79.43980258127007,1,False,False
83f0b5fffffffff,-75.51687734690606,75.14680704084343,1,False,False
83f0b6fffffffff,-74.06346805292273,80.13368828159929,1,False,False
83f0c0fffffffff,-73.04988270743421,38.40365788415471,1,False,False
83f0c1fffffffff,-72.67340534285239,35.14071924704836,1,False,False
83f0c2fffffffff,-72.29978591742587,40.95928885700732,1,False,False
83f0c3fffffffff,-71.96813189808758,37.74281860956414,1,False,False
83f0c4fffffffff,-74.13203133709924,39.15375776129133,1,False,False
83f0c5fffffffff,-73.75817432592133,35.65415470646305,1,False,False
83f0c6fffffffff,-73.37619962406055,41.84501375554847,1,False,False
83f0c8fffffffff,-71.17246845519783,31.79708171989558,1,False,False
83f0c9fffffffff,-70.61369069613127,28.9821529502308,1,False,False
83f0cafffffffff,-70.51089789190502,34.28407233315694,1,False,False
83f0cbfffffffff,-70.09644113302627,31.56066483696903,1,False,False
83f0ccfffffffff,-72.23040458608443,32.04151045731895,1,False,False
83f0cdfffffffff,-71.67449722292525,29.04985175254749,1,False,False
83f0cefffffffff,-71.59065634832874,34.6873258836999,1,False,False
83f0d0fffffffff,-71.74871958004718,46.61760019680404,1,False,False
83f0d1fffffffff,-71.51152153220347,43.33171131546008,1,False,False
83f0d2fffffffff,-70.88435686284782,48.72912648283017,1,False,False
83f0d3fffffffff,-70.68851683221489,45.53263814596231,1,False,False
83f0d4fffffffff,-72.80530763359886,47.835068457436535,1,False,False
83f0d5fffffffff,-72.58050022386497,44.32796927530529,1,False,False
83f0d6fffffffff,-71.93034160522518,50.01727680566562,1,False,False
83f0d8fffffffff,-70.1474844361994,39.47439133552759,1,False,False
83f0d9fffffffff,-69.81056301338168,36.632471792912376,1,False,False
83f0dafffffffff,-69.37210698448648,41.64796893380239,1,False,False
83f0dbfffffffff,-69.0742285652171,38.84630193543981,1,False,False
83f0dcfffffffff,-71.22308619593586,40.17443205953927,1,False,False
83f0ddfffffffff,-70.88798965504746,37.156350290843456,1,False,False
83f0defffffffff,-70.44154171591222,42.44384888376792,1,False,False
83f0e0fffffffff,-75.92952662597456,36.91563494990922,1,False,False
83f0e1fffffffff,-75.45243025334271,32.99825265677652,1,False,False
83f0e2fffffffff,-75.21323558681239,40.012194647573374,1,False,False
83f0e3fffffffff,-74.84392355832719,36.24030324879253,1,False,False
83f0e4fffffffff,-77.00426840153875,37.684075295217816,1,False,False
83f0e5fffffffff,-76.53991250295962,33.422267792014075,1,False,False
83f0e6fffffffff,-76.29198016824827,41.00378157259688,1,False,False
83f0e8fffffffff,-73.82340268787964,29.2132238576866,1,False,False
83f0e9fffffffff,-73.22065546550347,26.000756185034,1,False,False
83f0eafffffffff,-73.29686660925648,32.318267583960235,1,False,False
83f0ebfffffffff,-72.74461411903492,29.1262746629506,1,False,False
83f0ecfffffffff,-74.91018744698184,29.31303448411853,1,False,False
83f0edfffffffff,-74.3083126420587,25.86767896931419,1,False,False
83f0eefffffffff,-74.3711342652707,32.63420503448888,1,False,False
83f0f0fffffffff,-74.70818818118518,46.73254897496958,1,False,False
83f0f1fffffffff,-74.45077147146188,42.85186882555395,1,False,False
83f0f2fffffffff,-73.85607415349605,49.20956487622042,1,False,False
83f0f3fffffffff,-73.64672693174707,45.45303398738683,1,False,False
83f0f4fffffffff,-75.76252522184349,48.19907851284647,1,False,False
83f0f5fffffffff,-75.5217217496351,44.00575451967867,1,False,False
83f0f6fffffffff,-74.8984405649692,50.77162692869338,1,False,False
83f100fffffffff,-86.66646957311072,96.9446683825458,1,False,False
83f101fffffffff,-87.19220221247797,79.94068062120023,1,False,False
83f102fffffffff,-85.6251956020219,94.18545119748752,1,False,False
83f103fffffffff,-86.1294514980096,81.52645646392983,1,False,False
83f104fffffffff,-86.88974196745372,116.20764328627337,1,False,False
83f105fffffffff,-87.70365867818013,102.25803095741664,1,False,False
83f106fffffffff,-85.94491064183316,108.47941369965592,1,False,False
83f108fffffffff,-86.37215942700189,48.961525787837154,1,False,False
83f109fffffffff,-86.04260066147401,33.42184907742045,1,False,False
83f10afffffffff,-85.47061490403428,57.20816781112283,1,False,False
83f10bfffffffff,-85.31088452784857,44.04778951045056,1,False,False
83f10cfffffffff,-87.38422530380892,57.77717818765603,1,False,False
83f10dfffffffff,-87.15924813760522,35.61056062567669,1,False,False
83f10efffffffff,-86.39985074366629,65.88558035634726,1,False,False
83f110fffffffff,-83.96580555567188,101.92908147890408,1,False,False
83f111fffffffff,-84.59873272867013,93.05579640623466,1,False,False
83f112fffffffff,-82.9446998908486,100.26771743857964,1,False,False
83f113fffffffff,-83.5683224984256,92.59447956827134,1,False,False
83f114fffffffff,-84.18426850691836,112.1814286461945,1,False,False
83f115fffffffff,-84.96607541712127,104.22325686419866,1,False,False
83f116fffffffff,-83.21260654831244,109.03081976239878,1,False,False
83f118fffffffff,-84.36432847342688,73.29626260536608,1,False,False
83f119fffffffff,-84.5177568888543,62.59995585624792,1,False,False
83f11afffffffff,-83.36740746708848,75.76506833087173,1,False,False
83f11bfffffffff,-83.54891919510202,66.41098412281568,1,False,False
83f11cfffffffff,-85.07644233043234,82.42175448956513,1,False,False
83f11dfffffffff,-85.38553756652429,70.42665606982014,1,False,False
83f11efffffffff,-84.05219710156246,83.54955848592755,1,False,False
83f120fffffffff,-87.28415388257842,153.62965068024107,1,False,False
83f121fffffffff,-88.31844810025306,157.32386215657849,1,False,False
83f122fffffffff,-86.73740137526588,135.83786123882092,1,False,False
83f123fffffffff,-87.73901648689476,130.29860346203654,1,False,False
83f124fffffffff,-86.53111783825607,168.52637361125684,1,False,False
83f125fffffffff,-87.47043592667018,177.05505698400782,1,False,False
83f126fffffffff,-86.2586514480874,151.9913578228599,1,False,False
83f128fffffffff,-89.31146159398155,61.549097976550925,1,False,False
83f129fffffffff,-88.76006549196616,1.6379073866200982,1,False,False
83f12afffffffff,-88.26093668584319,76.37562035346721,1,False,False
83f12bfffffffff,-88.26474300351394,40.59630274521219,1,False,False
83f12cfffffffff,-89.33629310917209,172.80709387276016,1,False,False
83f12dfffffffff,-89.45281949898724,-63.32912594313748,1,False,False
83f12efffffffff,-88.69873670639025,116.11124380404004,1,False,False
83f130fffffffff,-85.04196964762127,128.858680056164,1,False,False
83f131fffffffff,-85.9826060302212,124.02678409579248,1,False,False
83f132fffffffff,-84.20795756289041,122.7785657714536,1,False,False
83f133fffffffff,-85.1186227886487,116.49840565917714,1,False,False
83f134fffffffff,-84.7371992426475,140.50235030073603,1,False,False
83f135fffffffff,-85.73352931153973,138.73222761710304,1,False,False
83f136fffffffff,-84.03937977484456,133.0249814656062,1,False,False
83f140fffffffff,-83.90302904731189,-6.083342892555196,1,False,False
83f141fffffffff,-82.87045535568359,-9.981882814683695,1,False,False
83f142fffffffff,-83.86059149313628,4.394303203293359,1,False,False
83f143fffffffff,-82.92182792037373,-0.9023572459092314,1,False,False
83f144fffffffff,-84.81635165996447,-13.157870488694288,1,False,False
83f145fffffffff,-83.74202283705233,-16.448758243025704,1,False,False
83f146fffffffff,-84.88829353592175,-0.6943390802932877,1,False,False
83f148fffffffff,-80.8978604556976,-8.155429379926188,1,False,False
83f149fffffffff,-79.8374534924439,-10.708398493630604,1,False,False
83f14afffffffff,-80.941105100824,-1.020920599762361,1,False,False
83f14bfffffffff,-79.9416751381076,-4.28430881470725,1,False,False
83f14cfffffffff,-81.80528425037295,-12.908233320711604,1,False,False
83f14dfffffffff,-80.71632595554397,-15.174825866934077,1,False,False
83f14efffffffff,-81.92926201832213,-4.96717688465865,1,False,False
83f150fffffffff,-84.34429319769578,22.28254692787261,1,False,False
83f151fffffffff,-83.62390563044633,14.318330956068277,1,False,False
83f152fffffffff,-83.79965061988538,31.41210835814348,1,False,False
83f153fffffffff,-83.21849925692906,23.20985661843056,1,False,False
83f154fffffffff,-85.46832399733363,20.896038037300897,1,False,False
83f155fffffffff,-84.72195487904814,11.435462290209571,1,False,False
83f156fffffffff,-84.92186494727166,32.19562316751457,1,False,False
83f158fffffffff,-81.71785030054889,10.686142941282634,1,False,False
83f159fffffffff,-80.8475669714391,6.011654563393365,1,False,False
83f15afffffffff,-81.40176291938236,17.860437882256246,1,False,False
83f15bfffffffff,-80.62503489507154,12.742986331236668,1,False,False
83f15cfffffffff,-82.7991002682697,8.007513318028893,1,False,False
83f15dfffffffff,-81.89820306771708,2.996786794236536,1,False,False
83f15efffffffff,-82.51542066119285,16.35217975248287,1,False,False
83f160fffffffff,-85.12455234874179,-35.62968285045023,1,False,False
83f161fffffffff,-83.99998442346082,-35.00611404521377,1,False,False
83f162fffffffff,-85.6185525124139,-23.00903826962226,1,False,False
83f163fffffffff,-84.50984099010873,-24.84670808095327,1,False,False
83f164fffffffff,-85.52349667236851,-48.86053556842725,1,False,False
83f165fffffffff,-84.43723776736157,-45.61407199501979,1,False,False
83f166fffffffff,-86.2383029264068,-36.61446169531543,1,False,False
83f168fffffffff,-82.25515671319444,-26.95580720553924,1,False,False
83f169fffffffff,-81.11311283520801,-27.61600224621232,1,False,False
83f16afffffffff,-82.64435012856863,-18.78928957894048,1,False,False
83f16bfffffffff,-81.52952816571961,-20.53384324419753,1,False,False
83f16cfffffffff,-82.86576108690399,-34.57591387558065,1,False,False
83f16dfffffffff,-81.72286318011012,-34.26124347824293,1,False,False
83f16efffffffff,-83.38793097144605,-26.07619463102661,1,False,False
83f170fffffffff,-86.83598626732808,-0.234324238290391,1,False,False
83f171fffffffff,-85.8558776114863,-8.234037798350881,1,False,False
83f172fffffffff,-86.587541855665,18.600956099996605,1,False,False
83f173fffffffff,-85.79981358979164,7.06183369292091,1,False,False
83f174fffffffff,-87.77224697756849,-14.05663802633642,1,False,False
83f175fffffffff,-86.70973169152037,-19.972820404775483,1,False,False
83f176fffffffff,-87.69471976450897,14.094630888086437,1,False,False
83f180fffffffff,-79.3093594523999,91.62825698322258,1,False,False
83f181fffffffff,-79.8324358613358,86.14665537563955,1,False,False
83f182fffffffff,-78.213041190708,91.4917871923378,1,False,False
83f183fffffffff,-78.74385831881658,86.50192810332146,1,False,False
83f184fffffffff,-79.78019017417895,97.23860332172416,1,False,False
83f185fffffffff,-80.39362274910394,91.79348173247838,1,False,False
83f186fffffffff,-78.6963272029674,96.5908727377039,1,False,False
83f188fffffffff,-79.5161763700694,75.34719045961174,1,False,False
83f189fffffffff,-79.7401273703974,69.32607500429378,1,False,False
83f18afffffffff,-78.45486560660979,76.63511744857294,1,False,False
83f18bfffffffff,-78.71307280357573,71.1552227495676,1,False,False
83f18cfffffffff,-80.25291450660367,80.17599110363753,1,False,False
83f18dfffffffff,-80.55935584121876,73.79327819468116,1,False,False
83f18efffffffff,-79.18149006628403,81.10231437849095,1,False,False
83f190fffffffff,-76.49112629256146,95.59156196312358,1,False,False
83f191fffffffff,-77.10530080542046,91.37716791907629,1,False,False
83f192fffffffff,-75.37155000269748,95.19815659550537,1,False,False
83f193fffffffff,-75.98681313766055,91.2795410658376,1,False,False
83f194fffffffff,-76.91439724351477,100.1798422431812,1,False,False
83f195fffffffff,-77.59967471516347,96.04997195462592,1,False,False
83f196fffffffff,-75.80987606971658,99.44297250894644,1,False,False
83f198fffffffff,-76.99737374994889,82.51885346373001,1,False,False
83f199fffffffff,-77.3774119023658,77.71894315758648,1,False,False
83f19afffffffff,-75.88683128478002,83.0722081110975,1,False,False
83f19bfffffffff,-76.28544610822864,78.64300100528772,1,False,False
83f19cfffffffff,-77.64326892710143,86.79813166847163,1,False,False
83f19dfffffffff,-78.09593474976207,81.87097650005597,1,False,False
83f19efffffffff,-76.53138405938076,87.04885446890728,1,False,False
83f1a0fffffffff,-81.18847810455223,104.77787252269034,1,False,False
83f1a1fffffffff,-81.90558973982998,99.01101547056147,1,False,False
83f1a2fffffffff,-80.14464104076303,103.28284850222286,1,False,False
83f1a3fffffffff,-80.85030667271468,98.02805249591712,1,False,False
83f1a4fffffffff,-81.3968422394979,111.9028092400266,1,False,False
83f1a5fffffffff,-82.21227153621754,106.64343007911476,1,False,False
83f1a6fffffffff,-80.39287389389757,109.66527302395784,1,False,False
83f1a8fffffffff,-81.97073693714415,85.17083385274165,1,False,False
83f1a9fffffffff,-82.34780887695042,77.61014843483234,1,False,False
83f1aafffffffff,-80.90829864836735,85.71272484312475,1,False,False
83f1abfffffffff,-81.30889968038606,79.0386318061223,1,False,False
83f1acfffffffff,-82.52364876490066,92.2562311405874,1,False,False
83f1adfffffffff,-83.0189956302512,84.47511415652146,1,False,False
83f1aefffffffff,-81.46523830086903,91.99761604040448,1,False,False
83f1b0fffffffff,-78.3164877261735,106.30042269579393,1,False,False
83f1b1fffffffff,-79.08317758352995,102.05948806331646,1,False,False
83f1b2fffffffff,-77.24990474876347,105.0077356124338,1,False,False
83f1b3fffffffff,-78.00592948699776,101.04077902452973,1,False,False
83f1b4fffffffff,-78.52553299719206,111.75662759342902,1,False,False
83f1b5fffffffff,-79.36498644109454,107.830012376747,1,False,False
83f1b6fffffffff,-77.49225795750323,110.02133858547428,1,False,False
83f204fffffffff,-80.80377890626895,-143.8018435082451,1,False,False
83f205fffffffff,-80.01499561785165,-139.23955017723958,1,False,False
83f208fffffffff,-79.21612100913089,-124.15408427004336,1,False,False
83f209fffffffff,-78.2134820831681,-121.6861868142954,1,False,False
83f20bfffffffff,-79.0850250068126,-118.52545796158418,1,False,False
83f20cfffffffff,-79.24397464262528,-129.7985932516692,1,False,False
83f20dfffffffff,-78.2958800227786,-126.87168079643614,1,False,False
83f220fffffffff,-79.44252804996091,-150.2028994786346,1,False,False
83f221fffffffff,-78.75016409358024,-145.80875866566376,1,False,False
83f222fffffffff,-80.47746896255477,-149.73828237555665,1,False,False
83f223fffffffff,-79.77272487206821,-144.91061332592105,1,False,False
83f226fffffffff,-80.06437797079646,-155.15836775728388,1,False,False
83f228fffffffff,-78.18410083215302,-137.06920724511923,1,False,False
83f229fffffffff,-77.32263041775617,-133.89856877827353,1,False,False
83f22afffffffff,-79.17142609527758,-135.35111774346782,1,False,False
83f22bfffffffff,-78.28488242700769,-132.02639680949065,1,False,False
83f22cfffffffff,-77.99920203126752,-141.92919739833175,1,False,False
83f22dfffffffff,-77.19994786275332,-138.5086884491,1,False,False
83f22efffffffff,-79.00417272473518,-140.71393741345258,1,False,False
83f235fffffffff,-81.10381948768783,-155.26515751803237,1,False,False
83f240fffffffff,-74.30211310091241,-118.7878192423324,1,False,False
83f242fffffffff,-75.11585091327677,-116.29504716996556,1,False,False
83f243fffffffff,-74.06612097813027,-114.963796697352,1,False,False
83f246fffffffff,-75.32092739492114,-120.39870958174778,1,False,False
83f250fffffffff,-76.97669750383874,-114.89811496352124,1,False,False
83f251fffffffff,-75.90923361228502,-113.48992697587592,1,False,False
83f254fffffffff,-77.19289235571165,-119.60328967164956,1,False,False
83f255fffffffff,-76.15910685255234,-117.82623598896444,1,False,False
83f256fffffffff,-78.03643959236078,-116.55396729192036,1,False,False
83f258fffffffff,-74.48569419119634,-108.38589772442106,1,False,False
83f25afffffffff,-71.8879138736454,-110.46761794008972,1,False,False
83f25cfffffffff,-74.83677627264996,-112.27908297996022,1,False,False
83f25dfffffffff,-73.76156169000153,-111.22770266578463,1,False,False
83f25efffffffff,-75.58115353237858,-109.28279322785176,1,False,False
83f270fffffffff,-76.41814970064546,-126.69911158527796,1,False,False
83f271fffffffff,-75.45116707109543,-124.54990885208282,1,False,False
83f272fffffffff,-77.3221424520665,-124.3821293354545,1,False,False
83f273fffffffff,-76.32888801232583,-122.24632116728984,1,False,False
83f274fffffffff,-76.42801730106831,-131.1312344101902,1,False,False
83f275fffffffff,-75.50698809652047,-128.70559157093925,1,False,False
83f276fffffffff,-77.36467316998453,-129.1692443264352,1,False,False
83f280fffffffff,-85.5420326366755,-103.0500155793602,1,False,False
83f281fffffffff,-84.42478999516831,-101.32254455504072,1,False,False
83f282fffffffff,-86.17748731488105,-90.08785103182636,1,False,False
83f283fffffffff,-85.05115839527178,-91.05257517692203,1,False,False
83f284fffffffff,-85.79665141386099,-117.05321818285653,1,False,False
83f285fffffffff,-84.74412300914346,-112.3932566973392,1,False,False
83f286fffffffff,-86.64649816395925,-105.90407757194107,1,False,False
83f288fffffffff,-82.7796297841393,-92.08334226966016,1,False,False
83f289fffffffff,-72.88565739211985,-69.13825936401486,1,False,False
83f28afffffffff,-83.26096385462702,-83.59683111941175,1,False,False
83f28bfffffffff,-82.13165703502989,-85.13282513120379,1,False,False
83f28cfffffffff,-83.2988662332951,-100.16650896421108,1,False,False
83f28dfffffffff,-82.1665335361889,-99.33922797742622,1,False,False
83f28efffffffff,-83.91812014657665,-91.66272315206524,1,False,False
83f290fffffffff,-87.56764160348698,-63.63453137683488,1,False,False
83f291fffffffff,-86.55305492984162,-73.14861107234952,1,False,False
83f292fffffffff,-87.33944399977626,-38.40056055118316,1,False,False
83f293fffffffff,-86.57678199019979,-54.08693116067439,1,False,False
83f294fffffffff,-88.39952358337875,-84.17417821617158,1,False,False
83f295fffffffff,-87.29521178869528,-88.33448728342873,1,False,False
83f296fffffffff,-88.42326529360254,-42.61886065449516,1,False,False
83f298fffffffff,-84.63658209881537,-69.8176512073763,1,False,False
83f299fffffffff,-83.57706401326682,-74.00217325731501,1,False,False
83f29afffffffff,-84.65773147675006,-57.51224692110495,1,False,False
83f29bfffffffff,-83.69975001892847,-63.68902991273316,1,False,False
83f29cfffffffff,-85.48028652573238,-78.28835639404248,1,False,False
83f29dfffffffff,-84.37906449508098,-81.45839519910751,1,False,False
83f29efffffffff,-85.64878185933841,-63.67365972153,1,False,False
83f2a2fffffffff,-85.78141219334194,-131.69177093566398,1,False,False
83f2a3fffffffff,-84.84860846321767,-124.24807973939294,1,False,False
83f2a6fffffffff,-85.50821197822206,-145.20309838755168,1,False,False
83f2aafffffffff,-83.66307858676569,-109.28488761462192,1,False,False
83f2b0fffffffff,-87.68862058053466,-138.50065025399292,1,False,False
83f2b1fffffffff,-86.79773750705189,-124.66451511715104,1,False,False
83f2b2fffffffff,-88.74392318146967,-126.36849166344548,1,False,False
83f2b3fffffffff,-87.72790968829554,-111.47135677076758,1,False,False
83f2b4fffffffff,-87.2118416410708,-159.96169124172883,1,False,False
83f2b5fffffffff,-86.60050406226708,-142.93449765550855,1,False,False
83f2b6fffffffff,-88.30155949680592,-165.08098084785726,1,False,False
83f2c0fffffffff,-70.4381540241926,-58.5023696794061,1,False,False
83f2c2fffffffff,-71.5617923103953,-58.69505090828525,1,False,False
83f2c3fffffffff,-71.0043883691116,-55.556085827367504,1,False,False
83f2c6fffffffff,-70.94414213983438,-61.61342531623117,1,False,False
83f2cafffffffff,-70.8657943273342,-49.47861594881396,1,False,False
83f2cdfffffffff,-70.61715282707968,-102.37550489467554,1,False,False
83f2d0fffffffff,-73.19188823729583,-62.4647401390798,1,False,False
83f2d1fffffffff,-72.69385575422017,-58.91359113522272,1,False,False
83f2d2fffffffff,-74.3255827283087,-62.98444793493304,1,False,False
83f2d3fffffffff,-73.83349585760593,-59.1635625919704,1,False,False
83f2d4fffffffff,-72.50723684779541,-65.49761052968859,1,False,False
83f2d5fffffffff,-72.06439895523079,-62.01173982166881,1,False,False
83f2d6fffffffff,-73.62488018318415,-66.20597379632477,1,False,False
83f2d8fffffffff,-72.66143033101332,-52.21546112749205,1,False,False
83f2d9fffffffff,-71.99439809289608,-49.09234057057241,1,False,False
83f2dafffffffff,-73.80547335093662,-51.98267826257863,1,False,False
83f2dbfffffffff,-73.13046830027281,-48.65280604923842,1,False,False
83f2dcfffffffff,-72.13634449929198,-55.56353766286521,1,False,False
83f2ddfffffffff,-71.52508765618602,-52.41891612007228,1,False,False
83f2defffffffff,-73.27661467650263,-55.57202886041138,1,False,False
83f2f0fffffffff,-70.69196067328221,-67.51892564117846,1,False,False
83f2f1fffffffff,-70.28941482399534,-64.3260576738608,1,False,False
83f2f2fffffffff,-71.78656452551307,-68.27857593102446,1,False,False
83f2f3fffffffff,-71.39501841467599,-64.87592857004395,1,False,False
83f35afffffffff,-76.3611333757422,-135.49077724192983,1,False,False
83f382fffffffff,-83.83709413449218,177.94532352153533,1,False,False
83f386fffffffff,-82.9683850567067,173.7140925175692,1,False,False
83f390fffffffff,-84.5864325860551,160.7169172418651,1,False,False
83f391fffffffff,-84.73604774139594,172.02233067151067,1,False,False
83f392fffffffff,-85.24564510904796,151.0678429705738,1,False,False
83f393fffffffff,-85.56161340198415,163.74066451848395,1,False,False
83f394fffffffff,-83.6153281847828,158.6439999032743,1,False,False
83f395fffffffff,-83.81379157723325,168.08135322142653,1,False,False
83f396fffffffff,-84.24641276243358,150.4753841011532,1,False,False
83f398fffffffff,-85.44999672847158,-168.5968400025901,1,False,False
83f399fffffffff,-85.02791003757197,-156.4924379632486,1,False,False
83f39afffffffff,-86.48275487148382,-173.697497294873,1,False,False
83f39bfffffffff,-86.11822123010285,-157.73464283543996,1,False,False
83f39cfffffffff,-84.67360495021714,-176.38760407807672,1,False,False
83f39efffffffff,-85.63581796067334,177.6895957415568,1,False,False
83f3a2fffffffff,-81.23630048244166,174.71016659762785,1,False,False
83f3a4fffffffff,-79.54350183932479,175.36612232714702,1,False,False
83f3a6fffffffff,-80.38499798918258,171.97085065705997,1,False,False
83f3b0fffffffff,-81.95563582384125,163.02833443543494,1,False,False
83f3b1fffffffff,-82.08388407275777,170.4670498297471,1,False,False
83f3b2fffffffff,-82.62658737066207,157.31218066191752,1,False,False
83f3b3fffffffff,-82.88423577291,165.20716275482894,1,False,False
83f3b4fffffffff,-80.90545985602475,161.8712442283064,1,False,False
83f3b5fffffffff,-81.19357829627947,167.9117650566877,1,False,False
83f3b6fffffffff,-81.55975154244084,156.7640345611698,1,False,False
830000fffffffff,36.70586202282839,20.36101445271156,0,False,False
830001fffffffff,36.81207150292402,18.991050425480942,0,False,False
830002fffffffff,36.84043893649507,20.823019357807137,0,False,False
830003fffffffff,37.65559975489786,19.81105974439058,0,False,False
830004fffffffff,35.765960262487205,20.890682712166168,0,False,False
830005fffffffff,35.87646791622198,19.547320206366813,0,False,False
830006fffffffff,35.88826689376431,21.345199667543497,0,False,False
830010fffffffff,37.53662940402516,23.066028110666995,0,False,False
830011fffffffff,37.677495375152674,21.67824612351181,0,False,False
830012fffffffff,38.36208121585764,23.96702421840026,0,False,False
830013fffffffff,38.51578495020264,22.560989276952288,0,False,False
830014fffffffff,36.567888976503326,23.551774827940225,0,False,False
830015fffffffff,36.711694605603554,22.19236559351859,0,False,False
830016fffffffff,37.38027035863972,24.442569536477063,0,False,False
830018fffffffff,38.77359414542681,19.71725603794211,0,False,False
83001afffffffff,39.63781174604506,20.58808251062451,0,False,False
83001cfffffffff,37.802437945915166,20.280731869982844,0,False,False
83001efffffffff,38.65309830322432,21.14385969287201,0,False,False
830020fffffffff,34.03531923840505,20.600666109312872,0,False,False
830021fffffffff,34.13938418891265,19.301080901231472,0,False,False
830022fffffffff,34.83648600446291,21.401080952262845,0,False,False
830023fffffffff,34.950693888877005,20.0835332712958,0,False,False
830024fffffffff,33.13085651383384,21.09963939790161,0,False,False
830025fffffffff,33.23825452297773,19.82412023610921,0,False,False
830026fffffffff,33.91797242587942,21.89316523278042,0,False,False
830028fffffffff,35.13676961090431,17.42939786550328,0,False,False
830029fffffffff,35.20818130058681,16.095588340723513,0,False,False
83002afffffffff,35.972173490938616,18.197486063350333,0,False,False
83002cfffffffff,34.229904426585314,17.99569805684215,0,False,False
83002dfffffffff,34.30666485104553,16.685841572738994,0,False,False
83002efffffffff,35.05087313084037,18.75918164838405,0,False,False
830030fffffffff,34.811962431558214,23.163950795799035,0,False,False
830031fffffffff,34.94653124794901,21.84828864786116,0,False,False
830032fffffffff,35.61015466494924,24.01924814003046,0,False,False
830033fffffffff,35.75632660824369,22.68727133310903,0,False,False
830034fffffffff,33.879115248703386,23.62333014013796,0,False,False
830035fffffffff,34.708553263586666,22.7104956921886,0,False,False
830036fffffffff,34.66395890416013,24.469401287921887,0,False,False
83004dfffffffff,31.988415746614105,16.969366601870366,0,False,False
830061fffffffff,29.97009975659497,20.799939738837764,0,False,False
83006efffffffff,30.717713876749063,19.965378275565584,0,False,False
830080fffffffff,41.75689857244892,26.07442872471388,0,False,False
830081fffffffff,41.96598778107209,24.58705508344812,0,False,False
830082fffffffff,42.574591831032016,27.12137987834545,0,False,False
830083fffffffff,42.799955137145936,25.61676205381594,0,False,False
830084fffffffff,40.723513685355385,26.51267665551129,0,False,False
830085fffffffff,40.93449756882882,25.05949001349063,0,False,False
830086fffffffff,41.53005731447988,27.543637729788845,0,False,False
830088fffffffff,43.193477089258494,22.55425504172441,0,False,False
830089fffffffff,43.36026038327154,21.00020221493556,0,False,False
83008afffffffff,44.05519207488345,23.57830251648389,0,False,False
83008bfffffffff,44.23779243454626,22.00165377346201,0,False,False
83008cfffffffff,42.15661110414436,23.0832174574682,0,False,False
83008dfffffffff,42.3281203273854,21.56474487169784,0,False,False
83008efffffffff,43.00649165788995,24.09377030814533,0,False,False
830090fffffffff,43.12566430020663,29.70020510275281,0,False,False
830091fffffffff,43.38631170146622,28.201149351520023,0,False,False
830092fffffffff,45.39809670878893,32.02181045705978,0,False,False
830093fffffffff,44.19075865014821,29.31450103238135,0,False,False
830094fffffffff,43.50789595406077,31.524073969369613,0,False,False
830095fffffffff,42.33119094390944,28.60591888000109,0,False,False
830096fffffffff,44.3667443406739,32.53788727732455,0,False,False
830098fffffffff,44.691546950468805,26.21818879667932,0,False,False
830099fffffffff,44.91193679756909,24.63803813533656,0,False,False
83009afffffffff,45.52403203063166,27.334073821735377,0,False,False
83009bfffffffff,45.76233715752336,25.734596573735992,0,False,False
83009cfffffffff,43.62868355104,26.67998840079564,0,False,False
83009dfffffffff,43.851911859492176,25.138419219424968,0,False,False
83009efffffffff,44.45085800952773,27.777629050241824,0,False,False
8300a0fffffffff,39.446501772533736,27.73169047852436,0,False,False
8300a1fffffffff,39.18700947493645,24.8961899837106,0,False,False
8300a2fffffffff,40.29259054709042,28.65730960121417,0,False,False
8300a3fffffffff,40.434164463394445,27.21032279162776,0,False,False
8300a4fffffffff,38.46895906554803,28.2322127056459,0,False,False
8300a5fffffffff,38.19247367359681,25.360422549463745,0,False,False
8300a6fffffffff,39.30253583068298,29.146610375529622,0,False,False
8300a8fffffffff,40.356180633801706,22.95684957250459,0,False,False
8300a9fffffffff,40.50267528813755,21.4886023278129,0,False,False
8300aafffffffff,41.12805720543741,23.58994142167597,0,False,False
8300abfffffffff,41.30355042737687,22.105716918657507,0,False,False
8300acfffffffff,39.35427493553775,23.47215865544144,0,False,False
8300adfffffffff,39.50470446491523,22.035569086067262,0,False,False
8300aefffffffff,40.19188071252696,24.412666066118657,0,False,False
8300b0fffffffff,41.64418127287159,31.06342531560474,0,False,False
8300b1fffffffff,41.775482721848704,29.59256041459628,0,False,False
8300b2fffffffff,42.49669925681152,32.03163599390125,0,False,False
8300b3fffffffff,42.643729656852805,30.54262376061997,0,False,False
8300b4fffffffff,40.65457265382665,31.56223714591312,0,False,False
8300b5fffffffff,40.78804441756769,30.12523966049761,0,False,False
8300b6fffffffff,41.495363895724616,32.51728931634161,0,False,False
8300f4fffffffff,40.63088181140503,20.00971513280272,0,False,False
8300f6fffffffff,41.46040075573833,20.60861498239588,0,False,False
830100fffffffff,29.67300925625118,23.3323387601066,0,False,False
830101fffffffff,29.793780756927227,22.140577965493343,0,False,False
830102fffffffff,30.411718097242098,24.10885305700872,0,False,False
830103fffffffff,30.54190066999442,22.90383322547472,0,False,False
830104fffffffff,28.8169262334088,23.746704114558817,0,False,False
830105fffffffff,28.938517704840315,22.576029078645067,0,False,False
830106fffffffff,29.54224058788552,24.515566427292807,0,False,False
830108fffffffff,31.46898618914075,20.81711036646881,0,False,False
830109fffffffff,31.570049675148148,19.581075905923843,0,False,False
83010afffffffff,32.237762944691355,21.58132131572166,0,False,False
83010bfffffffff,32.347975941686755,20.329184605825336,0,False,False
83010cfffffffff,30.601671081867327,21.28868802695118,0,False,False
83010dfffffffff,30.70525060438458,20.07452744749932,0,False,False
83010efffffffff,31.356442552480832,22.046530695893416,0,False,False
830110fffffffff,31.00326624451453,26.113839202756736,0,False,False
830111fffffffff,31.15398015956212,24.906095634455543,0,False,False
830112fffffffff,31.737590817712164,26.944205058443828,0,False,False
830113fffffffff,31.899087938405525,25.724586360940947,0,False,False
830114fffffffff,30.120835838020056,26.489708873909844,0,False,False
830115fffffffff,30.271244819072745,25.304450990662083,0,False,False
830116fffffffff,30.84237129598686,27.310293211794733,0,False,False
830118fffffffff,32.189165969452745,23.25227245363013,0,False,False
830119fffffffff,33.01089624947017,22.367835048707224,0,False,False
83011afffffffff,32.95824224799139,24.066278418512024,0,False,False
83011bfffffffff,33.78765190532364,23.177332626566056,0,False,False
83011cfffffffff,31.294122114846388,23.687989613141887,0,False,False
83011dfffffffff,32.11567981528598,22.82593692406598,0,False,False
83011efffffffff,32.04974669791083,24.493611484829685,0,False,False
830122fffffffff,27.97387836246541,24.14757656669329,0,False,False
830123fffffffff,28.09593262062736,22.99737791897345,0,False,False
830128fffffffff,29.010667243405965,21.01355720441489,0,False,False
83012afffffffff,29.05041540882636,21.39765946679488,0,False,False
83012bfffffffff,29.85201662329545,20.551780665467337,0,False,False
83012efffffffff,28.208863861656923,21.83939906091757,0,False,False
830130fffffffff,28.54584421949196,26.06144361720422,0,False,False
830131fffffffff,28.685930408387875,24.908792551054475,0,False,False
830132fffffffff,29.25202118737053,26.852843167963155,0,False,False
830133fffffffff,29.401795912864817,25.68935465227209,0,False,False
830135fffffffff,27.842985035492045,25.28915610581482,0,False,False
830150fffffffff,32.531740284184096,17.806933714750485,0,False,False
830151fffffffff,32.604867693038884,16.539196757679065,0,False,False
830152fffffffff,33.332821304069775,18.5424879851478,0,False,False
830153fffffffff,33.414331555969724,17.255989119413027,0,False,False
830154fffffffff,31.659394763951365,18.339532527030418,0,False,False
830156fffffffff,32.44604602971742,19.07066419742593,0,False,False
83015afffffffff,34.369500100614104,15.372863202349674,0,False,False
83015efffffffff,33.482605688565,15.965899187454468,0,False,False
830180fffffffff,35.455044849238774,30.917807122374008,0,False,False
830181fffffffff,35.090747174411504,27.941882207327783,0,False,False
830182fffffffff,36.94448020521682,32.048136687750514,0,False,False
830183fffffffff,36.39894777514677,30.50085220600565,0,False,False
830184fffffffff,33.946641569405244,29.565732609131377,0,False,False
830185fffffffff,34.14377292320092,28.312627226492967,0,False,False
830186fffffffff,35.29444004769048,32.201098451311445,0,False,False
830188fffffffff,36.23686489930132,26.23523766162722,0,False,False
830189fffffffff,36.40945271359815,24.89984253782879,0,False,False
83018afffffffff,37.50216893724717,28.713043135103224,0,False,False
83018bfffffffff,37.20890227704479,25.80643823312749,0,False,False
83018cfffffffff,35.27687336755539,26.64775341518468,0,False,False
83018dfffffffff,35.4501795692112,25.33982147804786,0,False,False
83018efffffffff,36.546702895976274,29.17525753583452,0,False,False
830190fffffffff,37.60126596648338,34.2658431592301,0,False,False
830191fffffffff,37.75169830786412,32.9392029888887,0,False,False
830192fffffffff,38.3921559578058,35.19438543550322,0,False,False
830193fffffffff,38.55699316009384,33.85554160020027,0,False,False
830194fffffffff,35.18119604782208,32.681387511233794,0,False,False
830195fffffffff,36.807856649515976,33.36208708120052,0,False,False
830196fffffffff,35.898075388351536,33.65451504217649,0,False,False
830198fffffffff,38.8438261862858,31.125864732671538,0,False,False
830199fffffffff,38.32319420312647,29.61624524984718,0,False,False
83019afffffffff,39.675566183990384,32.0403521187887,0,False,False
83019bfffffffff,39.81061032052131,30.63592153543544,0,False,False
83019cfffffffff,37.88827523784898,31.59623992409332,0,False,False
83019dfffffffff,37.35515493919077,30.06731701462244,0,False,False
83019efffffffff,38.70776168138209,32.49896956664491,0,False,False
8301a0fffffffff,32.29001844310088,29.01384719352321,0,False,False
8301a1fffffffff,32.473463916666304,27.796012173412016,0,False,False
8301a2fffffffff,33.014580950425305,29.89762629111165,0,False,False
8301a3fffffffff,33.210091488629345,28.66971048400942,0,False,False
8301a4fffffffff,31.383821310876296,29.34570537732638,0,False,False
8301a5fffffffff,31.56568423200244,28.151534870760067,0,False,False
8301a6fffffffff,32.09644701442393,30.21747736292056,0,False,False
8301a8fffffffff,33.56818699109116,26.17149282962318,0,False,False
8301a9fffffffff,33.729777367603845,24.90312673920764,0,False,False
8301aafffffffff,34.32938349949448,27.044855338269738,0,False,False
8301abfffffffff,34.50294484656685,25.76342017439367,0,False,False
8301acfffffffff,32.64629103696234,26.564838474668377,0,False,False
8301adfffffffff,32.80803095477188,25.32126054263305,0,False,False
8301aefffffffff,33.394797066449726,27.42735540463709,0,False,False
8301b0fffffffff,33.520055005578534,32.024328330059696,0,False,True
8301b1fffffffff,33.73854374010667,30.80324736722761,0,False,False
8301b2fffffffff,34.201692123179974,32.935038060731884,0,False,True
8301b3fffffffff,35.12180718750819,33.46871575364825,0,False,False
8301b4fffffffff,32.4665767813657,32.20384406272004,0,False,True
8301b5fffffffff,32.80879871425519,31.110245556205303,0,False,True
8301b6fffffffff,33.141875949990066,33.10745669182001,0,False,True
830200fffffffff,38.62535432011398,4.606444892223367,0,False,False
830201fffffffff,37.588648068252816,4.782640378811405,0,False,False
830202fffffffff,39.04656775669516,3.2981712140273984,0,False,False
830203fffffffff,38.01496097864791,3.488752200658149,0,False,False
830205fffffffff,38.189744983703655,5.899180196382531,0,False,False
830208fffffffff,35.91382804186341,3.854480328933395,0,False,False
830209fffffffff,34.84421977123569,4.033165320302654,0,False,False
83020afffffffff,36.336989498839,2.5711076393242425,0,False,False
83020cfffffffff,36.53874344024409,4.956103265114638,0,False,False
83020dfffffffff,35.47613451445216,5.126893524338616,0,False,False
83020efffffffff,36.970914920905656,3.6730296182724618,0,False,False
830211fffffffff,39.45373556647925,1.97200129215373,0,False,False
830213fffffffff,39.84609703253564,0.6290144005928939,0,False,False
830218fffffffff,37.78955175991008,1.0752187723783286,0,False,False
830219fffffffff,36.745051080003634,1.2779365208858269,0,False,False
83021afffffffff,38.17497708675436,-0.2370700463705302,0,False,False
83021cfffffffff,38.42572063546155,2.183922849593511,0,False,False
83021dfffffffff,37.38803380627705,2.3790031295830936,0,False,False
83021efffffffff,38.820399064000426,0.8693823249218148,0,False,False
830221fffffffff,38.31222444461643,8.31713581400239,0,False,False
830228fffffffff,36.69174551802672,7.33300367622763,0,False,False
830229fffffffff,35.63169664364409,7.484936841792373,0,False,False
83022afffffffff,37.1473649110201,6.064422479205924,0,False,False
83022bfffffffff,36.0921206566177,6.227093100259886,0,False,False
83022cfffffffff,37.27463357808477,8.443839968583081,0,False,False
83022dfffffffff,36.00070294938213,8.753277751158752,0,False,False
83022efffffffff,37.73928284241622,7.17866279690058,0,False,False
830241fffffffff,29.993060954010943,5.942742269059443,0,False,False
830243fffffffff,30.452593349459143,4.721411833219637,0,False,False
830244fffffffff,29.51251571138404,7.456804677062758,0,False,False
830246fffffffff,30.18783074651113,6.395864122577745,0,False,False
83024afffffffff,28.65335749888081,3.8376369405162607,0,False,False
83024cfffffffff,28.86717468451761,6.098667689583145,0,False,False
83024efffffffff,29.32978877290342,4.887127702849647,0,False,False
830251fffffffff,32.009894926085494,3.311010511425576,0,False,False
830254fffffffff,33.762656551278866,4.20914395022294,0,False,False
830255fffffffff,30.854227148945057,5.32079860411919,0,False,False
830258fffffffff,30.22124154873936,2.4322983052914524,0,False,False
830259fffffffff,29.097105894061173,2.6149262041116383,0,False,False
83025cfffffffff,30.90046617371336,3.489154112581653,0,False,False
83025dfffffffff,29.78136390716505,3.664678211364036,0,False,False
830270fffffffff,33.53067183832783,6.98757398391049,0,False,False
830271fffffffff,30.378765907501933,7.0020145353178815,0,False,False
830272fffffffff,34.40136210931669,5.295069485821065,0,False,False
830274fffffffff,34.11785956369851,8.093394534837518,0,False,False
830275fffffffff,30.78975580710249,8.185043183408782,0,False,False
830276fffffffff,35.024527469722194,6.387249067748169,0,False,False
8302acfffffffff,40.22293501661587,-0.7296088579632404,0,False,False
8302adfffffffff,39.19852683752912,-0.4535801829821999,0,False,False
830342fffffffff,35.25034573359486,12.618976332830997,0,False,False
830346fffffffff,36.08155876904329,13.39287883195323,0,False,False
830350fffffffff,37.35352130564458,10.803253718446523,0,False,False
830351fffffffff,36.06375209435579,11.08743625460916,0,False,False
830352fffffffff,37.83816289440525,9.57149460299674,0,False,False
830353fffffffff,36.56514224880687,9.864026876333408,0,False,False
830354fffffffff,37.88333175813733,11.990076343316751,0,False,False
830355fffffffff,36.85408186500492,12.030563272884043,0,False,False
83035afffffffff,34.689076900755346,9.202858786678728,0,False,False
83035bfffffffff,31.185937791202807,9.36602801983799,0,False,False
83035cfffffffff,34.72005443564165,11.512049489777262,0,False,False
83035efffffffff,35.24398911727287,10.315149276170285,0,False,False
830373fffffffff,37.37337116754231,13.199938736355207,0,False,False
830400fffffffff,57.094022430710616,15.556668528212468,0,False,False
830401fffffffff,57.00968398117769,13.389737596030184,0,False,False
830402fffffffff,58.14451118099212,16.566584926091412,0,False,False
830403fffffffff,58.07704179756404,14.333715683273867,0,False,False
830404fffffffff,56.09971442697154,16.716089490436886,0,False,False
830406fffffffff,57.14083473419938,17.731276648550462,0,False,False
830410fffffffff,60.352070323715246,13.252432922664124,0,False,False
830411fffffffff,60.03601206106757,10.965594081619532,0,False,False
830412fffffffff,61.48527452536941,13.906574289695548,0,False,False
830413fffffffff,61.18101206232425,11.534228387278858,0,False,False
830414fffffffff,58.16201886859246,21.040700111264773,0,False,False
830415fffffffff,58.172846774913424,18.80451762706797,0,False,False
830416fffffffff,59.16174981454912,22.23799885683,0,False,False
83041afffffffff,61.60981754648196,7.363430044067124,0,False,False
83041cfffffffff,59.1365414004449,15.335244196678373,0,False,False
83041efffffffff,60.83562500728997,9.207304517335926,0,False,False
830422fffffffff,55.0959515307696,17.815924751590572,0,False,False
830430fffffffff,56.11881555916703,20.94966297362176,0,False,False
830431fffffffff,56.12737226814806,18.83369963204951,0,False,False
830432fffffffff,57.12152319422424,22.078541670487567,0,False,False
830433fffffffff,57.14996689499564,19.90732244813785,0,False,False
830434fffffffff,55.081115389023815,21.93574291861713,0,False,False
830435fffffffff,55.10590730608205,19.877963347800254,0,False,False
830436fffffffff,56.07426297012264,23.05823205308125,0,False,False
83045bfffffffff,51.08242320657418,4.943418095309091,0,False,False
830480fffffffff,65.69380487120365,14.269172812825664,0,False,False
830481fffffffff,65.39940255735011,11.538165262496944,0,False,False
830482fffffffff,66.79877050459818,15.09591251925312,0,False,False
830483fffffffff,66.52054930249807,12.243282265032084,0,False,False
830484fffffffff,64.83934537181287,16.1731541737566,0,False,False
830485fffffffff,64.57823328160555,13.506015651077782,0,False,False
830486fffffffff,65.93767191831347,17.04943719519252,0,False,False
830488fffffffff,65.81143319050005,6.734408213861439,0,False,False
830489fffffffff,65.38499262899677,4.0978555263257554,0,False,False
83048afffffffff,66.94917906174233,7.244231509654379,0,False,False
83048bfffffffff,66.5320793451415,4.486106219623658,0,False,False
83048cfffffffff,65.05611024936273,8.86714978250172,0,False,False
83048dfffffffff,64.66594515934854,6.265360141276465,0,False,False
83048efffffffff,66.19075410387724,9.452523735832688,0,False,False
830490fffffffff,65.87889764928109,30.06345648761219,0,False,False
830491fffffffff,66.05655280429103,27.26162545348728,0,False,False
830492fffffffff,66.74262536027686,31.889881903124387,0,False,False
830493fffffffff,66.95392880788091,29.0172607026104,0,False,False
830494fffffffff,64.79375749115775,31.028276424262504,0,False,False
830495fffffffff,64.98790102392938,28.344472196521792,0,False,False
830496fffffffff,65.65203594423775,32.80907040700523,0,False,False
830498fffffffff,67.21815767879289,23.118342933835525,0,False,False
830499fffffffff,68.07810176291287,7.8002962487734,0,False,False
83049afffffffff,68.15547994660821,24.81521161459501,0,False,False
83049bfffffffff,69.19711691251874,8.409071903787389,0,False,False
83049cfffffffff,67.631298928318,13.009806710117,0,False,False
83049dfffffffff,67.31641371913328,10.088962324481075,0,False,False
83049efffffffff,67.1130505094955,26.08873867899008,0,False,False
8304a0fffffffff,62.8583367007576,17.11044524707841,0,False,False
8304a1fffffffff,62.61177511679472,14.607913501325005,0,False,False
8304a2fffffffff,63.9601920722852,17.962065918899146,0,False,False
8304a3fffffffff,63.730249837871,15.36151502112572,0,False,False
8304a4fffffffff,60.05060370270721,25.84677682862871,0,False,False
8304a5fffffffff,61.74704527285459,16.3173365240614,0,False,False
8304a6fffffffff,60.9943793413469,27.243866916919583,0,False,False
8304a8fffffffff,63.130914581556745,10.285504893507865,0,False,False
8304a9fffffffff,62.76449615331131,7.827226967506298,0,False,False
8304aafffffffff,64.26911373184778,10.887550853683209,0,False,False
8304abfffffffff,63.913641135350616,8.327040523440704,0,False,False
8304acfffffffff,62.32055250474482,12.144072388405982,0,False,False
8304adfffffffff,61.98601878124541,9.726903867100408,0,False,False
8304aefffffffff,63.4533834923761,12.799619790526366,0,False,False
8304b0fffffffff,62.82122101249063,30.27608328828996,0,False,False
8304b1fffffffff,65.05117074369683,18.87850012068868,0,False,False
8304b2fffffffff,63.7001448111537,31.920370988311305,0,False,False
8304b3fffffffff,63.908891713616576,29.34657237884821,0,False,False
8304b4fffffffff,61.726498080672926,31.14017634011073,0,False,False
8304b5fffffffff,61.91859960522564,28.71878143444008,0,False,False
8304b6fffffffff,62.59961238325141,32.74727676431313,0,False,False
8304c0fffffffff,55.22007255852501,12.327371797630809,0,False,False
8304c1fffffffff,54.995244736016325,10.329515340145363,0,False,False
8304c4fffffffff,62.07157022047402,-1.1973170720884745,0,False,False
8304c5fffffffff,54.12183988765123,11.639125464914969,0,False,False
8304c8fffffffff,55.56945570911026,6.981100692348223,0,False,False
8304c9fffffffff,55.26008533740156,5.03062717426377,0,False,False
8304ccfffffffff,54.739083157715726,8.36282465037059,0,False,False
8304cdfffffffff,54.45288957333494,6.431093536480938,0,False,False
8304cefffffffff,55.848678332484006,8.970801428543618,0,False,False
8304d4fffffffff,64.91412365267814,1.5498855578942323,0,False,False
8304d6fffffffff,66.06792917933548,1.822855467654573,0,False,False
8304e2fffffffff,61.42208347414631,0.8501776690734291,0,False,False
8304eafffffffff,53.88797857647561,9.697166584863597,0,False,False
8304ebfffffffff,53.62430422499856,7.786151408529354,0,False,False
8304f0fffffffff,63.071830497434775,3.410305476850432,0,False,False
8304f1fffffffff,62.59021263509757,1.0657894445725038,0,False,False
8304f2fffffffff,64.23123572447251,3.740423485609741,0,False,False
8304f3fffffffff,63.754557831098325,1.2983360486410829,0,False,False
8304f4fffffffff,62.35606803775185,5.431671652998795,0,False,False
8304f5fffffffff,61.90780831903181,3.1045054390600284,0,False,False
8304f6fffffffff,63.51379595641072,5.832439620914046,0,False,False
830502fffffffff,50.97306809980815,23.54645108724796,0,False,False
830503fffffffff,51.02047675922533,21.690671867374864,0,False,False
830504fffffffff,48.13119438643477,22.98925042271777,0,False,False
830506fffffffff,49.93572873116226,24.35254078523836,0,False,False
830510fffffffff,51.84951165915796,26.475070477220783,0,False,False
830511fffffffff,51.94481035687772,24.59394024361772,0,False,False
830513fffffffff,52.90804865828056,25.68899055736886,0,False,False
830514fffffffff,50.7917332914318,27.220980091858145,0,False,False
830515fffffffff,50.8966327860744,25.39111472232552,0,False,False
830518fffffffff,53.04572736582346,21.807123265095388,0,False,False
83051afffffffff,54.03851259249489,22.869458195937924,0,False,False
83051bfffffffff,54.07814786069621,20.867910168487995,0,False,False
83051cfffffffff,52.01020538011202,22.698937330949867,0,False,False
83051efffffffff,52.992578436150296,23.754413515204583,0,False,False
830520fffffffff,46.17360642674135,22.47493381523152,0,False,False
830522fffffffff,47.05256097068246,23.56512665285607,0,False,False
830524fffffffff,45.1112103965582,23.039210296166942,0,False,False
830525fffffffff,45.288632023903226,21.42390288679598,0,False,False
830526fffffffff,45.9791374656202,24.11414175252929,0,False,False
830530fffffffff,47.69278234239073,26.381135607581296,0,False,False
830531fffffffff,47.924022555852886,24.69587687457536,0,False,False
830532fffffffff,49.73600143697327,27.92948737025801,0,False,False
830533fffffffff,49.84939776450042,26.148776469080115,0,False,False
830534fffffffff,46.604977959529045,26.86908472257848,0,False,False
830535fffffffff,46.84015004201149,25.227705888086188,0,False,False
830536fffffffff,47.43840805440512,28.04256829819378,0,False,False
830588fffffffff,58.024136580174215,25.480841350245782,0,False,False
830589fffffffff,58.11227548213191,23.26835055582021,0,False,False
83058afffffffff,58.97724712098745,26.788179259778847,0,False,False
83058bfffffffff,59.089259377561454,24.5230457329801,0,False,False
83058dfffffffff,57.05586376742576,24.23875294890421,0,False,False
830598fffffffff,59.73661621603156,30.450001272905386,0,False,False
830599fffffffff,59.91330943980086,28.164573119914103,0,False,False
83059afffffffff,60.62625537890787,31.94516817027372,0,False,False
83059bfffffffff,60.83038763817406,29.61392238658353,0,False,False
8305a8fffffffff,54.92876533450583,26.01760872311664,0,False,False
8305a9fffffffff,55.02189127061828,23.983998020537825,0,False,False
8305abfffffffff,55.99416802311095,25.153779191449853,0,False,False
8305adfffffffff,53.96598539964028,24.8597268046438,0,False,False
8307b6fffffffff,29.03630286043493,20.403798382354854,0,False,False
830a60fffffffff,46.06337574439063,34.66642042476918,0,False,False
830a61fffffffff,46.26082819181597,33.08541898989015,0,False,False
830a64fffffffff,45.02045280748021,35.125166399864426,0,False,False
830a65fffffffff,45.21900414471424,33.585024227564666,0,False,False
830a68fffffffff,47.48449956289284,30.913539844116087,0,False,False
830a69fffffffff,46.34796705427326,28.487027055726468,0,False,False
830a6cfffffffff,46.43764338705802,31.480937112394177,0,False,False
830a6dfffffffff,45.2651290303051,28.91053668448388,0,False,False
830b00fffffffff,39.35677741355886,46.98129295806966,0,False,False
830b01fffffffff,39.76848953683962,45.67962684306657,0,False,False
830b02fffffffff,40.0491693913192,48.13757725149985,0,False,False
830b03fffffffff,40.471009827253546,46.81969465358517,0,False,False
830b04fffffffff,38.236186810937966,47.13866539989373,0,False,False
830b05fffffffff,38.65705508670997,45.85403564728181,0,False,False
830b06fffffffff,38.92595032298236,48.28157076609585,0,False,False
830b08fffffffff,41.25568221681037,44.18156232883262,0,False,False
830b09fffffffff,41.61843839537312,42.86410609307803,0,False,False
830b0afffffffff,41.97041733043183,45.31664124581137,0,False,False
830b0bfffffffff,42.34256216892208,43.9799283790694,0,False,False
830b0cfffffffff,40.160978883409925,44.37791460393804,0,False,False
830b0dfffffffff,40.53420737129333,43.07749870872398,0,False,False
830b0efffffffff,40.87320521065823,45.50055728014435,0,False,False
830b10fffffffff,40.280633953482905,50.65245241749202,0,False,False
830b11fffffffff,40.73303463371568,49.32304580269659,0,False,False
830b12fffffffff,40.943160409831535,51.88043535227765,0,False,False
830b13fffffffff,41.407162185956864,50.5377640065332,0,False,False
830b14fffffffff,39.147211932016695,50.76403784718265,0,False,False
830b15fffffffff,39.60783002751575,49.45281583265809,0,False,False
830b16fffffffff,39.80864084158949,51.97646568821847,0,False,False
830b18fffffffff,42.274376962705794,47.83763209494915,0,False,False
830b19fffffffff,42.67720083584034,46.48313197684841,0,False,False
830b1cfffffffff,41.1655782153174,47.98965144569729,0,False,False
830b1dfffffffff,41.57807658592354,46.65370063455033,0,False,False
830b1efffffffff,41.85097895091221,49.18967387593936,0,False,False
830b20fffffffff,34.21922130407383,43.89131654591415,0,False,False
830b21fffffffff,34.71299546814369,42.71347803302052,0,False,False
830b22fffffffff,34.845373611282305,45.02211547130742,0,False,False
830b23fffffffff,35.34834266039813,43.83187118997267,0,False,False
830b24fffffffff,33.086064932766085,43.94939202995817,0,False,False
830b25fffffffff,33.587372795940695,42.78514385786458,0,False,False
830b26fffffffff,33.708866778419726,45.067637315146825,0,False,False
830b28fffffffff,36.30274100454376,41.44790475464787,0,False,False
830b29fffffffff,38.71920151275745,42.22259860496879,0,False,False
830b2afffffffff,39.05921383882004,44.56918561060662,0,False,False
830b2bfffffffff,39.44258992640116,43.28540650362605,0,False,False
830b2cfffffffff,35.18995046233128,41.53511542512196,0,False,False
830b2dfffffffff,35.649907876317826,40.35722502577624,0,False,False
830b2efffffffff,35.83420157679348,42.64012448451189,0,False,False
830b30fffffffff,37.338957909650055,49.70211358307407,0,False,False
830b31fffffffff,37.7967506179784,48.42178498151648,0,False,False
830b32fffffffff,38.0077402349057,50.87264373184972,0,False,False
830b33fffffffff,38.476187429993786,49.57912665413398,0,False,False
830b34fffffffff,33.78925501366591,47.39402324072293,0,False,False
830b35fffffffff,34.325566202167046,46.20983570065427,0,False,False
830b36fffffffff,34.38875920719049,48.56957835213593,0,False,False
830b40fffffffff,41.7381143915578,37.78528948497412,0,False,False
830b41fffffffff,41.951714252752986,36.38003123571053,0,False,False
830b42fffffffff,42.517942718153904,38.83648822422087,0,False,False
830b43fffffffff,42.74867789802881,37.42095130999436,0,False,False
830b44fffffffff,40.73949855607578,38.13384460945249,0,False,False
830b45fffffffff,40.950995344114816,36.76209254276629,0,False,False
830b46fffffffff,41.50997977481001,39.16648704192427,0,False,False
830b48fffffffff,43.16280669442326,34.516792978338216,0,False,False
830b49fffffffff,43.34440564269815,33.03075630333176,0,False,False
830b4afffffffff,43.98706835628822,35.56278291917746,0,False,False
830b4bfffffffff,44.18607486137866,34.06165297799256,0,False,False
830b4cfffffffff,42.149903706882775,34.95181167109087,0,False,False
830b4dfffffffff,42.33183552667286,33.50188031772098,0,False,False
830b4efffffffff,42.96393723729973,35.980649219996224,0,False,False
830b50fffffffff,43.02646775286359,41.31334186531092,0,False,False
830b51fffffffff,43.28934610272036,39.91611702175652,0,False,False
830b54fffffffff,41.96153964240345,41.54957511574303,0,False,False
830b55fffffffff,42.27267027711841,40.22621093929825,0,False,False
830b56fffffffff,42.69454473537012,42.64501487419231,0,False,False
830b58fffffffff,44.56879984194399,38.1297586524623,0,False,False
830b59fffffffff,44.80338784546056,36.640569833506426,0,False,False
830b5cfffffffff,43.53773685420325,38.491262717244034,0,False,False
830b5dfffffffff,43.77063820665797,37.0397648067858,0,False,False
830b5efffffffff,44.31771423211803,39.59144898542644,0,False,False
830b60fffffffff,38.98616772521645,37.478453067900574,0,False,False
830b61fffffffff,39.179518647863546,36.14823956920013,0,False,False
830b62fffffffff,39.73428362779511,38.451034455240816,0,False,False
830b63fffffffff,39.962318977847374,37.12790412130325,0,False,False
830b64fffffffff,36.24758460017987,35.82117287385461,0,False,False
830b65fffffffff,36.61074083892107,34.65069199519954,0,False,False
830b66fffffffff,36.92688853521646,36.83628422330121,0,False,False
830b68fffffffff,40.33870582547381,34.38418240658476,0,False,False
830b69fffffffff,40.50456760049087,32.98235701049286,0,False,False
830b6afffffffff,41.1480088698809,35.36796752652846,0,False,False
830b6bfffffffff,41.329725653099565,33.95260762749134,0,False,False
830b6cfffffffff,39.35934557942707,34.79775402056915,0,False,False
830b6dfffffffff,39.52492575552783,33.428063207394075,0,False,False
830b6efffffffff,40.1577054595417,35.76642018813431,0,False,False
830b70fffffffff,40.15303175722398,40.72618603890913,0,False,False
830b71fffffffff,40.480273518922544,39.453264401478926,0,False,False
830b72fffffffff,40.88820441709802,41.77971362160377,0,False,False
830b73fffffffff,41.22306416224525,40.4858776369949,0,False,False
830b74fffffffff,39.07574141540433,40.96048788788474,0,False,False
830b75fffffffff,37.60326205133656,37.878706144418494,0,False,False
830b76fffffffff,39.80717674609898,42.00398309598241,0,False,False
830ba0fffffffff,41.09796231354055,54.4831463749411,0,False,False
830ba1fffffffff,41.59420513372868,53.136613201400976,0,False,False
830ba4fffffffff,39.9559301103372,54.54383954989108,0,False,False
830ba5fffffffff,40.45928610637128,53.216256304097165,0,False,False
830ba6fffffffff,40.58204799648533,55.81990039920297,0,False,False
830bacfffffffff,42.07033335141632,51.78169539298653,0,False,False
830badfffffffff,42.52598347962299,50.41984231583395,0,False,False
830c0bfffffffff,49.79978077904548,-17.289746805361915,0,False,False
830c14fffffffff,51.90348237314118,-8.877582871333244,0,False,False
830c15fffffffff,51.40063061322197,-10.387657944472636,0,False,False
830c24fffffffff,46.81380275942272,-7.966078865088536,0,False,False
830c25fffffffff,46.35498190836741,-9.342102946296482,0,False,False
830c26fffffffff,47.922904406740464,-7.848236500141469,0,False,False
830c32fffffffff,51.27153610023227,-7.459139202338116,0,False,False
830c33fffffffff,50.78804300712489,-8.979701206017959,0,False,False
830c34fffffffff,49.49506214805616,-6.235153614249702,0,False,False
830c35fffffffff,49.03612140659813,-7.7247489210686,0,False,False
830c60fffffffff,63.29883895887088,-88.88227703440978,0,False,False
830c61fffffffff,62.67489409957364,-87.33448340306171,0,False,False
830c66fffffffff,63.91509361327572,-90.5247621050582,0,False,False
830c6cfffffffff,62.04535780320075,-85.87549540849724,0,False,False
830c70fffffffff,63.06956457951485,-94.87110831599443,0,False,False
830c75fffffffff,63.509889169088645,-92.724434740222,0,False,False
830d01fffffffff,44.76943362610931,-4.219114987107579,0,False,False
830d03fffffffff,45.880213933021366,-4.019408414154529,0,False,False
830d08fffffffff,45.04562475874911,-6.835082165373336,0,False,False
830d09fffffffff,44.61119115250612,-8.18630519217465,0,False,False
830d0afffffffff,46.1508051326464,-6.695276305609913,0,False,False
830d0bfffffffff,45.70963367992619,-8.078653538319683,0,False,False
830d0cfffffffff,44.36372753314265,-5.612066810572112,0,False,False
830d0dfffffffff,43.94657991930881,-6.968835091260132,0,False,False
830d0efffffffff,45.46907104830393,-5.446084949314487,0,False,False
830d12fffffffff,48.90963947947564,-0.4723341261907358,0,False,False
830d18fffffffff,47.69612903638241,-5.0908095167182665,0,False,False
830d19fffffffff,47.261323910508914,-6.548998898927282,0,False,False
830d1afffffffff,48.81616259695671,-4.900405939003312,0,False,False
830d1bfffffffff,48.376358130085926,-6.395791998269173,0,False,False
830d1cfffffffff,46.99627861142096,-3.810475244968183,0,False,False
830d1dfffffffff,46.58014746106235,-5.272509162928435,0,False,False
830d1efffffffff,48.11676807231608,-3.5916669089014275,0,False,False
830d40fffffffff,42.18805970772127,-12.034922463763426,0,False,False
830d41fffffffff,42.68984975591209,-16.20822756892508,0,False,False
830d42fffffffff,43.2545682110006,-12.01486318516554,0,False,False
830d43fffffffff,43.65073372202173,-16.811633755109455,0,False,False
830d44fffffffff,41.570984255427874,-10.86642240137811,0,False,False
830d45fffffffff,42.49526905640568,-14.79716191416827,0,False,False
830d46fffffffff,42.63882927316662,-10.822103218194714,0,False,False
830d48fffffffff,42.0875634810176,-18.38949028905506,0,False,False
830d49fffffffff,49.50730181859731,-55.6113978487212,0,False,False
830d4afffffffff,51.07574917282939,-56.66970751829528,0,False,False
830d4cfffffffff,41.91943995410944,-17.01027148277015,0,False,False
830d4dfffffffff,41.1559153376594,-17.78085600637221,0,False,False
830d4efffffffff,42.86570392898752,-17.616761135337505,0,False,False
830d54fffffffff,44.16705167729993,-9.499832223685251,0,False,False
830d55fffffffff,43.71444635666214,-10.775895588328112,0,False,False
830d56fffffffff,45.257980859065945,-9.42270803588483,0,False,False
830d60fffffffff,41.62516234761695,-11.46390588145868,0,False,False
830d61fffffffff,40.87699828364871,-12.334478116786116,0,False,False
830d62fffffffff,40.9379419725544,-9.712434707699485,0,False,False
830d63fffffffff,42.281918226489765,-13.385271574726517,0,False,False
830d64fffffffff,41.38334726362536,-10.061881825192405,0,False,False
830d65fffffffff,40.645491112573744,-10.95778558710748,0,False,False
830d68fffffffff,40.33876108925074,-14.52441999046798,0,False,False
830d69fffffffff,40.0346320044757,-16.063733119591863,0,False,False
830d6afffffffff,41.733356586010345,-15.62768995150596,0,False,False
830d6bfffffffff,40.97763970113178,-16.42615035978896,0,False,False
830d6cfffffffff,40.13421880834641,-13.217938808970777,0,False,False
830d6dfffffffff,39.38737911664447,-14.213808284356904,0,False,False
830d6efffffffff,41.529244759090574,-14.243347518739462,0,False,False
830d70fffffffff,42.43452772448562,-8.388074379987073,0,False,False
830d71fffffffff,42.00633773575749,-9.644501500543027,0,False,False
830d72fffffffff,43.519242918480856,-8.289349137867351,0,False,False
830d73fffffffff,43.08293387930867,-9.573695963892972,0,False,False
830d76fffffffff,42.85443901043558,-7.096918481471786,0,False,False
830d80fffffffff,53.03797681580112,-0.88634067859084,0,False,False
830d81fffffffff,52.62497533815405,-2.602389651414214,0,False,False
830d82fffffffff,54.16729392545059,-0.5556828075578918,0,False,False
830d83fffffffff,53.75393719236808,-2.322035860221954,0,False,False
830d86fffffffff,53.4289804594048,0.8767660877308874,0,False,False
830d88fffffffff,52.86446817677377,-5.702849873373902,0,False,False
830d89fffffffff,52.39201333480189,-7.316058707366599,0,False,False
830d8afffffffff,53.98906244296193,-5.506377862218526,0,False,False
830d8cfffffffff,52.19173167171293,-4.270285911692653,0,False,False
830d8efffffffff,53.319050576948186,-4.0380324941069885,0,False,False
830d9dfffffffff,54.44589398710777,-3.793177353774919,0,False,False
830da4fffffffff,49.62807357552269,2.8026986033566272,0,False,False
830da5fffffffff,49.27889899560155,1.146290630197942,0,False,False
830da6fffffffff,50.75674111465293,3.204307851681227,0,False,False
830da9fffffffff,49.9393727895691,-4.700662192940283,0,False,False
830db0fffffffff,53.01282210662255,4.0701739642152175,0,False,False
830db1fffffffff,52.66793886546297,2.270774841032393,0,False,False
830db2fffffffff,54.13809801100769,4.537665446863325,0,False,False
830db3fffffffff,53.79625181285556,2.6854190903515134,0,False,False
830db6fffffffff,53.33211394875162,5.909489197390133,0,False,False
831001fffffffff,25.974065269166804,38.0911576092945,0,False,False
831003fffffffff,25.484155193739973,39.14293442979152,0,False,False
831005fffffffff,25.359415896591297,37.16402090637604,0,False,False
831008fffffffff,27.69834275310105,38.93484562458279,0,False,False
831009fffffffff,28.806987020230306,38.82747820942752,0,False,False
83100afffffffff,27.207839397431147,40.010703216980346,0,False,False
83100bfffffffff,28.323149510260947,39.91472001221399,0,False,True
83100cfffffffff,27.07409512339091,37.97737853127206,0,False,False
83100dfffffffff,28.17526137878856,37.86121288236596,0,False,False
83100efffffffff,26.59045300893492,39.03997483846174,0,False,False
831012fffffffff,22.243462986969384,41.408822094119415,0,False,True
831013fffffffff,23.353121520752577,41.33109952991362,0,False,True
831018fffffffff,25.584224431484728,41.17075619658608,0,False,True
831019fffffffff,26.70399601658491,41.0880320924899,0,False,True
83101afffffffff,25.062224891081453,42.23747411146814,0,False,True
83101bfffffffff,26.1871054694043,42.16607246602974,0,False,True
83101cfffffffff,24.981696992972868,40.19670518092912,0,False,False
83101dfffffffff,26.09373940029893,40.10467763378048,0,False,False
83101efffffffff,24.466984867856112,41.25176109959279,0,False,True
831021fffffffff,25.212207495843337,35.236811977167754,0,False,False
831028fffffffff,26.91528910527521,35.99637781820341,0,False,False
831029fffffffff,28.00131586817305,35.86138198668668,0,False,False
83102afffffffff,26.45117806514776,37.04207543478044,0,False,False
83102bfffffffff,27.544442037550112,36.91761075605524,0,False,False
83102cfffffffff,26.28851889172238,35.09718755931749,0,False,False
83102dfffffffff,27.36623787009017,34.954741219906246,0,False,False
83102efffffffff,25.83032045173595,36.12865691661112,0,False,False
831040fffffffff,32.57476346647548,37.37113875591963,0,False,True
831041fffffffff,33.66923771052924,37.24185179896477,0,False,False
831042fffffffff,32.12903714256691,38.49121671976558,0,False,True
831043fffffffff,33.23230418319762,38.374150604753886,0,False,False
831044fffffffff,31.91629045998258,36.39295805787626,0,False,True
831045fffffffff,33.0048991741899,36.2546664075803,0,False,True
831046fffffffff,31.47731266864505,37.49763173762507,0,False,True
831048fffffffff,35.4277867444349,38.13204715873622,0,False,False
831049fffffffff,36.5184107735019,38.00682908898914,0,False,False
83104afffffffff,34.99270686839528,39.29281895749654,0,False,False
83104bfffffffff,36.0927485187784,39.18080074632223,0,False,False
83104cfffffffff,34.75993592303579,37.109678624407,0,False,False
83104dfffffffff,35.84607442840855,36.974522947951485,0,False,False
83104efffffffff,34.33215562330782,38.254456881181234,0,False,False
831050fffffffff,30.553984486719752,39.716466272767065,0,False,True
831051fffffffff,31.667800337070453,39.6140581800984,0,False,True
831052fffffffff,30.06990604820489,40.82898306792615,0,False,True
831053fffffffff,31.19118460758688,40.73880837958972,0,False,False
831054fffffffff,29.91554450845376,38.71780112570621,0,False,True
831055fffffffff,31.023173800297588,38.60573986568843,0,False,True
831056fffffffff,29.43881635051516,39.81666347059326,0,False,True
831058fffffffff,33.427518672255324,40.55233442331879,0,False,False
831059fffffffff,34.540872966554964,40.45589594286111,0,False,False
83105afffffffff,32.95085617436774,41.70359938980579,0,False,False
83105bfffffffff,34.072378250617064,41.62032437991023,0,False,False
83105cfffffffff,32.77941603975387,39.50936587624284,0,False,False
83105dfffffffff,33.88799325673154,39.40231279840599,0,False,False
83105efffffffff,32.31067430349592,40.64661485485343,0,False,False
831060fffffffff,31.67554004115844,34.35499343211193,0,False,True
831061fffffffff,32.74856391907772,34.197099110846274,0,False,True
831062fffffffff,31.25776347673604,35.439247015162344,0,False,True
831063fffffffff,32.34004565099902,35.292519745939224,0,False,True
831064fffffffff,31.01220070859493,33.44163746829295,0,False,False
831065fffffffff,32.07846367072547,33.27628715671507,0,False,True
831066fffffffff,30.600017661007257,34.50960774015953,0,False,False
831068fffffffff,34.49509488554127,34.989462574045106,0,False,True
831069fffffffff,35.566331116216695,34.832925307641226,0,False,False
83106afffffffff,34.090167623668954,36.11333858941449,0,False,True
83106bfffffffff,35.171316805073175,35.96887528367385,0,False,False
83106cfffffffff,33.81832405785158,34.03582175967327,0,False,True
83106dfffffffff,34.884068049251624,33.87105411429295,0,False,True
83106efffffffff,33.41941373044949,35.142625444529656,0,False,True
831070fffffffff,29.73223344991656,36.660809935375184,0,False,False
831071fffffffff,30.82513419007688,36.52830877960543,0,False,True
831072fffffffff,29.27673806587946,37.74258576332482,0,False,False
831073fffffffff,30.37769724209141,37.62141915127615,0,False,True
831074fffffffff,29.08760321131277,35.72358640584895,0,False,False
831075fffffffff,30.17335170490807,35.582904709632395,0,False,False
831076fffffffff,28.63839825688441,36.79054920295352,0,False,False
831080fffffffff,21.16625199563048,45.50624655929708,0,False,True
831081fffffffff,22.29304626068193,45.47053959478029,0,False,True
831083fffffffff,21.72303127343737,46.52130891140862,0,False,True
831085fffffffff,21.72845455996053,44.46412602043161,0,False,True
831088fffffffff,23.99660556023919,46.47011553423076,0,False,True
831089fffffffff,25.139989630174995,46.44369064198193,0,False,True
83108afffffffff,23.420537491280346,47.54032395369858,0,False,True
83108bfffffffff,24.5664217099323,47.5254694627769,0,False,True
83108cfffffffff,23.425179938657063,45.4340784096422,0,False,True
83108dfffffffff,24.561800015178097,45.39683888275552,0,False,True
83108efffffffff,22.857328120736103,46.49598246497602,0,False,True
831090fffffffff,18.891603036507647,47.59670452607737,0,False,False
831091fffffffff,20.013955295884458,47.5830461703942,0,False,False
831092fffffffff,18.30276650777024,48.61947268765191,0,False,False
831093fffffffff,19.425013946085976,48.616386594199824,0,False,False
831094fffffffff,18.35839397490432,46.59420950625768,0,False,False
831096fffffffff,17.77717352542875,47.61008642250201,0,False,False
831098fffffffff,21.69153740281841,48.61001943167181,0,False,False
831099fffffffff,22.83416357198288,48.60673421283287,0,False,True
83109afffffffff,21.094791349222035,49.66075366953402,0,False,False
83109bfffffffff,22.238090920870423,49.6686320669066,0,False,False
83109cfffffffff,21.14344497402572,47.56910270049512,0,False,False
83109dfffffffff,22.27925455312936,47.55486509640737,0,False,True
83109efffffffff,20.554874025083496,48.61323618608697,0,False,False
8310a0fffffffff,20.601237494159765,42.50865411323912,0,False,True
8310a1fffffffff,21.70904385108973,42.44293514098452,0,False,True
8310a3fffffffff,21.164285218585142,43.47682066593802,0,False,True
8310a5fffffffff,21.138818716406565,41.48497738198791,0,False,True
8310a8fffffffff,23.40220044888956,43.36287021923095,0,False,True
8310a9fffffffff,24.52810404772313,43.304092309013576,0,False,True
8310aafffffffff,22.85293974473676,44.41749141691221,0,False,True
8310abfffffffff,23.98227105697049,44.36987213405808,0,False,True
8310acfffffffff,22.8223539841155,42.375860570570666,0,False,True
8310adfffffffff,23.940358059736965,42.30738821129368,0,False,True
8310aefffffffff,22.28065015586903,43.420433963552725,0,False,True
8310b2fffffffff,17.82604705204086,45.60906885554659,0,False,True
8310b6fffffffff,17.29519262013417,44.64140312868338,0,False,True
8310c0fffffffff,29.13543374595028,45.23957738358448,0,False,False
8310c1fffffffff,30.28109719561312,45.19804593611868,0,False,False
8310c2fffffffff,28.58577543257579,46.36088175147396,0,False,False
8310c3fffffffff,29.73652024331677,46.33203437113965,0,False,False
8310c4fffffffff,28.53073208239717,44.16889846681011,0,False,True
8310c5fffffffff,29.67117865090524,44.11585586655514,0,False,False
8310c6fffffffff,27.98975777596511,45.28019312354196,0,False,True
8310c8fffffffff,32.03567160884222,46.272343937353234,0,False,False
8310c9fffffffff,33.1822317723511,46.24145436053867,0,False,False
8310cafffffffff,31.487299838341496,47.42915594065352,0,False,False
8310cbfffffffff,32.63967737814498,47.41179428742678,0,False,False
8310ccfffffffff,31.425830940705385,45.15556750542244,0,False,False
8310cdfffffffff,32.56872216900274,45.11210937722173,0,False,False
8310cefffffffff,30.886794483245005,46.30252934380788,0,False,False
8310d0fffffffff,26.86840091653807,47.49477903836194,0,False,False
8310d1fffffffff,28.02265929397771,47.4789212540276,0,False,False
8310d2fffffffff,26.28901943616328,48.59644519154136,0,False,False
8310d3fffffffff,27.44659307253925,48.59286303487278,0,False,False
8310d4fffffffff,26.286586958339964,46.41668954978658,0,False,True
8310d5fffffffff,27.43548882928581,46.38909321607351,0,False,True
8310d6fffffffff,25.716013372592982,47.51029138683886,0,False,True
8310d8fffffffff,29.765057496031964,48.58545439697048,0,False,False
8310d9fffffffff,30.9240522570795,48.58162229713028,0,False,False
8310dafffffffff,29.18334748398929,49.71965444743457,0,False,False
8310dbfffffffff,30.34643184385907,49.72884088224232,0,False,False
8310dcfffffffff,29.177854374532487,47.46270636795168,0,False,False
8310ddfffffffff,30.33304745730082,47.44612218308743,0,False,False
8310defffffffff,28.60558804216883,48.58920035206653,0,False,False
8310e0fffffffff,28.442445270575288,42.0186134553952,0,False,True
8310e1fffffffff,29.57115170508276,41.94245429705933,0,False,True
8310e2fffffffff,27.92333560992746,43.1200782467322,0,False,True
8310e3fffffffff,29.057987383441485,43.056039691757626,0,False,True
8310e4fffffffff,27.82544355260601,41.00353382543986,0,False,True
8310e5fffffffff,28.947702950119023,40.9172040814117,0,False,True
8310e6fffffffff,27.31413669541693,42.09313551828807,0,False,True
8310e8fffffffff,31.32630414294922,42.92363924620991,0,False,False
8310e9fffffffff,32.45818609105243,42.85517932678145,0,False,False
8310eafffffffff,30.81115127055877,44.06161807588384,0,False,False
8310ebfffffffff,31.949745909386785,44.00614433885866,0,False,False
8310ecfffffffff,30.69937439686229,41.86460377699047,0,False,False
8310edfffffffff,31.82623373421537,41.785005216522535,0,False,False
8310eefffffffff,30.19260809291477,42.9905760021322,0,False,False
8310f0fffffffff,26.252039527148504,44.271552372362606,0,False,True
8310f1fffffffff,27.390717717577537,44.22078486415966,0,False,True
8310f2fffffffff,25.70203252815,45.35879585468169,0,False,True
8310f3fffffffff,26.84498645127621,45.3199230712694,0,False,True
8310f4fffffffff,25.657508830118424,43.24406153640396,0,False,True
8310f5fffffffff,26.78954632290658,43.18273754850194,0,False,True
8310f6fffffffff,25.115595022972325,44.32123672009571,0,False,True
831141fffffffff,29.036671916646,30.84172697623462,0,False,False
831142fffffffff,27.58563285958236,32.03248337169959,0,False,False
831143fffffffff,28.639140738916108,31.86070862340565,0,False,False
831148fffffffff,30.74366443486416,31.506788249761247,0,False,False
831149fffffffff,31.793206201106543,31.32443882009128,0,False,False
83114afffffffff,30.35080018155014,32.5519756033728,0,False,False
83114bfffffffff,31.409912795684217,32.37969043627184,0,False,True
83114cfffffffff,30.08042450395819,30.657043033881987,0,False,False
83114dfffffffff,31.12249657903665,30.4686790762049,0,False,False
83114efffffffff,29.6920643204176,31.68551025196208,0,False,False
831150fffffffff,26.10485814586278,33.20752829761547,0,False,False
831151fffffffff,27.16625912118361,33.048485304033484,0,False,False
831152fffffffff,25.6648030759898,34.21968546467883,0,False,False
831153fffffffff,26.73386639225144,34.07025529627544,0,False,False
831158fffffffff,28.874155807481667,33.762308999437394,0,False,False
831159fffffffff,29.943843379635656,33.603611463945576,0,False,False
83115afffffffff,28.444583599282588,34.80938835119848,0,False,False
83115bfffffffff,29.522771714209867,34.66104100691384,0,False,False
83115cfffffffff,28.22821972468585,32.88627471859575,0,False,False
83115dfffffffff,29.28998510264741,32.720803637847894,0,False,False
83115efffffffff,27.80390675304457,33.917826132428644,0,False,False
831168fffffffff,29.79175191254001,28.82579041417104,0,False,False
831169fffffffff,30.671710891109008,28.49458712919901,0,False,False
83116afffffffff,29.420851542804265,29.829904596692668,0,False,False
83116bfffffffff,30.45513271273697,29.635990528554327,0,False,False
83116cfffffffff,29.093284439686368,28.00522066575656,0,False,False
83116dfffffffff,29.96087098559355,27.66375971113443,0,False,False
831190fffffffff,15.198166326139248,40.94641523480136,0,False,False
831192fffffffff,14.658382296500235,41.91148698146904,0,False,False
831193fffffffff,15.717402574610857,41.84381613638167,0,False,False
831194fffffffff,14.683074153188072,40.06648612078384,0,False,False
831196fffffffff,14.149491815414052,41.02188579506194,0,False,False
83119afffffffff,17.318551790576368,42.69807472406698,0,False,False
83119efffffffff,16.78572322623064,41.77483235879643,0,False,False
831202fffffffff,30.90703832731949,-19.718006775080784,0,False,False
831203fffffffff,29.88292264470473,-19.405370808073,0,False,False
831206fffffffff,31.7152089155718,-18.85346968994053,0,False,False
831210fffffffff,32.1104161461362,-21.203389399358425,0,False,False
831211fffffffff,31.108860746932866,-20.88281334440896,0,False,False
831212fffffffff,32.77311564690985,-23.019253020628604,0,False,False
831213fffffffff,31.781158693230523,-22.6993109790824,0,False,False
831214fffffffff,32.92002696141052,-20.35336382722565,0,False,False
831215fffffffff,31.919579083814103,-20.0339929124972,0,False,False
831216fffffffff,33.58088749307022,-22.175613068619008,0,False,False
831218fffffffff,29.28180465097879,-21.39623207652018,0,False,False
831219fffffffff,28.25752940588844,-21.08114426753508,0,False,False
83121afffffffff,29.47987497993164,-22.52930624634928,0,False,False
83121bfffffffff,28.46652409985024,-22.210215653861106,0,False,False
83121cfffffffff,30.09560400572442,-20.565548841455385,0,False,False
83121dfffffffff,29.07117992697493,-20.25156399842348,0,False,False
83121efffffffff,30.295331583376928,-21.71452713789108,0,False,False
831230fffffffff,33.52898794648384,-18.28446130427668,0,False,False
831231fffffffff,32.51920598711957,-17.97182683662947,0,False,False
831232fffffffff,33.725500981647855,-19.485819623531352,0,False,False
831233fffffffff,32.72659009824376,-19.167916779944925,0,False,False
831234fffffffff,34.32586137009236,-17.3835308848834,0,False,False
831236fffffffff,34.525937707976915,-18.60061977441353,0,False,False
831280fffffffff,38.76242561628942,-58.73105619801528,0,False,False
831281fffffffff,37.98766692814954,-57.92705307020022,0,False,False
831282fffffffff,55.05797838292587,-72.03208242093699,0,False,False
831283fffffffff,37.76243749772018,-59.08079639607579,0,False,False
831284fffffffff,39.76602961074636,-58.36966545705973,0,False,False
831285fffffffff,38.99281843315182,-57.55423519541749,0,False,False
831288fffffffff,36.19684770660277,-57.50288965917507,0,False,False
831289fffffffff,28.204267230136853,-26.27208665919329,0,False,False
83128afffffffff,35.98992922693303,-58.63753277996977,0,False,False
83128bfffffffff,35.199943107193505,-57.86303225944192,0,False,False
83128cfffffffff,37.19875833999733,-57.13116288560527,0,False,False
83128dfffffffff,29.0215217977142,-25.52323043564126,0,False,False
83128efffffffff,36.986469065304966,-58.28797454896769,0,False,False
831290fffffffff,54.46236572112413,-74.56801740803904,0,False,False
831291fffffffff,54.30620622351919,-72.93081430922767,0,False,False
831293fffffffff,53.56093826206713,-73.78269971725261,0,False,False
831294fffffffff,55.36276641938544,-75.39263723514493,0,False,False
831295fffffffff,55.22285927641446,-73.71630763719907,0,False,False
831298fffffffff,53.19438837379267,-70.57939153215695,0,False,False
831299fffffffff,52.97546772557136,-68.97308522737364,0,False,False
83129afffffffff,52.47354354289546,-71.47168325429314,0,False,False
83129bfffffffff,52.264761661419485,-69.90566640355723,0,False,False
83129cfffffffff,54.125775407574565,-71.2873807234576,0,False,False
83129efffffffff,53.38944346036063,-72.18342980597394,0,False,False
8312a0fffffffff,41.01204393543209,-56.77061699415881,0,False,False
8312a1fffffffff,40.227309734876094,-55.94096794086691,0,False,False
8312a2fffffffff,40.77252808313885,-57.99606240526904,0,False,False
8312a3fffffffff,40.00119461091785,-57.168956079488034,0,False,False
8312a4fffffffff,42.02459450716044,-56.35858298242627,0,False,False
8312a5fffffffff,41.2419031697585,-55.51723087634447,0,False,False
8312a6fffffffff,41.78117905977171,-57.60965081870647,0,False,False
8312a8fffffffff,38.41357002499202,-55.5417331425079,0,False,False
8312a9fffffffff,30.15679177278073,-24.331819365718747,0,False,False
8312aafffffffff,30.819319871607647,-25.08704273476883,0,False,False
8312abfffffffff,29.83933758078141,-24.75793741002625,0,False,False
8312acfffffffff,31.47340735140614,-23.17699423977784,0,False,False
8312adfffffffff,30.969812194635736,-23.524246623288818,0,False,False
8312aefffffffff,31.63669395175577,-24.30492611695419,0,False,False
8312b0fffffffff,57.05166822881026,-75.41252485253558,0,False,False
8312b2fffffffff,56.261088031300616,-76.25921663698689,0,False,False
8312b3fffffffff,56.13837485753946,-74.54258165237161,0,False,False
8312b4fffffffff,57.96159566208658,-76.3292583890362,0,False,False
8312b6fffffffff,57.15622179564767,-77.17061340209102,0,False,False
8312c0fffffffff,25.49504328784364,-24.94770551172488,0,False,False
8312c1fffffffff,24.46612732723377,-24.637642424687893,0,False,False
8312c2fffffffff,25.207554531493138,-25.303012480490548,0,False,False
8312c3fffffffff,24.68794870614889,-25.704134209061696,0,False,False
8312c4fffffffff,26.30425259604264,-24.175243594708284,0,False,False
8312c5fffffffff,24.78392914726198,-23.15769314274764,0,False,False
8312c6fffffffff,26.51559527247076,-25.26074002471972,0,False,False
8312c8fffffffff,22.134181904325622,-24.35940569811584,0,False,False
8312c9fffffffff,21.09571555193032,-24.0504440817954,0,False,False
8312cafffffffff,22.860985661214823,-26.13425219093489,0,False,False
8312cbfffffffff,21.83146313826792,-25.826541352098737,0,False,False
8312ccfffffffff,22.93843893469853,-23.61063707156965,0,False,False
8312cdfffffffff,21.896204143727708,-23.30194794579708,0,False,False
8312cefffffffff,23.66190774220802,-25.39375283937828,0,False,False
8312d0fffffffff,33.582405143349995,-56.33686370687919,0,False,False
8312d1fffffffff,25.403253333564496,-26.356506904283098,0,False,False
8312d3fffffffff,32.592708984775,-56.70564500538708,0,False,False
8312d4fffffffff,34.57849381144141,-55.95662644436226,0,False,False
8312d5fffffffff,26.21579055190033,-25.623183696353912,0,False,False
8312d6fffffffff,34.39726833302958,-57.09608900537612,0,False,False
8312d8fffffffff,24.09513690660213,-27.48308682904713,0,False,False
8312d9fffffffff,23.11389745288616,-27.18683924337397,0,False,False
8312dbfffffffff,23.451371990245075,-28.291658229474404,0,False,False
8312dcfffffffff,24.39737110678309,-26.036531114247857,0,False,False
8312ddfffffffff,23.88372668002573,-26.444768152012585,0,False,False
8312defffffffff,24.59363193652677,-27.074280566435803,0,False,False
8312e0fffffffff,26.40946420228828,-21.58140754355284,0,False,False
8312e1fffffffff,25.366992254365584,-21.271635829237976,0,False,False
8312e2fffffffff,26.628015451410537,-22.69107400974116,0,False,False
8312e3fffffffff,25.59613175908124,-22.377502365925128,0,False,False
8312e4fffffffff,27.22309386511043,-20.76923425012546,0,False,False
8312e6fffffffff,27.44285375702812,-21.89425841687056,0,False,False
8312e8fffffffff,23.507167661913783,-21.75936049914884,0,False,False
8312eafffffffff,23.745840043113184,-22.8465466688266,0,False,False
8312ebfffffffff,22.70027137076746,-22.53831483438383,0,False,False
8312eefffffffff,24.55562272850355,-22.06693956634048,0,False,False
8312f0fffffffff,28.33988302396806,-24.80350096948413,0,False,False
8312f1fffffffff,27.32678790834568,-24.48783723450984,0,False,False
8312f2fffffffff,28.031086169812006,-25.197166542471194,0,False,False
8312f3fffffffff,27.527154668260483,-25.57676992494464,0,False,False
8312f4fffffffff,29.15305653580868,-24.01355762497579,0,False,False
8312f5fffffffff,27.650627769554863,-23.00767937754373,0,False,False
8312f6fffffffff,29.342952024081136,-25.12226080443605,0,False,False
831310fffffffff,37.659252905281896,-14.881565653433665,0,False,False
831311fffffffff,36.67422744478705,-14.575411682321883,0,False,False
831312fffffffff,38.31512505536003,-16.729734441085565,0,False,False
831313fffffffff,36.8879860798076,-15.838154264662537,0,False,False
831314fffffffff,38.42100379970149,-13.907114394227532,0,False,False
831315fffffffff,37.43992661765553,-13.60428190671281,0,False,False
831316fffffffff,38.629821615637454,-15.191531459333984,0,False,False
83131afffffffff,35.11629776689296,-16.465060663249478,0,False,False
83131efffffffff,35.89938736267334,-15.529019282313383,0,False,False
831332fffffffff,39.1723764848978,-12.914874959729982,0,False,False
831336fffffffff,39.91252935767268,-11.904967226288298,0,False,False
831380fffffffff,45.82187366570105,-55.922645140759016,0,False,False
831381fffffffff,36.64304470507607,-20.460636213130893,0,False,False
831382fffffffff,37.72567820452236,-22.002192895961763,0,False,False
831383fffffffff,44.81236529296098,-56.36703262986463,0,False,False
831384fffffffff,46.82959581580972,-55.46185791922767,0,False,False
831385fffffffff,37.43561789374474,-19.570642699832067,0,False,False
831386fffffffff,46.56158790571192,-56.823200958110846,0,False,False
831388fffffffff,34.88278207708183,-21.0023979066865,0,False,False
831389fffffffff,34.384804126092504,-21.313941471527787,0,False,False
83138afffffffff,43.03805636508457,-55.93218034334056,0,False,False
83138bfffffffff,34.07649213690063,-21.85460290316502,0,False,False
83138cfffffffff,44.28969903389043,-54.15556832893186,0,False,False
83138dfffffffff,35.183971156733385,-20.434056280775035,0,False,False
83138efffffffff,35.84426322157403,-21.332129686253992,0,False,False
831390fffffffff,60.68061787299688,-81.3291825456104,0,False,False
831394fffffffff,61.54106311371313,-82.51531577977339,0,False,False
831398fffffffff,43.5414426906345,-58.07066673721855,0,False,False
831399fffffffff,42.7912221773282,-57.20979755055578,0,False,False
83139bfffffffff,42.53435663929723,-58.45786367757453,0,False,False
83139cfffffffff,44.54886057791594,-57.6696403291724,0,False,False
83139dfffffffff,35.99038262881196,-22.51944074652108,0,False,False
8313a0fffffffff,39.46010206286568,-18.313055801379868,0,False,False
8313a1fffffffff,38.50931474551327,-17.99645314560343,0,False,False
8313a2fffffffff,39.15920594468855,-18.990912228440376,0,False,False
8313a3fffffffff,38.687557693364106,-19.25338653541904,0,False,False
8313a4fffffffff,40.223596065405545,-17.353395635302544,0,False,False
8313a5fffffffff,39.276764594448615,-17.039601753654008,0,False,False
8313a6fffffffff,40.39605426770144,-18.633576869479835,0,False,False
8313a8fffffffff,36.76445241679074,-18.619053251980706,0,False,False
8313a9fffffffff,35.78178287847792,-18.307538626409546,0,False,False
8313aafffffffff,36.94916933024325,-19.85327299223808,0,False,False
8313abfffffffff,35.97748813775651,-19.53580213898106,0,False,False
8313acfffffffff,37.5439630947273,-17.68371646765165,0,False,False
8313adfffffffff,36.56435974036201,-17.37479368416119,0,False,False
8313aefffffffff,37.733155128417486,-18.93431963876765,0,False,False
8313b0fffffffff,48.28273794914451,-57.30222971802408,0,False,False
8313b1fffffffff,47.56532407094297,-56.37621910186474,0,False,False
8313b2fffffffff,62.34246148993065,-83.78664543400856,0,False,False
8313b3fffffffff,47.283368371918655,-57.734794231304,0,False,False
8313b4fffffffff,49.198661520046194,-57.10279959119862,0,False,False
8313b5fffffffff,48.56625024724561,-55.91226269141404,0,False,False
831402fffffffff,67.27069315072336,58.510677254586334,0,False,False
83140afffffffff,69.6027604775166,53.91708663610685,0,False,False
83140bfffffffff,70.17819377895252,51.258403541148034,0,False,False
831410fffffffff,55.53429407928412,124.7958310617504,0,False,False
831411fffffffff,56.09527371600777,126.3504853837496,0,False,False
831412fffffffff,54.54704753499527,125.01787112420917,0,False,False
831413fffffffff,55.09594371294901,126.5269895671976,0,False,False
831414fffffffff,55.94884586529911,123.02165827402692,0,False,False
831415fffffffff,56.535316525142015,124.55890923118244,0,False,False
831416fffffffff,54.96088885921973,123.30255275760892,0,False,False
831418fffffffff,56.151692612638776,129.72237116819355,0,False,False
831419fffffffff,70.08531279672454,56.556794672015,0,False,False
83141afffffffff,55.145427232447226,129.790655297453,0,False,False
83141bfffffffff,55.63952864969291,131.42418113278268,0,False,False
83141cfffffffff,68.35881046744218,58.74284345685019,0,False,False
83141dfffffffff,68.99479841276573,56.40973322295061,0,False,False
83141efffffffff,55.63144181686581,128.09482063512232,0,False,False
831432fffffffff,56.338176966049545,121.20637378894068,0,False,False
831440fffffffff,70.23874983080321,37.281492802153416,0,False,False
831441fffffffff,70.54808921131337,34.05056754784322,0,False,False
831442fffffffff,70.97033407911825,39.69343983682821,0,False,False
831443fffffffff,71.32199506042342,36.40358353441588,0,False,False
831444fffffffff,69.14565285217463,38.07559976125712,0,False,False
831445fffffffff,69.4685286889374,35.01446322460691,0,False,False
831446fffffffff,69.87539609221137,40.391420911167,0,False,False
831448fffffffff,71.84736055552611,29.4556354836076,0,False,False
831449fffffffff,72.01369208461455,25.83792796378356,0,False,False
83144afffffffff,72.66958680239395,31.801653680140426,0,False,False
83144bfffffffff,72.878702116465,28.06079054481432,0,False,False
83144cfffffffff,70.7995894772186,30.713103656910704,0,False,False
83144dfffffffff,70.98991146702727,27.287390186781884,0,False,False
83144efffffffff,71.61566675709089,32.98500196910458,0,False,False
831450fffffffff,71.21208776211658,45.42752416499601,0,False,False
831451fffffffff,71.66037826981929,42.25526167898085,0,False,False
831452fffffffff,71.8137250117159,48.15031687544783,0,False,False
831453fffffffff,72.3059445950541,44.97015292505387,0,False,False
831455fffffffff,70.56509872384653,42.84131673384901,0,False,False
831456fffffffff,70.716308479031,48.429151789895286,0,False,False
831458fffffffff,73.13118086148951,38.05337999579529,0,False,False
831459fffffffff,73.45318141393462,34.33934218366468,0,False,False
83145afffffffff,73.82377057533674,40.8688197853344,0,False,False
83145bfffffffff,74.19449174271857,37.08193784754428,0,False,False
83145cfffffffff,72.05601459456093,38.91847393056167,0,False,False
83145dfffffffff,72.39397826831556,35.42835348025096,0,False,False
83145efffffffff,72.74696762965249,41.60180696484152,0,False,False
831460fffffffff,67.27956057596187,36.6887169267813,0,False,False
831461fffffffff,67.57666949851537,33.83006871778436,0,False,False
831463fffffffff,68.3785347602514,35.89010216168339,0,False,False
831465fffffffff,66.48142420922515,34.69421926181108,0,False,False
831468fffffffff,68.8927766931662,29.79758797712824,0,False,False
831469fffffffff,69.0666070994775,26.639400980806204,0,False,False
83146afffffffff,69.73736892572352,31.851487093872485,0,False,False
83146bfffffffff,69.94890993082646,28.60165529123438,0,False,False
83146cfffffffff,67.82342465402549,30.88956677867096,0,False,False
83146dfffffffff,68.01711609598264,27.879735172557705,0,False,False
83146efffffffff,68.6625054076729,32.88615367096122,0,False,False
8314a0fffffffff,53.02609225341218,123.81414937183588,0,False,False
8314a1fffffffff,53.57391229563679,125.22638279064878,0,False,False
8314a4fffffffff,53.41606935835127,122.17053574128796,0,False,False
8314a5fffffffff,53.9865262164044,123.566206513184,0,False,False
8314a6fffffffff,52.46898118904954,122.45451277071814,0,False,False
8314a8fffffffff,53.65372671335507,128.3251343029634,0,False,False
8314a9fffffffff,54.153803159979965,129.85465558810296,0,False,False
8314acfffffffff,54.11085907371682,126.6925073867228,0,False,False
8314adfffffffff,54.63527374564365,128.21363575098252,0,False,False
8314aefffffffff,53.14031139257682,126.8480311160354,0,False,False
8314c0fffffffff,54.38791194530054,137.88634652669143,0,False,False
8314c2fffffffff,53.40652668076424,137.7000567286267,0,False,False
8314c4fffffffff,54.98047120767568,136.35211801785294,0,False,False
8314c5fffffffff,55.383861479386496,138.08479961646117,0,False,False
8314c6fffffffff,53.98897000343284,136.2104409887061,0,False,False
8314d0fffffffff,52.05083914592903,135.95210616670238,0,False,False
8314d1fffffffff,52.43998223199166,137.52484883175438,0,False,False
8314d2fffffffff,51.10464142722492,135.83402007467575,0,False,False
8314d3fffffffff,51.48850866156249,137.3597655516084,0,False,False
8314d4fffffffff,52.60005238259929,134.4980149424283,0,False,False
8314d5fffffffff,53.01234673272533,136.07735614079328,0,False,False
8314e0fffffffff,71.7876813721349,53.96564958307359,0,False,False
8314e1fffffffff,72.367461386076,51.00753705943449,0,False,False
8314e2fffffffff,55.557017697426616,134.761690523373,0,False,False
8314e3fffffffff,55.98656698665581,136.50324515960875,0,False,False
8314e4fffffffff,70.69805418914798,53.940109004329805,0,False,False
8314e5fffffffff,71.2759341356223,51.139689877109305,0,False,False
8314e6fffffffff,56.115736008761296,133.11450592855704,0,False,False
8314ecfffffffff,72.90410894541048,47.83895473570104,0,False,False
8314edfffffffff,73.39160208037006,44.45810192632842,0,False,False
8314eefffffffff,56.39404995368,138.2966421890934,0,False,False
8314f0fffffffff,54.11340376922599,133.03379201005484,0,False,False
8314f1fffffffff,54.55642589434755,134.66819689167986,0,False,False
8314f3fffffffff,53.57068782006476,134.58047789910648,0,False,False
8314f4fffffffff,54.63886530038,131.43713805935226,0,False,False
8314f5fffffffff,55.10718992628432,133.07283997960636,0,False,False
831548fffffffff,64.2685416428746,36.21928397155258,0,False,False
831549fffffffff,64.5532196884586,33.6561963560049,0,False,False
83154bfffffffff,65.37824622631489,35.48795826972526,0,False,False
83154dfffffffff,63.447661540710975,34.439084006007384,0,False,False
831569fffffffff,61.49364036483575,33.51557763944696,0,False,False
831580fffffffff,53.806903843619104,115.7796430473122,0,False,False
831581fffffffff,54.44889098755914,117.04619692990134,0,False,False
831582fffffffff,52.88116591830207,116.24986462701088,0,False,False
831583fffffffff,53.50720823610889,117.48969452226056,0,False,False
831584fffffffff,54.08193563280062,114.0459901719238,0,False,False
831585fffffffff,54.743999392675256,115.28097190809484,0,False,False
831586fffffffff,53.161357487563855,114.568829270737,0,False,False
831588fffffffff,54.74369101263762,120.13657829553212,0,False,False
831589fffffffff,55.35102890929402,121.54823586709564,0,False,False
83158afffffffff,53.78392731295178,120.49334301613594,0,False,False
83158bfffffffff,54.3768635433319,121.86899762864638,0,False,False
83158cfffffffff,55.085846074742754,118.37110392021413,0,False,False
83158dfffffffff,55.71617832284233,119.75697321753924,0,False,False
83158efffffffff,54.12854869457757,118.78449089483657,0,False,False
831590fffffffff,51.353750949573474,115.52977382365096,0,False,False
831591fffffffff,51.967244044882335,116.69394546864638,0,False,False
831592fffffffff,50.46757948880652,115.9722148595381,0,False,False
831594fffffffff,51.62042123243224,113.92576676436768,0,False,False
831595fffffffff,52.251809582529845,115.06266354997696,0,False,False
831596fffffffff,50.73839012927582,114.4132616631792,0,False,False
831598fffffffff,52.25166307248383,119.54059827651422,0,False,False
831599fffffffff,52.83727830776556,120.82924325371064,0,False,False
83159cfffffffff,52.57765953013621,117.90786965623651,0,False,False
83159dfffffffff,53.18368978620419,119.17364318469885,0,False,False
83159efffffffff,51.66064080799348,118.30278992168223,0,False,False
8315a2fffffffff,54.33156206921897,112.29147914984624,0,False,False
8315aafffffffff,55.40225129953764,116.57506329688198,0,False,False
8315b0fffffffff,52.752005488288304,111.7418719246074,0,False,False
8315b1fffffffff,53.41749822130655,112.86723063240376,0,False,False
8315b2fffffffff,51.82342283543712,112.34528233226284,0,False,False
8315b3fffffffff,52.51360999575473,113.4111679646437,0,False,False
8315b4fffffffff,52.81153524682194,110.21518993162232,0,False,False
8315b5fffffffff,53.6489498708711,111.14774112319093,0,False,False
8315b6fffffffff,51.882689025811,110.8636940700806,0,False,False
831700fffffffff,70.71406755503104,-2.773353605978484,0,False,False
831701fffffffff,70.13472262334058,-5.72587624142769,0,False,False
831702fffffffff,71.82945223261754,-2.6609853015688625,0,False,False
831703fffffffff,71.25298404182698,-5.773019443117106,0,False,False
831704fffffffff,70.1236931268929,0.0860138187981591,0,False,False
831705fffffffff,69.58920660220696,-2.8746798460564493,0,False,False
831706fffffffff,71.24323404971622,0.3469810177174909,0,False,False
83170cfffffffff,69.50997756307977,-8.509350536609805,0,False,False
83170efffffffff,70.62836245986966,-8.697509936753002,0,False,False
831710fffffffff,73.45091746376232,0.9614925392263366,0,False,False
831711fffffffff,72.93463292377419,-2.5356669724236056,0,False,False
831712fffffffff,74.53755668512314,1.326626839825905,0,False,False
831713fffffffff,74.02892264579955,-2.3950245064248548,0,False,False
831714fffffffff,72.11204934750346,22.158239171499723,0,False,False
831715fffffffff,72.35256401845263,0.6370898544660811,0,False,False
831716fffffffff,73.01794122439135,24.23345189563503,0,False,False
83171cfffffffff,72.36151449479063,-5.825428651740393,0,False,False
831720fffffffff,68.35442345990161,2.4449545093278444,0,False,False
831721fffffffff,67.85719162019221,-0.3644236177940056,0,False,False
831722fffffffff,69.48524304735899,2.8014675817873456,0,False,False
831723fffffffff,68.99473686733175,-0.1499833260863153,0,False,False
831724fffffffff,67.67148443851436,4.909300271434487,0,False,False
831725fffffffff,67.21501066193822,2.1200893515582844,0,False,False
831726fffffffff,68.80220661094188,5.372324330034476,0,False,False
83172afffffffff,69.00746647568461,-5.683243386598631,0,False,False
83172efffffffff,68.45563642962105,-2.966514848240997,0,False,False
831730fffffffff,70.18975268855795,21.916140173254803,0,False,False
831731fffffffff,70.6065648511527,3.1944578760240536,0,False,False
831732fffffffff,71.11634833962088,23.795189214879496,0,False,False
831733fffffffff,71.17695504914474,20.261064970162813,0,False,False
831734fffffffff,69.18178745817437,23.428946540501112,0,False,False
831735fffffffff,69.92325285023578,5.881009115325387,0,False,False
831736fffffffff,70.10040722203297,25.282997475674733,0,False,False
8317a4fffffffff,73.70801118062799,30.481050921398552,0,False,False
8317a5fffffffff,73.8914109797042,26.506715189003323,0,False,False
831d25fffffffff,58.04700066694576,-78.12989760511094,0,False,False
831e01fffffffff,7.172974289203866,32.861649435462745,0,False,False
831e02fffffffff,5.605842072591489,31.77214410172553,0,False,False
831e03fffffffff,6.110812435299933,32.76317901008452,0,False,False
831e08fffffffff,7.118158868063142,34.7570079407192,0,False,False
831e09fffffffff,7.619450855565566,35.75863297425831,0,False,False
831e0afffffffff,6.048829199379178,34.66381196652395,0,False,False
831e0bfffffffff,6.552722585179555,35.66849385517932,0,False,False
831e0cfffffffff,7.675269656970915,33.853906366732204,0,False,False
831e0efffffffff,6.615098791833629,33.75832633889518,0,False,False
831e11fffffffff,4.531754903208577,31.670248185321345,0,False,False
831e13fffffffff,3.447853950420493,31.567728941605377,0,False,False
831e18fffffffff,4.4615789658989335,33.56536883426242,0,False,False
831e19fffffffff,4.968426005192348,34.570025727670185,0,False,False
831e1afffffffff,3.36945220198419,33.467981162662966,0,False,False
831e1bfffffffff,3.8775650304064304,34.4756441059893,0,False,False
831e1cfffffffff,5.037798503826682,32.66410008528856,0,False,False
831e1dfffffffff,5.543671945315938,33.66214885220574,0,False,False
831e1efffffffff,3.954538886066728,32.56440760133072,0,False,False
831e48fffffffff,10.560512912541096,41.79603518179766,0,False,False
831e49fffffffff,11.034894233111356,42.80109841777807,0,False,False
831e4bfffffffff,9.999586353107492,42.73400620083924,0,False,False
831e4dfffffffff,11.587755672755849,41.866086053336346,0,False,False
831e51fffffffff,8.051379668820042,38.69454418385788,0,False,False
831e52fffffffff,6.482287158549334,37.60011241809157,0,False,False
831e56fffffffff,7.054805706614774,36.67558793318723,0,False,False
831e58fffffffff,7.974646702585066,40.64128592765567,0,False,False
831e59fffffffff,8.464845238529708,41.65452305491454,0,False,False
831e5efffffffff,7.4804766354718675,39.62738204372292,0,False,False
831e68fffffffff,12.669042495564318,40.01119154469331,0,False,False
831e69fffffffff,13.137112051340646,41.00842920785279,0,False,False
831e6bfffffffff,12.132594729865376,40.93596782129112,0,False,False
831e6dfffffffff,13.66483004545876,40.08645605247749,0,False,False
831ec0fffffffff,2.5947352210903083,38.28365899315634,0,False,False
831ec1fffffffff,3.105517393385332,39.3110656138787,0,False,False
831ec2fffffffff,1.472470528715674,38.19983845242813,0,False,False
831ec3fffffffff,1.9855328424908183,39.23065837332793,0,False,False
831ec4fffffffff,3.198139642860564,37.34368507652143,0,False,False
831ec5fffffffff,3.707601578859874,38.3669249065939,0,False,False
831ec6fffffffff,2.083120564828469,37.25708283370719,0,False,False
831ec8fffffffff,3.008533320214948,41.29230150112848,0,False,False
831ec9fffffffff,-14.234664272633292,36.89112123134669,0,False,False
831ecbfffffffff,-14.651530955623745,35.815041236307856,0,False,False
831eccfffffffff,3.614894741246353,40.3386426155215,0,False,False
831ecdfffffffff,4.122300537814299,41.36572926092296,0,False,False
831ecefffffffff,2.497746063425553,40.261701877881976,0,False,False
831ed2fffffffff,-11.718452457277383,26.38017483726928,0,False,False
831edcfffffffff,0.8564704920681669,39.14970977010312,0,False,False
831eddfffffffff,1.3710951792515822,40.18423930347811,0,False,False
831ee0fffffffff,4.892593917671351,36.49987248257128,0,False,False
831ee1fffffffff,5.3983940995575175,37.51519473790212,0,False,False
831ee2fffffffff,3.795215296635525,36.411158862399816,0,False,False
831ee3fffffffff,4.303461793627244,37.429720658128005,0,False,False
831ee4fffffffff,5.474527972324986,35.57777794758631,0,False,False
831ee5fffffffff,5.9793319542311645,36.58801380385228,0,False,False
831ee6fffffffff,4.385464900118339,35.4864801567288,0,False,False
831ee8fffffffff,5.315325650403173,39.47027634379608,0,False,False
831ee9fffffffff,5.817831805903654,40.49097844404988,0,False,False
831eeafffffffff,4.2156816281881735,39.39093659082776,0,False,False
831eebfffffffff,4.721816823274384,40.41506649711616,0,False,False
831eeefffffffff,4.810351600065171,38.44964133116453,0,False,False
831ef1fffffffff,2.6878635072172954,36.321867780836016,0,False,False
832000fffffffff,28.6176985520942,61.27375587372107,0,False,False
832001fffffffff,29.7926889496446,61.41580086695924,0,False,False
832002fffffffff,27.91911221091122,62.35566490869075,0,False,False
832003fffffffff,29.092867595700906,62.50886920713101,0,False,False
832004fffffffff,28.13143683655622,60.04989855545833,0,False,False
832005fffffffff,29.30758084989388,60.17744662209524,0,False,False
832006fffffffff,27.44256336972479,61.134855082914186,0,False,False
832008fffffffff,46.38920081586768,76.01437332965389,0,False,False
832009fffffffff,46.85517675751931,77.58804104637713,0,False,False
83200afffffffff,30.726643780454086,63.92561519104064,0,False,False
83200bfffffffff,45.68587650469464,77.37529435824516,0,False,False
83200cfffffffff,30.96652564282559,61.56109623760096,0,False,False
83200dfffffffff,47.561782449710506,76.2006197638657,0,False,False
83200efffffffff,30.265946219354284,62.66553934835169,0,False,False
832010fffffffff,26.04177231994176,63.26231332115158,0,False,False
832011fffffffff,27.212786838528665,63.42269956542263,0,False,False
832012fffffffff,25.331777005175027,64.30393787089648,0,False,False
832013fffffffff,26.49970084443561,64.47443986144502,0,False,False
832014fffffffff,25.573607671555155,62.05921197726963,0,False,False
832015fffffffff,26.745689892463464,62.20581482449591,0,False,False
832016fffffffff,24.87256888980308,63.10536338123576,0,False,False
832018fffffffff,28.838377668452765,64.82673890647304,0,False,False
832019fffffffff,30.00711789345065,65.0087812009414,0,False,False
83201afffffffff,28.113395792269845,65.88268450250759,0,False,False
83201bfffffffff,29.279782569812795,66.0749090559833,0,False,False
83201cfffffffff,28.38460930330693,63.58663361800964,0,False,False
83201dfffffffff,29.55623121184481,63.75423173847502,0,False,False
83201efffffffff,27.66890271735284,64.64866684368567,0,False,False
832020fffffffff,28.30484183363736,57.73876768816595,0,False,False
832021fffffffff,29.481447672344974,57.84011481186363,0,False,False
832022fffffffff,27.634831324442445,58.83824478396336,0,False,False
832023fffffffff,28.811370723994667,58.9514620309833,0,False,False
832024fffffffff,27.788806175739666,56.54021677991961,0,False,False
832025fffffffff,28.96482093735829,56.627346265710415,0,False,False
832026fffffffff,27.12866158664281,57.63967969673482,0,False,False
832028fffffffff,31.163154230784087,59.18574586242523,0,False,False
832029fffffffff,49.424805954359975,74.93898168011465,0,False,False
83202afffffffff,30.48310109732232,60.30791258970515,0,False,False
83202bfffffffff,48.25206860118711,74.7738934083622,0,False,False
83202cfffffffff,30.657476209403384,57.94379856205013,0,False,False
83202dfffffffff,31.83192697359465,58.04989998669909,0,False,False
83202efffffffff,29.98781349520097,59.06726615524298,0,False,False
832030fffffffff,25.78130743729581,59.803177866219066,0,False,False
832031fffffffff,26.95567722090684,59.92517280590843,0,False,False
832032fffffffff,25.09588817492086,60.86608368154842,0,False,False
832033fffffffff,26.268292111011448,60.99899682054046,0,False,False
832034fffffffff,25.285478458540084,58.6192350877335,0,False,False
832035fffffffff,26.459200558746385,58.72752954691066,0,False,False
832036fffffffff,24.60932511883901,59.68382609363651,0,False,False
832042fffffffff,39.32200940056908,66.31746429247647,0,False,False
832046fffffffff,38.80715119870074,64.96588535926364,0,False,False
832050fffffffff,46.55871690094781,80.51669413847242,0,False,False
832051fffffffff,46.959897050467184,82.11470273773558,0,False,False
832052fffffffff,45.39916243905154,80.24530780038931,0,False,False
832053fffffffff,45.80699241464436,81.80907695780326,0,False,False
832054fffffffff,47.29793593838587,79.18383092319671,0,False,False
832055fffffffff,34.93148286222334,63.32928813437401,0,False,False
832056fffffffff,46.13379032197612,78.93619923631864,0,False,False
83205cfffffffff,39.81937156402983,67.68416910592055,0,False,False
83205efffffffff,46.19145791137732,83.38795555001276,0,False,False
832070fffffffff,33.995903554307525,60.71783974093066,0,False,False
832071fffffffff,35.15897000903128,60.86102291999913,0,False,False
832072fffffffff,48.02307726804149,77.81006635797206,0,False,False
832073fffffffff,34.471127663566826,62.01761917921376,0,False,False
832076fffffffff,48.73256016114772,76.39514132627652,0,False,False
832089fffffffff,32.505699715163374,74.36843468481375,0,False,False
832090fffffffff,-40.79028147615735,70.23827922050327,0,False,False
832092fffffffff,-45.90523431822516,61.44333200000126,0,False,False
832093fffffffff,-46.29914826019151,62.99991564212054,0,False,False
832096fffffffff,-40.28632408743328,68.87879692653169,0,False,False
83209bfffffffff,-47.4164689361589,68.51426093757635,0,False,False
8320a1fffffffff,24.61667486378507,65.33032660326464,0,False,False
8320a5fffffffff,24.16612827269639,64.13704559973665,0,False,False
8320acfffffffff,25.780840031395527,65.51051895928693,0,False,False
8320adfffffffff,26.946746747149493,65.69459721082431,0,False,False
8320c4fffffffff,31.27891649910518,68.8161968962027,0,False,False
8320c9fffffffff,39.16249675475892,80.1422162955282,0,False,False
8320ccfffffffff,38.36963991963628,77.81404054528623,0,False,False
8320d2fffffffff,32.34705698277403,77.09776707460007,0,False,False
8320d4fffffffff,33.47915719600889,75.14152731861559,0,False,False
8320d6fffffffff,32.43350493714153,75.73826096727281,0,False,False
8320e0fffffffff,31.607754208814857,66.47230975642618,0,False,False
8320e1fffffffff,32.76734816600504,66.67777008840076,0,False,False
8320e2fffffffff,30.869008715595413,67.54094255218132,0,False,False
8320e3fffffffff,32.02699285726572,67.75656841554603,0,False,False
8320e4fffffffff,31.17411780402329,65.19492420081929,0,False,False
8320e5fffffffff,32.33837905936981,65.38530397829814,0,False,False
8320e6fffffffff,30.444902132385465,66.27140442355802,0,False,False
8320e8fffffffff,34.330688025304205,68.20257313320828,0,False,False
8320ebfffffffff,34.72239663393724,69.52263103542988,0,False,False
8320ecfffffffff,33.922707843708906,66.88793663612769,0,False,False
8320eefffffffff,33.181207381631964,67.97705869946617,0,False,False
8320f0fffffffff,28.965165180526306,68.3705303211151,0,False,False
8320f1fffffffff,30.123200005080985,68.59093977951719,0,False,False
8320f2fffffffff,33.54755210670827,73.74999673948085,0,False,False
8320f3fffffffff,34.526661928658925,74.52738947744807,0,False,False
8320f4fffffffff,28.54566724670672,67.12367696241945,0,False,False
8320f5fffffffff,29.708235885427,67.3300277993076,0,False,False
832100fffffffff,25.02468797559432,52.99171187860714,0,False,False
832101fffffffff,26.192085547729185,53.03691240041011,0,False,False
832102fffffffff,24.3931530189297,54.07343238429945,0,False,False
832104fffffffff,24.483066323682827,51.86955647906244,0,False,False
832105fffffffff,25.64651053578382,51.90207065321061,0,False,False
832106fffffffff,23.86067612498682,52.94749119259564,0,False,False
832108fffffffff,27.90418022178976,54.24814638520445,0,False,False
832109fffffffff,29.07774939331023,54.30903849979001,0,False,False
83210afffffffff,27.26409859563181,55.35659326684094,0,False,False
83210bfffffffff,28.43877707279433,55.42977606096741,0,False,False
83210cfffffffff,27.361908752991702,53.08312563126577,0,False,False
83210dfffffffff,28.533185324898948,53.1303859288857,0,False,False
83210efffffffff,26.731570827027923,54.18861080957704,0,False,False
832110fffffffff,22.589629605175308,55.07954471136541,0,False,False
832111fffffffff,23.752669776098298,55.14655596494333,0,False,False
832112fffffffff,21.94252736424201,56.13238536306154,0,False,False
832113fffffffff,23.104031605042195,56.21044121634867,0,False,False
832114fffffffff,22.070211697035944,53.96316820592156,0,False,False
832115fffffffff,23.22927588154124,54.01770583029687,0,False,False
832116fffffffff,21.43187934094536,55.01395479700797,0,False,False
832118fffffffff,25.44059232171045,56.37170342567416,0,False,False
832119fffffffff,26.613732256127065,56.45502365882554,0,False,False
83211afffffffff,24.78157113554578,57.447987768065694,0,False,False
83211bfffffffff,25.95390717216848,57.542776706003984,0,False,False
83211cfffffffff,24.92006713707933,55.2150350751926,0,False,False
83211dfffffffff,26.090867273479944,55.28503060323396,0,False,False
83211efffffffff,24.270369410685248,56.290195332596056,0,False,False
832120fffffffff,24.540554188823545,49.684901606491145,0,False,False
832121fffffffff,25.6979174278374,49.69330399355012,0,False,False
832122fffffffff,23.93688333920082,50.764405779805486,0,False,False
832123fffffffff,25.09571300472477,50.78458869624682,0,False,False
832124fffffffff,23.98188424038057,48.60337832031767,0,False,True
832125fffffffff,25.13380702677716,48.59994944878848,0,False,False
832126fffffffff,23.38697486232993,49.67667954530128,0,False,False
832128fffffffff,27.42246964767071,50.826307864300965,0,False,False
832129fffffffff,28.58849354499315,50.84787469483211,0,False,False
83212afffffffff,26.81284919309548,51.93530866515877,0,False,False
83212bfffffffff,27.981122490919564,51.96929493520954,0,False,False
83212cfffffffff,26.85813478196442,49.70189270422801,0,False,False
83212dfffffffff,28.020262511152584,49.7106740052245,0,False,False
83212efffffffff,26.257890310700184,50.80521774049663,0,False,False
832130fffffffff,22.168624221015385,51.806607158630186,0,False,False
832131fffffffff,23.3234620152984,51.83774277271004,0,False,False
832132fffffffff,21.54656136307616,52.861864787055296,0,False,False
832133fffffffff,22.700993257204,52.90421887438045,0,False,False
832134fffffffff,21.632963032777628,50.725321686251455,0,False,False
832135fffffffff,22.782330524503333,50.74465467876404,0,False,False
832136fffffffff,21.019456429128585,51.77612820348275,0,False,False
832140fffffffff,33.21322455748967,53.33064180135625,0,False,False
832141fffffffff,34.37709710773223,53.38371101616109,0,False,False
832142fffffffff,32.5943413438298,54.50033259557093,0,False,False
832143fffffffff,33.761894970967404,54.567140733866005,0,False,False
832144fffffffff,32.65412869145867,52.113251218989326,0,False,False
832145fffffffff,33.8175084598826,52.15138625697738,0,False,False
832146fffffffff,32.04593127131398,53.27881688392994,0,False,False
832148fffffffff,38.89272028103305,57.169012763943286,0,False,False
83214cfffffffff,38.27889907121784,55.90265324782474,0,False,False
83214dfffffffff,39.43356042921687,55.86185014352642,0,False,False
83214efffffffff,34.925517714582035,54.63556216977364,0,False,False
832150fffffffff,30.78850658688618,55.581226187259794,0,False,False
832151fffffffff,31.961571757727217,55.65961209781766,0,False,False
832152fffffffff,30.14077826961184,56.7164784757999,0,False,False
832153fffffffff,31.315679813146907,56.80768281707136,0,False,False
832154fffffffff,30.25129044457538,54.37133390907168,0,False,False
832155fffffffff,31.423815435006315,54.43508153564942,0,False,False
832156fffffffff,29.613911121345907,55.50463438641143,0,False,False
832158fffffffff,33.658351831894535,56.99660182374054,0,False,False
83215bfffffffff,34.172135565342074,58.26969905901679,0,False,False
83215cfffffffff,33.132122346508105,55.739855599790985,0,False,False
83215dfffffffff,34.29918637740746,55.82202319056248,0,False,False
83215efffffffff,32.48853216049565,56.90103191942711,0,False,False
832160fffffffff,32.668772017758414,49.74786074342828,0,False,False
832161fffffffff,33.82613095273273,49.75770953810986,0,False,False
832162fffffffff,32.08557888240188,50.91560265857781,0,False,False
832163fffffffff,33.24773444879469,50.93924750350568,0,False,False
832164fffffffff,32.08162547597135,48.577701046443664,0,False,False
832165fffffffff,33.236837258329935,48.573687497296405,0,False,False
832166fffffffff,31.508557733200263,49.73824047894905,0,False,False
832168fffffffff,38.169393420334174,53.36907587995784,0,False,False
832169fffffffff,39.3173966383075,53.29371438665234,0,False,False
83216afffffffff,34.97702974008451,52.19044177638716,0,False,False
83216bfffffffff,38.80731871611238,54.6028698050722,0,False,False
83216cfffffffff,37.52093286827137,52.16082972895585,0,False,False
83216dfffffffff,38.66760994873282,52.0698959094082,0,False,False
83216efffffffff,34.406535075688176,50.96345877023629,0,False,False
832170fffffffff,30.31959024332805,52.039615544117794,0,False,False
832171fffffffff,31.48783599386152,52.07600453246134,0,False,False
832172fffffffff,29.70493561825123,53.17872922002115,0,False,False
832173fffffffff,30.876177500083266,53.22819309089192,0,False,False
832174fffffffff,29.754997354015547,50.86993457324841,0,False,False
832175fffffffff,30.921014019772752,50.89250459592567,0,False,False
832176fffffffff,29.15036095596349,52.004054993579466,0,False,False
832180fffffffff,20.444549932258848,60.362071816236224,0,False,False
832185fffffffff,21.117458938023898,59.34080721717953,0,False,False
832188fffffffff,23.23744734916413,61.77534194566569,0,False,False
832189fffffffff,24.40386471435306,61.9157538061582,0,False,False
83218bfffffffff,23.70616931497056,62.95174276256573,0,False,False
83218dfffffffff,23.926344616632875,60.73602231175619,0,False,False
8321a1fffffffff,21.28878057214188,57.175640095678425,0,False,False
8321a3fffffffff,20.62921711040685,58.20875726830116,0,False,False
8321a5fffffffff,20.786781098789064,56.05597438133994,0,False,False
8321a9fffffffff,24.11465480345205,58.51328361892877,0,False,False
8321abfffffffff,23.440715121531102,59.56703351062588,0,False,False
8321acfffffffff,22.448056371671083,57.26448318098761,0,False,False
8321aefffffffff,21.78558150838172,58.30811466317115,0,False,False
832404fffffffff,48.69258755566599,97.7745763184854,0,False,False
832405fffffffff,48.83021666736943,99.33975808926527,0,False,False
83240cfffffffff,48.05699138959361,101.7356495294605,0,False,False
83240dfffffffff,48.14488495791928,103.23374080252542,0,False,False
832420fffffffff,50.59871257085774,97.45015925649552,0,False,False
832421fffffffff,50.728274806908,99.08356224488232,0,False,False
832422fffffffff,49.56865577172481,96.81223864988424,0,False,False
832423fffffffff,49.71417571515968,98.41657425333936,0,False,False
832424fffffffff,51.48254146520916,96.43799398256692,0,False,False
832425fffffffff,51.62089031612658,98.1137585567221,0,False,False
832426fffffffff,50.44433162365915,95.80563079878628,0,False,False
832428fffffffff,49.93461324108514,101.58662980957229,0,False,False
832429fffffffff,50.01085034460103,103.14789540562911,0,False,False
83242afffffffff,48.94514777807396,100.89202902518704,0,False,False
83242bfffffffff,49.03800797415816,102.42930071371096,0,False,False
83242cfffffffff,50.83363154738735,100.70332824589246,0,False,False
83242dfffffffff,50.915478339459526,102.30707442717262,0,False,False
83242efffffffff,49.835953831542064,100.00880176046296,0,False,False
832432fffffffff,47.48055368472852,75.89520245555887,0,False,False
832435fffffffff,49.39885295849549,95.19819701519972,0,False,False
832440fffffffff,48.300189031029234,109.03796976091532,0,False,False
832441fffffffff,48.293885384946805,110.43482998555947,0,False,False
832442fffffffff,47.39366228174513,108.2727386716321,0,False,False
832443fffffffff,47.404080186402695,109.65498487254894,0,False,False
832444fffffffff,49.20337468998916,108.39128203138416,0,False,False
832445fffffffff,49.19725702118537,109.82701814283932,0,False,False
832448fffffffff,47.37658353450981,112.3508787026506,0,False,False
832449fffffffff,47.34030362276554,113.66276953012571,0,False,False
83244afffffffff,46.51057166356096,111.56834363134926,0,False,False
83244bfffffffff,46.49061585902214,112.869550509672,0,False,False
83244cfffffffff,48.271198974185126,111.80765735599942,0,False,False
83244dfffffffff,48.23299029105957,113.15553213576518,0,False,False
83244efffffffff,47.39811608885734,111.01468009645323,0,False,False
832450fffffffff,46.434653087701165,106.14306610659207,0,False,False
832451fffffffff,46.47852313304048,107.53052350105484,0,False,False
83245cfffffffff,46.50529721759288,108.89792854384932,0,False,False
83245dfffffffff,46.51572458058708,110.24419007100038,0,False,False
832460fffffffff,51.02400911333744,108.51964370607216,0,False,False
832461fffffffff,51.00093021213408,110.01315207607034,0,False,False
832462fffffffff,50.11289604418975,107.71290578519164,0,False,False
832463fffffffff,50.10754742557255,109.189319267669,0,False,False
832464fffffffff,51.94582772094186,107.81572196636516,0,False,False
832465fffffffff,51.92383717046567,109.35340201099795,0,False,False
832466fffffffff,51.02794428267489,107.00065830137082,0,False,False
832468fffffffff,50.043287389510525,112.06586442774037,0,False,False
832469fffffffff,49.98626746247923,113.46380279605562,0,False,False
83246afffffffff,49.17389097529168,111.2382062411534,0,False,False
83246bfffffffff,49.134177027122085,112.62380346146008,0,False,False
83246cfffffffff,50.959688620225656,111.47984217701136,0,False,False
83246dfffffffff,50.901279313550575,112.9185608318153,0,False,False
83246efffffffff,50.08403095003493,110.64069967793846,0,False,False
832470fffffffff,49.16034057998011,105.45113630473404,0,False,False
832471fffffffff,49.19135745391243,106.93220046374456,0,False,False
832472fffffffff,48.21239863924909,104.71459440093273,0,False,False
832473fffffffff,48.26026552772297,106.17656396421766,0,False,False
832474fffffffff,50.06542560475065,104.69057883999324,0,False,False
832475fffffffff,50.09915410088451,106.2128156849225,0,False,False
832476fffffffff,49.10948941147288,103.94961105608984,0,False,False
832482fffffffff,30.60836031444077,85.44127715329891,0,False,False
8324e5fffffffff,45.41853863864672,104.05082758245744,0,False,False
832511fffffffff,51.75561012437096,90.18100854517132,0,False,False
832518fffffffff,51.12757234841966,93.05950400076394,0,False,False
832519fffffffff,51.31826709908643,94.75229224790776,0,False,False
83251afffffffff,50.05912604065093,92.49375686122548,0,False,False
83251bfffffffff,50.26461015621837,94.15259581193902,0,False,False
83251cfffffffff,51.98624579405112,91.91646315313426,0,False,False
83251efffffffff,50.91007209602952,91.3625532237242,0,False,False
832548fffffffff,53.784335572868905,107.92766296154996,0,False,False
832549fffffffff,53.74540938097782,109.53189238405784,0,False,False
83254afffffffff,52.87211891931777,107.0750879118693,0,False,False
83254bfffffffff,52.851934402523725,108.65909472563088,0,False,False
832552fffffffff,51.73391003014732,99.77683660827628,0,False,False
832553fffffffff,51.82228924065055,101.42460547739142,0,False,False
832558fffffffff,51.92828123008061,104.66448908848103,0,False,False
832559fffffffff,51.947639817322575,106.25217538625888,0,False,False
83255afffffffff,50.97458340280611,103.89256497228044,0,False,False
83255bfffffffff,51.01177760478338,105.45772619777156,0,False,False
83255cfffffffff,52.84764049275809,103.8304669856276,0,False,False
83255dfffffffff,52.87102908638874,105.4648957258248,0,False,False
83255efffffffff,51.88679880393586,103.05459154530654,0,False,False
832590fffffffff,39.898345035519895,82.48968148947526,0,False,False
832591fffffffff,40.7819607518392,83.41119585566302,0,False,False
832593fffffffff,39.70671612293547,83.92099761479055,0,False,False
832596fffffffff,39.00148315278587,81.58563643490956,0,False,False
83259efffffffff,40.57554080939307,84.84872384359785,0,False,False
8325a8fffffffff,45.66079914876214,72.63768565869083,0,False,False
8325abfffffffff,46.04731879729141,74.13577944944433,0,False,False
8325aefffffffff,44.56049507147794,72.43520747012673,0,False,False
8325b6fffffffff,35.85916935908354,69.76888831190858,0,False,False
832600fffffffff,10.187718278410442,-20.087927423408303,0,False,False
832601fffffffff,9.119381657391664,-19.810953245849547,0,False,False
832602fffffffff,10.52119758966867,-21.119763417667592,0,False,False
832603fffffffff,9.448607580779544,-20.8389976728964,0,False,False
832604fffffffff,10.925107082563107,-19.333370792972985,0,False,False
832605fffffffff,9.85101093442532,-19.058258007585582,0,False,False
832606fffffffff,11.25582024577149,-20.366764025294884,0,False,False
832608fffffffff,7.296323427897344,-20.280821489891625,0,False,False
832609fffffffff,6.218290666800276,-20.003423987613125,0,False,False
83260afffffffff,7.616894063249228,-21.313898951562464,0,False,False
83260bfffffffff,6.533713468190999,-21.03273845477317,0,False,False
83260cfffffffff,8.048847572507508,-19.535121400512427,0,False,False
83260dfffffffff,6.976933098715384,-19.26043754111415,0,False,False
83260efffffffff,8.37337388850969,-20.55934816345208,0,False,False
832615fffffffff,11.590328212295576,-21.40163852999172,0,False,False
832618fffffffff,9.02431829272756,-22.64510212068266,0,False,False
832619fffffffff,7.938290265800266,-22.35922428840175,0,False,False
83261bfffffffff,8.260142443849386,-23.4163086513214,0,False,False
83261cfffffffff,9.778152573014884,-21.87951735220126,0,False,False
83261dfffffffff,8.698655406580537,-21.596161015504634,0,False,False
832620fffffffff,11.33110848185424,-17.51218758748635,0,False,False
832621fffffffff,10.24322800684472,-17.242603227330104,0,False,False
832622fffffffff,11.669805201987788,-18.56557134926152,0,False,False
832623fffffffff,10.587507342773446,-18.29178438669184,0,False,False
832628fffffffff,8.431651810556602,-17.752122304592067,0,False,False
832629fffffffff,7.359729241587078,-17.486194819484854,0,False,False
83262afffffffff,8.779910842180794,-18.78574693439918,0,False,False
83262bfffffffff,7.712611642128225,-18.51581299667106,0,False,False
83262cfffffffff,9.158456677223391,-16.975679500273667,0,False,False
83262dfffffffff,8.077625278203143,-16.711388627778323,0,False,False
83262efffffffff,9.507847542454696,-18.020643439991925,0,False,False
832630fffffffff,13.078998006438333,-19.89149975129768,0,False,False
832631fffffffff,12.001379704212662,-19.61110985890623,0,False,False
832632fffffffff,13.396380646156992,-20.93226501997274,0,False,False
832633fffffffff,12.32564793996914,-20.648202287501697,0,False,False
832635fffffffff,12.753901748006935,-18.84203056281998,0,False,False
832640fffffffff,2.6919292348823225,-18.17328605986816,0,False,False
832641fffffffff,1.625434031113921,-17.904417995128636,0,False,False
832642fffffffff,2.9866776776640225,-19.178065931191565,0,False,False
832643fffffffff,1.9130798226701389,-18.90524324263276,0,False,False
832644fffffffff,3.462295245025843,-17.447974896444542,0,False,False
832645fffffffff,2.400173945331189,-17.18195069716915,0,False,False
832646fffffffff,3.7611390023749407,-18.44332656051424,0,False,False
83264cfffffffff,0.562448879033975,-17.636726511418825,0,False,False
83264efffffffff,0.8426536708744203,-18.63357750409841,0,False,False
832650fffffffff,4.366499591122787,-20.47374999700588,0,False,False
832651fffffffff,3.284169876806391,-20.19593528727224,0,False,False
832652fffffffff,4.672452582022427,-21.508045636725186,0,False,False
832653fffffffff,3.584137691248797,-21.22649677387845,0,False,False
832654fffffffff,5.140113882182657,-19.727161729018988,0,False,False
832655fffffffff,4.062631373764209,-19.45204052577926,0,False,False
832656fffffffff,5.44996439528376,-20.752686550515136,0,False,False
832658fffffffff,1.4131258967293303,-20.6667085779446,0,False,False
83265afffffffff,1.702933234796392,-21.702199015479536,0,False,False
83265cfffffffff,2.203820271931765,-19.91924865122748,0,False,False
83265dfffffffff,1.1262861847631953,-19.64369605785113,0,False,False
83265efffffffff,2.497410800314423,-20.946048782611708,0,False,False
832660fffffffff,3.809577064766855,-15.680001740380233,0,False,False
832661fffffffff,2.7601262586961384,-15.42846223772162,0,False,False
832662fffffffff,4.177368609516077,-16.703713564371153,0,False,False
832663fffffffff,3.1301783334574163,-16.447900360942644,0,False,False
832664fffffffff,4.497671279042297,-14.900246539878708,0,False,False
832665fffffffff,3.438235044997909,-14.650695321054704,0,False,False
832666fffffffff,4.86677191602845,-15.93403687482622,0,False,False
832668fffffffff,1.0603093803569696,-15.943640020731785,0,False,False
83266afffffffff,1.34110843429794,-16.917116246881665,0,False,False
83266bfffffffff,0.2858731344499881,-16.653474822355662,0,False,False
83266cfffffffff,1.7190906942924142,-15.179391325732514,0,False,False
83266dfffffffff,0.6871065226304649,-14.932762118210931,0,False,False
83266efffffffff,2.090943417555549,-16.194551066938082,0,False,False
832670fffffffff,5.592541487111253,-17.98357825835,0,False,False
832671fffffffff,4.5266840363901935,-17.71518533325153,0,False,False
832672fffffffff,5.904460838350372,-18.986907063340183,0,False,False
832673fffffffff,4.832255257588058,-18.71453510737432,0,False,False
832674fffffffff,6.292868648868617,-17.222834879583065,0,False,False
832675fffffffff,5.231835418073221,-16.96201644744264,0,False,False
832676fffffffff,6.6499000507787445,-18.248431622651683,0,False,False
832690fffffffff,14.231218619109796,-30.08029632487446,0,False,False
832692fffffffff,15.068796123447026,-31.98513508688768,0,False,False
832693fffffffff,13.466080922795198,-30.895745111363624,0,False,False
832694fffffffff,15.499958362895123,-30.04205581114961,0,False,False
832696fffffffff,15.823772738429524,-31.163361340432875,0,False,False
8326b2fffffffff,16.23992235318973,-29.228251083193488,0,False,False
8326b6fffffffff,16.96804028556193,-28.418074050998968,0,False,False
8326c8fffffffff,1.7757973676353398,-25.66369258908559,0,False,False
8326c9fffffffff,0.667375334223332,-25.36921009924975,0,False,False
8326cbfffffffff,0.958198087984198,-26.453342938536856,0,False,False
8326ccfffffffff,2.587488009725001,-24.878735678447534,0,False,False
8326cdfffffffff,1.481937153637664,-24.586457979225063,0,False,False
8326d9fffffffff,2.3691290918948265,-27.84729012360996,0,False,False
8326dafffffffff,3.790802031669088,-29.256140869582406,0,False,False
8326dbfffffffff,2.667944984889629,-28.95230406286838,0,False,False
8326e0fffffffff,6.074371318884885,-22.84070221751846,0,False,False
8326e1fffffffff,4.980181676608561,-22.55447517945639,0,False,False
8326e2fffffffff,6.388251897799134,-23.90222115510536,0,False,False
8326e3fffffffff,5.289361523121503,-23.612543339167267,0,False,False
8326e4fffffffff,6.850394742140853,-22.07441698009356,0,False,False
8326e5fffffffff,5.7614935606602335,-21.79068818908864,0,False,False
8326e6fffffffff,7.167984081477278,-23.127982939748904,0,False,False
8326e8fffffffff,3.092070756760008,-23.03627804587019,0,False,False
8326e9fffffffff,1.995449915333846,-22.74970853665167,0,False,False
8326eafffffffff,3.3925597875576163,-24.09872242889,0,False,False
8326ebfffffffff,2.2903994755201995,-23.80873548781668,0,False,False
8326ecfffffffff,3.886294753228498,-22.269310246372463,0,False,False
8326edfffffffff,2.793588119238064,-21.98521556623536,0,False,False
8326eefffffffff,4.190337188568038,-23.32389259569232,0,False,False
832758fffffffff,6.6383510405397415,-15.406953049832262,0,False,False
832759fffffffff,5.564619860880848,-15.152322911427737,0,False,False
83275afffffffff,7.00154547522382,-16.449702928390725,0,False,False
83275bfffffffff,5.931006472682204,-16.190594828894405,0,False,False
83275efffffffff,7.718104652265592,-15.664165748387097,0,False,False
832792fffffffff,19.602656731202764,-25.560803847511256,0,False,False
832796fffffffff,20.299519459279058,-24.78400092851719,0,False,False
832802fffffffff,24.39928540449446,-40.392460317456994,0,False,False
832803fffffffff,25.3975632321412,-40.703394237105584,0,False,False
832806fffffffff,23.676738259570897,-41.25163401509477,0,False,False
832810fffffffff,23.089486061574256,-38.91686136415636,0,False,False
832811fffffffff,24.10588741401373,-39.2243005107436,0,False,False
832812fffffffff,20.642483196916984,-34.66901565748262,0,False,False
832813fffffffff,23.80330878521849,-38.06026450467266,0,False,False
832814fffffffff,22.36317048292798,-39.773645514223496,0,False,False
832815fffffffff,23.38766616363684,-40.08253970949816,0,False,False
832816fffffffff,19.91184996489599,-35.503071720027364,0,False,False
832818fffffffff,25.806252050245355,-38.67307319029936,0,False,False
832819fffffffff,26.78756291032847,-38.98113850132844,0,False,False
83281cfffffffff,25.109257659930403,-39.53281111395052,0,False,False
83281dfffffffff,26.09915632724716,-39.84238080253412,0,False,False
83281efffffffff,24.81136188138152,-38.36611132205621,0,False,False
832830fffffffff,21.9147384612872,-41.79762908322808,0,False,False
832831fffffffff,22.94206399339647,-42.10994670353265,0,False,False
832832fffffffff,21.624814542653684,-40.63023388535432,0,False,False
832833fffffffff,22.65712566986209,-40.94044392963841,0,False,False
832836fffffffff,20.87491578981689,-41.4862439328326,0,False,False
832880fffffffff,20.419518717522767,-30.435987313415712,0,False,False
832882fffffffff,20.092426327017936,-29.31671050017372,0,False,False
832883fffffffff,21.113171468403173,-29.618144489691943,0,False,False
832886fffffffff,19.38987195022868,-30.132692674192263,0,False,False
83288afffffffff,22.79380017295572,-29.104229868452627,0,False,False
83288efffffffff,22.12260144842673,-29.920502332497893,0,False,False
832890fffffffff,18.72654297645338,-27.90833676009592,0,False,False
832891fffffffff,19.759431671685032,-28.205846051605977,0,False,False
832893fffffffff,19.42100211935264,-27.10412469073871,0,False,False
832894fffffffff,18.01924630421283,-28.71666332397676,0,False,False
832895fffffffff,19.06091975132004,-29.01621274538623,0,False,False
832896fffffffff,17.683919112618543,-27.611822213282284,0,False,False
832898fffffffff,21.45825241322247,-27.69587853554757,0,False,False
832899fffffffff,22.46058541275599,-27.99327059972156,0,False,False
83289afffffffff,21.11700333232217,-26.597440798141086,0,False,False
83289bfffffffff,22.12102643533808,-26.89162048540703,0,False,False
83289cfffffffff,20.781976682413443,-28.504338978762178,0,False,False
83289dfffffffff,21.79360902518412,-28.80380414537888,0,False,False
83289efffffffff,20.44487674207539,-27.399493006047607,0,False,False
8328a0fffffffff,19.30663203873051,-33.2163196998634,0,False,False
8328a1fffffffff,20.339664782399872,-33.52601915521072,0,False,False
8328a2fffffffff,18.993772215642032,-32.08092213058103,0,False,False
8328a4fffffffff,18.571507458186087,-34.04632194976428,0,False,False
8328a5fffffffff,19.61279046358976,-34.35732601515463,0,False,False
8328a6fffffffff,18.262393474463742,-32.90736648443921,0,False,False
8328b0fffffffff,17.625923533244034,-30.64779245691048,0,False,False
8328b1fffffffff,18.674628712550973,-30.9519765446447,0,False,False
8328b2fffffffff,17.29943350572795,-29.528811914837213,0,False,False
8328b3fffffffff,18.3496367610435,-29.830296613453463,0,False,False
8328b4fffffffff,16.890166551810974,-31.46838696072137,0,False,False
8328b5fffffffff,17.947057084120594,-31.77424525353034,0,False,False
8328b6fffffffff,16.567471416554415,-30.34448115401253,0,False,False
8328d8fffffffff,51.77778093891154,-66.77251687159229,0,False,False
8328d9fffffffff,52.03289329937595,-68.33849669098564,0,False,False
8328dbfffffffff,52.73246548684463,-67.36703251531965,0,False,False
8328dcfffffffff,50.83758143022223,-66.5718024861927,0,False,False
8328ddfffffffff,51.10049623986831,-68.04033214325824,0,False,False
832980fffffffff,15.22397556577055,-36.23181724694415,0,False,False
832981fffffffff,16.298361208579387,-36.54540604875267,0,False,False
832982fffffffff,14.9222963764086,-35.08659369845198,0,False,False
832983fffffffff,15.999482646792842,-35.39859047997599,0,False,False
832984fffffffff,14.438837259438769,-37.06587181093455,0,False,False
832985fffffffff,15.519838407365487,-37.38029560449312,0,False,False
832986fffffffff,14.140086076421449,-35.91880668080212,0,False,False
832988fffffffff,18.12373420369149,-36.02444417215777,0,False,False
832989fffffffff,19.1694607112766,-36.33826730083585,0,False,False
83298afffffffff,17.824752843695347,-34.878068353661455,0,False,False
83298bfffffffff,18.873991966743727,-35.19025042159969,0,False,False
83298cfffffffff,17.362526821811738,-36.85955585157432,0,False,False
83298dfffffffff,20.58034152503241,-40.3210173597837,0,False,False
83298efffffffff,17.066858974911153,-35.71121289970713,0,False,False
832990fffffffff,13.00049265629738,-32.84661117385614,0,False,False
832991fffffffff,14.61518571632648,-33.94552161238568,0,False,False
832992fffffffff,12.690648024046276,-31.71405691745857,0,False,False
832993fffffffff,14.30304588259125,-32.80947800103699,0,False,False
832994fffffffff,12.212378415318156,-33.67084201892509,0,False,False
832995fffffffff,13.836033125337751,-34.7752391251103,0,False,False
832996fffffffff,11.905497199425168,-32.53491137743994,0,False,False
832998fffffffff,16.456599348134052,-33.42643433626763,0,False,False
832999fffffffff,17.51923041402859,-33.73601946711422,0,False,False
83299afffffffff,16.14279821752106,-32.2917593493092,0,False,False
83299bfffffffff,17.207563279794872,-32.59917471569931,0,False,False
83299cfffffffff,15.694662888711797,-34.25568776712391,0,False,False
83299dfffffffff,16.76475457788952,-34.56654203678049,0,False,False
83299efffffffff,15.384296751989076,-33.11758208593311,0,False,False
8329a2fffffffff,13.106387401867726,-37.101902025091896,0,False,False
8329a3fffffffff,14.192832015701978,-37.419042559500895,0,False,False
8329a8fffffffff,19.05532560060677,-42.02977490307759,0,False,False
8329a9fffffffff,20.114015981995102,-42.34129466009344,0,False,False
8329aafffffffff,16.59092333843279,-37.6952317120429,0,False,False
8329abfffffffff,19.82315791373193,-41.17580539345856,0,False,False
8329aefffffffff,15.80951987218804,-38.53111656829401,0,False,False
8329b0fffffffff,11.715463380074494,-35.639509957653694,0,False,False
8329b1fffffffff,12.813209215189785,-35.955227601164296,0,False,False
8329b2fffffffff,11.415373810137918,-34.49683153528106,0,False,False
8329b3fffffffff,12.515080110276072,-34.81124135009567,0,False,False
8329b4fffffffff,10.907870831748411,-36.46872632552704,0,False,False
8329b5fffffffff,12.011132412297323,-36.78512370977466,0,False,False
8329b6fffffffff,10.610156800666603,-35.324241072200884,0,False,False
832a92fffffffff,2.387008065974045,-14.403640827966075,0,False,False
832a93fffffffff,1.3446523063611082,-14.159054828186616,0,False,False
832c00fffffffff,-20.99819269868171,46.67764857651616,0,False,False
832c02fffffffff,-22.100302972971186,46.63961708623759,0,False,False
832c03fffffffff,-21.600275886872307,47.62496567867961,0,False,False
832c04fffffffff,-20.390911970161085,45.737975234537245,0,False,False
832c06fffffffff,-21.49772589880227,45.69167988109295,0,False,False
832c10fffffffff,-23.954584955779545,45.14810883686942,0,False,False
832c11fffffffff,-23.204455773066268,46.6009142398152,0,False,False
832c12fffffffff,-25.065344603937326,45.076464376106486,0,False,False
832c13fffffffff,-24.309833484724063,46.56152213841121,0,False,False
832c14fffffffff,-23.33387118897725,44.192212821779215,0,False,False
832c15fffffffff,-21.706225705132013,46.47108592760348,0,False,False
832c16fffffffff,-24.449995357950467,44.111865262124,0,False,False
832c18fffffffff,-23.31089438748372,48.562849575589055,0,False,False
832c19fffffffff,-22.804951642219844,49.57134097803493,0,False,False
832c1afffffffff,-24.414428322166213,48.53580545593728,0,False,False
832c1bfffffffff,-23.91675761776669,49.55058440330613,0,False,False
832c1cfffffffff,-22.70420851867602,47.59253188117264,0,False,False
832c1dfffffffff,-22.20277016454157,48.58955809306053,0,False,False
832c1efffffffff,-23.80401787733705,47.55969479112861,0,False,False
832c20fffffffff,-18.079874237200183,45.461352289647664,0,False,False
832c21fffffffff,-17.61444509110784,46.44243733974493,0,False,False
832c22fffffffff,-19.77261697416127,44.796612140696496,0,False,False
832c23fffffffff,-18.713211932366747,46.38288034446234,0,False,False
832c26fffffffff,-18.54622785003692,44.462320137731176,0,False,False
832c2efffffffff,-18.229707687631173,47.3550354066832,0,False,False
832c30fffffffff,-21.581599587499312,43.32294471221087,0,False,False
832c31fffffffff,-20.05239620318384,45.43465971237565,0,False,False
832c32fffffffff,-22.70090438554488,43.23550401627543,0,False,False
832c33fffffffff,-21.1670118805533,45.47112521516311,0,False,False
832c34fffffffff,-20.055107851308904,43.46421679422541,0,False,False
832c35fffffffff,-19.49717998480433,44.44058405991644,0,False,False
832c36fffffffff,-22.056102517739696,42.27851525368504,0,False,False
832c41fffffffff,18.123586593012035,52.7400290772953,0,False,False
832c45fffffffff,17.614579393335358,51.68843008223196,0,False,False
832c48fffffffff,19.77015591470725,53.85751110106662,0,False,False
832c49fffffffff,20.91687582889237,53.90978195968216,0,False,False
832c4afffffffff,19.13584565773126,54.88686250511465,0,False,False
832c4bfffffffff,20.28032574198524,54.949741642108656,0,False,False
832c4cfffffffff,19.2570072856914,52.77979699999072,0,False,False
832c4dfffffffff,20.398276975908608,52.82040005526764,0,False,False
832c4efffffffff,18.63090811284581,53.80632112046561,0,False,False
832c60fffffffff,16.594219894425482,49.630828619293005,0,False,False
832c61fffffffff,17.706871695003667,49.63808130734071,0,False,False
832c63fffffffff,17.104569230835637,50.65191613784507,0,False,False
832c64fffffffff,16.084173247816814,48.62545965069094,0,False,False
832c65fffffffff,17.188906851086685,48.62249641597359,0,False,False
832c68fffffffff,19.35328995862444,50.687858038911386,0,False,False
832c69fffffffff,20.48966450654522,50.7063936692555,0,False,False
832c6afffffffff,18.741605518760963,51.71705895635956,0,False,False
832c6bfffffffff,19.876835007032728,51.74628536707586,0,False,False
832c6cfffffffff,18.828365732992737,49.645483242797454,0,False,False
832c6dfffffffff,19.95793874650652,49.65303908017072,0,False,False
832c6efffffffff,18.22466230067546,50.66970272261707,0,False,False
832c80fffffffff,-28.976388184282907,45.84391262901372,0,False,False
832c81fffffffff,-28.450310086898064,46.88972154699323,0,False,False
832c82fffffffff,-30.074624922477383,45.77617857618593,0,False,False
832c83fffffffff,-29.54400766223311,46.83245044384452,0,False,False
832c84fffffffff,-28.39405896484643,44.85351795604479,0,False,False
832c85fffffffff,-27.87526142027269,45.910394363315405,0,False,False
832c86fffffffff,-29.499659897546582,44.77640669814399,0,False,False
832c88fffffffff,-28.305626153411144,49.46487269780358,0,False,False
832c89fffffffff,-27.82956096681566,50.5107332169425,0,False,False
832c8afffffffff,-29.684836968916454,48.88310467020706,0,False,False
832c8bfffffffff,-28.91776985372208,50.49538459529948,0,False,False
832c8cfffffffff,-27.973822544713503,47.92716663516004,0,False,False
832c8dfffffffff,-27.218680807042773,49.48671377902041,0,False,False
832c8efffffffff,-29.05071860251112,47.87532379518208,0,False,False
832c90fffffffff,-31.69999154658827,44.617751058707405,0,False,False
832c91fffffffff,-31.169175172692075,45.70715667823663,0,False,False
832c93fffffffff,-32.25925841364806,45.63681005961454,0,False,False
832c94fffffffff,-31.12501572645517,43.59749827322551,0,False,False
832c95fffffffff,-30.601904923543987,44.69783165741183,0,False,False
832c98fffffffff,-31.17907525212921,47.769571241683096,0,False,False
832c99fffffffff,-30.75446039575007,48.83680323241081,0,False,False
832c9afffffffff,-32.25711673231447,47.71965988318332,0,False,False
832c9bfffffffff,-31.81473433510287,48.78987921537913,0,False,False
832c9cfffffffff,-30.63448069415158,46.77409951214441,0,False,False
832c9dfffffffff,-30.119350298526744,47.82279651541218,0,False,False
832c9efffffffff,-31.720954091931603,46.71463804604436,0,False,False
832ca0fffffffff,-26.682536583895253,43.94672700225348,0,False,False
832ca1fffffffff,-26.176069243682694,45.00350868765059,0,False,False
832ca2fffffffff,-27.79724680563929,43.86185435153966,0,False,False
832ca3fffffffff,-27.285919304140943,44.92920568537965,0,False,False
832ca4fffffffff,-26.06541451093763,42.96353433762724,0,False,False
832ca5fffffffff,-25.56650194618148,44.03005006877995,0,False,False
832ca6fffffffff,-27.18622757311421,42.86951428695662,0,False,False
832ca8fffffffff,-25.98815454165428,47.49278035614896,0,False,False
832ca9fffffffff,-25.51258663105089,48.50841938095001,0,False,False
832caafffffffff,-27.35417693040768,46.945942410025886,0,False,False
832cabfffffffff,-26.60460737341559,48.48068483641196,0,False,False
832cacfffffffff,-25.66758305612488,46.03973659951648,0,False,False
832cadfffffffff,-24.898920586710016,47.52644686146034,0,False,False
832caefffffffff,-26.772053671186868,45.97565801753323,0,False,False
832cb0fffffffff,-29.42163438542227,42.67614601967602,0,False,False
832cb1fffffffff,-28.90978592398401,43.77538886687,0,False,False
832cb2fffffffff,-30.53452769997715,42.57669733718799,0,False,False
832cb3fffffffff,-30.01931683693064,43.687285688774864,0,False,False
832cb4fffffffff,-28.809132129326688,41.66504211209073,0,False,False
832cb5fffffffff,-28.30525289490875,42.77373461887628,0,False,False
832cc2fffffffff,-26.31631300058612,53.67238022250149,0,False,False
832cc3fffffffff,-25.78417157534178,54.73196548780257,0,False,False
832cc6fffffffff,-25.72162260934137,52.61675695664077,0,False,False
832ccafffffffff,-25.81636435367224,56.88167579175435,0,False,False
832cd1fffffffff,-27.4304293399608,53.677721278022986,0,False,False
832cd4fffffffff,-27.339219572766584,51.5610613745052,0,False,False
832cd5fffffffff,-26.83474116505548,52.61517586493045,0,False,False
832cd6fffffffff,-28.436417793879105,51.55255840055151,0,False,False
832cdafffffffff,-31.183502290946773,62.23551702223539,0,False,False
832cdbfffffffff,-32.25103522976223,62.51805504289581,0,False,False
832cdcfffffffff,-26.906159865065987,54.74427712870037,0,False,False
832cddfffffffff,-26.368034949890923,55.81250860922009,0,False,False
832cf0fffffffff,-25.63044959168316,50.54084051406774,0,False,False
832cf2fffffffff,-26.73354549817483,50.52588392269929,0,False,False
832cf4fffffffff,-25.02350062518483,49.52956439435579,0,False,False
832cf6fffffffff,-26.12439505136589,49.50827590981928,0,False,False
832d00fffffffff,-15.891134945385812,40.73683779813864,0,False,False
832d02fffffffff,-17.013569081149452,40.62793986094436,0,False,False
832d03fffffffff,-16.56798733732273,41.66766490963181,0,False,False
832d04fffffffff,-15.20656483085862,39.8071908625304,0,False,False
832d06fffffffff,-16.57458705846648,39.45408457676223,0,False,False
832d10fffffffff,-18.84848081485395,39.42491420581344,0,False,False
832d11fffffffff,-18.30964832275455,40.44557119882625,0,False,False
832d12fffffffff,-19.992030325135698,39.4099493036537,0,False,False
832d13fffffffff,-19.44676299784092,40.43951548708402,0,False,False
832d14fffffffff,-18.24109329275002,38.41150888045814,0,False,False
832d15fffffffff,-17.709041781834074,39.43962380481327,0,False,False
832d16fffffffff,-19.386837555614967,38.38777034454925,0,False,False
832d18fffffffff,-18.35605281429102,42.44740356124339,0,False,False
832d19fffffffff,-17.896100301829204,43.53089835828776,0,False,False
832d1afffffffff,-19.483187973584656,42.45848841823189,0,False,False
832d1bfffffffff,-18.931590395278107,43.4446327117889,0,False,False
832d1cfffffffff,-17.771031952270217,41.449499129667714,0,False,False
832d1dfffffffff,-17.23650393708345,42.59918241780837,0,False,False
832d1efffffffff,-18.901205658468697,41.4520663565956,0,False,False
832d22fffffffff,-14.514926109001678,38.87921015786467,0,False,False
832d30fffffffff,-16.48296397639025,37.431843347562825,0,False,False
832d31fffffffff,-15.63811002975668,38.75503704992759,0,False,False
832d32fffffffff,-17.625186799641657,37.399929948573785,0,False,False
832d33fffffffff,-17.099948252022767,38.434843009721504,0,False,False
832d34fffffffff,-15.858716493408975,36.43123281429412,0,False,False
832d35fffffffff,-14.93953875930814,37.82171228575776,0,False,False
832d36fffffffff,-17.001381636820742,36.390801028541375,0,False,False
832d41fffffffff,14.561886659680924,45.70588236676887,0,False,False
832d44fffffffff,13.000629479026312,44.80513360799404,0,False,False
832d45fffffffff,14.05894685030396,44.765385400525176,0,False,False
832d48fffffffff,16.155025370773078,46.640397046622674,0,False,False
832d49fffffffff,17.25224227963021,46.61753488790549,0,False,False
832d4afffffffff,15.575046601462828,47.63605374089702,0,False,False
832d4bfffffffff,16.671417088697854,47.62320016788607,0,False,False
832d4cfffffffff,15.640326168792289,45.67424604113721,0,False,False
832d4dfffffffff,16.728600106775488,45.64198117026552,0,False,True
832d4efffffffff,15.067430461907314,46.66280963851205,0,False,False
832d60fffffffff,13.06284847992057,42.93394231553419,0,False,False
832d61fffffffff,14.11186701849226,42.87666206531028,0,False,False
832d62fffffffff,12.518325174835752,43.86738859043181,0,False,False
832d63fffffffff,13.55911137714568,43.84139294964476,0,False,False
832d64fffffffff,12.60075373975612,41.93567274624454,0,False,False
832d65fffffffff,13.609259601727004,41.977881839751824,0,False,False
832d66fffffffff,12.056099348980638,42.86774235624902,0,False,False
832d68fffffffff,15.687539922656375,43.74229736128676,0,False,False
832d69fffffffff,16.766429237265513,43.69128878281289,0,False,False
832d6afffffffff,15.12788371821965,44.72486293748768,0,False,False
832d6bfffffffff,16.206844183352306,44.68354341553929,0,False,False
832d6cfffffffff,15.171219758279394,42.818278948941895,0,False,False
832d6dfffffffff,16.240322218081406,42.75876092998403,0,False,False
832d6efffffffff,14.61823065499402,43.79232272271281,0,False,False
832d75fffffffff,11.50352590002294,43.80417888218833,0,False,False
832d80fffffffff,-24.607342666895214,38.90527903688124,0,False,False
832d81fffffffff,-24.135358232255328,40.015458213743976,0,False,False
832d82fffffffff,-25.747303679277564,38.77297870582228,0,False,False
832d83fffffffff,-25.271434013106123,39.89438367429745,0,False,False
832d84fffffffff,-23.931170107272617,37.91845408837205,0,False,False
832d85fffffffff,-23.46726809018908,39.03518961273973,0,False,False
832d86fffffffff,-25.075001026144097,37.77728869583894,0,False,False
832d88fffffffff,-24.30797025961549,42.08144822184473,0,False,False
832d89fffffffff,-23.821885024459124,43.14648413079959,0,False,False
832d8afffffffff,-25.43490322689508,41.98020623266342,0,False,False
832d8bfffffffff,-24.94367768807669,43.05584232709043,0,False,False
832d8cfffffffff,-23.65980121405316,41.10743115833322,0,False,False
832d8dfffffffff,-23.181410045192628,42.180868513252605,0,False,False
832d8efffffffff,-24.791401863251973,40.99732170670076,0,False,False
832d91fffffffff,-26.88623125112192,38.63822351729306,0,False,False
832d95fffffffff,-26.218234616860897,37.63351956192936,0,False,False
832d98fffffffff,-27.053462241331992,40.77096442650084,0,False,False
832d99fffffffff,-26.56132689495841,41.87709266372618,0,False,False
832d9afffffffff,-28.182136459756823,40.654603294486265,0,False,False
832d9bfffffffff,-27.68636119677825,41.772055820117934,0,False,False
832d9cfffffffff,-26.406958594819223,39.77107024356695,0,False,False
832d9dfffffffff,-25.92292047695312,40.8851846765885,0,False,False
832d9efffffffff,-27.541025944859168,39.64545641493267,0,False,False
832da0fffffffff,-21.68853050253734,38.339037292547566,0,False,False
832da1fffffffff,-21.13879707581789,39.39472239559481,0,False,False
832da2fffffffff,-21.84379773517473,37.91703305091122,0,False,False
832da3fffffffff,-21.06126339996477,39.34097262400441,0,False,False
832da4fffffffff,-21.078790135210355,37.30081986707592,0,False,False
832da5fffffffff,-20.536287161127326,38.363616805229945,0,False,False
832da6fffffffff,-22.23593147235501,37.26661009368936,0,False,False
832da8fffffffff,-21.865183185285435,40.25112606862107,0,False,False
832da9fffffffff,-21.39992847003588,41.32178030333807,0,False,False
832daafffffffff,-22.9996393412028,40.13435323521748,0,False,False
832dabfffffffff,-22.52901326367312,41.215566738823135,0,False,False
832dacfffffffff,-21.190452819058684,39.28809083815122,0,False,False
832dadfffffffff,-20.035390010518096,41.45467780137352,0,False,False
832daefffffffff,-22.32799971687793,39.162773303176216,0,False,False
832db0fffffffff,-23.32089771191126,37.17039407632435,0,False,False
832db1fffffffff,-24.390603068854805,36.7845904225895,0,False,False
832db2fffffffff,-25.99427522380088,35.469796357721705,0,False,False
832db3fffffffff,-25.53756886107752,36.63195021159149,0,False,False
832db4fffffffff,-23.05147608765274,35.819334076794284,0,False,False
832db5fffffffff,-22.44892367157677,36.87640073212574,0,False,False
832db6fffffffff,-23.86998608534925,36.07052667122343,0,False,False
832edefffffffff,50.14919461139399,135.66424052625422,0,False,False
833080fffffffff,10.3912586401532,162.34791716769342,0,False,False
833082fffffffff,9.531129502994816,162.53658479525942,0,False,False
833083fffffffff,10.040436087088374,163.29860565463258,0,False,False
833091fffffffff,8.656384379387504,162.7274632724159,0,False,False
833093fffffffff,7.767095586228664,162.9205873766644,0,False,False
83309cfffffffff,9.176086860490566,163.49274756687,0,False,False
83309efffffffff,8.297298258336767,163.68914189084364,0,False,False
8330c2fffffffff,7.33868377885939,93.87534261153412,0,False,False
8330c3fffffffff,6.641388195260422,94.60614594531086,0,False,False
8330d4fffffffff,8.724042498376278,92.41253780329852,0,False,False
8330d5fffffffff,8.033076802301139,93.14406058431643,0,False,False
8330ebfffffffff,6.628104268482559,97.11453204799396,0,False,False
8330edfffffffff,8.003547968192807,98.1618064167,0,False,False
833102fffffffff,47.04782118430803,117.52985708287255,0,False,False
833114fffffffff,47.29009905394237,114.9496724737472,0,False,False
833115fffffffff,47.22678870387018,116.2110338161725,0,False,False
833116fffffffff,46.45663968110039,114.1470953558559,0,False,False
833130fffffffff,49.009333684977605,115.31483442888803,0,False,False
833132fffffffff,48.18012369290845,114.47767802997735,0,False,False
833133fffffffff,48.113461354911706,115.77345755713247,0,False,False
833134fffffffff,49.86791399896296,114.87567373218636,0,False,False
833136fffffffff,49.07902227179213,113.98292395742718,0,False,False
83314afffffffff,8.45908703633409,99.05778550149736,0,False,False
833168fffffffff,44.95876071593965,130.71767888171257,0,False,False
83316dfffffffff,45.326252659627286,131.91219029123482,0,False,False
83384afffffffff,-13.12152196345595,19.16233686081509,0,False,False
83384bfffffffff,-13.76862500684216,20.134827158931724,0,False,False
833858fffffffff,-13.265172593875176,17.423746332871385,0,False,False
833859fffffffff,-13.61132395599513,18.08266973812448,0,False,False
83385afffffffff,-13.793590012244811,16.370318585108475,0,False,False
83385bfffffffff,-14.09586139436235,16.99987763742339,0,False,False
8338cdfffffffff,-15.971311017132614,14.160312772205405,0,False,False
8338e9fffffffff,-14.316236375579743,15.31470494460945,0,False,False
8338ebfffffffff,-14.832538034550952,14.257616985744606,0,False,False
833c09fffffffff,-59.39837682485888,83.35383604207668,0,False,False
833c0dfffffffff,-54.93471093110004,80.37894859255356,0,False,False
833c21fffffffff,-51.89689292293063,76.46948987294807,0,False,False
833c24fffffffff,-50.69643677078641,74.09671848232423,0,False,False
833c25fffffffff,-50.89343473996516,75.85181855620162,0,False,False
833c28fffffffff,-53.030395024284125,78.93169175728742,0,False,False
833c29fffffffff,-53.14709645424304,80.7593590441217,0,False,False
833c2bfffffffff,-53.98974710731207,79.62176103253788,0,False,False
833c2cfffffffff,-52.05477449318094,78.26338815661336,0,False,False
833c2dfffffffff,-51.360290301629874,81.75546162570113,0,False,False
833c40fffffffff,-55.10923774775373,88.08668524106535,0,False,False
833c41fffffffff,-53.82877970413901,91.77494095965268,0,False,False
833c42fffffffff,-56.01490202996885,87.16140669036099,0,False,False
833c43fffffffff,-55.995268545724734,89.14223969411167,0,False,False
833c44fffffffff,-54.22377194805909,87.08736190452258,0,False,False
833c45fffffffff,-53.004980749240886,90.65824240399904,0,False,False
833c46fffffffff,-55.11135740120961,86.15886409269146,0,False,False
833c48fffffffff,-19.602035166300585,151.63075261664412,0,False,False
833c4afffffffff,-20.53496926034872,152.1282664623138,0,False,False
833c4bfffffffff,-19.614668747301423,152.77716312074455,0,False,False
833c4cfffffffff,-19.58236237393716,150.4947622517638,0,False,False
833c4efffffffff,-54.64990071628768,92.94803647409525,0,False,False
833c52fffffffff,-61.271458555936434,85.49752353889126,0,False,False
833c54fffffffff,-59.436627957611954,85.53958757763218,0,False,False
833c55fffffffff,-56.00271538496276,85.17571768719358,0,False,False
833c56fffffffff,-60.334225451632506,84.38919779608723,0,False,False
833c5dfffffffff,-56.88039846384618,90.25812819118416,0,False,False
833c60fffffffff,-20.227147704197748,146.52232886988358,0,False,False
833c61fffffffff,-19.356458771894857,147.19978019133902,0,False,False
833c62fffffffff,-52.23768522510994,87.90277908767848,0,False,False
833c63fffffffff,-20.370962970126243,147.60358388949078,0,False,False
833c64fffffffff,-20.0745994467521,145.42821083018524,0,False,False
833c65fffffffff,-19.202699456690265,146.11972932127938,0,False,False
833c66fffffffff,-21.101665530929903,145.83212606598144,0,False,False
833c68fffffffff,-18.637574842004387,148.9174455020023,0,False,False
833c6afffffffff,-19.555868517800324,149.3699309834677,0,False,False
833c6bfffffffff,-18.662061809929348,150.02585873195838,0,False,False
833c6cfffffffff,-18.49034651379944,147.86464594221994,0,False,False
833c6efffffffff,-19.5018357406398,148.26677713908103,0,False,False
833c70fffffffff,-54.1665528570314,83.33428856697824,0,False,False
833c71fffffffff,-54.20976507881559,85.21090663253969,0,False,False
833c72fffffffff,-55.02404787368082,82.3006351140796,0,False,False
833c73fffffffff,-55.082974000609646,84.22872252696797,0,False,False
833c74fffffffff,-53.23531502371128,82.58682711360778,0,False,False
833c75fffffffff,-52.2818069755704,86.13085303253943,0,False,False
833c76fffffffff,-54.09266657308835,81.47888258347663,0,False,False
833cc8fffffffff,-47.987707231320506,115.5183198185224,0,False,False
833cc9fffffffff,-49.34270029042713,100.79811893767508,0,False,False
833ccafffffffff,-47.73892293318687,117.15537417185033,0,False,False
833ccbfffffffff,-49.20637110096731,102.50567593127154,0,False,False
833cccfffffffff,-49.06837656441161,115.02608612009163,0,False,False
833ccdfffffffff,-48.21113085305269,113.8807875758659,0,False,False
833ccefffffffff,-48.83198734755482,116.69283326261156,0,False,False
833cddfffffffff,-48.56949189850901,118.35710104364335,0,False,False
833ce5fffffffff,-61.231130935224456,83.16023488565713,0,False,False
833ce9fffffffff,-49.46317819188057,111.6964180441149,0,False,False
833cebfffffffff,-49.278714994276655,113.35967654385946,0,False,False
833d00fffffffff,-47.31870486293713,70.79233730314758,0,False,False
833d01fffffffff,-47.09536765071011,73.77108486621246,0,False,False
833d03fffffffff,-48.38226386880623,71.29600686142268,0,False,False
833d05fffffffff,-46.05471288074822,73.15753683854778,0,False,False
833d08fffffffff,-48.265054881176376,76.0996777970079,0,False,False
833d09fffffffff,-48.38128378608379,77.80120801133114,0,False,False
833d0afffffffff,-49.667575924648425,73.52854034723859,0,False,False
833d0bfffffffff,-49.26851704806888,76.77826262963525,0,False,False
833d0cfffffffff,-47.24771939043627,75.44091398721493,0,False,False
833d0dfffffffff,-47.37549585927277,77.11691503029492,0,False,False
833d0efffffffff,-48.12354193841614,74.40335098481253,0,False,False
833d19fffffffff,-50.47285794993926,72.3539019847668,0,False,False
833d1dfffffffff,-49.433901660404864,71.81628022208034,0,False,False
833d21fffffffff,-44.12064272738094,73.57675891791212,0,False,False
833d23fffffffff,-45.00242779530021,72.5620224533672,0,False,False
833d25fffffffff,-43.05617036208493,72.99059231219388,0,False,False
833d28fffffffff,-45.32379648143596,75.80603725505735,0,False,False
833d2afffffffff,-46.21730830268079,74.80128201265518,0,False,False
833d2bfffffffff,-46.35605985079052,76.45207349548095,0,False,False
833d2cfffffffff,-44.279565016405805,75.17817704878692,0,False,False
833d2efffffffff,-45.1746582008056,74.18011304132023,0,False,False
833d30fffffffff,-49.304692721549145,67.75570347745494,0,False,False
833d31fffffffff,-49.60696580322042,69.46135065742386,0,False,False
833d34fffffffff,-48.20716208365738,67.30806893830987,0,False,False
833d35fffffffff,-48.51624468039717,68.97910547094075,0,False,False
833d42fffffffff,-21.49684328193336,141.7277188438527,0,False,False
833d43fffffffff,-20.61880906895701,142.47213820171527,0,False,False
833d46fffffffff,-21.316477013789587,140.57246366829386,0,False,False
833d4afffffffff,-19.91317333887265,144.3218106543058,0,False,False
833d50fffffffff,-23.42746584641752,141.37177451056556,0,False,False
833d51fffffffff,-22.54710288990907,142.12878499185393,0,False,False
833d52fffffffff,-50.34883459805277,79.23081266118969,0,False,False
833d53fffffffff,-50.41368462564141,80.98392235945312,0,False,False
833d54fffffffff,-23.25532368873241,140.20017610117813,0,False,False
833d55fffffffff,-22.37597951826662,140.97042002893005,0,False,False
833d56fffffffff,-49.37264308567054,78.50561473532782,0,False,False
833d58fffffffff,-21.82810593120456,144.00673584207107,0,False,False
833d59fffffffff,-20.950002442149906,144.72392568786697,0,False,False
833d5afffffffff,-51.38441105447916,83.52824606482122,0,False,False
833d5bfffffffff,-21.979231759135107,145.1290143690697,0,False,False
833d5cfffffffff,-21.66735275865125,142.87273163677597,0,False,False
833d5dfffffffff,-20.789092294832884,143.60370531679203,0,False,False
833d5efffffffff,-50.45202219206744,82.73343117873901,0,False,False
833d68fffffffff,38.42488373997014,85.79632777366078,0,False,False
833d6cfffffffff,38.6318878320639,84.41397351630194,0,False,False
833d6efffffffff,37.55847552083242,84.89087353376823,0,False,False
833d70fffffffff,-22.00291978367538,138.62507332348866,0,False,False
833d71fffffffff,-21.12618408991649,139.40777934878966,0,False,False
833d72fffffffff,-23.072535779545227,139.01920749707972,0,False,False
833d73fffffffff,-22.194607714752834,139.8022303507473,0,False,False
833d76fffffffff,-22.879038252075908,137.82977057726052,0,False,False
833e00fffffffff,-22.86944664682424,24.82031359047485,0,False,False
833e01fffffffff,-23.512362288736902,25.89874216275365,0,False,False
833e02fffffffff,-23.398440768777068,23.671448457396625,0,False,False
833e03fffffffff,-24.049127642445,24.748603408681383,0,False,False
833e04fffffffff,-21.68973406636612,24.890788796333577,0,False,False
833e05fffffffff,-22.332268071695022,25.96019717548276,0,False,False
833e06fffffffff,-22.219331392104262,23.75210154193944,0,False,False
833e0cfffffffff,-24.147243218587523,26.986759884764616,0,False,False
833e10fffffffff,-23.25322980321248,21.45133969616116,0,False,False
833e11fffffffff,-23.91853345056082,22.51442929557773,0,False,False
833e12fffffffff,-23.75617917064497,20.29098249460439,0,False,False
833e13fffffffff,-24.42903730156516,21.350121973727347,0,False,False
833e14fffffffff,-22.076859920226862,21.550829429944468,0,False,False
833e15fffffffff,-22.740727049574744,22.6053379596,0,False,False
833e16fffffffff,-22.58198797878845,20.400636549024107,0,False,False
833e18fffffffff,-25.75402730644029,23.505862288381383,0,False,False
833e19fffffffff,-26.404380642048235,24.601346901990137,0,False,False
833e1afffffffff,-26.26998607228544,22.327788675451213,0,False,False
833e1bfffffffff,-26.928506701476305,23.420853536234336,0,False,False
833e1cfffffffff,-24.57700696782382,23.58938110044272,0,False,False
833e1dfffffffff,-25.22777222393665,24.67562573295673,0,False,False
833e1efffffffff,-25.095285908458266,22.42192679778455,0,False,False
833e20fffffffff,-19.97451804000066,26.07996364607621,0,False,False
833e21fffffffff,-20.608826072192844,27.14075699647276,0,False,False
833e22fffffffff,-20.510994702154125,24.960060448739345,0,False,False
833e23fffffffff,-21.1526525908814,26.020595370834428,0,False,False
833e24fffffffff,-18.79885895491668,26.138327997769338,0,False,False
833e25fffffffff,-19.43198832466728,27.190342782413783,0,False,False
833e26fffffffff,-19.33422821875305,25.028158920097443,0,False,False
833e28fffffffff,-22.415167058175573,28.168578053961216,0,False,False
833e29fffffffff,-23.034424770267915,29.254720996160152,0,False,False
833e2afffffffff,-22.967453475270933,27.038988334885705,0,False,False
833e2bfffffffff,-23.594478238415043,28.12651180011053,0,False,False
833e2cfffffffff,-21.236345074696,28.20991854376964,0,False,False
833e2dfffffffff,-21.856287094347515,29.28679475086835,0,False,False
833e2efffffffff,-21.787646923122384,27.090312979180364,0,False,False
833e30fffffffff,-20.38596596746036,22.78253402800626,0,False,False
833e31fffffffff,-21.04068404078805,23.831376288605924,0,False,False
833e32fffffffff,-20.90092954544974,21.648634465988,0,False,False
833e33fffffffff,-21.562870103791465,22.69469318491826,0,False,False
833e34fffffffff,-19.21101285934417,22.86889826110636,0,False,False
833e35fffffffff,-19.86350132595773,23.90930743523835,0,False,False
833e36fffffffff,-19.72643797954068,21.744796680686136,0,False,False
833e60fffffffff,-24.24546385437484,33.657329611244265,0,False,False
833e61fffffffff,-24.414302112486755,34.954916296468795,0,False,False
833e62fffffffff,-24.83517639845087,32.553248302929106,0,False,False
833e63fffffffff,-25.41411291052044,33.66359360594627,0,False,False
833e64fffffffff,-23.07584051908008,33.651174588001524,0,False,False
833e65fffffffff,-23.24932315383205,35.01274774186744,0,False,False
833e66fffffffff,-23.66316034753377,32.5567206738806,0,False,False
833e6cfffffffff,-25.031290594363448,36.0217255664112,0,False,False
833e6efffffffff,-25.57781222828668,34.896081108433904,0,False,False
833e70fffffffff,-24.820930192631973,30.32497721853107,0,False,False
833e71fffffffff,-25.418879869656767,31.43444806753106,0,False,False
833e74fffffffff,-23.644659052037326,30.348039768342453,0,False,False
833e75fffffffff,-24.24514066834839,31.44780215109849,0,False,False
833e76fffffffff,-24.212555866890177,29.222081387496026,0,False,False
833e81fffffffff,-27.059351656667264,17.688123761176552,0,False,False
833e85fffffffff,-25.896676747590632,17.82263146509246,0,False,False
833e88fffffffff,-28.9087269490404,18.624621123060155,0,False,False
833e89fffffffff,-29.59137719780335,19.713190256267563,0,False,False
833e8cfffffffff,-27.74955611140224,18.75305751158829,0,False,False
833e8dfffffffff,-28.432351970502385,19.83285685993739,0,False,False
833ea0fffffffff,-23.56315913182856,18.08481487250455,0,False,False
833ea1fffffffff,-24.248949602374232,19.12517260802973,0,False,False
833ea2fffffffff,-24.0380449396537,16.921022928512002,0,False,False
833ea3fffffffff,-24.73095431034898,17.95484285769189,0,False,False
833ea4fffffffff,-22.39427578194726,18.212602622838528,0,False,False
833ea5fffffffff,-23.07762045588239,19.24499589021894,0,False,False
833ea6fffffffff,-22.87285471998128,17.058753372184224,0,False,False
833ea8fffffffff,-26.10035409997384,20.065922089848858,0,False,False
833ea9fffffffff,-26.77497505333937,21.14232196802085,0,False,False
833eaafffffffff,-26.58589631028245,18.87925738498557,0,False,False
833eabfffffffff,-27.26836126616745,19.950416064901752,0,False,False
833eacfffffffff,-24.929298966130904,20.179427342795417,0,False,False
833eadfffffffff,-25.60328300918547,21.247131497931285,0,False,False
833eaefffffffff,-25.41870323172397,19.00327746388382,0,False,False
833ec6fffffffff,-30.42696585685104,23.15648203868465,0,False,False
833ed0fffffffff,-31.416905186077564,20.70390977630533,0,False,False
833ed4fffffffff,-30.265026283940905,20.81649160950705,0,False,False
833ed5fffffffff,-30.928750867902533,21.933991827055547,0,False,False
833ed6fffffffff,-30.74451183886933,19.59136014733833,0,False,False
833ee2fffffffff,-28.747545523225423,24.44874510803352,0,False,False
833ee6fffffffff,-27.577963270919547,24.525732060852363,0,False,False
833ef0fffffffff,-28.609291382929083,22.13443105239044,0,False,False
833ef1fffffffff,-29.26593006418707,23.24620541579701,0,False,False
833ef2fffffffff,-29.10679787402067,20.92705246715845,0,False,False
833ef3fffffffff,-29.771969606295887,22.03512043587284,0,False,False
833ef4fffffffff,-27.44164566507907,22.23197168208861,0,False,False
833ef5fffffffff,-28.099462652164835,23.334314999810783,0,False,False
833ef6fffffffff,-27.94313404535588,21.03564548183976,0,False,False
833f00fffffffff,-14.666426232762406,25.289394052367573,0,False,False
833f01fffffffff,-15.29646149815941,26.30764473530117,0,False,False
833f02fffffffff,-15.18909707616154,24.20825157103724,0,False,False
833f03fffffffff,-15.825580693912244,25.22570411362318,0,False,False
833f04fffffffff,-13.513995121215617,25.352048362170844,0,False,False
833f05fffffffff,-14.140325784405508,26.36223660904753,0,False,False
833f06fffffffff,-14.03383753371464,24.27994719982322,0,False,False
833f08fffffffff,-17.08819616821296,27.28702552149112,0,False,False
833f09fffffffff,-17.712752024255323,28.32976811492913,0,False,False
833f0afffffffff,-17.626657230068314,26.195713558976657,0,False,False
833f0bfffffffff,-18.25812094677068,27.23909198216947,0,False,False
833f0cfffffffff,-15.92316646921278,27.33416363625985,0,False,False
833f0efffffffff,-16.458877293418954,26.25214463465024,0,False,False
833f10fffffffff,-15.062475635575188,22.11380843632128,0,False,False
833f11fffffffff,-15.707660245343286,23.119490829455817,0,False,False
833f12fffffffff,-15.569958856984258,21.02118816861507,0,False,False
833f13fffffffff,-16.221445006588414,22.023825110816308,0,False,False
833f14fffffffff,-13.909730666464094,22.202338992172105,0,False,False
833f15fffffffff,-14.550217876631116,23.20030242156428,0,False,False
833f16fffffffff,-14.415867626718466,21.11877987325896,0,False,False
833f18fffffffff,-17.517496909818867,24.061272187744112,0,False,False
833f19fffffffff,-18.160424100673463,25.09511357594757,0,False,False
833f1afffffffff,-18.03899883573236,22.95382242399492,0,False,False
833f1bfffffffff,-18.688778187259487,23.985928571953067,0,False,False
833f1cfffffffff,-16.35062229971131,24.1353697148544,0,False,False
833f1dfffffffff,-16.99055673691792,25.16095281607263,0,False,False
833f1efffffffff,-16.870896890941186,23.037341873293087,0,False,False
833f21fffffffff,-12.46658464357466,27.47099802478099,0,False,False
833f2afffffffff,-14.763960110801987,27.380525900591685,0,False,False
833f2efffffffff,-13.611476958581433,27.42613125358432,0,False,False
833f31fffffffff,-12.885729521541144,24.350485108900298,0,False,False
833f33fffffffff,-13.399470344487485,23.27980873003913,0,False,False
833f40fffffffff,-18.979985923934187,32.57002256088015,0,False,False
833f41fffffffff,-19.570860427489883,33.633335635700455,0,False,False
833f42fffffffff,-19.550168247373964,31.49894537354467,0,False,False
833f43fffffffff,-20.14809083613578,32.566782220236256,0,False,False
833f45fffffffff,-19.193243406791108,34.20468245551032,0,False,False
833f48fffffffff,-21.317939782490555,34.71541315493994,0,False,False
833f49fffffffff,-21.88858646838385,35.794738453732386,0,False,False
833f4afffffffff,-21.90621694947424,33.64512571729763,0,False,False
833f4bfffffffff,-22.484033306784003,34.73066233907465,0,False,False
833f4cfffffffff,-20.153292797957988,34.70042281729433,0,False,False
833f4dfffffffff,-21.61877647711603,36.22191522378107,0,False,False
833f4efffffffff,-20.73756719018266,33.6391802766043,0,False,False
833f50fffffffff,-19.503973086416792,29.349302478314808,0,False,False
833f51fffffffff,-20.116816562986312,30.41485974641943,0,False,False
833f52fffffffff,-20.059010354685704,28.250551849225488,0,False,False
833f53fffffffff,-20.679139372264803,29.3183172203987,0,False,False
833f56fffffffff,-18.884153365867384,28.29049592259572,0,False,False
833f58fffffffff,-21.895685097592743,31.473816578523,0,False,False
833f59fffffffff,-22.49065345197677,32.560132754827535,0,False,False
833f5afffffffff,-22.46788826850897,30.37070084135633,0,False,False
833f5bfffffffff,-23.07041341521997,31.460922968867955,0,False,False
833f5cfffffffff,-20.721942701813703,31.48648882984296,0,False,False
833f5dfffffffff,-21.3186372544917,32.56348610243504,0,False,False
833f5efffffffff,-21.29161066749222,30.392970823667635,0,False,False
833f60fffffffff,-16.88086707076686,34.32413475861129,0,False,False
833f61fffffffff,-17.518851826800855,35.33502239521367,0,False,False
833f63fffffffff,-18.03468013295622,34.26492426829506,0,False,False
833f64fffffffff,-15.066930410660367,34.72563849783485,0,False,False
833f65fffffffff,-16.37032907683293,35.38473664906512,0,False,False
833f68fffffffff,-19.30254322923625,36.30782713202815,0,False,False
833f69fffffffff,-19.92400250173764,37.334432883966336,0,False,False
833f6afffffffff,-19.83050231147457,35.23298538360973,0,False,False
833f6bfffffffff,-20.459238652596216,36.26524807324051,0,False,False
833f6cfffffffff,-18.1496203034764,36.349671853414165,0,False,False
833f6dfffffffff,-18.77249716229924,37.36746460156435,0,False,False
833f6efffffffff,-18.672545845040982,35.28444615141919,0,False,False
833f80fffffffff,-18.215873915424343,17.587343926527804,0,False,False
833f81fffffffff,-18.890985869586675,18.58338556927928,0,False,False
833f82fffffffff,-18.69624995214667,16.468777297115786,0,False,False
833f83fffffffff,-19.377591526746293,17.458439273101295,0,False,False
833f84fffffffff,-17.057454232430988,17.71417143552927,0,False,False
833f85fffffffff,-17.727618811438223,18.70295338292535,0,False,False
833f86fffffffff,-17.539630034330607,16.604751211550123,0,False,False
833f88fffffffff,-20.734207857634768,19.47863064508829,0,False,False
833f89fffffffff,-21.407723636544294,20.50843690943478,0,False,False
833f8afffffffff,-21.225293713449418,18.33825947198376,0,False,False
833f8bfffffffff,-21.90570824470493,19.3627986668234,0,False,False
833f8cfffffffff,-19.56411160556644,19.59253994736508,0,False,False
833f8dfffffffff,-20.234384328228533,20.614429442477423,0,False,False
833f8efffffffff,-20.057202299242817,18.46183710029068,0,False,False
833f91fffffffff,-19.16820389321204,15.348097117178368,0,False,False
833f95fffffffff,-18.014037093228485,15.49314929758142,0,False,False
833f98fffffffff,-21.01688267651537,16.190125433346545,0,False,False
833f99fffffffff,-21.707059966263948,17.194196506241493,0,False,False
833f9cfffffffff,-19.855654955597146,16.330586377392553,0,False,False
833f9dfffffffff,-20.541644983163724,17.327407363230805,0,False,False
833fa0fffffffff,-15.413252156149069,18.936333621434425,0,False,False
833fa1fffffffff,-16.072028180523578,19.923190517044247,0,False,False
833fa2fffffffff,-15.90327767858531,17.838970391509925,0,False,False
833fa3fffffffff,-16.568060790811668,18.82058754626291,0,False,False
833fa4fffffffff,-14.26410957655494,19.050235781313045,0,False,False
833fa5fffffffff,-14.917248016023622,20.02986073044485,0,False,False
833fa6fffffffff,-14.7542681306588,17.961787920844692,0,False,False
833fa8fffffffff,-17.894443050884266,20.8211671705868,0,False,False
833fa9fffffffff,-18.55437688413751,21.8393565924067,0,False,False
833faafffffffff,-18.396404238751213,19.704573172437257,0,False,False
833fabfffffffff,-19.062963133989868,20.718658538730164,0,False,False
833facfffffffff,-16.729792139726356,20.921996947484043,0,False,False
833fadfffffffff,-17.385725330724984,21.93235341533536,0,False,False
833faefffffffff,-17.232058058053713,19.81477545408726,0,False,False
833fb0fffffffff,-15.716299183363118,15.776410638024986,0,False,False
833fb1fffffffff,-16.386743149404342,16.738559552038264,0,False,False
833fb2fffffffff,-16.18707432349679,14.681055160122638,0,False,False
833fb3fffffffff,-16.863091489807648,15.635902980331984,0,False,False
833fb4fffffffff,-14.574571451319468,15.914723213097798,0,False,False
833fb5fffffffff,-15.23851832434751,16.870252219176166,0,False,False
833fb6fffffffff,-15.45632963119222,15.225843680567047,0,False,False
83400cfffffffff,-1.4578063338725284,156.24320553921973,0,False,False
83400dfffffffff,-2.105492060241353,155.3676756220599,0,False,False
834029fffffffff,-3.5684103900895785,156.57923839492335,0,False,False
83402bfffffffff,-2.5068533745942587,156.4100886628205,0,False,False
83402cfffffffff,-3.3103279015549365,158.50575855353333,0,False,False
83402dfffffffff,-3.973621137777597,157.63285676916306,0,False,False
834041fffffffff,-47.57405872865519,97.17475892625762,0,False,False
834043fffffffff,-21.494810737696323,156.20470081352045,0,False,False
834045fffffffff,-46.54695945043578,97.86181897539792,0,False,False
834048fffffffff,-47.5319542712391,111.17182228468576,0,False,False
834049fffffffff,-48.40931085423982,112.24544922929424,0,False,False
83404afffffffff,-47.694790632192586,109.57394014736352,0,False,False
83404bfffffffff,-48.58247700702718,110.61495515836236,0,False,False
83404cfffffffff,-48.51559041510559,98.11652877273706,0,False,False
83404dfffffffff,-49.45284024857307,99.09776706088886,0,False,False
83404efffffffff,-48.59086906106627,96.46456403390744,0,False,False
834058fffffffff,-20.55398721076481,154.4636545007712,0,False,False
83405bfffffffff,-20.548350936695943,153.29122692445165,0,False,False
83405dfffffffff,-48.64202139311362,94.8265453991912,0,False,False
834060fffffffff,-19.10981907127566,160.30254879161723,0,False,False
834061fffffffff,-20.087462774666427,159.68702941880449,0,False,False
834063fffffffff,-19.123061676670588,159.09659659329063,0,False,False
834064fffffffff,-19.08863603359544,161.51260081539252,0,False,False
834065fffffffff,-20.07199209229499,160.90705011223096,0,False,False
834066fffffffff,-5.991144154279883,154.95974081415235,0,False,False
834068fffffffff,-47.36822393031304,100.43845291720324,0,False,False
834069fffffffff,-48.29044195321889,101.45179067805798,0,False,False
83406afffffffff,-47.48323133182318,98.80166984566358,0,False,False
83406bfffffffff,-48.415606930486696,99.77984116467528,0,False,False
83406cfffffffff,-46.31169298948468,101.07462707705535,0,False,False
83406dfffffffff,-47.228631803202745,102.08250668252708,0,False,False
83406efffffffff,-46.441138753014535,99.46396534781594,0,False,False
834074fffffffff,-4.233009926788759,155.69334761700415,0,False,False
834076fffffffff,-3.1630995781125337,155.52940072946615,0,False,False
834109fffffffff,-4.510724764084971,161.66600209746505,0,False,False
83410dfffffffff,-4.907789444686454,162.72105332229648,0,False,False
834140fffffffff,-17.985448746858115,165.71765995819229,0,False,False
834141fffffffff,-18.97711320614492,165.15664997314428,0,False,False
834142fffffffff,-6.54722670470603,159.0646351756523,0,False,False
834143fffffffff,-18.03433960432599,164.51346828023094,0,False,False
834144fffffffff,-17.929129617250247,166.9211340578177,0,False,False
834145fffffffff,-18.92398663660761,166.37233729566833,0,False,False
834146fffffffff,-6.954494867411588,160.1383366479867,0,False,False
834148fffffffff,-20.01562324866042,163.35691192439518,0,False,False
834149fffffffff,-21.01347555766044,162.76179572837611,0,False,False
83414afffffffff,-19.059464625100016,162.72568961498422,0,False,False
83414bfffffffff,-20.048058585921503,162.13071225837467,0,False,False
83414cfffffffff,-19.974679122143105,164.58453131338732,0,False,False
83414dfffffffff,-20.977283867786984,164.00108826489858,0,False,False
83414efffffffff,-19.022286469305904,163.94073592727025,0,False,False
834150fffffffff,-4.781913498312385,159.74864117386096,0,False,False
834151fffffffff,-5.457452496847581,158.87583712108147,0,False,False
834152fffffffff,-3.711549747599948,159.55764306075784,0,False,False
834153fffffffff,-4.378274890827385,158.6895603504481,0,False,False
834154fffffffff,-5.184080156908083,160.80938159633828,0,False,False
834155fffffffff,-5.86311302119043,159.94219005807992,0,False,False
834156fffffffff,-4.111830817342672,160.61129407854824,0,False,False
834158fffffffff,-5.726828519346458,156.9245126506827,0,False,False
834159fffffffff,-6.407413418568839,156.02808122655472,0,False,False
83415afffffffff,-4.641932756277389,156.75069821945746,0,False,False
83415bfffffffff,-5.314653508947379,155.85955964471185,0,False,False
83415cfffffffff,-6.137845955781108,157.99311381152438,0,False,False
83415dfffffffff,-18.075746311476504,163.30962222227726,0,False,False
83415efffffffff,-5.050236498892013,157.81176522857842,0,False,False
834160fffffffff,-18.794190251884817,168.79866594348232,0,False,False
834161fffffffff,-19.80121002553693,168.26465001213285,0,False,False
834162fffffffff,-17.865465692249405,168.1228311757657,0,False,False
834163fffffffff,-18.86297855241402,167.5867046611039,0,False,False
834164fffffffff,-18.717751749608905,170.00714791378675,0,False,False
834165fffffffff,-19.72680706683926,169.48670712699555,0,False,False
834166fffffffff,-17.794567444563533,169.32170127734642,0,False,False
834169fffffffff,-21.8935883046681,165.91103674104014,0,False,False
83416afffffffff,-19.92525164230913,165.81244483399814,0,False,False
83416dfffffffff,-21.83413785399904,167.16265890495546,0,False,False
83416efffffffff,-19.867398644526173,167.03952527667732,0,False,False
834170fffffffff,-6.667917355462583,162.07879960845483,0,False,False
834171fffffffff,-7.359180510452813,161.21346900254582,0,False,False
834172fffffffff,-5.58432198546108,161.87105717955637,0,False,False
834173fffffffff,-6.266753937858135,161.0100907817206,0,False,False
834175fffffffff,-7.760822371130393,162.28927699010544,0,False,False
834176fffffffff,-5.982192572240155,162.93293964209073,0,False,False
834180fffffffff,4.067111200501011,163.71625748526623,0,False,False
834181fffffffff,3.485144044263007,162.92445382736838,0,False,False
834184fffffffff,3.6911163989043545,164.7061362139002,0,False,False
834185fffffffff,3.1073731897054016,163.92115339573675,0,False,False
834193fffffffff,6.863367582722017,163.1159925044825,0,False,False
83419cfffffffff,5.384704422969076,162.5288419709125,0,False,False
83419efffffffff,6.313342895845127,162.33457349073095,0,False,False
8341a6fffffffff,2.936975209109237,166.6807771814733,0,False,False
8341a8fffffffff,1.530934865840323,163.32975587518428,0,False,False
8341a9fffffffff,0.9191251819062936,162.52061837479798,0,False,False
8341aafffffffff,2.514720627136317,163.12587395043172,0,False,False
8341b5fffffffff,3.890482946787335,166.4615724758018,0,False,False
834205fffffffff,-39.75287768914676,57.72257744266617,0,False,False
834221fffffffff,-38.12419830034048,58.9579477370286,0,False,False
834224fffffffff,-31.32990832453325,55.38576674734512,0,False,False
834226fffffffff,-30.9689662766602,54.22315038670929,0,False,False
834228fffffffff,-39.8331225498862,60.10527518000911,0,False,False
834229fffffffff,-40.41822440077801,61.31800583709776,0,False,False
83422afffffffff,-40.35596295998692,58.889204416626896,0,False,False
83422bfffffffff,-40.95269410427163,60.0881014513381,0,False,False
83422cfffffffff,-38.71096552687532,60.12193571793192,0,False,False
83422dfffffffff,-39.291503734534125,61.316525501903975,0,False,False
83422efffffffff,-39.24114696074041,58.9240902109544,0,False,False
834264fffffffff,-40.38617450842241,66.32119711757574,0,False,False
834265fffffffff,-40.91663291029783,67.64658623619201,0,False,False
834266fffffffff,-40.98420854443524,65.08479951089619,0,False,False
834274fffffffff,-40.99527705827214,62.56243251743518,0,False,False
834300fffffffff,-32.87064698776923,53.70551480919826,0,False,False
834302fffffffff,-33.927998791593964,53.711301583743946,0,False,False
834303fffffffff,-33.456217827014406,54.82168479984486,0,False,False
834304fffffffff,-32.62889529955747,51.99253602984236,0,False,False
834306fffffffff,-33.687688230610604,51.96618587998741,0,False,False
834308fffffffff,-30.96916348406642,57.57752369489637,0,False,False
834309fffffffff,-32.031117877720696,57.77719519703926,0,False,False
83430afffffffff,-30.628000409874204,56.392766200762594,0,False,False
83430bfffffffff,-31.68421788378589,56.57058173638431,0,False,False
83430cfffffffff,-30.247247538157826,58.56828988020787,0,False,False
83430dfffffffff,-31.30279849314984,58.78302308117725,0,False,False
834310fffffffff,-35.7711874899573,51.91237244024167,0,False,False
834311fffffffff,-35.343397556631174,53.04351197667629,0,False,False
834312fffffffff,-36.794909407765815,51.88489338906784,0,False,False
834313fffffffff,-36.37697800912562,53.0240279465154,0,False,False
834314fffffffff,-35.156655438518,50.81999471007199,0,False,False
834315fffffffff,-34.73529002504633,51.93946727371426,0,False,False
834316fffffffff,-36.18256270512385,50.78509024916775,0,False,False
834318fffffffff,-35.08514062447195,55.97650847516774,0,False,False
834319fffffffff,-30.280056047283885,55.22920652432473,0,False,False
83431cfffffffff,-34.51137021964332,54.835208198958384,0,False,False
83431dfffffffff,-34.03271384262402,55.95502019379933,0,False,False
83431efffffffff,-35.94239213806997,54.16621214906219,0,False,False
834320fffffffff,-30.605319899447284,51.53521393769317,0,False,False
834322fffffffff,-32.01010569471047,50.9218492966955,0,False,False
834323fffffffff,-31.207197059251147,52.608639869579335,0,False,False
834324fffffffff,-29.9974788180825,50.47983415641401,0,False,False
834325fffffffff,-29.52534596940821,51.543943331922826,0,False,False
834326fffffffff,-31.385001861203,49.86987018756696,0,False,False
834329fffffffff,-30.88022164077417,60.9944643012826,0,False,False
83432bfffffffff,-30.567899100727924,59.77182818497237,0,False,False
834330fffffffff,-33.495241258439044,49.78863063928646,0,False,False
834331fffffffff,-33.06991793803118,50.888364434743664,0,False,False
834332fffffffff,-34.53426101352007,49.74717096167162,0,False,False
834333fffffffff,-34.11894435394164,50.854416127252215,0,False,False
834334fffffffff,-32.86506247427105,48.74232004135001,0,False,False
834335fffffffff,-32.445306665275,49.82952658822307,0,False,False
834336fffffffff,-33.9048863258051,48.69411279324209,0,False,False
83434afffffffff,-39.24090283790266,66.24275653189638,0,False,False
83434bfffffffff,-39.76947906901242,67.54676512914843,0,False,False
834352fffffffff,-37.58707756663243,60.13810572676982,0,False,False
834353fffffffff,-38.162592794961306,61.315089314614994,0,False,False
834358fffffffff,-39.29238048346482,63.75860120355852,0,False,False
834359fffffffff,-39.84436200173352,65.02509469005841,0,False,False
83435afffffffff,-39.86467307060498,62.541860109222654,0,False,False
83435bfffffffff,-40.42930500260065,63.7979775616453,0,False,False
83435cfffffffff,-38.15319096880129,63.7204089714299,0,False,False
83435dfffffffff,-38.70175516452535,64.96720399574471,0,False,False
83435efffffffff,-38.73140491454017,62.52190870646896,0,False,False
834366fffffffff,-33.32893035489215,62.81033552508861,0,False,False
834370fffffffff,-32.69954900728925,60.25375266679895,0,False,False
834371fffffffff,-33.78143835347003,60.50734709283264,0,False,False
834372fffffffff,-32.36982385870124,59.00511484771779,0,False,False
834373fffffffff,-33.44771086508359,59.23494299246855,0,False,False
834374fffffffff,-31.9444814529739,61.253973612197775,0,False,False
834375fffffffff,-33.01950952317483,61.52242200119345,0,False,False
834376fffffffff,-31.628154522419308,60.00871895099898,0,False,False
834380fffffffff,-40.382074275761234,52.94324051302647,0,False,False
834383fffffffff,-40.96375406406116,54.10652458627645,0,False,False
83438afffffffff,-41.121788190887976,56.486262421714,0,False,False
834398fffffffff,-42.491310677069166,55.285773858914695,0,False,False
834399fffffffff,-42.08946597086931,56.49154923059216,0,False,False
83439cfffffffff,-41.92665325481257,54.09405415144678,0,False,False
83439dfffffffff,-41.53315201720676,55.289471134112205,0,False,False
83439efffffffff,-42.87514127206588,54.08139675716189,0,False,False
8343a1fffffffff,-37.80602663512273,51.85702190216184,0,False,False
8343a3fffffffff,-38.80415190408444,51.82874952581989,0,False,False
8343a5fffffffff,-37.19621895616054,50.74969253115559,0,False,False
8343acfffffffff,-37.39802503411695,53.00426490478399,0,False,False
834449fffffffff,1.1903597388258118,-23.51976660571235,0,False,False
83444bfffffffff,0.9013540257767662,-22.46419264168821,0,False,False
83444dfffffffff,0.3789900021199823,-24.29516960171576,0,False,False
834469fffffffff,-0.1525615858881025,-26.156745867226896,0,False,False
834520fffffffff,-10.77874152769108,-49.498634452085874,0,False,False
834522fffffffff,-11.537537438138642,-50.26815918333719,0,False,False
834524fffffffff,-9.707998559280608,-49.73311090836898,0,False,False
834525fffffffff,-10.011224984242023,-48.7261339839563,0,False,False
834526fffffffff,-10.469318116430866,-50.49770448958824,0,False,False
834530fffffffff,-11.965173073349222,-52.01681649875181,0,False,False
834531fffffffff,-12.287088186160776,-51.034449413836256,0,False,False
834532fffffffff,-12.69873966491386,-52.770850114656895,0,False,False
834534fffffffff,-10.90746576724016,-52.233804217873576,0,False,False
834535fffffffff,-11.221877292393602,-51.259021687922285,0,False,False
834536fffffffff,-11.644523609807631,-52.98284344325373,0,False,False
83485afffffffff,10.093032631386226,-37.29854426340912,0,False,False
834881fffffffff,0.1781085366927974,-31.38388659007937,0,False,False
834883fffffffff,-0.1137994781121664,-30.26396231269234,0,False,False
834885fffffffff,-0.6586003461149679,-32.20012778925031,0,False,False
834888fffffffff,2.1396275018526265,-30.877350111741777,0,False,False
834889fffffffff,3.268142275480264,-31.185114302348847,0,False,False
83488afffffffff,1.8422087768797148,-29.75966473451705,0,False,False
83488bfffffffff,2.967735366771094,-30.06516683101608,0,False,False
83488cfffffffff,1.3072846353686436,-31.692381046043167,0,False,False
83488dfffffffff,2.4378406258539496,-32.00154113932181,0,False,False
83488efffffffff,1.0119910030123431,-30.57029440448762,0,False,False
834898fffffffff,0.4257327153737522,-28.34705646496168,0,False,False
834899fffffffff,1.5459379270471711,-28.64927136221635,0,False,False
83489afffffffff,0.1354324644562147,-27.247426376196103,0,False,False
83489bfffffffff,1.2511576433323977,-27.546924242931645,0,False,False
83489cfffffffff,-0.4038523861723745,-29.150968563924803,0,False,False
83489dfffffffff,0.7180275184931454,-29.45492720919258,0,False,False
83489efffffffff,-0.6917281583489936,-28.04567281260319,0,False,False
8348a0fffffffff,-5.993650166532102,-35.64002106855675,0,False,False
8348a1fffffffff,-5.092260736765185,-34.88656445892774,0,False,False
8348a2fffffffff,-2.624433570181499,-32.7082753636545,0,False,False
8348a3fffffffff,-1.4972801487021603,-33.018698157547334,0,False,False
8348a4fffffffff,-5.797203616239041,-36.804427902814766,0,False,False
8348a5fffffffff,-4.896666459422788,-36.05107243066153,0,False,False
8348a6fffffffff,-6.890987357729374,-36.39342781823631,0,False,False
8348a8fffffffff,0.7661392780657842,-33.64130620645752,0,False,False
8348a9fffffffff,1.9004555069305784,-33.953457904887415,0,False,False
8348aafffffffff,0.4715367826346926,-32.50994318671852,0,False,False
8348abfffffffff,1.6035589605037686,-32.82038015122244,0,False,False
8348acfffffffff,-4.18771224603591,-34.13331851119962,0,False,False
8348aefffffffff,-0.3667662974510364,-33.32971399820778,0,False,False
8348c0fffffffff,6.95430551293384,-33.244516561876296,0,False,False
8348c1fffffffff,8.077122589258991,-33.55676197741234,0,False,False
8348c2fffffffff,6.649235440595404,-32.11250297266431,0,False,False
8348c3fffffffff,7.771561995252266,-32.42294515984172,0,False,False
8348c4fffffffff,6.130845977868737,-34.06801244487459,0,False,False
8348c5fffffffff,7.2575630694682705,-34.381307057949094,0,False,False
8348c6fffffffff,5.828005220212842,-32.9328551201561,0,False,False
8348c8fffffffff,10.003481826646263,-33.045701235881914,0,False,False
8348c9fffffffff,11.111248675570137,-33.35798195986264,0,False,False
8348cafffffffff,9.695310517430755,-31.913403509587937,0,False,False
8348cbfffffffff,10.803485361359051,-32.22383668786926,0,False,False
8348ccfffffffff,9.195515324504456,-33.86957441152503,0,False,False
8348cdfffffffff,10.308563863853095,-34.18293671214462,0,False,False
8348cefffffffff,8.889952384055317,-32.734016740047444,0,False,False
8348d0fffffffff,5.218969481257234,-30.6784062759694,0,False,False
8348d1fffffffff,6.342748335630733,-30.9861137892321,0,False,False
8348d4fffffffff,4.396562746129593,-31.493571610774083,0,False,False
8348d5fffffffff,5.523916359091978,-31.80270644150228,0,False,False
8348d6fffffffff,4.09364411739975,-30.371418944037465,0,False,False
8348dcfffffffff,7.464024754384162,-31.29452620945094,0,False,False
8348ddfffffffff,8.581854691187598,-31.603628028810267,0,False,False
8348e1fffffffff,6.7312264327618925,-36.349881495562,0,False,False
8348e2fffffffff,5.301975230093376,-34.89309829414401,0,False,False
8348e3fffffffff,6.432048777294376,-35.207315383472746,0,False,False
8348e8fffffffff,8.680723358499034,-35.837148502491914,0,False,False
8348e9fffffffff,9.797443154175223,-36.15272844643193,0,False,False
8348eafffffffff,8.380307632663834,-34.695121781487245,0,False,False
8348ecfffffffff,7.857074569252898,-36.66572166252709,0,False,False
8348edfffffffff,8.977983641237874,-36.98194878124615,0,False,False
8348eefffffffff,7.558615304004946,-35.52200477357172,0,False,False
8348f0fffffffff,3.869331957924378,-33.443052942361675,0,False,False
8348f1fffffffff,5.001112127620888,-33.755255337262355,0,False,False
8348f2fffffffff,3.5687989628398507,-32.311350966656285,0,False,False
8348f3fffffffff,4.699179661469159,-32.62179440591407,0,False,False
8348f4fffffffff,3.035193843792013,-34.26615202258685,0,False,False
8348f5fffffffff,4.169363253957116,-34.57937130003396,0,False,False
8348f6fffffffff,2.7364857973328136,-33.13142227469175,0,False,False
834980fffffffff,-6.085567033455996,-41.036635600717744,0,False,False
834982fffffffff,-7.177415199826614,-40.628420844346365,0,False,False
834983fffffffff,-6.290374462728552,-39.87988098978887,0,False,False
834984fffffffff,-5.878906669181268,-42.18913939762466,0,False,False
834986fffffffff,-6.9703031298064095,-41.78244586007124,0,False,False
83498afffffffff,-5.598380792078454,-37.96801951380316,0,False,False
834991fffffffff,-8.264831020947351,-40.21977609960493,0,False,False
834994fffffffff,-8.930578842896429,-42.11999628065144,0,False,False
834995fffffffff,-8.057743537509616,-41.37520814467952,0,False,False
834998fffffffff,-7.584231829188409,-38.30952281635648,0,False,False
834999fffffffff,-6.693347101658243,-37.55733112690049,0,False,False
83499bfffffffff,-7.783398804323391,-37.14652428951654,0,False,False
83499cfffffffff,-7.3821490743487,-39.47046985602539,0,False,False
83499dfffffffff,-6.493056600710847,-38.71979946124204,0,False,False
8349b1fffffffff,-6.761092268813465,-42.93163399814742,0,False,False
8349b2fffffffff,-8.718002776210383,-43.26742788504122,0,False,False
8349b3fffffffff,-7.848036547711329,-42.52612338329181,0,False,False
834b30fffffffff,7.540328864912026,166.43888779392825,0,False,False
834b32fffffffff,6.579048358490517,166.67445535974983,0,False,False
835360fffffffff,-33.87888993026337,46.59225477899033,0,False,False
835361fffffffff,-34.39739447035777,47.61693137466347,0,False,False
835364fffffffff,-32.80266982493715,46.65403416925612,0,False,False
835365fffffffff,-33.3301279010724,47.668789208662346,0,False,False
835366fffffffff,-33.344113254828244,45.565100431554605,0,False,False
835369fffffffff,-36.57757763488919,49.66251332561532,0,False,False
83536cfffffffff,-34.9336861495013,48.64524420319659,0,False,False
83536dfffffffff,-35.561861241875825,49.7051358627691,0,False,False
835f20fffffffff,-17.530394622584634,-22.626014584985064,0,False,False
835f21fffffffff,-16.640669602769684,-23.283679304561208,0,False,False
835f22fffffffff,-17.393071128625078,-21.458202875121422,0,False,False
835f23fffffffff,-16.50479588649173,-22.12945304615545,0,False,False
835f24fffffffff,-18.55837604507076,-23.130013291757177,0,False,False
835f25fffffffff,-17.659974493310276,-23.78728892502554,0,False,False
835f26fffffffff,-18.4274004247644,-21.95474144124319,0,False,False
835f2cfffffffff,-15.758915347236682,-23.92797715452296,0,False,False
835f30fffffffff,-18.140939634694007,-19.58681526320441,0,False,False
835f31fffffffff,-17.24803024995566,-20.284776160920067,0,False,False
835f34fffffffff,-19.189557457008465,-20.074691285596927,0,False,False
835f35fffffffff,-18.288244551024977,-20.773354200057863,0,False,False
835f36fffffffff,-19.03957566412585,-18.875107423559125,0,False,False
836404fffffffff,-43.68671066497984,118.47560354572636,0,False,False
836406fffffffff,-44.10927001760747,116.94443194364352,0,False,False
836410fffffffff,-44.890803687442,113.8214630501216,0,False,False
836412fffffffff,-45.24813143776774,112.23361188157472,0,False,False
836413fffffffff,-46.04491027890392,113.47470062281872,0,False,False
836414fffffffff,-43.73519902836389,114.15471368244177,0,False,False
836415fffffffff,-44.51092389972855,115.39242078285852,0,False,False
836416fffffffff,-44.09870016287879,112.59951018732488,0,False,False
836420fffffffff,-42.07450643666068,120.19007652849888,0,False,False
836421fffffffff,-42.78274849149244,121.4687084711102,0,False,False
836422fffffffff,-42.51894715765114,118.71257228796608,0,False,False
836423fffffffff,-43.24419610724421,119.98421186815844,0,False,False
836424fffffffff,-40.90694025928449,120.38807561126023,0,False,False
836425fffffffff,-41.61218208319059,121.64415448557538,0,False,False
836426fffffffff,-41.3526957987395,118.94046319152056,0,False,False
83642cfffffffff,-43.47614832853822,122.77606389295842,0,False,False
83642efffffffff,-43.95502289652253,121.28618476481314,0,False,False
836430fffffffff,-42.18970601397362,115.98246089972292,0,False,False
836431fffffffff,-42.94449381626379,117.21308175629126,0,False,False
836432fffffffff,-42.57915326956263,114.47520588324534,0,False,False
836433fffffffff,-43.35020125887068,115.69320830912928,0,False,False
836434fffffffff,-41.03047852620025,116.26081567088748,0,False,False
836435fffffffff,-41.78059696645364,117.47142718369184,0,False,False
836436fffffffff,-41.42371671763918,114.78363961883502,0,False,False
836480fffffffff,-45.55254371549327,107.55183901470716,0,False,False
836481fffffffff,-46.42020279780102,108.67746214314656,0,False,False
836482fffffffff,-45.77877540333716,105.93250438429924,0,False,False
836483fffffffff,-46.65994880255978,107.03136860177248,0,False,False
836484fffffffff,-44.439622921271706,108.0536053678021,0,False,False
836485fffffffff,-45.302100494884506,109.16689176949713,0,False,False
836486fffffffff,-44.67673977099401,106.46378067799266,0,False,False
836488fffffffff,-45.70817268564957,122.39395061350514,0,False,False
83648afffffffff,-46.04201078509934,120.80438450527436,0,False,False
83648cfffffffff,-44.56907748710252,122.73808450811929,0,False,False
83648dfffffffff,-45.35056941198637,123.97250377763363,0,False,False
83648efffffffff,-44.91177379650288,121.1777386617534,0,False,False
836490fffffffff,-45.08043841916602,103.27919320770756,0,False,False
836491fffffffff,-45.98068713151017,104.3114639834967,0,False,False
836492fffffffff,-45.24703465037061,101.68934192719382,0,False,False
836493fffffffff,-46.15828607149075,102.69131023607004,0,False,False
836494fffffffff,-43.996136589712464,103.84709811028156,0,False,False
836495fffffffff,-44.89036073375289,104.87149138833234,0,False,False
836496fffffffff,-44.17528506775816,102.28353065044912,0,False,False
836498fffffffff,-47.96321716059767,104.8103519767498,0,False,False
836499fffffffff,-46.351692032838095,119.2061587144938,0,False,False
83649afffffffff,-48.139728731008304,103.1295799148179,0,False,False
83649bfffffffff,-49.043532109594,104.21743672938231,0,False,False
83649cfffffffff,-46.87461883428016,105.38169153484051,0,False,False
83649dfffffffff,-47.76077906049066,106.49121933386256,0,False,False
83649efffffffff,-47.0641579427422,103.7311587837672,0,False,False
8364a0fffffffff,-43.05247642352514,110.09327623289435,0,False,False
8364a1fffffffff,-45.58222800225216,110.63106831757828,0,False,False
8364a2fffffffff,-43.32225488069761,108.53758513742756,0,False,False
8364a3fffffffff,-44.17916808073638,109.6385324790641,0,False,False
8364a4fffffffff,-25.89903270501669,166.1205948540212,0,False,False
8364a5fffffffff,-42.76054849386245,111.64127817768336,0,False,False
8364a6fffffffff,-24.917306210637644,165.4208982641401,0,False,False
8364a8fffffffff,-43.05174931088528,124.59107695090908,0,False,False
8364a9fffffffff,-43.81559656625112,125.82328228070314,0,False,False
8364aafffffffff,-43.424686648352505,123.07021524041784,0,False,False
8364abfffffffff,-44.20350853817331,124.28730553734168,0,False,False
8364acfffffffff,-46.39537596285088,111.85293422960495,0,False,False
8364adfffffffff,-42.65739128867813,126.0987409540319,0,False,False
8364aefffffffff,-46.721562625912505,110.21647571864813,0,False,False
8364b0fffffffff,-22.95881509015576,164.0638947969817,0,False,False
8364b1fffffffff,-43.56957578902545,106.97645502655602,0,False,False
8364b2fffffffff,-21.984027814766016,163.40610588714748,0,False,False
8364b3fffffffff,-43.79423571436961,105.41218400553969,0,False,False
8364b4fffffffff,-22.91357241407244,165.32923868403986,0,False,False
8364b5fffffffff,-23.93689895370902,164.7354109589677,0,False,False
8364f6fffffffff,-44.96970225471543,125.5377899103392,0,False,False
836500fffffffff,-36.72285391990408,119.77082306781264,0,False,False
836501fffffffff,-37.42690633072657,120.93910288845724,0,False,False
836503fffffffff,-37.87308731888048,119.57454075355444,0,False,False
836505fffffffff,-36.27764526322722,121.10971601158126,0,False,False
836508fffffffff,-39.28017070174615,121.9753869265042,0,False,False
836509fffffffff,-39.965902624868754,123.213820353067,0,False,False
83650afffffffff,-39.74249987375499,120.5786469827966,0,False,False
83650bfffffffff,-40.44432709512555,121.81292354689998,0,False,False
83650cfffffffff,-38.1206792256844,122.13188906802073,0,False,False
83650dfffffffff,-38.80301054692332,123.34889458179784,0,False,False
83650efffffffff,-38.58216860504449,120.7621969217068,0,False,False
836512fffffffff,-27.35290712684601,174.1499437267707,0,False,False
836518fffffffff,-39.45954208021695,117.95945116282074,0,False,False
836519fffffffff,-40.18897285015781,119.15978127189231,0,False,False
83651afffffffff,-39.87354590631176,116.5288646831088,0,False,False
83651bfffffffff,-40.61860844808013,117.72003999923828,0,False,False
83651cfffffffff,-38.30439191832546,118.19015433401272,0,False,False
83651dfffffffff,-39.028777501499135,119.3709952587425,0,False,False
83651efffffffff,-38.71991738607667,116.78715876309283,0,False,False
836528fffffffff,-36.4937283197055,123.60451619587788,0,False,False
836529fffffffff,-37.157099699833175,124.80274564072354,0,False,False
83652afffffffff,-36.96679376657324,122.28274995018148,0,False,False
83652bfffffffff,-37.64531199912043,123.47903858945038,0,False,False
83652cfffffffff,-35.3491499723458,123.72557281483286,0,False,False
83652dfffffffff,-36.008714357825504,124.90356009460189,0,False,False
83652efffffffff,-35.81942611302544,122.42826720608562,0,False,False
836550fffffffff,-41.80744016814533,124.36006458699836,0,False,False
836552fffffffff,-42.30345157738032,122.92772323011444,0,False,False
836554fffffffff,-40.638191272644015,124.47710030716914,0,False,False
836556fffffffff,-41.133039957589695,123.07353192889803,0,False,False
836572fffffffff,-39.47275314130035,124.5897332883288,0,False,False
836576fffffffff,-38.31207952629262,124.69820655867902,0,False,False
836580fffffffff,-24.62583301116453,170.56899381941994,0,False,False
836581fffffffff,-25.67601003529439,170.02267317942287,0,False,False
836582fffffffff,-23.67181015171068,169.83678164625178,0,False,False
836583fffffffff,-24.714992001127225,169.28730002757734,0,False,False
836584fffffffff,-24.526136855505587,171.84502638343193,0,False,False
836585fffffffff,-25.57902689030568,171.3146364911533,0,False,False
836586fffffffff,-23.57983901028164,171.10310312735726,0,False,False
836588fffffffff,-40.48544198743924,112.4468284250312,0,False,False
836589fffffffff,-42.94814568549644,112.9514452618757,0,False,False
83658afffffffff,-25.836194222527617,167.42433561021426,0,False,False
83658bfffffffff,-41.62345803783989,112.051244825367,0,False,False
83658cfffffffff,-26.72939224773843,169.4638204045193,0,False,False
83658dfffffffff,-41.79752671521968,113.29017632639744,0,False,False
83658efffffffff,-25.761800403353945,168.72547132252532,0,False,False
836590fffffffff,-21.687258930151664,169.6582687990034,0,False,False
836591fffffffff,-22.71797326009345,169.11787310705634,0,False,False
836592fffffffff,-20.742942013200448,168.9551232823237,0,False,False
836593fffffffff,-21.765317087310844,168.41212914818254,0,False,False
836594fffffffff,-21.600131263704505,170.899918041155,0,False,False
836595fffffffff,-22.63321516962918,170.37422096565743,0,False,False
836596fffffffff,-20.66242737548612,170.18708456386136,0,False,False
836598fffffffff,-23.825224074904853,167.29082450819806,0,False,False
836599fffffffff,-24.86088042327254,166.71196417749294,0,False,False
83659afffffffff,-22.85829079599466,166.59416880289484,0,False,False
83659bfffffffff,-23.886336182582458,166.01366912309615,0,False,False
83659cfffffffff,-23.75366692379156,168.5656122797549,0,False,False
83659dfffffffff,-24.7933989332364,168.00119727043165,0,False,False
83659efffffffff,-22.793051109590696,167.85745410033593,0,False,False
8365a0fffffffff,-25.352510068120505,173.87779481658404,0,False,False
8365a1fffffffff,-26.413698225724023,173.36837187817184,0,False,False
8365a2fffffffff,-24.41615788090101,173.1141789150429,0,False,False
8365a3fffffffff,-25.471097764191303,172.60008835028447,0,False,False
8365a4fffffffff,-25.223589020654327,175.1465675303054,0,False,False
8365a5fffffffff,-26.28601939559656,174.6542757482907,0,False,False
8365a6fffffffff,-24.29618743876828,174.37527267202432,0,False,False
8365a9fffffffff,-40.26992832915688,115.08066596027872,0,False,False
8365aafffffffff,-26.63568631964809,170.7718754999714,0,False,False
8365abfffffffff,-40.64789249533186,113.61641038525822,0,False,False
8365acfffffffff,-27.47879538868177,172.8466519154471,0,False,False
8365aefffffffff,-26.530361349781444,172.0738230247319,0,False,False
8365b0fffffffff,-22.435471140519788,172.87000726787443,0,False,False
8365b1fffffffff,-23.47797685689791,172.3633755107897,0,False,False
8365b2fffffffff,-21.504135417087053,172.1359422412924,0,False,False
8365b3fffffffff,-22.538971357164243,171.62531621939098,0,False,False
8365b4fffffffff,-22.322976495400912,174.10717840476687,0,False,False
8365b5fffffffff,-23.3664830421544,173.61643240221065,0,False,False
8365b6fffffffff,-21.39950432508305,173.36523792746547,0,False,False
83660dfffffffff,-5.755710593310684,-34.25594806683586,0,False,False
836649fffffffff,-13.507531729663873,-31.12172170709027,0,False,False
83664afffffffff,-12.513514757439186,-32.721214135398235,0,False,False
83664bfffffffff,-13.487621017705385,-32.18840051321476,0,False,False
836652fffffffff,-8.510104502074627,-35.91912525766463,0,False,False
836653fffffffff,-9.506968566173535,-35.39345402823579,0,False,False
836658fffffffff,-11.49288991137278,-34.33542072852951,0,False,False
836659fffffffff,-12.480275612857872,-33.803212091684586,0,False,False
83665afffffffff,-11.446901855474504,-35.43123235167745,0,False,False
83665bfffffffff,-12.442238189599967,-34.898207302881204,0,False,False
83665efffffffff,-10.501511001392576,-34.86552729935377,0,False,False
836676fffffffff,-5.830586709546611,-33.203787735727914,0,False,False
8366c0fffffffff,-9.238702493594817,-39.84513045192835,0,False,False
8366c1fffffffff,-10.260493846828217,-39.3180996230286,0,False,False
8366c2fffffffff,-9.16123610541232,-40.98247861781385,0,False,False
8366c3fffffffff,-10.188995078071978,-40.45676614695208,0,False,False
8366c5fffffffff,-9.31198632257867,-38.71681868042637,0,False,False
8366c8fffffffff,-12.239817412308229,-39.39584671046596,0,False,False
8366c9fffffffff,-13.261052509599692,-38.86076644260725,0,False,False
8366cafffffffff,-12.176190460963246,-40.5461643652415,0,False,False
8366cbfffffffff,-13.204246962459129,-40.01225866387095,0,False,False
8366ccfffffffff,-11.280613815601749,-38.78808186318038,0,False,False
8366cdfffffffff,-12.29815966643245,-38.25514317841243,0,False,False
8366cefffffffff,-11.215494760355606,-39.92786820942964,0,False,False
8366d8fffffffff,-11.070430495426535,-42.23407498605764,0,False,False
8366d9fffffffff,-12.107227558685384,-41.70527978727469,0,False,False
8366dafffffffff,-10.990445440747804,-43.39880869619715,0,False,False
8366dbfffffffff,-12.032895442540896,-42.87233532379855,0,False,False
8366dcfffffffff,-10.112931172094845,-41.604126747100565,0,False,False
8366ddfffffffff,-11.14544317061574,-41.07680718222296,0,False,False
8366defffffffff,-10.032295166156125,-42.75935129123796,0,False,False
8366e1fffffffff,-8.44231109399457,-37.016171578653775,0,False,False
8366e3fffffffff,-8.370732110032547,-38.123979081832736,0,False,False
8366e8fffffffff,-10.389901764362698,-37.069966943517656,0,False,False
8366e9fffffffff,-11.396249704709955,-36.539049774065134,0,False,False
8366eafffffffff,-10.327450181319229,-38.1889173444094,0,False,False
8366ebfffffffff,-11.340845313672263,-37.65822993217101,0,False,False
8366ecfffffffff,-9.44608340534525,-36.49028887645254,0,False,False
8366edfffffffff,-10.447900389485648,-35.961951387823625,0,False,False
8366eefffffffff,-9.381103454353758,-37.59830016697541,0,False,False
83675afffffffff,-5.012544626661175,-31.64850588619843,0,False,False
836794fffffffff,-11.404587770261092,-53.99297071872474,0,False,False
836796fffffffff,-10.643986578557682,-53.22893308099418,0,False,False
8367b0fffffffff,-13.089084562398844,-54.46866062597452,0,False,False
8367b2fffffffff,-12.371865923817928,-53.727868130885696,0,False,False
8367b3fffffffff,-12.15865128136149,-54.75647747996106,0,False,False
8367b6fffffffff,-13.422149140672898,-53.52089130094959,0,False,False
836914fffffffff,-20.370918588166283,173.849376506008,0,False,False
836916fffffffff,-21.286500386514387,174.586738343442,0,False,False
836930fffffffff,-19.553993849843767,171.91726013207904,0,False,False
836932fffffffff,-20.476195555679165,172.63528413887647,0,False,False
836933fffffffff,-19.45597252674184,173.1236384770747,0,False,False
836934fffffffff,-19.644341431099512,170.7046014132982,0,False,False
836935fffffffff,-18.633820693712725,171.21109585719822,0,False,False
836936fffffffff,-20.57344327753863,171.41416787221553,0,False,False
8369a0fffffffff,-23.11580273570313,176.09644400568632,0,False,False
8369a2fffffffff,-24.02760549960158,176.8688047721069,0,False,False
8369a4fffffffff,-23.245650449622115,174.86114828327612,0,False,False
8369a5fffffffff,-22.20177961273949,175.33575536314532,0,False,False
8369a6fffffffff,-24.166551087238066,175.62717500881718,0,False,False
8369b0fffffffff,-25.99909277383419,177.19542591888418,0,False,False
8369b1fffffffff,-24.936217591030097,177.65282121405662,0,False,False
8369b3fffffffff,-25.84066742302996,178.44845892749655,0,False,False
8369b4fffffffff,-26.1476856839588,175.9303396821855,0,False,False
8369b5fffffffff,-25.08469449617941,176.40526967327318,0,False,False
836d32fffffffff,-9.57947502029993,-44.00612378684037,0,False,False
836d64fffffffff,-10.161137712552245,-51.48097594710419,0,False,False
836d65fffffffff,-9.877451713503376,-52.46463592437497,0,False,False
836d66fffffffff,-9.406021420083942,-50.72459164030808,0,False,False
837280fffffffff,-41.23289951237794,124.18703466542009,0,False,False
837282fffffffff,-40.64711109048922,122.87073409858476,0,False,False
837284fffffffff,-40.63789920902996,125.51768386562938,0,False,False
837286fffffffff,-40.068210319557856,124.195702599344,0,False,False
837288fffffffff,-35.46872884828489,136.8277535686317,0,False,False
83728afffffffff,-36.583986319631954,136.4519439061434,0,False,False
83728bfffffffff,-36.27907042054708,137.85098758722668,0,False,False
83728efffffffff,-35.76297683471864,135.43647459047756,0,False,False
837291fffffffff,-37.39605226841644,132.20715258783008,0,False,False
837293fffffffff,-38.48117704493533,131.77257090833467,0,False,False
837295fffffffff,-39.48742034140731,122.90393246664485,0,False,False
837298fffffffff,-37.97255064067286,134.64239272085655,0,False,False
837299fffffffff,-37.691134223304935,136.06755185026458,0,False,False
83729afffffffff,-39.06352984288422,134.2318014527389,0,False,False
83729bfffffffff,-38.7892936787168,135.6743158268135,0,False,False
83729cfffffffff,-37.14289363500436,133.62837224560795,0,False,False
83729dfffffffff,-36.87207825617391,135.04386295004022,0,False,False
83729efffffffff,-38.236015507749336,133.21014969409356,0,False,False
8372a2fffffffff,-40.02660789763834,126.82723764376766,0,False,False
8372b0fffffffff,-38.31288245283571,125.48547732670318,0,False,False
8372b1fffffffff,-39.47297369276084,125.5012779774542,0,False,False
8372b3fffffffff,-38.90786434771146,124.20404833820692,0,False,False
8372b4fffffffff,-37.70342320860362,126.74736591834484,0,False,False
8372b5fffffffff,-38.86236105057944,126.78655775105692,0,False,False
8372b6fffffffff,-37.15854023527952,125.47024903009807,0,False,False
8372d2fffffffff,-36.74381315749047,140.28389530784875,0,False,False
8372d3fffffffff,-36.39557326567153,141.6644464929012,0,False,False
8372d6fffffffff,-35.9578518577088,139.2394302986378,0,False,False
838000fffffffff,-27.926383664037647,-9.651744338796494,0,False,False
838001fffffffff,-27.029421385192244,-10.518597705580202,0,False,False
838002fffffffff,-27.69856789389992,-8.34097427737704,0,False,False
838004fffffffff,-29.041537311603893,-10.095915897163298,0,False,False
838005fffffffff,-28.14173977361332,-10.967899061403124,0,False,False
838006fffffffff,-28.81782838848277,-8.770428495434077,0,False,False
83800cfffffffff,-26.128003147821527,-11.370954606936944,0,False,False
83800dfffffffff,-25.223190271514568,-12.208807840172408,0,False,False
838014fffffffff,-29.45707706395662,-6.547868261550895,0,False,False
838015fffffffff,-28.58132927076663,-7.451345813267904,0,False,False
838021fffffffff,-29.449175196153,-12.76054928443099,0,False,False
838022fffffffff,-30.154251991702665,-10.549397274644672,0,False,False
838023fffffffff,-29.252090353415984,-11.42642715337844,0,False,False
838028fffffffff,-27.431975376129675,-13.134364101747284,0,False,False
838029fffffffff,-26.516176510481145,-13.965340413373468,0,False,False
83802afffffffff,-27.236900992147586,-11.824949311288734,0,False,False
83802bfffffffff,-26.32809154881157,-12.66707327315447,0,False,False
83802cfffffffff,-28.533802501215696,-13.61088557046267,0,False,False
83802dfffffffff,-27.61439754828915,-14.445481694314672,0,False,False
83802efffffffff,-28.34430555225952,-12.28807556218541,0,False,False
838030fffffffff,-30.82174262774465,-8.30726333485047,0,False,False
838031fffffffff,-29.93522515587173,-9.2090206224684,0,False,False
838032fffffffff,-30.57995110305916,-6.964689576973795,0,False,False
838033fffffffff,-29.702699299760607,-7.874712674190943,0,False,False
838044fffffffff,-22.674324213346743,-15.887294652712434,0,False,False
838045fffffffff,-21.76141189904242,-16.65571690260827,0,False,False
838060fffffffff,-23.91787388365996,-17.62855939486882,0,False,False
838061fffffffff,-22.994232315582977,-18.386200094559808,0,False,False
838062fffffffff,-23.75860306811312,-16.36722158148379,0,False,False
838063fffffffff,-22.83948428792133,-17.137877574551233,0,False,False
838064fffffffff,-24.99557667829982,-18.127916354379764,0,False,False
838065fffffffff,-24.0661717249622,-18.887123188495053,0,False,False
838066fffffffff,-24.8427333288794,-16.855824777320912,0,False,False
838068fffffffff,-21.007341635637307,-18.635099304297874,0,False,False
838069fffffffff,-20.09620568829595,-19.36200604222585,0,False,False
83806afffffffff,-20.85069586278989,-17.409725612118404,0,False,False
83806bfffffffff,-19.94311588548341,-18.149468663855465,0,False,False
83806cfffffffff,-22.072789730666223,-19.12892756651143,0,False,False
83806dfffffffff,-21.154494121592748,-19.85693550907217,0,False,False
83806efffffffff,-21.9220767124471,-17.893782194479222,0,False,False
838070fffffffff,-24.50282024487063,-14.30669479250552,0,False,False
838071fffffffff,-23.588460557085128,-15.104326013872166,0,False,False
838074fffffffff,-25.59797900699344,-14.781076193837908,0,False,False
838075fffffffff,-24.678440905208525,-15.581665246537892,0,False,False
838076fffffffff,-25.41637856781967,-13.49430313548148,0,False,False
838140fffffffff,-29.157450027128107,-18.900296683525845,0,False,False
838141fffffffff,-28.214472441715152,-19.67957958906721,0,False,False
838142fffffffff,-29.02191466090204,-17.581036217584845,0,False,False
838143fffffffff,-28.08407120044381,-18.37533907128548,0,False,False
838145fffffffff,-29.279353063793195,-20.21517710762012,0,False,False
838148fffffffff,-26.205404801261505,-19.91505923567912,0,False,False
838149fffffffff,-25.266663681993226,-20.66093583483397,0,False,False
83814afffffffff,-26.07158326406611,-18.6361026638214,0,False,False
83814bfffffffff,-25.13689636016265,-19.396695163177203,0,False,False
83814cfffffffff,-27.270697615276426,-20.442357849095195,0,False,False
83814dfffffffff,-26.32716671474093,-21.188888392610025,0,False,False
83814efffffffff,-27.144883710014067,-19.15327247704753,0,False,False
838151fffffffff,-28.87274788650179,-16.258778177506443,0,False,False
838152fffffffff,-29.632535244239342,-14.096846002391707,0,False,False
838153fffffffff,-28.71000624908736,-14.934924065232494,0,False,False
838158fffffffff,-26.85551502814762,-16.56299609657565,0,False,False
838159fffffffff,-25.92569991074579,-17.353268642526547,0,False,False
83815afffffffff,-26.69204016857609,-15.264426282263653,0,False,False
83815bfffffffff,-25.76780041948852,-16.06783024724161,0,False,False
83815cfffffffff,-27.94055994794912,-17.06733903797066,0,False,False
83815dfffffffff,-27.006484641654914,-17.859718249629154,0,False,False
83815efffffffff,-27.78397285125967,-15.75693104742254,0,False,False
838168fffffffff,-28.43607009690804,-22.27150031414968,0,False,False
838169fffffffff,-27.48475826549712,-23.0020607720617,0,False,False
83816afffffffff,-28.331782156086494,-20.97873234371428,0,False,False
83816bfffffffff,-27.38396140574152,-21.725700469898246,0,False,False
838188fffffffff,-31.183442284180547,-4.699933400732534,0,False,False
838189fffffffff,-30.324783982037715,-5.630675449268985,0,False,False
83818dfffffffff,-31.448555040012472,-6.040483752618331,0,False,False
838a00fffffffff,-23.08020251829977,-32.22161423785463,0,False,False
838a01fffffffff,-22.145152780441897,-32.781560383088376,0,False,False
838a02fffffffff,-23.03562706980816,-31.08589364222609,0,False,False
838a03fffffffff,-22.10848351245356,-31.6570635824386,0,False,False
838a04fffffffff,-24.049886220604648,-32.794376293121275,0,False,False
838a05fffffffff,-23.116654228875685,-33.35801940976056,0,False,False
838a06fffffffff,-24.013251108959984,-31.653833391672364,0,False,False
838a08fffffffff,-20.22752887419545,-32.769003415812946,0,False,False
838a09fffffffff,-19.270497478308386,-33.321326980973126,0,False,False
838a0afffffffff,-20.205756695705475,-31.657316252094034,0,False,False
838a0bfffffffff,-19.25823733529825,-32.20792937509841,0,False,False
838a0cfffffffff,-21.19903198818196,-33.33948635815365,0,False,False
838a0dfffffffff,-20.24244654416264,-33.89529785895552,0,False,False
838a0efffffffff,-21.17457207221825,-32.214702549563015,0,False,False
838a10fffffffff,-23.91768967236779,-29.33467917887908,0,False,False
838a11fffffffff,-22.98224224999472,-29.93683362123884,0,False,False
838a12fffffffff,-23.85571294560648,-28.15601791677986,0,False,False
838a13fffffffff,-22.91980007560521,-28.77513781678913,0,False,False
838a14fffffffff,-24.911232836422297,-29.901605308535903,0,False,False
838a15fffffffff,-23.97011633140965,-30.50086881168804,0,False,False
838a16fffffffff,-24.85938689612733,-28.718051172867348,0,False,False
838a18fffffffff,-21.06858593731794,-29.970801019783977,0,False,False
838a19fffffffff,-20.15469506573505,-30.54806059586684,0,False,False
838a1afffffffff,-20.99579697205224,-28.83017232844164,0,False,False
838a1bfffffffff,-20.080861782799776,-29.42360212422067,0,False,False
838a1cfffffffff,-22.053791200629146,-30.524889744200262,0,False,False
838a1dfffffffff,-21.133037392887505,-31.099217314798487,0,False,False
838a1efffffffff,-21.99051489707181,-29.379945378984697,0,False,False
838a21fffffffff,-24.1182529222548,-35.10859651189223,0,False,False
838a23fffffffff,-24.088216985352,-33.94420593937329,0,False,False
838a28fffffffff,-22.190925634951373,-35.07172284812924,0,False,False
838a29fffffffff,-21.22581638135349,-35.63178403736632,0,False,False
838a2afffffffff,-22.17189898513571,-33.91950088512231,0,False,False
838a2bfffffffff,-21.216211946529747,-34.47872592601145,0,False,False
838a2cfffffffff,-23.16570416797472,-35.67439578311797,0,False,False
838a2dfffffffff,-22.20192621477395,-36.237547846319146,0,False,False
838a2efffffffff,-23.145265260563253,-34.5091659978735,0,False,False
838a33fffffffff,-24.953284585229056,-31.072077986411767,0,False,False
838a40fffffffff,-16.3249579606881,-36.0955951661489,0,False,False
838a41fffffffff,-15.326488825961334,-36.63950278128922,0,False,False
838a42fffffffff,-16.34624334596308,-34.96552974648359,0,False,False
838a43fffffffff,-15.356203838080454,-35.509051303058015,0,False,False
838a44fffffffff,-17.297400786000058,-36.691254060209886,0,False,False
838a45fffffffff,-16.297326541608257,-37.23786408290474,0,False,False
838a46fffffffff,-17.316559846688957,-35.549137469896564,0,False,False
838a48fffffffff,-13.357895375586525,-36.58877807540664,0,False,False
838a49fffffffff,-12.351285436499184,-37.12482609336165,0,False,False
838a4afffffffff,-13.398133219468296,-35.46975733632877,0,False,False
838a4bfffffffff,-12.399278746680372,-36.00562148558311,0,False,False
838a4cfffffffff,-14.321968445153804,-37.18078079362526,0,False,False
838a4dfffffffff,-13.312237891559636,-37.71935232543682,0,False,False
838a4efffffffff,-14.359815142222985,-36.05016069483719,0,False,False
838a50fffffffff,-17.3353552591133,-33.30353009318525,0,False,False
838a51fffffffff,-16.361366076845158,-33.84833793259904,0,False,False
838a52fffffffff,-17.335422050357458,-32.20129059211967,0,False,False
838a53fffffffff,-16.370523162667308,-32.74463554446972,0,False,False
838a54fffffffff,-18.304136581955724,-33.87158172070153,0,False,False
838a55fffffffff,-17.329141768489777,-34.41967832099641,0,False,False
838a56fffffffff,-18.30121378024037,-32.75669762312874,0,False,False
838a58fffffffff,-14.418593073309909,-33.8255525296465,0,False,False
838a59fffffffff,-13.433074245485155,-34.36295403027779,0,False,False
838a5afffffffff,-14.43983187186729,-32.732810011796104,0,False,False
838a5bfffffffff,-13.462854356375733,-33.26898123329662,0,False,False
838a5cfffffffff,-15.379983317708351,-34.39103440940706,0,False,False
838a5dfffffffff,-14.391974217062955,-34.93153497747834,0,False,False
838a5efffffffff,-15.397999448285818,-33.28608495160475,0,False,False
838a60fffffffff,-18.248038687519312,-38.46193885207501,0,False,False
838a61fffffffff,-17.238594066348462,-39.01057236404967,0,False,False
838a62fffffffff,-18.272669007845884,-37.29611033716065,0,False,False
838a63fffffffff,-17.2714709941801,-37.84531969934418,0,False,False
838a64fffffffff,-19.226123594202864,-39.08778437578286,0,False,False
838a65fffffffff,-18.21601618244676,-39.63863620242043,0,False,False
838a66fffffffff,-19.249875268440377,-37.91024071111915,0,False,False
838a68fffffffff,-15.248635707335684,-38.93491513218512,0,False,False
838a69fffffffff,-14.228696199333164,-39.475153456521696,0,False,False
838a6afffffffff,-15.29068019003974,-37.781703161914855,0,False,False
838a6bfffffffff,-14.27830112721075,-38.32269507916448,0,False,False
838a6cfffffffff,-16.22237183010769,-39.556066955150165,0,False,False
838a6dfffffffff,-15.200230744412018,-40.098351456672994,0,False,False
838a6efffffffff,-16.263181278257562,-38.39161308443401,0,False,False
838a70fffffffff,-19.27461532206328,-35.590039997494976,0,False,False
838a71fffffffff,-18.29009086301204,-36.14195210752733,0,False,False
838a72fffffffff,-19.27604310103019,-34.44890288615055,0,False,False
838a73fffffffff,-18.300506917577227,-35.00021181677956,0,False,False
838a74fffffffff,-20.250597498162737,-36.189259838302334,0,False,False
838a75fffffffff,-19.26596903094471,-36.7440633075501,0,False,False
838a76fffffffff,-20.25022626651753,-35.03560221865619,0,False,False
838a80fffffffff,-22.575314553001714,-24.018028413174104,0,False,False
838a81fffffffff,-21.64757650379041,-24.68750724647163,0,False,False
838a82fffffffff,-22.464717936305263,-22.805636118675043,0,False,False
838a83fffffffff,-21.53860525175676,-23.490447294525417,0,False,False
838a84fffffffff,-23.610275704693247,-24.553601287190148,0,False,False
838a85fffffffff,-22.67599169938476,-25.222117670432933,0,False,False
838a86fffffffff,-23.50803623549381,-23.333720937009485,0,False,False
838a88fffffffff,-19.70336401556195,-24.816600705021163,0,False,False
838a89fffffffff,-18.795808924264897,-25.458512615693408,0,False,False
838a8afffffffff,-19.58784311220545,-23.64153774373276,0,False,False
838a8bfffffffff,-18.681169836245395,-24.29823655909556,0,False,False
838a8cfffffffff,-20.72565308751121,-25.342457299445417,0,False,False
838a8dfffffffff,-19.81033039673401,-25.98318075526532,0,False,False
838a8efffffffff,-20.617884057846044,-24.16067438374949,0,False,False
838a90fffffffff,-23.272196938931675,-20.87138461539727,0,False,False
838a91fffffffff,-22.34412180182069,-21.585950650696244,0,False,False
838a92fffffffff,-23.138484147444725,-19.63108753313407,0,False,False
838a93fffffffff,-22.21348159599858,-20.36002045366535,0,False,False
838a94fffffffff,-24.32966174245656,-21.391150562792927,0,False,False
838a95fffffffff,-23.39536850007364,-22.10596174732439,0,False,False
838a96fffffffff,-24.2034390903681,-20.141712728091665,0,False,False
838a98fffffffff,-20.37522286106505,-21.77368986140308,0,False,False
838a99fffffffff,-19.46371313535544,-22.45889751554116,0,False,False
838a9afffffffff,-20.240256794689497,-20.570429034239133,0,False,False
838a9bfffffffff,-19.330949234998943,-21.26962316731709,0,False,False
838a9cfffffffff,-21.420128484653983,-22.28565963437829,0,False,False
838a9dfffffffff,-20.501091633350928,-22.97076786013085,0,False,False
838a9efffffffff,-21.29209652368555,-21.07414404060986,0,False,False
838aa0fffffffff,-24.72526941167252,-26.314981247789635,0,False,False
838aa1fffffffff,-23.78395186205182,-26.965696813098244,0,False,False
838aa2fffffffff,-24.642544910559067,-25.097253150072657,0,False,False
838aa3fffffffff,-23.70219883967144,-25.76458399579105,0,False,False
838aa4fffffffff,-25.744281517833866,-26.873380806012484,0,False,False
838aa5fffffffff,-24.797479447188376,-27.522221379876004,0,False,False
838aa6fffffffff,-25.67118284420413,-25.649068067305183,0,False,False
838aa8fffffffff,-21.837364185912488,-27.054647562767624,0,False,False
838aa9fffffffff,-20.91448376103704,-27.67805013804305,0,False,False
838aaafffffffff,-21.747124871346823,-25.87587944053199,0,False,False
838aabfffffffff,-20.8244822141922,-26.51520503473141,0,False,False
838aacfffffffff,-22.848074314492543,-27.601566931179786,0,False,False
838aadfffffffff,-21.918437496799143,-28.22294252023504,0,False,False
838aaefffffffff,-22.7668631399318,-26.41693709842002,0,False,False
838ab0fffffffff,-25.49165052689612,-23.17103981827883,0,False,False
838ab1fffffffff,-24.549126087817783,-23.870013394805195,0,False,False
838ab2fffffffff,-25.384895020175065,-21.919439392495217,0,False,False
838ab3fffffffff,-24.444867746233072,-22.634288453793992,0,False,False
838ab4fffffffff,-26.5347522925238,-23.716322478514986,0,False,False
838ab5fffffffff,-25.587032412145685,-24.41461015479925,0,False,False
838ab6fffffffff,-26.43691789564139,-22.45637040722436,0,False,False
838ac0fffffffff,-16.22911618530315,-28.409876651022152,0,False,False
838ac1fffffffff,-15.356924619952032,-28.98401212918001,0,False,False
838ac2fffffffff,-16.121855681145597,-27.303049347975293,0,False,False
838ac3fffffffff,-15.248838880376947,-27.89179271613853,0,False,False
838ac4fffffffff,-17.210668632310416,-28.934511846867707,0,False,False
838ac5fffffffff,-16.329613244543612,-29.506418626957885,0,False,False
838ac6fffffffff,-17.11112219915404,-27.823026510704413,0,False,False
838accfffffffff,-14.473025986661128,-29.53919870006402,0,False,False
838acefffffffff,-14.38588165547224,-28.467965113526567,0,False,False
838ad0fffffffff,-16.890462095531877,-25.570507508311124,0,False,False
838ad1fffffffff,-16.007763504125432,-26.186628529126818,0,False,False
838ad2fffffffff,-16.76922407548652,-24.430980450501377,0,False,False
838ad3fffffffff,-15.886792010485612,-25.061347150954926,0,False,False
838ad4fffffffff,-17.895935256315934,-26.08669844591736,0,False,False
838ad5fffffffff,-17.00441112672786,-26.701447532647297,0,False,False
838ad6fffffffff,-17.781812057218357,-24.941135277855427,0,False,False
838adcfffffffff,-15.13431064467259,-26.789774412959364,0,False,False
838ae0fffffffff,-18.27670568363465,-30.57042570038364,0,False,False
838ae1fffffffff,-17.3295748175091,-31.11350168413076,0,False,False
838ae2fffffffff,-18.192672036816017,-29.465733704219986,0,False,False
838ae3fffffffff,-17.303144614931327,-30.03521441975814,0,False,False
838ae4fffffffff,-19.2395329653804,-31.10926895775397,0,False,False
838ae5fffffffff,-18.29198471842027,-31.65613834691405,0,False,False
838ae6fffffffff,-19.17429350314656,-30.0035739884568,0,False,False
838ae8fffffffff,-15.417490040173917,-31.11765180226638,0,False,False
838ae9fffffffff,-14.455861865714226,-31.65385140096772,0,False,False
838aeafffffffff,-15.419363128723807,-30.05516557488418,0,False,False
838aebfffffffff,-14.466863741087014,-30.58916797420913,0,False,False
838aecfffffffff,-16.373923295153123,-31.654983622408725,0,False,False
838aedfffffffff,-15.41043670262043,-32.194782240252955,0,False,False
838aeefffffffff,-16.37178491959503,-30.579888402475103,0,False,False
838af0fffffffff,-19.000867715097936,-27.75182288393121,0,False,False
838af1fffffffff,-18.10127637373244,-28.34975069721965,0,False,False
838af2fffffffff,-18.90234795823809,-26.60998105112941,0,False,False
838af3fffffffff,-18.002397509838982,-27.22316191662049,0,False,False
838af4fffffffff,-19.998957460923886,-28.28747827866132,0,False,False
838af5fffffffff,-19.09147351833433,-28.883263311846854,0,False,False
838af6fffffffff,-19.908825069677643,-27.140413368749183,0,False,False
838b09fffffffff,-26.0814444649745,-37.54146326533966,0,False,False
838b0cfffffffff,-27.9886090421234,-37.606091803305176,0,False,False
838b0dfffffffff,-27.047476067008724,-38.18380249562066,0,False,False
838b20fffffffff,-31.75783919302585,-38.99751655278458,0,False,False
838b21fffffffff,-30.8438169810942,-39.58654805310199,0,False,False
838b23fffffffff,-30.817275807416888,-38.3295436095226,0,False,False
838b24fffffffff,-32.69067986819648,-39.6761106824157,0,False,False
838b25fffffffff,-31.78185744416634,-40.26754435936726,0,False,False
838b28fffffffff,-28.965308953750903,-39.49892291954736,0,False,False
838b29fffffffff,-28.01859710646055,-40.07817932230367,0,False,False
838b2afffffffff,-28.94633997622029,-38.25588623255969,0,False,False
838b2bfffffffff,-28.009061714173093,-38.83626637035687,0,False,False
838b2cfffffffff,-29.915337987924616,-40.17183140815616,0,False,False
838b2dfffffffff,-28.97286417389133,-40.75328131519514,0,False,False
838b2efffffffff,-29.898363180583505,-38.91601529579548,0,False,False
838b40fffffffff,-23.159707527326045,-40.460810718721,0,False,False
838b41fffffffff,-22.16016767483221,-41.02120057297508,0,False,False
838b42fffffffff,-23.17492110561204,-39.24706727447557,0,False,False
838b43fffffffff,-22.18396807951736,-39.8089480214743,0,False,False
838b44fffffffff,-24.132725917592005,-41.12222781886996,0,False,False
838b45fffffffff,-23.1349529846967,-41.68443347851021,0,False,False
838b46fffffffff,-24.1488955175337,-39.89679899252856,0,False,False
838b48fffffffff,-20.17317879945461,-40.92226225284788,0,False,False
838b49fffffffff,-19.15491116533026,-41.47355276358402,0,False,False
838b4afffffffff,-20.20480109619237,-39.72291219282812,0,False,False
838b4bfffffffff,-19.194524405079424,-40.27585268507373,0,False,False
838b4cfffffffff,-21.15102706755629,-41.57789716132106,0,False,False
838b4dfffffffff,-20.13307626895503,-42.13083281624246,0,False,False
838b4efffffffff,-21.183132156195807,-40.367370771987495,0,False,False
838b50fffffffff,-24.15209152640376,-37.47819216998476,0,False,False
838b51fffffffff,-23.180819353626408,-38.04415929948759,0,False,False
838b52fffffffff,-24.139652521388488,-36.286846848693806,0,False,False
838b53fffffffff,-23.17765482143737,-36.85298780429159,0,False,False
838b54fffffffff,-25.1243200328468,-38.113242723133645,0,False,False
838b55fffffffff,-24.155266024883502,-38.68180537413207,0,False,False
838b56fffffffff,-25.11186803642104,-36.90917256405476,0,False,False
838b58fffffffff,-21.221191751731645,-37.976506563813125,0,False,False
838b59fffffffff,-20.228111895323583,-38.53371574237885,0,False,False
838b5afffffffff,-21.22756426045972,-36.79796320840326,0,False,False
838b5bfffffffff,-20.243305106905343,-37.35555533783632,0,False,False
838b5cfffffffff,-22.198707533334723,-38.606988905473415,0,False,False
838b5dfffffffff,-21.20645488323579,-39.16659930248073,0,False,False
838b5efffffffff,-22.204610533177384,-37.41623634416735,0,False,False
838b60fffffffff,-25.07395397421269,-43.03918977109487,0,False,False
838b61fffffffff,-24.070122254309368,-43.60034208990453,0,False,False
838b62fffffffff,-25.10207709829677,-41.793230754933234,0,False,False
838b63fffffffff,-24.106532429450457,-42.3570922159861,0,False,False
838b64fffffffff,-26.03627379287332,-43.73072879607626,0,False,False
838b65fffffffff,-25.03513582248728,-44.29301778764282,0,False,False
838b66fffffffff,-26.0668205884506,-42.47384136069764,0,False,False
838b68fffffffff,-22.084624672013017,-43.47267468102235,0,False,False
838b69fffffffff,-21.059822916406134,-44.02427411793163,0,False,False
838b6afffffffff,-22.127109063753483,-42.242780930114485,0,False,False
838b6bfffffffff,-21.1099704974297,-42.79720480979094,0,False,False
838b6cfffffffff,-23.056068843634545,-44.15723841559013,0,False,False
838b6dfffffffff,-22.032578836660747,-44.709822967589,0,False,False
838b6efffffffff,-23.100461424014345,-42.9169277842342,0,False,False
838b70fffffffff,-26.09516105101752,-39.98652273442836,0,False,False
838b71fffffffff,-25.11969260356126,-40.5562331925419,0,False,False
838b72fffffffff,-26.09342260684898,-38.7582141623848,0,False,False
838b73fffffffff,-25.127022371640983,-39.32924052111945,0,False,False
838b74fffffffff,-27.058759869005065,-40.6537014186568,0,False,False
838b75fffffffff,-26.08637740484712,-41.22541020431975,0,False,False
838b76fffffffff,-27.058484292062044,-39.41317348106891,0,False,False
838b8bfffffffff,-25.80654294349683,-28.086569522723263,0,False,False
838b99fffffffff,-26.69525903330645,-26.209126589801944,0,False,False
838b9afffffffff,-27.57321751026584,-24.270240306371345,0,False,False
838b9bfffffffff,-26.620806843709502,-24.96760489357981,0,False,False
838cd0fffffffff,-33.73516478544698,125.09478170598057,0,False,False
838cd1fffffffff,-34.37634065484896,126.2534092747876,0,False,False
838cd2fffffffff,-34.21243295674601,123.84243702432256,0,False,False
838cd3fffffffff,-34.867791851772175,125.00084490148478,0,False,False
838cd5fffffffff,-33.248605780391344,126.32511963413036,0,False,False
838cdafffffffff,-36.65709665891698,126.10224137518205,0,False,False
838cdefffffffff,-35.51277383057887,126.1791621126068,0,False,False
838cf3fffffffff,-32.1303381402027,126.39442080569584,0,False,False
838d26fffffffff,-45.970434204324434,102.17479540552206,0,False,False
838e25fffffffff,-13.61045071310658,-48.96989416757422,0,False,False
838e29fffffffff,-17.67948320335806,-49.33179159925519,0,False,False
838e2cfffffffff,-15.645041151254436,-49.14904270516385,0,False,False
838e2dfffffffff,-16.711477525739536,-48.62812894636423,0,False,False
838e41fffffffff,-23.81970943301344,-48.63470349334129,0,False,False
838e44fffffffff,-21.81823405142637,-48.45364643520081,0,False,False
838e45fffffffff,-22.86237051896089,-47.91390842557673,0,False,False
838e4cfffffffff,-24.85320374697158,-48.09016686739592,0,False,False
838e4dfffffffff,-25.8770944600888,-47.54057945739824,0,False,False
838e60fffffffff,-20.931856188662447,-46.49741707268626,0,False,False
838e61fffffffff,-21.970869780687792,-45.953127393243214,0,False,False
838e62fffffffff,-20.853922413994628,-47.74126482493438,0,False,False
838e63fffffffff,-21.89943128956991,-47.20145545446458,0,False,False
838e64fffffffff,-19.960621558631548,-45.80185390944921,0,False,False
838e65fffffffff,-21.00047636861829,-45.25804403347437,0,False,False
838e66fffffffff,-19.88548556970832,-47.03709635496046,0,False,False
838e68fffffffff,-23.96605524066872,-46.10757391280544,0,False,False
838e69fffffffff,-24.985472171963345,-45.553578416323006,0,False,False
838e6afffffffff,-23.898193691045087,-47.36924790668965,0,False,False
838e6bfffffffff,-24.92485164353344,-46.819697009583166,0,False,False
838e6cfffffffff,-23.001645524029595,-45.40426747466806,0,False,False
838e6dfffffffff,-24.023337070862503,-44.8508815066474,0,False,False
838e6efffffffff,-22.9370979695382,-46.656879723044085,0,False,False
838e71fffffffff,-20.766670859214308,-48.988433876684695,0,False,False
838e74fffffffff,-18.743007053125947,-48.80645933771381,0,False,False
838e75fffffffff,-19.801471352733174,-48.27627556868283,0,False,False
838f08fffffffff,-11.6818845864603,-47.60155097989291,0,False,False
838f09fffffffff,-12.742550666117536,-47.084757964824405,0,False,False
838f0bfffffffff,-12.645413186441976,-48.28198436850767,0,False,False
838f0dfffffffff,-11.77763863749836,-46.412016722355325,0,False,False
838f40fffffffff,-15.990196292542793,-44.3037422019456,0,False,False
838f41fffffffff,-17.034798872311143,-43.76645306091542,0,False,False
838f42fffffffff,-15.914543873927691,-45.5084507285297,0,False,False
838f43fffffffff,-16.965277330360614,-44.97449151286511,0,False,False
838f44fffffffff,-15.015904016675334,-43.64143567956911,0,False,False
838f45fffffffff,-16.058754741322254,-43.10517491236067,0,False,False
838f46fffffffff,-14.941217247612196,-44.836987238667966,0,False,False
838f48fffffffff,-19.05110417349381,-43.89403963536896,0,False,False
838f49fffffffff,-20.08435210637506,-43.34764360736248,0,False,False
838f4afffffffff,-18.98671072800109,-45.114815153278194,0,False,False
838f4bfffffffff,-20.026894220143586,-44.57167125518805,0,False,False
838f4cfffffffff,-18.07408649829452,-43.22516919764947,0,False,False
838f4dfffffffff,-19.107142508869824,-42.67994358281875,0,False,False
838f4efffffffff,-18.011109038456688,-44.43633899121375,0,False,False
838f50fffffffff,-14.771852438095843,-47.24397284723609,0,False,False
838f51fffffffff,-15.831785745893493,-46.718275331401976,0,False,False
838f52fffffffff,-14.677220494856288,-48.45333767714089,0,False,False
838f53fffffffff,-15.741937221215968,-47.93216390730204,0,False,False
838f54fffffffff,-13.802205490255512,-46.56362146514408,0,False,False
838f55fffffffff,-14.859863311615786,-46.03817380072079,0,False,False
838f56fffffffff,-13.709398274174196,-47.76521881862365,0,False,False
838f58fffffffff,-17.861254212485782,-46.87606891987591,0,False,False
838f59fffffffff,-18.91390705521575,-46.34120883466701,0,False,False
838f5afffffffff,-17.77434657896188,-48.10248275403957,0,False,False
838f5bfffffffff,-18.83266955717416,-47.572129031147945,0,False,False
838f5cfffffffff,-16.888216280460785,-46.1881586409825,0,False,False
838f5dfffffffff,-17.94017504743621,-45.65365871822528,0,False,False
838f5efffffffff,-16.80360893311048,-47.40639807087943,0,False,False
838f60fffffffff,-14.111294714436829,-41.80846453476211,0,False,False
838f61fffffffff,-15.145359893930385,-41.27117720164792,0,False,False
838f62fffffffff,-14.04335752047536,-42.98758719366995,0,False,False
838f63fffffffff,-15.083938496335763,-42.45251247603978,0,False,False
838f64fffffffff,-13.141746316258663,-41.173021196414986,0,False,False
838f65fffffffff,-14.173054216515665,-40.637357834894125,0,False,False
838f66fffffffff,-13.073494204609087,-42.34220279470458,0,False,False
838f68fffffffff,-17.151391152845648,-41.371333999279074,0,False,False
838f69fffffffff,-18.176438848436096,-40.82534930498915,0,False,False
838f6afffffffff,-17.09681600676152,-42.565069900916974,0,False,False
838f6bfffffffff,-18.129167141336065,-42.021176171715645,0,False,False
838f6cfffffffff,-16.174767158241025,-40.73040070515072,0,False,False
838f6dfffffffff,-17.198612804841996,-40.18619822163643,0,False,False
838f6efffffffff,-16.120257255339173,-41.91374213229884,0,False,False
838f70fffffffff,-12.919609401169286,-44.702219743499015,0,False,False
838f71fffffffff,-13.969203912039292,-44.173800157112105,0,False,False
838f72fffffffff,-12.833965906338232,-45.89116513086905,0,False,False
838f73fffffffff,-13.888817596618962,-45.36614233132849,0,False,False
838f74fffffffff,-11.953179732408865,-44.04643521769859,0,False,False
838f75fffffffff,-12.999453928952756,-43.51891181693029,0,False,False
838f76fffffffff,-11.868085663027731,-45.2266492386214,0,False,False
839400fffffffff,-43.5915270893898,119.47753120451908,0,False,False
839401fffffffff,-43.52627108205193,120.94914215713987,0,False,False
839402fffffffff,-44.53448642121473,118.89243024635824,0,False,False
839403fffffffff,-44.48192052482392,120.37561306345258,0,False,False
839405fffffffff,-42.63329152736145,120.05185026279015,0,False,False
839406fffffffff,-43.63748810569018,118.01844114842676,0,False,False
839408fffffffff,-44.3164453900628,123.37511622822872,0,False,False
839409fffffffff,-44.20275758091356,124.88752178782924,0,False,False
83940afffffffff,-45.28161120763768,122.81635073319754,0,False,False
83940bfffffffff,-45.18004653992547,124.34311989649294,0,False,False
83940cfffffffff,-43.44126973327956,122.43147162037025,0,False,False
83940dfffffffff,-43.33614235072315,123.9226336080344,0,False,False
83940efffffffff,-44.409382429342806,121.87048104054624,0,False,False
839410fffffffff,-45.48181722984672,116.8162919810799,0,False,False
839411fffffffff,-45.461731804928654,118.29636641169064,0,False,False
839412fffffffff,-46.3798448737725,116.19888668146903,0,False,False
839413fffffffff,-46.37287075579589,117.68916137322049,0,False,False
839414fffffffff,-44.58174616307152,115.96831843956218,0,False,False
839415fffffffff,-44.567575700014224,117.4227581885148,0,False,False
839416fffffffff,-45.48287580007931,115.35249187385205,0,False,False
839418fffffffff,-46.2990868407285,120.71468595469176,0,False,False
839419fffffffff,-46.231172661424445,122.24609652527862,0,False,False
83941cfffffffff,-45.42201812876713,119.79098210933904,0,False,False
83941dfffffffff,-45.36213555284722,121.2982928319732,0,False,False
83941efffffffff,-46.34614655639987,119.19504912302784,0,False,False
83942afffffffff,-42.55553293667843,121.5117709342604,0,False,False
83942bfffffffff,-42.45828599159992,122.98148563577764,0,False,False
839433fffffffff,-43.66466794674735,116.57357903346494,0,False,False
839440fffffffff,-42.70949088013229,129.9357432840808,0,False,False
839441fffffffff,-42.50081195997934,131.4408536458451,0,False,False
839444fffffffff,-41.86887461645067,128.9203929930537,0,False,False
839445fffffffff,-41.67073266519972,130.41026963580717,0,False,False
839446fffffffff,-42.89735496690379,128.42928992831435,0,False,False
839454fffffffff,-44.0680475021538,126.40563700653152,0,False,False
839455fffffffff,-43.9121285839852,127.92735360384404,0,False,False
839462fffffffff,-41.015497749036406,127.92690283364716,0,False,False
839463fffffffff,-40.8273215168334,129.4009399013679,0,False,False
839468fffffffff,-40.39150661663904,132.345332591338,0,False,False
839469fffffffff,-40.14418925586287,133.81181838394608,0,False,False
83946afffffffff,-41.452299900149335,131.89819219999,0,False,False
83946bfffffffff,-41.21374240720135,133.38216426350417,0,False,False
83946cfffffffff,-39.55585111137849,131.32840782062692,0,False,False
83946dfffffffff,-39.31915605814456,132.7825594874571,0,False,False
83946efffffffff,-40.619285233757154,130.8743981136278,0,False,False
839470fffffffff,-42.20406307986783,125.94282584593437,0,False,False
839471fffffffff,-42.04664806135497,127.43057448290716,0,False,False
839472fffffffff,-43.21058352156473,125.42067185543196,0,False,False
839473fffffffff,-43.06436803225829,126.92357450971993,0,False,False
839474fffffffff,-41.33222652064151,124.98487914111205,0,False,False
839475fffffffff,-41.18378191799039,126.4542363748825,0,False,False
839476fffffffff,-42.341215853086304,124.45914210189504,0,False,False
839480fffffffff,-49.85003768031933,115.14549228385766,0,False,False
839481fffffffff,-49.876172130080015,116.69437641231345,0,False,False
839482fffffffff,-50.67626337466472,114.48004622855336,0,False,False
839483fffffffff,-50.71572700696507,116.03902355035808,0,False,False
839484fffffffff,-48.97361205405347,114.27954939630096,0,False,False
839485fffffffff,-49.00638168164927,115.79896917673943,0,False,False
839486fffffffff,-49.80395745912944,113.61692987272578,0,False,False
839488fffffffff,-50.73173302946256,119.21404349708402,0,False,False
83948afffffffff,-51.58036333924745,118.56979574076529,0,False,False
83948bfffffffff,-51.568706860867486,120.19530305244156,0,False,False
83948cfffffffff,-49.88160112644118,118.26168396994,0,False,False
83948dfffffffff,-49.86562402987217,119.84536124349316,0,False,False
83948efffffffff,-50.73446519995697,117.61771039408524,0,False,False
839491fffffffff,-51.48491107633664,113.80248364131349,0,False,False
839495fffffffff,-50.61687585196152,112.94267406545352,0,False,False
839498fffffffff,-52.38742107830307,116.29143147696028,0,False,False
839499fffffffff,-52.411344114769925,117.9123846269694,0,False,False
83949afffffffff,-53.18724550774728,115.60872757851054,0,False,False
83949bfffffffff,-53.224540213088886,117.24158104366266,0,False,False
83949cfffffffff,-51.5377086001192,115.37123368728562,0,False,False
83949dfffffffff,-51.56978888032277,116.96102700218728,0,False,False
83949efffffffff,-52.34198519148372,114.69083605249536,0,False,False
8394a0fffffffff,-47.23595822894448,114.08861417515551,0,False,False
8394a1fffffffff,-47.26133436995897,115.57039093618042,0,False,False
8394a2fffffffff,-48.08735099432124,113.44031435039425,0,False,False
8394a3fffffffff,-48.126003778580944,114.93065858323835,0,False,False
8394a4fffffffff,-46.33717214353034,113.27200954898332,0,False,False
8394a5fffffffff,-46.36771339794124,114.72596628018792,0,False,False
8394a6fffffffff,-47.19216272667647,112.6269141989773,0,False,False
8394a8fffffffff,-48.14505038236405,117.96848686819442,0,False,False
8394aafffffffff,-49.01921150997016,117.33746976191478,0,False,False
8394abfffffffff,-49.01138449062951,118.89315513955438,0,False,False
8394acfffffffff,-47.267555101870975,117.07064008806172,0,False,False
8394adfffffffff,-47.25393345479824,118.58761590302484,0,False,False
8394aefffffffff,-48.14547982291242,116.44063148092272,0,False,False
8394b0fffffffff,-48.8513762767214,111.30475989445692,0,False,False
8394b1fffffffff,-48.92167234769168,112.78095261215094,0,False,False
8394b2fffffffff,-49.65524011128541,110.62753235613756,0,False,False
8394b3fffffffff,-49.738741276164845,112.11042255748924,0,False,False
8394b4fffffffff,-47.955654950030336,110.5247356860822,0,False,False
8394b5fffffffff,-48.03029684651641,111.97119385748384,0,False,False
8394b6fffffffff,-48.76357292293596,109.85238667415602,0,False,False
839569fffffffff,-36.55070087861613,126.70958199763244,0,False,False
839588fffffffff,-44.55583066358587,113.111445065921,0,False,False
839589fffffffff,-44.57761082574157,114.53071870845592,0,False,False
83958afffffffff,-45.43057726948318,112.48002609894864,0,False,False
83958bfffffffff,-45.46556228688161,113.90657646438795,0,False,False
83958dfffffffff,-43.66501663519271,113.73283192552928,0,False,False
839599fffffffff,-46.288960391386766,111.83848721459594,0,False,False
83959bfffffffff,-47.130724851131696,111.18674791620988,0,False,False
839c30fffffffff,-45.33268856369515,152.47822088061804,0,False,False
839c32fffffffff,-44.27688012700352,152.6351047701771,0,False,False
839c34fffffffff,-45.90768963880768,153.7635609444932,0,False,False
839c36fffffffff,-44.84102617581009,153.89199905480294,0,False,False
839c88fffffffff,-38.22991774003236,146.2575252316406,0,False,False
839c89fffffffff,-38.62857205161843,144.88919095497317,0,False,False
839c8bfffffffff,-37.51341971204714,145.17015933354196,0,False,False
839c8dfffffffff,-39.3401644672353,145.98858440964557,0,False,False
839cc2fffffffff,-39.73093814713839,140.67594287976698,0,False,False
839cc3fffffffff,-40.06462531041608,139.24004442247545,0,False,False
839cc8fffffffff,-40.67735574372857,136.3304451652007,0,False,False
839cc9fffffffff,-40.955314210721205,134.8602211354159,0,False,False
839ccafffffffff,-39.59217576930774,136.72393278598904,0,False,False
839ccbfffffffff,-39.87762174334223,135.27196542109897,0,False,False
839ccefffffffff,-40.38029127006133,137.79098012727832,0,False,False
839cd0fffffffff,-38.27176148741427,142.41561996222495,0,False,False
839cd1fffffffff,-38.627463068893135,141.01335658916847,0,False,False
839cd2fffffffff,-37.15557895865605,142.72656644614509,0,False,False
839cd3fffffffff,-37.51538850530958,141.34277109175122,0,False,False
839cd4fffffffff,-39.01216750334415,143.5019534483659,0,False,False
839cd5fffffffff,-39.379880502707,142.09707698925857,0,False,False
839cd6fffffffff,-37.90015381431416,143.80165841907586,0,False,False
839cd8fffffffff,-38.18667143096762,138.53215693294823,0,False,False
839cd9fffffffff,-38.496848432803496,137.10833558863982,0,False,False
839cdafffffffff,-37.07623082418749,138.8898984260689,0,False,False
839cdbfffffffff,-37.39219412160468,137.4839311714221,0,False,False
839cdcfffffffff,-38.96653235193011,139.59628942547576,0,False,False
839cddfffffffff,-39.28830322252318,138.16594204800992,0,False,False
839cdefffffffff,-37.859312382117714,139.9441504669276,0,False,False
839cf2fffffffff,-39.73589701464273,144.6012319837001,0,False,False
839cf6fffffffff,-40.44229830741615,145.71286498784642,0,False,False
839d02fffffffff,-48.68121189502275,157.83696108661263,0,False,False
839d06fffffffff,-49.22066536013281,159.32879911815374,0,False,False
839d10fffffffff,-47.005176420690034,159.31630596742056,0,False,False
839d11fffffffff,-47.575592155002425,157.86932817246944,0,False,False
839d12fffffffff,-45.91389552339174,159.31052785602807,0,False,False
839d13fffffffff,-46.48077319759232,157.90005930677873,0,False,False
839d14fffffffff,-47.51609064544799,160.77279399513293,0,False,False
839d15fffffffff,-48.10765149251616,159.32238817004867,0,False,False
839d1afffffffff,-46.47412673404728,155.0901978343652,0,False,False
839d1efffffffff,-47.03058247105284,156.45866228910037,0,False,False
839d22fffffffff,-50.873435591105846,160.91551264781032,0,False,False
839d24fffffffff,-52.52693902421448,162.64408533873427,0,False,False
839d26fffffffff,-51.38498581242953,162.5423640163723,0,False,False
839d30fffffffff,-49.126760186244425,162.35540462447017,0,False,False
839d31fffffffff,-49.74458274044053,160.86533204917242,0,False,False
839d33fffffffff,-48.62522572264395,160.81782870825094,0,False,False
839d35fffffffff,-50.2513272732021,162.44628944392915,0,False,False
839da8fffffffff,-44.86971059424509,156.58629772653694,0,False,False
839da9fffffffff,-45.39729204766388,155.18816031346176,0,False,False
839dabfffffffff,-44.332220066384096,155.28144031019264,0,False,False
839dacfffffffff,-45.39738578968489,157.92927544641694,0,False,False
839dadfffffffff,-45.94433662958275,156.5240681791971,0,False,False
83a600fffffffff,-53.95058033589771,99.8589357412113,0,False,False
83a602fffffffff,-53.316062241085326,100.61361776906422,0,False,False
83a603fffffffff,-53.323948093042944,99.0856669508577,0,False,False
83a604fffffffff,-54.72698057067747,99.87072698521796,0,False,False
83a605fffffffff,-54.19043268588291,98.60044625532784,0,False,False
83a606fffffffff,-54.17740797094311,101.12422075542186,0,False,False
83a611fffffffff,-52.66487445068309,101.35966249059614,0,False,False
83a614fffffffff,-53.74243347992341,103.40577710359784,0,False,False
83a615fffffffff,-53.535808385376406,101.99239260623185,0,False,False
83a61afffffffff,-51.249544632509775,99.90899963733187,0,False,False
83a61cfffffffff,-52.622565685882286,99.88432276806964,0,False,False
83a61efffffffff,-51.90546684012277,100.6689789047189,0,False,False
83a620fffffffff,-55.80757929117582,98.44692858755752,0,False,False
83a621fffffffff,-55.276917536451975,97.04103700617596,0,False,False
83a622fffffffff,-55.51796223360779,99.88321359375024,0,False,False
83a623fffffffff,-55.00813183757055,98.47599558372322,0,False,False
83a624fffffffff,-56.62185812185756,98.41606834959954,0,False,False
83a625fffffffff,-56.084124605838745,96.96799911499431,0,False,False
83a626fffffffff,-56.32362981949763,99.89645894592832,0,False,False
83a62afffffffff,-53.50679179771293,97.74296682835694,0,False,False
83a62efffffffff,-54.42114574802779,97.30363817176584,0,False,False
83a630fffffffff,-55.2525531366733,102.54104335724683,0,False,False
83a631fffffffff,-55.02672809117568,101.1990011101959,0,False,False
83a632fffffffff,-54.60147743990247,103.76814699507332,0,False,False
83a633fffffffff,-54.39471073924699,102.42719099317154,0,False,False
83a634fffffffff,-56.12299661751254,102.66172065940106,0,False,False
83a635fffffffff,-55.88859416210104,101.27820215174418,0,False,False
83a636fffffffff,-55.46726466505239,103.92323478137664,0,False,False
83a680fffffffff,-49.15635988253554,104.9572635686109,0,False,False
83a681fffffffff,-48.99503932093306,103.60979248005744,0,False,False
83a682fffffffff,-48.40396595257568,105.64983136783312,0,False,False
83a683fffffffff,-48.25504434689167,104.30356193867313,0,False,False
83a684fffffffff,-50.05194133247058,105.63367443006136,0,False,False
83a685fffffffff,-49.89186605402824,104.2556511528886,0,False,False
83a686fffffffff,-49.30397053131709,106.33355936701486,0,False,False
83a68afffffffff,-47.50123995695404,102.1818755443984,0,False,False
83a68cfffffffff,-48.98599484745941,102.18914861595668,0,False,False
83a68dfffffffff,-49.069559755542606,100.69576829191467,0,False,False
83a68efffffffff,-48.201201430043554,102.92237709477172,0,False,False
83a690fffffffff,-47.75700427005323,107.70476337705486,0,False,False
83a691fffffffff,-47.63474100525214,106.33332985476336,0,False,False
83a694fffffffff,-48.65913830955807,108.42508087345264,0,False,False
83a695fffffffff,-48.53896730333776,107.0239234870086,0,False,False
83a696fffffffff,-47.86426889872553,109.10221906352696,0,False,False
83a698fffffffff,-46.58796450449935,104.34930392798904,0,False,False
83a699fffffffff,-46.69480860501388,102.90540135381858,0,False,False
83a69cfffffffff,-47.4983662563259,104.98872516874174,0,False,False
83a69dfffffffff,-47.40174678393456,103.6423845042492,0,False,False
83a6a8fffffffff,-50.42484129013918,102.19662261496232,0,False,False
83a6a9fffffffff,-50.51042183705718,100.68255936905628,0,False,False
83a6aafffffffff,-49.71830941114653,102.90746088117888,0,False,False
83a6abfffffffff,-49.75582519784949,101.44257837490404,0,False,False
83a6adfffffffff,-51.17282503510127,101.43971363055216,0,False,False
83a6b2fffffffff,-49.55433727889734,109.16964640800448,0,False,False
83a6b3fffffffff,-49.43693986056094,107.73797621008426,0,False,False
83a6f0fffffffff,-49.8864016569493,98.41303523890718,0,False,False
83a6f2fffffffff,-49.13404490671903,99.1911618019161,0,False,False
83a6f4fffffffff,-50.576545296133226,99.15697482617156,0,False,False
83a6f6fffffffff,-49.83084903569357,99.93299572731046,0,False,False
83a700fffffffff,-59.6945352637199,99.95860223801044,0,False,False
83a701fffffffff,-59.15434701760587,98.31089972942226,0,False,False
83a702fffffffff,-59.34476634366192,101.58768047484584,0,False,False
83a703fffffffff,-58.82949243259427,99.941508372817,0,False,False
83a708fffffffff,-57.7433692606069,96.80777183130198,0,False,False
83a70afffffffff,-57.45104604675517,98.38324366092732,0,False,False
83a70bfffffffff,-56.90625352111508,96.89039152298668,0,False,False
83a70efffffffff,-58.29519855260966,98.34826080417643,0,False,False
83a710fffffffff,-59.05465914138328,104.64716846714332,0,False,False
83a711fffffffff,-58.808356143159166,103.07143118176224,0,False,False
83a712fffffffff,-58.363517157009895,106.01911562162772,0,False,False
83a713fffffffff,-58.139572939804,104.44864647067496,0,False,False
83a715fffffffff,-59.727472928523326,103.22659350937286,0,False,False
83a718fffffffff,-57.64944205269253,101.45153134672508,0,False,False
83a719fffffffff,-57.14406849055668,99.9105343643076,0,False,False
83a71afffffffff,-57.00589839839698,102.78985437444317,0,False,False
83a71bfffffffff,-56.76288253509176,101.36222748553764,0,False,False
83a71cfffffffff,-58.48974677289568,101.51737069395092,0,False,False
83a71dfffffffff,-57.97934230999009,99.9255203995616,0,False,False
83a71efffffffff,-57.9010860503125,102.92615619925644,0,False,False
83a756fffffffff,-56.34634856807866,95.44655611884546,0,False,False
83a7a1fffffffff,-57.65521420616257,107.34339587742367,0,False,False
83a7a8fffffffff,-56.55537626362037,105.55640215526422,0,False,False
83a7a9fffffffff,-56.3456595691735,104.0877405702158,0,False,False
83a7abfffffffff,-55.66973481747468,105.34572291597227,0,False,False
83a7acfffffffff,-57.45338105125063,105.78043205315498,0,False,False
83a7adfffffffff,-57.23649537387804,104.26254613746688,0,False,False
83a7aefffffffff,-56.7508940179367,107.0676301937128,0,False,False
83b200fffffffff,-37.5226303758787,-48.94275649587083,0,False,False
83b203fffffffff,-38.40518740748548,-49.681404214862894,0,False,False
83b204fffffffff,-36.6262925781845,-48.21397767539506,0,False,False
83b205fffffffff,-37.52511383722218,-47.55601504087069,0,False,False
83b218fffffffff,-39.238753888184256,-51.83868864581417,0,False,False
83b21bfffffffff,-40.08364567851804,-52.605793655936594,0,False,False
83b21cfffffffff,-38.37866437074442,-51.08096421103657,0,False,False
83b220fffffffff,-35.70575562887628,-46.130084318173445,0,False,False
83b221fffffffff,-36.601608449121805,-45.467525234685546,0,False,False
83b222fffffffff,-35.71677651752984,-47.49510237029126,0,False,False
83b223fffffffff,-36.62180662144069,-46.83796621520124,0,False,False
83b224fffffffff,-34.777624348387285,-45.43236646350102,0,False,False
83b225fffffffff,-35.67947040653617,-44.77135137921381,0,False,False
83b226fffffffff,-34.79472749970333,-46.78615179350488,0,False,False
83b2dafffffffff,-44.841284072905545,-58.70241213438473,0,False,False
83b2defffffffff,-43.95811238871111,-58.02700475674138,0,False,False
83b2f5fffffffff,-40.912895342421415,-53.38217443250367,0,False,False
83b300fffffffff,-29.86135342711036,-45.292426586056166,0,False,False
83b301fffffffff,-30.826164845480985,-44.71815286740448,0,False,False
83b302fffffffff,-29.81619517236404,-46.59095775220271,0,False,False
83b303fffffffff,-30.78945542696929,-46.021023779036014,0,False,False
83b304fffffffff,-28.92417821098298,-44.57338058315626,0,False,False
83b305fffffffff,-29.89365088730541,-44.00000942463743,0,False,False
83b306fffffffff,-28.88340152905941,-45.86185374404749,0,False,False
83b308fffffffff,-32.69507356026471,-44.866118341273456,0,False,False
83b309fffffffff,-33.626392268077616,-44.281252750063416,0,False,False
83b30afffffffff,-32.662148575841904,-46.18369302938038,0,False,False
83b30bfffffffff,-33.60236916965912,-45.6030955146312,0,False,False
83b30cfffffffff,-31.777268658555403,-44.13908729497175,0,False,False
83b30dfffffffff,-32.71414666765979,-43.55528940710366,0,False,False
83b30efffffffff,-31.749262916441044,-45.446060489409696,0,False,False
83b319fffffffff,-33.86083221173237,-46.08713442241331,0,False,False
83b31dfffffffff,-31.70766640612513,-46.75912341036452,0,False,False
83b320fffffffff,-28.00371268514457,-42.59310618998448,0,False,False
83b321fffffffff,-28.968700433354563,-42.017898978878215,0,False,False
83b322fffffffff,-27.978777624740733,-43.86392122103818,0,False,False
83b323fffffffff,-28.952548483117724,-43.29165610723667,0,False,False
83b324fffffffff,-27.0480225700536,-41.90436092690086,0,False,False
83b325fffffffff,-28.016906053182545,-41.330816742576815,0,False,False
83b326fffffffff,-27.02602604409147,-43.16407125503864,0,False,False
83b328fffffffff,-30.86035306144058,-42.13392310460689,0,False,False
83b329fffffffff,-31.793308464094093,-41.548593224650126,0,False,False
83b32afffffffff,-30.84972918411792,-43.42203176244405,0,False,False
83b32bfffffffff,-31.79187203151989,-42.83951089568761,0,False,False
83b32cfffffffff,-29.92040374460983,-41.4385193942646,0,False,False
83b32dfffffffff,-30.858285525262165,-40.85504163674644,0,False,False
83b32efffffffff,-29.913261483835008,-42.71496783276402,0,False,False
83b330fffffffff,-26.94745678387232,-45.70607359670521,0,False,False
83b331fffffffff,-27.94190092474369,-45.14208663344032,0,False,False
83b332fffffffff,-26.89058594620263,-46.98597320089532,0,False,False
83b333fffffffff,-27.892924691829226,-46.426384382716485,0,False,False
83b334fffffffff,-25.994557197852863,-44.99493782562629,0,False,False
83b335fffffffff,-26.99256077849845,-44.43170101557783,0,False,False
83b336fffffffff,-25.94153039430253,-46.26529204340753,0,False,False
83b350fffffffff,-35.43818677275699,-44.42660795214037,0,False,False
83b354fffffffff,-34.5427728777957,-43.691524179268725,0,False,False
83b355fffffffff,-35.44381774290809,-43.09699822241538,0,False,False
83b356fffffffff,-34.527856308415195,-45.01738178878192,0,False,False
83b370fffffffff,-33.63243208849217,-41.66111657097279,0,False,False
83b372fffffffff,-33.636329721898385,-42.966823648700846,0,False,False
83b373fffffffff,-34.54339747351231,-42.373759437458965,0,False,False
83b374fffffffff,-32.7116618726235,-40.95905412708228,0,False,False
83b375fffffffff,-33.6149961549682,-40.36538640615726,0,False,False
83b376fffffffff,-32.71958737100672,-42.2525148784144,0,False,False
83b8c3fffffffff,-54.97235991381384,120.23693130296832,0,False,False
83b8c8fffffffff,-54.91458702288028,116.92877228793448,0,False,False
83b8cafffffffff,-54.07708096031068,117.97232138811704,0,False,False
83b8cbfffffffff,-54.03652265428094,116.38350947362996,0,False,False
83b8cefffffffff,-54.95448483316833,118.5693638509125,0,False,False
83b8d8fffffffff,-53.23146071747888,120.56345516422354,0,False,False
83b8d9fffffffff,-53.23952764937207,118.8939706624223,0,False,False
83b8dafffffffff,-52.39164007013295,121.20619598300804,0,False,False
83b8dbfffffffff,-52.41298375746407,119.55144565968716,0,False,False
83b8dcfffffffff,-54.09470511406679,121.22691886458963,0,False,False
83b8ddfffffffff,-54.0968074357223,119.58744733883718,0,False,False
83ba24fffffffff,-67.69344383405743,-154.87618201630693,0,False,False
83ba25fffffffff,-67.60858903540847,-157.68276999168447,0,False,False
83ba2dfffffffff,-66.2283208581743,-164.272448667931,0,False,False
83bb08fffffffff,-69.60350871335599,-154.90186862532303,0,False,False
83bb09fffffffff,-69.52605765675067,-157.97459360764603,0,False,False
83bb0afffffffff,-68.66727662204254,-153.42774193716912,0,False,False
83bb0bfffffffff,-68.61195806760102,-156.35385946878455,0,False,False
83bb0cfffffffff,-70.58076132716359,-153.31101934616655,0,False,False
83bb0dfffffffff,-70.53568156001869,-156.52788328254766,0,False,False
83bb0efffffffff,-69.62685915741889,-151.84969540887545,0,False,False
83bb2afffffffff,-71.54095001022276,-151.56323447704915,0,False,False
83bb2bfffffffff,-71.53110649831066,-154.93292753853703,0,False,False
83bb46fffffffff,-70.05038760834809,-166.17178341324342,0,False,False
83bb50fffffffff,-68.34484826366423,-162.22437238628564,0,False,False
83bb51fffffffff,-68.13192036351018,-165.13813155246623,0,False,False
83bb52fffffffff,-67.47403409428176,-160.493270331269,0,False,False
83bb53fffffffff,-67.28922006208394,-163.29420288845958,0,False,False
83bb54fffffffff,-69.39336639824474,-161.0503265480153,0,False,False
83bb55fffffffff,-69.20486081164125,-164.11142071928876,0,False,False
83bb56fffffffff,-68.50475546052245,-159.2911973119234,0,False,False
83bb58fffffffff,-66.76882439260892,-168.81517362917,0,False,False
83bb5afffffffff,-65.97285474621573,-166.92562812832446,0,False,False
83bb5cfffffffff,-67.86616260166419,-168.01782053996465,0,False,False
83bb5efffffffff,-67.05403774366837,-166.0723603265951,0,False,False
83bb70fffffffff,-71.32854167593398,-161.7231940056929,0,False,False
83bb71fffffffff,-71.13396712067313,-165.0964153803718,0,False,False
83bb72fffffffff,-70.43274762075535,-159.75720446855658,0,False,False
83bb73fffffffff,-70.27106269266207,-162.9785491082926,0,False,False
83bb76fffffffff,-71.46073754419278,-158.32746444129643,0,False,False
83be08fffffffff,-62.35095453136826,166.02145154587654,0,False,False
83be0afffffffff,-61.17747465732887,165.7606399602976,0,False,False
83be0cfffffffff,-62.80998122302371,168.3816814088781,0,False,False
83be0dfffffffff,-63.52340959625173,166.3033593698877,0,False,False
83be0efffffffff,-61.640821820101095,168.0272857100143,0,False,False
83be18fffffffff,-59.30104615340609,167.39328288935323,0,False,False
83be19fffffffff,-60.004027039801336,165.51865165004344,0,False,False
83be1afffffffff,-58.13259592363973,167.1086274129107,0,False,False
83be1dfffffffff,-60.47081292672959,167.69872135917936,0,False,False
83be88fffffffff,-54.17332854937727,164.5308228721858,0,False,False
83be89fffffffff,-54.83234851295896,162.86658081666494,0,False,False
83be8afffffffff,-53.02142261015639,164.36847459262637,0,False,False
83be8bfffffffff,-53.67635078291871,162.75196561065923,0,False,False
83be8dfffffffff,-55.33125657334001,164.70343190879555,0,False,False
83be99fffffffff,-51.87644272171666,164.21550094176752,0,False,False
83be9bfffffffff,-50.739256506840455,164.0711147177408,0,False,False
83bea9fffffffff,-56.9665164110988,166.8427162374949,0,False,False
83beabfffffffff,-55.803838234639,166.59376734129853,0,False,False
83bed0fffffffff,-54.91788227594366,159.36686364389627,0,False,False
83bed4fffffffff,-55.46786110171928,161.14810712808142,0,False,False
83bed6fffffffff,-54.30909068413524,161.084589322668,0,False,False
83bef2fffffffff,-55.994026453804885,162.9885809581701,0,False,False
83bef6fffffffff,-56.4942696169006,164.88730274501808,0,False,False
83bf48fffffffff,-69.88475894056614,169.36388202648456,0,False,False
83bf49fffffffff,-70.58633065536968,166.652177364862,0,False,False
83bf4afffffffff,-68.74324146724385,168.84861318396938,0,False,False
83bf4bfffffffff,-69.44300796078326,166.2577894916201,0,False,False
83bf4cfffffffff,-70.26944445513865,172.59067980810195,0,False,False
83bf4dfffffffff,-71.01755459153839,169.93463455334248,0,False,False
83bf4efffffffff,-69.14068714647826,171.90768229374373,0,False,False
83bf5dfffffffff,-68.00287289890625,171.28849223774188,0,False,False
83bf6bfffffffff,-71.38790107192867,173.34765563910958,0,False,False
83ce30fffffffff,-56.58300719325758,-74.58832322762612,0,False,False
83ce34fffffffff,-57.37132841159277,-75.97665017813412,0,False,False
83ce89fffffffff,-45.77640386467578,-60.72345094124594,0,False,False
83ce8dfffffffff,-46.69875422149429,-61.44541655638037,0,False,False
83cea8fffffffff,-48.54454906442195,-62.979452463249984,0,False,False
83ceabfffffffff,-47.621800807583504,-62.19689303302213,0,False,False
83cf10fffffffff,-60.63216684807423,-80.13484654078269,0,False,False
83cf11fffffffff,-59.63521385516536,-80.51525471628348,0,False,False
83cf13fffffffff,-59.89718408862791,-78.52927332206716,0,False,False
83cf14fffffffff,-61.34551930427226,-81.81058665697182,0,False,False
83cf15fffffffff,-60.35015660216839,-82.15911026016228,0,False,False
83cf16fffffffff,-61.614169142739726,-79.73596459881666,0,False,False
83cf18fffffffff,-57.88685380586808,-79.32887107314373,0,False,False
83cf1afffffffff,-58.143984913376,-77.4258648689436,0,False,False
83cf1bfffffffff,-57.13131932478151,-77.84123170569897,0,False,False
83cf1cfffffffff,-58.62372015805592,-80.87841213933501,0,False,False
83cf1efffffffff,-58.89921351491835,-78.93808251142485,0,False,False
83cfa9fffffffff,-58.36975264870463,-75.52059823253595,0,False,False
83cfadfffffffff,-59.142435499907776,-76.99191745494284,0,False,False
83df02fffffffff,-51.83691085714958,-90.42963365804066,0,False,False
83df06fffffffff,-52.88474396155055,-91.11669407439815,0,False,False
83df11fffffffff,-51.62113468537337,-88.63442263970322,0,False,False
83df22fffffffff,-54.09354377526908,-93.74464555690034,0,False,False
83df26fffffffff,-55.12705578088106,-94.56362604724887,0,False,False
83df30fffffffff,-54.80633792207846,-90.65450922841671,0,False,False
83df31fffffffff,-53.93380172729881,-91.84154184364,0,False,False
83df33fffffffff,-53.74307661817453,-89.94378766280455,0,False,False
83df34fffffffff,-55.869483706455874,-91.40666936620596,0,False,False
83df35fffffffff,-54.9828500470318,-92.6071301326246,0,False,False
83df6dfffffffff,-62.325830961357326,-81.44462489778087,0,False,False
83e880fffffffff,-59.22146530358442,-98.33937757255111,0,False,False
83e882fffffffff,-59.15199326049525,-96.14648470380725,0,False,False
83e883fffffffff,-58.20677026516007,-97.31260785840612,0,False,False
83e890fffffffff,-59.96762119140529,-92.6354605333717,0,False,False
83e891fffffffff,-59.04478846128084,-93.9480877931932,0,False,False
83e894fffffffff,-61.02985686005125,-93.57946723133124,0,False,False
83e895fffffffff,-60.09369732072187,-94.90424260985492,0,False,False
83e896fffffffff,-60.88297803605829,-91.23820796282436,0,False,False
83e898fffffffff,-57.07566015619964,-94.2737851155428,0,False,False
83e899fffffffff,-56.15805019004512,-95.42882820509617,0,False,False
83e89afffffffff,-56.93120284084242,-92.20371757579726,0,False,False
83e89bfffffffff,-56.03059071444444,-93.41669512884796,0,False,False
83e89cfffffffff,-58.11662770171649,-95.18229193781843,0,False,False
83e89dfffffffff,-57.18511504896506,-96.34384856878236,0,False,False
83e89efffffffff,-57.990118987368334,-93.04945777139388,0,False,False
83e8b2fffffffff,-62.0846156448267,-94.58824156370062,0,False,False
83e982fffffffff,-66.10025384542695,-104.90944108974746,0,False,False
83e984fffffffff,-67.98449313944339,-111.13327888848704,0,False,False
83e986fffffffff,-67.02700196988852,-106.52969825482498,0,False,False
83e991fffffffff,-66.1713078730986,-102.17612572350532,0,False,False
83e993fffffffff,-66.1939391954301,-99.40614753513177,0,False,False
83e99efffffffff,-65.19333678512463,-100.74682556883114,0,False,False
83e9a0fffffffff,-68.97657696617898,-115.4816731796563,0,False,False
83e9a1fffffffff,-67.98788271108064,-116.85466719895032,0,False,False
83e9a2fffffffff,-68.9806011166141,-112.49425113142796,0,False,False
83e9a3fffffffff,-68.0110133098454,-114.01087888088163,0,False,False
83e9a4fffffffff,-69.92149556141361,-117.07419491781496,0,False,False
83e9a5fffffffff,-68.9214797177055,-118.4247617690024,0,False,False
83e9a6fffffffff,-69.95806395502127,-113.97257213543976,0,False,False
83e9b0fffffffff,-69.86532648611073,-107.66761960399836,0,False,False
83e9b1fffffffff,-68.9316572273967,-109.4780120164448,0,False,False
83e9b4fffffffff,-70.88585253726633,-109.00178837674328,0,False,False
83e9b5fffffffff,-69.93992981913537,-110.83092501326828,0,False,False
83e9b6fffffffff,-70.78200222818553,-105.68339684969546,0,False,False
83ef48fffffffff,-62.87651555602212,-90.65402426268425,0,False,False
83ef49fffffffff,-61.95826408998272,-92.16521820681308,0,False,False
83ef4bfffffffff,-61.78852857067236,-89.74970682027525,0,False,False
83ef4cfffffffff,-63.95692678228312,-91.62651190808026,0,False,False
83ef4dfffffffff,-63.02599615225615,-93.15887724134356,0,False,False
83ef68fffffffff,-65.13199699274995,-95.37413073807646,0,False,False
83ef69fffffffff,-64.16490476933518,-96.8256250158256,0,False,False
83ef6bfffffffff,-64.08449696183811,-94.2259733297328,0,False,False
83ef6dfffffffff,-65.1868032813,-98.06883012552028,0,False,False
83f24bfffffffff,-69.8325160969324,-120.1188199339844,0,False,False
83f259fffffffff,-70.9147124307007,-115.58185608845234,0,False,False
83f25bfffffffff,-70.92956943302337,-112.30851033606338,0,False,False
83f2c9fffffffff,-69.54261379898104,-101.35269321206658,0,False,False
