name,lat,lon,state,in_margin,in_basin
83004dfffffffff,30.167980586227035,16.317857036308663,1,False,False
830068fffffffff,28.69532512365233,18.055137368377466,1,False,False
830069fffffffff,28.469723126746363,16.85368327661389,1,False,False
83006bfffffffff,29.43085667103924,17.197059098791065,1,False,False
83006cfffffffff,27.96217572811841,18.89247282914561,1,False,False
83006dfffffffff,27.74656283749524,17.702005156126173,1,False,False
83006efffffffff,28.9111022969788,19.266454154136188,1,False,False
830120fffffffff,25.48158280233854,22.67728990238792,1,False,False
830121fffffffff,25.587241845778653,21.55570479776171,1,False,False
830122fffffffff,26.19475352563536,23.4014062073553,1,False,False
830124fffffffff,24.66790145925209,23.07381058793219,1,False,False
830125fffffffff,24.773799507033228,21.970548835107145,1,False,False
830126fffffffff,25.36797870419164,23.791476536565444,1,False,False
830130fffffffff,26.782367106017425,25.27885255101776,1,False,False
830134fffffffff,25.94328752988977,25.64242701419847,1,False,False
830135fffffffff,26.072981952140267,24.52636491849649,1,False,False
830136fffffffff,26.643812508327155,26.404727503139547,1,False,False
830154fffffffff,29.844670598499395,17.664081469227504,1,False,False
830243fffffffff,28.62670829314792,4.297453593030183,1,False,False
830244fffffffff,27.680724555466824,6.982055459360875,1,False,False
830248fffffffff,26.371733630477348,4.612602119794837,1,False,False
830249fffffffff,25.23242597929539,4.767100982447756,1,False,False
83024afffffffff,26.83026892391128,3.421564395606433,1,False,False
83024bfffffffff,25.69360452415416,3.584437365235056,1,False,False
83024cfffffffff,27.03780845299436,5.645580472922482,1,False,False
83024dfffffffff,25.90361747787886,5.793644502844363,1,False,False
83024efffffffff,27.5034353257337,4.456065720143265,1,False,False
830251fffffffff,30.18863909256833,2.9199613749373667,1,False,False
830252fffffffff,31.71920429263956,1.5137776183968767,1,False,False
830253fffffffff,30.62448982236243,1.6941906425325646,1,False,False
830258fffffffff,28.403443991202668,2.0479824734082235,1,False,False
830259fffffffff,27.278570668062176,2.221445538085884,1,False,False
83025afffffffff,28.83657585697515,0.831335108379514,1,False,False
83025bfffffffff,27.71601981758385,1.013205571703184,1,False,False
83025cfffffffff,29.07857446469484,3.08936641535562,1,False,False
83025dfffffffff,27.95886156595425,3.256553933521426,1,False,False
83025efffffffff,29.519000576909228,1.8722447301084133,1,False,False
830260fffffffff,26.48902545777332,6.930615372310585,1,False,False
830264fffffffff,26.880632486626457,8.070650888620886,1,False,False
830265fffffffff,25.784251498822755,7.919323625898536,1,False,False
830281fffffffff,38.45985446211484,-4.653712647375444,1,False,False
830283fffffffff,38.78427030188249,-5.992142978766674,1,False,False
830288fffffffff,36.77296257275744,-5.440315581980917,1,False,False
830289fffffffff,35.75144559550858,-5.208958203037318,1,False,False
83028afffffffff,37.093135509228304,-6.729502375915916,1,False,False
83028bfffffffff,36.08022744790093,-6.489953544186585,1,False,False
83028cfffffffff,37.45204220167263,-4.378448090840223,1,False,False
83028dfffffffff,36.436458350386026,-4.1526002155138775,1,False,False
83028efffffffff,37.7800976896245,-5.674636675104418,1,False,False
830298fffffffff,38.3860747197695,-8.26943575659755,1,False,False
830299fffffffff,37.396824359047486,-8.018856838412466,1,False,False
83029bfffffffff,37.68393679384928,-9.307074193520114,1,False,False
83029cfffffffff,39.09240138031344,-7.338548173388813,1,False,False
83029dfffffffff,38.09148341036975,-6.972075678735287,1,False,False
8302aafffffffff,38.11958478294181,-3.324632814209581,1,False,False
8302abfffffffff,37.10750305710096,-3.084831600825636,1,False,False
8302c0fffffffff,32.23684009119004,-3.277668508444756,1,False,False
8302c1fffffffff,31.155114918609097,-3.065813931662766,1,False,False
8302c2fffffffff,32.60488388481733,-4.532187842643796,1,False,False
8302c3fffffffff,31.530359720769106,-4.312208984947128,1,False,False
8302c4fffffffff,32.93095997607802,-2.2328146589527127,1,False,False
8302c5fffffffff,31.854374709144967,-2.026612134576032,1,False,False
8302c6fffffffff,33.30638519880461,-3.4922279870420776,1,False,False
8302c8fffffffff,29.34630996686456,-3.8803959532383145,1,False,False
8302c9fffffffff,28.238117183655355,-3.668473841940869,1,False,False
8302cafffffffff,29.72165815905893,-5.113540901869177,1,False,False
8302cbfffffffff,28.62015321640804,-4.893862649531165,1,False,False
8302ccfffffffff,30.061829604869104,-2.856619111812869,1,False,False
8302cdfffffffff,28.957650832230083,-2.650039746755474,1,False,False
8302cefffffffff,30.443953966284123,-4.09495980946093,1,False,False
8302d0fffffffff,34.01230022987328,-6.019738095403543,1,False,False
8302d1fffffffff,32.958184544755305,-5.78897782021069,1,False,False
8302d2fffffffff,34.34225783978223,-7.285388274728491,1,False,False
8302d3fffffffff,33.29647746940483,-7.04683308070035,1,False,False
8302d4fffffffff,34.71595090473932,-4.980516066934995,1,False,False
8302d5fffffffff,33.666930343131334,-4.754941545372002,1,False,False
8302d6fffffffff,35.05313975429956,-6.253381189082593,1,False,False
8302d8fffffffff,31.166453239378924,-6.578352433108045,1,False,False
8302d9fffffffff,30.083351451629216,-6.348338830229562,1,False,False
8302dafffffffff,31.50624683258011,-7.821079002525788,1,False,False
8302dbfffffffff,30.431099534947617,-7.583644798407492,1,False,False
8302dcfffffffff,31.89131649840908,-5.561054685413952,1,False,False
8302ddfffffffff,30.812267916607222,-5.33592376998982,1,False,False
8302defffffffff,32.23769353628771,-6.8111692734859295,1,False,False
8302e0fffffffff,33.21432927955332,0.0797425493102308,1,False,False
8302e1fffffffff,32.1369346149055,0.2713444722415891,1,False,False
8302e2fffffffff,33.61201170098787,-1.1781974289812576,1,False,False
8302e3fffffffff,32.54100707935105,-0.9778997133497505,1,False,False
8302e8fffffffff,30.36320448658949,-0.5850268652346258,1,False,False
8302e9fffffffff,29.25769091099092,-0.3923621190008231,1,False,False
8302eafffffffff,30.76592936917065,-1.8230373915386733,1,False,False
8302ebfffffffff,29.666267061493063,-1.622045559418396,1,False,False
8302ecfffffffff,31.047742418660945,0.4604476815621888,1,False,False
8302edfffffffff,29.94739383142901,0.6470966994606336,1,False,False
8302eefffffffff,31.457865047229475,-0.7801912812755545,1,False,False
8302f0fffffffff,35.04621471564089,-2.6532870177099803,1,False,False
8302f1fffffffff,33.99508929508195,-2.441690728636873,1,False,False
8302f2fffffffff,35.40669431633216,-3.929646526358789,1,False,False
8302f3fffffffff,34.36317797813352,-3.709538368993341,1,False,False
8302f5fffffffff,34.670307564387635,-1.3811306359660285,1,False,False
8302f6fffffffff,36.0838365039106,-2.8676511270096188,1,False,False
830340fffffffff,29.033355430299924,11.628544460268746,1,False,False
830341fffffffff,27.975312661390568,11.459602096905162,1,False,False
830343fffffffff,28.69167090251799,10.49977231587562,1,False,False
830344fffffffff,29.36131617598787,12.749999871505578,1,False,False
830345fffffffff,28.31330691803543,12.576096522464352,1,False,False
830348fffffffff,26.5456652518326,10.173853746221011,1,False,False
830349fffffffff,25.45775274659938,10.01334385589238,1,False,False
83034afffffffff,27.25894244994169,9.20606134465003,1,False,False
83034bfffffffff,26.171486864272065,9.049242325179248,1,False,False
83034cfffffffff,26.906701710800995,11.292335378344768,1,False,False
83034dfffffffff,25.828145376925047,11.12672230706162,1,False,False
83034efffffffff,27.62385421642065,10.335989172013548,1,False,False
830359fffffffff,27.96710042763952,8.223556859768614,1,False,False
83035dfffffffff,28.3362440779944,9.364495749396776,1,False,False
830360fffffffff,28.94906815859283,14.784676931814332,1,False,False
830361fffffffff,27.910764661145592,14.603208322981514,1,False,False
830362fffffffff,29.66400001330927,13.886084823267945,1,False,False
830363fffffffff,28.63786833112736,13.684700595297125,1,False,False
830364fffffffff,29.19475858662919,15.98497925141871,1,False,False
830365fffffffff,28.21924262580562,15.689541220021416,1,False,False
830366fffffffff,29.92087771481468,15.0955635865103,1,False,False
830368fffffffff,26.530267303982534,13.3325168217153,1,False,False
830369fffffffff,25.461593452502417,13.158949177892204,1,False,False
83036afffffffff,27.254555690632856,12.40389231283744,1,False,False
83036bfffffffff,26.18565944475525,12.233365527260792,1,False,False
83036cfffffffff,26.861982152735123,14.42345173363928,1,False,False
83036dfffffffff,25.803305769701765,14.245386539180355,1,False,False
83036efffffffff,27.589229194225485,13.507760273821845,1,False,False
830580fffffffff,55.17067499339905,28.91256687142944,1,False,False
830582fffffffff,56.09895071353585,30.158915881528035,1,False,False
830584fffffffff,54.09484073333819,29.683593586450066,1,False,False
830585fffffffff,54.2275066083655,27.719910388933965,1,False,False
830586fffffffff,55.01564204949579,30.911037892634187,1,False,False
830590fffffffff,56.80787703766096,33.526886837699244,1,False,False
830594fffffffff,55.710569720093126,34.1896080701211,1,False,False
830595fffffffff,55.92053367195768,32.19142357269656,1,False,False
830596fffffffff,56.57322035963832,35.553370754482,1,False,False
8305a2fffffffff,53.01836548828455,30.41289172060825,1,False,False
8305a3fffffffff,53.1597527475744,28.50693274127848,1,False,False
8305a6fffffffff,51.94255988017025,31.1035413659684,1,False,False
8305b0fffffffff,53.7387820959689,33.52894418932872,1,False,False
8305b1fffffffff,53.93154288239196,31.621211408387747,1,False,False
8305b2fffffffff,54.6134937481963,34.81406884380009,1,False,False
8305b3fffffffff,54.82947618634289,32.87949263311991,1,False,False
8305b4fffffffff,52.64967769159152,34.142786896781,1,False,False
8305b5fffffffff,52.8479530770228,32.29264960475359,1,False,False
8305b6fffffffff,53.51785745333659,35.403353195077536,1,False,False
830600fffffffff,16.437702997825998,16.648468743791675,1,False,False
830601fffffffff,15.348136156613526,16.47219168103084,1,False,False
830602fffffffff,17.144098726201808,15.811204419797091,1,False,False
830603fffffffff,16.049089224967368,15.637030132311253,1,False,False
830604fffffffff,16.81653075210517,17.650806858166977,1,False,False
830605fffffffff,15.735363517926803,17.47108773342209,1,False,False
830606fffffffff,17.524294802779302,16.826269853844902,1,False,False
830608fffffffff,13.852063533391684,15.29321937611932,1,False,False
83060afffffffff,14.545508736969117,14.448146334069358,1,False,False
83060bfffffffff,13.438821526324096,14.280779487942157,1,False,False
83060cfffffffff,14.256403808822006,16.297422448386783,1,False,False
83060efffffffff,14.951467968590029,15.464374007106368,1,False,False
830610fffffffff,18.950001945130325,15.132705347892538,1,False,False
830611fffffffff,17.853888853516967,14.959267315803556,1,False,False
830612fffffffff,19.66654823794875,14.263636852857308,1,False,False
830613fffffffff,18.56637674944369,14.09265496289539,1,False,False
830614fffffffff,19.323027551922863,16.164175065347198,1,False,False
830615fffffffff,18.23567906785461,15.986913719794432,1,False,False
830616fffffffff,20.04141667054576,15.30770484694547,1,False,False
830618fffffffff,16.353780183771807,13.755323761218246,1,False,False
830619fffffffff,15.24302743439223,13.588938541163095,1,False,False
83061afffffffff,17.059682382696707,12.87936372509568,1,False,False
83061bfffffffff,15.943950628865986,12.715634521861483,1,False,False
83061cfffffffff,16.753884251844536,14.787373081072618,1,False,False
83061dfffffffff,15.650811865388988,14.61700517608125,1,False,False
83061efffffffff,17.46184459613326,13.923223287066,1,False,False
830620fffffffff,16.481059975678587,19.440222663566445,1,False,False
830622fffffffff,17.185483018057337,18.64356179166921,1,False,False
830623fffffffff,16.11303316589183,18.460581230870115,1,False,False
830626fffffffff,17.544501964880972,19.62628303967443,1,False,False
830630fffffffff,18.96812912813621,18.014841389817228,1,False,False
830631fffffffff,17.894377881258375,17.832052788457418,1,False,False
830632fffffffff,19.68538151293432,17.1865099056998,1,False,False
830633fffffffff,18.60711463462433,17.005611392575986,1,False,False
830634fffffffff,19.318688794043524,19.01411784381979,1,False,False
830635fffffffff,18.25428624711916,18.828068893280346,1,False,False
830636fffffffff,20.037025783863783,18.199188673379684,1,False,False
830652fffffffff,11.90323198974524,13.0986935371274,1,False,False
830680fffffffff,21.42827666341603,10.480377736423554,1,False,False
830681fffffffff,20.3106616656748,10.322714072993216,1,False,False
830682fffffffff,22.142745384158168,9.541350649677614,1,False,False
830683fffffffff,21.02319005950569,9.387127811597477,1,False,False
830684fffffffff,21.82191931108128,11.567608821908124,1,False,False
830685fffffffff,20.7125829021292,11.405153882788657,1,False,False
830686fffffffff,22.53961823786336,10.639589810694478,1,False,False
830688fffffffff,18.76715022827742,9.083220818835583,1,False,False
830689fffffffff,17.632392538988785,8.933496550069393,1,False,False
83068cfffffffff,19.18760263993613,10.16657869442327,1,False,False
83068dfffffffff,18.05995353860895,10.011951772217394,1,False,False
83068efffffffff,19.897707742003394,9.234424605572592,1,False,False
830690fffffffff,23.96885189887208,8.740361733717554,1,False,False
830691fffffffff,22.85513822560472,8.588256693272792,1,False,False
830694fffffffff,24.360805140273428,9.854437658922029,1,False,False
830695fffffffff,23.25554871871178,9.697113648790928,1,False,False
830696fffffffff,25.07455196725345,8.894016424759197,1,False,False
83069cfffffffff,21.73419749333841,8.43768008992587,1,False,False
8306a0fffffffff,21.482664448678943,13.549636125447964,1,False,False
8306a1fffffffff,20.384571294307943,13.3797274173609,1,False,False
8306a2fffffffff,22.20397126767628,12.648094637268796,1,False,False
8306a3fffffffff,21.103295527374083,12.481025133397724,1,False,False
8306a4fffffffff,21.85059427727772,14.610324641456572,1,False,False
8306a5fffffffff,20.76154972372683,14.436187242718209,1,False,False
8306a6fffffffff,22.574326930391432,13.721136902071946,1,False,False
8306a8fffffffff,18.884386430499216,12.151590545828787,1,False,False
8306a9fffffffff,17.767794666622006,11.989186856234456,1,False,False
8306aafffffffff,19.59745328056151,11.24425230225819,1,False,False
8306abfffffffff,18.47736235402812,11.084884408825031,1,False,False
8306acfffffffff,19.28083296270228,13.211391658238544,1,False,False
8306adfffffffff,18.17225953551521,13.04460997224282,1,False,False
8306aefffffffff,19.99649756875724,12.315530247510829,1,False,False
8306b0fffffffff,24.02001668383215,11.897258874031015,1,False,False
8306b1fffffffff,22.92465633282308,11.731637072849791,1,False,False
8306b2fffffffff,24.740306221432785,10.962741207788255,1,False,False
8306b3fffffffff,23.64388491868448,10.800370723383184,1,False,False
8306b4fffffffff,24.383856648637217,12.987036559104428,1,False,False
8306b5fffffffff,23.297742503431007,12.816758457356308,1,False,False
8306b6fffffffff,25.107254818641632,12.06449475248263,1,False,False
8306c0fffffffff,13.521184475800345,9.4081422600015,1,False,False
8306c1fffffffff,12.383986456911048,9.260770318211472,1,False,False
8306c2fffffffff,14.21193478134287,8.493006411310821,1,False,False
8306c3fffffffff,13.069452205533295,8.349007265870108,1,False,False
8306c4fffffffff,13.964724929626,10.462365943756549,1,False,False
8306c5fffffffff,12.832952837859589,10.310381032541544,1,False,False
8306c6fffffffff,14.658295498681104,9.556927835122815,1,False,False
8306c8fffffffff,10.78656020102346,8.065144402719403,1,False,False
8306c9fffffffff,9.64799891866944,7.925244703742961,1,False,False
8306cafffffffff,11.463438506400182,7.147933974013448,1,False,False
8306ccfffffffff,11.24761934874683,9.11479388077109,1,False,False
8306cdfffffffff,10.112996647897326,8.970195087937187,1,False,False
8306cefffffffff,11.927351533677964,8.206392639769112,1,False,False
8306d0fffffffff,16.050682603657012,7.707004632375635,1,False,False
8306d1fffffffff,14.904459565115523,7.565171811887231,1,False,False
8306d3fffffffff,15.59798728213413,6.624868954286663,1,False,False
8306d4fffffffff,16.494329077557232,8.785232204685633,1,False,False
8306d5fffffffff,15.353869562945793,8.638408490143435,1,False,False
8306d6fffffffff,17.19495197822628,7.850245553159223,1,False,False
8306dcfffffffff,13.75721804909202,7.42472814308991,1,False,False
8306ddfffffffff,12.60989779070174,7.285654979961312,1,False,False
8306defffffffff,14.44653261559469,6.488164311570474,1,False,False
8306e0fffffffff,13.70648602820244,12.392654850526071,1,False,False
8306e1fffffffff,12.586505844059616,12.233368768784088,1,False,False
8306e2fffffffff,14.399738909049242,11.511004004393152,1,False,False
8306e3fffffffff,13.27389362441812,11.354557776114,1,False,False
8306e4fffffffff,14.13044206042682,13.424050000967204,1,False,False
8306e5fffffffff,13.016887704754398,13.26064073119855,1,False,False
8306e6fffffffff,14.825927419701248,12.553404204690263,1,False,False
8306e8fffffffff,11.022813061104056,11.045979588686397,1,False,False
8306e9fffffffff,9.899361061413863,10.893812547061392,1,False,False
8306eafffffffff,11.701543185505706,10.159817502534263,1,False,False
8306ebfffffffff,10.57140044855942,10.010657557692271,1,False,False
8306ecfffffffff,11.46686829185945,12.075528499000036,1,False,False
8306edfffffffff,10.348452725397069,11.919116808455827,1,False,False
8306eefffffffff,12.147953758879895,11.199555524885596,1,False,False
8306f0fffffffff,16.225731978730558,10.770672385275688,1,False,False
8306f1fffffffff,15.095952814314687,10.61579028979314,1,False,False
8306f2fffffffff,16.928589227138417,9.8588137712641,1,False,False
8306f3fffffffff,15.794401600072588,9.70714544575504,1,False,False
8306f4fffffffff,16.647574849271468,11.828300265454429,1,False,False
8306f5fffffffff,15.524595845773195,11.668912116217507,1,False,False
8306f6fffffffff,17.353164321238932,10.927030809287366,1,False,False
83071afffffffff,19.65879087171512,20.002988620305096,1,False,False
83071bfffffffff,18.60398956706976,19.813866787013644,1,False,False
830780fffffffff,23.938031157636697,17.926010366941426,1,False,False
830781fffffffff,22.885359533606486,17.73871521348122,1,False,False
830782fffffffff,24.66963459417152,17.074371494382028,1,False,False
830783fffffffff,23.61474683030385,16.889087991920523,1,False,False
830784fffffffff,24.24965215678619,18.95248991883713,1,False,False
830785fffffffff,23.207318836173005,18.76174490195333,1,False,False
830786fffffffff,24.98258830644683,18.11494768594187,1,False,False
830788fffffffff,21.48191172825108,16.523422942687304,1,False,False
830789fffffffff,20.40535955962053,16.343005672880707,1,False,False
83078afffffffff,22.20702791642168,15.662459940594928,1,False,False
83078bfffffffff,21.12734640812198,15.484283685616385,1,False,False
83078cfffffffff,21.82523121337107,17.55304485971802,1,False,False
83078dfffffffff,20.758333604947723,17.368982103290758,1,False,False
83078efffffffff,22.551944901929577,16.705444459324497,1,False,False
830790fffffffff,26.448979576006685,16.39150784716805,1,False,False
830791fffffffff,25.40136026132216,16.20675704931302,1,False,False
830792fffffffff,27.18085586669144,15.505480395023522,1,False,False
830793fffffffff,26.132414563508057,15.32312240122764,1,False,False
830794fffffffff,26.7530951252684,17.449931148936884,1,False,False
830795fffffffff,25.715956741857504,17.261313105498395,1,False,False
830796fffffffff,27.48697663310993,16.57794953410745,1,False,False
830798fffffffff,24.00779522454369,14.963435626683165,1,False,False
830799fffffffff,22.93292047478953,14.78606778279796,1,False,False
83079afffffffff,24.73535872076929,14.06899237059602,1,False,False
83079bfffffffff,23.658800861550706,13.894249112665634,1,False,False
83079cfffffffff,24.34472728945932,16.02367803178377,1,False,False
83079dfffffffff,23.27972423120488,15.842251893515588,1,False,False
83079efffffffff,25.07451630012177,15.14244736066499,1,False,False
8307a1fffffffff,22.78805688486573,20.57973139795436,1,False,False
8307a2fffffffff,24.549714519669525,19.968034937098945,1,False,False
8307a3fffffffff,23.517900387761195,19.774042716368083,1,False,False
8307a8fffffffff,21.431368654640337,19.39090315742663,1,False,False
8307a9fffffffff,20.37795464434089,19.20172407825041,1,False,False
8307aafffffffff,22.15732367126539,18.572624056712204,1,False,False
8307abfffffffff,21.10032921660161,18.385110795408224,1,False,False
8307acfffffffff,21.751504034598547,20.38590594334489,1,False,False
8307adfffffffff,20.70819285668016,20.1936633624916,1,False,False
8307aefffffffff,22.478239166724485,19.5816707670268,1,False,False
8307b0fffffffff,26.308833826831624,19.33891952787659,1,False,False
8307b1fffffffff,25.28369088122524,19.14487583718425,1,False,False
8307b2fffffffff,27.026029496098023,18.530294859771523,1,False,False
8307b3fffffffff,26.018404777659747,18.305544699313074,1,False,False
8307b6fffffffff,27.23215602279907,19.709463723658,1,False,False
830800fffffffff,17.777300035518845,20.69667882806785,1,False,False
830802fffffffff,17.432710594243183,21.42664397489611,1,False,False
830803fffffffff,18.33275392168031,21.26728759753064,1,False,False
830806fffffffff,17.008844284760006,20.580362354026324,1,False,False
830810fffffffff,16.224848767247966,22.05927354492949,1,False,False
830811fffffffff,17.078926198645366,22.16747919082451,1,False,False
830812fffffffff,15.851531913768223,22.81245498694417,1,False,False
830813fffffffff,16.71581900151825,22.91917584216505,1,False,False
830814fffffffff,15.732254786815869,21.206797334013128,1,False,False
830815fffffffff,16.588769298961825,21.31704388260895,1,False,False
830816fffffffff,15.358057366922148,21.950419528469105,1,False,False
830818fffffffff,18.533396177705,22.675715583859848,1,False,False
830819fffffffff,19.469594030087507,22.452421149258715,1,False,False
83081afffffffff,18.16089176369412,23.50765315374061,1,False,False
83081bfffffffff,19.10432325312152,23.289373355464964,1,False,False
83081cfffffffff,17.970958541311592,22.07722349371534,1,False,False
83081dfffffffff,18.896884117379503,21.852390842899425,1,False,False
83081efffffffff,17.600377258455833,22.89576992523943,1,False,False
830829fffffffff,20.441623907930904,21.167534819316806,1,False,False
83082afffffffff,19.087416723533448,20.926289061264345,1,False,False
83082bfffffffff,19.71802992663269,21.550971058279988,1,False,False
830832fffffffff,15.428327014318883,20.344089130056044,1,False,False
830833fffffffff,16.225887752722887,20.46283841976626,1,False,False
830836fffffffff,15.245854501270395,19.46166861970725,1,False,False
830880fffffffff,15.168057209098611,26.033854357766604,1,False,False
830881fffffffff,16.060240302893646,26.13305631036889,1,False,False
830882fffffffff,14.756891095164791,26.839167411587407,1,False,False
830883fffffffff,15.659379244021276,26.936410284518168,1,False,False
830884fffffffff,14.674219396950017,25.13740942888012,1,False,False
830885fffffffff,15.569471401841128,25.239114939228045,1,False,False
830886fffffffff,14.262411806004526,25.93401313515516,1,False,False
830888fffffffff,17.55071114049119,26.72068685134092,1,False,False
830889fffffffff,18.52511643295375,26.52144721863465,1,False,False
83088afffffffff,17.13929618274131,27.598041220518265,1,False,False
83088bfffffffff,18.119993380361592,27.40490013229946,1,False,False
83088cfffffffff,16.989297295766487,26.05284467903016,1,False,False
83088dfffffffff,17.952967568748893,25.85085326910705,1,False,False
83088efffffffff,16.5808480642942,26.91684075511401,1,False,False
830890fffffffff,13.409483888327175,27.55912608217792,1,False,False
830891fffffffff,14.33593995251328,27.65494202564794,1,False,False
830892fffffffff,12.968350442919448,28.38739315790772,1,False,False
830893fffffffff,13.905191935119811,28.48104623513869,1,False,False
830894fffffffff,12.911402546255804,26.64276945213369,1,False,False
830895fffffffff,13.840839221633717,26.74128902527101,1,False,False
830896fffffffff,12.46956867743695,27.46267372252297,1,False,False
830898fffffffff,15.737505142493736,28.666484052802826,1,False,False
830899fffffffff,16.718804525047652,28.48259770345004,1,False,False
83089afffffffff,15.317460924880072,29.498259146443285,1,False,False
83089bfffffffff,16.28934310054477,29.37401865168741,1,False,False
83089cfffffffff,15.248742321872037,27.75012730041335,1,False,False
83089dfffffffff,16.163550171501154,27.788158720735368,1,False,False
83089efffffffff,14.828302195274986,28.57407461879054,1,False,False
8308a0fffffffff,14.581178535134786,23.470772839285047,1,False,False
8308a1fffffffff,15.468712941275207,23.57656633055124,1,False,False
8308a2fffffffff,14.178322733326151,24.24744789934892,1,False,False
8308a3fffffffff,15.076300535840264,24.35156951009564,1,False,False
8308a4fffffffff,14.084555148736325,22.59705964928915,1,False,False
8308a5fffffffff,14.974396935508231,22.705084651303107,1,False,False
8308a6fffffffff,13.680823752013865,23.364324300253084,1,False,False
8308a8fffffffff,16.83284337293384,24.557870866649537,1,False,False
8308a9fffffffff,17.779362631247682,24.347983193424334,1,False,False
8308aafffffffff,16.451372991005424,25.34017846617009,1,False,False
8308abfffffffff,17.388820318033705,25.196466442141617,1,False,False
8308acfffffffff,16.343273194120574,23.681710087153657,1,False,False
8308adfffffffff,17.22100195580421,23.72272555119604,1,False,False
8308aefffffffff,15.961186446835068,24.45504203855033,1,False,False
8308b0fffffffff,12.84429634547994,24.932050446442886,1,False,False
8308b1fffffffff,13.76576718737788,25.03505644564184,1,False,False
8308b2fffffffff,12.411423228575009,25.732390475202923,1,False,False
8308b3fffffffff,13.343468241887075,25.833527055493114,1,False,False
8308b4fffffffff,12.34379186346032,24.03723564989376,1,False,False
8308b5fffffffff,13.26742030549512,24.14267177378933,1,False,False
8308b6fffffffff,11.91002097576856,24.828385834142537,1,False,False
8308c0fffffffff,21.843343914073166,25.010776605037137,1,False,False
8308c1fffffffff,22.82193498047724,24.792373348536653,1,False,False
8308c2fffffffff,21.469801362209783,25.90451997929704,1,False,False
8308c3fffffffff,22.4565222110557,25.69223388605913,1,False,False
8308c4fffffffff,21.23783243637657,24.346535765828754,1,False,False
8308c5fffffffff,22.2066194885567,24.125725981089182,1,False,False
8308c6fffffffff,20.86655470075263,25.225753073888075,1,False,False
8308c8fffffffff,24.433996871847075,25.25724146266908,1,False,False
8308c9fffffffff,25.246683284697568,24.89750389349186,1,False,False
8308cafffffffff,24.074901484302416,26.17860116595105,1,False,False
8308cbfffffffff,25.073362497291136,25.96227366203384,1,False,False
8308ccfffffffff,23.754576779072213,24.53632645671188,1,False,False
8308cdfffffffff,24.554551558722792,24.16961400682168,1,False,False
8308cefffffffff,23.44479659498963,25.47650051004812,1,False,False
8308d0fffffffff,20.093925986652724,27.00927243306644,1,False,False
8308d1fffffffff,21.08596343112282,26.806643604208805,1,False,False
8308d2fffffffff,19.69258702378253,27.912934184206847,1,False,False
8308d3fffffffff,20.69182559053453,27.71681248510752,1,False,False
8308d4fffffffff,19.50349300446124,26.3190534007754,1,False,False
8308d5fffffffff,20.4852545635335,26.11343507179946,1,False,False
8308d6fffffffff,19.10506714631453,27.208667244182536,1,False,False
8308d8fffffffff,22.6985338631287,27.31477866316928,1,False,False
8308d9fffffffff,23.704715363466587,27.10871249349081,1,False,False
8308dafffffffff,22.30911479821046,28.24631372926705,1,False,False
8308dbfffffffff,23.323387810826464,28.04720371610036,1,False,False
8308dcfffffffff,22.080560064282185,26.600706628872445,1,False,False
8308ddfffffffff,23.07708567187791,26.3913852800108,1,False,False
8308defffffffff,21.69402089488701,27.5174526170267,1,False,False
8308e0fffffffff,20.99965767491772,22.84292673017453,1,False,False
8308e1fffffffff,21.74833277687595,22.4692351216567,1,False,False
8308e2fffffffff,20.640233933899943,23.699039003765595,1,False,False
8308e3fffffffff,21.59911648718154,23.4760706688052,1,False,False
8308e4fffffffff,20.35554378974143,22.18974429225303,1,False,False
8308e5fffffffff,21.09165394079329,21.81097397821906,1,False,False
8308e6fffffffff,20.050760898856925,23.06782034900545,1,False,False
8308e8fffffffff,23.185731528631766,22.76352693347357,1,False,False
8308e9fffffffff,23.973256584243256,22.37298608269785,1,False,False
8308eafffffffff,23.080196218296955,23.83157525702021,1,False,False
8308ebfffffffff,23.867407870610336,23.458406775578776,1,False,False
8308ecfffffffff,22.509965913176217,22.0846161169555,1,False,False
8308edfffffffff,23.284512957484488,21.68861953401893,1,False,False
8308eefffffffff,22.41130856100206,23.142656474387824,1,False,False
8308f0fffffffff,19.30694816144891,24.778021712416475,1,False,False
8308f1fffffffff,20.27108075482532,24.56394371129667,1,False,False
8308f2fffffffff,18.92078038588049,25.645720160416428,1,False,False
8308f3fffffffff,19.892169478766743,25.43737686493266,1,False,False
8308f4fffffffff,18.7297972224464,24.13492646300065,1,False,False
8308f5fffffffff,19.68360573733712,23.91863438361045,1,False,False
8308f6fffffffff,18.346007789213505,24.988839850560066,1,False,False
830949fffffffff,24.872016542658795,20.86057827228638,1,False,False
83094bfffffffff,24.07189910390064,21.28077251231122,1,False,False
830959fffffffff,22.60210242985055,21.02032646014562,1,False,False
83095bfffffffff,21.84051896315773,21.421314298068417,1,False,False
830980fffffffff,12.090687565206927,19.85646870572992,1,False,False
830981fffffffff,12.94728596936718,19.980305137805523,1,False,False
830982fffffffff,11.43808799486537,20.62938988721837,1,False,False
830983fffffffff,12.300741649620024,20.74896246492149,1,False,False
830984fffffffff,11.87456727896123,18.95199398176388,1,False,False
830985fffffffff,12.739757994876827,19.08143148746141,1,False,False
830986fffffffff,11.219293701098596,19.731312301616068,1,False,False
830988fffffffff,13.982004806017535,20.98434517798123,1,False,False
830989fffffffff,14.863285040691451,21.09589941630549,1,False,False
83098afffffffff,13.586877173292333,21.73074613343317,1,False,False
83098bfffffffff,14.47868115722551,21.840912089273527,1,False,False
83098cfffffffff,13.789077660097922,20.10284123119055,1,False,False
83098dfffffffff,14.616077980142911,20.224096256659465,1,False,False
83098efffffffff,13.148714247201852,20.8672746179468,1,False,False
830990fffffffff,9.899556591200144,21.28339379169556,1,False,False
830991fffffffff,10.838908716895876,21.3962455960204,1,False,False
830992fffffffff,9.451769538077588,22.04692998204603,1,False,False
830993fffffffff,10.401978671511788,22.158307683843866,1,False,False
830994fffffffff,9.668879627681196,20.386386325767003,1,False,False
830995fffffffff,10.560781540234109,20.508537693686016,1,False,False
830996fffffffff,9.002225706696624,21.16560665707436,1,False,False
830998fffffffff,12.267461609222458,22.37902467796563,1,False,False
830999fffffffff,13.18217664798932,22.48837475013445,1,False,False
83099afffffffff,11.842420079515644,23.149440586583165,1,False,False
83099bfffffffff,12.767832538467522,23.25721535244367,1,False,False
83099cfffffffff,11.766759690794617,21.508418086096786,1,False,False
83099dfffffffff,12.682831390336132,21.61991652506732,1,False,False
83099efffffffff,11.340641251239816,22.269004111516537,1,False,False
8309a0fffffffff,12.306236815229672,17.248840867684315,1,False,False
8309a1fffffffff,13.17334274003489,17.388206367363583,1,False,False
8309a2fffffffff,11.65235007459617,18.035755189877847,1,False,False
8309a3fffffffff,12.526085517405187,18.17086368621338,1,False,False
8309a4fffffffff,12.08019426363476,16.315631935731773,1,False,False
8309a5fffffffff,12.955628724583004,16.460727252845302,1,False,False
8309a6fffffffff,11.42401912013547,17.10799895763123,1,False,False
8309a8fffffffff,14.22848347537298,18.43684757876676,1,False,False
8309aafffffffff,13.59002819609113,19.20950979840758,1,False,False
8309abfffffffff,14.425383278428686,19.336248951616177,1,False,False
8309acfffffffff,14.025319866205797,17.526116927404168,1,False,False
8309aefffffffff,13.384798446984824,18.304554225016027,1,False,False
8309b0fffffffff,10.099543402631395,18.688959370074897,1,False,False
8309b1fffffffff,10.994478411043026,18.821176872265248,1,False,False
8309b2fffffffff,9.43230870885849,19.476959183954687,1,False,False
8309b3fffffffff,10.333144082804983,19.604815921728733,1,False,False
8309b4fffffffff,9.859979826541013,17.76119932748883,1,False,False
8309b5fffffffff,10.763626447709056,17.899207583634045,1,False,False
8309b6fffffffff,9.189845780877516,18.55532029849064,1,False,False
830a00fffffffff,45.93390075085809,44.31688991427774,1,False,False
830a01fffffffff,46.2329468321213,42.871854203167786,1,False,False
830a02fffffffff,46.67033978422971,45.504889680312985,1,False,False
830a03fffffffff,46.98676824866202,44.05330384861968,1,False,False
830a04fffffffff,44.88044985568356,44.570650346812094,1,False,False
830a05fffffffff,45.18547632007228,43.160277816996725,1,False,False
830a06fffffffff,45.61684121039744,45.74596225886965,1,False,False
830a08fffffffff,47.57787655054449,41.049856627606125,1,False,False
830a09fffffffff,47.84811719890613,39.49655274693733,1,False,False
830a0afffffffff,48.35696511985604,42.25091429920583,1,False,False
830a0bfffffffff,48.64751916258997,40.68898409817478,1,False,False
830a0cfffffffff,46.51697685741296,41.39315481917977,1,False,False
830a0dfffffffff,46.78478079065513,39.88163932202524,1,False,False
830a0efffffffff,47.29033619737042,42.569092424312274,1,False,False
830a10fffffffff,47.05610238751554,48.198255931723295,1,False,False
830a11fffffffff,47.39548082113813,46.72772764876739,1,False,False
830a12fffffffff,47.75642978412841,49.47583548618672,1,False,False
830a13fffffffff,48.10804564516254,47.985795430456015,1,False,False
830a14fffffffff,45.9922113992348,48.40469548152731,1,False,False
830a15fffffffff,46.342481913087575,46.95504643716906,1,False,False
830a16fffffffff,46.693827271367205,49.666627047973066,1,False,False
830a18fffffffff,48.79274538726242,45.01519491277833,1,False,False
830a19fffffffff,49.12084136002424,43.48511631631355,1,False,False
830a1afffffffff,49.51951866786519,46.28556199672287,1,False,False
830a1bfffffffff,49.868320783638296,44.75266065265446,1,False,False
830a1cfffffffff,47.72589186735901,45.26457826977826,1,False,False
830a1dfffffffff,48.04930935030075,43.776387160476006,1,False,False
830a1efffffffff,48.44922289177874,46.505697348143975,1,False,False
830a20fffffffff,43.07122049797434,43.68714707557876,1,False,False
830a21fffffffff,43.380437414436734,42.31947322526062,1,False,False
830a22fffffffff,43.81613146919192,44.817635092619874,1,False,False
830a23fffffffff,44.13456744897846,43.42866340754715,1,False,False
830a24fffffffff,41.99804422702461,43.93894852987542,1,False,False
830a25fffffffff,42.318599863197285,42.58851445868712,1,False,False
830a26fffffffff,42.741582656782334,45.05810313172768,1,False,False
830a28fffffffff,44.68570068616567,40.59785789548869,1,False,False
830a29fffffffff,44.9317925987841,39.13425073079084,1,False,False
830a2afffffffff,45.46554578798145,41.720109004591215,1,False,False
830a2bfffffffff,45.73040133262083,40.24832080311209,1,False,False
830a2cfffffffff,43.65134755375677,40.93140123756911,1,False,False
830a2dfffffffff,43.89455862524655,39.50481063885981,1,False,False
830a2efffffffff,44.42425800725511,42.03183937007484,1,False,False
830a30fffffffff,44.20228150899421,47.390980510552055,1,False,False
830a31fffffffff,44.55210131950854,45.98046531272227,1,False,False
830a32fffffffff,44.916956049010224,48.60536130758728,1,False,False
830a33fffffffff,45.27788127353416,47.17604620357076,1,False,False
830a34fffffffff,43.11632704129602,47.60008987476725,1,False,False
830a35fffffffff,43.47674065435466,46.20865622835347,1,False,False
830a36fffffffff,43.8309627444884,48.80048756691452,1,False,False
830a40fffffffff,47.67004751264275,33.532246836566124,1,False,False
830a41fffffffff,47.839250194593056,31.87732216113133,1,False,False
830a42fffffffff,48.54257398766111,34.64549649804956,1,False,False
830a43fffffffff,48.73132422430388,32.97046431903465,1,False,False
830a44fffffffff,46.61505284792763,34.0671819928256,1,False,False
830a45fffffffff,46.78710832184187,32.45582384155144,1,False,False
830a46fffffffff,47.47892016732134,35.16202839682716,1,False,False
830a48fffffffff,49.03815680204929,29.54633794576748,1,False,False
830a4cfffffffff,47.98554581121151,30.19948963338962,1,False,False
830a4dfffffffff,48.10803452774367,28.501203520183644,1,False,False
830a4efffffffff,48.89685237012493,31.26992048752792,1,False,False
830a50fffffffff,49.17199485290696,37.46034346699903,1,False,False
830a51fffffffff,49.40330862925084,35.79661083094169,1,False,False
830a52fffffffff,49.9985074915275,38.665490943229926,1,False,False
830a53fffffffff,50.25086441502336,36.98657728604605,1,False,False
830a54fffffffff,48.09979794465331,37.91038040326394,1,False,False
830a55fffffffff,48.331682952640215,36.292791647026064,1,False,False
830a56fffffffff,48.91963547857637,39.0916772419352,1,False,False
830a58fffffffff,50.68719902305745,33.53071179468944,1,False,False
830a59fffffffff,50.86867157100449,31.75834978473497,1,False,False
830a5afffffffff,51.56333213247846,34.72374120563882,1,False,False
830a5bfffffffff,51.766112033503525,32.928267279570605,1,False,False
830a5cfffffffff,49.61233328397187,34.1023907215039,1,False,False
830a5dfffffffff,49.79788554503397,32.379877910984845,1,False,False
830a5efffffffff,50.480857493840766,35.27427088223045,1,False,False
830a60fffffffff,44.70311202305431,33.53359237945945,1,False,False
830a61fffffffff,44.85934482546386,31.981513001322465,1,False,False
830a62fffffffff,45.56727532786176,34.57706249342412,1,False,False
830a63fffffffff,45.74141942623748,33.007330219058325,1,False,False
830a64fffffffff,43.67305088563097,34.036221805289024,1,False,False
830a65fffffffff,43.831105017401335,32.52254315618255,1,False,False
830a66fffffffff,44.52758796066824,35.063532907488074,1,False,False
830a6afffffffff,46.93751724617869,30.82176044987687,1,False,False
830a6bfffffffff,47.06539249973264,29.167219382181884,1,False,False
830a6efffffffff,45.89512197087701,31.415152968468224,1,False,False
830a70fffffffff,46.20990242288976,37.213904223179846,1,False,False
830a71fffffffff,46.42231068518459,35.65381208549082,1,False,False
830a72fffffffff,47.03515634311229,38.338375721430026,1,False,False
830a73fffffffff,47.266920226104126,36.76466128962632,1,False,False
830a74fffffffff,45.16145371960297,37.64205833615104,1,False,False
830a75fffffffff,45.37362429902892,36.12251704131006,1,False,False
830a76fffffffff,45.97889730373067,38.74586558133287,1,False,False
830a80fffffffff,50.80705565473944,53.37390727960286,1,False,False
830a81fffffffff,51.18951655662151,51.80751757544959,1,False,False
830a82fffffffff,51.4377503266132,54.80948247088789,1,False,False
830a83fffffffff,51.83545867332823,53.2280067235946,1,False,False
830a84fffffffff,49.765029699346805,53.51530743034562,1,False,False
830a85fffffffff,50.15751123481179,51.97350362687298,1,False,False
830a86fffffffff,50.3996509760544,54.93012998828917,1,False,False
830a88fffffffff,52.67166752893662,50.15574007427994,1,False,False
830a89fffffffff,53.090280660464046,48.58097872909909,1,False,False
830a8afffffffff,53.320574861209394,51.5882916183552,1,False,False
830a8bfffffffff,53.76092092077509,50.0194685947332,1,False,False
830a8cfffffffff,51.58911721874521,50.28458531473619,1,False,False
830a8dfffffffff,52.00097935416444,48.75544875690966,1,False,False
830a8efffffffff,52.23870945068544,51.679040637137824,1,False,False
830a90fffffffff,51.609442751361584,57.85940826054884,1,False,False
830a91fffffffff,52.048420230416745,56.2797010933459,1,False,False
830a92fffffffff,52.18241090930924,59.372226065818914,1,False,False
830a93fffffffff,52.63793711668786,57.78382698897387,1,False,False
830a94fffffffff,50.567031368382615,57.93259270593132,1,False,False
830a95fffffffff,51.01483140689303,56.3784020147444,1,False,False
830a96fffffffff,51.14546134668573,59.42190206708789,1,False,False
830a98fffffffff,53.47197800991846,54.55628939163029,1,False,False
830a99fffffffff,53.94677833916547,53.05237890642859,1,False,False
830a9afffffffff,54.07297948089962,56.07241536553082,1,False,False
830a9bfffffffff,54.54942128301276,54.54708071506425,1,False,False
830a9cfffffffff,52.46198589155972,54.68493267253604,1,False,False
830a9dfffffffff,52.86661047424271,53.10322674136585,1,False,False
830a9efffffffff,53.06792146032986,56.17775940936026,1,False,False
830aa0fffffffff,48.0538793298549,52.290591903587554,1,False,False
830aa1fffffffff,48.44219515899175,50.78790689159586,1,False,False
830aa2fffffffff,48.70983052334135,53.652410594901845,1,False,False
830aa3fffffffff,49.11214109227171,52.134453966719086,1,False,False
830aa4fffffffff,46.98324514610916,52.44212787544488,1,False,False
830aa5fffffffff,47.38146710651818,50.96193742755282,1,False,False
830aa6fffffffff,47.64195430103873,53.78540821130596,1,False,False
830aa8fffffffff,49.84428107837043,49.07698361642807,1,False,False
830aa9fffffffff,50.22853513209662,47.58741306214516,1,False,False
830aaafffffffff,50.52537534494781,50.42379578745623,1,False,False
830aabfffffffff,50.91873862648627,48.92053902952914,1,False,False
830aacfffffffff,48.80675382974656,49.27937165575127,1,False,False
830aadfffffffff,49.15569593570262,47.7765699817867,1,False,False
830aaefffffffff,49.49032994816973,50.60860614563112,1,False,False
830ab0fffffffff,48.90704508991399,56.566678540311415,1,False,False
830ab1fffffffff,49.34811369395656,55.04705476876251,1,False,False
830ab2fffffffff,49.511127616004266,58.00349232960795,1,False,False
830ab3fffffffff,49.96755678843279,56.47401373421861,1,False,False
830ab4fffffffff,47.83379236000589,56.65653014534263,1,False,False
830ab5fffffffff,48.28361109920719,55.160425568847344,1,False,False
830ab6fffffffff,48.44220363985309,58.07221227803873,1,False,False
830ac0fffffffff,53.48162494912836,42.15200608671884,1,False,False
830ac1fffffffff,53.80155160556306,40.3825884647729,1,False,False
830ac2fffffffff,54.24263972562525,43.5480648832373,1,False,False
830ac3fffffffff,54.58628554775797,41.76936993682133,1,False,False
830ac4fffffffff,52.38186750723633,42.51326903030797,1,False,False
830ac5fffffffff,52.70059741459771,40.798360324286925,1,False,False
830ac6fffffffff,53.13988105910777,43.87499772370992,1,False,False
830ac8fffffffff,55.20200259474493,38.06804426042049,1,False,False
830ac9fffffffff,55.47052957190594,36.14960294059368,1,False,False
830acafffffffff,56.014952826028,39.47461868972703,1,False,False
830acbfffffffff,56.30833203102711,37.537032847711686,1,False,False
830accfffffffff,54.09794827534641,38.5683517423883,1,False,False
830acdfffffffff,54.36913649973138,36.711343852226825,1,False,False
830acefffffffff,54.906671175304325,39.94208061747823,1,False,False
830ad0fffffffff,54.59365014398782,46.71868417725599,1,False,False
830ad1fffffffff,54.98234342919076,44.98682543373114,1,False,False
830ad2fffffffff,55.28700964326293,48.20052471395034,1,False,False
830ad3fffffffff,55.69947803225273,46.46837907043633,1,False,False
830ad4fffffffff,53.49282973642796,46.95460481709581,1,False,False
830ad5fffffffff,53.87754905044889,45.27678887114806,1,False,False
830ad6fffffffff,54.18588652124764,48.39630972466825,1,False,False
830ad8fffffffff,56.461234816188735,42.8331194827047,1,False,False
830ad9fffffffff,56.80650082351615,40.93207800454172,1,False,False
830adafffffffff,57.20427778615893,44.35158094366618,1,False,False
830adbfffffffff,57.57518450659261,42.44124405703751,1,False,False
830adcfffffffff,55.350066365810335,43.20137822129416,1,False,False
830addfffffffff,55.69490517388332,41.36344340022041,1,False,False
830adefffffffff,56.09155525989996,44.67898489447329,1,False,False
830ae0fffffffff,50.51498136382862,41.56343826619552,1,False,False
830ae1fffffffff,50.80987665103387,39.90896085183267,1,False,False
830ae2fffffffff,51.28791699343666,42.854874435331766,1,False,False
830ae3fffffffff,51.6047687367313,41.191382481362325,1,False,False
830ae4fffffffff,49.43210558524584,41.91613280238789,1,False,False
830ae5fffffffff,49.72512816670387,40.30918323045748,1,False,False
830ae6fffffffff,50.20063535791865,43.17836183280399,1,False,False
830ae8fffffffff,52.17473711907052,37.74230376313383,1,False,False
830ae9fffffffff,52.42481549604992,35.96023720446126,1,False,False
830aeafffffffff,52.99723640586801,39.04047339774171,1,False,False
830aebfffffffff,53.27017702566192,37.241403060823885,1,False,False
830aecfffffffff,51.08385238977197,38.216316936113,1,False,False
830aedfffffffff,51.33546882723758,36.48722450070672,1,False,False
830aeefffffffff,51.90088794669006,39.48666680031814,1,False,False
830af0fffffffff,51.68467767580668,45.80892138246788,1,False,False
830af1fffffffff,52.042680317428655,44.18379871757252,1,False,False
830af2fffffffff,52.39784541638242,47.17733896593957,1,False,False
830af3fffffffff,52.77804689966758,45.55037487810939,1,False,False
830af4fffffffff,50.59824601458254,46.05362561783748,1,False,False
830af5fffffffff,50.95188946145419,44.475919026895,1,False,False
830af6fffffffff,51.30949334574031,47.387955927836416,1,False,False
830b0afffffffff,40.91572815047963,44.18431422244289,1,False,False
830b0bfffffffff,41.247343510849134,42.8507439484413,1,False,False
830b18fffffffff,41.29684007216552,46.6470676090617,1,False,False
830b19fffffffff,41.65747948683174,45.2923008754171,1,False,False
830b1afffffffff,42.02070285269382,47.80360257237878,1,False,False
830b1bfffffffff,42.3914202243618,46.43077952232651,1,False,False
830b1efffffffff,40.91613284357282,48.00173538739065,1,False,False
830b42fffffffff,41.273598297188215,37.79529486837923,1,False,False
830b43fffffffff,41.46487556295781,36.39699286665328,1,False,False
830b4afffffffff,42.65203764394868,34.51670303845602,1,False,False
830b50fffffffff,41.852293747347936,40.19703953194894,1,False,False
830b51fffffffff,42.07490181740791,38.81347057377455,1,False,False
830b52fffffffff,42.61928132277495,41.24248312869465,1,False,False
830b53fffffffff,42.86785672766372,39.85871595809018,1,False,False
830b54fffffffff,40.795035554416536,40.48454567370313,1,False,False
830b55fffffffff,41.06782525515607,39.17020619235661,1,False,False
830b56fffffffff,41.55947806657681,41.52118376434336,1,False,False
830b58fffffffff,43.30323677683064,36.996679055277234,1,False,False
830b59fffffffff,43.496802079269855,35.52810374293105,1,False,False
830b5afffffffff,44.12234065782574,38.05052990966769,1,False,False
830b5bfffffffff,44.33367987448074,36.5696720573584,1,False,False
830b5cfffffffff,42.28299546462216,37.40482539718222,1,False,False
830b5dfffffffff,42.475667945818685,35.97216407333826,1,False,False
830b5efffffffff,43.09327250298165,38.44060687557564,1,False,False
830b80fffffffff,43.25522155299584,54.279798924935015,1,False,False
830b81fffffffff,43.702984817539445,52.87105379293499,1,False,False
830b82fffffffff,43.90704016870835,55.58140911486473,1,False,False
830b83fffffffff,44.367920700563474,54.16152004192667,1,False,False
830b84fffffffff,42.13301205627816,54.39477750836368,1,False,False
830b85fffffffff,42.5889606383753,53.00605900102554,1,False,False
830b86fffffffff,42.78643345297955,55.6792156999944,1,False,False
830b88fffffffff,45.22444234925232,51.29507900037051,1,False,False
830b89fffffffff,45.6195092488235,49.85198444454858,1,False,False
830b8afffffffff,45.90080361504497,52.58926035366818,1,False,False
830b8bfffffffff,46.30868730606733,51.13092367572092,1,False,False
830b8cfffffffff,44.12936321528106,51.45460505633819,1,False,False
830b8dfffffffff,44.534082802429324,50.03213286219233,1,False,False
830b8efffffffff,44.80716519042702,52.73217667279681,1,False,False
830b90fffffffff,44.04741468801616,58.32718586664057,1,False,False
830b91fffffffff,44.54325736872919,56.91042717405724,1,False,False
830b92fffffffff,44.65276567401387,59.68941651466299,1,False,False
830b93fffffffff,45.16274704899247,58.266253185650434,1,False,False
830b94fffffffff,42.92213101944032,58.38637828465024,1,False,False
830b95fffffffff,43.4249422439684,56.99021265320752,1,False,False
830b96fffffffff,43.53077896203366,59.7294990568427,1,False,False
830b98fffffffff,46.11783537221709,55.37713101043637,1,False,False
830b99fffffffff,46.56194372740646,53.91448059885075,1,False,False
830b9afffffffff,46.748342053501695,56.743694319775614,1,False,False
830b9bfffffffff,47.20666281840513,55.27040115135486,1,False,False
830b9cfffffffff,45.017741680866486,55.4807560347638,1,False,False
830b9dfffffffff,45.47038771457901,54.03979774757149,1,False,False
830b9efffffffff,45.6512847317894,56.828289471286,1,False,False
830ba0fffffffff,40.33437873791707,53.26507828684225,1,False,False
830ba1fffffffff,40.78607075605417,51.907264512353095,1,False,False
830ba2fffffffff,41.00205497662992,54.50659113397362,1,False,False
830ba3fffffffff,41.46583228195713,53.137350556574994,1,False,False
830ba4fffffffff,39.19541581841495,53.389384135998526,1,False,False
830ba5fffffffff,39.65480598429372,52.05008196857743,1,False,False
830ba6fffffffff,39.86315170640799,54.61536789030848,1,False,False
830ba8fffffffff,42.33254794535601,50.37764394745111,1,False,False
830ba9fffffffff,42.73489986220183,48.9902961791616,1,False,False
830baafffffffff,43.02412418735919,51.60969257066035,1,False,False
830babfffffffff,43.43819826594283,50.20728541872754,1,False,False
830bacfffffffff,41.217864440964014,50.54339972186246,1,False,False
830badfffffffff,41.62947628515196,49.17499759857274,1,False,False
830baefffffffff,41.90944136337697,51.76052206330059,1,False,False
830bb0fffffffff,41.160394736305015,57.143118722690176,1,False,False
830bb1fffffffff,41.6566666077457,55.77429430934544,1,False,False
830bb2fffffffff,41.787645070902286,58.44390382287044,1,False,False
830bb3fffffffff,42.29706541133324,57.0677452287098,1,False,False
830bb4fffffffff,40.01573750360106,57.21642183357092,1,False,False
830bb5fffffffff,40.51852500068912,55.86675700188236,1,False,False
830bb6fffffffff,40.64474684834176,58.499831802349945,1,False,False
830e00fffffffff,16.324035529685304,-0.5384182172074972,1,False,False
830e01fffffffff,15.15506002570319,-0.3600565840621531,1,False,False
830e02fffffffff,16.756265486533014,-1.6855031579914346,1,False,False
830e03fffffffff,15.588327957636178,-1.4999783321984488,1,False,False
830e04fffffffff,17.055357543281456,0.4303797704182386,1,False,False
830e05fffffffff,15.885638607216238,0.6035733814143949,1,False,False
830e06fffffffff,17.492859463431277,-0.7189243811158094,1,False,False
830e08fffffffff,13.25448519002181,-1.1354227781237496,1,False,False
830e09fffffffff,12.090580661863063,-0.9563239257219524,1,False,False
830e0afffffffff,13.683521919710785,-2.265695934198061,1,False,False
830e0bfffffffff,12.51977484833644,-2.079714989418584,1,False,False
830e0cfffffffff,13.986939467156168,-0.1838048858246326,1,False,False
830e0dfffffffff,12.820675209121172,-0.0096291805601521,1,False,False
830e0efffffffff,14.420733125510642,-1.316629664099405,1,False,False
830e10fffffffff,18.346840801570348,-3.0316549616290374,1,False,False
830e11fffffffff,17.1817680423128,-2.836790610951276,1,False,False
830e12fffffffff,18.76223730970042,-4.1932423449441325,1,False,False
830e13fffffffff,17.60000695098848,-3.9913696537380448,1,False,False
830e14fffffffff,19.08914390146918,-2.063221987776348,1,False,False
830e15fffffffff,17.923538903113094,-1.873239155343028,1,False,False
830e16fffffffff,19.50973920715803,-3.228828344957431,1,False,False
830e18fffffffff,15.271504760882909,-3.59457911477458,1,False,False
830e19fffffffff,14.107236769759886,-3.3995911536339043,1,False,False
830e1afffffffff,15.687411007646306,-4.737937338535338,1,False,False
830e1bfffffffff,14.525099661640857,-4.536234105343333,1,False,False
830e1cfffffffff,16.01552074692156,-2.644199398316701,1,False,False
830e1dfffffffff,14.84910377172749,-2.4538460561778064,1,False,False
830e1efffffffff,16.436095875799523,-3.791827027714709,1,False,False
830e20fffffffff,17.332134778524633,2.550092238384301,1,False,False
830e21fffffffff,16.16222107923567,2.710441595607867,1,False,False
830e22fffffffff,17.781434918467237,1.4059377058844829,1,False,False
830e23fffffffff,16.611611872012926,1.5737876917919866,1,False,False
830e24fffffffff,18.04637909478432,3.5319725582800863,1,False,False
830e25fffffffff,16.877146750460867,3.686696003604847,1,False,False
830e26fffffffff,18.501423395045464,2.387755309654331,1,False,False
830e28fffffffff,14.272570908707726,1.903423199886123,1,False,False
830e29fffffffff,13.105356568007116,2.065275995970652,1,False,False
830e2afffffffff,14.716280614068664,0.774693380812787,1,False,False
830e2bfffffffff,13.548287541431437,0.9437737887921958,1,False,False
830e2cfffffffff,14.99268479787316,2.868837195170008,1,False,False
830e2dfffffffff,13.824525847318649,3.025312151394594,1,False,False
830e2efffffffff,15.44165574911463,1.7396048635559778,1,False,False
830e30fffffffff,19.39185440946532,0.077632229274602,1,False,False
830e31fffffffff,18.224430837337817,0.2550778497365588,1,False,False
830e32fffffffff,19.826031404405875,-1.086512030664097,1,False,False
830e33fffffffff,18.66052525898787,-0.9016103382731192,1,False,False
830e34fffffffff,20.11666918993672,1.0639998681664504,1,False,False
830e35fffffffff,18.95012047986646,1.236020228480113,1,False,False
830e36fffffffff,20.556631764584537,-0.1019931873923868,1,False,False
830e40fffffffff,8.193749291721312,0.666970360160162,1,False,False
830e41fffffffff,7.051262022797701,0.8312532111513331,1,False,False
830e42fffffffff,8.622673809304764,-0.4313472558919576,1,False,False
830e43fffffffff,7.477783550269714,-0.2603552039336917,1,False,False
830e44fffffffff,8.909671474556331,1.6003569535463131,1,False,False
830e45fffffffff,7.763122933450248,1.7597269382702307,1,False,False
830e46fffffffff,9.34285142342016,0.5007718502505035,1,False,False
830e48fffffffff,5.209985063265284,0.0758141902086231,1,False,False
830e49fffffffff,4.088745836470591,0.2410514153095856,1,False,False
830e4afffffffff,5.62992211509448,-1.0075497039480312,1,False,False
830e4bfffffffff,4.505565068427032,-0.8358487688371636,1,False,False
830e4cfffffffff,5.91626058915974,0.9936506791079324,1,False,False
830e4dfffffffff,4.789580122605025,1.154192470164194,1,False,False
830e4efffffffff,6.339936234567477,-0.0913114609313945,1,False,False
830e50fffffffff,10.201727911520203,-1.7141274377166271,1,False,False
830e51fffffffff,9.049357082478569,-1.534455693713323,1,False,False
830e52fffffffff,10.626334082956989,-2.8278480568813382,1,False,False
830e53fffffffff,9.473263273358098,-2.641563816842852,1,False,False
830e54fffffffff,10.930003379246212,-0.7792999741919371,1,False,False
830e55fffffffff,9.773719683144437,-0.6043183956127081,1,False,False
830e56fffffffff,11.358852041916109,-1.895869776452368,1,False,False
830e58fffffffff,7.183639006981496,-2.275248098726216,1,False,False
830e59fffffffff,6.048884667825245,-2.0951543716498056,1,False,False
830e5afffffffff,7.602631612823203,-3.372684743799977,1,False,False
830e5bfffffffff,6.466365118046037,-3.1862369221089097,1,False,False
830e5cfffffffff,7.9026699251696675,-1.3568228333669978,1,False,False
830e5dfffffffff,6.7625683792679485,-1.1811977044278854,1,False,False
830e5efffffffff,8.325393348643086,-2.457374294382156,1,False,False
830e60fffffffff,9.185291532822902,3.632644228594025,1,False,False
830e61fffffffff,8.038581065470002,3.779989295548112,1,False,False
830e62fffffffff,9.624746965171193,2.5393641512077543,1,False,False
830e63fffffffff,8.474731091747804,2.6936745807171016,1,False,False
830e64fffffffff,9.894006572538398,4.576168319631872,1,False,False
830e65fffffffff,8.744588273626135,4.718226125605504,1,False,False
830e66fffffffff,10.338168021333788,3.4835341425923776,1,False,False
830e68fffffffff,6.195426168328231,2.9968985104445403,1,False,False
830e69fffffffff,5.067839897632788,3.14587041565502,1,False,False
830e6afffffffff,6.623634068399141,1.9172479770934336,1,False,False
830e6bfffffffff,5.4920578727226745,2.072949720218861,1,False,False
830e6cfffffffff,6.89892041743571,3.9255985831615,1,False,False
830e6dfffffffff,5.767159470950392,4.069500735976454,1,False,False
830e6efffffffff,7.331334407883438,2.846176202005428,1,False,False
830e70fffffffff,11.220368648670703,1.275948604654387,1,False,False
830e71fffffffff,10.062392573117114,1.4391077870276645,1,False,False
830e72fffffffff,11.657258402576096,0.1625038322930513,1,False,False
830e73fffffffff,10.497665079005833,0.3326268243029597,1,False,False
830e74fffffffff,11.941001774977384,2.2251958783064647,1,False,False
830e75fffffffff,10.780480508342068,2.383214819238157,1,False,False
830e76fffffffff,12.38265567967126,1.1108479614924751,1,False,False
830e80fffffffff,19.190627248288585,-8.623920172903645,1,False,False
830e81fffffffff,18.04229356849608,-8.398069695634664,1,False,False
830e82fffffffff,19.565568353302552,-9.780893312891376,1,False,False
830e83fffffffff,18.4226067086426,-9.548921501520416,1,False,False
830e84fffffffff,19.956190442635453,-7.687534186507144,1,False,False
830e85fffffffff,18.80621055363667,-7.465535198430997,1,False,False
830e86fffffffff,20.33533834406109,-8.852272081134759,1,False,False
830e88fffffffff,16.128257269290756,-9.092432697441373,1,False,False
830e89fffffffff,14.978804516942049,-8.867850453518416,1,False,False
830e8afffffffff,16.50977538318801,-10.22939405396566,1,False,False
830e8bfffffffff,15.364836565811292,-9.99897138929182,1,False,False
830e8cfffffffff,16.891300078745953,-8.174686675637139,1,False,False
830e8dfffffffff,15.738621657310532,-7.953737577411089,1,False,False
830e8efffffffff,17.276515441583665,-9.319445570142532,1,False,False
830e90fffffffff,21.06322265711125,-11.175948077985604,1,False,False
830e91fffffffff,19.930701748059622,-10.93551615931448,1,False,False
830e92fffffffff,21.411384039212653,-12.332993771386349,1,False,False
830e93fffffffff,20.285735680633888,-12.086861685355366,1,False,False
830e94fffffffff,21.838327837753607,-10.252457812056804,1,False,False
830e95fffffffff,20.70445194418228,-10.01539421607391,1,False,False
830e96fffffffff,22.19031364336086,-11.418963043434111,1,False,False
830e98fffffffff,18.020528378683068,-11.602262356468056,1,False,False
830e99fffffffff,16.882817151436967,-11.363732937112257,1,False,False
830e9afffffffff,18.37868734981094,-12.738530827298357,1,False,False
830e9bfffffffff,17.247059311816574,-12.494572942423057,1,False,False
830e9cfffffffff,18.79366259615156,-10.697634655660472,1,False,False
830e9dfffffffff,17.653037569067656,-10.462271272133652,1,False,False
830e9efffffffff,19.155145554668533,-11.843294957747425,1,False,False
830ea0fffffffff,20.32482368802646,-5.568216666854737,1,False,False
830ea1fffffffff,19.16923105559909,-5.357056342204578,1,False,False
830ea2fffffffff,20.71838096009869,-6.740061361849116,1,False,False
830ea3fffffffff,19.56735808586285,-6.52214102665009,1,False,False
830ea4fffffffff,21.07769579603122,-4.604122334423209,1,False,False
830ea5fffffffff,19.921793809840985,-4.397481052434804,1,False,False
830ea6fffffffff,21.47628189507658,-5.781830848334393,1,False,False
830ea8fffffffff,17.255349070548803,-6.093653998269134,1,False,False
830ea9fffffffff,16.096322230170887,-5.883016768258616,1,False,False
830eaafffffffff,17.653077292539585,-7.246003737286538,1,False,False
830eabfffffffff,16.4977659316833,-7.02890522997055,1,False,False
830eacfffffffff,18.0104735104043,-5.148313471941467,1,False,False
830eadfffffffff,16.849535391034813,-4.9419522256176815,1,False,False
830eaefffffffff,18.412689627788595,-6.306683749538134,1,False,False
830eb0fffffffff,22.24286659954425,-8.139075464024648,1,False,False
830eb1fffffffff,21.102056284393456,-7.912035759793663,1,False,False
830eb2fffffffff,22.61012990042844,-9.31661827957999,1,False,False
830eb3fffffffff,21.475480835595967,-9.083159832836138,1,False,False
830eb4fffffffff,23.005685880217115,-7.18343599926898,1,False,False
830eb5fffffffff,21.86480183322008,-6.960480819329836,1,False,False
830eb6fffffffff,23.37770346809524,-8.368689334333608,1,False,False
830ec0fffffffff,11.13070898500989,-7.093624964847151,1,False,False
830ec1fffffffff,9.984313297548008,-6.884357693043802,1,False,False
830ec2fffffffff,11.53304504795879,-8.208369075179593,1,False,False
830ec3fffffffff,10.38856063987362,-7.993192886565141,1,False,False
830ec4fffffffff,11.874485215302244,-6.184166105113335,1,False,False
830ec5fffffffff,10.72308358009784,-5.978730554698961,1,False,False
830ec6fffffffff,12.28030576665564,-7.305165008317149,1,False,False
830ec8fffffffff,8.111448297944008,-7.569633496542937,1,False,False
830ec9fffffffff,6.980655654129534,-7.361190518395666,1,False,False
830ecafffffffff,8.514080454585674,-8.66625447005979,1,False,False
830ecbfffffffff,7.384298714354898,-8.452157741735531,1,False,False
830eccfffffffff,8.842064333772457,-6.677332255129702,1,False,False
830ecdfffffffff,7.704886427809155,-6.472518138455525,1,False,False
830ecefffffffff,9.247718648978958,-7.7802910545000925,1,False,False
830ed0fffffffff,13.073802013431235,-9.5453650010978,1,False,False
830ed1fffffffff,11.929643856200116,-9.322119787339636,1,False,False
830ed2fffffffff,13.460630218374588,-10.662858734806694,1,False,False
830ed3fffffffff,12.320081861754558,-10.434038503337309,1,False,False
830ed4fffffffff,13.829134320531688,-8.645666800418029,1,False,False
830ed5fffffffff,12.6802237692645,-8.425850092285316,1,False,False
830ed6fffffffff,14.219188772087968,-9.770972011489606,1,False,False
830ed8fffffffff,10.044992928243934,-9.983427659778163,1,False,False
830ed9fffffffff,8.91233174804517,-9.76157908165078,1,False,False
830edafffffffff,10.435746417854684,-11.081983805823592,1,False,False
830edbfffffffff,9.305769991644512,-10.85481103356758,1,False,False
830edcfffffffff,10.787674650135246,-9.101206149272208,1,False,False
830eddfffffffff,9.648842845342209,-8.882594216583882,1,False,False
830edefffffffff,11.181220535163158,-10.20757119106155,1,False,False
830ee0fffffffff,12.203907979501,-4.139626536586268,1,False,False
830ee1fffffffff,11.0470058698797,-3.9446555275845294,1,False,False
830ee2fffffffff,12.619063844274374,-5.265117978272087,1,False,False
830ee3fffffffff,11.463223953357904,-5.063711177818335,1,False,False
830ee4fffffffff,12.944292472636771,-3.206828965576438,1,False,False
830ee5fffffffff,11.783664798492165,-3.016258946158549,1,False,False
830ee6fffffffff,13.36360060164893,-4.336808373495331,1,False,False
830ee8fffffffff,9.162264040194549,-4.667541379397555,1,False,False
830ee9fffffffff,8.01903432638728,-4.472714992487555,1,False,False
830eeafffffffff,9.575389172348482,-5.775530544195633,1,False,False
830eebfffffffff,8.4323430164653,-5.574534809592197,1,False,False
830eecfffffffff,9.89386341584802,-3.7518628119747066,1,False,False
830eedfffffffff,8.745430159513441,-3.5612163808260773,1,False,False
830eeefffffffff,10.31063868457421,-4.864529625038315,1,False,False
830ef0fffffffff,14.184554184583892,-6.601871194456082,1,False,False
830ef1fffffffff,13.02863375666375,-6.391868921196592,1,False,False
830ef2fffffffff,14.58524048661118,-7.735189302665709,1,False,False
830ef3fffffffff,13.432141161484696,-7.519009189007018,1,False,False
830ef4fffffffff,14.936602363555677,-5.674737578054549,1,False,False
830ef5fffffffff,13.777185183864,-5.468782464595144,1,False,False
830ef6fffffffff,15.341261560886412,-6.814205585964444,1,False,False
830f00fffffffff,21.30438674091074,6.366907684613168,1,False,False
830f01fffffffff,20.14350747184968,6.50564817806033,1,False,False
830f02fffffffff,21.777596177996347,5.218741349089971,1,False,False
830f03fffffffff,20.61673525021668,5.365454917565112,1,False,False
830f04fffffffff,21.98211172219172,7.371832043548556,1,False,False
830f05fffffffff,20.82485090549487,7.504331212297107,1,False,False
830f06fffffffff,22.46177089641368,6.226370854814031,1,False,False
830f08fffffffff,18.286857604605974,5.653337807415024,1,False,False
830f09fffffffff,17.119798686701852,5.7945729862772986,1,False,False
830f0afffffffff,18.75353809866164,4.518895209903955,1,False,False
830f0bfffffffff,17.585621579611892,4.667842264042448,1,False,False
830f0cfffffffff,18.980094394368567,6.642624961221453,1,False,False
830f0dfffffffff,17.815120927460363,6.777869916567781,1,False,False
830f0efffffffff,19.45283106350526,5.510309303561487,1,False,False
830f10fffffffff,23.399472367420064,3.903924702634956,1,False,False
830f11fffffffff,22.243790505052427,4.060613883633295,1,False,False
830f12fffffffff,23.85615477432196,2.728589872192805,1,False,False
830f13fffffffff,22.70229820581977,2.893353099823444,1,False,False
830f14fffffffff,24.086369936372503,4.919599629355212,1,False,False
830f15fffffffff,22.9344544658012,5.070134535026604,1,False,False
830f16fffffffff,24.54971299163375,3.745211525867622,1,False,False
830f18fffffffff,20.38051113477949,3.2166775942192825,1,False,False
830f19fffffffff,19.214498365310625,3.375311172481148,1,False,False
830f1afffffffff,20.834132885110147,2.0569798866223845,1,False,False
830f1bfffffffff,19.66908692018946,2.2233962797668942,1,False,False
830f1cfffffffff,21.08360111841463,4.2153152406898045,1,False,False
830f1dfffffffff,19.919859520436138,4.368064149608039,1,False,False
830f1efffffffff,21.543433953972443,3.056036824637234,1,False,False
830f2afffffffff,19.664603064349546,7.635132720912962,1,False,False
830f2bfffffffff,18.502329288507664,7.764267651321891,1,False,False
830f2efffffffff,20.33968994981109,8.630278635889141,1,False,False
830f30fffffffff,24.28390390372377,7.101612680014877,1,False,False
830f31fffffffff,23.13543872049889,7.237603393309502,1,False,False
830f32fffffffff,24.762296904243183,5.939773841704692,1,False,False
830f33fffffffff,23.61471539616683,6.084004298732663,1,False,False
830f36fffffffff,25.42660234582159,6.963826540470651,1,False,False
830f42fffffffff,13.621991381979337,6.2078333932115175,1,False,False
830f43fffffffff,12.46045283013994,6.34220663606109,1,False,False
830f48fffffffff,10.14974116466525,6.606058488323416,1,False,False
830f49fffffffff,9.002424019992418,6.735593438433319,1,False,False
830f4afffffffff,10.600080255325588,5.523764874217332,1,False,False
830f4bfffffffff,9.448569367873146,5.660411700466533,1,False,False
830f4efffffffff,11.302722821326288,6.474938840939598,1,False,False
830f50fffffffff,15.248974415816162,4.960216050456891,1,False,False
830f51fffffffff,14.082230499672518,5.103706848750495,1,False,False
830f52fffffffff,15.707799757611946,3.839515031334965,1,False,False
830f53fffffffff,14.539336495763676,3.990462452580593,1,False,False
830f54fffffffff,15.95264304697004,5.934046673171379,1,False,False
830f56fffffffff,16.417102138672064,4.814938416184686,1,False,False
830f58fffffffff,12.209024255353755,4.286870262369932,1,False,False
830f59fffffffff,11.049126793479251,4.432392864613739,1,False,False
830f5afffffffff,12.658736504898153,3.1798988950161826,1,False,False
830f5bfffffffff,11.496296460415516,3.3326291887624824,1,False,False
830f5cfffffffff,12.9178549431782,5.245441808064465,1,False,False
830f5dfffffffff,11.756819873328018,5.385451257399915,1,False,False
830f5efffffffff,13.372750254904878,4.139570383609624,1,False,False
830f72fffffffff,16.64956780441226,6.91141420266249,1,False,False
830f80fffffffff,24.446884571086727,-1.849019507692516,1,False,False
830f81fffffffff,23.299757614897864,-1.6548814059496588,1,False,False
830f82fffffffff,24.85779688776144,-3.048133823348772,1,False,False
830f83fffffffff,23.715162481643503,-2.846358319719606,1,False,False
830f84fffffffff,25.16988873702193,-0.843040286693765,1,False,False
830f85fffffffff,24.025338827222868,-0.6543200807736512,1,False,False
830f86fffffffff,25.58709095706673,-2.045563707550359,1,False,False
830f88fffffffff,21.41137431852127,-2.45007412902022,1,False,False
830f89fffffffff,20.25208375877861,-2.2554879799189176,1,False,False
830f8afffffffff,21.8250689190502,-3.630248982395665,1,False,False
830f8bfffffffff,20.66947350791533,-3.4283472924557072,1,False,False
830f8cfffffffff,22.14661410944177,-1.463109864833699,1,False,False
830f8dfffffffff,20.988386487166004,-1.2736660927906596,1,False,False
830f8efffffffff,22.566048815099546,-2.6470181165292272,1,False,False
830f90fffffffff,26.387346478980824,-4.462449916633802,1,False,False
830f91fffffffff,25.257595668570243,-4.250632196663706,1,False,False
830f92fffffffff,26.76952340475076,-5.674690396571949,1,False,False
830f93fffffffff,25.64584460749291,-5.455466065952673,1,False,False
830f94fffffffff,27.12010964535829,-3.459150678443345,1,False,False
830f95fffffffff,25.993063960076984,-3.2523844313360515,1,False,False
830f96fffffffff,27.508464380628315,-4.676846313336695,1,False,False
830f98fffffffff,23.37470459291693,-5.02476193827214,1,False,False
830f99fffffffff,22.22897989447519,-4.813203364247668,1,False,False
830f9afffffffff,23.763018887949737,-6.216569287725372,1,False,False
830f9bfffffffff,22.62265565938591,-5.997935867147359,1,False,False
830f9cfffffffff,24.12004679599953,-4.0413525952957325,1,False,False
830f9dfffffffff,22.97557033450558,-3.8345712496162414,1,False,False
830f9efffffffff,24.513954552892244,-5.238836483653253,1,False,False
830fa0fffffffff,25.448828101156995,1.370008841387678,1,False,False
830fa1fffffffff,24.303856656785342,1.545022560303469,1,False,False
830fa2fffffffff,25.88335573149998,0.1710641355191564,1,False,False
830fa3fffffffff,24.741962160808804,0.3541558896191842,1,False,False
830fa4fffffffff,26.1451721853502,2.3926746849747853,1,False,False
830fa5fffffffff,25.00407847329064,2.5617097914280174,1,False,False
830fa6fffffffff,26.586499372634503,1.192749854081725,1,False,False
830fa8fffffffff,22.43941383969208,0.7135052683208564,1,False,False
830fa9fffffffff,21.28009175217691,0.8898405037632706,1,False,False
830faafffffffff,22.874329507926632,-0.4679314141756096,1,False,False
830fabfffffffff,21.717778975598048,-0.2838352175638465,1,False,False
830facfffffffff,23.15246951149317,1.7178301975375956,1,False,False
830fadfffffffff,21.995581312556627,1.8884701186694304,1,False,False
830faefffffffff,23.593680807385507,0.5349565328263062,1,False,False
830fb0fffffffff,27.436092996837168,-1.2276355152546163,1,False,False
830fb1fffffffff,26.307091399170297,-1.034131882440151,1,False,False
830fb2fffffffff,27.843290711228097,-2.446032363162113,1,False,False
830fb3fffffffff,26.71950501242656,-2.2445543025850925,1,False,False
830fb4fffffffff,28.14203513633728,-0.2021535989040137,1,False,False
830fb5fffffffff,27.0169915151638,-0.0143587453310762,1,False,False
830fb6fffffffff,28.55607700752435,-1.4235926448673173,1,False,False
831116fffffffff,16.049798125130987,33.62822460631331,1,False,False
831120fffffffff,18.27915280396449,29.01037869201412,1,False,False
831121fffffffff,19.28128116216426,28.824067986865906,1,False,False
831122fffffffff,17.85182175505588,29.92176129765156,1,False,False
831123fffffffff,18.860078572790428,29.74230054821321,1,False,False
831124fffffffff,17.705472535871223,28.29575609771448,1,False,False
831125fffffffff,18.69693192962152,28.10589148847413,1,False,False
831126fffffffff,17.28164052056861,29.193672572307303,1,False,False
831128fffffffff,20.889228128004508,29.374293216158584,1,False,False
831129fffffffff,21.908828594016608,29.185599846902253,1,False,False
83112afffffffff,20.471050932468565,30.313595938228723,1,False,False
83112cfffffffff,20.28740864931936,28.634669397280632,1,False,False
83112dfffffffff,21.296902197571253,28.442109758620703,1,False,False
83112efffffffff,19.87276014240524,29.55983528540124,1,False,False
831130fffffffff,16.406521736519238,31.009220863937085,1,False,False
831132fffffffff,15.95554286700366,31.926073339003203,1,False,False
831134fffffffff,15.85104478033559,30.271947873985887,1,False,False
831135fffffffff,16.84861024176263,30.098287701371845,1,False,False
831136fffffffff,15.404069072094163,31.1760111821044,1,False,False
831160fffffffff,25.355436940026337,27.638719642422544,1,False,False
831161fffffffff,26.37185977672848,27.42917842954005,1,False,False
831162fffffffff,24.97970126141441,28.59983233653835,1,False,False
831164fffffffff,24.711908578805584,26.899173691730216,1,False,False
831165fffffffff,25.7194514500172,26.6860794800187,1,False,False
831166fffffffff,24.339053380353683,27.844699797306426,1,False,False
831174fffffffff,22.930894333237976,28.993678405529472,1,False,False
831175fffffffff,23.95474731930093,28.798449760450207,1,False,False
831180fffffffff,15.70297564241507,38.14281483027723,1,False,False
831181fffffffff,16.763954697601985,38.02880987867194,1,False,False
831183fffffffff,16.258754736584084,39.01065648587453,1,False,False
831184fffffffff,15.152162184670058,37.29255857474725,1,False,False
831185fffffffff,16.20264329319851,37.17215057342714,1,False,False
831190fffffffff,13.623058241483676,40.18592911154285,1,False,False
831192fffffffff,13.099330625406878,41.1537359730663,1,False,False
831193fffffffff,14.15705651835477,41.06761535516665,1,False,False
831194fffffffff,13.09385723026473,39.32105682681494,1,False,False
831196fffffffff,12.575767108481664,40.27907169344987,1,False,False
8311a0fffffffff,15.095957218606468,35.51190646206985,1,False,False
8311a1fffffffff,16.1325794134211,35.377389814915304,1,False,False
8311a3fffffffff,15.646506614334054,36.33324871866608,1,False,False
8311a4fffffffff,14.551369877069426,34.707905276141645,1,False,False
8311a5fffffffff,15.577076829535546,34.56791204329326,1,False,False
8311a6fffffffff,14.067079221418831,35.644115796345346,1,False,False
8311aefffffffff,16.69387026526861,36.20453621708401,1,False,False
8311b0fffffffff,13.07597116454447,37.52710755510538,1,False,False
8311b2fffffffff,12.58038026968256,38.43920744446602,1,False,False
8311b3fffffffff,13.605317032778212,38.36481078568877,1,False,False
8311b4fffffffff,12.593147413544497,36.55445328807152,1,False,False
8311b5fffffffff,13.575166656126074,36.58401214606906,1,False,False
8311b6fffffffff,12.09719904645613,37.46252891655911,1,False,False
831205fffffffff,28.831491378707074,-17.399953384527272,1,False,False
831208fffffffff,26.192274291288136,-18.862090615101653,1,False,False
831209fffffffff,25.13252237971353,-18.58349370016613,1,False,False
83120cfffffffff,26.98848870512532,-17.999775006527166,1,False,False
83120dfffffffff,25.92837488419895,-17.72285435387955,1,False,False
831220fffffffff,30.40456238067345,-15.594663854162729,1,False,False
831221fffffffff,29.35771408301034,-15.321375827887811,1,False,False
831223fffffffff,29.620489352028343,-16.505033695315515,1,False,False
831224fffffffff,31.182803691092914,-14.668911839518634,1,False,False
831225fffffffff,30.137957873572805,-14.398241592150278,1,False,False
831226fffffffff,31.439456189283824,-15.870805312803302,1,False,False
831228fffffffff,27.51276295477708,-15.956524454704736,1,False,False
831229fffffffff,26.44307229516253,-15.68641227080023,1,False,False
83122afffffffff,27.782069064373207,-17.122202856201486,1,False,False
83122bfffffffff,26.72208880560008,-16.847190306745325,1,False,False
83122cfffffffff,28.299486756414414,-15.050909477599497,1,False,False
83122dfffffffff,27.230499480217503,-14.783233196226192,1,False,False
83122efffffffff,28.572113830492587,-16.229388364078503,1,False,False
831240fffffffff,21.60048230345571,-16.641570513834793,1,False,False
831241fffffffff,20.50042191800973,-16.377719861817805,1,False,False
831242fffffffff,21.902081537240885,-17.763319797745314,1,False,False
831243fffffffff,20.810694455025185,-17.495053627083518,1,False,False
831244fffffffff,22.39018621148449,-15.773964797302254,1,False,False
831245fffffffff,21.28794053239881,-15.512226437449195,1,False,False
831246fffffffff,22.694095305003387,-16.90798344960263,1,False,False
831248fffffffff,18.61085928955668,-16.96606408430659,1,False,False
831249fffffffff,17.50410066335721,-16.70529247525697,1,False,False
83124afffffffff,18.92755099549033,-18.066961316745456,1,False,False
83124bfffffffff,17.828771053936627,-17.801993492313457,1,False,False
83124cfffffffff,19.394745343933494,-16.116405736128712,1,False,False
83124dfffffffff,18.284308327334376,-15.857602450065407,1,False,False
83124efffffffff,19.713342511014453,-17.22930976704085,1,False,False
831250fffffffff,23.267969489718485,-19.151632913187328,1,False,False
831251fffffffff,22.192689293427502,-18.876699951222687,1,False,False
831253fffffffff,22.472293756822346,-19.980973394493702,1,False,False
831254fffffffff,24.063758593693443,-18.30751568128353,1,False,False
831255fffffffff,22.98669590449532,-18.034132430234912,1,False,False
831256fffffffff,24.33541892115785,-19.429113342213306,1,False,False
831258fffffffff,20.319694479053613,-19.43090569917383,1,False,False
831259fffffffff,19.23428228379917,-19.159567283085288,1,False,False
83125afffffffff,20.60734101489405,-20.518172547929044,1,False,False
83125bfffffffff,19.53098717319205,-20.243190115163664,1,False,False
83125cfffffffff,21.110332463324923,-18.60429202313573,1,False,False
83125dfffffffff,20.021682834132537,-18.3343866492582,1,False,False
83125efffffffff,21.39929394116807,-19.70470078961435,1,False,False
831260fffffffff,22.860786011700743,-13.73980250637964,1,False,False
831261fffffffff,21.748712231777787,-13.485608501333928,1,False,False
831262fffffffff,23.178924311387465,-14.892290781128516,1,False,False
831263fffffffff,22.07502597497421,-14.63289084970432,1,False,False
831264fffffffff,23.64431270286576,-12.833080354402906,1,False,False
831265fffffffff,22.53119835710814,-12.581722730524282,1,False,False
831266fffffffff,23.965796981674828,-13.996631185442135,1,False,False
831268fffffffff,19.84832749123628,-14.121877344643732,1,False,False
831269fffffffff,18.727252316665982,-13.870206173236465,1,False,False
83126afffffffff,20.179593847590173,-15.253060339214365,1,False,False
83126bfffffffff,19.065999864995533,-14.996439219479566,1,False,False
83126cfffffffff,20.63041947054488,-13.234018689464236,1,False,False
83126dfffffffff,19.50677930202838,-12.985002809527003,1,False,False
83126efffffffff,20.964543789300944,-14.376095998980784,1,False,False
831270fffffffff,24.57309694315432,-16.3052679977205,1,False,False
831271fffffffff,23.485503966261984,-16.038302816679543,1,False,False
831272fffffffff,24.858797034312406,-17.44859948756858,1,False,False
831273fffffffff,23.78045764683567,-17.17698448601394,1,False,False
831274fffffffff,25.36371858709668,-15.419022222591767,1,False,False
831275fffffffff,24.27541804841416,-15.154324839356704,1,False,False
831276fffffffff,25.652201300608056,-16.574887935611603,1,False,False
8312edfffffffff,21.67757235228431,-20.795583329646373,1,False,False
831300fffffffff,34.496290073141154,-12.064731273324655,1,False,False
831301fffffffff,33.47354617648641,-11.800570525170842,1,False,False
831302fffffffff,34.75757807779936,-13.309861136190792,1,False,False
831303fffffffff,33.74462104351182,-13.039286670977738,1,False,False
831304fffffffff,35.23816238511143,-11.075135409339468,1,False,False
831305fffffffff,34.21952643781698,-10.814686714302518,1,False,False
831306fffffffff,35.50526386397037,-12.331914627719398,1,False,False
831308fffffffff,31.67874010477574,-12.507085016741144,1,False,False
831309fffffffff,30.62680225959318,-12.245382204520611,1,False,False
83130afffffffff,31.95430982025034,-13.72788005958788,1,False,False
83130bfffffffff,30.911934707290825,-13.460095956075062,1,False,False
83130cfffffffff,32.437480196202834,-11.539392422012211,1,False,False
83130dfffffffff,31.388586890399885,-11.281157404026697,1,False,False
83130efffffffff,32.71818510375184,-12.771707290036504,1,False,False
831315fffffffff,35.756632531700355,-13.58346898279662,1,False,False
831319fffffffff,32.21532538286821,-14.942474177878278,1,False,False
83131cfffffffff,34.0005408446069,-14.27226458367823,1,False,False
83131dfffffffff,32.98400888351423,-13.998590948763503,1,False,False
831320fffffffff,35.67998810795973,-8.79975490089042,1,False,False
831321fffffffff,34.65662465745811,-8.550657735155633,1,False,False
831322fffffffff,35.96940684248595,-10.070752156007906,1,False,False
831323fffffffff,34.9552804335481,-9.814314353398643,1,False,False
831324fffffffff,36.39285888110186,-7.771353985768458,1,False,False
831325fffffffff,35.3745354208209,-7.526879971170765,1,False,False
831326fffffffff,36.68921886603613,-9.05187853721153,1,False,False
831328fffffffff,32.885823859575545,-9.310448714556587,1,False,False
831329fffffffff,31.83144124116412,-9.062935003268407,1,False,False
83132afffffffff,33.1872762975917,-10.557241005906512,1,False,False
83132bfffffffff,32.14188462734966,-10.302756862581964,1,False,False
83132cfffffffff,33.61955559655903,-8.304542119874665,1,False,False
83132dfffffffff,32.569255530081385,-8.061363763629739,1,False,False
83132efffffffff,33.92726941929736,-9.560894277719042,1,False,False
831330fffffffff,37.232935264332106,-11.60520981761118,1,False,False
831331fffffffff,36.2427584299557,-11.33862898806108,1,False,False
831333fffffffff,36.50006588606455,-12.602160943421971,1,False,False
831334fffffffff,37.95443999290889,-10.592856554995578,1,False,False
831335fffffffff,36.96924560779635,-10.330251451601493,1,False,False
831340fffffffff,27.0762631294292,-10.276871394357148,1,False,False
831341fffffffff,25.97227206691824,-10.032772885335856,1,False,False
831342fffffffff,27.401883469679337,-11.477419196619056,1,False,False
831343fffffffff,26.306050464020814,-11.22702465205433,1,False,False
831344fffffffff,27.84000173915554,-9.313624385449364,1,False,False
831345fffffffff,26.737630949875346,-9.073343664521143,1,False,False
831346fffffffff,28.17058987992694,-10.523721420857798,1,False,False
831348fffffffff,24.08745726743745,-10.734409421120798,1,False,False
831349fffffffff,22.96628945242412,-10.49211808922576,1,False,False
83134afffffffff,24.424686822746228,-11.912874303054409,1,False,False
83134bfffffffff,23.311087805882604,-11.664594020544149,1,False,False
83134cfffffffff,24.85937927278593,-9.791388858414154,1,False,False
83134dfffffffff,23.7383861013833,-9.552682711843266,1,False,False
83134efffffffff,25.20098250540666,-10.97936656369636,1,False,False
831350fffffffff,28.79134942320272,-12.93316558532048,1,False,False
831351fffffffff,27.714348826786257,-12.673948747863877,1,False,False
831352fffffffff,29.081344616895667,-14.130429705639596,1,False,False
831353fffffffff,28.01356524105877,-13.865442658831006,1,False,False
831354fffffffff,29.56293399593521,-11.986561545565424,1,False,False
831355fffffffff,28.48774343328476,-11.730586078722492,1,False,False
831356fffffffff,29.8574204423398,-13.19520293998836,1,False,False
831358fffffffff,25.847130681730544,-13.343810109835893,1,False,False
831359fffffffff,24.74989107994803,-13.087098705399796,1,False,False
83135afffffffff,26.151413842255856,-14.518315538209212,1,False,False
83135bfffffffff,25.06293243893349,-14.256125230937531,1,False,False
83135cfffffffff,26.627089495839364,-12.4175175739991,1,False,False
83135dfffffffff,25.530284422377427,-12.163837508737595,1,False,False
83135efffffffff,26.93526478192254,-13.603247150551772,1,False,False
831360fffffffff,28.2469041442766,-7.117159022710574,1,False,False
831361fffffffff,27.13922785615719,-6.888024480046486,1,False,False
831362fffffffff,28.59635597502553,-8.33756670608626,1,False,False
831363fffffffff,27.49614273272913,-8.101364907540841,1,False,False
831364fffffffff,28.98903002271792,-6.121085420744997,1,False,False
831365fffffffff,27.88417666427776,-5.896549839985384,1,False,False
831366fffffffff,29.344430825441822,-7.349018736527759,1,False,False
831368fffffffff,25.267237418647472,-7.637102629319668,1,False,False
831369fffffffff,24.14012413012139,-7.408964041573519,1,False,False
83136afffffffff,25.62592713682032,-8.835786169819249,1,False,False
83136bfffffffff,24.5056766094892,-8.600913896835511,1,False,False
83136cfffffffff,26.02215349120888,-6.661574545158305,1,False,False
83136dfffffffff,24.896473551528327,-6.437769264071909,1,False,False
83136efffffffff,26.38617999240168,-7.8678899918558844,1,False,False
831370fffffffff,30.01380310996639,-9.802509988917516,1,False,False
831371fffffffff,28.93229358078236,-9.55666683022659,1,False,False
831372fffffffff,30.32740779165095,-11.025826319582796,1,False,False
831373fffffffff,29.254530881643777,-10.773360431216052,1,False,False
831374fffffffff,30.76466653911014,-8.818311038404737,1,False,False
831375fffffffff,29.686091907240545,-8.576535270472801,1,False,False
831376fffffffff,31.083871268302435,-10.051193342805671,1,False,False
831400fffffffff,66.04710153527166,52.21145841858568,1,False,False
831401fffffffff,66.56871958551606,49.89070556390571,1,False,False
831402fffffffff,66.59275028510788,54.39398235162082,1,False,False
831403fffffffff,67.14594329190643,52.09484948706361,1,False,False
831404fffffffff,64.94532046037247,52.31868105542188,1,False,False
831405fffffffff,65.46421573450188,50.096261498134176,1,False,False
831406fffffffff,65.49793519210388,54.41358934959444,1,False,False
831408fffffffff,68.15990147572143,47.107882829156594,1,False,False
83140cfffffffff,67.05917428416421,47.44972295456676,1,False,False
83140dfffffffff,67.51473112864973,44.88847548556964,1,False,False
83140efffffffff,67.66962331194281,49.66671640919523,1,False,False
831420fffffffff,63.247812488233095,50.4604666891349,1,False,False
831421fffffffff,63.73403365231949,48.31643619034087,1,False,False
831422fffffffff,63.84141742158636,52.4176061894732,1,False,False
831423fffffffff,64.35696144382196,50.28556503292342,1,False,False
831424fffffffff,62.13762800418852,50.62254682575601,1,False,False
831425fffffffff,62.62100451566251,48.56222931099938,1,False,False
831426fffffffff,62.73621752314736,52.50916057687926,1,False,False
831428fffffffff,65.30329659947847,45.71305383176652,1,False,False
831429fffffffff,65.72751035033217,43.27330701624802,1,False,False
83142afffffffff,65.954020126263,47.76288541772764,1,False,False
83142bfffffffff,66.41125106283066,45.31835636119679,1,False,False
83142cfffffffff,64.19183394425356,46.07668417135461,1,False,False
83142dfffffffff,64.61809737685955,43.741958936683815,1,False,False
83142efffffffff,64.84533935870665,48.05081710944516,1,False,False
831430fffffffff,63.83358450033719,56.43774533151276,1,False,False
831431fffffffff,64.40070328163289,54.43165643607997,1,False,False
831433fffffffff,64.92467485271094,56.49994761512568,1,False,False
831434fffffffff,62.741278716121386,56.38012493072163,1,False,False
831435fffffffff,63.30185373509937,54.448358167382736,1,False,False
831436fffffffff,63.24701121527144,58.34030218862733,1,False,False
831476fffffffff,66.83235928843428,42.76407401280074,1,False,False
831489fffffffff,58.024851102419206,134.20824519746125,1,False,False
83148afffffffff,56.55482785859161,132.76864105591395,1,False,False
83148bfffffffff,57.07944077546125,134.34625934607854,1,False,False
831498fffffffff,55.109309212098594,131.47154328060034,1,False,False
831499fffffffff,55.63579714467229,132.9455857527646,1,False,False
83149afffffffff,54.21726026756003,131.67918659630024,1,False,False
83149bfffffffff,54.73211915301543,133.11161786089488,1,False,False
8314c0fffffffff,60.51197767328676,139.5314767318536,1,False,False
8314c2fffffffff,59.52472766576193,139.48665179891535,1,False,False
8314c6fffffffff,60.02444616901584,137.63662078207375,1,False,False
8314d0fffffffff,58.08025112268126,137.68391112762046,1,False,False
8314d4fffffffff,58.54405387914613,135.90178454376556,1,False,False
8314d5fffffffff,59.04469917671089,137.6611209725651,1,False,False
8314d6fffffffff,57.58853712923867,135.98444238466485,1,False,False
831500fffffffff,58.319031870162085,52.81600323533928,1,False,False
831501fffffffff,58.80943871142456,51.044541025662255,1,False,False
831502fffffffff,58.90643580155045,54.504200530781645,1,False,False
831503fffffffff,59.42113270012028,52.74700546534665,1,False,False
831504fffffffff,57.219755571566346,52.88066628172928,1,False,False
831505fffffffff,57.7036618849478,51.16720944382858,1,False,False
831506fffffffff,57.81160910487415,54.51594267829408,1,False,False
831508fffffffff,60.39336838692771,49.002570700258566,1,False,False
831509fffffffff,60.84595342648328,47.01376914419444,1,False,False
83150afffffffff,61.02726748080254,50.773163122881314,1,False,False
83150bfffffffff,61.50715123497469,48.79032822539174,1,False,False
83150cfffffffff,59.280543051957984,49.200549338757575,1,False,False
83150dfffffffff,59.72997240365839,47.28353809790032,1,False,False
83150efffffffff,59.91758755835632,50.91348840607946,1,False,False
831510fffffffff,58.91166486638244,57.89098691926821,1,False,False
831511fffffffff,59.46503262630472,56.23019700301885,1,False,False
831512fffffffff,59.41850746591103,59.62691072023171,1,False,False
831513fffffffff,59.99408049358527,57.99204192448752,1,False,False
831514fffffffff,57.8314985414533,57.7962704469311,1,False,False
831515fffffffff,58.37582222826948,56.186638643703546,1,False,False
831516fffffffff,58.34578477559332,59.476523283789575,1,False,False
831518fffffffff,61.1025302558428,54.47824114785119,1,False,False
831519fffffffff,61.63055026056404,52.59413798435912,1,False,False
83151afffffffff,61.6485535379594,56.326598241760266,1,False,False
83151bfffffffff,62.202192798109664,54.46384367841785,1,False,False
83151cfffffffff,60.00367586780498,54.4916613540571,1,False,False
83151dfffffffff,60.52524605028936,52.67322220662658,1,False,False
83151efffffffff,60.55620638024695,56.27674405056885,1,False,False
831520fffffffff,55.50252039442801,51.39041474088978,1,False,False
831521fffffffff,55.95650728579712,49.721929067327416,1,False,False
831522fffffffff,56.12410274738598,52.941390501318665,1,False,False
831523fffffffff,56.60108514435184,51.28227227668862,1,False,False
831524fffffffff,54.40876021570516,51.49224223460919,1,False,False
831525fffffffff,54.85612700403518,49.875111470878274,1,False,False
831526fffffffff,55.03285597665829,52.998525021534,1,False,False
831528fffffffff,57.502516602361176,47.77135686685805,1,False,False
831529fffffffff,57.92269343230223,45.919057697504265,1,False,False
83152afffffffff,58.16955183494413,49.385651017485024,1,False,False
83152bfffffffff,58.61519178475711,47.5355014486846,1,False,False
83152cfffffffff,56.39283384154356,47.9925938880902,1,False,False
83152dfffffffff,56.80945463438019,46.202343055568846,1,False,False
83152efffffffff,57.061257784042446,49.55908897053826,1,False,False
831530fffffffff,56.20640412089571,56.10740624027334,1,False,False
831531fffffffff,56.71998425512108,54.526961447425386,1,False,False
831532fffffffff,56.75434824113376,57.70731475082341,1,False,False
831533fffffffff,57.28935635426002,56.14579012592332,1,False,False
831534fffffffff,55.12771944695694,56.0712704917595,1,False,False
831535fffffffff,55.63233582263234,54.537321685828935,1,False,False
831536fffffffff,55.68096680683349,57.62361016783282,1,False,False
831550fffffffff,62.38970597130924,44.57529137708863,1,False,False
831552fffffffff,63.0778225295794,46.41275035689616,1,False,False
831553fffffffff,63.505155839726136,44.174638928278696,1,False,False
831554fffffffff,61.27275319407175,44.94731026512363,1,False,False
831556fffffffff,61.96221450252404,46.72425137990381,1,False,False
831564fffffffff,57.12535120317556,38.977719043143566,1,False,False
831565fffffffff,57.41582354045036,36.97250180500619,1,False,False
831566fffffffff,57.92005202940844,40.47285891299631,1,False,False
831572fffffffff,60.15528758530533,45.29363096851978,1,False,False
831574fffffffff,58.31957440931048,44.00271106009292,1,False,False
831576fffffffff,59.0382826258793,45.616804461359685,1,False,False
831580fffffffff,58.31456870430187,114.33818346470385,1,False,False
831581fffffffff,59.063974892788,115.55727382668404,1,False,False
831582fffffffff,57.44260419287573,115.12605299419464,1,False,False
831583fffffffff,58.17307053955063,116.32806403369942,1,False,False
831586fffffffff,57.56491538280595,113.18628090937048,1,False,False
831588fffffffff,59.62708181160359,118.94049887268528,1,False,False
83158afffffffff,58.70795240901048,119.61577258962856,1,False,False
83158bfffffffff,59.40995480216483,121.00483954874063,1,False,False
83158efffffffff,58.90176995619268,117.59802281832158,1,False,False
831595fffffffff,56.71183720866963,113.98765599429086,1,False,False
83159dfffffffff,58.00099640989024,118.29913765594463,1,False,False
8315a0fffffffff,59.288791962318136,62.91747208261384,1,False,False
8315a1fffffffff,59.89582750155787,61.39202437344592,1,False,False
8315a3fffffffff,60.34321523027052,63.18364035477043,1,False,False
8315a4fffffffff,58.235673212097154,62.6677232532108,1,False,False
8315a5fffffffff,58.831689331744094,61.18439680484411,1,False,False
8315a6fffffffff,58.67384708655793,64.3674812374546,1,False,False
8315a8fffffffff,61.56831810307819,59.959145162549945,1,False,False
8315a9fffffffff,62.16254143065573,58.215892060978376,1,False,False
8315abfffffffff,62.643841799608985,60.14325865506055,1,False,False
8315acfffffffff,60.49294466421253,59.78743225475468,1,False,False
8315adfffffffff,61.07796781900366,58.1000930652632,1,False,False
8315aefffffffff,60.96110481498743,61.61371370447123,1,False,False
8315b0fffffffff,56.89219553504862,110.19851616687896,1,False,False
8315b1fffffffff,57.657287544153824,111.23569412944644,1,False,False
8315b2fffffffff,56.033211612900594,111.12264443869648,1,False,False
8315b3fffffffff,56.81639847838468,112.09701901114694,1,False,False
8315b4fffffffff,56.80181958445146,108.51455898704896,1,False,False
8315b6fffffffff,55.94862650586659,109.49002844297964,1,False,False
831800fffffffff,3.628238444701621,12.08845756253418,1,False,False
831801fffffffff,2.913672787865807,12.929651445105112,1,False,False
831804fffffffff,4.645497106623458,12.265301756538577,1,False,False
831805fffffffff,3.9366507667128334,13.102050946642782,1,False,False
831808fffffffff,1.156158316194295,13.601623157650328,1,False,False
831809fffffffff,0.4338712475060378,14.448077613489575,1,False,False
83180afffffffff,0.8290475160955054,12.579198547618866,1,False,False
83180bfffffffff,0.1029197655742113,13.43003679051638,1,False,False
83180cfffffffff,2.197149219791387,13.7713405967689,1,False,False
83180dfffffffff,1.4793505459692056,14.613162012258476,1,False,False
83180efffffffff,1.8776489404703207,12.755376476481178,1,False,False
83181dfffffffff,1.554163275305455,11.729020819043033,1,False,False
831820fffffffff,5.941826769422699,13.441331264571854,1,False,False
831821fffffffff,5.241970350345639,14.269551416430554,1,False,False
831822fffffffff,5.649020978616673,12.440266028400458,1,False,False
831823fffffffff,4.9461608521583065,13.27260202154625,1,False,False
831824fffffffff,6.923317185900023,13.608264831746856,1,False,False
831825fffffffff,6.229532927702647,14.432062916116076,1,False,False
831828fffffffff,3.532616068208133,14.937942317662047,1,False,False
831829fffffffff,2.823239446752556,15.770243467337997,1,False,True
83182afffffffff,3.2254029780139506,13.939216547004444,1,False,False
83182bfffffffff,2.512420330896243,14.776441301369871,1,False,False
83182cfffffffff,4.539518498054075,15.097691429636786,1,False,False
83182dfffffffff,3.835113463816494,15.925405494617795,1,False,False
83182efffffffff,4.240476017777642,14.105277981755853,1,False,False
831836fffffffff,6.14746208625601,11.834099506871734,1,False,False
831840fffffffff,-1.390816523512037,17.974517938938504,1,False,False
831841fffffffff,-2.104673218509015,18.81157640010834,1,False,False
831844fffffffff,-0.3433414471591237,18.118800602260126,1,False,False
831845fffffffff,-1.0548596452047017,18.95098885446381,1,False,False
831846fffffffff,-0.674805408942396,17.135790292117253,1,False,False
831849fffffffff,-2.9436139579041267,18.33739617347174,1,False,False
83184afffffffff,-1.247016094935921,17.60321953827326,1,False,False
83184bfffffffff,-2.3449346936395714,17.489260300906157,1,False,False
83184cfffffffff,-2.81570984393154,19.64661455372501,1,False,False
83184dfffffffff,-3.5232749580443725,20.47928640089693,1,False,False
831859fffffffff,-0.6316229825971537,16.74385763679597,1,False,False
83185bfffffffff,-0.0085220587406684,15.874139880292784,1,False,False
831860fffffffff,1.0109993047879555,19.225141342440804,1,False,False
831861fffffffff,0.3066118942184975,20.045605608063767,1,False,False
831862fffffffff,0.692661094144319,18.26147126017632,1,False,False
831863fffffffff,-0.0161305438731658,19.088835615531654,1,False,False
831864fffffffff,2.0260571306786423,19.35993021583076,1,False,True
831865fffffffff,1.3246428345701706,20.17563103172048,1,False,False
831866fffffffff,1.7166936034607236,18.402555037969822,1,False,True
831868fffffffff,-1.427673733887059,20.73696203737977,1,False,False
831869fffffffff,-2.1291472472003568,21.55706386195541,1,False,False
83186afffffffff,-1.7640748726410345,19.78112126656276,1,False,False
83186bfffffffff,-2.4703379272960566,20.608858361087822,1,False,False
83186cfffffffff,-0.3958283095674265,20.8636209873504,1,False,False
83186dfffffffff,-1.0956918455803089,21.678866571182297,1,False,False
83186efffffffff,-0.7231239753660059,19.9141102394843,1,False,False
831870fffffffff,1.0839498495014803,16.449639404576466,1,False,False
831871fffffffff,0.3698184640398776,17.28490113766326,1,False,False
831874fffffffff,2.113010339118824,16.601830788062262,1,False,True
831875fffffffff,1.4025955062843118,17.43235544027567,1,False,False
831876fffffffff,1.7983766688545169,15.613367802037809,1,False,True
8318e4fffffffff,-0.2316167309473659,12.401089705629738,1,False,False
831900fffffffff,10.449761408772725,13.287805020167507,1,False,False
831901fffffffff,9.780072241387412,14.098546602561752,1,False,False
831903fffffffff,9.519348365885628,13.12184967784338,1,False,False
831904fffffffff,11.364959106934974,13.45203382230095,1,False,False
831905fffffffff,10.702404220191006,14.258550493317482,1,False,False
831908fffffffff,8.161669586282654,14.75190216477457,1,False,False
831909fffffffff,7.476940556507332,15.566684173766753,1,False,False
83190afffffffff,7.890344643049678,13.77342844729308,1,False,False
83190bfffffffff,7.202854725890753,14.592838103177158,1,False,False
83190cfffffffff,9.105752846349716,14.909279860302965,1,False,False
83190dfffffffff,8.427360310619871,15.71968027599975,1,False,False
83190efffffffff,8.84266426004835,13.936847410502684,1,False,False
83191afffffffff,7.310671996910864,13.134818817169869,1,False,False
83191cfffffffff,9.252833848979083,12.135317315773907,1,False,False
83191dfffffffff,8.573864261401388,12.954143253713625,1,False,False
831920fffffffff,12.501369001060684,14.57356823379385,1,False,False
831921fffffffff,11.847955320011089,15.371536081744509,1,False,False
831923fffffffff,11.609533468085896,14.416883147985494,1,False,False
831925fffffffff,12.731638381453026,15.522407607160558,1,False,False
831928fffffffff,10.283824196613905,16.02081581271342,1,False,False
831929fffffffff,9.614469173508883,16.82179808614999,1,False,False
83192afffffffff,10.034919791411342,15.064995528744412,1,False,False
83192bfffffffff,9.363043676606928,15.871049579113526,1,False,False
83192cfffffffff,11.189572458012956,16.169002294081807,1,False,False
83192dfffffffff,10.526736822742256,16.965658780519437,1,False,False
83192efffffffff,10.949023958208128,15.219073095935322,1,False,False
831940fffffffff,5.684669211705622,18.95150730587081,1,False,False
831941fffffffff,4.994700930482377,19.75543056202964,1,False,True
831942fffffffff,5.406302738832913,18.006110750221254,1,False,False
831943fffffffff,4.712637842867598,18.81652922155755,1,False,True
831944fffffffff,6.642879926112506,19.08501715367095,1,False,False
831945fffffffff,5.957580522823696,19.884384619277625,1,False,False
831946fffffffff,6.373523021527438,18.14565591107804,1,False,False
831948fffffffff,3.323836907425909,20.431364365182134,1,False,True
831949fffffffff,2.6299379693107934,21.23515804198457,1,False,True
83194afffffffff,3.0286122724797617,19.49322594831445,1,False,True
83194bfffffffff,2.3305202673742094,20.304209704429887,1,False,True
83194cfffffffff,4.3042264519963895,20.55711730819353,1,False,True
83194dfffffffff,3.61385327501556,21.35626438658263,1,False,True
83194efffffffff,4.01827597813753,19.625051794707755,1,False,True
831950fffffffff,5.818357368374717,16.230690924120488,1,False,False
831951fffffffff,5.12257603169441,17.048466259936905,1,False,False
831952fffffffff,5.5327531615320105,15.25571454578681,1,False,False
831953fffffffff,4.833603276306865,16.078879570864036,1,False,False
831954fffffffff,6.789067292650235,16.380864332146224,1,False,False
831955fffffffff,6.098651284705796,17.19411499205532,1,False,False
831956fffffffff,6.5119896428288175,15.41203712281855,1,False,False
831958fffffffff,3.4307358519241613,17.722396065123185,1,False,True
831959fffffffff,2.7283014253676545,18.5420765820873,1,False,True
83195afffffffff,3.129404841448724,16.752348867997725,1,False,True
83195bfffffffff,2.4230465212966426,17.578178731351684,1,False,True
83195cfffffffff,4.4252711296963065,17.865032028416103,1,False,True
83195dfffffffff,3.727072669693092,18.680060070284107,1,False,True
83195efffffffff,4.132717474210455,16.901219046101644,1,False,False
831960fffffffff,7.841674866843524,20.138105946546347,1,False,False
831961fffffffff,7.164770687564938,20.926182309057346,1,False,False
831962fffffffff,7.587022928237642,19.21708116520444,1,False,False
831963fffffffff,6.906647910717741,20.011935906982448,1,False,False
831964fffffffff,8.762470466096131,20.262915849369232,1,False,False
831965fffffffff,8.090583878563287,21.046542771809847,1,False,False
831966fffffffff,8.516889676009967,19.347721319633266,1,False,False
831968fffffffff,5.542545306724742,21.59449655159219,1,False,True
831969fffffffff,5.0417427430562745,22.37590964507893,1,False,True
83196afffffffff,5.271363012688783,20.68149039287657,1,False,True
83196bfffffffff,4.58482413627826,21.476036928335404,1,False,True
83196cfffffffff,6.535317907039963,21.70865440770838,1,False,True
83196dfffffffff,6.045293820830394,22.488500724075067,1,False,True
83196efffffffff,6.224960314463615,20.8045050535733,1,False,False
831970fffffffff,8.008343932817342,17.48071272002458,1,False,False
831971fffffffff,7.326665252453484,18.283690752273912,1,False,False
831972fffffffff,7.745466573952989,16.529424130937123,1,False,False
831973fffffffff,7.060656032060543,17.338189278979744,1,False,False
831974fffffffff,8.941508148776235,17.621708485955413,1,False,False
831975fffffffff,8.26550241113098,18.42023808486066,1,False,False
831976fffffffff,8.68732940631449,16.676394223110105,1,False,False
831989fffffffff,4.952908674532493,10.507836210446722,1,False,False
83198dfffffffff,5.937385835000843,10.788260992958,1,False,False
8319a9fffffffff,7.111354547167366,12.104786858274435,1,False,False
8319abfffffffff,6.90780336117994,11.065702465248176,1,False,False
8319adfffffffff,8.060765051444294,12.372563171379266,1,False,False
8319aefffffffff,8.610446251056112,10.577446964262618,1,False,False
831a84fffffffff,-1.3220463415422308,8.839727569494126,1,False,False
831a96fffffffff,-2.9139356014094147,5.162512524958406,1,False,False
831aa0fffffffff,0.3974604409816941,9.626558982423033,1,False,False
831aa1fffffffff,0.0019247814170297,10.624358858136652,1,False,False
831aa2fffffffff,-0.2687896497219047,8.72967901453529,1,False,False
831aa3fffffffff,-0.6606394022426463,9.731490013584713,1,False,False
831aa4fffffffff,1.4677230016411924,9.52039401051012,1,False,False
831aa5fffffffff,1.064374874425701,10.524609728321396,1,False,False
831aa6fffffffff,0.7969633185299007,8.618343922695496,1,False,False
831ab0fffffffff,-0.5413761501277302,6.819724317390652,1,False,False
831ab1fffffffff,-0.9337080691579354,7.834405993045281,1,False,False
831ab2fffffffff,-1.207613089100289,5.924025631170091,1,False,False
831ab4fffffffff,0.5264912614317523,6.696869162658908,1,False,False
831ab5fffffffff,0.1270382508031919,7.717974515650925,1,False,False
831ab6fffffffff,-0.1454007411247634,5.796196251757342,1,False,False
831b20fffffffff,8.318497178741303,9.716478506641678,1,False,False
831b24fffffffff,9.443422654246206,9.86288365611731,1,False,False
831b25fffffffff,8.778478921060614,10.743037218211692,1,False,False
831b26fffffffff,8.981023101869654,8.82695634527583,1,False,False
831b80fffffffff,5.1734681334489725,8.15969422324896,1,False,False
831b81fffffffff,4.745662248115172,9.194281573145146,1,False,False
831b82fffffffff,4.487076958508455,7.238422628175578,1,False,False
831b83fffffffff,4.063579676904162,8.276398658710889,1,False,False
831b84fffffffff,6.292702556995944,8.04158917939317,1,False,False
831b85fffffffff,5.858526152143382,9.082964572013363,1,False,False
831b86fffffffff,5.603183155834333,7.114959729943316,1,False,False
831b88fffffffff,3.224126760982175,10.321553121168504,1,False,False
831b8afffffffff,2.549588598651242,9.412973945279267,1,False,False
831b8bfffffffff,2.138635409884067,10.423681282995592,1,False,False
831b8cfffffffff,4.3202244515510095,10.218204384447764,1,False,False
831b8dfffffffff,3.8975927564363904,11.230983092495638,1,False,False
831b8efffffffff,3.6424517825059386,9.304277166357942,1,False,False
831b90fffffffff,4.221364937836033,5.269849562320858,1,False,False
831b91fffffffff,3.800082933367177,6.319617889094976,1,False,False
831b92fffffffff,3.530547502257732,4.352295320785566,1,False,False
831b93fffffffff,3.1132155157744745,5.403740534979288,1,False,False
831b94fffffffff,5.339346826199383,5.134379476376198,1,False,False
831b95fffffffff,4.91248997964946,6.190890558917697,1,False,False
831b96fffffffff,4.644110935515836,4.211723816960923,1,False,False
831b98fffffffff,2.2848452413108578,7.481010380839549,1,False,False
831b99fffffffff,1.874673737595296,8.505700456403824,1,False,False
831b9afffffffff,1.6064245153689267,6.572582443263993,1,False,False
831b9bfffffffff,1.2000774631796591,7.600183623106562,1,False,False
831b9cfffffffff,3.380730630821952,7.360431360653937,1,False,False
831b9dfffffffff,2.963756249891618,8.39172630226776,1,False,False
831b9efffffffff,2.6978338498499617,6.446840181066737,1,False,False
831ba2fffffffff,7.420522657662121,7.922059183169071,1,False,False
831ba3fffffffff,6.980307843332495,8.970303063122655,1,False,False
831ba6fffffffff,8.556129287649854,7.801079349239361,1,False,False
831baafffffffff,5.426260268832567,10.113613744649404,1,False,False
831baefffffffff,6.541523779581393,10.007759391022631,1,False,False
831bb0fffffffff,7.164833206130613,5.928818064777771,1,False,False
831bb1fffffffff,6.728305506135962,6.990017680135646,1,False,False
831bb2fffffffff,6.4664115519772425,4.997303717089203,1,False,False
831bb3fffffffff,6.0343292867149225,6.060632647678258,1,False,False
831bb4fffffffff,8.303194541522778,5.795420158199797,1,False,False
831bb5fffffffff,7.861659817988138,6.863570946922861,1,False,False
831bb6fffffffff,7.60176841629395,4.858595164582948,1,False,False
831e00fffffffff,4.967094524229925,31.28475619133599,1,False,False
831e01fffffffff,5.482517030409419,32.26362827512791,1,False,False
831e02fffffffff,3.902318507929728,31.196475168609123,1,False,False
831e03fffffffff,4.419220910569995,32.17871954917477,1,False,False
831e0afffffffff,4.381604116670864,34.074892993428904,1,False,False
831e0cfffffffff,5.99730120430477,33.246016446683804,1,False,False
831e11fffffffff,2.827104322494008,31.107556144990525,1,False,False
831e18fffffffff,2.7801795863932286,32.99982845161813,1,False,False
831e19fffffffff,3.3000514999841406,33.99578671470127,1,False,False
831e1bfffffffff,2.2080370283830497,33.91609006080175,1,False,False
831e1cfffffffff,3.3450694696748347,32.09319152635079,1,False,False
831e1dfffffffff,3.863419883670972,33.08249458733144,1,False,False
831e1efffffffff,2.2606691192788206,32.00703779179553,1,False,False
831e20fffffffff,7.071792328940526,29.62012118195754,1,False,False
831e21fffffffff,7.583005040192703,30.58080122320347,1,False,False
831e22fffffffff,6.037797193014086,29.527315839063647,1,False,False
831e23fffffffff,6.550697634669865,30.49115547691936,1,False,False
831e24fffffffff,7.583907831241971,28.759521666213164,1,False,True
831e25fffffffff,8.094017570536632,29.712280963479003,1,False,True
831e26fffffffff,6.560083011546774,28.664301829411183,1,False,False
831e28fffffffff,7.574329967627312,32.431613088642166,1,False,False
831e29fffffffff,8.084002087469234,33.40716599389758,1,False,False
831e2cfffffffff,8.093198372559792,31.54583512944697,1,False,False
831e2dfffffffff,8.601848143937117,32.51470160224368,1,False,False
831e2efffffffff,7.063051748458356,31.459429863591144,1,False,False
831e30fffffffff,4.478793646505914,28.471875911124485,1,False,False
831e31fffffffff,4.992520821543967,29.43385862003659,1,False,False
831e32fffffffff,3.422378694288432,28.374657071149464,1,False,False
831e33fffffffff,3.9364928971784425,29.33974313496815,1,False,False
831e34fffffffff,5.012456411006179,27.61496880870788,1,False,False
831e35fffffffff,5.52487667552033,28.568422025242462,1,False,False
831e36fffffffff,3.9660551640090578,27.5154241903129,1,False,False
831e40fffffffff,8.54275019779383,38.190727568458456,1,False,False
831e41fffffffff,9.042443193437002,39.18212905505785,1,False,False
831e44fffffffff,9.074497833662091,37.26588973294768,1,False,False
831e45fffffffff,9.573321335000564,38.25354900668132,1,False,False
831e46fffffffff,8.039234439386068,37.199357968824906,1,False,False
831e4cfffffffff,9.537818485224117,40.17296910273644,1,False,False
831e4dfffffffff,10.028398201508155,41.16265639906516,1,False,False
831e60fffffffff,10.610626873350151,36.41765128253126,1,False,False
831e61fffffffff,11.103831857985163,37.39746988599386,1,False,False
831e62fffffffff,9.5981272358962,36.34848880672745,1,False,False
831e63fffffffff,10.096155030842242,37.33192525269312,1,False,False
831e64fffffffff,11.116452640912549,35.511099376018485,1,False,False
831e65fffffffff,11.609069295275583,36.48630430519824,1,False,False
831e66fffffffff,10.113328716950916,35.43889998252938,1,False,False
831e68fffffffff,11.07921606710998,39.29983111237452,1,False,False
831e69fffffffff,11.563310711547627,40.28314046840184,1,False,False
831e6afffffffff,10.067897830520678,39.241202597668405,1,False,False
831e6bfffffffff,10.557749269022944,40.228263912877146,1,False,False
831e6cfffffffff,11.592466039854548,38.3777838483414,1,False,False
831e6dfffffffff,12.076068155629583,39.35801948780176,1,False,False
831e6efffffffff,10.590010633723072,38.31589938918262,1,False,False
831e70fffffffff,8.066100004904108,35.29289852275679,1,False,False
831e71fffffffff,8.571921458632744,36.27881138974231,1,False,False
831e73fffffffff,7.532405520788699,36.20861346759786,1,False,False
831e74fffffffff,8.591539979445132,34.38553787084871,1,False,False
831e75fffffffff,9.096420310617647,35.366168255507404,1,False,False
831e76fffffffff,7.557552376747671,34.30873154063551,1,False,False
831e88fffffffff,-11.27699620249429,23.8990731991004,1,False,False
831e89fffffffff,-11.40941947464301,25.05764912973955,1,False,False
831e8bfffffffff,-12.30666068892808,24.34424454843864,1,False,False
831e8cfffffffff,-10.25652543873339,23.46129345372996,1,False,False
831e8dfffffffff,-10.38821852238102,24.609353064795503,1,False,False
831e94fffffffff,-3.252778998290171,25.58864457170533,1,False,False
831e96fffffffff,-3.562539973434836,24.50293768753727,1,False,False
831ea0fffffffff,-6.811400831022203,22.490202113769925,1,False,False
831ea1fffffffff,-7.318397716873395,23.48464269248577,1,False,False
831ea5fffffffff,-6.260630230375932,23.44538855506372,1,False,False
831eaafffffffff,-9.245940938903146,23.0307725942678,1,False,False
831eaefffffffff,-8.389207705592952,23.52457116252605,1,False,False
831eb0fffffffff,-1.900310629791312,26.91640047021024,1,False,False
831ec4fffffffff,1.568674398517624,36.78943653454211,1,False,False
831ed2fffffffff,-13.47740097037382,25.97669215544631,1,False,False
831ed6fffffffff,-12.439399889666218,25.51338626213052,1,False,False
831ee0fffffffff,3.2507586776501496,35.92250271925008,1,False,False
831ee2fffffffff,2.152230548330168,35.8496160647841,1,False,False
831ee3fffffffff,2.675140068219631,36.8590625991693,1,False,False
831ee4fffffffff,3.8197259170257456,34.9943233626715,1,False,False
831ee6fffffffff,2.729511416441598,34.91827577271758,1,False,False
831f00fffffffff,8.557363869896308,25.32122426641056,1,False,False
831f01fffffffff,9.0645914682403,26.242163730254,1,False,False
831f02fffffffff,7.563975340893904,25.216748511708488,1,False,True
831f03fffffffff,8.072133702965694,26.140351020287216,1,False,True
831f04fffffffff,9.033017742606765,24.513383525971605,1,False,False
831f05fffffffff,9.53915853686716,25.425020435116583,1,False,False
831f06fffffffff,8.05034953491163,24.407027391445588,1,False,False
831f08fffffffff,9.088442194698429,28.00641677673124,1,False,True
831f09fffffffff,9.595595707127552,28.948006446768023,1,False,False
831f0afffffffff,8.086849382134279,27.90955180411977,1,False,True
831f0bfffffffff,8.595886699297168,28.85408780579842,1,False,True
831f0cfffffffff,9.571545074458845,27.1694397348452,1,False,False
831f0dfffffffff,10.077730991563392,28.10262736006156,1,False,False
831f0efffffffff,8.580454443408538,27.07038298169325,1,False,True
831f10fffffffff,6.051794572649845,24.19224690998504,1,False,True
831f11fffffffff,6.559404028216303,25.111587176521592,1,False,True
831f12fffffffff,5.036795232134729,24.083810642009453,1,False,True
831f13fffffffff,5.544098152381193,25.00573420590703,1,False,True
831f14fffffffff,6.550084501451356,23.390445332788875,1,False,True
831f15fffffffff,7.05646660437533,24.299983830043555,1,False,True
831f16fffffffff,5.5457541109468655,23.28023131018232,1,False,True
831f18fffffffff,6.562866211076434,26.870265043767567,1,False,True
831f19fffffffff,7.073353669308337,27.81202630247338,1,False,True
831f1afffffffff,5.537243109572002,26.76919153044852,1,False,False
831f1bfffffffff,6.048395856409379,27.71383406332826,1,False,False
831f1cfffffffff,7.068108531744247,26.037861813357445,1,False,True
831f1dfffffffff,7.577422217760478,26.97066012835404,1,False,True
831f1efffffffff,6.052949494276767,25.934690006945225,1,False,True
831f20fffffffff,10.45931434715586,23.824361215486213,1,False,False
831f21fffffffff,10.963188764116168,24.724056957044347,1,False,False
831f22fffffffff,9.499028106799228,23.716911679161385,1,False,False
831f23fffffffff,10.004081884533594,24.61905810840988,1,False,False
831f24fffffffff,10.904833748552226,23.04099454478528,1,False,False
831f25fffffffff,11.407668425135794,23.93113399271932,1,False,False
831f26fffffffff,9.95535391983762,22.93187172020227,1,False,False
831f28fffffffff,11.013260502917513,26.44378375398893,1,False,False
831f29fffffffff,11.51642385651214,27.365579137027588,1,False,False
831f2afffffffff,10.0450863021706,26.34330598257132,1,False,False
831f2bfffffffff,10.550315077666252,27.267836453166616,1,False,False
831f2cfffffffff,11.466507204829432,25.63059769361798,1,False,False
831f2dfffffffff,11.968793766394167,26.54360295933152,1,False,False
831f2efffffffff,10.508985365809938,25.52814295242707,1,False,False
831f30fffffffff,8.022004030781746,22.71157344840603,1,False,False
831f31fffffffff,8.52714291398424,23.608779692043026,1,False,False
831f32fffffffff,7.0388647316903175,22.60038673958308,1,False,False
831f33fffffffff,7.544027133866706,23.499959509345967,1,False,False
831f34fffffffff,8.490342619400074,21.9348655469856,1,False,False
831f35fffffffff,8.994294624437947,22.822066556678507,1,False,False
831f36fffffffff,7.518060134556833,21.82210887301536,1,False,False
831f40fffffffff,12.084826208288598,31.885389303601475,1,False,False
831f41fffffffff,12.57970380469007,32.84117103475825,1,False,False
831f42fffffffff,11.106999620212546,31.80139871428521,1,False,False
831f43fffffffff,11.60576914841863,32.76042448483733,1,False,False
831f44fffffffff,12.55440018146883,31.019705349387262,1,False,False
831f45fffffffff,13.048755841682368,31.968791137282377,1,False,False
831f46fffffffff,11.586696720418953,30.93314754507412,1,False,False
831f48fffffffff,12.592787515708714,34.68722111593226,1,False,False
831f49fffffffff,13.080075735178813,35.65392347255591,1,False,False
831f4afffffffff,11.613381127711095,34.612620098413885,1,False,False
831f4bfffffffff,12.105463506989908,35.58277203220521,1,False,False
831f4cfffffffff,13.070846268464631,33.79997789677555,1,False,False
831f4dfffffffff,13.55778043929371,34.76128501387722,1,False,False
831f4efffffffff,12.10119372913991,33.72254193122182,1,False,False
831f50fffffffff,9.610754468779833,30.75820945061577,1,False,False
831f51fffffffff,10.11556158698821,31.716813477804944,1,False,False
831f52fffffffff,8.603167098100391,30.66981715148846,1,False,False
831f53fffffffff,9.110838472695525,31.631627629281503,1,False,False
831f54fffffffff,10.101410184513249,29.89468873147769,1,False,False
831f55fffffffff,10.605379693438708,30.8459842348889,1,False,False
831f56fffffffff,9.10402555468498,29.803801424204465,1,False,False
831f58fffffffff,10.11967967259488,33.56599198707203,1,False,False
831f59fffffffff,10.61982607642412,34.53747635289756,1,False,False
831f5afffffffff,9.10843140558866,33.48686643674931,1,False,False
831f5bfffffffff,9.612429102053545,34.4617841965264,1,False,False
831f5cfffffffff,10.617937207920294,32.679101320168826,1,False,False
831f5dfffffffff,11.11737632149361,33.64454854413399,1,False,False
831f5efffffffff,9.616514168785145,32.597195673373776,1,False,False
831f60fffffffff,13.958013171705636,30.252027262118457,1,False,False
831f61fffffffff,14.4479424674528,31.19102795633936,1,False,False
831f62fffffffff,13.014373685856093,30.163612327197992,1,False,False
831f63fffffffff,13.508224444169583,31.105663544467685,1,False,False
831f64fffffffff,14.398053252547012,29.40809922433462,1,False,False
831f65fffffffff,14.887598475538857,30.3398388143293,1,False,False
831f66fffffffff,13.464658044168974,29.317327540981417,1,False,False
831f68fffffffff,14.48485980798076,33.00095739220064,1,False,False
831f69fffffffff,15.027727599201876,33.77585568077132,1,False,False
831f6afffffffff,13.539475893691272,32.92134676356302,1,False,False
831f6bfffffffff,14.026089141420409,33.8768621155056,1,False,False
831f6cfffffffff,14.948602665505977,32.08581705086704,1,False,False
831f6dfffffffff,15.49586984940148,32.84842909210123,1,False,False
831f6efffffffff,13.998542775235013,32.05161003452938,1,False,False
831f70fffffffff,11.556710003213286,29.133925674754384,1,False,False
831f71fffffffff,12.056889207658308,30.07458819450941,1,False,False
831f72fffffffff,10.582651327085106,29.04128371704804,1,False,False
831f73fffffffff,11.08580631943427,29.98494898035001,1,False,False
831f74fffffffff,12.01798875119753,28.29310957910976,1,False,False
831f75fffffffff,12.517467501528166,29.22593830904806,1,False,False
831f76fffffffff,11.05435409164723,28.198189625950096,1,False,False
831f80fffffffff,1.385773636254591,24.575282722625456,1,False,False
831f81fffffffff,1.890964706395872,25.51505248762229,1,False,False
831f82fffffffff,0.3247876399562221,24.46587859506505,1,False,False
831f83fffffffff,0.8279499100209876,25.40837388841676,1,False,False
831f84fffffffff,1.934984318126876,23.75424498553648,1,False,False
831f85fffffffff,2.438806041195135,24.683964013338382,1,False,False
831f86fffffffff,0.8839986528167529,23.64295026663009,1,False,False
831f8cfffffffff,2.3991154251187616,26.461837431549306,1,False,False
831f8dfffffffff,2.9097507029033847,27.415193788703828,1,False,False
831f8efffffffff,1.3345559059209826,26.357986874370493,1,False,False
831f90fffffffff,-1.2398054188750651,23.418163964064338,1,False,False
831f91fffffffff,-0.7434952331956576,24.355745201038403,1,False,False
831f92fffffffff,-2.3112730077697985,23.30465963081934,1,False,False
831f93fffffffff,-1.818388619092076,24.244876046480776,1,False,False
831f94fffffffff,-0.669444432117806,22.603915789658743,1,False,False
831f95fffffffff,-0.1744850996793712,23.53092537425788,1,False,False
831f96fffffffff,-1.731342946344205,22.48863436961913,1,False,False
831fa0fffffffff,3.507861466147632,23.057680046066245,1,False,True
831fa1fffffffff,4.011966182344234,23.97466897888846,1,False,True
831fa2fffffffff,2.475350653144678,22.94533082695958,1,False,False
831fa3fffffffff,2.9778401978597264,23.86481581493892,1,False,False
831fa4fffffffff,4.028696905064589,22.26260769479062,1,False,True
831fa5fffffffff,4.531510164370535,23.169311535019084,1,False,True
831fa6fffffffff,3.0066750351744047,22.14858901407624,1,False,True
831fa8fffffffff,3.991153398182567,25.72627386568801,1,False,False
831fa9fffffffff,4.501048294037112,26.667433323758708,1,False,False
831faafffffffff,2.9455715470919848,25.62101700394653,1,False,False
831fabfffffffff,3.454815374659254,26.564984091174537,1,False,False
831facfffffffff,4.518542860102049,24.899183483900785,1,False,True
831fadfffffffff,5.027128081009449,25.830829434679345,1,False,True
831faefffffffff,3.4832597376102363,24.791928832949004,1,False,False
831fb0fffffffff,0.9379390598021832,21.91837776623865,1,False,False
831fb1fffffffff,1.4345531527006956,22.832257805800435,1,False,False
831fb2fffffffff,-0.0731692523115217,21.79929720329936,1,False,False
831fb3fffffffff,0.3860758647373347,22.718454854755333,1,False,False
831fb4fffffffff,1.6334228108452735,21.11269659013072,1,False,False
831fb5fffffffff,1.976228283852964,22.03384769214704,1,False,False
831fb6fffffffff,0.6246923869401436,20.98885829669817,1,False,False
832040fffffffff,39.562700795615456,63.79820260341292,1,False,False
832041fffffffff,40.71664515319103,63.816824538113885,1,False,False
832044fffffffff,38.98817907356463,62.48433799824335,1,False,False
832045fffffffff,40.14551978641014,62.48460566546076,1,False,False
832048fffffffff,42.412141073054826,65.20578645380392,1,False,False
832049fffffffff,43.54503985401024,65.2454232478281,1,False,False
83204afffffffff,41.8058926577742,66.5347676192457,1,False,False
83204bfffffffff,42.94236584856044,66.59311291257772,1,False,False
83204cfffffffff,41.86296841097361,63.83597397379481,1,False,False
83204efffffffff,41.27038219618181,65.16726306419378,1,False,False
832060fffffffff,38.95475263008503,59.87889228242957,1,False,False
832061fffffffff,40.110350166996206,59.84309381483481,1,False,False
832062fffffffff,38.39791693077779,61.18921406855278,1,False,False
832063fffffffff,39.55790479895577,61.17165048878171,1,False,False
832064fffffffff,38.337062356247856,58.60715369708824,1,False,False
832065fffffffff,39.49426471559339,58.55422775879758,1,False,False
832066fffffffff,37.79286954235782,59.913727013895226,1,False,False
832068fffffffff,41.85679458152328,61.13503179808448,1,False,False
832069fffffffff,42.99399740963869,61.11593386773335,1,False,False
83206afffffffff,41.295675343597786,62.48488086302545,1,False,False
83206bfffffffff,42.437794808490615,62.48516391325087,1,False,False
83206cfffffffff,41.25877984884088,59.806291085240986,1,False,False
83206dfffffffff,42.39919322646026,59.76844126499012,1,False,False
83206efffffffff,40.71115314423126,61.1535966694029,1,False,False
832092fffffffff,-47.02984717585192,62.44877421274473,1,False,False
832093fffffffff,-47.38332772035673,64.05795242072527,1,False,False
83209afffffffff,-48.82579617779906,66.14095300592996,1,False,False
83209bfffffffff,-48.35121543730671,69.74015619439109,1,False,False
8320c0fffffffff,37.6439247718196,76.83919130802329,1,False,False
8320c6fffffffff,36.714075020263245,75.95180042011188,1,False,False
8320cbfffffffff,39.07173090072799,81.57645463103906,1,False,False
8320d0fffffffff,34.5622869615902,77.03596940102776,1,False,False
8320d1fffffffff,35.48286274112809,77.90730732668152,1,False,False
8320d2fffffffff,33.49049924500265,77.55344892674539,1,False,False
8320d3fffffffff,34.40585566652508,78.41665638826586,1,False,False
8320d8fffffffff,36.21245588577396,80.19588508873055,1,False,False
8320dafffffffff,35.12976957496302,80.6713076325714,1,False,False
8320dbfffffffff,36.01516146143728,81.57730200629663,1,False,False
8320dcfffffffff,36.39514944840851,78.796903290562,1,False,False
8320defffffffff,35.31352574403395,79.29743087930707,1,False,False
832148fffffffff,38.22044451674716,56.04425313091167,1,False,False
832149fffffffff,39.37283170756758,55.95670980863856,1,False,False
83214afffffffff,37.70587231241711,57.357148118432,1,False,False
83214bfffffffff,38.86393760338272,57.28773848015621,1,False,False
832429fffffffff,53.31725439704936,101.72052288172948,1,False,False
83245afffffffff,22.42775518833654,94.57946793674144,1,False,False
83245bfffffffff,21.56221990906161,94.9258425974608,1,False,False
832460fffffffff,54.86921293512199,107.18936772171428,1,False,False
832461fffffffff,54.99453756052605,108.81070509729216,1,False,False
832464fffffffff,55.70813053572382,106.16819743249606,1,False,False
832465fffffffff,55.84056165575943,107.83773412660636,1,False,False
832466fffffffff,54.7198425714932,105.5525216318858,1,False,False
832474fffffffff,53.53249681141573,103.34622015530708,1,False,False
832475fffffffff,53.72273274654852,104.96282259336058,1,False,False
832480fffffffff,31.28535509630508,87.13197477453456,1,False,False
832481fffffffff,30.32489856703732,87.64682196216037,1,False,False
832482fffffffff,31.428034155617382,85.85492485376966,1,False,False
832483fffffffff,30.47324802074724,86.38916906646534,1,False,False
832484fffffffff,32.10364533652904,87.89762033823536,1,False,False
832486fffffffff,32.253715381653286,86.60099531427346,1,False,False
832488fffffffff,28.58827735766228,87.41066455855385,1,False,False
832489fffffffff,27.65933731207757,87.89912066167953,1,False,False
83248afffffffff,28.73496627166875,86.18974588350788,1,False,False
83248bfffffffff,27.810591616100147,86.69604977961382,1,False,False
83248cfffffffff,29.37301839924497,88.14618160282906,1,False,False
83248efffffffff,29.52644691693766,86.90754378473763,1,False,False
8324b1fffffffff,33.08543596224082,87.3705596566542,1,False,False
8324c0fffffffff,24.762361360206416,90.43128160773588,1,False,False
8324c1fffffffff,23.873322677121195,90.84972368217808,1,False,False
8324c2fffffffff,24.93315284017692,89.28201970960495,1,False,False
8324c3fffffffff,24.04615392418698,89.71721797200863,1,False,False
8324c4fffffffff,25.48537668918229,91.1640645780676,1,False,False
8324c5fffffffff,24.58282675170461,91.57730695470208,1,False,False
8324c6fffffffff,25.662989096683766,90.00065597595056,1,False,False
8324c8fffffffff,22.3070041978748,90.55182967988227,1,False,False
8324c9fffffffff,21.455453322179565,90.95212684294737,1,False,False
8324cafffffffff,22.47530070796413,89.44868335922673,1,False,False
8324cbfffffffff,21.62509119398499,89.86446429079348,1,False,False
8324ccfffffffff,22.996212182722,91.25644924626496,1,False,False
8324cdfffffffff,22.13132592864596,91.65190428405116,1,False,False
8324cefffffffff,23.17066409322535,90.14033739525658,1,False,False
8324d0fffffffff,25.99010668494105,87.66586585313237,1,False,False
8324d1fffffffff,25.095001133289763,88.13043549905994,1,False,False
8324d2fffffffff,26.139257880244937,86.49641079361813,1,False,False
8324d3fffffffff,25.24773499914032,86.97745440647903,1,False,False
8324d4fffffffff,26.74017644807571,88.3734760503406,1,False,False
8324d5fffffffff,25.831296657405144,88.83427032829623,1,False,False
8324d6fffffffff,26.895463195163146,87.1879098003116,1,False,False
8324d8fffffffff,23.49572837270087,87.90041909811465,1,False,False
8324d9fffffffff,22.5965741352006,88.37413058148428,1,False,False
8324dafffffffff,23.49661183424002,86.89144338698407,1,False,False
8324dbfffffffff,22.592806718331094,87.38084894869048,1,False,False
8324dcfffffffff,24.210579812589696,88.58211475962516,1,False,False
8324ddfffffffff,23.337231292619087,89.02137892532384,1,False,False
8324defffffffff,24.36642111935032,87.44529849609764,1,False,False
8324e8fffffffff,23.50329161285232,93.10346948761809,1,False,False
8324e9fffffffff,22.62451479944376,93.4768202961278,1,False,False
8324eafffffffff,23.692291659923125,91.97875958828938,1,False,False
8324ebfffffffff,22.814085004126227,92.36888214041218,1,False,False
8324ecfffffffff,24.19846518390352,93.85607257279096,1,False,False
8324edfffffffff,23.30657700189444,94.2230170415828,1,False,False
8324eefffffffff,24.394776716419862,92.7191969964022,1,False,False
832500fffffffff,47.452522525774256,63.94047774731329,1,False,False
832501fffffffff,48.53706778925152,63.96331953226551,1,False,False
832502fffffffff,46.88305248889048,65.37151819241566,1,False,False
832503fffffffff,47.97320835602757,65.41612817739113,1,False,False
832504fffffffff,46.910257537178765,62.486381769791656,1,False,False
832505fffffffff,48.00083097833298,62.4867096217637,1,False,False
832506fffffffff,46.35598688950075,63.918321819371975,1,False,False
832508fffffffff,50.11611886335125,65.50958243175542,1,False,False
832509fffffffff,51.1678313206188,65.5585626918059,1,False,False
83250afffffffff,49.54211751712117,66.98154283514737,1,False,False
83250bfffffffff,50.59959540126724,67.05348573873256,1,False,False
83250cfffffffff,49.60905370716922,63.9868795142908,1,False,False
83250dfffffffff,50.66795952071709,64.01119209864872,1,False,False
83250efffffffff,49.0510788864685,65.46212763002234,1,False,False
832510fffffffff,45.18680147086829,66.71496094641803,1,False,False
832512fffffffff,44.57373430403671,68.0774814499224,1,False,False
832513fffffffff,45.6842217261363,68.16071830465356,1,False,False
832514fffffffff,44.6683047177943,65.2862223838801,1,False,False
832515fffffffff,45.781204461664,65.3282357077337,1,False,False
832516fffffffff,44.06958628628788,66.6531524398598,1,False,False
83251dfffffffff,48.47155373273456,66.91181665070867,1,False,False
832520fffffffff,46.86507034959513,59.60562420342172,1,False,False
832521fffffffff,47.95406490502543,59.56180344008446,1,False,False
832522fffffffff,46.34725385326493,61.055201849101145,1,False,False
832523fffffffff,47.4431971885577,61.03372450506794,1,False,False
832524fffffffff,46.26742224331604,58.20350249494181,1,False,False
832525fffffffff,47.36077933604561,58.13885135563691,1,False,False
832526fffffffff,45.76442435435431,59.64814284707748,1,False,False
832528fffffffff,49.59860667695567,60.98874547346527,1,False,False
832529fffffffff,50.65698427966606,60.96517918420328,1,False,False
83252afffffffff,49.07913209250982,62.487047704678986,1,False,False
83252bfffffffff,50.14461628001769,62.48739650502816,1,False,False
83252cfffffffff,49.030816278282494,59.51661986512464,1,False,False
83252dfffffffff,50.094780435233474,59.47000895876816,1,False,False
83252efffffffff,48.52717090301903,61.01158281390287,1,False,False
832530fffffffff,44.69471135929817,62.485754955610425,1,False,False
832531fffffffff,45.80800436517556,62.48606369127732,1,False,False
832532fffffffff,44.12945810213175,63.87594759779888,1,False,False
832533fffffffff,45.24807757628586,63.89682132094375,1,False,False
832534fffffffff,44.12196867499145,61.09627958952954,1,False,False
832535fffffffff,45.239956812784015,61.07604429825408,1,False,False
832536fffffffff,43.57106460135792,62.48545515711102,1,False,False
832540fffffffff,54.76404967538767,64.11673870518136,1,False,False
832541fffffffff,55.75141849572793,64.14541536997733,1,False,False
832542fffffffff,54.23875342377983,65.7154282043476,1,False,False
832543fffffffff,55.23314096449506,65.77130874243306,1,False,False
832544fffffffff,54.26917775263793,62.48890976319801,1,False,False
832545fffffffff,55.2640884033371,62.4893206403812,1,False,False
832546fffffffff,53.76171153570213,64.08902413132094,1,False,False
83254bfffffffff,56.68678109500825,106.81145306198296,1,False,False
83254cfffffffff,56.72357692982882,64.17510509288196,1,False,False
83254dfffffffff,57.6803262619274,64.20586250466305,1,False,False
83254efffffffff,56.21242525696088,65.8291420367019,1,False,False
832550fffffffff,52.67344779506172,67.20445742820397,1,False,False
832551fffffffff,53.68901847773402,67.28372217365148,1,False,False
832554fffffffff,52.20576745590984,65.6091430914719,1,False,False
832555fffffffff,53.22952619290607,65.6614032626179,1,False,False
832556fffffffff,51.64351400554244,67.12775254103263,1,False,False
832558fffffffff,55.3669474294943,102.78795885453415,1,False,False
832559fffffffff,55.550509377012446,104.48402216684566,1,False,False
83255afffffffff,54.34601829643985,102.24235929881898,1,False,False
83255bfffffffff,54.54567164103619,103.90264937295971,1,False,False
832560fffffffff,54.21356032058348,59.26784963154503,1,False,False
832561fffffffff,55.20709818554272,59.21297708225212,1,False,False
832562fffffffff,53.74928674772939,60.8897401537804,1,False,False
832563fffffffff,54.75118733399186,60.86287911092241,1,False,False
832564fffffffff,53.65213672798674,57.70572946162624,1,False,False
832565fffffffff,54.65170987404161,57.62498819969251,1,False,False
832566fffffffff,53.20522851808291,59.32090299085937,1,False,False
832568fffffffff,56.70990793243813,60.806312688712026,1,False,False
832569fffffffff,57.76946297982688,60.989539189580135,1,False,False
83256afffffffff,56.243914093212666,62.489745911511214,1,False,False
83256bfffffffff,57.20843534872908,62.49018634645129,1,False,False
83256cfffffffff,56.20854094434949,59.2025468318319,1,False,False
83256dfffffffff,57.27554439951881,59.33534151783923,1,False,False
83256efffffffff,55.7381414564924,60.835086393997294,1,False,False
832570fffffffff,52.235196844585374,62.48812836326028,1,False,False
832571fffffffff,53.259444788731024,62.48851256134549,1,False,False
832572fffffffff,51.71331278522639,64.03629392327991,1,False,False
832573fffffffff,52.74468910551433,64.06222404285373,1,False,False
832574fffffffff,51.70183167307736,60.940848487289294,1,False,False
832575fffffffff,52.7327247516533,60.91571558675895,1,False,False
832576fffffffff,51.196787231605605,62.4877565406428,1,False,False
832596fffffffff,39.94043339731114,82.54012938239549,1,False,False
8325a5fffffffff,43.45288523127206,67.99663495187123,1,False,False
8325acfffffffff,45.05682013694815,69.51691588473989,1,False,False
8325adfffffffff,46.15992062515732,69.62192834842295,1,False,False
832600fffffffff,8.600408444396333,-20.45528904778562,1,False,False
832601fffffffff,7.527801787065659,-20.19697068048925,1,False,False
832603fffffffff,7.873538698559904,-21.21522450420652,1,False,False
832604fffffffff,9.325782149900675,-19.69243473509244,1,False,False
832605fffffffff,8.247542448707987,-19.43583388564571,1,False,False
832608fffffffff,5.712488491681412,-20.694715631206225,1,False,False
832609fffffffff,4.630148120766149,-20.43563458159564,1,False,False
83260cfffffffff,6.453047639064847,-19.93945007799788,1,False,False
83260dfffffffff,5.376962888142369,-19.682733906447595,1,False,False
83260efffffffff,6.793896785677714,-20.954581328631587,1,False,False
832621fffffffff,8.612404675986669,-17.622651494672745,1,False,False
832622fffffffff,10.058546995789449,-18.91682349017976,1,False,False
832623fffffffff,8.972225283008534,-18.66143624042544,1,False,False
832628fffffffff,6.808533116103065,-18.157232814716544,1,False,False
832629fffffffff,5.732795410630942,-17.90837971210455,1,False,False
83262afffffffff,7.172369916570444,-19.18139169223999,1,False,False
83262bfffffffff,6.101068239386129,-18.92909093942399,1,False,False
83262cfffffffff,7.523872614593572,-17.373094784271988,1,False,False
83262dfffffffff,6.439348326946709,-17.12573150205367,1,False,False
83262efffffffff,7.888612381655386,-18.408245499994184,1,False,False
832640fffffffff,1.075771760292803,-18.664040884174128,1,False,False
832641fffffffff,0.0053521329679698,-18.411440897581617,1,False,False
832642fffffffff,1.385911881599575,-19.663168443851426,1,False,False
832643fffffffff,0.3082055087622125,-19.407294253788507,1,False,False
832644fffffffff,1.835225427824325,-17.92810360292281,1,False,False
832645fffffffff,0.7693130426415229,-17.678006962493313,1,False,False
832646fffffffff,2.148954687386229,-18.91747607969581,1,False,False
832648fffffffff,-1.8367433295870017,-18.89800579952984,1,False,False
832649fffffffff,-2.902401978811947,-18.64460365456849,1,False,False
83264afffffffff,-1.5450226048944578,-19.90025831912587,1,False,False
83264bfffffffff,-2.6186220092052648,-19.643602944953795,1,False,False
83264cfffffffff,-1.061508937914246,-18.159681768659635,1,False,False
83264dfffffffff,-2.1240321543728338,-17.90876897873309,1,False,False
83264efffffffff,-0.7662798780389335,-19.152237990903657,1,False,False
832650fffffffff,2.7861680282469843,-20.934870758107724,1,False,False
832651fffffffff,1.6994931150794412,-20.67503263949572,1,False,False
832652fffffffff,3.109103923585677,-21.96211724278172,1,False,False
832653fffffffff,2.016254750626864,-21.69923555711464,1,False,False
832654fffffffff,3.5477137777937293,-20.17734517789308,1,False,False
832655fffffffff,2.466023582150314,-19.91985424679504,1,False,False
832656fffffffff,3.874028320215867,-21.19548709352003,1,False,False
832658fffffffff,-0.1636738356361088,-21.1757492820917,1,False,False
832659fffffffff,-1.2490573479648028,-20.915159849664967,1,False,False
83265afffffffff,0.1432579506810614,-22.205909080689366,1,False,False
83265bfffffffff,-0.949055871569971,-21.94230266657769,1,False,False
83265cfffffffff,0.6148484353283168,-20.41597989695484,1,False,False
83265dfffffffff,-0.4669307760998246,-20.157719518110863,1,False,False
83265efffffffff,0.9250442150872608,-21.437110348760303,1,False,False
832660fffffffff,2.1571835516117086,-16.157819274411725,1,False,False
832661fffffffff,1.1043616400519205,-15.921128406332873,1,False,False
832662fffffffff,2.5393882758331894,-17.174593084313724,1,False,False
832663fffffffff,1.4886450517161358,-16.93419352390896,1,False,False
832664fffffffff,2.834560655595752,-15.370012777281756,1,False,False
832665fffffffff,1.7718753646929388,-15.135126390431294,1,False,False
832666fffffffff,3.217811596478699,-16.396605453500204,1,False,False
832668fffffffff,-0.5881425567066303,-16.45957772407433,1,False,False
832669fffffffff,-1.6388619153424246,-16.21465106241733,1,False,False
83266afffffffff,-0.2934956708304171,-17.428766523957844,1,False,False
83266bfffffffff,-1.3524265459714164,-17.180387282230594,1,False,False
83266cfffffffff,0.0600159574997472,-15.686513363653804,1,False,False
83266dfffffffff,-0.9752184290599808,-15.453954722577892,1,False,False
83266efffffffff,0.4459199609960269,-16.695861206723208,1,False,False
832670fffffffff,3.9731984832474665,-18.43084468452034,1,False,False
832671fffffffff,2.903453437591385,-18.17905128545417,1,False,False
832672fffffffff,4.300369941549749,-19.42682866120701,1,False,False
832673fffffffff,3.2240930627153945,-19.171740667266224,1,False,False
832674fffffffff,4.662186923373046,-17.66166771022204,1,False,False
832675fffffffff,3.597471899948828,-17.417078326186772,1,False,False
832676fffffffff,5.034422996524771,-18.67891436809168,1,False,False
832688fffffffff,8.093334462463872,-28.09625643400276,1,False,False
832689fffffffff,6.983340116486606,-27.818502089397622,1,False,False
83268afffffffff,8.433338226903263,-29.192261632082523,1,False,False
83268bfffffffff,7.321392238088809,-28.91246898302433,1,False,False
832699fffffffff,8.772054625091865,-30.295953159730573,1,False,False
83269bfffffffff,9.109049428684598,-31.406585006212165,1,False,False
8326c0fffffffff,3.3092032782222947,-25.9100317550714,1,False,False
8326c1fffffffff,2.1959143746582948,-25.63688688668757,1,False,False
8326c2fffffffff,3.637279651631523,-26.98851820845011,1,False,False
8326c3fffffffff,2.519624829577073,-26.7129873822386,1,False,False
8326c5fffffffff,2.982718000505223,-24.841278127725467,1,False,False
8326c6fffffffff,4.422416972207595,-26.183791119325324,1,False,False
8326c8fffffffff,0.2864188850041748,-26.16368719922408,1,False,False
8326c9fffffffff,-0.8272881214445008,-25.889939227256008,1,False,False
8326cafffffffff,0.6027554462270818,-27.24447953943864,1,False,False
8326cbfffffffff,-0.5161565577416115,-26.968383806970987,1,False,False
8326ccfffffffff,1.08346614998484,-25.36436682073015,1,False,False
8326cdfffffffff,-0.0272298847226427,-25.09248170358732,1,False,False
8326cefffffffff,1.4023627727060537,-26.438040122437297,1,False,False
8326d0fffffffff,5.087095541973019,-28.3543747057116,1,False,False
8326d1fffffffff,3.966579258510936,-28.07609681101451,1,False,False
8326d2fffffffff,5.420108565010979,-29.45236343153944,1,False,False
8326d3fffffffff,4.296720973946685,-29.17208986311452,1,False,False
8326d4fffffffff,5.870059311668534,-27.541286712677746,1,False,False
8326d5fffffffff,4.754399604444028,-27.264621677172347,1,False,False
8326d6fffffffff,6.205674521689468,-28.63316936218099,1,False,False
8326d8fffffffff,2.046446311083012,-28.61300063586932,1,False,False
8326dcfffffffff,2.845058723720553,-27.79834733428301,1,False,False
8326ddfffffffff,1.7234715707995292,-27.52113778815231,1,False,False
8326defffffffff,3.171851628790152,-28.89229824220337,1,False,False
8326e8fffffffff,1.5550454808813927,-23.514949534728743,1,False,False
8326e9fffffffff,0.4536109961164147,-23.24773934613634,1,False,False
8326eafffffffff,1.8742768804353147,-24.57067689348206,1,False,False
8326ebfffffffff,0.7671115181303962,-24.300739200864832,1,False,False
8326ecfffffffff,2.3359160329176225,-22.7353380063606,1,False,False
8326edfffffffff,1.2385356604884323,-22.470256916911588,1,False,False
8326f2fffffffff,6.644959640414637,-26.73311131761136,1,False,False
832700fffffffff,13.812719549548666,-14.846987024314204,1,False,False
832701fffffffff,12.691908418779215,-14.600355825732706,1,False,False
832702fffffffff,14.16698638379784,-15.937581731055683,1,False,False
832703fffffffff,13.051997163929991,-15.686466355474254,1,False,False
832704fffffffff,14.576955367929758,-13.994863421407189,1,False,False
832705fffffffff,13.45060409209822,-13.750562628846131,1,False,False
832706fffffffff,14.933282168122636,-15.096002043281436,1,False,False
832710fffffffff,15.620699658404982,-17.279340204892943,1,False,False
832711fffffffff,14.51316142970008,-17.021609680057566,1,False,False
832712fffffffff,15.95138728244248,-18.360082729779148,1,False,False
832713fffffffff,14.851034264899024,-18.098361431464348,1,False,False
832714fffffffff,16.393941099459717,-16.446970877175136,1,False,False
832715fffffffff,15.2812697519498,-16.191075278919246,1,False,False
832716fffffffff,16.72619713479861,-17.539460634418216,1,False,False
832720fffffffff,14.976932675194604,-12.01408146993668,1,False,False
832721fffffffff,13.840327028777564,-11.777489505071877,1,False,False
832722fffffffff,15.34392729360705,-13.13019315880536,1,False,False
832723fffffffff,14.212541687077785,-12.888428486338263,1,False,False
832724fffffffff,15.74295877102188,-11.12767604755124,1,False,False
832725fffffffff,14.601909483781355,-10.894061332030962,1,False,False
832726fffffffff,16.11282674760048,-12.25309959471548,1,False,False
832728fffffffff,11.949990958015094,-12.412091878097682,1,False,False
832729fffffffff,10.820704495838182,-12.177465101937168,1,False,False
83272afffffffff,12.324473843282563,-13.508646043635084,1,False,False
83272bfffffffff,11.19949388230688,-13.269087433234724,1,False,False
83272cfffffffff,12.703962031564355,-11.5432948931308,1,False,False
83272dfffffffff,11.568787540233004,-11.311469087493627,1,False,False
83272efffffffff,13.08091569796096,-12.649070569320765,1,False,False
832730fffffffff,16.82659706320495,-14.49072341606018,1,False,False
832731fffffffff,15.70259613338504,-14.24157482666969,1,False,False
832732fffffffff,17.169987520366995,-15.601284398305834,1,False,False
832733fffffffff,16.052676596624448,-15.347426066995387,1,False,False
832734fffffffff,17.602215221589788,-13.621053950631342,1,False,False
832735fffffffff,16.474130850213083,-13.374392329928565,1,False,False
832736fffffffff,17.948035505927454,-14.742335919859627,1,False,False
832741fffffffff,4.91542938088508,-12.938597278632688,1,False,False
832742fffffffff,6.397714023063641,-14.228389729267258,1,False,False
832743fffffffff,5.3028002816821065,-13.993260758818815,1,False,False
832748fffffffff,3.13255508854741,-13.529552069710988,1,False,False
832749fffffffff,2.0587489830066943,-13.30092673173421,1,False,False
83274afffffffff,3.5203676637029946,-14.57082410526557,1,False,False
83274bfffffffff,2.4480804112042485,-14.337909765100529,1,False,False
83274cfffffffff,3.824836492090792,-12.710146648311376,1,False,False
83274dfffffffff,2.7417672219591926,-12.483859679487162,1,False,False
83274efffffffff,4.214154448136245,-13.760322499274968,1,False,False
832751fffffffff,6.778107212849656,-15.282529060704071,1,False,False
832752fffffffff,8.246580142787598,-16.57668221343683,1,False,False
832753fffffffff,7.153602787959731,-16.33098078981413,1,False,False
832758fffffffff,4.981923526028499,-15.846170873219265,1,False,False
832759fffffffff,3.9048195799529934,-15.607020720763089,1,False,False
83275afffffffff,5.359642293990662,-16.880541957099688,1,False,False
83275bfffffffff,4.28554255235563,-16.63750648455822,1,False,False
83275cfffffffff,5.686149709038728,-15.043111932596526,1,False,False
83275dfffffffff,4.59997535371525,-14.805884238608153,1,False,False
83275efffffffff,6.065113484498084,-16.087483963418805,1,False,False
832764fffffffff,7.784151337075023,-9.541996940857562,1,False,False
832765fffffffff,6.661343510775473,-9.32465303490495,1,False,False
832766fffffffff,8.17977364992886,-10.629923027064232,1,False,False
832774fffffffff,9.693984224732777,-11.94516315396073,1,False,False
8327a0fffffffff,17.363087266590323,-19.700433220838327,1,False,False
8327a1fffffffff,16.273181547749864,-19.432619983258675,1,False,False
8327a2fffffffff,17.667507850523332,-20.767578348960967,1,False,False
8327a4fffffffff,18.143868860665933,-18.89066463276077,1,False,False
8327a5fffffffff,17.049287007953225,-18.62417678407084,1,False,False
8327a6fffffffff,18.449299045334733,-19.970616787562832,1,False,False
8327b4fffffffff,19.81763354655297,-21.31717494753517,1,False,False
8327b5fffffffff,18.745000278092817,-21.04119659076383,1,False,False
8329b0fffffffff,10.431163864705752,-35.90259964452444,1,False,False
8329b2fffffffff,10.105369326367803,-34.77222634844136,1,False,False
8329b6fffffffff,9.318987473047068,-35.61472399808152,1,False,False
832a00fffffffff,-4.237204564077111,-4.357199534788221,1,False,False
832a02fffffffff,-3.8501773181806223,-5.392303562518023,1,False,False
832a04fffffffff,-3.596022554583512,-3.5005714275487665,1,False,False
832a05fffffffff,-4.621853939256547,-3.323750397304987,1,False,False
832a06fffffffff,-3.207225677056807,-4.53958457076582,1,False,False
832a10fffffffff,-2.4242482871857662,-6.621583537128204,1,False,False
832a11fffffffff,-3.461174569020243,-6.428389601942396,1,False,False
832a12fffffffff,-2.030904458459159,-7.663197865989602,1,False,True
832a13fffffffff,-3.0706069402340432,-7.464780931586113,1,False,False
832a14fffffffff,-1.7702522412018846,-5.769934870147769,1,False,False
832a15fffffffff,-2.8164958997746634,-5.580149950733734,1,False,False
832a16fffffffff,-1.375104490165723,-6.816747975575415,1,False,True
832a1afffffffff,-4.726391214350596,-8.09975906170607,1,False,False
832a1bfffffffff,-5.730964902842056,-7.902175160550187,1,False,False
832a1cfffffffff,-4.485393685781359,-6.237140803941654,1,False,False
832a1efffffffff,-4.097944322437986,-7.268337523844817,1,False,False
832a20fffffffff,-3.33620153279276,-1.597110798761869,1,False,False
832a21fffffffff,-4.366203145244681,-1.4299047612779203,1,False,False
832a22fffffffff,-2.9477486631201137,-2.636775027467933,1,False,False
832a23fffffffff,-3.9824802091804425,-2.4637884338965925,1,False,False
832a24fffffffff,-2.6835245879340475,-0.724039624597498,1,False,False
832a25fffffffff,-3.721957018053393,-0.5609332790594959,1,False,False
832a26fffffffff,-2.2928835551116253,-1.7661174367166337,1,False,False
832a2efffffffff,-5.003733399254856,-2.2926225771984137,1,False,False
832a30fffffffff,-1.5052500690888175,-3.859830005841564,1,False,False
832a31fffffffff,-2.5569975997073366,-3.679255936076242,1,False,False
832a32fffffffff,-1.1090973483638364,-4.910089113202619,1,False,False
832a33fffffffff,-2.1643588715086373,-4.723872410114795,1,False,False
832a34fffffffff,-0.8396911887114055,-2.988314854728524,1,False,False
832a35fffffffff,-1.8999870495212148,-2.811608360145214,1,False,False
832a36fffffffff,-0.4412982365221967,-4.042320124199047,1,False,False
832a80fffffffff,-1.5010666972177056,-11.599878516669104,1,False,True
832a81fffffffff,-2.5361981874079533,-11.384059064974908,1,False,True
832a82fffffffff,-1.108969183365104,-12.627696123249269,1,False,True
832a83fffffffff,-2.14485088793072,-12.407426785054016,1,False,True
832a84fffffffff,-0.848562434839934,-10.782256258501755,1,False,True
832a85fffffffff,-1.893699134919916,-10.569017425199563,1,False,True
832a88fffffffff,-4.183174893389886,-11.97296741780146,1,False,True
832a89fffffffff,-5.184628064015652,-11.758733978841928,1,False,False
832a8afffffffff,-3.7940440950901664,-12.9842811732975,1,False,True
832a8bfffffffff,-4.796949624949732,-12.76578795371833,1,False,True
832a8cfffffffff,-3.559954844110176,-11.17026428569988,1,False,True
832a8dfffffffff,-4.571838466767345,-10.958471691217683,1,False,False
832a8efffffffff,-3.169757980292258,-12.189191146666786,1,False,True
832a90fffffffff,0.3283181022089879,-13.87843195947418,1,False,False
832a91fffffffff,-0.7178201880990601,-13.651825540429266,1,False,True
832a92fffffffff,0.7174594943469704,-14.902340990680138,1,False,False
832a93fffffffff,-0.3280260931533271,-14.671636097356185,1,False,False
832a94fffffffff,0.9934486102502066,-13.074423894446102,1,False,False
832a95fffffffff,-0.0626700207208628,-12.85002111906882,1,False,True
832a96fffffffff,1.383834988350677,-14.107119562544051,1,False,False
832a98fffffffff,-2.389747843608371,-14.216386385583723,1,False,True
832a99fffffffff,-3.404851096426215,-13.991801099962393,1,False,True
832a9afffffffff,-2.000743055992786,-15.223433127262746,1,False,True
832a9bfffffffff,-3.015997309435093,-14.994929295648774,1,False,True
832a9cfffffffff,-1.7539680863719544,-13.427279017499604,1,False,True
832a9dfffffffff,-2.779553326237039,-13.204771234908916,1,False,True
832a9efffffffff,-1.363957224959597,-14.442991324363993,1,False,True
832aa0fffffffff,-0.5834139983687318,-8.909832550186279,1,False,True
832aa1fffffffff,-1.636890327294671,-8.70430475746774,1,False,True
832aa2fffffffff,-0.1877389818399329,-9.954709502908631,1,False,True
832aa3fffffffff,-1.2426337962725873,-9.74421804064294,1,False,True
832aa4fffffffff,0.0835095810067195,-8.06605286072149,1,False,True
832aa5fffffffff,-0.9793471198676555,-7.863613385613544,1,False,True
832aa6fffffffff,0.4809634382401848,-9.117407948307784,1,False,True
832aa8fffffffff,-3.3186323163769846,-9.329338975177077,1,False,False
832aa9fffffffff,-4.338682601179037,-9.12490332388386,1,False,False
832aaafffffffff,-2.9275972775961434,-10.35781356852116,1,False,True
832aabfffffffff,-3.9497335811475938,-10.148621354887986,1,False,False
832aacfffffffff,-2.678891154516746,-8.500799633050082,1,False,False
832aadfffffffff,-3.7088865098977126,-8.299292524086079,1,False,False
832aaefffffffff,-2.28644781245728,-9.535769248722756,1,False,True
832ac2fffffffff,-8.11309956254705,-11.12776182398843,1,False,False
832ac6fffffffff,-7.531910910486689,-10.334885157026998,1,False,False
832ad0fffffffff,-6.766248448907326,-12.334709248988958,1,False,False
832ad1fffffffff,-7.731866391534096,-12.12208274017581,1,False,False
832ad2fffffffff,-6.381169950745702,-13.329963026217412,1,False,False
832ad3fffffffff,-7.348859333964761,-13.113256805909616,1,False,False
832ad4fffffffff,-6.173686031721845,-11.546469383720313,1,False,False
832ad5fffffffff,-7.149959239997643,-11.336152362544922,1,False,False
832ad6fffffffff,-5.787820464336684,-12.54927084135744,1,False,False
832ad8fffffffff,-9.245478630072164,-12.685586351374114,1,False,False
832adafffffffff,-9.03474641526913,-13.598175556108298,1,False,False
832adcfffffffff,-8.68434751484465,-11.911371032225912,1,False,False
832adefffffffff,-8.303730962263401,-12.898471067504756,1,False,False
832af0fffffffff,-5.956844973780662,-9.73617966283621,1,False,False
832af1fffffffff,-6.940990798852444,-9.532884661317176,1,False,False
832af2fffffffff,-5.571393690264433,-10.748658994237996,1,False,False
832af3fffffffff,-6.558207909323711,-10.540804109798875,1,False,False
832af4fffffffff,-5.346138174692903,-8.922438655107454,1,False,False
832af5fffffffff,-6.340582639706114,-8.721921585828463,1,False,False
832af6fffffffff,-4.959628237839823,-9.941417678541075,1,False,False
832b00fffffffff,0.3813561494377064,1.778377674434414,1,False,False
832b01fffffffff,-0.6926378376761106,1.930067512340639,1,False,False
832b02fffffffff,0.7848397965893323,0.7257211389507775,1,False,False
832b03fffffffff,-0.2942326329478551,0.8836906503841666,1,False,False
832b04fffffffff,1.0605736808825186,2.67813691970051,1,False,False
832b05fffffffff,-0.02004418659547,2.825167282212018,1,False,False
832b06fffffffff,1.467216730451615,1.6249725330330675,1,False,False
832b08fffffffff,-2.415395697437844,1.1944122118463276,1,False,False
832b09fffffffff,-3.4564415105322404,1.3472169188259395,1,False,False
832b0afffffffff,-2.0249878572498594,0.1550863185997832,1,False,False
832b0bfffffffff,-3.071507008210788,0.3139561558467543,1,False,False
832b0cfffffffff,-1.7541945102337573,2.080068565154632,1,False,False
832b0dfffffffff,-2.8027914084567573,2.2284068567043858,1,False,False
832b0efffffffff,-1.361159989307151,1.0399121514938272,1,False,False
832b10fffffffff,2.284857741401749,-0.4981704855910513,1,False,False
832b11fffffffff,1.1899712160554436,-0.3321356268006939,1,False,False
832b12fffffffff,2.69493789526796,-1.5667672334161302,1,False,False
832b13fffffffff,1.5963029448417587,-1.3945051589478026,1,False,False
832b14fffffffff,2.9769940943609687,0.4044293392283549,1,False,False
832b15fffffffff,1.875462689179649,0.5659765560187353,1,False,False
832b16fffffffff,3.3902923773188807,-0.6660653665043297,1,False,False
832b18fffffffff,-0.5677633453646418,-1.0556108011380707,1,False,False
832b19fffffffff,-1.6319608628889686,-0.8889233204993047,1,False,False
832b1afffffffff,-0.1682377769392048,-2.10963796963374,1,False,False
832b1bfffffffff,-1.2367220610048264,-1.936950928865621,1,False,False
832b1cfffffffff,0.1062974459454336,-0.1679327938287644,1,False,False
832b1dfffffffff,-0.9655456650347196,-0.0055344843977229,1,False,False
832b1efffffffff,0.5085223799454529,-1.2241289602761298,1,False,False
832b20fffffffff,1.3347525421653037,4.628590811664203,1,False,False
832b21fffffffff,0.2538467232102186,4.764367061790908,1,False,False
832b22fffffffff,1.7427508350594283,3.582564289585186,1,False,False
832b23fffffffff,0.6559748223362304,3.7248124067595207,1,False,False
832b24fffffffff,2.015604925329884,5.536078407804292,1,False,False
832b25fffffffff,0.9291945090121164,5.666888660533656,1,False,False
832b26fffffffff,2.427199425812268,4.491242186792841,1,False,False
832b28fffffffff,-1.4814230655172311,4.004491692059281,1,False,False
832b29fffffffff,-2.530953322942984,4.141973669394857,1,False,False
832b2afffffffff,-1.0885016555329476,2.970544620157244,1,False,False
832b2bfffffffff,-2.144252342888338,3.1142948138155857,1,False,False
832b2cfffffffff,-0.8149252383561956,4.898596285354151,1,False,False
832b2dfffffffff,-1.871018326665652,5.031303324120524,1,False,False
832b2efffffffff,-0.4189397695777889,3.865446322471447,1,False,False
832b30fffffffff,3.255865610043189,2.3790110649542138,1,False,False
832b31fffffffff,2.1527575310629814,2.5294271475373127,1,False,False
832b32fffffffff,3.6720168435516647,1.3129077320052018,1,False,False
832b33fffffffff,2.5643254145627328,1.469825064980936,1,False,False
832b34fffffffff,3.9493703270108855,3.293120254346068,1,False,False
832b35fffffffff,2.840770753679596,3.4386758028829547,1,False,False
832b36fffffffff,4.369209940984644,2.226861244400546,1,False,False
832b72fffffffff,-3.8379544335921953,2.3751079262345995,1,False,False
832b76fffffffff,-3.186798191582591,3.2564432493171065,1,False,False
832b80fffffffff,3.2244009641802087,-5.674779345284136,1,False,False
832b81fffffffff,2.1254227893978084,-5.48057881404762,1,False,False
832b82fffffffff,3.629775584192103,-6.7488579067508665,1,False,False
832b83fffffffff,2.5293582565429573,-6.548984006961714,1,False,False
832b84fffffffff,3.924549917340198,-4.791985273201325,1,False,False
832b85fffffffff,2.817896549825272,-4.601557818731742,1,False,False
832b86fffffffff,4.332617177709845,-5.871044904933768,1,False,False
832b88fffffffff,0.35781639594021,-6.155424401021171,1,False,False
832b89fffffffff,-0.711961116039533,-5.961684254467524,1,False,True
832b8afffffffff,0.7576477409867336,-7.2130915145811905,1,False,False
832b8bfffffffff,-0.3142787585622471,-7.013908620523215,1,False,True
832b8cfffffffff,1.0364030172005854,-5.288415283068045,1,False,False
832b8dfffffffff,-0.041981179545353,-5.098261125761228,1,False,True
832b8efffffffff,1.4384734314364689,-6.351181973896823,1,False,False
832b90fffffffff,5.143193994441513,-8.030578422968494,1,False,False
832b91fffffffff,4.033554279928955,-7.823039250233716,1,False,False
832b92fffffffff,5.544773659934787,-9.10951947562394,1,False,False
832b93fffffffff,4.435277157832849,-8.896568689866845,1,False,False
832b94fffffffff,5.8562196307804,-7.154932812301307,1,False,False
832b95fffffffff,4.738988304603494,-6.950831455213024,1,False,False
832b96fffffffff,6.260383993706276,-8.240275214757624,1,False,False
832b98fffffffff,2.240676441598973,-8.477106723657853,1,False,False
832b99fffffffff,1.1570654362464834,-8.27054197442728,1,False,False
832b9afffffffff,2.6399067042057043,-9.538802730672971,1,False,False
832b9bfffffffff,1.5556238956400348,-9.327056173263486,1,False,False
832b9cfffffffff,2.9322551630325884,-7.617629929527218,1,False,False
832b9dfffffffff,1.8400489763986063,-7.414323041790593,1,False,False
832b9efffffffff,3.333656105501816,-8.685773419921274,1,False,False
832ba0fffffffff,4.21685433354789,-2.819471324847248,1,False,False
832ba1fffffffff,3.105231491978884,-2.6390940856423457,1,False,False
832ba2fffffffff,4.629145093253899,-3.90089976274592,1,False,False
832ba3fffffffff,3.51526183660336,-3.714415969699989,1,False,False
832ba4fffffffff,4.921980828321062,-1.9170627791578647,1,False,False
832ba5fffffffff,3.803740806439908,-1.740943503198691,1,False,False
832ba6fffffffff,5.337496041079262,-3.001842441439065,1,False,False
832ba8fffffffff,1.3162823373138774,-3.3474551602639013,1,False,False
832ba9fffffffff,0.2325955058795782,-3.1669213606871307,1,False,False
832baafffffffff,1.7209100017006138,-4.413156509110084,1,False,False
832babfffffffff,0.6342924748130873,-4.226753188076541,1,False,False
832bacfffffffff,2.00337793438368,-2.4606817202609577,1,False,False
832badfffffffff,0.912000806610806,-2.2842057011455768,1,False,False
832baefffffffff,2.410732028390569,-3.52994397457538,1,False,False
832bb0fffffffff,6.163837175407867,-5.179033395581516,1,False,False
832bb1fffffffff,5.040125242155789,-4.984467458572326,1,False,False
832bb2fffffffff,6.573678430909045,-6.269885252641639,1,False,False
832bb3fffffffff,5.449309825284369,-6.069403926525969,1,False,False
832bb4fffffffff,6.881857891386738,-4.280019502380901,1,False,False
832bb5fffffffff,5.751613172786156,-4.089424427890445,1,False,False
832bb6fffffffff,7.294862476366726,-5.375712544451154,1,False,False
832c12fffffffff,-26.561851148897325,45.06982998107395,1,False,False
832c16fffffffff,-25.964359125223343,44.07936898588631,1,False,False
832c80fffffffff,-30.457590760579144,45.94171020833252,1,False,False
832c81fffffffff,-29.911522006439533,46.98918958941883,1,False,False
832c82fffffffff,-31.55685228325645,45.90093200478992,1,False,False
832c83fffffffff,-31.006063402600223,46.95932735103396,1,False,False
832c84fffffffff,-29.89398631543689,44.922486597187856,1,False,False
832c85fffffffff,-29.35545745107979,45.98168099915777,1,False,False
832c86fffffffff,-31.000768159111843,44.87138937129073,1,False,False
832c8afffffffff,-31.10601966513084,49.04362283308481,1,False,False
832c8cfffffffff,-29.414717417515103,48.02874463016106,1,False,False
832c8efffffffff,-30.492369455298764,48.00435984149032,1,False,False
832c90fffffffff,-33.203525857952854,44.766037470050726,1,False,False
832c91fffffffff,-32.65244605188065,45.85932171681922,1,False,False
832c92fffffffff,-34.29791592934506,44.71171726750435,1,False,False
832c93fffffffff,-33.74359205794933,45.81685365898647,1,False,False
832c94fffffffff,-32.64727905249249,43.71430195565519,1,False,False
832c95fffffffff,-32.104215316158395,44.81925036201063,1,False,False
832c96fffffffff,-33.74973815456278,43.64903222316274,1,False,False
832c98fffffffff,-32.622267422139224,47.95452281005969,1,False,False
832c99fffffffff,-32.17628887516615,49.02625030609677,1,False,False
832c9afffffffff,-33.70100687612718,47.93393225811863,1,False,False
832c9bfffffffff,-33.23721715397211,49.0086215887517,1,False,False
832c9cfffffffff,-32.09739576965068,46.928861803802185,1,False,False
832c9dfffffffff,-31.56176685473205,47.97962180890308,1,False,False
832c9efffffffff,-33.184744445827945,46.89777449587888,1,False,False
832ca0fffffffff,-28.19944306783172,43.96248854434744,1,False,False
832ca1fffffffff,-27.673696257184687,45.02167784031037,1,False,False
832ca2fffffffff,-29.31545771190171,43.90229888090818,1,False,False
832ca3fffffffff,-28.784686415390382,44.97257287557738,1,False,False
832ca4fffffffff,-27.600011093819376,42.95205496190258,1,False,False
832ca5fffffffff,-27.082126234271524,44.02150054380863,1,False,False
832ca6fffffffff,-28.7222628195412,42.88179308082105,1,False,False
832caafffffffff,-28.814560129618204,47.01846624847551,1,False,False
832cacfffffffff,-27.1458188179046,46.05929425467557,1,False,False
832caefffffffff,-28.25126091765017,46.02086808469549,1,False,False
832cb0fffffffff,-30.96062137337756,42.73698687279538,1,False,False
832cb1fffffffff,-30.42932404883243,43.84089608229631,1,False,False
832cb2fffffffff,-32.07502901710315,42.66235513000431,1,False,False
832cb3fffffffff,-31.54020556547413,43.77824324405872,1,False,False
832cb4fffffffff,-30.365719763334937,41.69616874454029,1,False,False
832cb5fffffffff,-29.842751404461044,42.81011799720346,1,False,False
832cb6fffffffff,-31.48700609860069,41.6109058609103,1,False,False
832d60fffffffff,11.52145852017478,42.1982759522062,1,False,False
832d61fffffffff,12.56932282957011,42.12230453366755,1,False,False
832d63fffffffff,12.033511864911684,43.09108178140919,1,False,False
832d64fffffffff,11.042415935590723,41.21414846716512,1,False,False
832d65fffffffff,12.051481366321802,41.23832343406488,1,False,False
832d68fffffffff,14.159835054031518,42.95275077611992,1,False,False
832d6cfffffffff,13.62750192824728,42.04495207819338,1,False,False
832d6efffffffff,13.091587488834104,43.02254631736187,1,False,False
832d80fffffffff,-26.209768441076704,38.809500228398775,1,False,False
832d81fffffffff,-25.720172184307145,39.92493375580931,1,False,False
832d82fffffffff,-27.351627383999247,38.69745935090504,1,False,False
832d83fffffffff,-26.85802620033765,39.82483077811607,1,False,False
832d84fffffffff,-25.548900402939264,37.797050948257954,1,False,False
832d85fffffffff,-25.067824369594703,38.91936372233486,1,False,False
832d86fffffffff,-26.694709355835062,37.67519378052688,1,False,False
832d88fffffffff,-25.858254173141145,42.02062068821425,1,False,False
832d89fffffffff,-25.35367571087969,43.08850226951528,1,False,False
832d8afffffffff,-26.98672426436659,41.94190038618845,1,False,False
832d8bfffffffff,-26.476859610369665,43.02094482294432,1,False,False
832d8cfffffffff,-25.22671669138677,41.021137303725645,1,False,False
832d8dfffffffff,-24.730181703141245,42.09782228622483,1,False,False
832d8efffffffff,-26.359966611330776,40.9326520353028,1,False,False
832d90fffffffff,-28.98369308537521,37.42413206473382,1,False,False
832d91fffffffff,-28.49248190684373,38.58317659460582,1,False,False
832d92fffffffff,-30.12501558525045,37.29478085708882,1,False,False
832d93fffffffff,-29.63141700921939,38.46658492855415,1,False,False
832d94fffffffff,-28.32216418116609,36.38563500542228,1,False,False
832d95fffffffff,-27.839950059898428,37.55091145904572,1,False,False
832d96fffffffff,-29.468140155411344,36.24606951076255,1,False,False
832d98fffffffff,-28.625405919957096,40.75037381253206,1,False,False
832d99fffffffff,-28.114710517228264,41.86161642740646,1,False,False
832d9afffffffff,-29.75581103664997,40.65647462161864,1,False,False
832d9bfffffffff,-29.2413334749914,41.7797220799621,1,False,False
832d9cfffffffff,-27.99535700936446,39.722734622681855,1,False,False
832d9dfffffffff,-27.49316108856791,40.84241489995834,1,False,False
832d9efffffffff,-29.13125919187272,39.61858582899956,1,False,False
832da0fffffffff,-23.30015108136888,38.18201702240132,1,False,False
832da1fffffffff,-22.73401565268606,39.239673668734646,1,False,False
832da2fffffffff,-23.461831990553563,37.75787361765547,1,False,False
832da3fffffffff,-22.657325304413973,39.18388879077595,1,False,False
832da5fffffffff,-22.14768643585032,38.18631301216774,1,False,False
832da8fffffffff,-23.446522266725857,40.11938687190388,1,False,False
832daafffffffff,-24.582702452340595,40.02310076578438,1,False,False
832dabfffffffff,-24.09430546898296,41.10792082091794,1,False,False
832dacfffffffff,-22.787353140298244,39.13280455854653,1,False,False
832daefffffffff,-23.926714365181613,39.02711190940492,1,False,False
832db1fffffffff,-26.02514573483692,36.65657225394916,1,False,False
832db2fffffffff,-27.64738519191067,35.351749305590424,1,False,False
832db3fffffffff,-27.17418677306044,36.52244277925651,1,False,False
832ec9fffffffff,52.749972222993634,133.0381131979205,1,False,False
832ecafffffffff,54.236026258040845,134.5188726042791,1,False,False
832ecbfffffffff,53.7740275461095,133.13869651803853,1,False,False
832ed9fffffffff,55.23490666564271,134.59624267143937,1,False,False
832edafffffffff,56.64849415015641,136.06162625817666,1,False,False
832edbfffffffff,56.14941955337913,134.4753103375894,1,False,False
833000fffffffff,13.471416019977635,95.36729651154695,1,False,False
833002fffffffff,13.420381923297068,94.57071000631446,1,False,False
833004fffffffff,13.966367965936229,95.98308674167568,1,False,False
833005fffffffff,13.055364751366096,96.04081411037616,1,False,False
833006fffffffff,14.192767549978404,95.07149401703995,1,False,False
833010fffffffff,14.152806190555198,93.40161431321305,1,False,False
833012fffffffff,14.100164574930728,92.56351243495604,1,False,False
833014fffffffff,14.994011994063658,93.87133336206531,1,False,False
833015fffffffff,14.201659756182597,94.22481102039468,1,False,False
833016fffffffff,14.950911232130446,93.03586208299669,1,False,False
833020fffffffff,14.026186292487775,97.37420726380546,1,False,False
833021fffffffff,13.076552895696633,97.48914947833732,1,False,False
833022fffffffff,14.46901498132666,96.61316620333088,1,False,False
833023fffffffff,13.525860047980336,96.7319820133954,1,False,False
833024fffffffff,14.534051062609496,98.03123554108366,1,False,False
833025fffffffff,13.574374172620937,98.14352168732216,1,False,False
833026fffffffff,14.979263811588163,97.2578802943842,1,False,False
833028fffffffff,11.790977140355054,96.52859855956784,1,False,False
833029fffffffff,10.93967304250314,96.33086329421052,1,False,False
83302afffffffff,12.227053553676038,95.8433567940707,1,False,False
83302cfffffffff,12.194375586450652,97.4188409002111,1,False,False
83302dfffffffff,11.345127183333796,97.22432077962502,1,False,False
83302efffffffff,12.629713887232766,96.7246490472019,1,False,False
833030fffffffff,15.49711361893146,95.43619346459184,1,False,False
833031fffffffff,14.750995459071309,95.7340834193332,1,False,False
833032fffffffff,15.675041548843158,94.45711934871144,1,False,False
833033fffffffff,14.927291965011152,94.76819202968954,1,False,False
833034fffffffff,16.07331888789654,96.11786633786905,1,False,False
833035fffffffff,15.315562333262594,96.409977779015,1,False,False
833036fffffffff,16.25666758177822,95.1305545570993,1,False,False
833080fffffffff,11.53460013176828,158.99933005289122,1,False,False
833082fffffffff,10.675902577190095,159.19533080587652,1,False,False
833083fffffffff,11.190750498851372,159.95628863862592,1,False,False
833084fffffffff,13.91799559104667,89.95950217638915,1,False,False
833086fffffffff,13.848687476890852,89.06163879647688,1,False,False
833090fffffffff,9.267802598682088,158.6206087427913,1,False,False
833091fffffffff,9.802592242631976,159.3935064616736,1,False,False
833092fffffffff,8.369508123689439,158.81781262269567,1,False,False
833093fffffffff,8.914741223225581,159.59388860108317,1,False,False
833094fffffffff,9.617562066502286,157.6472473767818,1,False,False
833095fffffffff,10.151465871728528,158.42560696880332,1,False,False
833096fffffffff,8.723577214898492,157.83891842886632,1,False,False
833098fffffffff,9.97642944383908,161.1186887106395,1,False,False
833099fffffffff,10.749295292633343,161.75905963632974,1,False,False
83309afffffffff,9.095280716344638,161.32719073002178,1,False,False
83309bfffffffff,9.82103339927994,161.9936198924361,1,False,False
83309cfffffffff,10.327806472434148,160.15748260289436,1,False,False
83309dfffffffff,10.894892013666452,160.88875988119068,1,False,False
83309efffffffff,9.450424989212138,160.36088450037468,1,False,False
8330a0fffffffff,14.8527870720338,91.31948486503808,1,False,False
8330a1fffffffff,14.043583390447788,91.7104653102698,1,False,False
8330a2fffffffff,14.79743432451617,90.43854586349975,1,False,False
8330a3fffffffff,13.982910847475395,90.84245792017003,1,False,False
8330a4fffffffff,15.71857516811504,91.79864494036856,1,False,False
8330a5fffffffff,14.903891057708648,92.18525586467238,1,False,False
8330a6fffffffff,15.672955003066916,90.91987454522535,1,False,False
8330b0fffffffff,15.568279408073357,89.11625135258343,1,False,False
8330b1fffffffff,14.737668073020805,89.54246420411187,1,False,False
8330b2fffffffff,15.50886730250352,88.1915107309965,1,False,False
8330b3fffffffff,14.673324622082475,88.63129573137013,1,False,False
8330b4fffffffff,16.459096834845834,89.60375704861323,1,False,False
8330b5fffffffff,15.622916013619616,90.02573003345896,1,False,False
8330b6fffffffff,16.409552210397624,88.68060624337107,1,False,False
8330e1fffffffff,9.19991397744419,95.93027014167028,1,False,False
8330e5fffffffff,10.075932416362772,96.13142621136564,1,False,False
8330ecfffffffff,8.721771810868722,96.63048502201052,1,False,False
833119fffffffff,15.496997668415904,97.91757581196453,1,False,False
83311afffffffff,16.65563650694028,96.81343570116148,1,False,False
83311bfffffffff,15.886214861417525,97.0993880507619,1,False,False
833142fffffffff,10.82958743533536,99.56378494499133,1,False,False
833143fffffffff,9.948393765610074,99.3746344868524,1,False,False
833150fffffffff,12.15176283353194,99.02776261016784,1,False,False
833151fffffffff,11.294360419319585,98.83839815170175,1,False,False
833152fffffffff,12.618496804691402,98.2544581537568,1,False,False
833153fffffffff,11.74927673526424,98.12341829361488,1,False,False
833154fffffffff,12.644033697339998,99.70637065784112,1,False,False
833155fffffffff,11.697572343679347,99.7512154685368,1,False,False
833156fffffffff,13.113631724195802,98.9209632501632,1,False,False
833158fffffffff,10.016775947304318,97.73597818616877,1,False,False
833159fffffffff,9.131438082882084,97.53966683975372,1,False,False
83315afffffffff,10.483177056330854,97.0280999434964,1,False,False
83315bfffffffff,9.60866799265722,96.8301606531678,1,False,False
83315cfffffffff,10.423871848975509,98.64732441202548,1,False,False
83315dfffffffff,9.540435974490968,98.45452245125242,1,False,False
83315efffffffff,10.889440671679342,97.93055585891652,1,False,False
833160fffffffff,52.8270814387311,130.5297138540474,1,False,False
833161fffffffff,52.28709703470789,131.741810874889,1,False,False
833165fffffffff,53.30393255483865,131.80944832493978,1,False,False
833180fffffffff,18.798533971270096,93.12925582177458,1,False,False
833181fffffffff,17.99782569498105,93.47437771582727,1,False,False
833182fffffffff,18.9756554819236,92.08989059836595,1,False,False
833183fffffffff,18.174557582302857,92.44936364056916,1,False,False
833184fffffffff,19.42935875193649,93.82453861287225,1,False,False
833185fffffffff,18.61606878883742,94.16419375186308,1,False,False
833186fffffffff,19.612363095262907,92.77481058072205,1,False,False
833188fffffffff,16.61125008037674,93.14073843080168,1,False,False
833189fffffffff,15.797273369986112,93.51005301105964,1,False,False
83318afffffffff,16.57972947082097,92.27988502050168,1,False,False
83318bfffffffff,15.759955300485233,92.66203155771562,1,False,False
83318cfffffffff,17.210314459074706,93.81051526649736,1,False,False
83318dfffffffff,16.436046786003892,94.13799253136489,1,False,False
83318efffffffff,17.38640013815951,92.79953585643274,1,False,False
833190fffffffff,19.96084751255224,90.66310955978804,1,False,False
833191fffffffff,19.10087430608096,91.08105496869123,1,False,False
833192fffffffff,19.947347278124216,89.73148133927872,1,False,False
833193fffffffff,19.08190386014917,90.1636721488906,1,False,False
833194fffffffff,20.61625047992672,91.34164208811627,1,False,False
833195fffffffff,19.789596415065294,91.72077064813338,1,False,False
833196fffffffff,20.78686546545768,90.26913959588327,1,False,False
833198fffffffff,17.37988482580974,90.99937847752854,1,False,False
833199fffffffff,16.543992062620347,91.4034361928157,1,False,False
83319afffffffff,17.345184071551632,90.09376184964228,1,False,False
83319bfffffffff,16.50384562073816,90.51138563344284,1,False,False
83319cfffffffff,18.25047707424025,91.48965417634687,1,False,False
83319dfffffffff,17.40999395755426,91.889177021537,1,False,False
83319efffffffff,18.225963436875315,90.5862127999979,1,False,False
8331a0fffffffff,19.87169401117877,95.58993210730524,1,False,False
8331a1fffffffff,19.04695434688443,95.90838443788977,1,False,False
8331a2fffffffff,20.06669022739786,94.53552874109928,1,False,False
8331a3fffffffff,19.24080935421214,94.86928120354472,1,False,False
8331a6fffffffff,20.7101517969672,95.26253804791372,1,False,False
8331a8fffffffff,17.62977262834432,95.51020802517658,1,False,False
8331a9fffffffff,16.84471599900523,95.81804061477912,1,False,False
8331aafffffffff,17.816158248414844,94.49486345489416,1,False,False
8331abfffffffff,17.0296823626892,94.81687844760644,1,False,False
8331acfffffffff,18.23600737327205,96.21823753386256,1,False,False
8331adfffffffff,17.438896579023716,96.51981765403374,1,False,False
8331aefffffffff,18.42848196277168,95.19406199771775,1,False,False
8331b0fffffffff,21.095699696660017,93.1168698316407,1,False,False
8331b1fffffffff,20.25594205622541,93.47555162071026,1,False,False
8331b2fffffffff,21.27891857037944,92.03651470254758,1,False,False
8331b3fffffffff,20.43920517093616,92.41068728069057,1,False,False
8331b4fffffffff,21.75869182570661,93.83967812195596,1,False,False
8331b5fffffffff,20.906027970480203,94.19245127430705,1,False,False
8331b6fffffffff,21.948477682064475,92.74811289705656,1,False,False
833800fffffffff,-8.28533419778012,11.594258836896758,1,False,False
833801fffffffff,-8.845349200382415,12.48760814475825,1,False,False
833802fffffffff,-8.785100716896153,10.600327291585534,1,False,False
833803fffffffff,-9.348598767769786,11.488300126255474,1,False,False
833804fffffffff,-7.222041835835839,11.699646334786715,1,False,False
833805fffffffff,-7.783115280891354,12.58566247344935,1,False,False
833806fffffffff,-7.723338626513523,10.703453444034745,1,False,False
833808fffffffff,-10.492697796561725,13.301834843709848,1,False,False
833809fffffffff,-11.07099369220182,14.229735012624468,1,False,False
83380afffffffff,-11.001635150585626,12.286731980831672,1,False,False
83380bfffffffff,-11.58520239323385,13.207269666949571,1,False,False
83380cfffffffff,-9.41019038160191,13.394875569331182,1,False,False
83380dfffffffff,-9.979365558060591,14.315923354957976,1,False,False
83380efffffffff,-9.918391778494463,12.387977219073232,1,False,False
833810fffffffff,-8.721822995038925,8.697794328020484,1,False,False
833811fffffffff,-9.283180699191435,9.601861873765518,1,False,False
833812fffffffff,-9.217923283618862,7.689507567092835,1,False,False
833813fffffffff,-9.77903499560882,8.599441723937401,1,False,False
833814fffffffff,-7.652963621546625,8.796663870454301,1,False,False
833815fffffffff,-8.223447200243069,9.702641968864432,1,False,False
833816fffffffff,-8.151697434730222,7.785865206074513,1,False,False
833818fffffffff,-10.92124097121614,10.373499307614214,1,False,False
833819fffffffff,-11.505650400862622,11.271251057533425,1,False,False
83381afffffffff,-11.414888040997708,9.367163995486194,1,False,False
83381bfffffffff,-12.00423537814149,10.256029787933167,1,False,False
83381cfffffffff,-9.847552507506617,10.48911156607644,1,False,False
83381dfffffffff,-10.422245284521392,11.380644307632544,1,False,False
83381efffffffff,-10.341717213815167,9.490649717523214,1,False,False
833822fffffffff,-6.14831077094528,11.805564427408282,1,False,False
833823fffffffff,-6.720100318788964,12.690654742193823,1,False,False
833828fffffffff,-7.828016665921642,14.484153580452809,1,False,False
833829fffffffff,-8.382863912177504,15.40488903285928,1,False,False
83382afffffffff,-8.338313773495656,13.486427932716593,1,False,False
83382bfffffffff,-8.898167619864232,14.400718495087416,1,False,False
83382efffffffff,-7.277659052910936,13.5765269077292,1,False,False
833830fffffffff,-6.070795249805414,9.905773167583108,1,False,False
833831fffffffff,-6.650721680973851,10.807106672452564,1,False,False
833832fffffffff,-6.573028901449174,8.896053844023037,1,False,False
833833fffffffff,-7.152455455706816,9.803944588127775,1,False,False
833834fffffffff,-4.979098865511719,10.008131165739387,1,False,False
833835fffffffff,-5.567856201561396,10.911290344303644,1,False,False
833836fffffffff,-5.482634520185462,8.995967765849695,1,False,False
833850fffffffff,-12.762618064606135,15.09110781097824,1,False,False
833852fffffffff,-13.282861949866836,14.053040723240192,1,False,False
833854fffffffff,-11.652722832599986,15.17150601566004,1,False,False
833856fffffffff,-12.172392645321668,14.14211924762099,1,False,False
83386cfffffffff,-10.660530564384649,21.22061131759504,1,False,False
833870fffffffff,-10.029829855074238,16.269165449753007,1,False,False
833871fffffffff,-10.600553025961649,17.222883520073786,1,False,False
833872fffffffff,-10.552349150812145,15.250581055168524,1,False,False
833873fffffffff,-11.128583284350452,16.19864419132906,1,False,False
833874fffffffff,-8.941704217016062,16.338533558424782,1,False,False
833875fffffffff,-9.50400989380061,17.28485440566839,1,False,False
833876fffffffff,-9.4621820092125,15.32836503324772,1,False,False
833880fffffffff,-11.729606952012183,4.562253150415798,1,False,False
833881fffffffff,-12.28151964381652,5.484317114245095,1,False,False
833882fffffffff,-12.206479454132351,3.549173452739696,1,False,False
833883fffffffff,-12.758502625761755,4.474828039643662,1,False,False
833884fffffffff,-10.687232526842084,4.650159162508178,1,False,False
833885fffffffff,-11.247927198601268,5.574446179051816,1,False,False
833886fffffffff,-11.168941768228963,3.6343058494353446,1,False,False
833888fffffffff,-13.934909226010683,6.21041134736945,1,False,False
833889fffffffff,-14.548243551874172,7.074908491407222,1,False,False
83388afffffffff,-14.399548545788138,5.205936972455021,1,False,False
83388bfffffffff,-15.017370746800175,6.059299582582852,1,False,False
83388cfffffffff,-12.859163942041867,6.359175444534468,1,False,False
83388dfffffffff,-13.46266355444921,7.218272065677604,1,False,False
83388efffffffff,-13.326967994110506,5.362202985996683,1,False,False
833890fffffffff,-12.11730531430311,1.6023115674102757,1,False,False
833891fffffffff,-12.6780702330028,2.535839811692316,1,False,False
833892fffffffff,-12.583035535988865,0.5874473605835401,1,False,False
833893fffffffff,-13.143924527527489,1.5228859048498211,1,False,False
833894fffffffff,-11.07681880597162,1.6821873953537965,1,False,False
833895fffffffff,-11.64579014769958,2.618143650011741,1,False,False
833896fffffffff,-11.548360379715753,0.6643877800261594,1,False,False
833898fffffffff,-14.239913897833056,3.380316243005449,1,False,False
833899fffffffff,-14.85623145242888,4.205445876235656,1,False,False
83389afffffffff,-14.700246811105254,2.372605471553881,1,False,False
83389bfffffffff,-15.304639024731207,3.2095205640410094,1,False,False
83389cfffffffff,-13.23026195339352,3.464511424222513,1,False,False
83389dfffffffff,-13.78732980980979,4.369059587497403,1,False,False
83389efffffffff,-13.696340039954157,2.4539949178256464,1,False,False
8338a0fffffffff,-9.141663480507765,5.756179386013194,1,False,False
8338a1fffffffff,-9.711210094845104,6.678391335608924,1,False,False
8338a2fffffffff,-9.631823548846734,4.738549637539369,1,False,False
8338a3fffffffff,-10.201153114178243,5.665065750295874,1,False,False
8338a4fffffffff,-8.069970809012402,5.847790673147386,1,False,False
8338a5fffffffff,-8.648110848222773,6.7721622333503735,1,False,False
8338a6fffffffff,-8.563871012017493,4.827428167269075,1,False,False
8338a8fffffffff,-11.313804579236184,7.4983197499603955,1,False,False
8338a9fffffffff,-11.902717160472546,8.362257152593038,1,False,False
8338aafffffffff,-11.799789366772474,6.49235407853891,1,False,False
8338abfffffffff,-12.384282568978826,7.359392293806056,1,False,False
8338acfffffffff,-10.272128309922994,7.593660252125372,1,False,False
8338adfffffffff,-10.830618820709374,8.493519187539569,1,False,False
8338aefffffffff,-10.76193206032349,6.585123131057798,1,False,False
8338b0fffffffff,-9.540842744743658,2.7841423064902813,1,False,False
8338b1fffffffff,-10.118070729957331,3.719912166111592,1,False,False
8338b2fffffffff,-10.022888229567815,1.7625169135651149,1,False,False
8338b3fffffffff,-10.59989891227334,2.700909961392797,1,False,False
8338b4fffffffff,-8.46911535754217,2.8678442783021967,1,False,False
8338b5fffffffff,-9.054335191009717,3.805995985761478,1,False,False
8338b6fffffffff,-8.955984406064873,1.843303679950664,1,False,False
8338c0fffffffff,-15.92303239715856,10.81545208617693,1,False,False
8338c1fffffffff,-16.546793793286135,11.754884958919993,1,False,False
8338c2fffffffff,-16.415222629275654,9.766676085013255,1,False,False
8338c3fffffffff,-17.04455096224687,10.696720928018491,1,False,False
8338c4fffffffff,-14.807596403232802,10.932224268129074,1,False,False
8338c5fffffffff,-15.423048888727658,11.864810883605562,1,False,False
8338c6fffffffff,-15.302116139438086,9.892029694922886,1,False,False
8338cafffffffff,-18.81068678985708,11.529383967027824,1,False,False
8338ccfffffffff,-17.172723695554513,12.710230116132518,1,False,False
8338cefffffffff,-17.676290657462573,11.643091692019349,1,False,False
8338d0fffffffff,-16.267749867822296,7.815862177601093,1,False,False
8338d1fffffffff,-16.899168313236252,8.719184141639069,1,False,False
8338d2fffffffff,-16.73803226922795,6.781241411700812,1,False,False
8338d3fffffffff,-17.3744513957439,7.673672372594551,1,False,False
8338d4fffffffff,-15.166452523602468,7.955763148896581,1,False,False
8338d5fffffffff,-15.788977983962322,8.853015751314608,1,False,False
8338d6fffffffff,-15.640287595854932,6.929249488441504,1,False,False
8338d8fffffffff,-18.657358216598134,9.509641182713626,1,False,False
8338d9fffffffff,-19.30248918913248,10.45318542679126,1,False,False
8338dafffffffff,-19.133978353100886,8.444805430364383,1,False,False
8338dbfffffffff,-19.784698298128045,9.377855191271744,1,False,False
8338dcfffffffff,-17.533914424327296,9.639230420787612,1,False,False
8338ddfffffffff,-18.17132160849892,10.57598212670612,1,False,False
8338defffffffff,-18.014446526912582,8.58313208446287,1,False,False
8338e0fffffffff,-13.196088002791624,12.079241698668184,1,False,False
8338e1fffffffff,-13.79746407109519,13.013415762499667,1,False,False
8338e2fffffffff,-13.699045448546189,11.047084613160528,1,False,False
8338e3fffffffff,-14.305881745459962,11.972915076008157,1,False,False
8338e4fffffffff,-12.094430193582074,12.183833522632105,1,False,False
8338e5fffffffff,-12.687029298368968,13.111142791003113,1,False,False
8338e6fffffffff,-12.598150920898426,11.16007879102962,1,False,False
8338e8fffffffff,-15.528016031546898,13.870348194364734,1,False,False
8338eafffffffff,-16.041114391073567,12.813001115219768,1,False,False
8338ecfffffffff,-14.4016619393359,13.96246294124105,1,False,False
8338eefffffffff,-14.91575476851954,12.914048874379167,1,False,False
8338f0fffffffff,-13.587076683123458,9.114226005592752,1,False,False
8338f1fffffffff,-14.195402423922848,10.01534117256341,1,False,False
8338f2fffffffff,-14.071346660089056,8.093428481727374,1,False,False
8338f3fffffffff,-14.684686181137716,8.984679406692972,1,False,False
8338f4fffffffff,-12.496903459893629,9.241704908718194,1,False,False
8338f5fffffffff,-13.095859957851363,10.136658902282836,1,False,False
8338f6fffffffff,-12.983191840890113,8.228909787989396,1,False,False
833900fffffffff,-2.6144814314248994,12.769974198773488,1,False,False
833901fffffffff,-3.2288477293883613,13.665024562729595,1,False,False
833902fffffffff,-3.116344550598226,11.75930206690601,1,False,False
833903fffffffff,-3.7304079638523686,12.66218149734726,1,False,False
833904fffffffff,-1.4923963079216205,12.87816786837736,1,False,False
833905fffffffff,-2.114563335974432,13.774305127401922,1,False,False
833906fffffffff,-1.9926788830418247,11.865922429258754,1,False,False
833908fffffffff,-4.934656798853818,14.440881973151187,1,False,False
833909fffffffff,-5.524038702004211,15.316132454255309,1,False,False
83390cfffffffff,-3.835329087508824,14.55077710431697,1,False,False
83390dfffffffff,-4.433515197467688,15.426959297160844,1,False,False
83390efffffffff,-4.3366523896824525,13.556140504458297,1,False,False
833910fffffffff,-2.998578259208013,9.824466757523844,1,False,False
833911fffffffff,-3.619613546695222,10.742863038058992,1,False,False
833915fffffffff,-2.4949213997240287,10.847822995090732,1,False,False
83391afffffffff,-3.878039786310333,10.111022063643798,1,False,False
833920fffffffff,0.1301991921523703,13.994061255702988,1,False,False
833921fffffffff,-0.4998151338550347,14.882816911506108,1,False,False
833922fffffffff,-0.3649807793047667,12.986763971699846,1,False,False
833923fffffffff,-0.9946041354806155,13.883983568830413,1,False,False
833924fffffffff,1.258993655420303,14.104539554900937,1,False,False
833925fffffffff,0.6218437696556122,14.99428589203181,1,False,False
833928fffffffff,-2.2320447666077814,15.649772593312557,1,False,False
833929fffffffff,-2.838969860581793,16.517825043872694,1,False,False
83392afffffffff,-2.7292211077122843,14.661063788374657,1,False,False
83392bfffffffff,-3.3359316958812606,15.538172283771964,1,False,False
83392cfffffffff,-1.122638616585121,15.761761401478749,1,False,False
83392dfffffffff,-1.7378170950118843,16.63064956284167,1,False,False
83392efffffffff,-1.6171138639955702,14.771743300066804,1,False,False
833931fffffffff,-0.8631960206136619,11.972947694557456,1,False,False
833933fffffffff,-1.3639266208433742,10.953189577956858,1,False,False
833944fffffffff,-5.640157319076986,18.9983765898174,1,False,False
833945fffffffff,-6.1531523961286245,19.92978811440785,1,False,False
833960fffffffff,-3.8714884236507854,22.25581921517673,1,False,False
833961fffffffff,-3.388173106659804,23.1904059079392,1,False,False
833962fffffffff,-4.608016973368085,19.06001296037792,1,False,False
833963fffffffff,-5.12667631743374,19.965984647635388,1,False,False
833964fffffffff,-3.173014596830256,21.433866612956727,1,False,False
833965fffffffff,-2.7989290029311165,22.372604296628616,1,False,False
833966fffffffff,-4.226734252697972,21.309251895798926,1,False,False
833968fffffffff,-3.4947224123777256,24.97438773344093,1,False,False
833969fffffffff,-2.9989420210323186,25.93541379007348,1,False,False
83396cfffffffff,-2.899178736541047,24.1332645723092,1,False,False
83396efffffffff,-3.985126891254173,24.0209041538502,1,False,False
833970fffffffff,-4.523952006386527,17.262472026495526,1,False,False
833971fffffffff,-5.104578132951088,18.10923873151255,1,False,False
833972fffffffff,-5.023034319281074,16.29332236469583,1,False,False
833974fffffffff,-3.4375006427227315,17.37567812364476,1,False,False
833975fffffffff,-4.027287025875474,18.22313278368973,1,False,False
833976fffffffff,-3.934295640117119,16.405383004466692,1,False,False
833980fffffffff,-4.1780747700847325,5.187895736604543,1,False,False
833981fffffffff,-4.787490190458652,6.12564675038072,1,False,False
833982fffffffff,-4.681773103911369,4.155179060701544,1,False,False
833983fffffffff,-5.290362151018245,5.097028459348604,1,False,False
833984fffffffff,-3.056388900477069,5.279269487792439,1,False,False
833985fffffffff,-3.673025662092461,6.219285097900802,1,False,False
833986fffffffff,-3.562388622344048,4.243705250648536,1,False,False
833988fffffffff,-6.486959152898385,6.961226410720468,1,False,False
833989fffffffff,-7.074003914731921,7.882736706224256,1,False,False
83398afffffffff,-6.986633880329956,5.939903227753475,1,False,False
83398bfffffffff,-7.573167593336965,6.866439392943215,1,False,False
83398cfffffffff,-5.390109178371156,7.056526910855183,1,False,False
83398dfffffffff,-5.985440553356461,7.980125630771212,1,False,False
83398efffffffff,-5.892257221094567,6.032520695201678,1,False,False
833990fffffffff,-4.569722334251031,2.171095559418018,1,False,False
833991fffffffff,-5.183554070707367,3.1218043754431832,1,False,False
833992fffffffff,-5.069924972805244,1.1354052687011231,1,False,False
833993fffffffff,-5.682858189017028,2.0884435493934865,1,False,False
833995fffffffff,-4.067022993156829,3.207421441459265,1,False,False
833996fffffffff,-3.9504130770939785,1.2155042330349786,1,False,False
833998fffffffff,-6.890382095881951,3.9796106235202378,1,False,False
833999fffffffff,-7.483912743891519,4.916798373835379,1,False,False
83399afffffffff,-7.385258018032612,2.9520195024686315,1,False,False
83399bfffffffff,-7.978251244805585,3.892560922837308,1,False,False
83399cfffffffff,-5.791337549876293,4.067148765990939,1,False,False
83399dfffffffff,-6.392533079771981,5.006663909992478,1,False,False
83399efffffffff,-6.2898592382048655,3.036671637572688,1,False,False
8339a3fffffffff,-2.5495982931779246,6.3134394722962375,1,False,False
8339a8fffffffff,-3.7783131199580766,8.176470137137152,1,False,False
8339a9fffffffff,-4.382438711846504,9.096409177490298,1,False,False
8339aafffffffff,-4.283285036601623,7.152344545527518,1,False,False
8339abfffffffff,-4.886648941133741,8.078035569151385,1,False,False
8339adfffffffff,-3.273140759433652,9.197381645025798,1,False,False
8339aefffffffff,-3.1671962930957966,7.24868299509086,1,False,False
833c00fffffffff,-58.79836457977129,78.35938718165136,1,False,False
833c01fffffffff,-58.8929742586248,80.48303507796454,1,False,False
833c02fffffffff,-59.62831321230288,77.04476219293093,1,False,False
833c03fffffffff,-59.74570516774925,79.22708887350956,1,False,False
833c04fffffffff,-57.845511180793615,77.53793522808168,1,False,False
833c05fffffffff,-54.41170299779404,77.72768518113176,1,False,False
833c06fffffffff,-58.66908720394584,76.24939338047956,1,False,False
833c08fffffffff,-59.87112822307974,83.63928474960932,1,False,False
833c09fffffffff,-59.87827136180982,85.85629205480743,1,False,False
833c0afffffffff,-60.7647251410242,82.43843165461922,1,False,False
833c0bfffffffff,-60.79191275116683,84.7290676211255,1,False,False
833c0cfffffffff,-55.452451974944815,80.41689689163398,1,False,False
833c0dfffffffff,-55.513619351057606,82.36573449284997,1,False,False
833c0efffffffff,-59.82683180735331,81.42737255658078,1,False,False
833c10fffffffff,-61.11651299131517,70.90254584958208,1,False,False
833c11fffffffff,-61.3363072258889,73.15963278340028,1,False,False
833c12fffffffff,-61.87500594133922,69.26466982033733,1,False,False
833c13fffffffff,-62.124211136286654,71.5730902941296,1,False,False
833c14fffffffff,-60.118593270819176,70.28126977264162,1,False,False
833c15fffffffff,-60.34594017176962,72.44957866880107,1,False,False
833c16fffffffff,-60.8607966031137,68.68835852188784,1,False,False
833c18fffffffff,-62.50619006941066,76.31589626773584,1,False,False
833c19fffffffff,-62.636266665778464,78.73583780821681,1,False,False
833c1afffffffff,-63.341234620338014,74.75464251936637,1,False,False
833c1bfffffffff,-63.49931351221029,77.24803886526763,1,False,False
833c1cfffffffff,-61.51873241893197,75.45368741543867,1,False,False
833c1dfffffffff,-60.6987010208874,80.15705268554349,1,False,False
833c1efffffffff,-62.335097950045046,73.92578353317178,1,False,False
833c20fffffffff,-52.4652913374664,76.31109090466522,1,False,False
833c21fffffffff,-52.59777371303431,78.13875548161916,1,False,False
833c22fffffffff,-56.875640147277736,76.74946877217656,1,False,False
833c23fffffffff,-53.44650149761903,77.00746294107753,1,False,False
833c24fffffffff,-51.468732044073846,75.63759951137544,1,False,False
833c25fffffffff,-51.61381480863185,77.43415851094848,1,False,False
833c26fffffffff,-52.30442093104763,74.49137399567687,1,False,False
833c28fffffffff,-53.6559066106477,80.72893304396403,1,False,False
833c29fffffffff,-53.71679591814409,82.590048491296,1,False,False
833c2afffffffff,-54.5173190236202,79.61911657515599,1,False,False
833c2bfffffffff,-54.59305494065805,81.51187713720272,1,False,False
833c2cfffffffff,-52.70169067853479,79.97068363910356,1,False,False
833c2dfffffffff,-51.90167540336344,83.44935416387005,1,False,False
833c2efffffffff,-53.56582295925806,78.86676178303247,1,False,False
833c30fffffffff,-58.36796927082991,71.08950397164654,1,False,False
833c31fffffffff,-57.70137502785227,75.47367048827331,1,False,False
833c32fffffffff,-59.12537166471102,69.65546198319643,1,False,False
833c33fffffffff,-59.36267372278378,71.76789078987616,1,False,False
833c34fffffffff,-56.52646069398386,72.7263735807078,1,False,False
833c35fffffffff,-56.71735432492717,74.72973556444194,1,False,False
833c36fffffffff,-58.118414447427696,69.0291903428407,1,False,False
833c40fffffffff,-55.448005018863086,90.16832058555136,1,False,False
833c41fffffffff,-54.05248411877802,93.7555599227774,1,False,False
833c42fffffffff,-56.38143710798778,89.32621750457972,1,False,False
833c43fffffffff,-56.29927054178398,91.31923326247416,1,False,False
833c44fffffffff,-54.595355491246565,89.07746416450034,1,False,False
833c45fffffffff,-53.265369740787726,92.55987764292196,1,False,False
833c46fffffffff,-55.51080641413746,88.22563585980957,1,False,False
833c4efffffffff,-54.8349986158031,95.009757864021,1,False,False
833c50fffffffff,-60.72917813657159,89.30892430881183,1,False,False
833c51fffffffff,-60.63964419810872,91.5835975114823,1,False,False
833c52fffffffff,-61.68064000077276,88.26774008236167,1,False,False
833c53fffffffff,-61.60705443109288,90.62927019280804,1,False,False
833c54fffffffff,-59.84818718105049,88.07177027399058,1,False,False
833c55fffffffff,-56.43159548091539,87.32175158968325,1,False,False
833c56fffffffff,-60.78004479580897,87.02167342794058,1,False,False
833c58fffffffff,-62.525386204984194,93.4006217537286,1,False,False
833c59fffffffff,-57.99110624183288,93.81782503671978,1,False,False
833c5cfffffffff,-60.51204116321846,93.83870710589667,1,False,False
833c5dfffffffff,-57.14755029630969,92.53429234138032,1,False,False
833c5efffffffff,-62.64980783997436,90.98359229198262,1,False,False
833c62fffffffff,-52.58633677897341,89.72248376554265,1,False,False
833c6afffffffff,-22.526045607767497,142.00692983853364,1,False,False
833c70fffffffff,-54.65551445490216,85.2849217555513,1,False,False
833c71fffffffff,-54.64022670459655,87.1839909776596,1,False,False
833c72fffffffff,-55.54377460929003,84.31982682614202,1,False,False
833c73fffffffff,-55.54281269879359,86.27464144577598,1,False,False
833c74fffffffff,-53.748690180961866,84.44619322022979,1,False,False
833c75fffffffff,-52.686112504334126,87.94144008112106,1,False,False
833c76fffffffff,-54.63902772239408,83.40184176228323,1,False,False
833c80fffffffff,-65.12045884921471,64.18438738073772,1,False,False
833c81fffffffff,-65.46577799331524,66.75196866048093,1,False,False
833c82fffffffff,-65.81554146812374,62.046607456625466,1,False,False
833c83fffffffff,-66.19966735639078,64.6570264958699,1,False,False
833c84fffffffff,-64.05169688554801,63.75324920187959,1,False,False
833c85fffffffff,-64.40054568345212,66.20017288986605,1,False,False
833c86fffffffff,-64.73463244891188,61.70017684198847,1,False,False
833c88fffffffff,-66.83421142937303,70.13946147883436,1,False,False
833c8cfffffffff,-65.76783458323855,69.39638174828532,1,False,False
833c8dfffffffff,-66.02409860173901,72.10938934003927,1,False,False
833c8efffffffff,-66.54020466559626,67.35726601549605,1,False,False
833c90fffffffff,-66.0172766215608,57.24511534342697,1,False,False
833c91fffffffff,-66.48225340481616,59.78192623909745,1,False,False
833c92fffffffff,-66.61004932442683,54.83780950658879,1,False,False
833c93fffffffff,-67.11688003525653,57.38642508830744,1,False,False
833c94fffffffff,-64.9291805881659,57.11681008835633,1,False,False
833c95fffffffff,-65.39096199454426,59.53187617950061,1,False,False
833c96fffffffff,-65.5158215060752,54.81993232974833,1,False,False
833c9cfffffffff,-66.9071611015542,62.42762634018144,1,False,False
833c9dfffffffff,-67.28847247618877,65.1773870638022,1,False,False
833ca0fffffffff,-62.30119829630617,65.23133478214702,1,False,False
833ca1fffffffff,-62.6188818606534,67.53063146691674,1,False,False
833ca2fffffffff,-62.99414468960546,63.35841875467463,1,False,False
833ca3fffffffff,-63.345415973456255,65.69517558451551,1,False,False
833ca4fffffffff,-61.2686127281939,64.80387021285263,1,False,False
833ca5fffffffff,-61.58917956483475,67.0065482555405,1,False,False
833ca6fffffffff,-61.94848605183505,62.99552813961465,1,False,False
833ca8fffffffff,-63.93306705251784,70.56566458843788,1,False,False
833ca9fffffffff,-64.16511898083186,73.08650387446788,1,False,False
833caafffffffff,-64.70911740784565,68.71914488929204,1,False,False
833cabfffffffff,-64.97501628246506,71.30325237734549,1,False,False
833cacfffffffff,-62.89939359801858,69.88845515323708,1,False,False
833cadfffffffff,-63.14076267696726,72.29879806492086,1,False,False
833caefffffffff,-63.65914562100025,68.09953733051407,1,False,False
833cb0fffffffff,-63.24362387568394,59.09605979515193,1,False,False
833cb1fffffffff,-63.66515288538304,61.38385140951658,1,False,False
833cb2fffffffff,-63.85320054638687,56.99979424874137,1,False,False
833cb3fffffffff,-64.3112111744855,59.30421096001652,1,False,False
833cb4fffffffff,-62.18876594640872,58.90502170930551,1,False,False
833cb5fffffffff,-62.60775267877917,61.09388731996524,1,False,False
833cb6fffffffff,-62.7898944277971,56.89264146213578,1,False,False
833ccafffffffff,-47.17238250787391,118.52935058486884,1,False,False
833cd9fffffffff,-46.84896986450075,120.1253724330152,1,False,False
833cdbfffffffff,-46.50101330745668,121.7132222438701,1,False,False
833cddfffffffff,-47.96561135862674,119.77237159811716,1,False,False
833ce0fffffffff,-63.68382488120945,82.31180210451394,1,False,False
833ce1fffffffff,-63.70887068101707,84.86290859964129,1,False,False
833ce3fffffffff,-64.64331969942265,83.53808030168045,1,False,False
833ce4fffffffff,-62.72439251016683,81.17740395965401,1,False,False
833ce5fffffffff,-61.713426048954005,85.89623495987455,1,False,False
833ce6fffffffff,-63.61380027055584,79.77022746090839,1,False,False
833cecfffffffff,-63.68878916675407,87.41346870378445,1,False,False
833cedfffffffff,-63.62380436378671,89.95341708488125,1,False,False
833ceefffffffff,-64.64559295651219,86.19113240805366,1,False,False
833cf0fffffffff,-65.37049780822649,76.63223248097832,1,False,False
833cf4fffffffff,-64.35349596156122,75.65384343311979,1,False,False
833cf5fffffffff,-64.4966960448023,78.2584241234917,1,False,False
833cf6fffffffff,-65.19609198941978,73.94416721557477,1,False,False
833d00fffffffff,-48.18955165355201,72.0501156781238,1,False,False
833d01fffffffff,-47.88072728969509,75.05958191307371,1,False,False
833d02fffffffff,-52.63306410822332,72.03971129427107,1,False,False
833d03fffffffff,-49.23781577363873,72.63029325851058,1,False,False
833d05fffffffff,-46.85882398114406,74.37246621474893,1,False,False
833d06fffffffff,-51.57894294641536,71.43138357981319,1,False,False
833d08fffffffff,-48.98083743581101,77.49710840033032,1,False,False
833d09fffffffff,-49.04617401273133,79.22832587209841,1,False,False
833d0afffffffff,-50.45752287473775,74.98605654394348,1,False,False
833d0bfffffffff,-49.96309443839269,78.2544008795668,1,False,False
833d0cfffffffff,-47.98397821841076,76.7620622742264,1,False,False
833d0dfffffffff,-48.061875433388096,78.46779794298303,1,False,False
833d0efffffffff,-48.88946857326665,75.76790560633447,1,False,False
833d10fffffffff,-53.95372110266415,66.78689507372715,1,False,False
833d11fffffffff,-53.44879506298301,70.79783480562718,1,False,False
833d12fffffffff,-54.702760481902,65.42584885382624,1,False,False
833d13fffffffff,-54.24337002633458,69.52058674579749,1,False,False
833d14fffffffff,-52.882100141391625,66.2843911657111,1,False,False
833d15fffffffff,-52.3968206611599,70.2054571796363,1,False,False
833d16fffffffff,-53.634348444171664,64.94585301543972,1,False,False
833d18fffffffff,-54.7032981887955,73.33061070323078,1,False,False
833d19fffffffff,-51.29602095764049,73.85003953164258,1,False,False
833d1afffffffff,-55.51441794951825,72.05687270336635,1,False,False
833d1bfffffffff,-55.71774478105866,74.01590995976235,1,False,False
833d1cfffffffff,-53.67479894769396,72.67234611478752,1,False,False
833d1dfffffffff,-50.27356873890158,73.22998033040237,1,False,False
833d1efffffffff,-54.4882671625575,71.41451504885406,1,False,False
833d21fffffffff,-44.91422829786642,74.68313648565996,1,False,False
833d23fffffffff,-45.82463635993358,73.70580908765831,1,False,False
833d25fffffffff,-43.867584160510965,74.0298933742483,1,False,False
833d28fffffffff,-46.051030075111775,77.01117033121041,1,False,False
833d2afffffffff,-46.97334200243103,76.04852799542523,1,False,False
833d2bfffffffff,-47.06321201226661,77.72897291986686,1,False,False
833d2cfffffffff,-45.02621394547506,76.31372145812975,1,False,False
833d2dfffffffff,34.23522454742501,79.7823705135467,1,False,False
833d2efffffffff,-45.94979214413648,75.35578670416724,1,False,False
833d30fffffffff,-50.2587981604168,69.08853230154861,1,False,False
833d31fffffffff,-50.51331606300905,70.84611804660679,1,False,False
833d32fffffffff,-51.79992077042482,65.80244190847311,1,False,False
833d33fffffffff,-51.33319462207685,69.6360927924009,1,False,False
833d34fffffffff,-49.17454146289639,68.56164126896378,1,False,False
833d35fffffffff,-49.43709400781283,70.2827430989928,1,False,False
833d36fffffffff,-50.70804766214197,65.33987561425027,1,False,False
833d52fffffffff,-50.96849113847298,80.81725989273882,1,False,False
833d53fffffffff,-50.97986155511908,82.5955525258484,1,False,False
833d56fffffffff,-50.01530112409217,80.01124712435201,1,False,False
833d5afffffffff,-51.871020367197495,85.24207924283556,1,False,False
833d5efffffffff,-50.964354083582826,84.3661743097188,1,False,False
833d64fffffffff,37.97997258721031,82.04612955645264,1,False,False
833d65fffffffff,38.84655741071086,82.9979827875092,1,False,False
833d74fffffffff,34.93225955929038,82.02766994453089,1,False,False
833d80fffffffff,-57.84864247582394,61.553780812190986,1,False,False
833d81fffffffff,-58.21446340470279,63.51860344349248,1,False,False
833d82fffffffff,-58.49289843317545,60.023955639701526,1,False,False
833d83fffffffff,-58.88046066310604,61.99426976164664,1,False,False
833d84fffffffff,-56.80458350767006,61.1336257370026,1,False,False
833d85fffffffff,-57.17786723529439,63.04804480603213,1,False,False
833d86fffffffff,-57.45415338096621,59.63499214694515,1,False,False
833d88fffffffff,-59.56439199312812,66.0734882749261,1,False,False
833d89fffffffff,-59.85755293830398,68.15440471587702,1,False,False
833d8afffffffff,-60.24829767369563,64.40870665399109,1,False,False
833d8bfffffffff,-60.57079411817615,66.52226948720546,1,False,False
833d8cfffffffff,-58.55009856550737,65.52635603454104,1,False,False
833d8dfffffffff,-58.854151791149306,67.57337729753476,1,False,False
833d8efffffffff,-59.23813410735827,64.01193036139495,1,False,False
833d90fffffffff,-58.6728171685796,56.54132790791781,1,False,False
833d91fffffffff,-59.10540535888472,58.41582864097966,1,False,False
833d92fffffffff,-59.21857646594086,54.74028016430425,1,False,False
833d93fffffffff,-59.680846565939554,56.61929625067728,1,False,False
833d94fffffffff,-57.63473413313556,56.23614565314665,1,False,False
833d95fffffffff,-58.07708305867083,58.103830836927344,1,False,False
833d96fffffffff,-58.20972853053761,54.6793825033533,1,False,False
833d98fffffffff,-60.531467846431326,60.58092282921548,1,False,False
833d99fffffffff,-60.91533121721981,62.6608782552047,1,False,False
833d9afffffffff,-61.14714781552538,58.72907338252794,1,False,False
833d9bfffffffff,-61.56301665308869,60.827134274923225,1,False,False
833d9cfffffffff,-59.51357044624123,60.35297634362853,1,False,False
833d9dfffffffff,-59.895221816852825,62.35131635650912,1,False,False
833d9efffffffff,-60.11922611847972,58.56649783189881,1,False,False
833da0fffffffff,-55.06858451490682,62.16942746470275,1,False,False
833da1fffffffff,-55.42813991985997,64.02969294342356,1,False,False
833da2fffffffff,-55.7489443138032,60.73247053688962,1,False,False
833da3fffffffff,-56.12900862908755,62.59877308617661,1,False,False
833da4fffffffff,-53.99732546108506,61.75875622325938,1,False,False
833da5fffffffff,-54.36345922624346,63.57407272628768,1,False,False
833da6fffffffff,-54.682419657149495,60.34909170945954,1,False,False
833da8fffffffff,-56.80439447819568,66.45119033205036,1,False,False
833da9fffffffff,-57.09704975286003,68.43084067087779,1,False,False
833daafffffffff,-57.52217578509408,65.00440340485737,1,False,False
833dabfffffffff,-57.83611294109976,66.99939063497372,1,False,False
833dacfffffffff,-55.75969857236618,65.92717081700015,1,False,False
833dadfffffffff,-56.06198228219284,67.85870855543757,1,False,False
833daefffffffff,-56.48128974578661,64.5060122426586,1,False,False
833db0fffffffff,-55.97720237453178,57.44128577368327,1,False,False
833db1fffffffff,-56.40383067068774,59.26394338007618,1,False,False
833db2fffffffff,-56.58570668559774,55.94517073029073,1,False,False
833db3fffffffff,-57.03261150107501,57.76478603788491,1,False,False
833db4fffffffff,-54.91151361153261,57.13230425150423,1,False,False
833db5fffffffff,-55.34258913749643,58.90962861720008,1,False,False
833db6fffffffff,-55.52635801929667,55.6674476185585,1,False,False
833e02fffffffff,-25.17961642970557,23.3487591457952,1,False,False
833e03fffffffff,-25.82171496628991,24.447547952756096,1,False,False
833e0afffffffff,-27.633740351838927,25.506063926439616,1,False,False
833e0bfffffffff,-28.256408934294203,26.637732950696623,1,False,False
833e0efffffffff,-26.455194508808063,25.55776556128524,1,False,False
833e11fffffffff,-25.7081798145678,22.179799970195862,1,False,False
833e13fffffffff,-26.226466558954645,21.002514132834413,1,False,False
833e18fffffffff,-27.53638107185352,23.20272038591376,1,False,False
833e19fffffffff,-28.178080354917626,24.32205133221205,1,False,False
833e1afffffffff,-28.060863905391155,22.010598469610898,1,False,False
833e1bfffffffff,-28.71146084950824,23.12756734660601,1,False,False
833e1cfffffffff,-26.358767941545192,23.27643747619461,1,False,False
833e1dfffffffff,-27.00091187356454,24.385403912773985,1,False,False
833e1efffffffff,-26.88554453107681,22.096008234906176,1,False,False
833e40fffffffff,-28.865401320184603,32.40352647490777,1,False,False
833e41fffffffff,-29.42173133951492,33.56117634846735,1,False,False
833e42fffffffff,-29.464836567013386,31.25537520482128,1,False,False
833e43fffffffff,-30.030034878456007,32.41862410304947,1,False,False
833e44fffffffff,-27.697365181448266,32.38872083605256,1,False,False
833e45fffffffff,-28.25813823352961,33.53512053830549,1,False,False
833e49fffffffff,-32.69732385677031,33.49308083677251,1,False,False
833e4afffffffff,-31.736433998715043,33.614847358205395,1,False,False
833e4dfffffffff,-31.55777171455384,33.66586808048724,1,False,False
833e4efffffffff,-30.58147208991656,33.58774682535359,1,False,False
833e50fffffffff,-29.46805451655423,28.93112247436741,1,False,False
833e51fffffffff,-30.055523376572,30.09124258703818,1,False,False
833e52fffffffff,-30.03979521118074,27.7489871743836,1,False,False
833e53fffffffff,-30.63655664503547,28.911773339940154,1,False,False
833e56fffffffff,-28.868105339198,27.779678590063074,1,False,False
833e58fffffffff,-31.789976788056983,31.263053201511173,1,False,False
833e59fffffffff,-32.34534426739221,32.44973056417625,1,False,False
833e5afffffffff,-32.379500740222056,30.075449207424587,1,False,False
833e5bfffffffff,-32.94437698608855,31.26700894033668,1,False,False
833e5cfffffffff,-30.62982511062845,31.25917606286881,1,False,False
833e5dfffffffff,-31.190323047771127,32.43402244203647,1,False,False
833e5efffffffff,-31.220174507903973,30.083424879923,1,False,False
833e63fffffffff,-27.09163808962021,33.50956459523127,1,False,False
833e68fffffffff,-29.2649270773324,34.0010732577583,1,False,False
833e69fffffffff,-29.94497028483377,35.049537163002725,1,False,False
833e6afffffffff,-28.40063218907357,34.72172637721599,1,False,False
833e6bfffffffff,-30.4133337672122,33.83516494254899,1,False,False
833e6cfffffffff,-26.676724105365373,35.89463241716141,1,False,False
833e6dfffffffff,-28.79743473881261,35.20215455562944,1,False,False
833e6efffffffff,-27.23886636482225,34.76252487018488,1,False,False
833e82fffffffff,-28.64155935409852,15.02439870688351,1,False,False
833e90fffffffff,-28.37181046624976,12.782349592829862,1,False,False
833e91fffffffff,-29.08551732023057,13.817497645777664,1,False,False
833e92fffffffff,-28.79451242756834,11.584915422681664,1,False,False
833e93fffffffff,-29.51543080567749,12.609288250235826,1,False,False
833e94fffffffff,-27.224223493901444,12.95226865999418,1,False,False
833e95fffffffff,-27.93530695142496,13.979401784757158,1,False,False
833e96fffffffff,-27.65364745292408,11.765668487500916,1,False,False
833e98fffffffff,-30.941056493124144,14.714532393855968,1,False,False
833e99fffffffff,-31.64373866811127,15.794979153468605,1,False,False
833e9afffffffff,-31.371689413465123,13.484490300578049,1,False,False
833e9bfffffffff,-32.082513702778094,14.555135160490764,1,False,False
833e9cfffffffff,-29.793769228422192,14.870926301402156,1,False,False
833e9dfffffffff,-30.495561700216896,15.94239316976032,1,False,False
833e9efffffffff,-30.231282466704844,13.652554996015718,1,False,False
833eadfffffffff,-27.401337290728705,20.907161848212308,1,False,False
833eb2fffffffff,-26.073604484017725,13.119127354083464,1,False,False
833eb3fffffffff,-26.781584910603467,14.138348092483334,1,False,False
833eb6fffffffff,-24.92090181011272,13.283004861324285,1,False,False
833ec1fffffffff,-33.46939228503574,25.23174797312261,1,False,False
833ec5fffffffff,-32.313044289753165,25.28882485057442,1,False,False
833ec8fffffffff,-35.22342472683558,26.37380395801694,1,False,False
833ec9fffffffff,-35.81340673298498,27.58592770071512,1,False,False
833ecafffffffff,-35.75961989216704,25.11403272387843,1,False,False
833ecbfffffffff,-36.36006999023351,26.32659078651381,1,False,False
833eccfffffffff,-34.07833005691512,26.42004853125156,1,False,False
833ecdfffffffff,-34.672981856025416,27.619885916672107,1,False,False
833ecefffffffff,-34.61853467695779,25.17349610941008,1,False,False
833ed8fffffffff,-35.65519389682331,22.64401613129799,1,False,False
833ed9fffffffff,-36.28081572669362,23.84158254279676,1,False,False
833edafffffffff,-36.15027799946767,21.36324245714924,1,False,False
833edbfffffffff,-36.7863142098377,22.55753412432566,1,False,False
833edcfffffffff,-34.515179903705615,22.72872977170167,1,False,False
833eddfffffffff,-35.144393614879206,23.91447031740692,1,False,False
833ee0fffffffff,-29.982304404878843,25.39959261067298,1,False,False
833ee1fffffffff,-30.600844541041457,26.553259280565936,1,False,False
833ee2fffffffff,-30.5223891517784,24.191577391923577,1,False,False
833ee3fffffffff,-31.15037632157453,25.344761827474883,1,False,False
833ee4fffffffff,-28.809770937304904,25.453349595028307,1,False,False
833ee5fffffffff,-29.43061130917422,26.59591241354567,1,False,False
833ee6fffffffff,-29.352230928059445,24.25745476995721,1,False,False
833ee8fffffffff,-32.36893972567216,27.685742066742293,1,False,False
833ee9fffffffff,-32.957983972955795,28.871895125233863,1,False,False
833eeafffffffff,-32.92561798370669,26.465353951938955,1,False,False
833eebfffffffff,-33.52454343248774,27.65315036405764,1,False,False
833eecfffffffff,-31.207052866852592,27.717681208473525,1,False,False
833eedfffffffff,-31.800174114003607,28.89203484594576,1,False,False
833eeefffffffff,-31.76615618364908,26.509748486534736,1,False,False
833ef4fffffffff,-29.23314972758693,21.92352374165136,1,False,False
833ef5fffffffff,-29.88302488623648,23.05093625525748,1,False,False
833f00fffffffff,-16.434857112340342,24.905034366260505,1,False,False
833f01fffffffff,-17.055934723244864,25.93816546512197,1,False,False
833f04fffffffff,-15.281937271539396,24.957696060581053,1,False,False
833f05fffffffff,-15.899355111610964,25.98193005317268,1,False,False
833f06fffffffff,-15.810586740632418,23.881495080746127,1,False,False
833f08fffffffff,-18.838459234166105,26.945033086173776,1,False,False
833f0cfffffffff,-17.6730355470116,26.98034292478604,1,False,False
833f0efffffffff,-18.218800758096087,25.89361256635082,1,False,False
833f21fffffffff,-14.215306322055696,27.082568751359485,1,False,False
833f25fffffffff,-13.344780488931146,24.796941168505985,1,False,False
833f2afffffffff,-16.513441044538663,27.0150245152676,1,False,False
833f2efffffffff,-15.360575466632897,27.04909445211923,1,False,False
833f30fffffffff,-14.040176187365756,22.937905654347976,1,False,False
833f31fffffffff,-14.6619558194996,23.94285489720705,1,False,False
833f6dfffffffff,-20.399164035460927,37.14937715161847,1,False,False
834008fffffffff,0.0209566348205448,151.94767520487105,1,False,False
834009fffffffff,-0.6320767647914257,151.0760630424373,1,False,False
83400afffffffff,1.05083027686633,151.78005124184753,1,False,False
83400bfffffffff,0.4063742193205298,150.91332951714094,1,False,False
83400dfffffffff,-1.022203065524794,152.11745983333356,1,False,False
834018fffffffff,2.696445330916444,152.46922857992385,1,False,False
834019fffffffff,2.066991623527187,151.61454977575835,1,False,False
83401afffffffff,3.689367738561391,152.30115785630275,1,False,False
83401bfffffffff,3.0690615231865537,151.45113345689336,1,False,False
83401dfffffffff,1.6893200882195132,152.63941984334025,1,False,False
834041fffffffff,-47.64002538846051,98.65524423831891,1,False,False
834044fffffffff,-4.09933174642177,149.6226092329815,1,False,False
834046fffffffff,-3.020011440509128,149.46604172453002,1,False,False
834054fffffffff,-1.290195740612864,150.19724247683604,1,False,False
834055fffffffff,-1.952814711442162,149.31154220477325,1,False,False
834056fffffffff,-0.2435185124756793,150.03956151080266,1,False,False
834059fffffffff,-58.82805749346687,95.17438416288198,1,False,False
83406afffffffff,-47.49692445896772,100.27512245293076,1,False,False
834070fffffffff,-2.747792970759983,151.40793251513307,1,False,False
834071fffffffff,-3.4217247903553805,150.5188754898778,1,False,False
834072fffffffff,-1.6836319899834469,151.2409177215265,1,False,False
834073fffffffff,-2.3497721775179325,150.3570008721485,1,False,False
834075fffffffff,-3.8240131056105993,151.5771472648439,1,False,False
834080fffffffff,18.95360478036919,86.33263612336823,1,False,False
834082fffffffff,18.99402402387556,87.31439591919852,1,False,False
834083fffffffff,19.874440781215483,86.83830408182816,1,False,False
834086fffffffff,18.07777834744396,86.81286363326164,1,False,False
83408afffffffff,21.681894074632304,86.86448636114858,1,False,False
83408bfffffffff,22.58271029304621,86.37068663220693,1,False,False
83408efffffffff,20.763579377012928,86.3513848177161,1,False,False
834090fffffffff,18.162346000087496,88.73128903128053,1,False,False
834091fffffffff,19.02871978247436,88.28024987456715,1,False,False
834092fffffffff,18.19666119119268,89.66673920802319,1,False,False
834093fffffffff,19.057932620756542,89.230045885605,1,False,False
834094fffffffff,17.261173368591265,88.23526434494235,1,False,False
834095fffffffff,18.12279307586532,87.7799539077382,1,False,False
834096fffffffff,17.305683197323347,89.17236613733303,1,False,False
834098fffffffff,20.808300807482464,88.32652003315168,1,False,False
834099fffffffff,21.696527213668773,87.85910370184457,1,False,False
83409afffffffff,20.821899485273423,89.28935686823017,1,False,False
83409bfffffffff,21.705130460499426,88.83700678538715,1,False,False
83409cfffffffff,19.904402044285604,87.81896515132956,1,False,False
83409dfffffffff,20.78895275551904,87.34714363478335,1,False,False
83409efffffffff,19.92861807868405,88.783402104867,1,False,False
8340a6fffffffff,6.678249405959276,156.43646248267714,1,False,False
8340a9fffffffff,4.667776942393466,152.13517112486153,1,False,False
8340b0fffffffff,16.29530655246575,86.78813393768606,1,False,False
8340b1fffffffff,17.156296356291172,86.31441711322914,1,False,False
8340b2fffffffff,16.35501905394686,87.74202317215098,1,False,False
8340b3fffffffff,17.211446485321865,87.28256558469884,1,False,False
8340b4fffffffff,8.170084459654987,157.04858054085312,1,False,False
8340b6fffffffff,15.444503714214866,87.25161463391136,1,False,False
8340d0fffffffff,24.405716634739413,85.34839459271178,1,False,False
8340d2fffffffff,24.40737848354927,86.39056640577904,1,False,False
8340d3fffffffff,25.324506567804264,85.87788920570124,1,False,False
8340d6fffffffff,23.4908480218794,85.86543005063905,1,False,False
8340dafffffffff,27.040533129742485,86.00167183063554,1,False,False
8340defffffffff,26.24736079924638,85.35307487542043,1,False,False
8340e4fffffffff,1.4312705149532596,150.75267904416768,1,False,False
8340e5fffffffff,0.7897847458503422,149.88392005737495,1,False,False
8340e6fffffffff,2.442209286773309,150.5940743602157,1,False,False
8340f4fffffffff,4.056707029853779,151.28976573504426,1,False,False
834103fffffffff,-1.3734261915724633,160.91844214942714,1,False,False
83410efffffffff,-2.0322549761338107,160.09978035575244,1,False,False
834110fffffffff,0.9307193658291644,162.2961831398866,1,False,False
834111fffffffff,0.2988434512994383,161.50207771845052,1,False,False
834112fffffffff,1.9297298925156088,162.07144349081418,1,False,False
834113fffffffff,1.308486091091284,161.2803333377532,1,False,False
834118fffffffff,0.0400017335657591,159.666845887916,1,False,False
83411afffffffff,1.0582769089618478,159.45417225524906,1,False,False
83411cfffffffff,-0.3416354498338574,160.69732578806017,1,False,False
83411dfffffffff,-0.9903443565231472,159.8820356750947,1,False,False
83411efffffffff,0.6784614630379413,160.4787637532312,1,False,False
834168fffffffff,-20.22983491620863,157.90847646078393,1,False,False
834169fffffffff,-21.36126190263246,157.71353161355572,1,False,False
83416bfffffffff,-20.646663762259976,156.7538262285272,1,False,False
83416cfffffffff,-19.80567228633424,159.05642806989167,1,False,False
83416dfffffffff,-20.93656229689492,158.87453765138136,1,False,False
834180fffffffff,5.22053294096355,160.41813091539484,1,False,False
834181fffffffff,4.6329323743917294,159.62931241537078,1,False,False
834182fffffffff,6.165157389596934,160.20859712939674,1,False,False
834183fffffffff,5.588203484924522,159.42296716662622,1,False,False
834184fffffffff,4.851298055301699,161.41212594776025,1,False,False
834185fffffffff,4.262243891233312,160.6300365625711,1,False,False
834186fffffffff,5.798832932150079,161.19720506257187,1,False,False
83418afffffffff,5.369336695187352,157.62636915854142,1,False,False
83418cfffffffff,4.036275926960314,158.83087020104566,1,False,False
83418efffffffff,5.002085134040557,158.62788615522626,1,False,False
834190fffffffff,7.652744088020355,160.77443789240996,1,False,False
834191fffffffff,7.095867915034162,160.00140111542083,1,False,False
834192fffffffff,8.558696499245091,160.5665256646987,1,False,False
834193fffffffff,8.012453745157282,159.79650929612802,1,False,False
834194fffffffff,7.290717082124481,161.75103053793976,1,False,False
834195fffffffff,6.7327251436784445,160.98465344696913,1,False,False
834196fffffffff,8.19999593395781,161.53796086802214,1,False,False
834198fffffffff,6.8916178915101804,158.2288779511051,1,False,False
834199fffffffff,6.317413013998948,157.43153187335344,1,False,False
83419afffffffff,7.814884361463458,158.03278415527885,1,False,False
83419bfffffffff,7.251058390884065,157.2389471885869,1,False,False
83419cfffffffff,6.529536174336752,159.218958275034,1,False,False
83419dfffffffff,5.953948558436632,158.42723377463895,1,False,False
83419efffffffff,7.456701316630614,159.01725136968616,1,False,False
8341a0fffffffff,3.5177428408889986,162.6269480670772,1,False,False
8341a1fffffffff,2.9164171137595685,161.84921075286206,1,False,False
8341a2fffffffff,4.480864165700766,162.40435740741938,1,False,False
8341a3fffffffff,3.890389766064104,161.62944978880816,1,False,False
8341a5fffffffff,2.541884233650598,162.85200188996558,1,False,False
8341a6fffffffff,4.109599015337643,163.3942367731741,1,False,False
8341a8fffffffff,2.681691318699298,160.0491522205856,1,False,False
8341a9fffffffff,2.0640190417796567,159.24397666138034,1,False,False
8341aafffffffff,3.663991708077602,159.8380289414759,1,False,False
8341abfffffffff,3.0568101406770425,159.03622160681124,1,False,False
8341acfffffffff,2.305869501805597,161.06110238431367,1,False,False
8341adfffffffff,1.686383032238073,160.262718289753,1,False,False
8341aefffffffff,3.290579389262171,160.84434867662398,1,False,False
8341b0fffffffff,6.000907724668144,162.94616394842322,1,False,False
8341b1fffffffff,5.430919749183254,162.1841963028395,1,False,False
8341b2fffffffff,6.971208328369562,162.7058728486011,1,False,False
8341b3fffffffff,6.367620779181188,161.9664315878209,1,False,False
8341b5fffffffff,5.0617786037165695,163.16899082617655,1,False,False
8341b6fffffffff,6.781421954974591,163.60956957291194,1,False,False
834205fffffffff,-40.973406912884734,58.366627747710666,1,False,False
834208fffffffff,-49.12590668178595,51.42648876237261,1,False,False
834209fffffffff,-49.620331382569866,52.91686668927808,1,False,False
83420afffffffff,-49.71445351936265,50.10194308081165,1,False,False
83420bfffffffff,-50.22514933144991,51.58152979199831,1,False,False
83420dfffffffff,-48.51468926898798,52.73605505465181,1,False,False
834219fffffffff,-50.28000883803943,48.76359832978999,1,False,False
83421bfffffffff,-50.82232692864702,47.412719668065314,1,False,False
834228fffffffff,-40.99515230651743,60.79401198347242,1,False,False
834229fffffffff,-41.54939564669807,62.05277079644741,1,False,False
83422afffffffff,-41.54781905966905,59.57943038073207,1,False,False
83422bfffffffff,-42.11455071715727,60.82560096262008,1,False,False
83422efffffffff,-40.43271576512945,59.56775394223339,1,False,False
834240fffffffff,-50.32251381039799,58.972164459781126,1,False,False
834241fffffffff,-50.72633040327876,60.62770046238952,1,False,False
834242fffffffff,-51.0027891373353,57.63936039930301,1,False,False
834243fffffffff,-51.42497828451592,59.29481711846892,1,False,False
834244fffffffff,-49.21311493905981,58.662488681139,1,False,False
834245fffffffff,-49.61967494010954,60.281054865140746,1,False,False
834246fffffffff,-49.89799530264641,57.35414650270894,1,False,False
834248fffffffff,-52.20260115284135,62.719960188140696,1,False,False
834249fffffffff,-52.55526307159225,64.4859141040126,1,False,False
83424afffffffff,-52.91599494608551,61.36560650537871,1,False,False
83424bfffffffff,-53.28801361194456,63.1378850701403,1,False,False
83424cfffffffff,-51.108050684338906,62.31921643709399,1,False,False
83424dfffffffff,-51.46633626029972,64.04485644022625,1,False,False
83424efffffffff,-51.82538816763876,60.98891514769463,1,False,False
834250fffffffff,-51.199402085877765,54.67268003850101,1,False,False
834251fffffffff,-51.65985219736845,56.28346242660928,1,False,False
834252fffffffff,-51.81483912332052,53.3015075370496,1,False,False
834253fffffffff,-52.29312931570246,54.90542224755513,1,False,False
834254fffffffff,-50.09896215291226,54.44949356137786,1,False,False
834255fffffffff,-50.56028525335749,56.023905374964976,1,False,False
834256fffffffff,-50.72064877156005,53.10519283066701,1,False,False
834258fffffffff,-53.190155388337935,58.24696335869351,1,False,False
834259fffffffff,-53.60573792559464,59.98236544059385,1,False,False
83425afffffffff,-53.83623720136791,56.836902339762894,1,False,False
83425bfffffffff,-54.27112188409113,58.57096614399968,1,False,False
83425cfffffffff,-52.10044818558355,57.93670800624484,1,False,False
83425dfffffffff,-52.5196601001702,59.631257988664814,1,False,False
83425efffffffff,-52.7520980096029,56.5542187802579,1,False,False
834260fffffffff,-47.387108867870026,59.62817206163735,1,False,False
834261fffffffff,-47.77827965370129,61.21042014415679,1,False,False
834262fffffffff,-48.09765418348776,58.36503938318948,1,False,False
834263fffffffff,-48.506300596988005,59.94813825478677,1,False,False
834268fffffffff,-49.26243247054413,63.21510295336934,1,False,False
834269fffffffff,-49.60737408364008,64.89560284073626,1,False,False
83426afffffffff,-50.00521997731405,61.93465256724487,1,False,False
83426bfffffffff,-50.36842962394312,63.62158994647452,1,False,False
83426cfffffffff,-48.14925934624888,62.82445566367241,1,False,False
83426dfffffffff,-48.49881966187446,64.46860981591409,1,False,False
83426efffffffff,-48.89499348019079,61.56534072684445,1,False,False
834270fffffffff,-48.3424621901296,55.53575790207187,1,False,False
834271fffffffff,-48.78690943359462,57.08035177500062,1,False,False
834272fffffffff,-48.992617093036365,54.23529253263848,1,False,False
834273fffffffff,-49.45420965622085,55.77487687208005,1,False,False
834274fffffffff,-42.09424067403041,63.34407615465111,1,False,False
834275fffffffff,-47.67039712148446,56.817315674602334,1,False,False
834276fffffffff,-47.881197261162136,54.02955067323072,1,False,False
8342c0fffffffff,-54.579649124079246,49.19553930537517,1,False,False
8342c1fffffffff,-55.1103700563132,50.80244814928247,1,False,False
8342c2fffffffff,-55.08815438549703,47.72570448259725,1,False,False
8342c3fffffffff,-55.63603073405125,49.31582210996099,1,False,False
8342c4fffffffff,-53.51517917367666,49.08049612273384,1,False,False
8342c5fffffffff,-54.04567984049808,50.649968584933845,1,False,False
8342c6fffffffff,-54.032402670556856,47.64230971585775,1,False,False
8342c8fffffffff,-56.67759105282362,52.66430285411322,1,False,False
8342c9fffffffff,-57.16763117974561,54.42258453986672,1,False,False
8342cafffffffff,-57.21328243798661,51.129033498027866,1,False,False
8342cbfffffffff,-57.72258929812071,52.87502394316094,1,False,False
8342ccfffffffff,-55.62280705499288,52.4632078560919,1,False,False
8342cdfffffffff,-56.1151808665304,54.17764007080788,1,False,False
8342cefffffffff,-56.16644715568103,50.96197083003212,1,False,False
8342d1fffffffff,-55.57110369479278,46.24218115220648,1,False,False
8342d3fffffffff,-56.02848567197235,44.74679171611496,1,False,False
8342d5fffffffff,-54.52459782455278,46.19113085127965,1,False,False
8342d8fffffffff,-57.17439819499619,47.904239345033886,1,False,False
8342d9fffffffff,-57.71046787651571,49.51268569751391,1,False,False
8342dafffffffff,-57.58488496357964,46.082816626147775,1,False,False
8342dbfffffffff,-58.14744792597303,47.67418491276279,1,False,False
8342dcfffffffff,-56.13568734234221,47.81292470395768,1,False,False
8342ddfffffffff,-56.683692407289655,49.44170969786894,1,False,False
8342defffffffff,-56.60926489728209,46.29558689842821,1,False,False
8342e0fffffffff,-51.89313458626231,50.36435951910773,1,False,False
8342e1fffffffff,-52.40616751240269,51.91154699079056,1,False,False
8342e2fffffffff,-52.4432834933323,48.97035836626077,1,False,False
8342e3fffffffff,-52.97303749932462,50.50407779250615,1,False,False
8342e4fffffffff,-50.80669117545715,50.2304317099317,1,False,False
8342e5fffffffff,-51.31882767540301,51.74307732760222,1,False,False
8342e6fffffffff,-51.36465382013114,48.86481959974604,1,False,False
8342e8fffffffff,-53.98175257780272,53.72020489616906,1,False,False
8342e9fffffffff,-54.45734595461946,55.402103390833865,1,False,False
8342eafffffffff,-54.558863486005336,52.27109870695566,1,False,False
8342ebfffffffff,-55.053001865874414,53.943755260696086,1,False,False
8342ecfffffffff,-52.90212421376752,53.50632520290804,1,False,False
8342edfffffffff,-53.37936188114218,55.14833910739026,1,False,False
8342eefffffffff,-53.48641986512626,52.08739032012601,1,False,False
8342f1fffffffff,-52.96906682233519,47.56249446068767,1,False,False
8342f3fffffffff,-53.47035506370366,46.1422836044959,1,False,False
8342f5fffffffff,-51.898811009807154,47.48603338761428,1,False,False
834306fffffffff,-35.042729703844145,52.29184514848908,1,False,False
834310fffffffff,-37.1266696585719,52.30533978758245,1,False,False
834311fffffffff,-36.67418522830643,53.4412114268105,1,False,False
834312fffffffff,-38.1506165834539,52.31224419149094,1,False,False
834313fffffffff,-37.70781032322705,53.45694318908774,1,False,False
834314fffffffff,-36.53584328570936,51.17386514129237,1,False,False
834315fffffffff,-36.09055031439379,52.29854090678261,1,False,False
834316fffffffff,-37.562141259840885,51.17200505197939,1,False,False
83431efffffffff,-37.247767788799386,54.60330563469846,1,False,False
834322fffffffff,-33.38815342194253,51.17927885474763,1,False,False
834326fffffffff,-32.7853793129324,50.09286348175621,1,False,False
834330fffffffff,-34.89666755220793,50.07300810893787,1,False,False
834331fffffffff,-34.4483404812474,51.177501416613744,1,False,False
834332fffffffff,-35.93622251280154,50.06285525799272,1,False,False
834333fffffffff,-35.49774690105968,51.17569705098808,1,False,False
834334fffffffff,-34.28820835896021,48.99073097535871,1,False,False
834335fffffffff,-33.84620499164052,50.083009732445305,1,False,False
834336fffffffff,-35.32870417730493,48.97257258963274,1,False,False
834380fffffffff,-41.71309063755098,53.522391175414754,1,False,False
834382fffffffff,-42.68036914173389,53.53941393459549,1,False,False
834383fffffffff,-42.268372306989,54.73211855370396,1,False,False
834384fffffffff,-41.14534098650297,52.33361569211097,1,False,False
834386fffffffff,-42.11672362025755,52.34096774148044,1,False,False
83438afffffffff,-42.37115878542856,57.164985960702985,1,False,False
834390fffffffff,-44.0175471189545,52.35603088002764,1,False,False
834391fffffffff,-43.633479673008026,53.55671390552222,1,False,False
834392fffffffff,-44.94657166660784,52.36374786123851,1,False,False
834393fffffffff,-44.572215180819896,53.57429791204578,1,False,False
834394fffffffff,-43.44998985374466,51.16021457068044,1,False,False
834395fffffffff,-43.07420126291409,52.34843850463413,1,False,False
834396fffffffff,-44.38345592508037,51.15813767185672,1,False,False
834398fffffffff,-43.76812993595979,55.99958075683483,1,False,False
834399fffffffff,-43.338226978762826,57.21214384870016,1,False,False
83439cfffffffff,-43.23111243527352,54.75913918582394,1,False,False
83439dfffffffff,-42.81035269271707,55.96224998817832,1,False,False
83439efffffffff,-44.179438714853376,54.78660322637338,1,False,False
8343a0fffffffff,-39.57759490660764,51.16819769302242,1,False,False
8343a1fffffffff,-39.16196201217255,52.3192565941988,1,False,False
8343a2fffffffff,-40.565979891349706,51.16624905064878,1,False,False
8343a3fffffffff,-40.16031874515982,52.326379549443885,1,False,False
8343a4fffffffff,-38.98459846101735,50.03145425235312,1,False,False
8343a5fffffffff,-38.576193740269794,51.17011612779776,1,False,False
8343a6fffffffff,-39.97588187913868,50.02066085660714,1,False,False
8343acfffffffff,-38.72890252911327,53.472921130348,1,False,False
8343b0fffffffff,-41.91906533860503,49.9985612158932,1,False,False
8343b1fffffffff,-41.54102421243467,51.16426948154815,1,False,False
8343b2fffffffff,-42.91830746938864,49.99884996683079,1,False,False
8343b3fffffffff,-42.50244297295403,51.16225824358328,1,False,False
8343b4fffffffff,-41.505171476784575,48.88991652793111,1,False,False
8343b5fffffffff,-40.95413882802407,50.00969785399639,1,False,False
8343b6fffffffff,-42.51492059245838,48.87790762993076,1,False,False
834402fffffffff,-12.111334280027696,-21.11653349008481,1,False,False
834403fffffffff,-11.083705103950416,-21.37781571337008,1,False,False
834408fffffffff,-8.997408019501833,-21.90267177060469,1,False,False
834409fffffffff,-7.939969554761213,-22.16623016488597,1,False,False
83440afffffffff,-9.24365897260103,-20.87573703765125,1,False,False
83440bfffffffff,-8.194810123190365,-21.136272475700604,1,False,False
83440efffffffff,-10.045531392379797,-21.639864351491727,1,False,False
834410fffffffff,-13.33805609131594,-19.841470003158065,1,False,False
834411fffffffff,-12.3307445510956,-20.098841641683844,1,False,False
834412fffffffff,-13.54131174010678,-18.839595821657227,1,False,False
834413fffffffff,-12.543387442752456,-19.09373047385507,1,False,False
834418fffffffff,-10.5140922895616,-19.60447185650616,1,False,False
834419fffffffff,-9.48376949056674,-19.861066192723484,1,False,False
83441afffffffff,-10.738793239883696,-18.605729795722663,1,False,False
83441bfffffffff,-9.71769084912269,-18.85906566601555,1,False,False
83441cfffffffff,-11.312215207997795,-20.357014578550785,1,False,False
83441dfffffffff,-10.282996923170504,-20.615982029260355,1,False,False
83441efffffffff,-11.534146271169703,-19.34869118949461,1,False,False
834441fffffffff,-3.3398457467057416,-24.28073507704029,1,False,False
834442fffffffff,-4.718671685712681,-22.96133056539177,1,False,False
834443fffffffff,-3.631054050632612,-23.227811370921422,1,False,False
834448fffffffff,-1.4398181764711837,-23.76289227896852,1,False,False
834449fffffffff,-0.3378819925999843,-24.03147455104589,1,False,False
83444afffffffff,-1.7406628871890886,-22.715453288478464,1,False,False
83444bfffffffff,-0.645247425104379,-22.98123770714341,1,False,False
83444cfffffffff,-2.2397671582364382,-24.550656091973856,1,False,False
83444dfffffffff,-1.1352709349632504,-24.8212415200496,1,False,False
83444efffffffff,-2.537826254456805,-23.495001552374383,1,False,False
834450fffffffff,-6.071204300746571,-21.659655268716783,1,False,False
834451fffffffff,-4.9978491741907565,-21.92248750761385,1,False,False
834452fffffffff,-6.337208772394495,-20.63566583388233,1,False,False
834453fffffffff,-5.272015641420298,-20.89544860796033,1,False,False
834454fffffffff,-6.873888808522396,-22.43053155672373,1,False,False
834455fffffffff,-5.799875019358975,-22.69556779698904,1,False,False
834456fffffffff,-7.137097365881757,-21.397581043401352,1,False,False
834458fffffffff,-3.1214208131031453,-21.417345923427604,1,False,False
834459fffffffff,-2.0375586064382576,-21.67944567215844,1,False,False
83445afffffffff,-3.4065336948356846,-20.396324998485376,1,False,False
83445bfffffffff,-2.330279788295118,-20.655349372174346,1,False,False
83445cfffffffff,-3.917782574073071,-22.18606994417693,1,False,False
83445dfffffffff,-2.831784794395749,-22.45039459080276,1,False,False
83445efffffffff,-4.199834343672758,-21.156011074594144,1,False,False
834469fffffffff,-1.6323404151617251,-26.692861659516144,1,False,False
83446bfffffffff,-1.9378506073418345,-25.616806663964013,1,False,False
834488fffffffff,-10.591187000827636,-14.9844718271872,1,False,False
834489fffffffff,-9.598290880389728,-15.22490221774394,1,False,False
83448bfffffffff,-9.8110404308717,-14.287352466949423,1,False,False
83448cfffffffff,-11.374570603813671,-15.689461780400071,1,False,False
83448dfffffffff,-10.382126142789328,-15.932538049584185,1,False,False
8344a1fffffffff,-13.737677330051543,-17.850767308936668,1,False,False
8344a8fffffffff,-11.958288657642314,-17.370978906426064,1,False,False
8344a9fffffffff,-10.957094900725505,-17.620110865827957,1,False,False
8344abfffffffff,-11.169010595473058,-16.647929774954324,1,False,False
8344acfffffffff,-12.749285923578974,-18.101575084724992,1,False,False
8344adfffffffff,-11.749497970063343,-18.353231063225472,1,False,False
8344c0fffffffff,-6.315891884939107,-16.91368502147078,1,False,False
8344c1fffffffff,-5.278086647834012,-17.16116096180999,1,False,True
8344c2fffffffff,-6.563174889741611,-15.951572430924235,1,False,False
8344c3fffffffff,-5.534547488806204,-16.195576465870637,1,False,True
8344c4fffffffff,-7.102135471597827,-17.639409142150967,1,False,False
8344c5fffffffff,-6.063056785003383,-17.889434718743747,1,False,False
8344c6fffffffff,-7.345806200854766,-16.667080345003956,1,False,False
8344c8fffffffff,-3.4556464748187894,-16.686231550243242,1,False,True
8344c9fffffffff,-2.406722486391645,-16.932874068301253,1,False,False
8344cafffffffff,-3.7248477331890864,-15.7274513698216,1,False,True
8344cbfffffffff,-2.6846681749331984,-15.970607598210984,1,False,True
8344ccfffffffff,-4.233046571049308,-17.409503508847624,1,False,True
8344cdfffffffff,-3.1814573686077545,-17.65870784249446,1,False,True
8344cefffffffff,-4.498484373045969,-16.440464234274724,1,False,True
8344d0fffffffff,-7.815897172143257,-14.76377410929391,1,False,False
8344d1fffffffff,-6.804856513672882,-15.00334413390835,1,False,False
8344d2fffffffff,-8.042282145548198,-13.833234571619244,1,False,False
8344d3fffffffff,-7.040905089917207,-14.069209830923086,1,False,False
8344d4fffffffff,-8.595629612747386,-15.46623151436827,1,False,False
8344d5fffffffff,-7.583735449144852,-15.708456156956002,1,False,False
8344d6fffffffff,-8.818139196471087,-14.525109181722552,1,False,False
8344d8fffffffff,-5.013646708146867,-14.543898197065229,1,False,True
8344d9fffffffff,-4.020459347674672,-14.768424024985467,1,False,True
8344dafffffffff,-5.401008358965838,-13.548609317799992,1,False,False
8344dbfffffffff,-4.408760095408713,-13.76921539630841,1,False,True
8344dcfffffffff,-5.785592151930587,-15.24381598954695,1,False,False
8344ddfffffffff,-4.75871047481162,-15.485186258474148,1,False,True
8344defffffffff,-6.0311659593181774,-14.306098649496986,1,False,False
8344e0fffffffff,-7.6465623219561,-19.368225513391035,1,False,False
8344e1fffffffff,-6.597764098693875,-19.6240374143177,1,False,False
8344e2fffffffff,-7.892641887957115,-18.37263408248862,1,False,False
8344e3fffffffff,-6.852767178466912,-18.62516662359444,1,False,False
8344e4fffffffff,-8.44376103543753,-20.11846774540248,1,False,False
8344e5fffffffff,-7.394688164715972,-20.376669890809765,1,False,False
8344e6fffffffff,-8.686748652668456,-19.11323288967948,1,False,False
8344e8fffffffff,-4.749227713440703,-19.13273539686852,1,False,True
8344e9fffffffff,-3.6869441852780094,-19.387759869669424,1,False,True
8344eafffffffff,-5.01628264940878,-18.14031255999354,1,False,True
8344ebfffffffff,-3.9624942179253466,-18.392037362089123,1,False,True
8344ecfffffffff,-5.541021220400682,-19.88066229957407,1,False,False
8344edfffffffff,-4.477034018486262,-20.138093705746133,1,False,False
8344eefffffffff,-5.804737455381385,-18.87853566013804,1,False,False
8344f0fffffffff,-9.154641080663565,-17.141935170080046,1,False,False
8344f1fffffffff,-8.132869027879568,-17.3902409682248,1,False,False
8344f2fffffffff,-9.379497299660628,-16.176502604252516,1,False,False
8344f3fffffffff,-8.367205094469732,-16.421351427733995,1,False,False
8344f4fffffffff,-9.945394319374682,-17.870100827347507,1,False,False
8344f5fffffffff,-8.923719853227205,-18.1209436638756,1,False,False
8344f6fffffffff,-10.166870094810928,-16.89449655690004,1,False,False
834501fffffffff,-7.736171189371326,-25.558471384544166,1,False,False
834508fffffffff,-7.293556905889632,-23.704111248843272,1,False,False
834509fffffffff,-6.5470670271779365,-22.92416071147845,1,False,False
83450afffffffff,-8.321930824507906,-23.39384794708222,1,False,False
83450bfffffffff,-7.584597140404224,-22.61493053802076,1,False,False
83450cfffffffff,-7.000249732004119,-24.790628573751945,1,False,False
83450dfffffffff,-6.254335256808202,-24.016138933977857,1,False,False
83450efffffffff,-8.03024444044349,-24.47775526787576,1,False,False
834521fffffffff,-6.1101668095067865,-28.026593820419468,1,False,False
834523fffffffff,-7.142240954196933,-27.707342643435915,1,False,False
834528fffffffff,-5.663829954497762,-26.19061293505656,1,False,False
834529fffffffff,-4.909550340238348,-25.421505244939148,1,False,False
83452afffffffff,-6.705017811219344,-25.87371424797379,1,False,False
83452bfffffffff,-5.959807701784353,-25.105213578493853,1,False,False
83452cfffffffff,-5.366749738173743,-27.27158103010078,1,False,False
83452dfffffffff,-4.613254660764743,-26.509160984969068,1,False,False
83452efffffffff,-6.408207395197277,-26.95261464832221,1,False,False
834572fffffffff,-5.498900616466869,-23.23520241884724,1,False,False
834576fffffffff,-5.204881465112999,-24.329927429744803,1,False,False
834881fffffffff,-1.1969385311146534,-31.913919765814555,1,False,False
834883fffffffff,-1.512229232408169,-30.80004101909276,1,False,False
834885fffffffff,-2.016034636333139,-32.74815494094177,1,False,False
83488cfffffffff,-0.061467657559653,-32.19836083258375,1,False,False
83488efffffffff,-0.3803218741616307,-31.082963167307074,1,False,False
834898fffffffff,-1.0116938157501392,-28.872125153850245,1,False,False
83489afffffffff,-1.3235204607064632,-27.778190512701343,1,False,False
83489cfffffffff,-1.82499663470039,-29.69275737401608,1,False,False
83489dfffffffff,-0.6971816438498608,-29.97396181256881,1,False,False
83489efffffffff,-2.1349047747807344,-28.592829633561085,1,False,False
8348a3fffffffff,-2.8367624616321363,-33.585332470687554,1,False,False
8348a8fffffffff,-0.5602063184880636,-34.15827737846267,1,False,False
8348a9fffffffff,0.5807460891241034,-34.44513339527882,1,False,False
8348aafffffffff,-0.8794758941942098,-33.03360380885845,1,False,False
8348abfffffffff,0.2590143827325264,-33.31935816900899,1,False,False
8348aefffffffff,-1.699702982699187,-33.87167240562256,1,False,False
8348c8fffffffff,8.661827092189371,-33.35952113995535,1,False,False
8348c9fffffffff,9.776137132629003,-33.64553728412788,1,False,False
8348cafffffffff,8.329341724846328,-32.238616504836,1,False,False
8348cbfffffffff,9.44388784015162,-32.523380915828405,1,False,False
8348cdfffffffff,8.991849791408878,-34.485171509886015,1,False,False
8348d9fffffffff,7.994821040626426,-31.12327961373556,1,False,False
8348dbfffffffff,7.658694738444289,-30.014307476094984,1,False,False
8348ddfffffffff,7.2095620352162975,-31.95419517256252,1,False,False
834b30fffffffff,8.711420729568594,163.12397153362332,1,False,False
834b32fffffffff,7.75156973227485,163.36604892197056,1,False,False
834b34fffffffff,8.881684215617602,162.2296055670538,1,False,False
834b35fffffffff,9.660557444969957,162.88333318125376,1,False,False
834b36fffffffff,7.93161043111327,162.46702161344032,1,False,False
835200fffffffff,-41.78783185515675,37.00956792454962,1,False,False
835201fffffffff,-42.34145461102568,38.183439437741896,1,False,False
835202fffffffff,-42.27465255986546,35.67752327735306,1,False,False
835203fffffffff,-42.8393109071985,36.85892446435548,1,False,False
835204fffffffff,-40.72517616787235,37.15684690700429,1,False,False
835205fffffffff,-41.287180186274846,38.317849557340914,1,False,False
835206fffffffff,-41.214998101800944,35.841058894645705,1,False,False
835208fffffffff,-43.909859477000346,39.23757956809017,1,False,False
835209fffffffff,-44.41550054899627,40.43283925610297,1,False,False
83520afffffffff,-44.415594074700856,37.90523997598119,1,False,False
83520bfffffffff,-44.9321400180138,39.11053635092637,1,False,False
83520cfffffffff,-42.87568842901629,39.36171897209794,1,False,False
83520dfffffffff,-43.39041627575626,40.54342999472004,1,False,False
83520efffffffff,-43.38443154657718,38.04593831891254,1,False,False
835211fffffffff,-42.74668404493404,34.32254062807226,1,False,False
835215fffffffff,-41.6906737302721,34.502691676782355,1,False,False
835218fffffffff,-44.35862043326504,35.33908152824317,1,False,False
835219fffffffff,-44.90661010201976,36.54708110579422,1,False,False
83521bfffffffff,-45.38192437157496,35.163914964881045,1,False,False
83521cfffffffff,-43.32270211502541,35.510239944951564,1,False,False
83521dfffffffff,-43.87907048292509,36.70480206193428,1,False,False
835220fffffffff,-39.14701277365679,38.57779900699042,1,False,False
835221fffffffff,-39.70695087252992,39.71766635002192,1,False,False
835222fffffffff,-39.6519284846121,37.30087099780745,1,False,False
835223fffffffff,-40.2221665853924,38.44927031607338,1,False,False
835224fffffffff,-38.06235727799292,38.703528804205554,1,False,False
835225fffffffff,-38.63053817642296,39.83112219020978,1,False,False
835226fffffffff,-38.56871432985221,37.441745156954696,1,False,False
835228fffffffff,-41.30630852524546,40.7571584365249,1,False,False
835229fffffffff,-41.81994164018323,41.91480117119575,1,False,False
83522afffffffff,-41.83011835356125,39.48305186964729,1,False,False
83522bfffffffff,-42.35384997137913,40.65150842018021,1,False,False
83522cfffffffff,-40.24833866582522,40.860460285342846,1,False,False
83522dfffffffff,-40.77104550560812,42.00528005266914,1,False,False
83522efffffffff,-40.77368161367918,39.60167131765505,1,False,False
835230fffffffff,-39.54483896618477,34.85111518012672,1,False,False
835231fffffffff,-40.14430788742633,36.000968766766135,1,False,False
835232fffffffff,-40.012721052574825,33.52380943653273,1,False,False
835233fffffffff,-40.62319346336562,34.6788402953289,1,False,False
835234fffffffff,-38.45624820107373,35.0196397092242,1,False,False
835235fffffffff,-39.0631931466813,36.15736974074942,1,False,False
835236fffffffff,-38.92709575217278,33.708157451638456,1,False,False
835240fffffffff,-45.25395567584592,45.2845555703337,1,False,False
835241fffffffff,-45.67139375163629,46.46834419684236,1,False,False
835242fffffffff,-45.813634341460975,44.02999013576487,1,False,False
835243fffffffff,-46.24033447717611,45.22933889058032,1,False,False
835244fffffffff,-44.2559308648135,45.338504219906014,1,False,False
835245fffffffff,-44.68352164525527,46.508653374153816,1,False,False
835246fffffffff,-44.81726970501448,44.0991561136178,1,False,False
835248fffffffff,-47.035702592639,47.62219387053776,1,False,False
83524afffffffff,-47.611836072835416,46.384848030005976,1,False,False
83524cfffffffff,-46.06978590608416,47.64951752522873,1,False,False
83524dfffffffff,-46.44937708096738,48.82708439778682,1,False,False
83524efffffffff,-46.647616302392144,46.42708701441808,1,False,False
835250fffffffff,-45.90506930018416,41.5315132678703,1,False,False
835251fffffffff,-46.36148282848755,42.74505324741458,1,False,False
835252fffffffff,-46.42939695060922,40.20376564144537,1,False,False
835253fffffffff,-46.89642635219765,41.429967914271714,1,False,False
835254fffffffff,-44.901319698275245,41.63068971431765,1,False,False
835255fffffffff,-45.36733882269543,42.8300897709609,1,False,False
835256fffffffff,-45.42863617646454,40.31964842863834,1,False,False
835258fffffffff,-47.76993141793054,43.88667201930095,1,False,False
83525cfffffffff,-46.79797438273331,43.9591817637837,1,False,False
83525dfffffffff,-47.21469298920249,45.1728090488637,1,False,False
83525efffffffff,-47.3432319030497,42.65797859707536,1,False,False
835260fffffffff,-42.67442243496526,46.58655532781784,1,False,False
835261fffffffff,-43.103704126119325,47.72780696846981,1,False,False
835262fffffffff,-43.24667139475308,45.39122793074662,1,False,False
835263fffffffff,-43.6843893354144,46.54804681146206,1,False,False
835264fffffffff,-41.65408271024504,46.62420837623474,1,False,False
835265fffffffff,-42.093578112105774,47.75274437114304,1,False,False
835266fffffffff,-42.22662572873206,45.44276786774065,1,False,False
835268fffffffff,-44.503907558150885,48.85307251201015,1,False,False
835269fffffffff,-44.88615223039356,49.99944708314837,1,False,False
83526afffffffff,-45.09222924695074,47.67621350528134,1,False,False
83526bfffffffff,-45.48227746339234,48.84022753956234,1,False,False
83526cfffffffff,-43.51464966814133,48.86562934661953,1,False,False
83526dfffffffff,-43.90747944719634,49.99914518272333,1,False,False
83526efffffffff,-44.10340080398939,47.70230318215643,1,False,False
835270fffffffff,-43.34342551319575,42.99432672735743,1,False,False
835271fffffffff,-43.80927665812039,44.16673599025695,1,False,False
835272fffffffff,-43.8855803567558,41.72757861859004,1,False,False
835273fffffffff,-44.36118008203904,42.913158536714754,1,False,False
835274fffffffff,-42.314532829172194,43.073658516674,1,False,False
835275fffffffff,-42.790089352641175,44.23278352374062,1,False,False
835276fffffffff,-42.85829367722601,41.82225768742422,1,False,False
835280fffffffff,-44.47153003719026,32.64597088982809,1,False,False
835281fffffffff,-44.92777700932157,33.98795012792536,1,False,False
835282fffffffff,-45.03568458683964,31.316479034838743,1,False,False
835283fffffffff,-45.50386699151461,32.6662597635497,1,False,False
835284fffffffff,-43.42569266893111,32.626135785145955,1,False,False
835285fffffffff,-43.890725255120735,33.95302735600009,1,False,False
835286fffffffff,-43.99480918300112,31.311474475252048,1,False,False
835288fffffffff,-45.80595328401522,36.28461661404734,1,False,False
835289fffffffff,-46.20024312610383,37.64510746580823,1,False,False
83528afffffffff,-46.96062036474088,34.06022395743698,1,False,False
83528bfffffffff,-46.80553536706755,36.35345313923536,1,False,False
83528cfffffffff,-44.79227234556769,36.21728973493888,1,False,False
83528dfffffffff,-45.19625687884159,37.56279258393041,1,False,False
83528efffffffff,-45.951200126718575,34.023673064897565,1,False,False
835290fffffffff,-45.08121533815456,28.61994003148738,1,False,False
835291fffffffff,-45.58231357388502,29.965436809629608,1,False,False
835292fffffffff,-45.596890655799285,27.24513738597412,1,False,False
835293fffffffff,-46.110594032639455,28.59385386480329,1,False,False
835294fffffffff,-44.03794916295053,28.645436060512825,1,False,False
835295fffffffff,-44.54692853441825,29.97575070800088,1,False,False
835296fffffffff,-44.55989364955841,27.286448486094013,1,False,False
835298fffffffff,-47.07573887929378,31.32683871421769,1,False,False
835299fffffffff,-47.52649454505175,32.7082625399927,1,False,False
83529afffffffff,-47.61064613072654,29.9440808267467,1,False,False
83529bfffffffff,-48.07421292070603,31.332202115889,1,False,False
83529cfffffffff,-46.06278622957928,31.32159909937033,1,False,False
83529dfffffffff,-46.52230582142485,32.68701815257547,1,False,False
83529efffffffff,-46.60367032031079,29.95488300529062,1,False,False
8352a0fffffffff,-41.77746181537796,33.88547722210256,1,False,False
8352a1fffffffff,-42.24005551774589,35.188962692482754,1,False,False
8352a2fffffffff,-42.36679901159808,32.60673939935702,1,False,False
8352a3fffffffff,-42.84046480515877,33.91887818740249,1,False,False
8352a4fffffffff,-40.70222885238064,33.852800158994874,1,False,False
8352a5fffffffff,-41.17350785316047,35.14207825736202,1,False,False
8352a6fffffffff,-41.29533998086334,32.58776734039754,1,False,False
8352a8fffffffff,-43.147142072523295,37.40345458852288,1,False,False
8352aafffffffff,-43.764844250542936,36.15142355871726,1,False,False
8352abfffffffff,-44.17843201842536,37.48226062410751,1,False,False
8352aefffffffff,-42.7240655642597,36.08697122765209,1,False,False
8352b0fffffffff,-42.43571670993656,29.995690777902688,1,False,False
8352b1fffffffff,-42.94058171453887,31.30658155571772,1,False,False
8352b2fffffffff,-42.98121872489474,28.67036174383029,1,False,False
8352b3fffffffff,-43.49791421340947,29.985832788035623,1,False,False
8352b4fffffffff,-41.3608296153125,30.005332066058383,1,False,False
8352b5fffffffff,-41.8734708937992,31.30179658186816,1,False,False
8352b6fffffffff,-41.91149482905895,28.694735998558468,1,False,False
8352c4fffffffff,-47.91154242111183,36.05104745370273,1,False,False
8352c8fffffffff,-48.13038287449064,45.7996288802926,1,False,False
8352c9fffffffff,-48.3813324240662,47.14314603794342,1,False,False
8352cafffffffff,-48.79712476204352,44.60817917670866,1,False,False
8352cbfffffffff,-49.056790699201535,45.97288509106937,1,False,False
8352d0fffffffff,-47.55339590623949,39.10718718669053,1,False,False
8352d2fffffffff,-48.16542442546477,37.815326740044384,1,False,False
8352d3fffffffff,-48.5186909217966,39.208860230748215,1,False,False
8352d4fffffffff,-46.57361506584213,39.00775756740811,1,False,False
8352d6fffffffff,-47.1900611864916,37.72926479012123,1,False,False
8352d8fffffffff,-49.161311811685,41.99551262014149,1,False,False
8352d9fffffffff,-49.45664966487301,43.4596994642396,1,False,False
8352dafffffffff,-49.82316573490478,40.99993825843599,1,False,False
8352dbfffffffff,-50.13029869547883,42.49577281190034,1,False,False
8352dcfffffffff,-48.216819844450974,41.86299718410207,1,False,False
8352ddfffffffff,-48.517240124141175,43.23770330639699,1,False,False
8352defffffffff,-48.85060058762485,40.602805103921526,1,False,False
8352e0fffffffff,-46.44061733579703,37.61380222581129,1,False,False
8352e1fffffffff,-46.93926936085752,38.847326532638846,1,False,False
8352e2fffffffff,-46.92324040304493,36.22033761590497,1,False,False
8352e3fffffffff,-47.43365330060144,37.46282503495609,1,False,False
8352e4fffffffff,-45.43446707940032,37.76123334043202,1,False,False
8352e5fffffffff,-45.94207972006545,38.98048752207582,1,False,False
8352e6fffffffff,-45.92147187256344,36.38563655133032,1,False,False
8352ecfffffffff,-47.41739691837137,40.08509468942204,1,False,False
8352edfffffffff,-47.87502737964146,41.32596841423182,1,False,False
8352eefffffffff,-47.92334050884232,38.71094180702531,1,False,False
8352f0fffffffff,-46.84563043823051,33.55913586604898,1,False,False
8352f1fffffffff,-47.38897245556678,34.80099478686042,1,False,False
8352f2fffffffff,-45.57961471974843,38.91049851064585,1,False,False
8352f3fffffffff,-47.836877074142365,33.356835450430374,1,False,False
8352f4fffffffff,-45.84058816322047,33.756700151152685,1,False,False
8352f5fffffffff,-46.39217402379108,34.98460118669389,1,False,False
835300fffffffff,-34.15005281275311,37.97569265398828,1,False,False
835301fffffffff,-34.75832649450566,39.06479916609343,1,False,False
835302fffffffff,-34.6481146778072,36.75005643487068,1,False,False
835303fffffffff,-35.26611222345068,37.84645313455008,1,False,False
835304fffffffff,-33.02771039894624,38.10224547399146,1,False,False
835305fffffffff,-33.642782625300185,39.18018992803594,1,False,False
835306fffffffff,-33.52542109773835,36.89050369453562,1,False,False
835308fffffffff,-36.45130410975432,40.05073931985953,1,False,False
835309fffffffff,-37.01790532554871,41.15702833432615,1,False,False
83530afffffffff,-36.96887674041707,38.82654897548213,1,False,False
83530bfffffffff,-37.54509369446476,39.942120450642165,1,False,False
83530cfffffffff,-35.34989066231863,40.157053738286606,1,False,False
83530dfffffffff,-35.924452512789614,41.25167328379961,1,False,False
83530efffffffff,-35.86728411262603,38.94694508198749,1,False,False
835310fffffffff,-34.49157319054431,34.406980800916244,1,False,False
835311fffffffff,-35.136041843998925,35.503870612047585,1,False,False
835312fffffffff,-34.958217675404896,33.13660773236183,1,False,False
835313fffffffff,-35.612919652886724,34.23782213040411,1,False,False
835314fffffffff,-33.36324570142827,34.57262813607728,1,False,False
835315fffffffff,-34.01367737412794,35.65853007016825,1,False,False
835316fffffffff,-33.83109539387765,33.31669738800109,1,False,False
835318fffffffff,-36.87233848445371,36.46008831267385,1,False,False
835319fffffffff,-37.47619883882437,37.579569955474064,1,False,False
83531afffffffff,-37.35810008563975,35.184532206565365,1,False,False
83531bfffffffff,-37.97230609881581,36.3103738007308,1,False,False
83531cfffffffff,-35.7640197201476,36.60661625483114,1,False,False
83531dfffffffff,-36.3750851156171,37.71444179839996,1,False,False
83531efffffffff,-36.25111282265159,35.34590619114957,1,False,False
835320fffffffff,-31.39519192833877,39.403880563629336,1,False,False
835321fffffffff,-32.00758731054956,40.46287437150515,1,False,False
835322fffffffff,-31.89991630824901,38.22619331427802,1,False,False
835323fffffffff,-32.52146004233278,39.29319289218655,1,False,False
835324fffffffff,-30.264833674489736,39.51232257568826,1,False,False
835325fffffffff,-30.88349465179796,40.56066100708728,1,False,False
835326fffffffff,-30.76752631614093,38.34761466220049,1,False,False
835328fffffffff,-33.7168994154614,41.4350388026778,1,False,False
835329fffffffff,-34.29016349150009,42.50840224478564,1,False,False
83532afffffffff,-34.241606849605915,40.261135563402426,1,False,False
83532bfffffffff,-34.82386446246633,41.34432278024649,1,False,False
83532cfffffffff,-32.60434317898976,41.52388080878895,1,False,False
83532dfffffffff,-33.185146116407225,42.58617636323616,1,False,False
83532efffffffff,-33.127235796221385,40.36305372504233,1,False,False
835330fffffffff,-31.75038564175233,35.95833200535991,1,False,False
835331fffffffff,-32.39676665059545,37.02804910264176,1,False,False
835332fffffffff,-32.2287830890863,34.73486965850387,1,False,False
835333fffffffff,-32.88484162504034,35.809985027607965,1,False,False
835334fffffffff,-30.611185823866027,36.10366377010534,1,False,False
835335fffffffff,-31.26300567015276,37.16278013716141,1,False,False
835336fffffffff,-31.08905882939301,34.893806814418944,1,False,False
835340fffffffff,-38.048829609586974,45.63785150533939,1,False,False
835341fffffffff,-38.5359770460137,46.73231029004534,1,False,False
835342fffffffff,-38.61139829116619,44.48264428891992,1,False,False
835343fffffffff,-39.106806458208254,45.59066996934905,1,False,False
835344fffffffff,-36.98284834937131,45.68402968012982,1,False,False
835345fffffffff,-37.47946835298795,46.766811193735656,1,False,False
835346fffffffff,-37.544060955325335,44.54175710291745,1,False,False
835348fffffffff,-40.04396865932874,47.80099381948922,1,False,False
835349fffffffff,-40.4858874240888,48.90166480886376,1,False,False
83534afffffffff,-40.62386771816644,46.66103411846176,1,False,False
83534bfffffffff,-41.07349675946263,47.777134041059306,1,False,False
83534cfffffffff,-39.00553622675716,47.82434078152925,1,False,False
83534dfffffffff,-39.45758685444524,48.91316086456813,1,False,False
83534efffffffff,-39.58431017484305,46.697059494902526,1,False,False
835350fffffffff,-38.6438984508788,42.18031265007302,1,False,False
835351fffffffff,-39.16617961856775,43.3012354872971,1,False,False
835352fffffffff,-39.18052620652028,40.96149074167465,1,False,False
835353fffffffff,-39.71216521051864,42.09376222359825,1,False,False
835354fffffffff,-37.566879439227634,42.2649935274349,1,False,False
835355fffffffff,-38.09807549232811,43.373808811850914,1,False,False
835356fffffffff,-38.10349496164368,41.06032329759014,1,False,False
835358fffffffff,-40.72005777049843,44.3604847536564,1,False,False
835359fffffffff,-41.19627922766104,45.49316337546564,1,False,False
83535afffffffff,-41.2749983746584,43.15121523531064,1,False,False
83535bfffffffff,-41.760179846407794,44.29735007788584,1,False,False
83535cfffffffff,-39.67026971058148,44.42223451202133,1,False,False
83535dfffffffff,-40.15615366493572,45.54245207750599,1,False,False
83535efffffffff,-40.22535666405603,43.22705552574824,1,False,False
835360fffffffff,-35.34448046652163,46.83365695387262,1,False,False
835361fffffffff,-35.842720635671654,47.89146486403296,1,False,False
835362fffffffff,-35.909519482621555,45.72923610503061,1,False,False
835363fffffffff,-36.41541569168598,46.80058585859594,1,False,False
835364fffffffff,-34.26735184529578,46.86604621596588,1,False,False
835365fffffffff,-34.77472925052923,47.91291735900791,1,False,False
835366fffffffff,-34.8295294423646,45.77350107962446,1,False,False
835368fffffffff,-37.37617076905442,48.93542810425912,1,False,False
835369fffffffff,-37.98063186094362,50.042081946214346,1,False,False
83536afffffffff,-37.958774658984005,47.84719127677412,1,False,False
83536bfffffffff,-38.42082060559338,48.92441273046119,1,False,False
83536cfffffffff,-36.358185048084216,48.95414037827456,1,False,False
83536dfffffffff,-36.96436533410412,50.052547724230216,1,False,False
83536efffffffff,-36.90429061775886,47.86956096742696,1,False,False
835370fffffffff,-35.93769201600953,43.514339035663184,1,False,False
835371fffffffff,-36.4689084366228,44.59961415608582,1,False,False
835372fffffffff,-36.48177733387446,42.34786442551501,1,False,False
835373fffffffff,-37.02168748165174,43.44482691107701,1,False,False
835374fffffffff,-34.846796734230495,43.58239238719139,1,False,False
835375fffffffff,-35.38662292451832,44.65625492860063,1,False,False
835376fffffffff,-35.389294340408405,42.428982424889,1,False,False
835380fffffffff,-36.8952978995295,32.515855635110995,1,False,False
835381fffffffff,-37.40896614687153,33.75888464784897,1,False,False
835382fffffffff,-37.487216322295296,31.283667719932787,1,False,False
835383fffffffff,-38.0111799020964,32.53326234393372,1,False,False
835384fffffffff,-35.76999513863663,32.498809995506335,1,False,False
835385fffffffff,-36.29085393779592,33.72888018129844,1,False,False
835386fffffffff,-36.36436015637989,31.27937240872341,1,False,False
83538afffffffff,-39.615324741675416,33.820823737156104,1,False,False
83538bfffffffff,-40.09508218444317,35.096199619744496,1,False,False
83538efffffffff,-38.51735404491936,33.78952568082731,1,False,False
835390fffffffff,-37.513749822653885,28.787069045917683,1,False,False
835391fffffffff,-38.06567773413567,30.033024888586134,1,False,False
835392fffffffff,-38.06701126665696,27.51584139945565,1,False,False
835393fffffffff,-38.62978687669309,28.764727221954487,1,False,False
835394fffffffff,-36.387782651107074,28.808942473220345,1,False,False
835395fffffffff,-36.94591220956263,30.04186708198094,1,False,False
835396fffffffff,-36.945006925377385,27.551253808071863,1,False,False
835398fffffffff,-39.702710115148655,31.29253649116757,1,False,False
835399fffffffff,-40.21185332152184,32.569205838716414,1,False,False
83539afffffffff,-40.27379407363705,30.01476371970854,1,False,False
83539bfffffffff,-40.793992673306136,31.297116020558605,1,False,False
83539cfffffffff,-38.6002328809595,31.28805475745434,1,False,False
83539dfffffffff,-39.11692328186215,32.551041713987445,1,False,False
83539efffffffff,-39.17519847151928,30.02399250207933,1,False,False
8353a0fffffffff,-34.028434876300906,33.67070327639974,1,False,False
8353a2fffffffff,-34.636030680439006,32.482114308823064,1,False,False
8353a3fffffffff,-35.16375208283335,33.69949266410042,1,False,False
8353a4fffffffff,-32.88571368584566,33.642493955502296,1,False,False
8353a6fffffffff,-33.49420241240359,32.46575791033159,1,False,False
8353a9fffffffff,-37.83144361764595,33.88852709881205,1,False,False
8353adfffffffff,-36.72647012697431,34.06504232542394,1,False,False
8353b0fffffffff,-34.67858563640613,30.059004421454024,1,False,False
8353b1fffffffff,-35.23240671811787,31.275165976849017,1,False,False
8353b2fffffffff,-35.25263346313402,28.83036207479177,1,False,False
8353b3fffffffff,-35.816626128940825,30.05052502655357,1,False,False
8353b4fffffffff,-33.53259638974266,30.067310733199733,1,False,False
8353b5fffffffff,-34.09213878592133,31.27104569394244,1,False,False
8353b6fffffffff,-34.10909139077353,28.85134182364736,1,False,False
835400fffffffff,-10.867410038800855,-9.09058934428276,1,False,False
835401fffffffff,-11.898782530092518,-9.138394648591602,1,False,False
835402fffffffff,-10.26327716582283,-10.028957281654924,1,False,False
835403fffffffff,-11.299689248930251,-10.073894628060009,1,False,False
835404fffffffff,-10.427451500496575,-8.099911961642267,1,False,False
835405fffffffff,-11.467129829636606,-8.150873207190296,1,False,False
835406fffffffff,-9.822545801527978,-9.042494673127257,1,False,False
835408fffffffff,-13.331291040539138,-10.162960004521366,1,False,False
835409fffffffff,-14.325777544112702,-10.207092772274663,1,False,False
83540afffffffff,-12.738008253511286,-11.090888326802082,1,False,False
83540bfffffffff,-13.737912779995552,-11.132189845630744,1,False,False
83540cfffffffff,-12.916265585540035,-9.185913123768698,1,False,False
83540dfffffffff,-13.919507248166369,-9.23314727874614,1,False,False
83540efffffffff,-12.322485225073835,-10.118561408193456,1,False,False
835410fffffffff,-8.601433006436096,-10.923164934883836,1,False,False
835411fffffffff,-9.65532832755057,-10.965477879435475,1,False,False
835413fffffffff,-9.044173698058072,-11.899657905362655,1,False,False
835414fffffffff,-8.151329957581352,-9.938261221677957,1,False,False
835415fffffffff,-9.213668739095793,-9.983746958892716,1,False,False
835418fffffffff,-11.121493307989445,-11.977756934335346,1,False,False
835419fffffffff,-12.14022227989122,-12.01645292379212,1,False,False
83541afffffffff,-10.515454409655142,-12.903343760806786,1,False,False
83541bfffffffff,-11.538511160959134,-12.939181842105333,1,False,False
83541cfffffffff,-10.696342639948478,-11.00753458015902,1,False,False
83541dfffffffff,-11.724034561289889,-11.049337312804733,1,False,False
83541efffffffff,-10.089338052438489,-11.938825965058568,1,False,False
835420fffffffff,-10.58104704253774,-6.155829556919542,1,False,False
835421fffffffff,-11.622973203918146,-6.212790677742053,1,False,False
835422fffffffff,-9.980099130132215,-7.102377976054092,1,False,False
835423fffffffff,-11.027787589663305,-7.156507011387831,1,False,False
835424fffffffff,-10.127229880830162,-5.149396517025576,1,False,False
835425fffffffff,-11.1766922713423,-5.209513903430121,1,False,False
835426fffffffff,-9.525669138226702,-6.098526652431226,1,False,False
835428fffffffff,-13.08190354787487,-7.263796774162873,1,False,False
835429fffffffff,-14.08757929325236,-7.316963072544552,1,False,False
83542afffffffff,-12.493041743297024,-8.201529092815079,1,False,False
83542bfffffffff,-13.504811951371096,-8.251882276410832,1,False,False
83542cfffffffff,-12.651024449450544,-6.269412952069282,1,False,False
83542dfffffffff,-13.664824622123518,-6.325699284878118,1,False,False
83542efffffffff,-12.06185541617305,-7.210312343754939,1,False,False
835430fffffffff,-8.30852963501516,-7.997062607743009,1,False,False
835431fffffffff,-9.374428511481696,-8.048642668068352,1,False,False
835432fffffffff,-7.694165317073805,-8.94542693309074,1,False,False
835433fffffffff,-8.764633926603103,-8.994108068226494,1,False,False
835434fffffffff,-7.8456924101583825,-6.993137434566837,1,False,False
835435fffffffff,-8.91923618864389,-7.047922405253195,1,False,False
835436fffffffff,-7.23027088464428,-7.945169030896567,1,False,False
835440fffffffff,-17.784560861646852,-9.41928988982778,1,False,False
835441fffffffff,-18.71283649628157,-9.465139097666444,1,False,False
835442fffffffff,-17.220679228930507,-10.33791925576749,1,False,False
835443fffffffff,-18.15545309715324,-10.381011729935686,1,False,False
835444fffffffff,-17.404541595478356,-8.450320113775469,1,False,False
835445fffffffff,-18.341526979356303,-8.499198626565938,1,False,False
835446fffffffff,-16.84092836667899,-9.373168488302916,1,False,False
835448fffffffff,-19.978903196259783,-10.466435534048532,1,False,False
835449fffffffff,-20.86743511604354,-10.508771238381115,1,False,False
83544afffffffff,-19.42761472945308,-11.374880895970442,1,False,False
83544bfffffffff,-20.32273384676609,-11.414496101418989,1,False,False
83544cfffffffff,-19.6256499838782,-9.510718456126032,1,False,False
83544dfffffffff,-20.52293097835813,-9.556030283365718,1,False,False
83544efffffffff,-19.074890761323744,-10.423849756179228,1,False,False
835450fffffffff,-15.694329359141374,-11.214053164135487,1,False,False
835451fffffffff,-16.65035462402546,-11.254619284276636,1,False,False
835452fffffffff,-15.112346282308383,-12.131151753160191,1,False,False
835453fffffffff,-16.0740806623415,-12.16892844364726,1,False,False
835454fffffffff,-15.305659419732114,-10.250962039827382,1,False,False
835455fffffffff,-16.270693890883372,-10.294570109068374,1,False,False
835456fffffffff,-14.723441189689051,-11.173244067185564,1,False,False
835458fffffffff,-17.952806158263343,-12.24380942880624,1,False,False
835459fffffffff,-18.86950507873468,-12.280917637856811,1,False,False
83545afffffffff,-17.382416266026002,-13.149739122879984,1,False,False
83545bfffffffff,-18.30503473822494,-13.18410421845124,1,False,False
83545cfffffffff,-17.5913342316245,-11.29494455087964,1,False,False
83545dfffffffff,-18.51712364512852,-11.33503106303126,1,False,False
83545efffffffff,-17.0209554887451,-12.206480346043756,1,False,False
835460fffffffff,-17.571580610570507,-6.547542196973764,1,False,False
835461fffffffff,-18.5100531233224,-6.602191299044711,1,False,False
835462fffffffff,-17.01551810449724,-7.474580417352268,1,False,False
835463fffffffff,-17.961064735608257,-7.526501279759056,1,False,False
835464fffffffff,-17.173234434898234,-5.562837521926325,1,False,False
835465fffffffff,-18.119945183685548,-5.620522223313979,1,False,False
835466fffffffff,-16.617642093843354,-6.492571209811169,1,False,False
835468fffffffff,-19.805604810950697,-7.629431393678636,1,False,False
835469fffffffff,-20.704427397948,-7.680445800724994,1,False,False
83546afffffffff,-19.2630305468082,-8.547789772736774,1,False,False
83546bfffffffff,-20.168966018560816,-8.596096009805184,1,False,False
83546cfffffffff,-19.43293894925908,-6.656521236423521,1,False,False
83546dfffffffff,-20.340153831030868,-6.710534700122634,1,False,False
83546efffffffff,-18.89112799348732,-7.578117407892774,1,False,False
835470fffffffff,-15.484653065990749,-8.351691020492932,1,False,False
835471fffffffff,-16.452196799492725,-8.401151749367708,1,False,False
835472fffffffff,-14.908200329848826,-9.280099594067856,1,False,False
835473fffffffff,-15.882081201002345,-9.32677252227795,1,False,False
835474fffffffff,-15.078575329483776,-7.369813978170319,1,False,False
835475fffffffff,-16.054628451390137,-7.422352200053941,1,False,False
835476fffffffff,-14.50211078135342,-8.301935386071568,1,False,False
8354a9fffffffff,-9.90652112849348,-13.825630091791414,1,False,False
8354adfffffffff,-9.479282514613288,-12.867287656350085,1,False,False
8354c0fffffffff,-13.719980829391163,-15.79330720083668,1,False,False
8354c1fffffffff,-14.687000831276428,-15.819789066418132,1,False,False
8354c2fffffffff,-13.121948438231977,-16.689037841765746,1,False,False
8354c4fffffffff,-13.338058129027017,-14.863599063160043,1,False,False
8354c5fffffffff,-14.31477031711733,-14.89301221924392,1,False,False
8354c6fffffffff,-12.739041742855882,-15.766666233626648,1,False,False
8354c8fffffffff,-15.993384582847716,-16.75983763403934,1,False,False
8354c9fffffffff,-16.922156210290197,-16.783158250967315,1,False,False
8354ccfffffffff,-15.639856227249348,-15.846113240162389,1,False,False
8354cdfffffffff,-16.578339981765605,-15.872281115387178,1,False,False
8354cefffffffff,-15.050293512856214,-16.7363781862863,1,False,False
8354d0fffffffff,-11.533075026350248,-17.55866004831727,1,False,False
8354d4fffffffff,-11.13909222923796,-16.64112715696156,1,False,False
8354d5fffffffff,-12.137186629634996,-16.665154429995678,1,False,False
8354e0fffffffff,-13.543749175579505,-13.0102116875466,1,False,False
8354e1fffffffff,-14.525274278893477,-13.045407271423011,1,False,False
8354e2fffffffff,-12.947382487689207,-13.923979951039316,1,False,False
8354e3fffffffff,-13.933658701902852,-13.956369738619117,1,False,False
8354e4fffffffff,-13.145152545593874,-12.054916019483844,1,False,False
8354e5fffffffff,-14.135955687755128,-12.093148283270448,1,False,False
8354e6fffffffff,-12.54805928163108,-12.974803844000482,1,False,False
8354e8fffffffff,-15.863417538719412,-14.020569506535669,1,False,False
8354e9fffffffff,-16.8064504164403,-14.052382896452574,1,False,False
8354eafffffffff,-15.27729988289168,-14.922249742040972,1,False,False
8354ebfffffffff,-16.225421425429143,-14.951313184902324,1,False,False
8354ecfffffffff,-15.492369964325311,-13.080392472253752,1,False,False
8354edfffffffff,-16.444812239068256,-13.115169144922184,1,False,False
8354eefffffffff,-14.90575192133873,-13.98856568553375,1,False,False
8354f0fffffffff,-11.343187080844322,-14.804239545717108,1,False,False
8354f1fffffffff,-12.34742839241362,-14.834008702089903,1,False,False
8354f2fffffffff,-10.736588298412675,-15.712901271330262,1,False,False
8354f3fffffffff,-11.744468854413148,-15.739864738280906,1,False,False
8354f4fffffffff,-10.933464803232011,-13.858611893506682,1,False,False
8354f5fffffffff,-11.94720871241143,-13.891394587827357,1,False,False
8354f6fffffffff,-10.32568209240443,-14.774289984834605,1,False,False
835500fffffffff,-7.644536544844077,-2.031480429539017,1,False,False
835501fffffffff,-8.726978213179777,-2.101418949087929,1,False,False
835502fffffffff,-7.034986542855438,-2.9875887310768663,1,False,False
835503fffffffff,-8.123523915340343,-3.054786692537579,1,False,False
835504fffffffff,-7.160485944695264,-1.004853573463702,1,False,False
835505fffffffff,-8.248654150870301,-1.0779050399072454,1,False,False
835506fffffffff,-6.550120797138924,-1.9611285029183696,1,False,False
835508fffffffff,-10.263273038754868,-3.187994861856956,1,False,False
835509fffffffff,-11.31344367785645,-3.2540116913840067,1,False,False
83550afffffffff,-9.666687671316064,-4.137784166188202,1,False,False
83550bfffffffff,-10.723339946435752,-4.201052292732339,1,False,False
83550cfffffffff,-9.796876872121969,-2.170947488236548,1,False,False
83550dfffffffff,-10.8537118165081,-2.240069438429527,1,False,False
83550efffffffff,-9.199800981202255,-3.1215876267054385,1,False,False
835510fffffffff,-5.315081025137897,-3.8809107317146414,1,False,False
835511fffffffff,-6.420596071272553,-3.945705736767703,1,False,False
835512fffffffff,-4.6916530721896885,-4.843354194370198,1,False,False
835513fffffffff,-5.801979750013446,-4.90530054523964,1,False,False
835514fffffffff,-4.823548976960336,-2.8519882361811235,1,False,False
835515fffffffff,-5.934781562988776,-2.9199903787353425,1,False,False
835518fffffffff,-7.989021987565728,-5.028080065251368,1,False,False
835519fffffffff,-9.064507958672916,-5.088919603924142,1,False,False
83551afffffffff,-7.37648900601236,-5.982883580250221,1,False,False
83551bfffffffff,-8.457310257419184,-6.040878994487888,1,False,False
83551cfffffffff,-7.514771511579966,-4.010114124288907,1,False,False
83551dfffffffff,-8.596991468842248,-4.07413918294123,1,False,False
83551efffffffff,-6.901315494255152,-4.966874768130002,1,False,False
835520fffffffff,-7.277362487699105,0.9765899359819148,1,False,False
835521fffffffff,-8.363965456718851,0.8978662385028777,1,False,False
835522fffffffff,-6.671852103371372,0.024448062150713,1,False,False
835523fffffffff,-7.765288221463208,-0.0516854532240965,1,False,False
835524fffffffff,-6.785379386688978,2.0062633559332936,1,False,False
835525fffffffff,-7.87662599632307,1.9245512857638527,1,False,False
835526fffffffff,-6.179136206444707,1.0557683970766447,1,False,False
835528fffffffff,-9.915737597983703,-0.202634298284873,1,False,False
835529fffffffff,-10.971662355864504,-0.2774566959747852,1,False,False
83552afffffffff,-9.324564030346645,-1.1505308765585236,1,False,False
83552bfffffffff,-10.38767086731117,-1.2227345611197111,1,False,False
83552cfffffffff,-9.43835380005988,0.8195936926291112,1,False,False
83552dfffffffff,-10.499983949130582,0.7417687208953709,1,False,False
83552efffffffff,-8.846772819658263,-0.1273783895586895,1,False,False
835530fffffffff,-4.949792708257233,-0.857459663253769,1,False,False
835531fffffffff,-6.060652125300894,-0.9313729641787504,1,False,False
835532fffffffff,-4.327880546603649,-1.819170543136072,1,False,False
835533fffffffff,-5.444347633383095,-1.8903597069109288,1,False,False
835534fffffffff,-4.451635631551046,0.1780512123322547,1,False,False
835535fffffffff,-5.567080371051593,0.1010257432375158,1,False,False
835536fffffffff,-3.828593895230526,-0.7831100857333679,1,False,False
835540fffffffff,-14.941683893124416,-2.512557968523524,1,False,False
835541fffffffff,-15.927065038833469,-2.579696641219916,1,False,False
835542fffffffff,-14.37990317360436,-3.44975216567836,1,False,False
835543fffffffff,-15.372859794382247,-3.5142396235677444,1,False,False
835544fffffffff,-14.502859499104416,-1.5073961175336206,1,False,False
835545fffffffff,-15.49546052022806,-1.5775399976518028,1,False,False
835546fffffffff,-13.941350279840805,-2.445029149932927,1,False,False
835548fffffffff,-17.313332572667022,-3.642094289964088,1,False,False
835549fffffffff,-18.26045107388235,-3.705467651913645,1,False,False
83554afffffffff,-16.7662154937923,-4.572923036474691,1,False,False
83554bfffffffff,-17.72097244456851,-4.633640459221263,1,False,False
83554cfffffffff,-16.897252788551956,-2.646448356581172,1,False,False
83554dfffffffff,-17.852048583347692,-2.712816270719165,1,False,False
83554efffffffff,-16.350742783432104,-3.578352634081423,1,False,False
835550fffffffff,-12.795672782768156,-4.326470679306644,1,False,False
835551fffffffff,-13.81055264490274,-4.38862720680057,1,False,False
835552fffffffff,-12.21244761557981,-5.269274828443335,1,False,False
835553fffffffff,-13.234095942824966,-5.328682324229875,1,False,False
835554fffffffff,-12.349864696018027,-3.31964137421523,1,False,False
835555fffffffff,-13.37213566428936,-3.384887135231846,1,False,False
835556fffffffff,-11.766476325177532,-4.26394674694771,1,False,False
835558fffffffff,-15.233704645879994,-5.446448993601926,1,False,False
835559fffffffff,-16.21109472910939,-5.504814069578889,1,False,False
83555afffffffff,-14.664043702792677,-6.38165254937059,1,False,False
83555bfffffffff,-15.64839666463001,-6.437275587386755,1,False,False
83555cfffffffff,-14.810785691198218,-4.450419413355381,1,False,False
83555dfffffffff,-15.796086989285438,-4.511850350240843,1,False,False
83555efffffffff,-14.241284084305097,-5.387739390235314,1,False,False
835560fffffffff,-14.609728781489013,0.4348742153250075,1,False,False
835561fffffffff,-15.601086227007292,0.3592346366981164,1,False,False
835562fffffffff,-14.056715667253709,-0.4993574735314403,1,False,False
835563fffffffff,-15.056236548212857,-0.5724803086979301,1,False,False
835564fffffffff,-14.156300234935198,1.4439069154861497,1,False,False
835565fffffffff,-15.15410236410033,1.3653711395112849,1,False,False
835566fffffffff,-13.603609406356377,0.5109439866184741,1,False,False
835568fffffffff,-17.010253303778143,-0.7174799801206595,1,False,False
835569fffffffff,-18.05710864412791,-0.9180584931462026,1,False,False
83556afffffffff,-16.472989792960295,-1.6472818715893025,1,False,False
83556bfffffffff,-17.435227735847825,-1.7166249805181135,1,False,False
83556cfffffffff,-16.597498289375906,0.2547090919760317,1,False,False
83556dfffffffff,-17.650775521358234,0.0606131993228423,1,False,False
83556efffffffff,-16.040829451083653,-0.6451867058330801,1,False,False
835570fffffffff,-12.473537924835654,-1.3658892104301563,1,False,False
835571fffffffff,-13.49544948625327,-1.4368469574096974,1,False,False
835572fffffffff,-11.897010667001265,-2.308788156296578,1,False,False
835573fffffffff,-12.926349106288592,-2.377106964059284,1,False,False
835574fffffffff,-12.01407509648643,-0.3518490647174164,1,False,False
835575fffffffff,-13.042551767503328,-0.4258148524908852,1,False,False
835576fffffffff,-11.437478237605887,-1.2945195363442146,1,False,False
83558dfffffffff,-6.611677708852227,-8.896448641225028,1,False,False
8355a8fffffffff,-5.662774383792561,-6.882567673680616,1,False,False
8355a9fffffffff,-6.7600089940487935,-6.938020167227532,1,False,False
8355abfffffffff,-6.140215384427572,-7.892959156287554,1,False,False
8355acfffffffff,-5.179771940307635,-5.865837303650913,1,False,False
8355adfffffffff,-6.283771714963173,-5.924537373391054,1,False,False
8355aefffffffff,-4.554623563001053,-6.826776991139536,1,False,False
835800fffffffff,-26.82198715809208,2.224746111431851,1,False,False
835801fffffffff,-27.53134823222709,3.122842349304725,1,False,False
835802fffffffff,-27.19413152486522,1.1438238756476915,1,False,False
835803fffffffff,-27.90762530051187,2.026528503340529,1,False,False
835804fffffffff,-25.733253179282443,2.419701948220799,1,False,False
835805fffffffff,-26.436660329218142,3.312506217051336,1,False,False
835806fffffffff,-26.114446977552017,1.3469799516496843,1,False,False
835808fffffffff,-29.337918508330866,3.854354964570908,1,False,False
835809fffffffff,-30.053025090905013,4.799991132003562,1,False,False
83580afffffffff,-29.709299214440865,2.733744394178366,1,False,False
83580bfffffffff,-30.429310312995813,3.6639145857651054,1,False,False
83580cfffffffff,-28.24172520173718,4.041526398446079,1,False,False
83580dfffffffff,-28.95227449531181,4.981025595501078,1,False,False
83580efffffffff,-28.62249683430674,2.929947994448031,1,False,False
835810fffffffff,-26.83832886898227,-0.7759792441268157,1,False,False
835811fffffffff,-27.55309140595997,0.0704369226950769,1,False,False
835812fffffffff,-27.18106698077326,-1.824937506995268,1,False,False
835813fffffffff,-27.89890383487255,-0.9947481537965616,1,False,False
835814fffffffff,-25.774387288764487,-0.5606624837201944,1,False,False
835815fffffffff,-26.482803375911363,0.2815345135948006,1,False,False
835816fffffffff,-26.12679983994441,-1.6022999800014357,1,False,False
835818fffffffff,-29.342352750458417,0.7273521720579313,1,False,False
835819fffffffff,-30.06642441751394,1.619994933578761,1,False,False
83581afffffffff,-29.68151672521615,-0.3621859773245797,1,False,False
83581bfffffffff,-30.40934523573933,0.5138771423607094,1,False,False
83581cfffffffff,-28.270360297789303,0.9373074713165238,1,False,False
83581dfffffffff,-28.989366243359967,1.82497144126352,1,False,False
83581efffffffff,-28.619582239585288,-0.1441102131894852,1,False,False
835820fffffffff,-24.239963538744128,3.682445940112995,1,False,False
835821fffffffff,-24.932524835081395,4.584210569224632,1,False,False
835822fffffffff,-24.64223716389644,2.6114714629248,1,False,False
835823fffffffff,-25.33925459885413,3.499016023258403,1,False,False
835824fffffffff,-23.139627017404298,3.8628679628907103,1,False,False
835825fffffffff,-23.825383347855592,4.759077976007256,1,False,False
835826fffffffff,-23.54976185287284,2.800127944214564,1,False,False
835828fffffffff,-26.73825973672569,5.333758824942325,1,False,False
835829fffffffff,-27.438616787461843,6.281325501092911,1,False,False
83582afffffffff,-27.14154124486621,4.225508445270632,1,False,False
83582bfffffffff,-27.84707537572912,5.158922315451182,1,False,False
83582cfffffffff,-25.62667495953062,5.505610240441438,1,False,False
83582dfffffffff,-26.32160416238671,6.446801033388104,1,False,False
83582efffffffff,-26.03819420810622,4.40637823776191,1,False,False
835830fffffffff,-24.33394347245937,0.6936867176641583,1,False,False
835831fffffffff,-25.03210091717796,1.5468520679271902,1,False,False
835832fffffffff,-24.707845153235404,-0.348722740536983,1,False,False
835833fffffffff,-25.409492162235946,0.4892594948183486,1,False,False
835834fffffffff,-23.256951415391622,0.894889011551397,1,False,False
835835fffffffff,-23.947897987808183,1.7435144638048383,1,False,False
835836fffffffff,-23.63947826343843,-0.1400868510868062,1,False,False
835840fffffffff,-31.77812202952837,8.950429925498707,1,False,False
835841fffffffff,-31.83234117528461,8.77826758085579,1,False,False
835842fffffffff,-32.18729563241934,7.766140238095374,1,False,False
835843fffffffff,-32.19429052177066,7.564991311242939,1,False,False
835844fffffffff,-30.658091008153885,9.09970494712031,1,False,False
835845fffffffff,-31.353385375132937,10.137062045311954,1,False,False
835846fffffffff,-31.075996084481176,7.926147045349288,1,False,False
835848fffffffff,-33.680494012722235,9.586673096614346,1,False,False
835849fffffffff,-34.41516155399447,10.629557565549105,1,False,False
83584afffffffff,-34.03965209277386,8.348112940469875,1,False,False
83584bfffffffff,-34.78141642946899,9.376876788040724,1,False,False
83584cfffffffff,-32.57139472751858,9.792598707868962,1,False,False
83584dfffffffff,-33.305051210132106,10.82781800948094,1,False,False
83584efffffffff,-32.93985880293791,8.565157882643812,1,False,False
835850fffffffff,-31.86599126571948,5.589438441000113,1,False,False
835851fffffffff,-32.58079206360897,6.585194153732617,1,False,False
835852fffffffff,-32.23795063661761,4.428186202979499,1,False,False
835853fffffffff,-32.95855206313035,5.408575853240838,1,False,False
835854fffffffff,-30.76691633573076,5.767063179527345,1,False,False
835855fffffffff,-31.47866005030457,6.755738412316439,1,False,False
835856fffffffff,-31.148514080054444,4.61573888324182,1,False,False
835858fffffffff,-33.628980848205785,6.121765122213819,1,False,False
835859fffffffff,-34.38246573008271,7.113282332971038,1,False,False
83585afffffffff,-33.94962195981428,4.907982057321951,1,False,False
83585bfffffffff,-34.708932980351854,5.883305349033343,1,False,False
83585cfffffffff,-32.54068895749355,6.35599590832395,1,False,False
83585dfffffffff,-33.29239951317805,7.341181099754251,1,False,False
83585efffffffff,-32.87152153342304,5.152328742135729,1,False,False
835860fffffffff,-29.09169470860087,10.411259950596968,1,False,False
835861fffffffff,-29.203112455657287,10.388144698014854,1,False,False
835862fffffffff,-29.53257682045552,9.24624383824204,1,False,False
835863fffffffff,-30.22509069346192,10.27543700250817,1,False,False
835864fffffffff,-27.954074342718897,10.544599358276626,1,False,False
835865fffffffff,-28.06952933902248,10.57956491265855,1,False,False
835866fffffffff,-28.402435732782344,9.390119277902004,1,False,False
835868fffffffff,-31.06212491770474,11.213364970609108,1,False,False
835869fffffffff,-31.78712812669274,12.253396872454305,1,False,False
83586afffffffff,-31.45491058960284,9.994754587165058,1,False,False
83586bfffffffff,-32.18710050410864,11.022387900320354,1,False,False
83586cfffffffff,-29.930970886397844,11.400843696124497,1,False,False
83586dfffffffff,-30.65416807019098,12.432999901893176,1,False,False
83586efffffffff,-30.33186557315459,10.19323841248926,1,False,False
835870fffffffff,-29.25663777147877,7.0876673582916,1,False,False
835871fffffffff,-29.95885020225408,8.083241513374174,1,False,False
835872fffffffff,-29.662116385998416,5.941532920294031,1,False,False
835873fffffffff,-30.370337880891665,6.923202848860696,1,False,False
835874fffffffff,-28.138395320871133,7.249209196381284,1,False,False
835875fffffffff,-28.836692634470467,8.237500139054012,1,False,False
835876fffffffff,-28.552404969438875,6.112927831636488,1,False,False
835880fffffffff,-29.152654550143456,-5.161318669403487,1,False,False
835881fffffffff,-29.883226882946897,-4.378709040156126,1,False,False
835882fffffffff,-29.43448447947981,-6.1766953661094925,1,False,False
835883fffffffff,-30.16658943633528,-5.4116477392462015,1,False,False
835884fffffffff,-28.133499417473207,-4.914743563375069,1,False,False
835885fffffffff,-28.858363510290275,-4.134927872650361,1,False,False
835886fffffffff,-28.42618229830376,-5.923919727715178,1,False,False
835888fffffffff,-31.64137688064096,-3.820077912055948,1,False,False
835889fffffffff,-32.38265947346583,-2.9925344234706515,1,False,False
83588bfffffffff,-32.65879091730304,-4.0684611022155295,1,False,False
83588cfffffffff,-30.617239034634657,-3.5755966777802164,1,False,False
83588dfffffffff,-31.35398804533436,-2.75149343452643,1,False,False
83588efffffffff,-30.902446527056945,-4.626279706345332,1,False,False
835894fffffffff,-27.9840336013692,-7.647894395930818,1,False,False
835895fffffffff,-28.706767975274182,-6.921938723884156,1,False,False
835896fffffffff,-28.25210451289975,-8.617137262825306,1,False,False
8358a0fffffffff,-26.79440462846527,-3.658424983365427,1,False,False
8358a1fffffffff,-27.51109600788665,-2.8647494264924,1,False,False
8358a2fffffffff,-27.10979043447325,-4.671847538463116,1,False,False
8358a3fffffffff,-27.82852662877108,-3.8948584844333625,1,False,False
8358a4fffffffff,-25.756701572652307,-3.425553263295344,1,False,False
8358a5fffffffff,-26.46677844972638,-2.6350706350422657,1,False,False
8358a6fffffffff,-26.08221036407968,-4.432557400839149,1,False,False
8358a8fffffffff,-29.27779485154896,-2.2808571812048286,1,False,False
8358a9fffffffff,-30.00695707361149,-1.4429531368020108,1,False,False
8358aafffffffff,-29.58702779345332,-3.334934866167607,1,False,False
8358abfffffffff,-30.318808563906707,-2.514295433311536,1,False,False
8358acfffffffff,-28.231642614702395,-2.051097558076877,1,False,False
8358adfffffffff,-28.955359004936284,-1.2170463705692012,1,False,False
8358aefffffffff,-28.551415874486977,-3.098011963424378,1,False,False
8358b0fffffffff,-26.69769071787468,-6.415749679544543,1,False,False
8358b1fffffffff,-27.41307606744676,-5.674857602440385,1,False,False
8358b2fffffffff,-26.98796426023771,-7.391087635205917,1,False,False
8358b3fffffffff,-27.704427417554545,-6.667009806972317,1,False,False
8358b4fffffffff,-25.68721294747768,-6.168089167231419,1,False,False
8358b5fffffffff,-26.39582710726232,-5.429436962785817,1,False,False
8358b6fffffffff,-25.987897491817368,-7.137901259446162,1,False,False
8358c0fffffffff,-33.22311581505974,0.3247761020519668,1,False,False
8358c1fffffffff,-33.991906064058284,1.2125148931500132,1,False,False
8358c2fffffffff,-33.48551524037622,-0.814964793209821,1,False,False
8358c3fffffffff,-34.25756712193242,0.0542972785715862,1,False,False
8358c4fffffffff,-33.26194897557306,0.9837125274471946,1,False,False
8358c5fffffffff,-32.946176416629115,1.47467894911968,1,False,False
8358c6fffffffff,-32.4539597100582,-0.5409552240044901,1,False,False
8358c8fffffffff,-35.79831884489273,1.860479230249524,1,False,False
8358c9fffffffff,-36.565151747148896,2.798232780129552,1,False,False
8358cafffffffff,-36.056255735051415,0.6749421861879267,1,False,False
8358cbfffffffff,-36.82733274702146,1.593786268854766,1,False,False
8358ccfffffffff,-34.75942310416482,2.1226683666677584,1,False,False
8358cdfffffffff,-35.52472798194013,3.05561929909086,1,False,False
8358cefffffffff,-35.02880777396399,0.9459689568635612,1,False,False
8358d0fffffffff,-32.95925943359713,-2.772331986850562,1,False,False
8358d1fffffffff,-33.73362119926632,-1.9437883882594744,1,False,False
8358d3fffffffff,-33.96771180415797,-3.0609875912467737,1,False,False
8358d4fffffffff,-33.125531863420434,-2.143149697785528,1,False,False
8358d5fffffffff,-32.71353745020738,-1.6622662377044295,1,False,False
8358d6fffffffff,-33.40417315827813,-3.2375038135914003,1,False,False
8358d8fffffffff,-35.52226910060402,-1.3763053237905902,1,False,False
8358d9fffffffff,-36.27840932621526,-0.5346709420054921,1,False,False
8358dafffffffff,-35.65777324965903,-2.674296052320323,1,False,False
8358dbfffffffff,-36.425034240493886,-1.850047152285093,1,False,False
8358dcfffffffff,-34.50848807571766,-1.093383554207734,1,False,False
8358ddfffffffff,-35.28299826121987,-0.2206305001584164,1,False,False
8358defffffffff,-34.744946202088606,-2.2297629217886343,1,False,False
8358e0fffffffff,-31.86673039033079,2.3310822634849924,1,False,False
8358e1fffffffff,-32.59454953759634,3.2728960974300034,1,False,False
8358e2fffffffff,-32.20344805875536,1.1994515988912255,1,False,False
8358e3fffffffff,-32.93584739403707,2.1244537963453225,1,False,False
8358e4fffffffff,-30.79096637065785,2.5341503751336023,1,False,False
8358e5fffffffff,-31.515109841805177,3.470123189812468,1,False,False
8358e6fffffffff,-31.13803323273068,1.411516601623802,1,False,False
8358e8fffffffff,-33.4866893846308,2.7650237733895,1,False,False
8358e9fffffffff,-34.25439469323799,3.700873942095949,1,False,False
8358eafffffffff,-33.71126171548672,2.380456104070976,1,False,False
8358ebfffffffff,-34.47460644856915,3.30859467863826,1,False,False
8358ecfffffffff,-33.320569281332254,4.237247740517682,1,False,False
8358edfffffffff,-33.186825830165155,3.955009191376592,1,False,False
8358eefffffffff,-33.66688794998998,3.072145925843088,1,False,False
8358f0fffffffff,-31.788772210928528,-0.8092508597910799,1,False,False
8358f1fffffffff,-32.52537801316939,0.0760327636962268,1,False,False
8358f2fffffffff,-32.09272886531135,-1.90592007225344,1,False,False
8358f3fffffffff,-32.83267532016316,-1.0384094858785735,1,False,False
8358f4fffffffff,-30.73815358020112,-0.5838716667216503,1,False,False
8358f5fffffffff,-31.47059400741508,0.2967992046267393,1,False,False
8358f6fffffffff,-31.052979443484976,-1.6725498395566445,1,False,False
835900fffffffff,-19.181832626324464,3.525017567409107,1,False,False
835901fffffffff,-19.84077518483447,4.386775494742753,1,False,False
835902fffffffff,-19.608778917995984,2.499480773731054,1,False,False
835903fffffffff,-20.271865761565152,3.348121128585927,1,False,False
835904fffffffff,-18.0944608547138,3.699137390750789,1,False,False
835905fffffffff,-18.744671499344747,4.555844879377872,1,False,False
835906fffffffff,-18.52748008603809,2.6811381753413803,1,False,False
835908fffffffff,-21.610109422070355,5.100197348832247,1,False,False
835909fffffffff,-22.283931242515628,6.003970667471314,1,False,False
83590afffffffff,-22.039088536517937,4.040351983649468,1,False,False
83590bfffffffff,-22.71762564313859,4.931050816790796,1,False,False
83590cfffffffff,-20.503690297556524,5.266583801280847,1,False,False
83590dfffffffff,-21.169918538493096,6.164587555299962,1,False,False
83590efffffffff,-20.93919145033244,4.21496586224217,1,False,False
835910fffffffff,-19.363436953043006,0.6628156238024682,1,False,False
835911fffffffff,-20.02531068363984,1.479845540432538,1,False,False
835912fffffffff,-19.76603324400876,-0.3363731167031911,1,False,False
835913fffffffff,-20.43126468834879,0.4667009630113862,1,False,False
835914fffffffff,-18.297694417002685,0.8559646223527211,1,False,False
835915fffffffff,-18.950534837476333,1.668838050498472,1,False,False
835916fffffffff,-18.70720202015696,-0.1363937961551822,1,False,False
835918fffffffff,-21.77717124851897,2.127496802499678,1,False,False
835919fffffffff,-22.456655332008168,2.9857425906540964,1,False,False
83591afffffffff,-22.179315115089484,1.0929372443639918,1,False,False
83591bfffffffff,-22.86264976865457,1.937039315884705,1,False,False
83591cfffffffff,-20.692277260749947,2.314955166114975,1,False,False
83591dfffffffff,-21.36374737430344,3.168384578735996,1,False,False
83591efffffffff,-21.10183526843112,1.2879003810389875,1,False,False
835920fffffffff,-16.562668771071106,4.8860097875674855,1,False,False
835921fffffffff,-17.19945952916486,5.749816012712166,1,False,False
835922fffffffff,-17.010550589675027,3.870542321641429,1,False,False
835923fffffffff,-17.65170083227978,4.7222361800540265,1,False,False
835924fffffffff,-15.478362683670577,5.047224378581781,1,False,False
835925fffffffff,-16.105809362847573,5.905786287748435,1,False,False
835926fffffffff,-15.930885871814064,4.039292367696045,1,False,False
835928fffffffff,-18.947444784787645,6.477955303484501,1,False,False
835929fffffffff,-19.600797581599792,7.382205208644077,1,False,False
83592afffffffff,-19.399217923598822,5.4302744456816905,1,False,False
83592bfffffffff,-20.0574702658884,6.322561650321125,1,False,False
83592cfffffffff,-17.84068852596787,6.630828997221819,1,False,False
83592dfffffffff,-18.48574510487312,7.529138896520249,1,False,False
83592efffffffff,-18.297532190592623,5.591331663777034,1,False,False
835930fffffffff,-16.809356382156743,2.038217799500561,1,False,False
835931fffffffff,-17.4491739351812,2.859990160498477,1,False,False
835932fffffffff,-17.23480202161998,1.0462104322940156,1,False,False
835933fffffffff,-17.878292488436262,1.854941501815509,1,False,False
835934fffffffff,-15.744484083386958,2.21872721354576,1,False,False
835935fffffffff,-16.374639606100338,3.036097813041899,1,False,False
835936fffffffff,-16.175511509320717,1.2336139193924138,1,False,False
835940fffffffff,-23.85337321596996,9.940355282977292,1,False,False
835941fffffffff,-24.52490101875569,10.930366014895757,1,False,False
835942fffffffff,-24.315335623390386,8.827618256689087,1,False,False
835943fffffffff,-24.993102394011355,9.806455030350618,1,False,False
835944fffffffff,-22.713530319583462,10.07192019488967,1,False,False
835945fffffffff,-23.3794762304554,11.054409940997958,1,False,False
835946fffffffff,-23.181282138623107,8.968758608102432,1,False,False
835948fffffffff,-25.791489261846777,10.952298456579468,1,False,False
835949fffffffff,-26.50929380112716,11.943188335379288,1,False,False
83594afffffffff,-26.81312581109716,10.675521320697072,1,False,False
83594bfffffffff,-26.9320158791113,10.76758759383192,1,False,False
83594cfffffffff,-25.194990877292927,11.938711324703275,1,False,False
83594dfffffffff,-25.362385032533595,12.11755762989635,1,False,False
83594efffffffff,-25.66976055925696,10.80408965897823,1,False,False
835950fffffffff,-24.081380449261008,6.769274250321064,1,False,False
835951fffffffff,-24.76504579002769,7.717033795251178,1,False,False
835952fffffffff,-24.513180081976337,5.6745493500778,1,False,False
835953fffffffff,-25.20223330959104,6.609427144260908,1,False,False
835954fffffffff,-22.959927800991306,6.926410555114117,1,False,False
835955fffffffff,-23.63733095240593,7.867608251358422,1,False,False
835956fffffffff,-23.398641944104032,5.84064669835939,1,False,False
835958fffffffff,-26.580788211852617,8.53780309164559,1,False,False
835959fffffffff,-27.26854482038134,9.531401461398737,1,False,False
83595afffffffff,-27.01646601926652,7.40790308327776,1,False,False
83595bfffffffff,-27.710380202359826,8.388996846725167,1,False,False
83595cfffffffff,-25.44880655219257,8.683987958715553,1,False,False
83595dfffffffff,-26.1317980883704,9.670158202421709,1,False,False
83595efffffffff,-25.891721530941883,7.563821302447619,1,False,False
835960fffffffff,-21.09065334800953,11.29602877849324,1,False,False
835962fffffffff,-21.57449336944657,10.201208981744095,1,False,False
835963fffffffff,-22.2344173869966,11.17627898640065,1,False,False
835964fffffffff,-19.949106182202392,11.41371310077503,1,False,False
835966fffffffff,-20.43717754179071,10.328278920638953,1,False,False
83596afffffffff,-24.04454307242955,12.05485776694392,1,False,False
83596bfffffffff,-24.21386603311639,12.288856359874936,1,False,False
835970fffffffff,-21.38236879462113,8.161103068671471,1,False,False
835971fffffffff,-22.04755485039989,9.107471535134067,1,False,False
835972fffffffff,-21.83875950697881,7.080902131564936,1,False,False
835973fffffffff,-22.50947324984773,8.01561019520418,1,False,False
835974fffffffff,-20.256909383874422,8.304148310181956,1,False,False
835975fffffffff,-20.915060250984663,9.243817541599304,1,False,False
835976fffffffff,-20.718757531090365,7.232813000962833,1,False,False
835980fffffffff,-21.94726392642965,-3.510048998314098,1,False,False
835981fffffffff,-22.629325175084368,-2.747593663351124,1,False,False
835982fffffffff,-22.299088845510138,-4.482782559009758,1,False,False
835983fffffffff,-22.983263426002694,-3.735614971167052,1,False,False
835984fffffffff,-20.910961033546013,-3.287747056465797,1,False,False
835985fffffffff,-21.58455652374279,-2.528262306883264,1,False,False
835986fffffffff,-21.27146824697688,-4.254542371475453,1,False,False
835988fffffffff,-24.369062785880995,-2.186167138024852,1,False,False
835989fffffffff,-25.06958701520121,-1.3831098849838783,1,False,False
83598afffffffff,-24.7161345440761,-3.196170963228424,1,False,False
83598bfffffffff,-25.419188319504272,-2.4089008441969253,1,False,False
83598cfffffffff,-23.31714812736204,-1.9667983838355696,1,False,False
83598dfffffffff,-24.01018528704924,-1.1672940336672777,1,False,False
83598efffffffff,-23.673430858905387,-2.970207426979077,1,False,False
835990fffffffff,-21.96076524163429,-6.1600523130447415,1,False,False
835991fffffffff,-22.640062738007124,-5.446034876282562,1,False,False
835992fffffffff,-22.28964534185907,-7.098004799287947,1,False,False
835993fffffffff,-22.970243877382163,-6.399407561056898,1,False,False
835994fffffffff,-20.950615935590434,-5.923998642593616,1,False,False
835995fffffffff,-21.621392169979465,-5.21210930829549,1,False,False
835996fffffffff,-21.28857269408459,-6.856799168184352,1,False,False
835998fffffffff,-24.35161685333452,-4.949239781885024,1,False,False
835999fffffffff,-25.05145584112818,-4.196801610467488,1,False,False
83599afffffffff,-24.6736620876534,-5.923960525334878,1,False,False
83599bfffffffff,-25.375111348859285,-5.1875873374470345,1,False,False
83599cfffffffff,-23.326041211091464,-4.714326848862564,1,False,False
83599dfffffffff,-24.01823473954792,-3.9645102462096258,1,False,False
83599efffffffff,-23.657716573997625,-5.68329741451826,1,False,False
8359a0fffffffff,-19.49599020074515,-2.099185250939093,1,False,False
8359a1fffffffff,-20.15820467017652,-1.328196318472841,1,False,False
8359a2fffffffff,-19.875079384502254,-3.068645356621345,1,False,False
8359a3fffffffff,-20.539865293794403,-2.312147579192013,1,False,False
8359a4fffffffff,-18.453665271033653,-1.8893126044462152,1,False,False
8359a5fffffffff,-19.10667111698948,-1.1216101574909745,1,False,False
8359a6fffffffff,-18.84034053842328,-2.852681558717665,1,False,False
8359a8fffffffff,-21.88787839735475,-0.7455015240649413,1,False,False
8359a9fffffffff,-22.570068921672707,0.0653164353624161,1,False,False
8359aafffffffff,-22.26419669698867,-1.7507251873045278,1,False,False
8359abfffffffff,-22.949359302152565,-0.9547810907308252,1,False,False
8359acfffffffff,-20.826513372190902,-0.5393875561707567,1,False,False
8359adfffffffff,-21.50040261929321,0.2675565111264049,1,False,False
8359aefffffffff,-21.21096382193656,-1.5378798484490936,1,False,False
8359b0fffffffff,-19.58377732365093,-4.754021305995945,1,False,False
8359b1fffffffff,-20.24388916456793,-4.029543154715967,1,False,False
8359b2fffffffff,-19.966560990244773,-5.7348867107883965,1,False,False
8359b3fffffffff,-20.602399028609952,-4.9814584396340775,1,False,False
8359b4fffffffff,-18.66019959793996,-4.694005574184536,1,False,False
8359b5fffffffff,-19.21705978346535,-3.8077231574668944,1,False,False
8359b6fffffffff,-19.05108788529957,-5.677871015713978,1,False,False
835e25fffffffff,-12.191314131428207,-21.11860136226728,1,False,False
835e34fffffffff,-13.577515910222544,-17.525507225722215,1,False,False
835e35fffffffff,-12.732265545072,-18.20747790283577,1,False,False
835f00fffffffff,-16.91138265061547,-21.277081964651888,1,False,False
835f01fffffffff,-16.030713245567775,-21.937346786719328,1,False,False
835f02fffffffff,-16.774746307306945,-20.10795585254272,1,False,False
835f03fffffffff,-15.89617455957418,-20.78125746971358,1,False,False
835f04fffffffff,-17.930967770676276,-21.781052320906934,1,False,False
835f05fffffffff,-17.040676104175063,-22.44144265656203,1,False,False
835f06fffffffff,-17.799611302192815,-20.603222713421967,1,False,False
835f08fffffffff,-14.16323537700167,-22.08805852117384,1,False,False
835f09fffffffff,-13.31009883365338,-22.722007912140977,1,False,False
835f0afffffffff,-14.025716705809732,-20.95293999067061,1,False,False
835f0bfffffffff,-13.174000205876428,-21.59954339252551,1,False,False
835f0cfffffffff,-15.1582709233523,-22.584254316771,1,False,False
835f0dfffffffff,-14.294674474771924,-23.218045821256496,1,False,False
835f0efffffffff,-15.02545762081296,-21.44121746914372,1,False,False
835f10fffffffff,-17.513660859348466,-18.235658491363104,1,False,False
835f11fffffffff,-16.630832390916936,-18.935013765719187,1,False,False
835f12fffffffff,-17.359242418527288,-17.047915770651244,1,False,False
835f13fffffffff,-16.479733291315576,-17.759224130561925,1,False,False
835f14fffffffff,-18.55265359169437,-18.72046644616955,1,False,False
835f15fffffffff,-17.660484578590207,-19.42109559692549,1,False,False
835f16fffffffff,-18.402500070284383,-17.522627851782342,1,False,False
835f18fffffffff,-14.740505648507972,-19.14186493435888,1,False,False
835f19fffffffff,-13.88219083143408,-19.81355165691294,1,False,False
835f1afffffffff,-14.588545599873152,-17.98736119967864,1,False,False
835f1bfffffffff,-13.732751935876598,-18.67077492720547,1,False,False
835f1cfffffffff,-15.75476852010867,-19.62088089348509,1,False,False
835f1dfffffffff,-14.886176672301833,-20.29345540719577,1,False,False
835f1efffffffff,-15.6065793263247,-18.45714957454381,1,False,False
835f20fffffffff,-19.071351127743423,-23.47398652334781,1,False,False
835f21fffffffff,-18.17022076612483,-24.119981834611625,1,False,False
835f22fffffffff,-18.95406850178437,-22.29329101321953,1,False,False
835f23fffffffff,-18.054509584287384,-22.95361857098437,1,False,False
835f24fffffffff,-20.09031570819587,-24.002656711384684,1,False,False
835f25fffffffff,-19.180361600285096,-24.647948039355963,1,False,False
835f26fffffffff,-19.97979858153664,-22.81391927983569,1,False,False
835f28fffffffff,-16.278977505935465,-24.23304179192356,1,False,False
835f29fffffffff,-15.404301066523711,-24.85268089054485,1,False,False
835f2afffffffff,-16.158325580440405,-23.088237147602342,1,False,False
835f2bfffffffff,-15.284562419100364,-23.721691536933616,1,False,False
835f2cfffffffff,-17.27710687970843,-24.75219139092635,1,False,False
835f2dfffffffff,-16.392659409612126,-25.37090271921394,1,False,False
835f2efffffffff,-17.16258820688641,-23.60011192575348,1,False,False
835f30fffffffff,-19.73254522744959,-20.418480165839267,1,False,False
835f31fffffffff,-18.828505301537707,-21.10681398798158,1,False,False
835f32fffffffff,-19.59583423666493,-19.213799428523004,1,False,False
835f33fffffffff,-18.6946829903582,-19.915537078570225,1,False,False
835f34fffffffff,-20.773162901703728,-20.930066495435035,1,False,False
835f35fffffffff,-19.86054290756964,-21.6188615340393,1,False,False
835f36fffffffff,-20.642297198401504,-19.715809186773093,1,False,False
835f40fffffffff,-10.939402496842169,-25.62696937037267,1,False,False
835f41fffffffff,-10.127602991794085,-26.198880809552065,1,False,False
835f42fffffffff,-10.810381042714964,-24.548828688657384,1,False,False
835f43fffffffff,-9.998524327528054,-25.1335447528598,1,False,False
835f44fffffffff,-11.886576646174523,-26.12729601590689,1,False,False
835f45fffffffff,-11.06371671899946,-26.697947694239858,1,False,False
835f46fffffffff,-11.762409762662806,-25.043178985390337,1,False,False
835f48fffffffff,-8.409069010345622,-26.2680638212275,1,False,False
835f49fffffffff,-7.632042921847058,-26.81834114978185,1,False,False
835f4afffffffff,-8.275482113479462,-25.220873222018103,1,False,False
835f4bfffffffff,-7.4980667221946815,-25.783468240076456,1,False,False
835f4cfffffffff,-9.32734258046976,-26.75916167370661,1,False,False
835f4dfffffffff,-8.538908632099991,-27.30805923564332,1,False,False
835f4efffffffff,-9.197984414542804,-25.706543977160333,1,False,False
835f50fffffffff,-11.499001182108808,-22.854965973223315,1,False,False
835f51fffffffff,-10.676699672737502,-23.46422423203112,1,False,False
835f52fffffffff,-11.359870301567424,-21.752360521787057,1,False,False
835f53fffffffff,-10.538421562847732,-22.37388149008689,1,False,False
835f54fffffffff,-12.466590032051151,-23.34329658914344,1,False,False
835f55fffffffff,-11.633202333922757,-23.95215828047186,1,False,False
835f56fffffffff,-12.33159018774544,-22.23347941455677,1,False,False
835f58fffffffff,-8.927222115246618,-23.581047752859035,1,False,False
835f59fffffffff,-8.13821289629362,-24.16711897294844,1,False,False
835f5cfffffffff,-9.865104853523336,-24.06147780228788,1,False,False
835f5dfffffffff,-9.064589670488129,-24.646952009440472,1,False,False
835f5efffffffff,-9.727407708051876,-22.983373271815456,1,False,False
835f60fffffffff,-12.952789806052891,-27.716515677247667,1,False,False
835f61fffffffff,-12.11968548820936,-28.27203797975499,1,False,False
835f62fffffffff,-12.839367769613231,-26.63459260882539,1,False,False
835f63fffffffff,-12.005673047085107,-27.20380628196832,1,False,False
835f64fffffffff,-13.904357287760998,-28.236132207366044,1,False,False
835f65fffffffff,-13.06078913733384,-28.78970119992412,1,False,False
835f66fffffffff,-13.797067370944736,-27.148924602398488,1,False,False
835f68fffffffff,-10.372558328505177,-28.30672543443752,1,False,False
835f69fffffffff,-9.42565347308992,-28.799721540751506,1,False,False
835f6afffffffff,-10.25229235452765,-27.25681992895038,1,False,False
835f6bfffffffff,-9.452613931352897,-27.80417061034149,1,False,False
835f6cfffffffff,-11.265143764472857,-28.80529708293087,1,False,False
835f6dfffffffff,-10.313396610521457,-29.301910272886985,1,False,False
835f6efffffffff,-11.183291985932902,-27.76109432208646,1,False,False
835f70fffffffff,-13.565135490269482,-24.9496151326771,1,False,False
835f71fffffffff,-12.720516811434296,-25.544605370054555,1,False,False
835f72fffffffff,-13.440493383834912,-23.838965726402,1,False,False
835f73fffffffff,-12.596247949900125,-24.44726072921219,1,False,False
835f74fffffffff,-14.53913269534778,-25.459303050434112,1,False,False
835f75fffffffff,-13.683996575079236,-26.053182394859096,1,False,False
835f76fffffffff,-14.41998333518964,-24.342064176690453,1,False,False
835fa1fffffffff,-17.197360407070253,-15.858883632317085,1,False,False
835fa4fffffffff,-19.1342015862908,-15.584509303027176,1,False,False
835fa5fffffffff,-18.24433640360676,-16.323061475165375,1,False,False
835fa9fffffffff,-14.430420897769457,-16.830873435827456,1,False,False
835facfffffffff,-16.32156842201281,-16.58156965874362,1,False,False
835fadfffffffff,-15.451716397799064,-17.291012482757747,1,False,False
836002fffffffff,-63.83897302097333,34.93107536876444,1,False,False
836004fffffffff,-65.03476795858528,31.49380270653708,1,False,False
836006fffffffff,-64.83787721727123,34.06707142683456,1,False,False
836010fffffffff,-64.31213710798306,39.09717970605452,1,False,False
836011fffffffff,-63.584456120527015,37.35852516797424,1,False,False
836012fffffffff,-63.98594748387043,41.53706913144628,1,False,False
836013fffffffff,-63.289372216672966,39.74222491005651,1,False,False
836014fffffffff,-65.3430379225935,38.394550605010856,1,False,False
836015fffffffff,-64.59660748259255,36.60451999952684,1,False,False
836016fffffffff,-65.02626357521058,40.95078558799152,1,False,False
836018fffffffff,-61.8602721491678,36.463340455460695,1,False,False
83601afffffffff,-61.58401148233302,38.69485201572797,1,False,False
83601cfffffffff,-62.84605875425896,35.727370167324175,1,False,False
83601efffffffff,-62.57993071769556,38.05311065477597,1,False,False
836022fffffffff,-66.0205158275256,30.4351045001342,1,False,False
836024fffffffff,-67.1154561804935,26.44091038232503,1,False,False
836026fffffffff,-67.00729900861022,29.28070620780341,1,False,False
836030fffffffff,-66.63921454262469,34.886265383816315,1,False,False
836031fffffffff,-65.84148507982778,33.12678706140505,1,False,False
836032fffffffff,-66.38100902521296,37.62650920114231,1,False,False
836033fffffffff,-65.61527758725475,35.78342782529133,1,False,False
836034fffffffff,-67.666999665658,33.90245581677166,1,False,False
836035fffffffff,-66.84834007216158,32.100234514586234,1,False,False
836036fffffffff,-67.42484707766913,36.78379401421867,1,False,False
836080fffffffff,-61.7356324507851,48.71734305144177,1,False,False
836081fffffffff,-61.149432871917874,46.876358711389976,1,False,False
836082fffffffff,-61.26349106739671,50.79920203464305,1,False,False
836083fffffffff,-60.708731472637,48.93915984275839,1,False,False
836084fffffffff,-62.77556863244597,48.4770195519049,1,False,False
836085fffffffff,-62.1763623825142,46.56729354607795,1,False,False
836086fffffffff,-62.30193107796433,50.64848398214775,1,False,False
836088fffffffff,-59.545759732690485,45.46622752862664,1,False,False
836089fffffffff,-58.942298991699445,43.84845589219463,1,False,False
83608afffffffff,-59.13454498142939,47.42747839894979,1,False,False
83608bfffffffff,-58.55859526101492,45.78538273360266,1,False,False
83608cfffffffff,-60.54596620639481,45.12290357472062,1,False,False
83608dfffffffff,-59.927720295205134,43.45393757349857,1,False,False
83608efffffffff,-60.13534073120542,47.16225414494375,1,False,False
836090fffffffff,-61.26336753193338,54.76261541622777,1,False,False
836091fffffffff,-60.76214476066044,52.810832225631394,1,False,False
836092fffffffff,-60.703284286499,56.70332712079819,1,False,False
836093fffffffff,-60.23384262198611,54.75102144007905,1,False,False
836094fffffffff,-62.30677497363894,54.7751678265056,1,False,False
836095fffffffff,-61.79705967297013,52.74415300577015,1,False,False
836096fffffffff,-61.73976977778562,56.79415581252464,1,False,False
836098fffffffff,-59.22777034570308,51.0675301074204,1,False,False
836099fffffffff,-58.69577856433472,49.33519150538017,1,False,False
83609afffffffff,-58.73464333784609,52.9297597056469,1,False,False
83609bfffffffff,-58.23123238927119,51.18747622334335,1,False,False
83609cfffffffff,-60.23863894816716,50.93846520655359,1,False,False
83609dfffffffff,-59.69531482775842,49.14452245343979,1,False,False
83609efffffffff,-59.741220436448295,52.872521167600524,1,False,False
8360a0fffffffff,-64.26659381882344,45.86748684467616,1,False,False
8360a1fffffffff,-63.61978347686923,43.917301948123175,1,False,False
8360a2fffffffff,-63.82803552977501,48.21578205531356,1,False,False
8360a3fffffffff,-63.2156102459773,46.23214348259586,1,False,False
8360a4fffffffff,-65.328662674741,45.46928144176501,1,False,False
8360a5fffffffff,-64.66676054625208,43.44402061961023,1,False,False
8360a6fffffffff,-64.89247089910494,47.9307887604898,1,False,False
8360a8fffffffff,-61.93475317958101,42.57118199462074,1,False,False
8360a9fffffffff,-61.27192301533787,40.885217425121816,1,False,False
8360aafffffffff,-61.55874207704776,44.75258519861841,1,False,False
8360abfffffffff,-60.92539060976568,43.029353167977305,1,False,False
8360acfffffffff,-62.95517648308016,42.075340832417616,1,False,False
8360adfffffffff,-62.275688220378434,40.336341297679134,1,False,False
8360aefffffffff,-62.58355007466304,44.35199333498481,1,False,False
8360b0fffffffff,-63.90719861212134,52.59318937748608,1,False,False
8360b1fffffffff,-63.35351339428386,50.48483949527549,1,False,False
8360b2fffffffff,-63.36364168541425,54.78880263929844,1,False,False
8360b3fffffffff,-62.84556148949461,52.67185266173141,1,False,False
8360b4fffffffff,-64.98147093395647,52.50728485443132,1,False,False
8360b5fffffffff,-64.4177411381309,50.30653414994561,1,False,False
8360b6fffffffff,-64.43349678290562,54.803666165572814,1,False,False
8360d0fffffffff,-57.36962774599313,42.716690161449584,1,False,False
8360d2fffffffff,-57.01009060967871,44.559101899206674,1,False,False
8360d3fffffffff,-56.42495404290173,43.10083797002163,1,False,False
8360d4fffffffff,-58.3271315331674,42.30605190413817,1,False,False
8360d6fffffffff,-57.96961447477095,44.21595877589007,1,False,False
8360f2fffffffff,-59.29702941012847,41.86613212868684,1,False,False
8360f4fffffffff,-60.5975659181168,39.28941468732768,1,False,False
8360f6fffffffff,-60.27881844549907,41.39374095796258,1,False,False
836102fffffffff,-68.41416601285478,21.933325380869228,1,False,False
836111fffffffff,-68.58477022065723,24.988721695113465,1,False,False
836113fffffffff,-68.69956839324166,28.09544963561959,1,False,False
836115fffffffff,-69.45196859542182,22.96682108209345,1,False,False
836119fffffffff,-67.99321679224525,28.018095295774195,1,False,False
83611bfffffffff,-67.85678834783894,30.97573041862969,1,False,False
83611cfffffffff,-67.56721215704687,23.897606360683284,1,False,False
83611efffffffff,-67.7008216940011,26.84714252087384,1,False,False
836188fffffffff,-66.7898022479403,42.35947245539692,1,False,False
836189fffffffff,-66.07522274354942,40.30990763264293,1,False,False
83618afffffffff,-66.40109367012779,45.03271864118831,1,False,False
83618bfffffffff,-65.72371788208426,42.92684602887184,1,False,False
83618cfffffffff,-67.86406025397557,41.73434776779408,1,False,False
83618dfffffffff,-67.13181129274163,39.60662251319904,1,False,False
83618efffffffff,-67.4830848664786,44.552034703697245,1,False,False
836198fffffffff,-66.58188164659245,49.89730293976911,1,False,False
836199fffffffff,-65.96825210893944,47.61866118862093,1,False,False
83619afffffffff,-66.06782953393389,52.41309142373404,1,False,False
83619bfffffffff,-65.49406491419928,50.11150933023794,1,False,False
83619efffffffff,-67.1656766678371,52.3093491721063,1,False,False
8361a9fffffffff,-68.47318933351481,35.8553823136603,1,False,False
8361abfffffffff,-68.19488821097003,38.8315947022255,1,False,False
8361adfffffffff,-67.78077621356329,29.834167431922985,1,False,False
836322fffffffff,-46.40591661367111,53.610346465252654,1,False,False
836324fffffffff,-45.11316395595325,54.8145216672042,1,False,False
836326fffffffff,-45.49640566543802,53.592173003729066,1,False,False
836330fffffffff,-46.20748868047323,51.1538809017937,1,False,False
836331fffffffff,-46.76107625784876,52.3795681148324,1,False,False
836332fffffffff,-46.81045182090425,50.00007186677689,1,False,False
836334fffffffff,-45.3026683036442,51.1560267301992,1,False,False
836335fffffffff,-45.86112120058964,52.3715925409,1,False,False
836336fffffffff,-45.85393032063112,49.99975589774115,1,False,False
836382fffffffff,-49.01996422211188,51.11829688827733,1,False,False
836386fffffffff,-48.12456760732924,50.89640018972838,1,False,False
836390fffffffff,-49.51699545374287,48.679033026223394,1,False,False
836391fffffffff,-49.71985708786305,50.105072425001,1,False,False
836392fffffffff,-50.21465130675218,47.857631710804014,1,False,False
836393fffffffff,-50.42513052426461,49.31901526971662,1,False,False
836394fffffffff,-48.61294659776478,48.47832476370111,1,False,False
836395fffffffff,-48.82566430820433,49.803807280026,1,False,False
836396fffffffff,-49.29660803541479,47.33032041221588,1,False,False
83639cfffffffff,-49.9029175558391,51.52495022099689,1,False,False
83639efffffffff,-50.61493307120136,50.7749495271199,1,False,False
8363b2fffffffff,-47.69476234502222,48.28177769434221,1,False,False
8363b3fffffffff,-47.91884409979133,49.594367865631696,1,False,False
83648afffffffff,-45.36715737054399,122.02503303442988,1,False,False
836499fffffffff,-45.72440522480708,120.46602850271326,1,False,False
8364a9fffffffff,-42.99593479861535,126.84740930087536,1,False,False
8364adfffffffff,-41.83074006021888,127.05737884717212,1,False,False
8364b4fffffffff,-22.49947378105018,157.51431442748247,1,False,False
8364b6fffffffff,-21.777935041796272,156.54583855523822,1,False,False
8364f4fffffffff,-43.709914471372606,128.13422006893958,1,False,False
8364f6fffffffff,-44.15729717025258,126.6299791077317,1,False,False
836580fffffffff,-22.58659391127241,163.0263119669669,1,False,False
836581fffffffff,-23.73998320806117,162.88404250976276,1,False,False
836582fffffffff,-21.895764315280605,162.01321694345145,1,False,False
836583fffffffff,-23.044464035217704,161.86045412452202,1,False,False
836586fffffffff,-21.439789313833018,163.16541101544914,1,False,False
83658efffffffff,-24.199266375312742,161.70420960144824,1,False,False
836590fffffffff,-20.065422592769668,161.17297574675146,1,False,False
836591fffffffff,-21.2014069231924,161.01366060614464,1,False,False
836593fffffffff,-20.50441531632524,160.0279694245386,1,False,False
836595fffffffff,-20.754058693044406,162.1626110525538,1,False,False
836598fffffffff,-22.78617268841792,159.6789722559562,1,False,False
836599fffffffff,-23.936518784337085,159.49858451648083,1,False,False
83659afffffffff,-22.074732861863858,158.68864834755942,1,False,False
83659bfffffffff,-23.21931192424892,158.4986308643097,1,False,False
83659cfffffffff,-22.34477794645716,160.85079330442136,1,False,False
83659dfffffffff,-23.494661105950133,160.68425642370528,1,False,False
83659efffffffff,-21.64184141590076,159.8553917995339,1,False,False
836641fffffffff,-12.003713883871695,-32.415601499990025,1,False,False
836644fffffffff,-10.11157230377373,-32.372716097175086,1,False,False
836645fffffffff,-11.089001926261718,-31.870875778942843,1,False,False
83664cfffffffff,-12.98176067130786,-31.90862390177697,1,False,False
83664dfffffffff,-13.954865771557897,-31.399718522375792,1,False,False
836660fffffffff,-9.2862571454541,-30.808596345208507,1,False,False
836661fffffffff,-10.250241921888774,-30.311527325327603,1,False,False
836662fffffffff,-9.210732291666057,-31.833897211340123,1,False,False
836663fffffffff,-10.182997009817834,-31.335252379483823,1,False,False
836664fffffffff,-8.399298086058463,-30.2907711379911,1,False,False
836665fffffffff,-9.357872115940133,-29.79709077541021,1,False,False
836666fffffffff,-8.319513878284521,-31.303997317076814,1,False,False
836668fffffffff,-12.117112657721629,-30.33270944839509,1,False,False
836669fffffffff,-13.07746544244601,-29.828947385495617,1,False,False
83666afffffffff,-12.06274068643001,-31.367152724092424,1,False,False
83666bfffffffff,-13.03202506610668,-30.86161461380973,1,False,False
83666cfffffffff,-11.210719611314705,-29.812857009565967,1,False,False
83666dfffffffff,-12.166954941923716,-29.31265355094284,1,False,False
83666efffffffff,-11.15204271088312,-30.834834037036977,1,False,False
836671fffffffff,-9.131229539321026,-32.872607657764256,1,False,False
836674fffffffff,-7.259630266268109,-32.82560507661443,1,False,False
836675fffffffff,-8.236017455245634,-32.330702818483786,1,False,False
836748fffffffff,-7.603352128931249,-28.794256447859084,1,False,False
836749fffffffff,-8.547958973805356,-28.30614275139241,1,False,False
83674afffffffff,-7.522593176834895,-29.78163898823125,1,False,False
83674bfffffffff,-8.475425390048247,-29.29138161841404,1,False,False
83674dfffffffff,-7.680740956235839,-27.82102576337775,1,False,False
836758fffffffff,-6.475966465347346,-31.27336817174933,1,False,False
836759fffffffff,-7.43841370916464,-30.78288520692794,1,False,False
83675afffffffff,-6.3807939581792334,-32.28953537205844,1,False,False
83675bfffffffff,-7.350770905210847,-31.797664933409912,1,False,False
836a00fffffffff,-43.50808272893521,14.892600095408197,1,False,False
836a01fffffffff,-44.16912025029372,16.116228145050222,1,False,False
836a02fffffffff,-43.86693241287046,13.500906113988137,1,False,False
836a03fffffffff,-44.54671122690481,14.720948785386614,1,False,False
836a04fffffffff,-42.46920614503166,15.058442756357,1,False,False
836a05fffffffff,-43.13255669217669,16.267465702515835,1,False,False
836a06fffffffff,-42.83428133529126,13.695735370897376,1,False,False
836a08fffffffff,-45.86964728820912,17.255215557952784,1,False,False
836a09fffffffff,-46.51039140789473,18.5692882800313,1,False,False
836a0afffffffff,-46.27273722545632,15.821318502895435,1,False,False
836a0bfffffffff,-46.93354055597586,17.13492651334175,1,False,False
836a0cfffffffff,-44.81799591063503,17.369665023067906,1,False,False
836a0dfffffffff,-45.45355333598175,18.652769775811134,1,False,False
836a0efffffffff,-45.21468630947757,15.97238942525664,1,False,False
836a10fffffffff,-43.50310058576577,10.89712566503018,1,False,False
836a11fffffffff,-44.21195364624679,12.078887534342757,1,False,False
836a12fffffffff,-43.81461619540743,9.454602791990052,1,False,False
836a13fffffffff,-44.54203240725428,10.627350620972129,1,False,False
836a14fffffffff,-42.476799534088606,11.154504143212856,1,False,False
836a15fffffffff,-43.1765605109302,12.31215942272637,1,False,False
836a16fffffffff,-42.78536725583682,9.74774053360384,1,False,False
836a18fffffffff,-45.96679084266826,13.075467673232362,1,False,False
836a19fffffffff,-46.66152406055846,14.351508280400392,1,False,False
836a1afffffffff,-46.319725799394114,11.577171392272197,1,False,False
836a1bfffffffff,-47.03470092899642,12.846425200667936,1,False,False
836a1cfffffffff,-44.91068261364995,13.293365224857276,1,False,False
836a1dfffffffff,-45.598031143870834,14.540799272678772,1,False,False
836a1efffffffff,-45.25985678787001,11.834175873521676,1,False,False
836a20fffffffff,-41.02286002045536,16.566687683708125,1,False,False
836a21fffffffff,-41.882483344318096,16.885670072291006,1,False,False
836a22fffffffff,-41.41712796837897,15.220838788122618,1,False,False
836a23fffffffff,-42.08421172211981,16.418655502643738,1,False,False
836a24fffffffff,-40.14260395002476,15.846631900747472,1,False,False
836a25fffffffff,-40.81356306084993,17.036638041910393,1,False,False
836a26fffffffff,-40.35234353641139,15.379892000404348,1,False,False
836a28fffffffff,-43.58691107186905,17.966007461246736,1,False,False
836a29fffffffff,-44.21906780687748,19.22189932820721,1,False,False
836a2afffffffff,-43.78097358025128,17.49900124352817,1,False,False
836a2bfffffffff,-44.413537232472,18.75251474158464,1,False,False
836a2cfffffffff,-42.53514635222648,18.108232872770657,1,False,False
836a2dfffffffff,-43.17213144900167,19.351548520698355,1,False,False
836a2efffffffff,-42.73685766264363,17.638403094945524,1,False,False
836a30fffffffff,-41.10155943536238,12.7095803236016,1,False,False
836a31fffffffff,-41.791878096582096,13.872367564084678,1,False,False
836a32fffffffff,-41.44723653715352,11.373928041915365,1,False,False
836a33fffffffff,-42.14699741463699,12.522762914664998,1,False,False
836a34fffffffff,-40.04353442000379,12.892635941835035,1,False,False
836a35fffffffff,-40.736570952732514,14.045385244313849,1,False,False
836a36fffffffff,-40.39926185149698,11.57033133270988,1,False,False
836a40fffffffff,-48.09783536568344,23.1024360767842,1,False,False
836a41fffffffff,-48.66221355382935,24.5237218308943,1,False,False
836a42fffffffff,-48.58143679844829,21.70717852242904,1,False,False
836a43fffffffff,-49.16598864404404,23.137705672715093,1,False,False
836a44fffffffff,-47.04071396773182,23.068945143218382,1,False,False
836a45fffffffff,-47.60422076730544,24.45375335948983,1,False,False
836a46fffffffff,-47.51478179483026,21.708902182831107,1,False,False
836a48fffffffff,-50.27481059821192,26.085332339863445,1,False,False
836a49fffffffff,-50.29254581741459,28.66677484194722,1,False,False
836a4afffffffff,-50.33249480570848,25.772760730950587,1,False,False
836a4bfffffffff,-50.86058762507206,27.29978881290901,1,False,False
836a4cfffffffff,-49.20692899613923,25.97179640752657,1,False,False
836a4dfffffffff,-49.7310522641146,27.44552346321427,1,False,False
836a4efffffffff,-49.730784366588125,24.59743966082856,1,False,False
836a50fffffffff,-48.20845385826704,19.860715404136453,1,False,False
836a51fffffffff,-49.05357065336585,20.267538628904344,1,False,False
836a52fffffffff,-48.6593907587451,18.38902543850024,1,False,False
836a53fffffffff,-49.292242594138784,19.804215218878973,1,False,False
836a54fffffffff,-47.13573126705121,19.914330448338376,1,False,False
836a55fffffffff,-47.9781971999903,20.306719412195697,1,False,False
836a56fffffffff,-47.57919039798156,18.481488029679515,1,False,False
836a58fffffffff,-50.29939604568102,22.82880445548265,1,False,False
836a59fffffffff,-50.870442766264745,24.33940302140682,1,False,False
836a5afffffffff,-50.80380132203887,21.334827484854,1,False,False
836a5bfffffffff,-51.396707622568734,22.85491491135317,1,False,False
836a5cfffffffff,-49.65897157729414,21.705361794164364,1,False,False
836a5dfffffffff,-50.24459244716287,23.174899461109074,1,False,False
836a5efffffffff,-49.70740514801805,21.35016461804996,1,False,False
836a60fffffffff,-45.54664543539597,24.517491914427605,1,False,False
836a61fffffffff,-46.09323762793305,25.8525559205616,1,False,False
836a62fffffffff,-46.01018791521327,23.110190506962045,1,False,False
836a63fffffffff,-46.56960663209776,24.443524221911108,1,False,False
836a64fffffffff,-44.5094933882589,24.58978374696385,1,False,False
836a65fffffffff,-45.06301488436661,25.910040227332104,1,False,False
836a66fffffffff,-44.980562583600445,23.198840035562,1,False,False
836a68fffffffff,-47.6281522691113,27.15959678599911,1,False,False
836a69fffffffff,-48.1350169026903,28.579720068785864,1,False,False
836a6afffffffff,-48.14912910047853,25.86407754300548,1,False,False
836a6bfffffffff,-48.67453008358565,27.2988743766212,1,False,False
836a6cfffffffff,-46.61976133640126,27.202864790948844,1,False,False
836a6dfffffffff,-47.12570903782578,28.56715684254281,1,False,False
836a6efffffffff,-47.10911477440379,25.793727843716507,1,False,False
836a70fffffffff,-45.86179728656011,20.379271975731275,1,False,False
836a71fffffffff,-46.4595704135756,21.710539748321125,1,False,False
836a72fffffffff,-46.29684038637274,19.008106959756617,1,False,False
836a73fffffffff,-46.91409028564181,20.34391481174502,1,False,False
836a74fffffffff,-44.8341958288162,20.498434533843383,1,False,False
836a75fffffffff,-45.43148679093338,21.794828419112594,1,False,False
836a76fffffffff,-45.252192992514345,19.089340740518743,1,False,False
836a80fffffffff,-45.69131782784923,4.548738918224437,1,False,False
836a81fffffffff,-46.48549323257271,5.702323680199855,1,False,False
836a82fffffffff,-45.930793734102245,2.968350099386184,1,False,False
836a83fffffffff,-46.743632916409176,4.102664869859794,1,False,False
836a84fffffffff,-44.64886046201196,4.973711915130352,1,False,False
836a85fffffffff,-45.43173256571412,6.106504745818571,1,False,False
836a86fffffffff,-44.89030310076969,3.4337400416437256,1,False,False
836a88fffffffff,-48.3455223226762,6.494316072246282,1,False,False
836a89fffffffff,-49.131574684659945,7.753943908609064,1,False,False
836a8afffffffff,-48.62157125107274,4.830758343485785,1,False,False
836a8bfffffffff,-49.428522873318045,6.071691057728764,1,False,False
836a8cfffffffff,-47.271411971222335,6.895547563403715,1,False,False
836a8dfffffffff,-48.04761688818882,8.129399792653944,1,False,False
836a8efffffffff,-47.54903518641663,5.277594031559064,1,False,False
836a90fffffffff,-45.31300763440439,0.2947147960839095,1,False,False
836a91fffffffff,-46.14928136205451,1.3672961459366453,1,False,False
836a92fffffffff,-45.4927651426076,-1.3002778452863584,1,False,False
836a93fffffffff,-46.34597802248696,-0.2522848042063705,1,False,False
836a94fffffffff,-44.28847890890751,0.8166286277997197,1,False,False
836a95fffffffff,-45.11194905637758,1.8734238289425225,1,False,False
836a96fffffffff,-44.47299385446366,-0.739248764951694,1,False,False
836a98fffffffff,-48.03839443175499,1.9667239487961712,1,False,False
836a99fffffffff,-48.87466307388918,3.140850907198005,1,False,False
836a9afffffffff,-48.24822164274918,0.278326412077912,1,False,False
836a9bfffffffff,-49.10377875736109,1.426968749304085,1,False,False
836a9cfffffffff,-46.98043428602232,2.4799047942944124,1,False,False
836a9dfffffffff,-47.80502817760784,3.63393651316904,1,False,False
836a9efffffffff,-47.19500027760795,0.8361958676257564,1,False,False
836aa0fffffffff,-43.35640042339139,6.858771055500991,1,False,False
836aa1fffffffff,-44.1100766508248,7.985662750284852,1,False,False
836aa2fffffffff,-43.61697623351608,5.379002896241971,1,False,False
836aa3fffffffff,-44.38847952858218,6.491555767449386,1,False,False
836aa4fffffffff,-42.33610251818682,7.209333618169982,1,False,False
836aa5fffffffff,-43.07888791814716,8.315450705285166,1,False,False
836aa6fffffffff,-42.596319467632696,5.76591034757903,1,False,False
836aa8fffffffff,-45.9091482070154,8.824757424440804,1,False,False
836aa9fffffffff,-46.65560688756644,10.046902599268758,1,False,False
836aaafffffffff,-46.20698682022415,7.276933329663097,1,False,False
836aabfffffffff,-46.97322678632678,8.485878394092397,1,False,False
836aacfffffffff,-44.85606794367897,9.14728678843871,1,False,False
836aadfffffffff,-45.59306311487919,10.34427416999683,1,False,False
836aaefffffffff,-45.15298267411238,7.639878824208215,1,False,False
836ab0fffffffff,-43.06565139352855,2.817215020804934,1,False,False
836ab1fffffffff,-43.859728527030526,3.8776120712153217,1,False,False
836ab2fffffffff,-43.27319563056463,1.3150627335620149,1,False,False
836ab3fffffffff,-44.08382139597432,2.356226092532521,1,False,False
836ab4fffffffff,-42.05812831811462,3.257780430026994,1,False,False
836ab5fffffffff,-42.83977305079814,4.301375059494133,1,False,False
836ab6fffffffff,-42.267896065091634,1.7914961087733363,1,False,False
836ac0fffffffff,-51.02511951625048,13.487555427889244,1,False,False
836ac1fffffffff,-51.54232689151323,15.066773929441156,1,False,False
836ac2fffffffff,-51.41144228690022,11.799958796111117,1,False,False
836ac3fffffffff,-51.95577335480132,13.380458695911678,1,False,False
836ac4fffffffff,-49.919111337190174,13.721307487594377,1,False,False
836ac5fffffffff,-50.61843107368976,15.132641847605653,1,False,False
836ac6fffffffff,-50.302911221499,12.083260263510471,1,False,False
836ac8fffffffff,-53.34996052394585,16.395965780255178,1,False,False
836ac9fffffffff,-54.015522167700176,17.97303100949807,1,False,False
836acafffffffff,-53.79117758893376,14.651180615563996,1,False,False
836acbfffffffff,-54.482041906995086,16.225798984346813,1,False,False
836accfffffffff,-52.22537136967154,16.556254090360255,1,False,False
836acdfffffffff,-52.88804340418159,18.08911444276956,1,False,False
836acefffffffff,-52.66285421084942,14.865077928830924,1,False,False
836ad0fffffffff,-51.00727918366484,8.690816397907732,1,False,False
836ad1fffffffff,-51.77581281724356,10.071222353342783,1,False,False
836ad2fffffffff,-51.32493190010238,6.9398499265813465,1,False,False
836ad3fffffffff,-52.11668218240871,8.303083082986467,1,False,False
836ad4fffffffff,-49.90563743662352,9.057504317436637,1,False,False
836ad5fffffffff,-50.6661276459604,10.405914925558015,1,False,False
836ad6fffffffff,-50.22429911359633,7.357988891171038,1,False,False
836ad8fffffffff,-53.472611917208425,11.339914170436222,1,False,False
836ad9fffffffff,-54.20981805115824,12.85574318694066,1,False,False
836adafffffffff,-53.841380231611474,9.508887561921732,1,False,False
836adbfffffffff,-54.604022397977104,11.01109284621391,1,False,False
836adcfffffffff,-52.347740907386495,11.64966660601356,1,False,False
836addfffffffff,-53.07919070394626,13.125876391741084,1,False,False
836adefffffffff,-52.89308973110472,9.716864918363688,1,False,False
836ae0fffffffff,-48.42411821526375,15.495192547085091,1,False,False
836ae1fffffffff,-49.095824172472405,16.874950807252393,1,False,False
836ae2fffffffff,-48.82270673278413,13.94258916585819,1,False,False
836ae3fffffffff,-49.516240042895646,15.318839653140838,1,False,False
836ae4fffffffff,-47.3427412238023,15.662458128183772,1,False,False
836ae5fffffffff,-48.00913028383262,17.008340404201224,1,False,False
836ae6fffffffff,-47.736621871329184,14.152366350084042,1,False,False
836ae8fffffffff,-50.65773325482908,18.301872827486644,1,False,False
836ae9fffffffff,-51.29408204556961,19.791453526783688,1,False,False
836aeafffffffff,-51.109083830285,16.707497541968277,1,False,False
836aebfffffffff,-51.76852263410696,18.19854319644749,1,False,False
836aecfffffffff,-49.75038755129809,18.291519532683125,1,False,False
836aedfffffffff,-50.18995494918856,19.84947196714304,1,False,False
836aeefffffffff,-50.19298359292475,16.734195656405152,1,False,False
836af0fffffffff,-48.47292100138646,11.022431214329044,1,False,False
836af1fffffffff,-49.20344546469107,12.351335211492732,1,False,False
836af2fffffffff,-48.8126169928838,9.404787283262944,1,False,False
836af3fffffffff,-49.56489425264093,10.72251431963298,1,False,False
836af4fffffffff,-47.39096383870024,11.306935120001947,1,False,False
836af5fffffffff,-48.113805405678505,12.605368230281496,1,False,False
836af6fffffffff,-47.72902331158234,9.734142330103696,1,False,False
836b02fffffffff,-36.57291117901378,13.88576911805203,1,False,False
836b06fffffffff,-35.463256561031166,14.058059661144892,1,False,False
836b09fffffffff,-39.30338631067655,18.516987411808792,1,False,False
836b0afffffffff,-39.05820075620283,16.00548352666817,1,False,False
836b0bfffffffff,-39.73236883182779,17.184443518162833,1,False,False
836b0dfffffffff,-38.20254245909844,18.64757054511245,1,False,False
836b10fffffffff,-36.24430346996442,11.49997433392018,1,False,False
836b11fffffffff,-36.96332590858172,12.594196642964627,1,False,False
836b12fffffffff,-36.60877178782313,10.22155700355673,1,False,False
836b13fffffffff,-37.33600064928772,11.302370782840253,1,False,False
836b14fffffffff,-35.142817875713035,11.693776154343476,1,False,False
836b15fffffffff,-35.86241598000796,12.779233418938324,1,False,False
836b16fffffffff,-35.516650034134,10.427505446732088,1,False,False
836b18fffffffff,-38.7618378008788,13.530706143033228,1,False,False
836b19fffffffff,-39.458365032381536,14.67786024183433,1,False,False
836b1afffffffff,-39.13387975826095,12.212944313666313,1,False,False
836b1bfffffffff,-39.8397571658945,13.347726067537655,1,False,False
836b1cfffffffff,-37.67267091662503,13.710018570559551,1,False,False
836b1dfffffffff,-38.3713024160402,14.847214685773148,1,False,False
836b1efffffffff,-38.0540382206222,12.405469374474984,1,False,False
836b29fffffffff,-36.629048059573,20.07331746571796,1,False,False
836b30fffffffff,-33.632903878174425,13.138645617726048,1,False,False
836b31fffffffff,-34.34444662111684,14.22698835382068,1,False,False
836b32fffffffff,-34.03227466387321,11.883880602656246,1,False,False
836b33fffffffff,-34.752023570538704,12.960683154596708,1,False,False
836b34fffffffff,-32.50584984054444,13.313217047112422,1,False,False
836b35fffffffff,-33.21726036597151,14.39264979056548,1,False,False
836b36fffffffff,-32.91344304118742,12.070388418987548,1,False,False
836b40fffffffff,-40.72640609496024,23.53418106067036,1,False,False
836b41fffffffff,-41.31714431607909,24.79715282322115,1,False,False
836b42fffffffff,-41.20701395439213,22.192775719530967,1,False,False
836b43fffffffff,-41.809346112746205,23.45310821264661,1,False,False
836b44fffffffff,-39.63144206501698,23.61351072968588,1,False,False
836b45fffffffff,-40.227721081010046,24.86327814956832,1,False,False
836b46fffffffff,-40.11878049420469,22.2869106312201,1,False,False
836b48fffffffff,-42.961088746346114,26.0211571541135,1,False,False
836b49fffffffff,-43.50917052580747,27.32683048487757,1,False,False
836b4afffffffff,-43.458551799570685,24.66045581305565,1,False,False
836b4bfffffffff,-44.0188237483574,25.966226174495205,1,False,False
836b4cfffffffff,-41.8902823218507,26.074874650489736,1,False,False
836b4dfffffffff,-42.44516902134467,27.36631433870745,1,False,False
836b4efffffffff,-42.39426970752663,24.729561740167945,1,False,False
836b50fffffffff,-41.03867496700601,19.60248864769664,1,False,False
836b51fffffffff,-41.66898584665672,20.84037985833677,1,False,False
836b52fffffffff,-41.47028138620952,18.24740833091406,1,False,False
836b53fffffffff,-42.1118343969113,19.47838177630494,1,False,False
836b54fffffffff,-39.95319939668716,19.7239549809088,1,False,False
836b55fffffffff,-40.58802843537588,20.949456527813137,1,False,False
836b56fffffffff,-40.392838177430434,18.383629311184595,1,False,False
836b58fffffffff,-43.34596290323278,21.998225244916007,1,False,False
836b59fffffffff,-43.936922099789896,23.28549937796151,1,False,False
836b5afffffffff,-43.792567850363206,20.61494976686038,1,False,False
836b5bfffffffff,-44.39563398148588,21.897669603108607,1,False,False
836b5cfffffffff,-42.28292352817246,22.09657009871211,1,False,False
836b5dfffffffff,-42.87969207309406,23.370234426399687,1,False,False
836b5efffffffff,-42.73733977089087,20.728903993007112,1,False,False
836b60fffffffff,-38.01440200887389,24.99131753871753,1,False,False
836b61fffffffff,-38.60488060758522,26.22913459347876,1,False,False
836b62fffffffff,-38.52507174855498,23.69115254828163,1,False,False
836b63fffffffff,-39.1265934179822,24.92798471605176,1,False,False
836b64fffffffff,-36.8918336875747,25.053319755716306,1,False,False
836b65fffffffff,-37.48747258034477,26.278378329744488,1,False,False
836b66fffffffff,-37.40795965066304,23.76715954026252,1,False,False
836b68fffffffff,-40.27936166215531,27.44270471838248,1,False,False
836b69fffffffff,-40.82929611395002,28.718576914769105,1,False,False
836b6afffffffff,-40.80692509616619,26.12741834362922,1,False,False
836b6bfffffffff,-41.36838482656277,27.40492964551181,1,False,False
836b6cfffffffff,-39.17869098026358,27.47966665446284,1,False,False
836b6dfffffffff,-39.735188937372165,28.741901800175345,1,False,False
836b6efffffffff,-39.71158576531696,26.17882620605659,1,False,False
836b70fffffffff,-38.39063210547839,21.160712599211447,1,False,False
836b71fffffffff,-39.01881738413808,22.37904048401245,1,False,False
836b72fffffffff,-38.85600155106861,19.842863102489165,1,False,False
836b73fffffffff,-39.49503789710733,21.056209864719943,1,False,False
836b74fffffffff,-37.275475547992194,21.263034486753668,1,False,False
836b75fffffffff,-37.90776609309056,22.46922820244849,1,False,False
836b76fffffffff,-37.74772223038799,19.959291995585616,1,False,False
836b80fffffffff,-38.54412561767074,7.02193557490268,1,False,False
836b81fffffffff,-39.28341836950749,8.073425464011404,1,False,False
836b82fffffffff,-38.83971139499001,5.754534323210093,1,False,False
836b83fffffffff,-39.58586008472633,6.78864999716627,1,False,False
836b84fffffffff,-37.59715622284231,6.4039811683731545,1,False,False
836b85fffffffff,-38.23086004402288,8.295085070783248,1,False,False
836b86fffffffff,-37.79757406961634,5.994620862207548,1,False,False
836b88fffffffff,-41.0538552820753,8.931205889692514,1,False,False
836b89fffffffff,-41.76884044962677,10.027644738737674,1,False,False
836b8afffffffff,-41.32813526949166,7.544326557451991,1,False,False
836b8bfffffffff,-42.05997866177422,8.630307143824501,1,False,False
836b8cfffffffff,-40.01440217385299,9.149220573069286,1,False,False
836b8dfffffffff,-40.73602463830446,10.24938849227598,1,False,False
836b8efffffffff,-40.32425825359133,7.847491146777097,1,False,False
836b90fffffffff,-38.35909328463778,3.502970237423044,1,False,False
836b91fffffffff,-39.105409232365,4.469232802112599,1,False,False
836b92fffffffff,-38.55786795950193,2.150615399277348,1,False,False
836b93fffffffff,-39.31833121746002,3.101910325402255,1,False,False
836b94fffffffff,-37.32833083552919,3.7596052944892495,1,False,False
836b95fffffffff,-38.08685696204674,4.744938414404236,1,False,False
836b96fffffffff,-37.59527268038693,2.5363293963629383,1,False,False
836b98fffffffff,-40.83422383895816,5.093640684386726,1,False,False
836b99fffffffff,-41.58748464907235,6.135624309337768,1,False,False
836b9afffffffff,-41.06187915956939,3.679201359826231,1,False,False
836b9bfffffffff,-41.83107787665002,4.706321891703499,1,False,False
836b9cfffffffff,-39.84973305478194,5.464424787936466,1,False,False
836b9dfffffffff,-40.59100787312239,6.4892371068099415,1,False,False
836b9efffffffff,-40.077470278121154,4.082656374370362,1,False,False
836ba0fffffffff,-36.21302944667187,7.901799466743906,1,False,False
836ba1fffffffff,-36.95573885303589,8.945251002604746,1,False,False
836ba2fffffffff,-36.53553258124178,6.6447931427073845,1,False,False
836ba3fffffffff,-37.28518609026941,7.672313351131912,1,False,False
836ba4fffffffff,-35.13095314514179,8.127029142682249,1,False,False
836ba5fffffffff,-35.87340472619986,9.163105400646328,1,False,False
836ba6fffffffff,-35.46374589478207,6.88118935670112,1,False,False
836ba8fffffffff,-38.762132117360565,9.797534033503927,1,False,False
836ba9fffffffff,-39.48731082196389,10.89532202863316,1,False,False
836baafffffffff,-38.96286506549646,9.363032893048205,1,False,False
836babfffffffff,-39.6860158925023,10.45478645898694,1,False,False
836bacfffffffff,-37.69082086624606,10.011603914228951,1,False,False
836badfffffffff,-38.41721912623671,11.100857369731076,1,False,False
836baefffffffff,-38.02773801895024,8.72320197195224,1,False,False
836bb0fffffffff,-36.07928463309201,4.406112816683778,1,False,False
836bb1fffffffff,-36.8409809802273,5.393267197220833,1,False,False
836bb2fffffffff,-36.28685325042335,4.011721513105899,1,False,False
836bb3fffffffff,-37.044806466843056,4.991295024799138,1,False,False
836bb4fffffffff,-35.019107348289026,4.659279382878276,1,False,False
836bb5fffffffff,-35.77982706504008,5.640509504418219,1,False,False
836bb6fffffffff,-35.31309505027052,3.442269546048787,1,False,False
836d20fffffffff,-2.782321663504013,-26.05918605229952,1,False,False
836d21fffffffff,-3.5539786482558164,-26.829351461624967,1,False,False
836d25fffffffff,-3.85015079019355,-25.739498065074265,1,False,False
836d2cfffffffff,-4.316341988657964,-27.592136619615,1,False,False
836d2dfffffffff,-5.06891491847391,-28.34738065084626,1,False,False
837434fffffffff,-23.811040700627643,-14.30023152219597,1,False,False
837436fffffffff,-23.27652669630012,-15.177734402502947,1,False,False
837500fffffffff,-24.18503765125371,-10.10718439032687,1,False,False
837501fffffffff,-25.153316556950635,-10.3690798097309,1,False,False
837502fffffffff,-23.50218110387228,-10.743593599064273,1,False,False
837503fffffffff,-24.46293305706893,-11.006231909566386,1,False,False
837504fffffffff,-23.89697563180868,-9.19671413577214,1,False,False
837505fffffffff,-24.87543296360188,-9.454211207184676,1,False,False
837506fffffffff,-23.21424970192225,-9.84868909987526,1,False,False
837508fffffffff,-26.375580392780645,-11.541745914023666,1,False,False
83750afffffffff,-25.678464438887914,-12.163547518244656,1,False,False
83750cfffffffff,-26.11848479327433,-10.634431725221669,1,False,False
83750dfffffffff,-27.079950400599834,-10.903297408408251,1,False,False
83750efffffffff,-25.420927209033245,-11.272264503695244,1,False,False
837510fffffffff,-22.06672226512879,-11.493030721091664,1,False,False
837511fffffffff,-22.91559888478728,-11.531954124074636,1,False,False
837512fffffffff,-21.52793166326289,-12.390936150537902,1,False,False
837513fffffffff,-22.38342241721921,-12.42717988421886,1,False,False
837514fffffffff,-21.740462953576028,-10.55085901963942,1,False,False
837515fffffffff,-22.59799281293153,-10.59270100424286,1,False,False
837516fffffffff,-21.202439888070938,-11.453878707906728,1,False,False
837518fffffffff,-24.048555825227314,-12.49903475501888,1,False,False
837519fffffffff,-24.988951657914896,-12.769204041877751,1,False,False
83751afffffffff,-23.522072951506622,-13.386091164126976,1,False,False
83751bfffffffff,-24.33843646566871,-13.419071114886895,1,False,False
83751cfffffffff,-23.78022591076417,-11.627107474909442,1,False,False
83751dfffffffff,-24.73084041493366,-11.893636015857048,1,False,False
83751efffffffff,-23.22361241007527,-12.463212146656058,1,False,False
837520fffffffff,-24.288121751318805,-7.590441427331928,1,False,False
837521fffffffff,-25.284207814071245,-7.8417935905711635,1,False,False
837522fffffffff,-23.598583646455435,-8.275070527493837,1,False,False
837523fffffffff,-24.587091094843508,-8.527905954210299,1,False,False
837524fffffffff,-23.978373871912872,-6.642125608753182,1,False,False
837525fffffffff,-24.984481027975576,-6.888268927737525,1,False,False
837526fffffffff,-23.28971545669044,-7.342532218703034,1,False,False
837528fffffffff,-26.555674186850503,-9.043999202561896,1,False,False
837529fffffffff,-27.534500023714685,-9.30737970510949,1,False,False
83752afffffffff,-25.851026331503547,-9.715166562673504,1,False,False
83752bfffffffff,-26.82314467727467,-9.979639294882457,1,False,False
83752cfffffffff,-26.277324556583675,-8.096651054356034,1,False,False
83752dfffffffff,-27.266832590698424,-8.355077360724449,1,False,False
83752efffffffff,-25.57299798423135,-8.784195249164977,1,False,False
837530fffffffff,-21.93395601036419,-8.691863451492756,1,False,False
837531fffffffff,-22.91627437512459,-8.9426172527512,1,False,False
837532fffffffff,-21.40464204940085,-9.601076871749727,1,False,False
837533fffffffff,-22.27077661985612,-9.645860488195073,1,False,False
837534fffffffff,-21.61632626462277,-7.779523552428806,1,False,False
837535fffffffff,-22.60811396803333,-8.025629268081875,1,False,False
837536fffffffff,-21.0592812197876,-8.644119768174114,1,False,False
837580fffffffff,-20.18568114312812,-15.975416934080176,1,False,False
837581fffffffff,-21.050441211222733,-16.000823656325984,1,False,False
837584fffffffff,-19.870625630396848,-15.065856596496705,1,False,False
837585fffffffff,-20.74460919853876,-15.094072316004628,1,False,False
837586fffffffff,-19.306037333057933,-15.949860640985843,1,False,False
83758cfffffffff,-21.90030762380904,-16.02608210705592,1,False,False
83758dfffffffff,-22.735297037965708,-16.05119357071179,1,False,False
8375a0fffffffff,-20.104902887208315,-13.252226907881123,1,False,False
8375a1fffffffff,-20.98202947692,-13.285988023415396,1,False,False
8375a2fffffffff,-19.546260523320992,-14.146697135049582,1,False,False
8375a3fffffffff,-20.429444777909584,-14.177765360281576,1,False,False
8375a4fffffffff,-19.77095984002733,-12.31780689689901,1,False,False
8375a5fffffffff,-20.65711130754312,-12.354479107728336,1,False,False
8375a6fffffffff,-19.212556135003386,-13.218266223131396,1,False,False
8375a8fffffffff,-22.15043880641622,-14.239356653811344,1,False,False
8375a9fffffffff,-22.98826781919251,-14.269882866277266,1,False,False
8375aafffffffff,-21.603578385684383,-15.122122904857084,1,False,False
8375abfffffffff,-22.44754000245336,-15.15000979511987,1,False,False
8375acfffffffff,-21.843920495288323,-13.319551300487817,1,False,False
8375adfffffffff,-22.69058867997376,-13.35291845017006,1,False,False
8375aefffffffff,-21.29750549601106,-14.208651339502804,1,False,False
8375b0fffffffff,-18.07772865431529,-15.008923954062208,1,False,False
8375b1fffffffff,-18.981648601838923,-15.03747429767743,1,False,False
8375b2fffffffff,-17.502282111403467,-15.898294069174543,1,False,False
8375b3fffffffff,-18.41154812062432,-15.924153462604698,1,False,False
8375b4fffffffff,-17.734683369352677,-14.084007530472393,1,False,False
8375b5fffffffff,-18.64798551565805,-14.115445064423394,1,False,False
8375b6fffffffff,-17.1589478163459,-14.98020408309512,1,False,False
837a03fffffffff,-57.39060288298178,36.99229577167022,1,False,False
837a08fffffffff,-56.62217636779273,33.305443881075746,1,False,False
837a09fffffffff,-56.19243796621323,31.496658136090915,1,False,False
837a0afffffffff,-55.94433332354743,34.73460776792939,1,False,False
837a0bfffffffff,-55.5354360293571,32.95888441332662,1,False,False
837a0cfffffffff,-57.71240599638012,33.67411308709034,1,False,False
837a0dfffffffff,-57.2914578874168,31.805235730282448,1,False,False
837a0efffffffff,-57.0217281417679,35.138433592287825,1,False,False
837a11fffffffff,-56.99352943999119,40.17105897691172,1,False,False
837a13fffffffff,-56.256051274803546,41.41034990598009,1,False,False
837a18fffffffff,-55.620733860120254,37.85466607151072,1,False,False
837a19fffffffff,-55.25985650392595,36.09600040789955,1,False,False
837a1afffffffff,-54.914023518493565,39.11383658696269,1,False,False
837a1bfffffffff,-54.570527546227765,37.39289857825483,1,False,False
837a1cfffffffff,-56.67368980786391,38.34402570451571,1,False,False
837a1dfffffffff,-56.32387762492502,36.53073189483586,1,False,False
837a1efffffffff,-55.9528487043366,39.62720324925319,1,False,False
837a29fffffffff,-59.06393570332133,30.51477882652442,1,False,False
837a2bfffffffff,-58.39387430171947,32.13410136849841,1,False,False
837a40fffffffff,-55.30622423647596,24.64266177692417,1,False,False
837a41fffffffff,-54.73929651154593,22.942878230063712,1,False,False
837a42fffffffff,-54.72905150837673,26.24452185146763,1,False,False
837a43fffffffff,-54.186135403751535,24.559993033970937,1,False,False
837a44fffffffff,-56.432425737044575,24.73063194234961,1,False,False
837a45fffffffff,-55.86784240631556,22.97591907227225,1,False,False
837a46fffffffff,-55.84597181852487,26.38095302099257,1,False,False
837a48fffffffff,-53.02403515542888,21.30144102900261,1,False,False
837a49fffffffff,-52.407299766039,19.730059940542105,1,False,False
837a4afffffffff,-52.502951241285096,22.882537719493968,1,False,False
837a4bfffffffff,-51.90958234249449,21.31861217024172,1,False,False
837a4cfffffffff,-54.14640923080437,21.283226984900782,1,False,False
837a4dfffffffff,-53.52886665062409,19.66498802240905,1,False,False
837a4efffffffff,-53.61740130807376,22.91180818085881,1,False,False
837a50fffffffff,-54.63176528228386,29.48039450300138,1,False,False
837a51fffffffff,-54.13839720148777,27.782854758136565,1,False,False
837a52fffffffff,-54.008095424448285,30.93335378170768,1,False,False
837a53fffffffff,-53.53623790240808,29.259277136759152,1,False,False
837a54fffffffff,-55.73314286981692,29.71512817391299,1,False,False
837a55fffffffff,-55.245052698862935,27.963604433354543,1,False,False
837a56fffffffff,-55.09769931373194,31.20656373532737,1,False,False
837a58fffffffff,-52.515019598703866,25.99511829816846,1,False,False
837a59fffffffff,-51.96748759634631,24.408753020483104,1,False,False
837a5afffffffff,-51.945407015814766,27.451774415077487,1,False,False
837a5bfffffffff,-51.419453984442086,25.880840935368703,1,False,False
837a5cfffffffff,-53.618470890317504,26.11614056209517,1,False,False
837a5dfffffffff,-53.07296511675514,24.48216081996076,1,False,False
837a5efffffffff,-53.03825693102595,27.612536390361548,1,False,False
837a60fffffffff,-58.14156073421493,23.04871387898041,1,False,False
837a61fffffffff,-57.55304544890053,21.22128212545812,1,False,False
837a62fffffffff,-57.563905324395485,24.824429923958704,1,False,False
837a63fffffffff,-57.00221434472578,23.01112433806168,1,False,False
837a64fffffffff,-59.28500659125346,23.08893836089015,1,False,False
837a65fffffffff,-58.69894283368576,21.197778901092374,1,False,False
837a66fffffffff,-58.69980295301846,24.924654123382787,1,False,False
837a68fffffffff,-55.79389836274342,19.52240342575541,1,False,False
837a69fffffffff,-55.150148132251694,17.849667870886595,1,False,False
837a6afffffffff,-55.2759190057917,21.263872053991943,1,False,False
837a6bfffffffff,-54.65800397635586,19.595897172533547,1,False,False
837a6cfffffffff,-56.93570473233872,19.44407232748327,1,False,False
837a6dfffffffff,-56.291075795707904,17.718319343903907,1,False,False
837a6efffffffff,-56.41174669504285,21.24326558152537,1,False,False
837a70fffffffff,-57.47464765935796,28.36046363571684,1,False,False
837a71fffffffff,-56.9684115044859,26.52621399848001,1,False,False
837a72fffffffff,-56.83954154975466,29.964767171236453,1,False,False
837a73fffffffff,-56.357415562417245,28.15577004932288,1,False,False
837a74fffffffff,-58.595883236831774,28.578945811528683,1,False,False
837a75fffffffff,-58.09552243155227,26.681188583403745,1,False,False
837a76fffffffff,-57.95010173897682,30.23076730446228,1,False,False
837a80fffffffff,-53.31007870308638,45.7641436635859,1,False,False
837a81fffffffff,-53.0612120366946,44.14991893474456,1,False,False
837a82fffffffff,-52.58072102445083,46.71987565280287,1,False,False
837a83fffffffff,-52.34276769008156,45.14553842695017,1,False,False
837a85fffffffff,-54.043391454342974,44.75873750574841,1,False,False
837a88fffffffff,-51.79545877057988,41.9991301773542,1,False,False
837a89fffffffff,-51.48591802271992,40.43178592229543,1,False,False
837a8afffffffff,-51.10381104403347,43.02041304526206,1,False,False
837a8bfffffffff,-50.80704528353136,41.4872986340995,1,False,False
837a8cfffffffff,-52.78759970067996,42.53723525647888,1,False,False
837a8dfffffffff,-52.489142626801566,40.928637980065766,1,False,False
837a8efffffffff,-52.08105972075058,43.57116529306295,1,False,False
837a91fffffffff,-51.85624484863945,47.62903174096426,1,False,False
837a93fffffffff,-51.13747253147015,48.49450964434015,1,False,False
837a98fffffffff,-50.67796050084429,45.49616634894365,1,False,False
837a99fffffffff,-50.41521742894075,43.99519732590469,1,False,False
837a9afffffffff,-49.98321080908887,46.39267784478185,1,False,False
837a9bfffffffff,-49.73059214620317,44.926060482393126,1,False,False
837a9cfffffffff,-51.62828250966616,46.09348589062513,1,False,False
837a9dfffffffff,-51.37752807225024,44.55654306186552,1,False,False
837a9efffffffff,-50.91864673462797,46.99662175694584,1,False,False
837aa8fffffffff,-54.50587287717831,42.00332238509742,1,False,False
837aa9fffffffff,-54.20532650303579,40.311751196846565,1,False,False
837aaafffffffff,-53.78261807885658,43.10358751518215,1,False,False
837aabfffffffff,-53.49608277269605,41.45179948255844,1,False,False
837aacfffffffff,-55.51760404678327,42.58546617198197,1,False,False
837aadfffffffff,-55.22973955520477,40.84572063560335,1,False,False
837aaefffffffff,-54.77962016740617,43.7003511877611,1,False,False
837ac0fffffffff,-51.04837562167536,34.58419645190572,1,False,False
837ac1fffffffff,-50.62770319474728,33.03208797189735,1,False,False
837ac2fffffffff,-50.41459648158202,35.78067780969471,1,False,False
837ac3fffffffff,-50.0107071665874,34.25449352699236,1,False,False
837ac4fffffffff,-52.09289538932739,34.93166867029006,1,False,False
837ac5fffffffff,-51.67891699531951,33.335963797174294,1,False,False
837ac6fffffffff,-51.445205953591454,36.15210267839707,1,False,False
837ac8fffffffff,-49.13513515613633,31.25029962142608,1,False,False
837ac9fffffffff,-49.17957480504708,28.7569414644908,1,False,False
837acafffffffff,-48.54864191325873,32.46981990908587,1,False,False
837acbfffffffff,-48.62181202628285,30.02086161344223,1,False,False
837accfffffffff,-50.18368306026554,31.49778037888621,1,False,False
837acdfffffffff,-49.7169005914371,29.98312927308094,1,False,False
837acefffffffff,-49.5840506427437,32.74375648626725,1,False,False
837ad0fffffffff,-50.14445822403201,38.43878016649473,1,False,False
837ad1fffffffff,-49.7789033869679,36.927580048141145,1,False,False
837ad2fffffffff,-49.49386212037304,39.50970981231028,1,False,False
837ad3fffffffff,-49.14251460681916,38.02705827782214,1,False,False
837ad4fffffffff,-51.15248418631759,38.87144335144031,1,False,False
837ad5fffffffff,-50.79529846503279,37.32035126803029,1,False,False
837ad6fffffffff,-50.48723139680202,39.95937675772181,1,False,False
837ad8fffffffff,-48.374611057744126,35.09205285333247,1,False,False
837ad9fffffffff,-47.96630622462538,33.69359310449639,1,False,False
837adafffffffff,-47.79071084459513,36.42385045600109,1,False,False
837adbfffffffff,-47.95570837155081,34.097631896678195,1,False,False
837adcfffffffff,-49.390832888845424,35.427769918933855,1,False,False
837addfffffffff,-48.98059977893429,33.941251084737345,1,False,False
837adefffffffff,-48.76933331556155,36.5538939864137,1,False,False
837ae0fffffffff,-53.80109626577571,33.995582290744096,1,False,False
837ae1fffffffff,-53.375912928269614,32.32467429934313,1,False,False
837ae2fffffffff,-53.14351587232306,35.298358716006604,1,False,False
837ae3fffffffff,-52.73696894711221,33.65665724190986,1,False,False
837ae4fffffffff,-54.87049744760662,34.35431326525257,1,False,False
837ae5fffffffff,-54.45306593576832,32.63252687590162,1,False,False
837ae6fffffffff,-54.1994463057341,35.68587357183188,1,False,False
837ae8fffffffff,-51.84753839143891,30.432057120175987,1,False,False
837ae9fffffffff,-51.3658847647397,28.853434328839143,1,False,False
837aeafffffffff,-51.24046631359914,31.758586589526125,1,False,False
837aebfffffffff,-50.77811946605008,30.20156999513091,1,False,False
837aecfffffffff,-52.924446647050935,30.67560727489533,1,False,False
837aedfffffffff,-52.44735716387853,29.05063074879191,1,False,False
837aeefffffffff,-52.30478828428076,32.03381254413621,1,False,False
837af0fffffffff,-52.84562652768253,38.16913946464964,1,False,False
837af1fffffffff,-52.48192369868837,36.54350733168092,1,False,False
837af2fffffffff,-52.165840817659,39.326633886568885,1,False,False
837af3fffffffff,-51.81779480462455,37.733668142372935,1,False,False
837af4fffffffff,-53.87798588314894,38.62854094635571,1,False,False
837af5fffffffff,-53.523970806657466,36.956508797016,1,False,False
837af6fffffffff,-53.18373384809234,39.80609596311609,1,False,False
837b41fffffffff,-62.730921878360014,23.22851699245676,1,False,False
837b45fffffffff,-63.881685768782575,23.2826290539274,1,False,False
837b48fffffffff,-61.00093871184959,21.14553597868442,1,False,False
837b49fffffffff,-60.38774063698121,19.17475983877189,1,False,False
837b4afffffffff,-60.43165735646068,23.132084857794933,1,False,False
837b4bfffffffff,-59.848544601627246,21.172592676868124,1,False,False
837b4cfffffffff,-62.15519955831205,21.116392416134016,1,False,False
837b4dfffffffff,-61.544231308543246,19.071383534848085,1,False,False
837b4efffffffff,-61.58060292965571,23.178483709930504,1,False,False
837b59fffffffff,-59.83923660040337,25.03198768627361,1,False,False
837b5bfffffffff,-59.226431733175005,26.84688228941913,1,False,False
837b5dfffffffff,-60.98130595978336,25.147214037672303,1,False,False
837b61fffffffff,-65.61981576679665,21.01371051127551,1,False,False
837b68fffffffff,-63.8602625432108,18.83920755738442,1,False,False
837b69fffffffff,-63.21806848752316,16.708799554348023,1,False,False
837b6afffffffff,-63.310392355850105,21.084910884172903,1,False,False
837b6bfffffffff,-62.70205773698097,18.959866158213583,1,False,False
837b6cfffffffff,-65.01788422116442,18.70823693484575,1,False,False
837b6dfffffffff,-64.37721170120884,16.49133238070912,1,False,False
837b6efffffffff,-64.46557763166197,21.050798311379296,1,False,False
838009fffffffff,-25.81903400718943,-12.597779636459803,1,False,False
83800bfffffffff,-25.625494861559662,-11.307398059348298,1,False,False
838012fffffffff,-29.842821885199243,-5.619562824682626,1,False,False
838013fffffffff,-28.97055191429939,-6.528315420450624,1,False,False
838024fffffffff,-33.1552551617059,-13.337449264958993,1,False,False
838028fffffffff,-29.11531576977885,-14.04468655067438,1,False,False
838040fffffffff,-23.24441091706025,-16.262108757242476,1,False,False
838041fffffffff,-22.327457420594072,-17.022139373070782,1,False,False
838042fffffffff,-23.08109070485588,-15.004059623829528,1,False,False
838043fffffffff,-22.169347215118293,-15.776361876190633,1,False,False
838045fffffffff,-23.39725903335772,-17.51947114384369,1,False,False
838046fffffffff,-24.162988202475773,-15.487039051007004,1,False,False
838048fffffffff,-20.353111762303705,-17.277101518007704,1,False,False
838049fffffffff,-19.450471413778143,-18.005866104543905,1,False,False
83804afffffffff,-20.194973122509325,-16.05484068480376,1,False,False
83804bfffffffff,-19.29655132439085,-16.795744181616556,1,False,False
83804cfffffffff,-21.413094943859395,-17.767304639023788,1,False,False
83804dfffffffff,-20.50225584993715,-18.49779168407549,1,False,False
83804efffffffff,-21.25970627021502,-16.53399023918721,1,False,False
838050fffffffff,-23.814190904823537,-12.948152909010467,1,False,False
838051fffffffff,-22.90746063627949,-13.74653605210232,1,False,False
838054fffffffff,-24.906951074798087,-13.414883905801238,1,False,False
838055fffffffff,-23.993960303667333,-14.216941874643751,1,False,False
838056fffffffff,-24.72054571060222,-12.135130214621311,1,False,False
83805cfffffffff,-22.001363855311737,-14.530369797430554,1,False,False
83805dfffffffff,-21.096883672597468,-15.299762826285054,1,False,False
838068fffffffff,-22.613530373445126,-19.508352796954547,1,False,False
838069fffffffff,-21.69111225250522,-20.2266475237306,1,False,False
83806afffffffff,-22.475552539001885,-18.266525865795654,1,False,False
83806bfffffffff,-21.556925750734084,-18.998566467100225,1,False,False
838073fffffffff,-25.082191007487104,-14.696771589075055,1,False,False
8380a4fffffffff,-31.56189594117724,-3.7602661126531833,1,False,False
838100fffffffff,-37.32985866127461,-14.019851762169798,1,False,False
838101fffffffff,-36.41118045809625,-14.921717089837736,1,False,False
838102fffffffff,-37.16032110648496,-12.567999410153584,1,False,False
838103fffffffff,-36.251172007788654,-13.48441418504036,1,False,False
838104fffffffff,-38.39981183604923,-14.567620714846468,1,False,False
838105fffffffff,-37.48116401353346,-15.473671076204242,1,False,False
838106fffffffff,-38.238878947337554,-13.098467116156773,1,False,False
838108fffffffff,-34.40654858075342,-15.260600496738776,1,False,False
838109fffffffff,-33.47328454290942,-16.12070860903121,1,False,False
83810afffffffff,-34.24724034482836,-13.853906640398613,1,False,False
83810bfffffffff,-33.32226267421345,-14.728594769177684,1,False,False
83810cfffffffff,-35.48393916153292,-15.80424403270441,1,False,False
83810dfffffffff,-34.549243548332186,-16.667642554947857,1,False,False
83810efffffffff,-35.33288146516319,-14.381896612278382,1,False,False
838110fffffffff,-37.86115785826164,-10.17171128226542,1,False,False
838111fffffffff,-36.97274606631433,-11.119968326339247,1,False,False
838112fffffffff,-37.64493356567253,-8.717869073738571,1,False,False
838114fffffffff,-38.94689146787241,-10.677921868235927,1,False,False
838115fffffffff,-38.059247179259344,-11.63253067036346,1,False,False
838116fffffffff,-38.73777258699248,-9.204911186787944,1,False,False
838118fffffffff,-34.97961626824252,-11.543254926540923,1,False,False
838119fffffffff,-34.07146506031727,-12.449254021775664,1,False,False
83811cfffffffff,-36.07357578651481,-12.049706144000488,1,False,False
83811dfffffffff,-35.16471190177126,-12.960986641917568,1,False,False
838120fffffffff,-39.59243901835005,-16.615214999520028,1,False,False
838121fffffffff,-38.66503174781349,-17.5078686697979,1,False,False
838122fffffffff,-39.460102019057935,-15.128048334231416,1,False,False
838123fffffffff,-38.54188758042769,-16.03806633554337,1,False,False
838124fffffffff,-40.631941864197685,-17.20543310714101,1,False,False
838125fffffffff,-39.7052831838991,-18.10094712668291,1,False,False
838126fffffffff,-40.50983366140048,-15.701467518765586,1,False,False
838128fffffffff,-36.67790685255807,-17.796883328362973,1,False,False
838129fffffffff,-35.73434948468445,-18.646247947251524,1,False,False
83812afffffffff,-36.5534498748274,-16.35981030733253,1,False,False
83812bfffffffff,-35.617773909188145,-17.226277504975428,1,False,False
83812cfffffffff,-37.72870248759629,-18.37973208139289,1,False,False
83812dfffffffff,-36.784555535863696,-19.231133333104072,1,False,False
83812efffffffff,-37.61412305459266,-16.927587912998195,1,False,False
838130fffffffff,-40.20557413530923,-12.694978727750089,1,False,False
838131fffffffff,-39.30830453065108,-13.641449098218976,1,False,False
838132fffffffff,-40.02366796827245,-11.196582033100972,1,False,False
838133fffffffff,-39.13716575887603,-12.15741468374782,1,False,False
838134fffffffff,-41.26357823114502,-13.245589751870869,1,False,False
838135fffffffff,-40.36768520514235,-14.197292418957652,1,False,False
838136fffffffff,-41.09057854300183,-11.728068550549896,1,False,False
838144fffffffff,-31.81779288654265,-20.50103295795044,1,False,False
838145fffffffff,-30.85905184003384,-21.27350847523249,1,False,False
838146fffffffff,-31.71161408894642,-19.14553500048956,1,False,False
838160fffffffff,-32.952068916055374,-22.43934296674169,1,False,False
838161fffffffff,-31.985518484776232,-23.193975831002625,1,False,False
838162fffffffff,-32.87080701078079,-21.07801652337301,1,False,False
838163fffffffff,-31.90904881143277,-21.8509979825519,1,False,False
838164fffffffff,-33.98716057613046,-23.038724796086647,1,False,False
838165fffffffff,-33.01810721915836,-23.792898768389463,1,False,False
838166fffffffff,-33.916349255471474,-21.666139332464017,1,False,False
83816efffffffff,-30.94550059861761,-22.60578954979945,1,False,False
838170fffffffff,-33.727001052629504,-18.90127640481743,1,False,False
838171fffffffff,-32.77414368608101,-19.710400888242823,1,False,False
838172fffffffff,-33.608210939774466,-17.512148371040453,1,False,False
838173fffffffff,-32.66196175552101,-18.338019833807333,1,False,False
838174fffffffff,-34.784568331190414,-19.475998795013567,1,False,False
838175fffffffff,-33.82968238332381,-20.28647134245088,1,False,False
838176fffffffff,-34.67525099543753,-18.073337265029743,1,False,False
838180fffffffff,-35.776534455707605,-3.9992530312257113,1,False,False
838182fffffffff,-35.48906738001843,-2.610556534797533,1,False,False
838183fffffffff,-34.65657851979718,-3.592947513161726,1,False,False
838184fffffffff,-36.891830038463,-4.415927694071293,1,False,False
838185fffffffff,-36.04869237925609,-5.401841502499138,1,False,False
838186fffffffff,-36.607799345986,-3.007339796216485,1,False,False
83818afffffffff,-32.6879431063563,-4.15570616615627,1,False,False
838199fffffffff,-32.40671023802486,-2.81008508294883,1,False,False
83819dfffffffff,-33.5329658162183,-3.196668213612132,1,False,False
8381a1fffffffff,-37.41097533054744,-7.272810592837835,1,False,False
8381a3fffffffff,-37.159758881433376,-5.838276035839516,1,False,False
838200fffffffff,-40.56456856819459,-12.627111824697735,1,False,False
838202fffffffff,-40.540190278129394,-11.176199179628732,1,False,False
838203fffffffff,-39.66408276905496,-11.902410439737409,1,False,False
838206fffffffff,-41.4557128568296,-11.901426321477029,1,False,False
838210fffffffff,-41.37062561373188,-8.940637932277154,1,False,False
838211fffffffff,-40.49758388860944,-9.72403815871272,1,False,False
838212fffffffff,-41.299559030585655,-7.461783009492128,1,False,False
838213fffffffff,-40.43675023272077,-8.272492807157303,1,False,False
838214fffffffff,-42.31072331934767,-9.635874337870996,1,False,False
838215fffffffff,-41.42269018788108,-10.421177380328889,1,False,False
838216fffffffff,-42.24837553043534,-8.126402440863487,1,False,False
838218fffffffff,-38.72642174915664,-9.80567257918647,1,False,False
838219fffffffff,-37.88055920271641,-10.530776385245105,1,False,False
83821afffffffff,-38.66699102665037,-8.407782812223216,1,False,False
83821bfffffffff,-37.829784896012846,-9.15785419335394,1,False,False
83821cfffffffff,-39.6301479118068,-10.47804528995345,1,False,False
83821dfffffffff,-38.76914457346848,-11.204036095801907,1,False,False
83821efffffffff,-39.57875020905177,-9.05334084474826,1,False,False
838226fffffffff,-43.29032456530594,-14.972199880480554,1,False,False
838230fffffffff,-43.28818973699519,-11.900361855317572,1,False,False
838231fffffffff,-42.37581585345086,-12.6550861865918,1,False,False
838232fffffffff,-43.25614721808996,-10.35966610133803,1,False,False
838233fffffffff,-42.353202732932296,-11.146134507149728,1,False,False
838234fffffffff,-44.22665336746815,-12.685390738752654,1,False,False
838235fffffffff,-43.29953504138516,-13.438607512590828,1,False,False
838236fffffffff,-44.20593428330198,-11.113563522969931,1,False,False
838280fffffffff,-40.01379182312388,-2.509287203861406,1,False,False
838281fffffffff,-39.20033761195479,-3.386098837303534,1,False,False
838282fffffffff,-39.86444646736008,-1.0881263958303045,1,False,False
838283fffffffff,-39.063585030823134,-1.985700341419927,1,False,False
838284fffffffff,-40.97395063920154,-3.05478159574304,1,False,False
838285fffffffff,-40.14602553893043,-3.940035177036739,1,False,False
838286fffffffff,-40.82886870880882,-1.601917380344787,1,False,False
838288fffffffff,-37.46831147588577,-3.693727796981476,1,False,False
838289fffffffff,-36.67569612750485,-4.506243870062676,1,False,False
83828afffffffff,-37.3392880915645,-2.3422339875755114,1,False,False
83828bfffffffff,-36.55757510003711,-3.174350383673695,1,False,False
83828cfffffffff,-38.389477281975815,-4.233479863278344,1,False,False
83828dfffffffff,-37.582119692582765,-5.052535005330284,1,False,False
83828efffffffff,-38.26456390835638,-2.853887374521604,1,False,False
838290fffffffff,-40.48631434583945,1.2689590808256697,1,False,False
838291fffffffff,-39.69841905384799,0.3218141443993627,1,False,False
838292fffffffff,-40.28988241667794,2.6837094298821524,1,False,False
838293fffffffff,-39.51619913943377,1.7189812313997674,1,False,False
838294fffffffff,-41.46767836305014,0.7994076066122968,1,False,False
838295fffffffff,-40.66616003183166,-0.1601113826736235,1,False,False
838296fffffffff,-41.27325440820164,2.2472922253532497,1,False,False
838298fffffffff,-37.967965867922345,-0.1217221766471474,1,False,False
838299fffffffff,-37.19538021946097,-0.9994849047842714,1,False,False
83829afffffffff,-37.79709341856489,1.227966021775171,1,False,False
83829bfffffffff,-37.036970222640335,0.3331449274532117,1,False,False
83829cfffffffff,-38.910625195847416,-0.5951170238365528,1,False,False
83829dfffffffff,-38.12393358072871,-1.4828096557889652,1,False,False
83829efffffffff,-38.741890609605406,0.7841346883721563,1,False,False
8382a0fffffffff,-42.06449902728757,-5.118160457498093,1,False,False
8382a1fffffffff,-41.20961114006705,-5.986574198400088,1,False,False
8382a2fffffffff,-41.94339553726393,-3.623482463673462,1,False,False
8382a3fffffffff,-41.10098233693002,-4.516944139114483,1,False,False
8382a4fffffffff,-43.03580125264606,-5.74511227655039,1,False,False
8382a5fffffffff,-42.166243927983686,-6.619809025199412,1,False,False
8382a6fffffffff,-42.92139607139374,-4.216783320742094,1,False,False
8382a8fffffffff,-39.4237875760293,-6.209944128779146,1,False,False
8382a9fffffffff,-38.59092224238263,-7.012027924354757,1,False,False
8382aafffffffff,-39.32050898899544,-4.79472779970127,1,False,False
8382abfffffffff,-38.49835096279477,-5.620053863787658,1,False,False
8382acfffffffff,-40.35776586409948,-6.823422436803718,1,False,False
8382adfffffffff,-39.50992732738688,-7.63005724576501,1,False,False
8382aefffffffff,-40.26078249342079,-5.378667391976603,1,False,False
8382b0fffffffff,-42.63290308873939,-1.1876758052087997,1,False,False
8382b1fffffffff,-41.80326957330836,-2.137744158543298,1,False,False
8382b2fffffffff,-42.45969558983417,0.3090947437990845,1,False,False
8382b3fffffffff,-41.6445349100088,-0.6628432088309876,1,False,False
8382b4fffffffff,-43.630560115353305,-1.7360051216141714,1,False,False
8382b5fffffffff,-42.7869633610398,-2.6969553751617177,1,False,False
8382b6fffffffff,-43.46170809668361,-0.2033107767387548,1,False,False
8382d2fffffffff,-34.89438720501654,-3.473108308941585,1,False,False
8382d4fffffffff,-35.88752652532203,-5.292436432264822,1,False,False
8382d6fffffffff,-35.77962332633631,-3.980105278865944,1,False,False
8382f2fffffffff,-36.779111597117634,-5.844342733359056,1,False,False
8382f4fffffffff,-37.76304490343351,-7.7861316882487,1,False,False
8382f6fffffffff,-37.68043693180251,-6.417175917100543,1,False,False
838300fffffffff,-46.9425343826214,-18.551686657531828,1,False,False
838302fffffffff,-47.00902537624288,-16.902370444774867,1,False,False
838303fffffffff,-46.03101515098421,-17.60367537623557,1,False,False
838304fffffffff,-47.8509133808352,-19.53788996904118,1,False,False
838306fffffffff,-47.934103293213845,-17.85911944935948,1,False,False
838310fffffffff,-48.02708451305118,-14.464427724737996,1,False,False
838311fffffffff,-47.051930209396346,-15.24182885062005,1,False,False
838312fffffffff,-48.03597812542565,-12.754260739904874,1,False,False
838313fffffffff,-47.070829330424615,-13.572760380430822,1,False,False
838314fffffffff,-48.98187203208384,-15.39535826010198,1,False,False
838315fffffffff,-47.992996100709725,-16.167024511234,1,False,False
838316fffffffff,-49.00612391233869,-13.649181280426026,1,False,False
838318fffffffff,-45.15364132812388,-15.10130394531109,1,False,False
838319fffffffff,-44.20369923694157,-15.815536510680396,1,False,False
83831afffffffff,-45.16752941252226,-13.502833759298044,1,False,False
83831bfffffffff,-44.22584144147401,-14.253489749428311,1,False,False
83831cfffffffff,-46.081776578040845,-15.983692907968324,1,False,False
83831dfffffffff,-45.1176563060205,-16.69216969264649,1,False,False
83831efffffffff,-46.10968726126862,-14.354386558743206,1,False,False
838320fffffffff,-48.62966149965727,-22.25383491392722,1,False,False
838321fffffffff,-47.614208586917215,-22.844867968690128,1,False,False
838322fffffffff,-48.75479425354078,-20.56401968021532,1,False,False
838323fffffffff,-47.7440428855881,-21.200648987063577,1,False,False
838324fffffffff,-49.50842532991512,-23.34837484808528,1,False,False
838325fffffffff,-48.48108239708974,-23.922642688090505,1,False,False
838326fffffffff,-49.65276423672607,-21.63185080595808,1,False,False
838330fffffffff,-49.86622710872506,-18.138544050652712,1,False,False
838331fffffffff,-48.855664747229184,-18.85578856244616,1,False,False
838332fffffffff,-49.933824292123546,-16.367678292474707,1,False,False
838333fffffffff,-48.93155831441564,-17.131920465198835,1,False,False
838334fffffffff,-50.795551333751824,-19.188998493556063,1,False,False
838335fffffffff,-49.77230486734378,-19.894287091209097,1,False,False
838336fffffffff,-50.88150856216463,-17.383611838902837,1,False,False
838380fffffffff,-46.90199861511937,-6.867599631607797,1,False,False
838381fffffffff,-45.98766576543255,-7.796208342399048,1,False,False
838382fffffffff,-46.79864050363101,-5.1983895914444975,1,False,False
838383fffffffff,-45.89842525053167,-6.159800022517422,1,False,False
838384fffffffff,-47.90945545096993,-7.608664604774995,1,False,False
838385fffffffff,-46.98100911664862,-8.542496516220277,1,False,False
838386fffffffff,-47.81618014797377,-5.898655305372045,1,False,False
838388fffffffff,-44.09958685747871,-7.968166785092017,1,False,False
838389fffffffff,-43.20335767027875,-8.818744599608554,1,False,False
83838afffffffff,-44.01404772446077,-6.399327941838258,1,False,False
83838bfffffffff,-43.12986391802741,-7.279823653460732,1,False,False
83838cfffffffff,-45.074460033532354,-8.686490158847715,1,False,False
83838dfffffffff,-44.163580445677226,-9.540365590360055,1,False,False
83838efffffffff,-44.99832888142839,-7.082443138901112,1,False,False
838390fffffffff,-47.55427668595363,-2.5045067243000885,1,False,False
838391fffffffff,-46.67122733624739,-3.5376518121451337,1,False,False
838392fffffffff,-47.386519500110126,-0.826116029745037,1,False,False
838393fffffffff,-46.52016713894335,-1.888086751031793,1,False,False
838394fffffffff,-48.59410121982992,-3.151525105002118,1,False,False
838395fffffffff,-47.69766217136765,-4.196292947586263,1,False,False
838396fffffffff,-48.43369360381277,-1.4286786858619036,1,False,False
838398fffffffff,-44.77915949343466,-3.891446606920564,1,False,False
838399fffffffff,-43.90715559635884,-4.836179722697778,1,False,False
83839afffffffff,-44.6367359741181,-2.309337678156513,1,False,False
83839bfffffffff,-43.77919921359915,-3.2810021276142662,1,False,False
83839cfffffffff,-45.78595835441006,-4.529971417260858,1,False,False
83839dfffffffff,-44.899809768766616,-5.483277254503699,1,False,False
83839efffffffff,-45.650593559905175,-2.9093004806146947,1,False,False
8383a0fffffffff,-48.97516274362486,-10.140793294405585,1,False,False
8383a1fffffffff,-48.01940952760621,-11.039535100862174,1,False,False
8383a2fffffffff,-48.91964965012189,-8.385130173642459,1,False,False
8383a3fffffffff,-47.97723868421392,-9.323310976695128,1,False,False
8383a4fffffffff,-49.97351780714126,-10.997231063251272,1,False,False
8383a5fffffffff,-49.0039605145944,-11.896574237478552,1,False,False
8383a6fffffffff,-49.93136286365311,-9.199288329484808,1,False,False
8383a8fffffffff,-46.09570611301238,-11.078159215242804,1,False,False
8383a9fffffffff,-45.159053952168605,-11.89920678252198,1,False,False
8383aafffffffff,-46.05346136350282,-9.436554766350616,1,False,False
8383abfffffffff,-45.12805062835415,-10.29291869810604,1,False,False
8383acfffffffff,-47.06541552983022,-11.89794902028834,1,False,False
8383adfffffffff,-46.11440777024099,-12.718329262810244,1,False,False
8383aefffffffff,-47.03549872532118,-10.220237071247896,1,False,False
8383b0fffffffff,-49.763680651805046,-5.612841696601836,1,False,False
8383b1fffffffff,-48.83748011141791,-6.632875274144799,1,False,False
8383b2fffffffff,-49.63857783916674,-3.831300186306077,1,False,False
8383b3fffffffff,-48.72885233772176,-4.887280825612627,1,False,False
8383b4fffffffff,-50.80095772166455,-6.375385737998822,1,False,False
8383b5fffffffff,-49.86137110154974,-7.403320783854965,1,False,False
8383b6fffffffff,-50.6865724797104,-4.546177402020953,1,False,False
838a99fffffffff,-21.00725058125489,-23.343056819974308,1,False,False
838a9afffffffff,-21.815605440304548,-21.45043709988475,1,False,False
838a9bfffffffff,-20.89481513216785,-22.13949627040875,1,False,False
838ac8fffffffff,-14.954266551138891,-29.84537200056733,1,False,False
838ac9fffffffff,-13.996108934348234,-30.35433074801838,1,False,False
838acafffffffff,-14.859640598872131,-28.76270918247399,1,False,False
838acbfffffffff,-14.005893639435255,-29.314131223872312,1,False,False
838ad0fffffffff,-18.37822497521846,-26.4304969821946,1,False,False
838ad1fffffffff,-17.484043027699013,-27.0331482282548,1,False,False
838ad2fffffffff,-18.278113058867177,-25.279232929317168,1,False,False
838ad3fffffffff,-17.384245712049456,-25.896814142468887,1,False,False
838ad6fffffffff,-19.281137274222896,-25.81425649610664,1,False,False
838ad8fffffffff,-15.624108056139324,-27.092074490434804,1,False,False
838ad9fffffffff,-14.758939733870918,-27.670354742090662,1,False,False
838adafffffffff,-15.517478443903656,-25.976403797425565,1,False,False
838adbfffffffff,-14.652114199889771,-26.56898224580433,1,False,False
838adcfffffffff,-16.599192477219564,-27.622525814203005,1,False,False
838addfffffffff,-15.724224465804694,-28.19894281373484,1,False,False
838adefffffffff,-16.499385415404117,-26.500994181511505,1,False,False
838b02fffffffff,-31.061578034224823,-36.51305198789881,1,False,False
838b10fffffffff,-32.05609454655987,-34.75471447285778,1,False,False
838b11fffffffff,-31.079036575192205,-35.3096285504834,1,False,False
838b12fffffffff,-32.09842360623239,-33.5302225128591,1,False,False
838b13fffffffff,-31.11992783882921,-34.10593025630045,1,False,False
838b14fffffffff,-32.98200341664875,-35.411941749864994,1,False,False
838b15fffffffff,-32.00282262083657,-35.961245022070095,1,False,False
838b16fffffffff,-33.03684269731064,-34.18420760738801,1,False,False
838b18fffffffff,-29.175992129849696,-35.211332860469675,1,False,False
838b1afffffffff,-29.20296753772433,-34.03075357947061,1,False,False
838b1cfffffffff,-30.12108316377011,-35.85645739281589,1,False,False
838b1efffffffff,-30.14551046046943,-34.66612853467399,1,False,False
838b32fffffffff,-33.89696892287002,-36.077601644221545,1,False,False
838b33fffffffff,-32.916177729557866,-36.620960729106464,1,False,False
838b36fffffffff,-34.80034176290091,-36.75167433896448,1,False,False
838b80fffffffff,-31.17000083706152,-29.126962080685555,1,False,False
838b81fffffffff,-30.193925918310864,-29.76824919819392,1,False,False
838b82fffffffff,-31.151877310058072,-27.845584971630608,1,False,False
838b84fffffffff,-32.154634774676374,-29.756793536536552,1,False,False
838b85fffffffff,-31.1754391630828,-30.39464739408254,1,False,False
838b86fffffffff,-32.14818237603105,-28.468696211596715,1,False,False
838b90fffffffff,-32.09492598853567,-25.85338958598164,1,False,False
838b92fffffffff,-32.04739524805523,-24.528557919403635,1,False,False
838b94fffffffff,-33.10550845616759,-26.471038390377856,1,False,False
838b95fffffffff,-32.12840748794156,-27.16717751164024,1,False,False
838b96fffffffff,-33.06915729429297,-25.1372539616404,1,False,False
838ba0fffffffff,-33.111360337262,-31.67554328565947,1,False,False
838ba1fffffffff,-32.129288443060375,-32.28850795099285,1,False,False
838ba2fffffffff,-33.129982635358324,-30.39631057923571,1,False,False
838ba3fffffffff,-32.14818571927864,-31.030395147185907,1,False,False
838ba4fffffffff,-34.06419025473862,-32.33013461736743,1,False,False
838ba5fffffffff,-33.0801411490494,-32.93847338968499,1,False,False
838ba6fffffffff,-34.095243229667105,-31.045575311170424,1,False,False
838ba8fffffffff,-30.192161779989963,-32.24856622724543,1,False,False
838ba9fffffffff,-29.21973187359588,-32.833688597046844,1,False,False
838baafffffffff,-30.19887332734081,-31.015833580102267,1,False,False
838babfffffffff,-29.225847476179503,-31.62085653226559,1,False,False
838bacfffffffff,-31.14994711141497,-32.885013763546375,1,False,False
838badfffffffff,-30.174223053269586,-33.465590617395385,1,False,False
838baefffffffff,-31.168606794893563,-31.64763888881119,1,False,False
838bb0fffffffff,-34.11710869647693,-28.42901132153315,1,False,False
838bb1fffffffff,-33.13551617890421,-29.101756675485216,1,False,False
838bb2fffffffff,-34.1069534439136,-27.099210659067307,1,False,False
838bb3fffffffff,-33.12749988453396,-27.792949094943232,1,False,False
838bb4fffffffff,-35.09641045746307,-29.075459456541164,1,False,False
838bb5fffffffff,-34.113049736387524,-29.74484826922836,1,False,False
838bb6fffffffff,-35.09841033084593,-27.73802273546394,1,False,False
838e41fffffffff,-24.763622094298803,-49.86354100834188,1,False,False
838e44fffffffff,-22.76801657705362,-49.616017803248845,1,False,False
838e45fffffffff,-23.826478499229783,-49.10637699495804,1,False,False
838e4cfffffffff,-25.81160014249992,-49.34950819111173,1,False,False
838e4dfffffffff,-26.850032967180745,-48.83019862328982,1,False,False
838e60fffffffff,-21.935170126876187,-47.61923757566559,1,False,False
838e62fffffffff,-21.82360838874085,-48.86854314858781,1,False,False
838e63fffffffff,-22.88333960804978,-48.35824590645245,1,False,False
838e66fffffffff,-20.874687052142534,-48.12996879393069,1,False,False
838e6afffffffff,-24.876682461013395,-48.59160139490377,1,False,False
838e6bfffffffff,-25.91777242589037,-48.071697372515374,1,False,False
838e6efffffffff,-23.935277042405204,-47.84295853780996,1,False,False
838e71fffffffff,-21.70218720174378,-50.12052082657328,1,False,False
838e74fffffffff,-19.68440951019293,-49.87413993909644,1,False,False
838e75fffffffff,-20.75698742073955,-49.37384262106006,1,False,False
838f58fffffffff,-18.85562662466844,-47.906613081620655,1,False,False
838f59fffffffff,-19.92223652445882,-47.40037776383535,1,False,False
838f5afffffffff,-18.735464294463007,-49.13685236830564,1,False,False
838f5bfffffffff,-19.807804318239658,-48.63584332414707,1,False,False
838f5cfffffffff,-17.90144586686011,-47.18622854957795,1,False,False
838f5efffffffff,-17.784067475170772,-48.40812049171407,1,False,False
839409fffffffff,-43.40890671682602,125.95387238722074,1,False,False
839418fffffffff,-45.62496512543964,121.9591496230456,1,False,False
83941afffffffff,-46.562492550534,121.42910885836528,1,False,False
83941bfffffffff,-46.46181141392522,122.9494212921233,1,False,False
83941efffffffff,-45.71715813634146,120.46159334816078,1,False,False
839440fffffffff,-41.77537077217748,130.84954409083326,1,False,False
839441fffffffff,-41.52602647827028,132.32085206360762,1,False,False
839442fffffffff,-42.81334821890328,130.42399582179064,1,False,False
839443fffffffff,-42.57348418725187,131.91195626116644,1,False,False
839446fffffffff,-42.004590215606086,129.37534249421134,1,False,False
839448fffffffff,-42.03261553471864,134.87278812464754,1,False,False
839449fffffffff,-41.73220983084972,136.34179240586352,1,False,False
83944afffffffff,-43.08486969430594,134.4898587737106,1,False,False
83944bfffffffff,-42.792625316660185,135.97692957561097,1,False,False
83944cfffffffff,-41.25676213814417,133.78734274753157,1,False,False
83944dfffffffff,-40.96786799694743,135.2471302349337,1,False,False
83944efffffffff,-42.31315457375069,133.39553993549237,1,False,False
839450fffffffff,-44.04662332315275,128.48244639210372,1,False,False
839451fffffffff,-43.83770915901872,129.98911052583674,1,False,False
839452fffffffff,-45.04619497296235,128.0214712145269,1,False,False
839453fffffffff,-44.84790072064826,129.54462929061287,1,False,False
839454fffffffff,-43.23109538657955,127.4429392860003,1,False,False
839455fffffffff,-43.03257853498259,128.93365246321562,1,False,False
839456fffffffff,-44.23437965583017,126.97602822236604,1,False,False
839458fffffffff,-44.386671457187205,132.58505916747058,1,False,False
839459fffffffff,-44.12401138014014,134.09807868748337,1,False,False
83945afffffffff,-45.40264743070477,132.16584450689817,1,False,False
83945bfffffffff,-45.14946814424828,133.69717536240125,1,False,False
83945cfffffffff,-43.60767695946444,131.49393935689906,1,False,False
83945dfffffffff,-43.35665692298907,132.99486678620784,1,False,False
83945efffffffff,-44.62802917809894,131.06653874051858,1,False,False
839471fffffffff,-41.1823452243352,128.3480317887307,1,False,False
839472fffffffff,-42.40226603079829,126.42605203536742,1,False,False
839473fffffffff,-42.21356619821689,127.9001937974704,1,False,False
839492fffffffff,-51.78756747601541,113.32870331773164,1,False,False
8394a8fffffffff,-47.55108885216799,119.3659236818943,1,False,False
8394a9fffffffff,-47.48386765713028,120.88859331689235,1,False,False
8394abfffffffff,-48.38879032425423,120.33738850103796,1,False,False
8394acfffffffff,-46.70157669995014,118.42095573766078,1,False,False
8394adfffffffff,-46.642260311832,119.91896274131288,1,False,False
8394c0fffffffff,-48.737559876400034,127.66532361903622,1,False,False
8394c1fffffffff,-48.56116620611584,129.25757371254718,1,False,False
8394c2fffffffff,-49.670246938162094,127.16873577356198,1,False,False
8394c3fffffffff,-49.50532099348849,128.77904083566366,1,False,False
8394c4fffffffff,-47.95347891606058,126.57731044539815,1,False,False
8394c5fffffffff,-47.7886365920632,128.15091669917908,1,False,False
8394c6fffffffff,-48.890795784046986,126.0746087145545,1,False,False
8394c8fffffffff,-49.10463358418645,131.9965501447668,1,False,False
8394c9fffffffff,-48.86894233629647,133.59870292811732,1,False,False
8394cafffffffff,-50.05470914804159,131.5456102086591,1,False,False
8394cbfffffffff,-49.8295099624534,133.16806508823566,1,False,False
8394ccfffffffff,-48.36154005094323,130.84890211512018,1,False,False
8394cdfffffffff,-48.13870686460744,132.4368604607089,1,False,False
8394cefffffffff,-49.31678869823181,130.38915848641932,1,False,False
8394d0fffffffff,-50.71588590626765,125.03554738790493,1,False,False
8394d1fffffffff,-50.58641754907834,126.66085266883536,1,False,False
8394d3fffffffff,-51.48583254891969,126.14136708985168,1,False,False
8394d4fffffffff,-49.929851129325385,123.95770262870704,1,False,False
8394d5fffffffff,-49.81168465046839,125.56078365272832,1,False,False
8394d8fffffffff,-51.17871421000011,129.43663680467992,1,False,False
8394d9fffffffff,-51.00165314777813,131.03289299842726,1,False,False
8394dafffffffff,-52.14328242125695,128.71187314766917,1,False,False
8394dbfffffffff,-51.98132618384072,130.34383332935548,1,False,False
8394dcfffffffff,-50.43315624005561,128.28938272436287,1,False,False
8394ddfffffffff,-50.25593983219039,129.91851226635688,1,False,False
8394defffffffff,-51.34441280402572,127.78828092411328,1,False,False
8394e0fffffffff,-46.19623660738608,126.01225084170132,1,False,False
8394e1fffffffff,-46.03081100938216,127.5504678487168,1,False,False
8394e2fffffffff,-47.15393755232724,125.5148793013764,1,False,False
8394e3fffffffff,-47.00003562823913,127.06917124234292,1,False,False
8394e5fffffffff,-45.22291306942701,126.49921546209389,1,False,False
8394e6fffffffff,-46.33982887060608,124.47784348544782,1,False,False
8394e8fffffffff,-46.62514522496805,130.18249710293117,1,False,False
8394e9fffffffff,-46.40408114276753,131.73694160573348,1,False,False
8394eafffffffff,-47.60099283931337,129.72529171520966,1,False,False
8394ebfffffffff,-47.39051563457837,131.2980604633579,1,False,False
8394ecfffffffff,-45.84341725153242,129.09028627410473,1,False,False
8394edfffffffff,-45.63401239833275,130.62948405864174,1,False,False
8394eefffffffff,-46.82380002191915,128.62580867055195,1,False,False
8394f0fffffffff,-48.2153680951423,123.44184834025891,1,False,False
8394f1fffffffff,-48.09564857401693,125.0068410400414,1,False,False
8394f2fffffffff,-49.12857921169057,122.9075187675016,1,False,False
8394f3fffffffff,-49.02104654606693,124.48787170626112,1,False,False
8394f4fffffffff,-47.39554340774742,122.42238665483676,1,False,False
8394f5fffffffff,-47.28568422193607,123.96520665357828,1,False,False
8394f6fffffffff,-48.31294971390904,121.8846233207275,1,False,False
839600fffffffff,-60.87929088544119,-4.594281187664434,1,False,False
839601fffffffff,-59.92101607578545,-5.993729125185671,1,False,False
839602fffffffff,-60.72580118931556,-2.192640635507624,1,False,False
839603fffffffff,-59.793101328931584,-3.654690720082818,1,False,False
839604fffffffff,-61.95846915820079,-5.599858921310865,1,False,False
839605fffffffff,-60.98960482369006,-7.015848178355853,1,False,False
839606fffffffff,-61.82213885497868,-3.1089196850872978,1,False,False
839608fffffffff,-57.88512151281527,-6.341585388651685,1,False,False
839609fffffffff,-56.91414765186857,-7.576269384574808,1,False,False
83960afffffffff,-57.76465068163344,-4.137237673652551,1,False,False
83960bfffffffff,-56.81549159481761,-5.427735790629384,1,False,False
83960cfffffffff,-58.94958424098012,-7.312975352926784,1,False,False
83960dfffffffff,-57.96714763646151,-8.557437318177296,1,False,False
83960efffffffff,-58.84547244638298,-5.035995624798191,1,False,False
839610fffffffff,-61.4169369598981,1.7844890314110795,1,False,False
839611fffffffff,-60.52999926756645,0.1810111879169401,1,False,False
839612fffffffff,-61.1506135742911,4.170673104974481,1,False,False
839613fffffffff,-60.29305502141893,2.519180576066149,1,False,False
839614fffffffff,-62.53703951641884,0.9946749736939148,1,False,False
839615fffffffff,-61.64125586185644,-0.6446322121583513,1,False,False
839616fffffffff,-62.28247571720144,3.47770134220512,1,False,False
839618fffffffff,-58.51858822948912,-0.5375314209271995,1,False,False
839619fffffffff,-57.60626992038985,-1.9507609663241603,1,False,False
83961afffffffff,-58.2975250222564,1.670829159252997,1,False,False
83961bfffffffff,-57.41076749862536,0.2117877722354844,1,False,False
83961cfffffffff,-59.62409615067956,-1.337361006053444,1,False,False
83961dfffffffff,-58.70156626374817,-2.775257618599792,1,False,False
83961efffffffff,-59.41493439218889,0.9511080141328836,1,False,False
839620fffffffff,-63.09876632460012,-9.27788143418264,1,False,False
839621fffffffff,-62.09474847397494,-10.624897883928744,1,False,False
839622fffffffff,-63.02888219312435,-6.677938363048001,1,False,False
839623fffffffff,-62.04947448572151,-8.108350180615066,1,False,False
839624fffffffff,-64.13551820931902,-10.53180064312494,1,False,False
839625fffffffff,-63.12086797021547,-11.88163994417265,1,False,False
839626fffffffff,-64.08867928624454,-7.835801116986615,1,False,False
839628fffffffff,-60.051328066374616,-10.706353813127892,1,False,False
839629fffffffff,-59.036948272202174,-11.88720017730083,1,False,False
83962afffffffff,-60.00720124171832,-8.346901996647018,1,False,False
83962bfffffffff,-59.01345980181664,-9.599125137877644,1,False,False
83962cfffffffff,-61.078908149640455,-11.884599464400392,1,False,False
83962dfffffffff,-60.053386393213714,-13.064102464046911,1,False,False
83962efffffffff,-61.056208015272105,-9.448862183982772,1,False,False
839630fffffffff,-63.84612675468679,-2.486749712141362,1,False,False
839631fffffffff,-62.9114644960106,-4.092442342840137,1,False,False
839632fffffffff,-63.65186739521339,0.1436299539160528,1,False,False
839633fffffffff,-62.747169193242,-1.5316737090668917,1,False,False
839634fffffffff,-64.93642992105386,-3.5174022657932515,1,False,False
839635fffffffff,-63.99204562010188,-5.150244049628388,1,False,False
839636fffffffff,-64.75985191733068,-0.7756304340075983,1,False,False
839640fffffffff,-53.966490828781325,-12.88473550072318,1,False,False
839641fffffffff,-52.95745635791706,-13.82549380918461,1,False,False
839642fffffffff,-53.95690300571585,-10.89925830300194,1,False,False
839643fffffffff,-52.96234180005285,-11.89340158428565,1,False,False
839644fffffffff,-54.964972695967504,-13.927916849241946,1,False,False
839645fffffffff,-53.94346440114223,-14.86379205686031,1,False,False
839646fffffffff,-54.97364609887101,-11.89155796588095,1,False,False
839648fffffffff,-50.96969710518567,-13.733044914994853,1,False,False
839649fffffffff,-49.974514085330114,-14.584914460304004,1,False,False
83964afffffffff,-50.97096850943103,-11.895065306148222,1,False,False
83964bfffffffff,-49.98784779792382,-12.79361248407287,1,False,False
83964cfffffffff,-51.94806423489072,-14.71740694391501,1,False,False
83964dfffffffff,-50.93974170253831,-15.56378240955386,1,False,False
83964efffffffff,-51.9661076480591,-12.836897212372396,1,False,False
839650fffffffff,-54.88851608391823,-7.811188283375496,1,False,False
839651fffffffff,-53.914490037850925,-8.91210942216473,1,False,False
839652fffffffff,-54.79469231785314,-5.777497370060329,1,False,False
839653fffffffff,-53.839240369921306,-6.9280618263127645,1,False,False
839654fffffffff,-55.9345440069246,-8.744613141454394,1,False,False
839655fffffffff,-54.94819988316949,-9.85092620593958,1,False,False
839656fffffffff,-55.85613200176343,-6.651024370266252,1,False,False
839658fffffffff,-51.91188481057876,-9.062872330328542,1,False,False
839659fffffffff,-50.94330409955406,-10.05359797373682,1,False,False
83965afffffffff,-51.8394212600766,-7.1775225912035445,1,False,False
83965bfffffffff,-50.88661109580247,-8.212440273758363,1,False,False
83965cfffffffff,-52.93580320993397,-9.957458883662614,1,False,False
83965dfffffffff,-51.95410943356951,-10.950694941148134,1,False,False
83965efffffffff,-52.87773541215506,-8.022077720686266,1,False,False
839660fffffffff,-55.89290313527757,-17.102099190982926,1,False,False
839661fffffffff,-54.846796703705216,-17.967547709066768,1,False,False
839662fffffffff,-55.95612996454224,-15.026373533568227,1,False,False
839663fffffffff,-54.92251056045636,-15.95490071847246,1,False,False
839664fffffffff,-56.85288055765237,-18.30883229057558,1,False,False
839665fffffffff,-55.79542156709572,-19.159794223383884,1,False,False
839666fffffffff,-56.93823140156245,-16.183743326459062,1,False,False
839668fffffffff,-52.854746763400925,-17.66079908285009,1,False,False
839669fffffffff,-51.8234284755096,-18.44547696767386,1,False,False
83966afffffffff,-52.921435709741246,-15.74937594728794,1,False,False
83966bfffffffff,-51.900332631353166,-16.588225325270116,1,False,False
83966cfffffffff,-53.80137951098458,-18.784170100494794,1,False,False
83966dfffffffff,-52.7580258714439,-19.555679597683984,1,False,False
83966efffffffff,-53.88822962565198,-16.831770669948867,1,False,False
839670fffffffff,-57.00016233417591,-11.889503605238158,1,False,False
839671fffffffff,-55.98441891317668,-12.937885717697732,1,False,False
839672fffffffff,-56.975744658431886,-9.732219023943244,1,False,False
839673fffffffff,-55.97730356996762,-10.842104145967422,1,False,False
839674fffffffff,-58.01505844783774,-12.997284511870118,1,False,False
839675fffffffff,-56.987531579329726,-14.042019437409644,1,False,False
839676fffffffff,-58.010459456194845,-10.77822319469176,1,False,False
839680fffffffff,-58.78592121759214,11.587593291076288,1,False,False
839681fffffffff,-58.02781556210616,9.8911051998804,1,False,False
839682fffffffff,-58.3648625540098,13.648563114853689,1,False,False
839683fffffffff,-57.635804464092494,11.936512593169642,1,False,False
839684fffffffff,-59.93838569439643,11.213646206344707,1,False,False
839685fffffffff,-59.17550013950864,9.4655990210164,1,False,False
839686fffffffff,-59.51867476182745,13.353360917308748,1,False,False
839688fffffffff,-56.10733962397052,8.704563474563384,1,False,False
839689fffffffff,-55.482052267425246,6.994251489309177,1,False,False
83968afffffffff,-55.74102624626658,10.66140965072137,1,False,False
83968bfffffffff,-54.97197024859064,9.119156060084974,1,False,False
83968cfffffffff,-57.24643993933888,8.262700479074395,1,False,False
83968dfffffffff,-56.61283054106538,6.501785102278019,1,False,False
83968efffffffff,-56.88263418123256,10.288842907609228,1,False,False
839690fffffffff,-58.58829900308599,17.428356829840443,1,False,False
839691fffffffff,-57.914592257412586,15.6460055830017,1,False,False
839692fffffffff,-58.08254960083916,19.360410358384858,1,False,False
839693fffffffff,-57.43742795516129,17.578185669708667,1,False,False
839694fffffffff,-59.74275846465225,17.267792910187858,1,False,False
839695fffffffff,-59.06783078135116,15.425604199048264,1,False,False
839696fffffffff,-59.23353466349336,19.270854551147284,1,False,False
839698fffffffff,-56.0677737952232,14.182097073346752,1,False,False
839699fffffffff,-55.34676001031249,12.568602517325136,1,False,False
83969afffffffff,-55.62076816262648,16.04481475907749,1,False,False
83969bfffffffff,-54.92644711408804,14.42394684881594,1,False,False
83969cfffffffff,-57.214232079257016,13.92418376009998,1,False,False
83969dfffffffff,-56.48908039656299,12.26281189403423,1,False,False
83969efffffffff,-56.76525662669247,15.851951736419297,1,False,False
8396a0fffffffff,-61.47390876199612,8.519009540182775,1,False,False
8396a1fffffffff,-60.84399527490454,6.507013397123539,1,False,False
8396a2fffffffff,-61.09212108928144,10.811913911729668,1,False,False
8396a3fffffffff,-60.3245796039224,9.009363427164264,1,False,False
8396a4fffffffff,-62.622306131213854,7.990642162357051,1,False,False
8396a5fffffffff,-61.98519630512973,5.909452151997602,1,False,False
8396a6fffffffff,-62.24602056382252,10.379224455667917,1,False,False
8396a8fffffffff,-58.88121095536871,5.415668059601526,1,False,False
8396a9fffffffff,-58.03960551971203,3.843983031066698,1,False,False
8396aafffffffff,-58.55976429989486,7.580529330975309,1,False,False
8396abfffffffff,-57.74627453453671,5.9766769313654695,1,False,False
8396acfffffffff,-60.01641579041531,4.815065985200802,1,False,False
8396adfffffffff,-59.16682232567687,3.204107476864666,1,False,False
8396aefffffffff,-59.70177223914613,7.062649688098463,1,False,False
8396b0fffffffff,-61.38211310197492,14.934921068551738,1,False,False
8396b1fffffffff,-60.674650030912176,13.03643103239403,1,False,False
8396b2fffffffff,-60.89985471997152,17.095300124091768,1,False,False
8396b3fffffffff,-60.224001989342575,15.189177594643942,1,False,False
8396b4fffffffff,-62.54115210745639,14.6607498959448,1,False,False
8396b5fffffffff,-61.83174420995272,12.695304710759034,1,False,False
8396b6fffffffff,-62.05861884429563,16.909501335260305,1,False,False
8396c0fffffffff,-53.21654940926732,0.8845894043156555,1,False,False
8396c1fffffffff,-52.334531214677845,-0.3729024663359859,1,False,False
8396c2fffffffff,-52.98375539370026,2.7853389334159333,1,False,False
8396c3fffffffff,-52.12364212417588,1.4957914886315944,1,False,False
8396c4fffffffff,-54.31252906514413,0.237568010869623,1,False,False
8396c5fffffffff,-53.4193318876788,-1.0411914218623026,1,False,False
8396c6fffffffff,-54.087292453922814,2.1984365794702985,1,False,False
8396c8fffffffff,-50.37329892468376,-0.9257510994978309,1,False,False
8396c9fffffffff,-49.4864930240577,-2.062042158696545,1,False,False
8396cafffffffff,-50.175626004655065,0.8586238492280687,1,False,False
8396cbfffffffff,-49.30799422885115,-0.3082741856136993,1,False,False
8396ccfffffffff,-51.44304800895233,-1.5764525869647494,1,False,False
8396cdfffffffff,-50.54384076332592,-2.728462676374236,1,False,False
8396cefffffffff,-51.25290842859131,0.2594772291858297,1,False,False
8396d0fffffffff,-53.54620478327409,6.02933212116582,1,False,False
8396d1fffffffff,-52.72202266496854,4.65744759796288,1,False,False
8396d2fffffffff,-53.23293236064233,7.892477830843954,1,False,False
8396d3fffffffff,-52.43255776656109,6.4976574858436695,1,False,False
8396d4fffffffff,-54.66484479386676,5.532555185246213,1,False,False
8396d5fffffffff,-53.83144301918893,4.1302396270798925,1,False,False
8396d6fffffffff,-54.35506234627304,7.456961525105289,1,False,False
8396d8fffffffff,-50.79016946513841,3.8637417655712527,1,False,False
8396d9fffffffff,-49.95163340315119,2.6215379165121018,1,False,False
8396dafffffffff,-50.51955912441731,5.625964511371581,1,False,False
8396dbfffffffff,-49.70225282486778,4.360103521341951,1,False,False
8396dcfffffffff,-51.88434861142592,3.339588794510248,1,False,False
8396ddfffffffff,-51.03497076497744,2.073940360469319,1,False,False
8396defffffffff,-51.61771696007231,5.155247705585936,1,False,False
8396e0fffffffff,-55.59347436805275,-2.497601396472686,1,False,False
8396e1fffffffff,-54.66704020464447,-3.754915486967114,1,False,False
8396e2fffffffff,-55.41035145857917,-0.4483359934315857,1,False,False
8396e3fffffffff,-54.50607962492301,-1.7483393010813202,1,False,False
8396e4fffffffff,-56.68014560619884,-3.292574622140734,1,False,False
8396e5fffffffff,-55.74229150865146,-4.566887178099568,1,False,False
8396e6fffffffff,-56.50872001254648,-1.176520592978135,1,False,False
8396e8fffffffff,-52.66752014243146,-4.170549949391778,1,False,False
8396e9fffffffff,-51.73687915045547,-5.29870689056192,1,False,False
8396eafffffffff,-52.51608445304493,-2.262952118246934,1,False,False
8396ebfffffffff,-51.60458936319203,-3.430402326990734,1,False,False
8396ecfffffffff,-53.73134237439633,-4.951843989004274,1,False,False
8396edfffffffff,-52.78821917490453,-6.091662447174806,1,False,False
8396eefffffffff,-53.5911811819286,-2.988072970464103,1,False,False
8396f0fffffffff,-56.06119771940447,2.976950734917498,1,False,False
8396f1fffffffff,-55.19379968877429,1.5760434769430134,1,False,False
8396f2fffffffff,-55.78739382896252,5.004734722982323,1,False,False
8396f3fffffffff,-54.944885390152,3.571036284157893,1,False,False
8396f4fffffffff,-57.17916827642117,2.344754638018588,1,False,False
8396f5fffffffff,-56.302053798232606,0.9150011528003826,1,False,False
8396f6fffffffff,-56.91271239778319,4.442965634929842,1,False,False
839700fffffffff,-68.18062284079954,-13.442615100769071,1,False,False
839701fffffffff,-67.14911784884629,-14.885442741099142,1,False,False
839702fffffffff,-68.1885542504657,-10.299038507437714,1,False,False
839703fffffffff,-67.18416967092759,-11.874299928433787,1,False,False
839704fffffffff,-69.15527565020943,-15.141775219187435,1,False,False
839705fffffffff,-68.11359287772116,-16.5668097973398,1,False,False
839706fffffffff,-69.1954735285288,-11.869672230178493,1,False,False
839708fffffffff,-65.12748038041917,-14.666945879611651,1,False,False
839709fffffffff,-64.08003615833985,-15.90758867332155,1,False,False
83970afffffffff,-65.15765373476229,-11.878241860592771,1,False,False
83970bfffffffff,-64.13250484017163,-13.22634846189704,1,False,False
83970cfffffffff,-66.10348726745562,-16.21203725077994,1,False,False
83970dfffffffff,-65.04605145705435,-17.434635871853615,1,False,False
83970efffffffff,-66.1629691301968,-13.32617285488606,1,False,False
839710fffffffff,-68.95178876850035,-4.879788593731735,1,False,False
839711fffffffff,-68.13687085888512,-7.15488750246163,1,False,False
839712fffffffff,-68.79588628418288,-1.66317682727332,1,False,False
839713fffffffff,-67.88496144987018,-3.625867056849225,1,False,False
839714fffffffff,-70.00280836810052,-6.252755178559556,1,False,False
839715fffffffff,-69.04634881769041,-8.130416077253113,1,False,False
839716fffffffff,-69.87211177272394,-2.8742352887886025,1,False,False
839718fffffffff,-66.11954203254321,-7.52144497445772,1,False,False
839719fffffffff,-65.13590212390292,-9.08158466193369,1,False,False
83971afffffffff,-66.01628255097829,-4.63221821724452,1,False,False
83971bfffffffff,-65.06205184994396,-6.290259896255154,1,False,False
83971cfffffffff,-67.16244797492112,-8.853905598974077,1,False,False
83971dfffffffff,-66.16847127236679,-10.42437506989807,1,False,False
83971efffffffff,-67.08377614944817,-5.840988387852414,1,False,False
839720fffffffff,-69.9665719856606,-20.34333333768253,1,False,False
839721fffffffff,-68.89241440701112,-21.57032529495345,1,False,False
839722fffffffff,-70.10536571443454,-16.985472500090424,1,False,False
839723fffffffff,-69.05370704650784,-18.381936452667816,1,False,False
839724fffffffff,-70.84907693527724,-22.464228000619823,1,False,False
839725fffffffff,-69.76643054671109,-23.632325895190075,1,False,False
839726fffffffff,-71.02789391609406,-18.98862117290349,1,False,False
839728fffffffff,-66.91240815506178,-20.81510791868568,1,False,False
839729fffffffff,-65.82704380959932,-21.87958442730325,1,False,False
83972afffffffff,-67.05807657674889,-17.87090990483789,1,False,False
83972bfffffffff,-65.99101480648493,-19.067649400728687,1,False,False
83972cfffffffff,-67.80757059755582,-22.685864108332243,1,False,False
83972dfffffffff,-66.71400250822667,-23.70373432752994,1,False,False
83972efffffffff,-67.98864377851378,-19.65350191343068,1,False,False
839731fffffffff,-70.18061695737582,-13.580200277605163,1,False,False
839733fffffffff,-70.06875552006196,-9.65903093227225,1,False,False
839735fffffffff,-71.1411593294629,-15.446688913387185,1,False,False
839740fffffffff,-60.73886160075996,-21.48216171016695,1,False,False
839741fffffffff,-59.65167635161679,-22.3228995017102,1,False,False
839742fffffffff,-60.88685255054063,-19.121160052590675,1,False,False
839743fffffffff,-59.81177755264907,-20.048771057906595,1,False,False
839744fffffffff,-61.64712266382667,-22.995488260150644,1,False,False
839745fffffffff,-60.55101328511249,-23.80500623299364,1,False,False
839746fffffffff,-61.82356742765726,-20.579915336167726,1,False,False
839748fffffffff,-57.65566226191656,-21.72661861604978,1,False,False
839749fffffffff,-56.57761672279313,-22.487177383060065,1,False,False
83974afffffffff,-57.80061217033938,-19.578699762749665,1,False,False
83974bfffffffff,-56.732324286081806,-20.411715848080053,1,False,False
83974cfffffffff,-58.56353255643077,-23.10788350224325,1,False,False
83974dfffffffff,-57.47585931490033,-23.842214277013653,1,False,False
83974efffffffff,-58.7341992435958,-20.91543903966087,1,False,False
839750fffffffff,-62.04836592294416,-15.643479703323942,1,False,False
839751fffffffff,-60.9935655281941,-16.729244550108966,1,False,False
839752fffffffff,-62.094262330553455,-13.139821971382542,1,False,False
839753fffffffff,-61.057860825718194,-14.31427764906441,1,False,False
839754fffffffff,-63.02279836979333,-17.057871323571103,1,False,False
839755fffffffff,-61.95777818846201,-18.12648533723149,1,False,False
839756fffffffff,-63.09535316584533,-14.478488533662947,1,False,False
839758fffffffff,-58.96362937538879,-16.440101988461922,1,False,False
839759fffffffff,-57.90947178090577,-17.403871758800268,1,False,False
83975afffffffff,-59.02019327351118,-14.169919054541786,1,False,False
83975bfffffffff,-57.981216940822,-15.207993671979905,1,False,False
83975cfffffffff,-59.93284345944144,-17.742893310644504,1,False,False
83975dfffffffff,-58.86797170905066,-18.69080430500014,1,False,False
83975efffffffff,-60.013684922896765,-15.412200275577408,1,False,False
839760fffffffff,-62.28683912844426,-27.008928139516804,1,False,False
839761fffffffff,-61.17447017152439,-27.683986309952232,1,False,False
839762fffffffff,-62.53438739701432,-24.593332469055543,1,False,False
839763fffffffff,-61.430117743546,-25.365711016962443,1,False,False
839764fffffffff,-63.11897384565968,-28.738452509387344,1,False,False
839765fffffffff,-62.00035463517119,-29.36456876968293,1,False,False
839766fffffffff,-63.39841273753056,-26.28027476123166,1,False,False
839768fffffffff,-59.2203216742197,-26.751194517543745,1,False,False
839769fffffffff,-58.11744364686977,-27.37452997496138,1,False,False
83976afffffffff,-59.453974817800685,-24.55893203305777,1,False,False
83976bfffffffff,-58.35740716654169,-25.262565941793955,1,False,False
83976cfffffffff,-60.06262299602723,-28.31098433917425,1,False,False
83976dfffffffff,-58.95254457708708,-28.89474284006683,1,False,False
83976efffffffff,-60.32497500490392,-26.08318125925889,1,False,False
839770fffffffff,-63.830507510700095,-21.18474959103465,1,False,False
839771fffffffff,-62.740815213786,-22.124355997037625,1,False,False
839772fffffffff,-63.9789516466357,-18.564013310617664,1,False,False
839773fffffffff,-62.9041737286275,-19.60965486699331,1,False,False
839774fffffffff,-64.73443667023005,-22.857974302868115,1,False,False
839775fffffffff,-63.63633891315028,-23.75980747500609,1,False,False
839776fffffffff,-64.9145102123803,-20.16883575324104,1,False,False
839780fffffffff,-66.84012040540244,8.255920995286276,1,False,False
839781fffffffff,-66.04953458287089,6.128741647156374,1,False,False
839782fffffffff,-66.44966187685175,11.02422433568008,1,False,False
839783fffffffff,-65.6972062679219,8.855667364112808,1,False,False
839784fffffffff,-67.97722596348734,7.599575571959217,1,False,False
839785fffffffff,-67.18162806744698,5.395386695241544,1,False,False
839786fffffffff,-67.59594206024167,10.508463591395529,1,False,False
839788fffffffff,-64.0951023947147,4.8568089021249765,1,False,False
839789fffffffff,-63.41061756085991,2.730669928541729,1,False,False
83978afffffffff,-63.76855369297868,7.419763994423417,1,False,False
83978bfffffffff,-63.12409186183224,5.2651808630305466,1,False,False
83978cfffffffff,-65.22724570152377,4.12213431530952,1,False,False
83978dfffffffff,-64.5335937546043,1.9232826829215128,1,False,False
83978efffffffff,-64.9113954792682,6.801157939551925,1,False,False
839790fffffffff,-66.69058477025038,15.996965694710914,1,False,False
839791fffffffff,-66.0134927589708,13.692419326256788,1,False,False
839792fffffffff,-66.17396139263391,18.5655748741822,1,False,False
839793fffffffff,-65.53505060567493,16.254914665174056,1,False,False
839794fffffffff,-67.84281415370319,15.714415815642674,1,False,False
839795fffffffff,-67.16584307167945,13.309851397957845,1,False,False
839796fffffffff,-67.32753692153652,18.40958476836472,1,False,False
839798fffffffff,-64.14499987264007,11.928585646294202,1,False,False
839799fffffffff,-63.39894854485902,9.911911739393972,1,False,False
83979afffffffff,-63.70009095482817,14.364243164324709,1,False,False
83979bfffffffff,-62.98889016589051,12.327128227873075,1,False,False
83979cfffffffff,-65.29896587742978,11.495802445510147,1,False,False
83979dfffffffff,-64.54974126901216,9.40571716986419,1,False,False
83979efffffffff,-64.857888461035,14.04257362134576,1,False,False
8397a0fffffffff,-69.42202541084397,3.710701875117675,1,False,False
8397a1fffffffff,-68.58003493412808,1.5001124657692988,1,False,False
8397a2fffffffff,-69.10722411515677,6.87842178589654,1,False,False
8397a3fffffffff,-68.30627909931817,4.592692487980121,1,False,False
8397a4fffffffff,-70.52732291096864,2.7375414569477816,1,False,False
8397a5fffffffff,-69.6778639767119,0.453815474962495,1,False,False
8397a6fffffffff,-70.22876489625813,6.082628702421145,1,False,False
8397a8fffffffff,-66.60544793893835,0.4508075832438077,1,False,False
8397a9fffffffff,-65.85934174340275,-1.771114759812206,1,False,False
8397aafffffffff,-66.35311795711996,3.323600684541708,1,False,False
8397abfffffffff,-65.6498914472593,1.0482803370763714,1,False,False
8397acfffffffff,-67.70637538503588,-0.5591154242564109,1,False,False
8397adfffffffff,-66.94859036758616,-2.852030614826325,1,False,False
8397aefffffffff,-67.47123472162161,2.452858537051253,1,False,False
8397b0fffffffff,-69.45649774723786,12.42781791838025,1,False,False
8397b1fffffffff,-68.73663877388267,9.94210246727856,1,False,False
8397b3fffffffff,-68.31387053986998,12.8901900319228,1,False,False
8397b4fffffffff,-70.59263646736511,11.915935776639197,1,False,False
8397b5fffffffff,-69.8705579108475,9.317439328747431,1,False,False
839c01fffffffff,-44.70958967103329,147.63995475134448,1,False,False
839c08fffffffff,-44.51156629534506,145.01166557882635,1,False,False
839c09fffffffff,-44.91308415541494,143.55141900914094,1,False,False
839c0afffffffff,-43.45466891947067,145.2716998417705,1,False,False
839c0bfffffffff,-43.861486385535706,143.83148391771385,1,False,False
839c0cfffffffff,-45.141885476740825,146.20404144298251,1,False,False
839c0dfffffffff,-45.5563699762102,144.7450137609986,1,False,False
839c0efffffffff,-44.09202480781403,146.45040063662628,1,False,False
839c19fffffffff,-42.386264947321706,145.52534955012558,1,False,False
839c1dfffffffff,-43.03051695994732,146.69063911841832,1,False,False
839c28fffffffff,-46.82813445276101,147.13339006512248,1,False,False
839c29fffffffff,-47.24978014555511,145.6365020743055,1,False,False
839c2afffffffff,-45.76362486726661,147.39455653454218,1,False,False
839c2bfffffffff,-46.1892966457469,145.9346531756326,1,False,False
839c2cfffffffff,-47.46214856395626,148.37669233222542,1,False,False
839c2dfffffffff,-47.90128809001008,146.85925704123684,1,False,False
839c2efffffffff,-46.38541205758285,148.61252344910477,1,False,False
839c40fffffffff,-47.01934177691704,138.7075597616122,1,False,False
839c41fffffffff,-47.33273524448844,137.15662606644716,1,False,False
839c42fffffffff,-46.00140400581301,139.05685574334592,1,False,False
839c43fffffffff,-46.32308475999871,137.526517012267,1,False,False
839c44fffffffff,-47.69613472499583,139.906837608238,1,False,False
839c45fffffffff,-48.02306094809956,138.34946604425625,1,False,False
839c46fffffffff,-46.68436345147644,140.24376186212186,1,False,False
839c48fffffffff,-46.9014260995453,134.4293726375631,1,False,False
839c49fffffffff,-47.15727150093889,132.86686241080258,1,False,False
839c4afffffffff,-45.89524870146828,134.83003781843837,1,False,False
839c4bfffffffff,-46.160714440355136,133.28686703092708,1,False,False
839c4cfffffffff,-47.62402706145163,135.5930503227148,1,False,False
839c4dfffffffff,-47.89279331648472,134.0190313880862,1,False,False
839c4efffffffff,-46.623243588197525,135.9833221579353,1,False,False
839c50fffffffff,-44.619768726855725,140.8928719604816,1,False,False
839c51fffffffff,-44.96971695187226,139.39764924059503,1,False,False
839c52fffffffff,-43.56796836057679,141.20561627733474,1,False,False
839c53fffffffff,-43.92479563344599,139.73022371282445,1,False,False
839c54fffffffff,-45.29573641454397,142.07111256696192,1,False,False
839c55fffffffff,-45.65874517257639,140.57234493535864,1,False,False
839c56fffffffff,-44.25011703113595,142.37136843330717,1,False,False
839c58fffffffff,-44.57872116282383,136.73621186285484,1,False,False
839c59fffffffff,-44.87471489067764,135.22132735924416,1,False,False
839c5afffffffff,-43.53597791649615,137.09941326848912,1,False,False
839c5bfffffffff,-43.84032481860884,135.60353129286267,1,False,False
839c5cfffffffff,-45.29931165053341,137.8874835778134,1,False,False
839c5dfffffffff,-45.6079833921957,136.36427693785595,1,False,False
839c5efffffffff,-44.2619110519851,138.23981724830102,1,False,False
839c60fffffffff,-49.43020200275748,140.626527688804,1,False,False
839c61fffffffff,-49.75311479964811,139.0381186179029,1,False,False
839c62fffffffff,-48.3823764825545,141.0574951228881,1,False,False
839c63fffffffff,-48.71428098629761,139.50835907336105,1,False,False
839c64fffffffff,-50.144689100594455,141.79370650106833,1,False,False
839c65fffffffff,-50.482971515994215,140.17385150255396,1,False,False
839c66fffffffff,-49.08318005142203,142.20506976095896,1,False,False
839c68fffffffff,-49.30791645089021,136.38884655783494,1,False,False
839c69fffffffff,-49.58049364552291,134.78331001468112,1,False,False
839c6afffffffff,-48.327813821061326,136.77750764072286,1,False,False
839c6bfffffffff,-48.609904990438096,135.19315297670886,1,False,False
839c6cfffffffff,-50.051689047062254,137.4422105843352,1,False,False
839c6dfffffffff,-50.32579973010281,135.84124043904703,1,False,False
839c6efffffffff,-49.02285006946838,137.95139154612397,1,False,False
839c70fffffffff,-46.97816735978364,142.96970364639458,1,False,False
839c71fffffffff,-47.347614998985925,141.44755819711975,1,False,False
839c72fffffffff,-45.95215314460634,143.26424530078882,1,False,False
839c73fffffffff,-46.32840499053621,141.76326682243769,1,False,False
839c74fffffffff,-47.64971772547744,144.12361571144118,1,False,False
839c75fffffffff,-48.02740159498901,142.5966139649397,1,False,False
839c76fffffffff,-46.594329786921605,144.4591241774993,1,False,False
839ce0fffffffff,-42.1222814297112,142.9501449587187,1,False,False
839ce1fffffffff,-42.50392362711172,141.5108399684,1,False,False
839ce3fffffffff,-41.428258912520334,141.80879437068438,1,False,False
839ce4fffffffff,-42.79793021087634,144.1046878602245,1,False,False
839ce5fffffffff,-43.19209956917013,142.66429579599222,1,False,False
839ce6fffffffff,-41.723029896041766,144.37126792415424,1,False,False
839ce8fffffffff,-42.148438512991625,138.91969646916118,1,False,False
839ce9fffffffff,-42.48032110939388,137.45415700995002,1,False,False
839ceafffffffff,-41.07358680884042,139.24777091795008,1,False,False
839cebfffffffff,-41.4123643770863,137.80070883948147,1,False,False
839cecfffffffff,-42.86720086206713,140.0548513278541,1,False,False
839cedfffffffff,-43.2114242322924,138.58379834599458,1,False,False
839ceefffffffff,-41.797538967642986,140.3717934434465,1,False,False
839d40fffffffff,-51.84712670163087,147.30383515721482,1,False,False
839d41fffffffff,-52.26509286918471,145.61196067546945,1,False,False
839d42fffffffff,-50.7407525143238,147.5935332465888,1,False,False
839d43fffffffff,-51.16509122375013,145.9487834112473,1,False,False
839d44fffffffff,-52.52038606647121,148.71574947540142,1,False,False
839d45fffffffff,-52.95884380972186,146.99782015790532,1,False,False
839d46fffffffff,-51.40284677796648,148.97275999238613,1,False,False
839d48fffffffff,-51.93595932260621,142.6021270856976,1,False,False
839d49fffffffff,-52.28143423127247,140.90538103344056,1,False,False
839d4afffffffff,-50.856351220106426,143.01215505937935,1,False,False
839d4bfffffffff,-51.21107284785244,141.3610261425322,1,False,False
839d4cfffffffff,-52.656056649182425,143.8996668798363,1,False,False
839d4dfffffffff,-53.01945093500272,142.16969098045678,1,False,False
839d4efffffffff,-51.5636888999088,144.28414993453828,1,False,False
839d50fffffffff,-49.186798730627615,149.44680986291206,1,False,False
839d51fffffffff,-49.64058630707924,147.86817188072396,1,False,False
839d52fffffffff,-48.08993215525962,149.66585436620505,1,False,False
839d53fffffffff,-48.54745562609508,148.12888387849884,1,False,False
839d54fffffffff,-49.81774984204313,150.8143683034821,1,False,False
839d55fffffffff,-50.291371020719545,149.216095091838,1,False,False
839d58fffffffff,-49.39391946802559,144.99466920025526,1,False,False
839d59fffffffff,-49.781535574546886,143.40143372431066,1,False,False
839d5afffffffff,-48.31824056742729,145.3235443857762,1,False,False
839d5bfffffffff,-48.71238165883827,143.7714658656253,1,False,False
839d5cfffffffff,-50.07056050859772,146.2680854241982,1,False,False
839d5dfffffffff,-50.47601613354623,144.6486538724821,1,False,False
839d5efffffffff,-48.98235462162589,146.57118076470786,1,False,False
839d60fffffffff,-54.31596796267156,149.95221095972667,1,False,False
839d61fffffffff,-54.77012097742246,148.15586549555897,1,False,False
839d62fffffffff,-53.1830333300033,150.1863564191403,1,False,False
839d63fffffffff,-53.64311354735472,148.4438886471959,1,False,False
839d64fffffffff,-54.97537193813265,151.52466623598704,1,False,False
839d65fffffffff,-55.45298959137117,149.7037813565378,1,False,False
839d66fffffffff,-53.83313774807225,151.7173317154784,1,False,False
839d68fffffffff,-54.47790746395068,144.8797601175989,1,False,False
839d69fffffffff,-54.8511651881494,143.06397594842687,1,False,False
839d6afffffffff,-53.369673979815,145.2561597640737,1,False,False
839d6bfffffffff,-53.75220043628734,143.49355344566823,1,False,False
839d6cfffffffff,-55.19467196737836,146.33107927525083,1,False,False
839d6dfffffffff,-55.58883261966962,144.48095510363677,1,False,False
839d6efffffffff,-54.07500340529093,146.6740887885434,1,False,False
839d70fffffffff,-51.56390345078509,152.0705160642792,1,False,False
839d71fffffffff,-52.0551009282159,150.4074080771282,1,False,False
839d72fffffffff,-50.43866178004739,152.2327684544065,1,False,False
839d73fffffffff,-50.93305578421269,150.61642833612413,1,False,False
839d74fffffffff,-52.18209868614858,153.57953079133543,1,False,False
839d75fffffffff,-52.6956834104417,151.8989763342446,1,False,False
839d76fffffffff,-51.04781328058163,153.7030617602301,1,False,False
83a204fffffffff,-62.502264869629485,34.45159630150725,1,False,False
83a206fffffffff,-63.27803887319545,32.71641209930813,1,False,False
83a210fffffffff,-64.76511443377552,28.94525897434189,1,False,False
83a212fffffffff,-65.47087369517686,26.90054186497982,1,False,False
83a213fffffffff,-65.81465597028192,29.32796182263908,1,False,False
83a214fffffffff,-63.703108716084174,28.587460853722764,1,False,False
83a215fffffffff,-64.03322539934324,30.8824936814067,1,False,False
83a216fffffffff,-64.40789770684984,26.601923115004112,1,False,False
83a220fffffffff,-60.65918947255916,35.564972327018694,1,False,False
83a221fffffffff,-60.899130588346345,37.64518465568363,1,False,False
83a222fffffffff,-61.448673864362526,33.957341955087834,1,False,False
83a223fffffffff,-61.708481646892025,36.09287449925817,1,False,False
83a224fffffffff,-59.59878820531837,35.06624563408348,1,False,False
83a225fffffffff,-59.85474463302717,37.08862818706543,1,False,False
83a226fffffffff,-60.38377521132314,33.491354648106,1,False,False
83a230fffffffff,-61.90148176550563,30.088006537240087,1,False,False
83a231fffffffff,-62.22083425076569,32.26134815833168,1,False,False
83a232fffffffff,-62.62928554537397,28.252238400447208,1,False,False
83a233fffffffff,-62.97318185372326,30.47272725755956,1,False,False
83a234fffffffff,-60.81884274570851,29.726135078297617,1,False,False
83a235fffffffff,-61.15214094593801,31.83320019894239,1,False,False
83a236fffffffff,-61.54432624656622,27.937541234327103,1,False,False
83a284fffffffff,-67.40158176562011,20.09063831215715,1,False,False
83a2a0fffffffff,-65.73074337452209,22.31857732776272,1,False,False
83a2a1fffffffff,-66.14756369524754,24.744797761863584,1,False,False
83a2a2fffffffff,-66.34298548097505,20.017202694319803,1,False,False
83a2a3fffffffff,-66.7921596786249,22.475344947445443,1,False,False
83a2a4fffffffff,-64.6569743326762,22.172591797584708,1,False,False
83a2a5fffffffff,-65.08473747117577,24.513056756581943,1,False,False
83a2a6fffffffff,-65.27179822237888,19.94894340707168,1,False,False
83a2acfffffffff,-66.521264159321,27.220667470550875,1,False,False
83a2aefffffffff,-67.1976707583035,24.99377811684623,1,False,False
83a308fffffffff,-57.73413582275788,36.0624159992289,1,False,False
83a309fffffffff,-57.987985166247306,37.98192865672242,1,False,False
83a30afffffffff,-58.52808806921871,34.59441049069005,1,False,False
83a30bfffffffff,-58.799468380810765,36.5617836491068,1,False,False
83a30cfffffffff,-56.65960094101133,35.58850060173076,1,False,False
83a30dfffffffff,-56.92859957451898,37.45890618398032,1,False,False
83a30efffffffff,-57.44792180465119,34.14740811598363,1,False,False
83a311fffffffff,-57.512937656753714,28.759149132358985,1,False,False
83a313fffffffff,-58.22996395031381,27.099482058285822,1,False,False
83a318fffffffff,-58.98332316881906,31.048794633614893,1,False,False
83a319fffffffff,-59.30835159561291,33.051333541775804,1,False,False
83a31afffffffff,-59.72601388257396,29.3851624638696,1,False,False
83a31bfffffffff,-60.07271060898302,31.429692636608184,1,False,False
83a31cfffffffff,-57.88478648490443,30.68868868393675,1,False,False
83a31dfffffffff,-58.22321098322437,32.63521492674151,1,False,False
83a31efffffffff,-58.62377538941742,29.06335126852688,1,False,False
83a356fffffffff,-59.03757473733433,38.53272832451333,1,False,False
83a372fffffffff,-57.16638738215432,39.330622979823886,1,False,False
83a376fffffffff,-56.11347060402797,38.78743984223286,1,False,False
83a388fffffffff,-62.92322995224548,24.09461951709005,1,False,False
83a389fffffffff,-63.33294198903552,26.322729038968657,1,False,False
83a38afffffffff,-63.57142403952229,22.03631470404724,1,False,False
83a38bfffffffff,-64.0097573390125,24.29683139404444,1,False,False
83a38cfffffffff,-61.82580329040282,23.905106155201924,1,False,False
83a38dfffffffff,-62.246650405878846,26.0611360805987,1,False,False
83a38efffffffff,-62.47470807318251,21.90881015639325,1,False,False
83a399fffffffff,-64.18856049443353,19.885331953915298,1,False,False
83a3a8fffffffff,-60.04282536038007,25.58452697436704,1,False,False
83a3a9fffffffff,-60.44894695157486,27.64155760417441,1,False,False
83a3abfffffffff,-61.14970497090074,25.81554061811927,1,False,False
83a3acfffffffff,-58.92676788692749,25.366840820201244,1,False,False
83a3adfffffffff,-59.34389819743646,27.362680981133217,1,False,False
83a590fffffffff,-43.01619822353306,-11.278696707269765,1,False,False
83a592fffffffff,-43.191343946640686,-12.831077769373604,1,False,False
83a593fffffffff,-44.05822594029336,-11.830550797656306,1,False,False
83a594fffffffff,-41.962306293518665,-10.740617919563036,1,False,False
83a596fffffffff,-42.1467492782248,-12.272768224290282,1,False,False
83a5b2fffffffff,-40.89736384062094,-10.215896451228224,1,False,False
83a600fffffffff,-53.91577092836551,101.85721811718652,1,False,False
83a602fffffffff,-53.25805459578935,102.55235412011652,1,False,False
83a603fffffffff,-53.31477891554619,101.02849887937792,1,False,False
83a604fffffffff,-54.69062586919362,101.94195460473478,1,False,False
83a605fffffffff,-54.19551557477511,100.62331861707716,1,False,False
83a606fffffffff,-54.10183262212467,103.1399644338943,1,False,False
83a610fffffffff,-52.747856599074815,104.63151298471958,1,False,False
83a611fffffffff,-52.58395483489551,103.2388374222835,1,False,False
83a612fffffffff,-52.04559232445904,105.30758555878056,1,False,False
83a613fffffffff,-51.89338278315351,103.91663516841864,1,False,False
83a614fffffffff,-53.59474918172076,105.37213144008297,1,False,False
83a615fffffffff,-53.43346329840269,103.9462805279917,1,False,False
83a616fffffffff,-52.89738974655194,106.05503502205872,1,False,False
83a61cfffffffff,-52.588845689196745,101.76380544824198,1,False,False
83a61efffffffff,-51.847645161851965,102.48544949162708,1,False,False
83a620fffffffff,-55.81505502206676,100.62735869755808,1,False,False
83a621fffffffff,-55.330224591869616,99.16955229584966,1,False,False
83a622fffffffff,-55.47997125871196,102.03167654125458,1,False,False
83a623fffffffff,-55.01594805926797,100.57701236696307,1,False,False
83a624fffffffff,-56.62897235285813,100.68081072168762,1,False,False
83a625fffffffff,-56.13846754184281,99.17790422211765,1,False,False
83a626fffffffff,-56.28390332010372,102.12683675669572,1,False,False
83a62afffffffff,-53.54031569231367,99.7038218967928,1,False,False
83a62efffffffff,-54.46737321457378,99.34935078197908,1,False,False
83a630fffffffff,-55.1301364548374,104.65373861600963,1,False,False
83a631fffffffff,-54.94747350323901,103.29516965270112,1,False,False
83a632fffffffff,-54.44099354713753,105.81210688980676,1,False,False
83a633fffffffff,-54.277236975477,104.45824625969452,1,False,False
83a634fffffffff,-55.995342944296574,104.86085596575984,1,False,False
83a635fffffffff,-55.80544383875134,103.4594982719836,1,False,False
83a636fffffffff,-55.3005157415157,106.0498176850146,1,False,False
83a6a0fffffffff,-51.4521394828146,107.39198624171712,1,False,False
83a6a1fffffffff,-51.32661169895832,105.9744962030659,1,False,False
83a6a2fffffffff,-50.70417612677423,108.0460837285691,1,False,False
83a6a3fffffffff,-50.590878769281936,106.63225285467853,1,False,False
83a6a4fffffffff,-52.30525883320995,108.17798249489958,1,False,False
83a6a5fffffffff,-52.18320256021042,106.72831327126237,1,False,False
83a6a6fffffffff,-51.56191872593337,108.83730721621956,1,False,False
83a6acfffffffff,-51.18626979177767,104.58572505138798,1,False,False
83a6adfffffffff,-51.09135077898785,103.19358565109825,1,False,False
83a6b5fffffffff,-50.801548445484215,109.4866521319991,1,False,False
83a700fffffffff,-59.64666882879057,102.57309791392166,1,False,False
83a701fffffffff,-59.16022927498699,100.86296641920488,1,False,False
83a702fffffffff,-59.24558703119611,104.15210913229102,1,False,False
83a703fffffffff,-58.78386460826524,102.4503790062447,1,False,False
83a704fffffffff,-60.52419557287973,102.70457804706804,1,False,False
83a705fffffffff,-60.03391059713908,100.9322292444556,1,False,False
83a706fffffffff,-60.11116942594424,104.3361452627474,1,False,False
83a708fffffffff,-57.79998476012848,99.19623038541398,1,False,False
83a70afffffffff,-57.45777576310989,100.73766485202198,1,False,False
83a70bfffffffff,-56.96169717806032,99.18677996089286,1,False,False
83a70efffffffff,-58.30151847029703,100.7982564465079,1,False,False
83a710fffffffff,-58.85871916274203,107.15752250317004,1,False,False
83a711fffffffff,-58.66294073343289,105.56327101804165,1,False,False
83a712fffffffff,-58.12542374791976,108.4378200990839,1,False,False
83a713fffffffff,-57.95162873905737,106.85408674310467,1,False,False
83a714fffffffff,-59.77700573988782,107.48161361480716,1,False,False
83a715fffffffff,-59.57533883584322,105.8289547681138,1,False,False
83a716fffffffff,-59.03765179233295,108.79835843051386,1,False,False
83a718fffffffff,-57.5577698401146,103.81893149233906,1,False,False
83a719fffffffff,-57.10249791079462,102.22794457008526,1,False,False
83a71afffffffff,-56.87268676352413,105.08066107735988,1,False,False
83a71bfffffffff,-56.6756003568427,103.6337761414559,1,False,False
83a71cfffffffff,-58.39444365322508,103.9800831057383,1,False,False
83a71dfffffffff,-57.93580858969513,102.33557487059102,1,False,False
83a71efffffffff,-57.76196522375134,105.31434953549598,1,False,False
83a722fffffffff,-61.41638840210727,102.8457908211154,1,False,False
83a724fffffffff,-62.744364183894334,101.17270386373434,1,False,False
83a726fffffffff,-62.32315783060464,102.99785651594424,1,False,False
83a730fffffffff,-61.43310822550341,106.41781425970991,1,False,False
83a731fffffffff,-60.99112858955102,104.53349050005212,1,False,False
83a732fffffffff,-60.70612569704545,107.82852042192992,1,False,False
83a733fffffffff,-60.49884615626235,106.11314025104365,1,False,False
83a734fffffffff,-62.327769125170285,106.70474537827958,1,False,False
83a735fffffffff,-61.88536793532737,104.74563750084349,1,False,False
83a736fffffffff,-61.6456692280043,108.20071177699472,1,False,False
83a756fffffffff,-56.44892884417612,97.68304699214028,1,False,False
83a780fffffffff,-54.95859831817255,111.57839002827336,1,False,False
83a781fffffffff,-54.85197161338075,110.0851506813477,1,False,False
83a782fffffffff,-54.17880997488257,112.6562174963173,1,False,False
83a783fffffffff,-54.091967350573526,111.17769006208938,1,False,False
83a784fffffffff,-55.83685619637016,112.00317634659798,1,False,False
83a785fffffffff,-55.726850478488494,110.46060900217228,1,False,False
83a786fffffffff,-55.04819503094196,113.1047630462542,1,False,False
83a788fffffffff,-53.87098666602574,108.3165472775296,1,False,False
83a789fffffffff,-53.74092148934867,106.82919021625833,1,False,False
83a78afffffffff,-53.14945683261734,108.99131568205785,1,False,False
83a78bfffffffff,-53.03158083440164,107.50862478240732,1,False,False
83a78cfffffffff,-54.72943031829766,108.62593919625051,1,False,False
83a78dfffffffff,-54.59207682170935,107.2014331579794,1,False,False
83a78efffffffff,-53.989009606713886,109.730874807258,1,False,False
83a790fffffffff,-53.43880080718158,115.18686806973372,1,False,False
83a791fffffffff,-53.39563207590351,113.60138405137236,1,False,False
83a792fffffffff,-52.649506349835136,115.81819080045872,1,False,False
83a793fffffffff,-52.61913893180808,114.24287576574258,1,False,False
83a794fffffffff,-54.29992371209924,115.70428309831232,1,False,False
83a795fffffffff,-54.24848070298202,114.16547851200998,1,False,False
83a796fffffffff,-53.47080401300126,116.70548830734631,1,False,False
83a798fffffffff,-52.49891632049416,111.15988478095454,1,False,False
83a799fffffffff,-52.41081006793538,109.65557503280452,1,False,False
83a79afffffffff,-51.73053499310386,111.80700264130178,1,False,False
83a79bfffffffff,-51.65502171142815,110.30939451692058,1,False,False
83a79cfffffffff,-53.332419162686215,112.03915640120384,1,False,False
83a79dfffffffff,-53.25005263006643,110.50194641113256,1,False,False
83a79efffffffff,-52.56865689495345,112.68951457637732,1,False,False
83a7a0fffffffff,-57.511169360003336,111.28300004938642,1,False,False
83a7a1fffffffff,-57.3765925677978,109.67122070313312,1,False,False
83a7a2fffffffff,-56.72640393110099,112.45423687159013,1,False,False
83a7a3fffffffff,-56.61336091823752,110.8591727423855,1,False,False
83a7a4fffffffff,-58.41989008319511,111.7345204685012,1,False,False
83a7a5fffffffff,-58.2819775025017,110.06493925779864,1,False,False
83a7a6fffffffff,-57.62685022215176,112.93402561405476,1,False,False
83a7a8fffffffff,-56.33505421765045,107.78217034859772,1,False,False
83a7a9fffffffff,-56.17226939764114,106.3018125522969,1,False,False
83a7aafffffffff,-55.6000129484338,108.95370577166672,1,False,False
83a7abfffffffff,-55.45751686834117,107.48325554565034,1,False,False
83a7acfffffffff,-57.22444987493279,108.09976330721108,1,False,False
83a7adfffffffff,-57.05605310276183,106.56940817845832,1,False,False
83a7aefffffffff,-56.48249466816623,109.30151049243442,1,False,False
83a7b0fffffffff,-56.00162917374471,115.19091429458445,1,False,False
83a7b1fffffffff,-55.92884503717348,113.58037464943598,1,False,False
83a7b2fffffffff,-55.17182028672589,116.25218495797748,1,False,False
83a7b3fffffffff,-55.11964126031522,114.66314761434474,1,False,False
83a7b4fffffffff,-56.89398404423057,115.75149574087902,1,False,False
83a7b5fffffffff,-56.82036459165409,114.08550643480471,1,False,False
83a7b6fffffffff,-56.05402809208172,116.83324025188988,1,False,False
83a800fffffffff,-44.67788285420316,-28.924812249828488,1,False,False
83a801fffffffff,-43.715878113496736,-29.67654789481108,1,False,False
83a802fffffffff,-44.726166331004926,-27.423167164000848,1,False,False
83a803fffffffff,-43.76922895933286,-28.201941870180896,1,False,False
83a804fffffffff,-45.57019739612576,-29.66087878706174,1,False,False
83a805fffffffff,-44.61076211716567,-30.40797569726811,1,False,False
83a806fffffffff,-45.63231450267943,-28.149810769659787,1,False,False
83a808fffffffff,-41.83447488878468,-29.69148473483177,1,False,False
83a809fffffffff,-40.85869041251748,-30.403729209046777,1,False,False
83a80afffffffff,-41.878622413694806,-28.251623577313424,1,False,False
83a80bfffffffff,-40.906544054768005,-28.9892583504438,1,False,False
83a80cfffffffff,-42.74729895837864,-30.405802413810243,1,False,False
83a80dfffffffff,-41.77314541293108,-31.11334344922152,1,False,False
83a80efffffffff,-42.80499314438704,-28.9577993478176,1,False,False
83a810fffffffff,-45.69695729163012,-25.075490885296176,1,False,False
83a811fffffffff,-44.75492657925472,-25.904791971805995,1,False,False
83a812fffffffff,-45.69819944254175,-23.51615280815309,1,False,False
83a813fffffffff,-44.763539220111525,-24.3715712118454,1,False,False
83a814fffffffff,-46.61410407389516,-25.793828110220545,1,False,False
83a815fffffffff,-45.67479303069401,-26.620718126505544,1,False,False
83a816fffffffff,-46.62892360391328,-24.22147289009449,1,False,False
83a818fffffffff,-42.86587469755455,-26.01045038588468,1,False,False
83a819fffffffff,-41.90493988907107,-26.79526722572084,1,False,False
83a81afffffffff,-42.86783124088552,-24.514478290462105,1,False,False
83a81bfffffffff,-41.91283127273503,-25.324042728345336,1,False,False
83a81cfffffffff,-43.80384425924066,-26.71010112394761,1,False,False
83a81dfffffffff,-42.84473313126801,-27.492139926235023,1,False,False
83a81efffffffff,-43.81908760192231,-25.20277765623669,1,False,False
83a820fffffffff,-46.35070028831791,-31.909230083946195,1,False,False
83a821fffffffff,-45.39003848719658,-32.62211048234146,1,False,False
83a822fffffffff,-46.44572204127481,-30.41025648521149,1,False,False
83a823fffffffff,-45.48917679770845,-31.152176493202223,1,False,False
83a824fffffffff,-47.19495657705434,-32.67920110045545,1,False,False
83a825fffffffff,-46.237575606776,-33.385532864533666,1,False,False
83a826fffffffff,-47.30405260086722,-31.17304632771776,1,False,False
83a828fffffffff,-43.5557854419589,-32.56771155402043,1,False,False
83a829fffffffff,-42.58086679870442,-33.24298481533736,1,False,False
83a82afffffffff,-43.64448374932649,-31.13229855643976,1,False,False
83a82bfffffffff,-42.67234474184174,-31.83465184746068,1,False,False
83a82cfffffffff,-44.42301082391993,-33.31256620848176,1,False,False
83a82dfffffffff,-43.45056217514664,-33.98144761947169,1,False,False
83a82efffffffff,-44.52554339411067,-31.87104766541731,1,False,False
83a830fffffffff,-47.4646238263566,-28.09504465180004,1,False,False
83a831fffffffff,-46.52180949791782,-28.89018296964608,1,False,False
83a832fffffffff,-47.51449052423483,-26.526797560556343,1,False,False
83a833fffffffff,-46.57817907480528,-27.35074351021269,1,False,False
83a834fffffffff,-48.33371283142895,-28.853785776236503,1,False,False
83a835fffffffff,-47.39421877718469,-29.64442221266472,1,False,False
83a836fffffffff,-48.3976742895312,-27.27460358362548,1,False,False
83a840fffffffff,-37.840642557444085,-33.74105621087205,1,False,False
83a841fffffffff,-36.85342388779595,-34.35086334245185,1,False,False
83a842fffffffff,-37.909829231073736,-32.41888783723588,1,False,False
83a843fffffffff,-36.92301997384914,-33.052351302494365,1,False,False
83a844fffffffff,-38.74473205386054,-34.43968499163249,1,False,False
83a845fffffffff,-37.75788121439357,-35.04347468920552,1,False,False
83a846fffffffff,-38.82718679778407,-33.113077967560315,1,False,False
83a848fffffffff,-34.949419805454234,-34.26578119263662,1,False,False
83a849fffffffff,-33.96448963038404,-34.84697544743965,1,False,False
83a84afffffffff,-35.005937806497734,-32.99420335235806,1,False,False
83a84bfffffffff,-34.020421022748565,-33.59755939650192,1,False,False
83a84cfffffffff,-35.86646692993104,-34.943144484243206,1,False,False
83a84dfffffffff,-34.880685655843884,-35.51852320607024,1,False,False
83a84efffffffff,-35.93590269140331,-33.66777451418754,1,False,False
83a850fffffffff,-38.94860328526944,-30.40174932570144,1,False,False
83a851fffffffff,-37.96478449213916,-31.077956088969668,1,False,False
83a852fffffffff,-38.98625629847042,-29.0192930175962,1,False,False
83a853fffffffff,-38.00487814774816,-29.71935776474467,1,False,False
83a854fffffffff,-39.8786525432426,-31.09524837000109,1,False,False
83a855fffffffff,-38.895367089056094,-31.76674095338816,1,False,False
83a856fffffffff,-39.929528976258176,-29.70573946499881,1,False,False
83a858fffffffff,-36.0355705001945,-31.06141434359401,1,False,False
83a859fffffffff,-35.0496497642113,-31.704641728737773,1,False,False
83a85afffffffff,-36.06461708892785,-29.732381323961704,1,False,False
83a85bfffffffff,-35.07998759051165,-30.39804540479985,1,False,False
83a85cfffffffff,-36.97907777352758,-31.7350125185834,1,False,False
83a85dfffffffff,-35.99247231998631,-32.37355509584333,1,False,False
83a85efffffffff,-37.02097844638457,-30.399856601439204,1,False,False
83a860fffffffff,-39.52533464548624,-36.45722876882775,1,False,False
83a862fffffffff,-39.634723637853554,-35.148241453565994,1,False,False
83a863fffffffff,-38.64869653937629,-35.74560241227723,1,False,False
83a866fffffffff,-40.51009637047866,-35.86671737013437,1,False,False
83a868fffffffff,-36.67620082598592,-36.88789806230039,1,False,False
83a86afffffffff,-36.77093123581895,-35.62964491478153,1,False,False
83a86bfffffffff,-35.78478988764972,-36.19883833325678,1,False,False
83a86efffffffff,-37.66222233999127,-36.32526751719026,1,False,False
83a870fffffffff,-40.714407014418114,-33.17655863073529,1,False,False
83a871fffffffff,-39.73055572708713,-33.8176096100637,1,False,False
83a872fffffffff,-40.79441542705995,-31.799920128402125,1,False,False
83a873fffffffff,-39.81210141637224,-32.466261950944705,1,False,False
83a874fffffffff,-41.60174847039156,-33.89765852224542,1,False,False
83a875fffffffff,-40.61938546614804,-34.53249775883582,1,False,False
83a876fffffffff,-41.69532668241926,-32.5158184308058,1,False,False
83a880fffffffff,-44.58661168407012,-18.13188899105706,1,False,False
83a881fffffffff,-43.675986418371046,-19.05771133489764,1,False,False
83a882fffffffff,-44.48779994914902,-16.55645560803463,1,False,False
83a883fffffffff,-43.58729246370541,-17.503078406689824,1,False,False
83a884fffffffff,-45.57149604944504,-18.775422593933005,1,False,False
83a885fffffffff,-44.66333488569765,-19.70342538001912,1,False,False
83a886fffffffff,-45.48459404602357,-17.182040832647473,1,False,False
83a888fffffffff,-41.75043214054488,-19.32668549186609,1,False,False
83a889fffffffff,-40.81617399285009,-20.20447773727276,1,False,False
83a88afffffffff,-41.65955819019723,-17.809040071709262,1,False,False
83a88bfffffffff,-40.73402184828666,-18.707119992595263,1,False,False
83a88cfffffffff,-42.75374060542015,-19.959942637957496,1,False,False
83a88dfffffffff,-41.8209190060849,-20.83904261597725,1,False,False
83a88efffffffff,-42.674491037573965,-18.42635806830233,1,False,False
83a890fffffffff,-45.24266232406722,-13.990161708211218,1,False,False
83a891fffffffff,-44.36678831000546,-14.97949822262967,1,False,False
83a893fffffffff,-44.22356636593359,-13.40340362763566,1,False,False
83a894fffffffff,-46.24792107148279,-14.59177704322033,1,False,False
83a895fffffffff,-45.37500299334974,-15.58612974662909,1,False,False
83a898fffffffff,-42.4528408753518,-15.348985710796676,1,False,False
83a899fffffffff,-41.54814823022619,-16.288216363812584,1,False,False
83a89afffffffff,-42.31032057618273,-13.809623088251362,1,False,False
83a89bfffffffff,-41.41614368463466,-14.766351087449818,1,False,False
83a89cfffffffff,-43.476978276864855,-15.945563069456744,1,False,False
83a89dfffffffff,-42.57422684173148,-16.888637676269038,1,False,False
83a89efffffffff,-43.34498290276074,-14.387462178230262,1,False,False
83a8a0fffffffff,-46.59298246531476,-21.03923872551355,1,False,False
83a8a1fffffffff,-45.67798749210715,-21.94484817268472,1,False,False
83a8a2fffffffff,-46.54130298475297,-19.434034244392777,1,False,False
83a8a3fffffffff,-45.63587267996915,-20.36382608958509,1,False,False
83a8a4fffffffff,-47.534093676148025,-21.7299868086069,1,False,False
83a8a5fffffffff,-46.62205113128204,-22.63584732171632,1,False,False
83a8a6fffffffff,-47.495436311138334,-20.10807985585068,1,False,False
83a8a8fffffffff,-43.789237498177165,-22.14928932793432,1,False,False
83a8a9fffffffff,-42.850081155902366,-23.006082756689523,1,False,False
83a8aafffffffff,-43.74321773320767,-20.60719041950081,1,False,False
83a8abfffffffff,-42.812174759465634,-21.487222613849312,1,False,False
83a8acfffffffff,-44.751449418671925,-22.82551127785568,1,False,False
83a8adfffffffff,-43.8143860324523,-23.68184553295833,1,False,False
83a8aefffffffff,-44.71817933335189,-21.26872689251351,1,False,False
83a8b0fffffffff,-47.34794782387229,-16.844806667626646,1,False,False
83a8b1fffffffff,-46.466693922557305,-17.822700605442254,1,False,False
83a8b2fffffffff,-47.23867638751754,-15.208683347823508,1,False,False
83a8b3fffffffff,-46.36893754323242,-16.20776206936031,1,False,False
83a8b4fffffffff,-48.3114354492659,-17.497680422430474,1,False,False
83a8b5fffffffff,-47.43347883066476,-18.47882032631757,1,False,False
83a8b6fffffffff,-48.21430723496773,-15.84132247291593,1,False,False
83a8c0fffffffff,-38.00531580931149,-24.133948649933902,1,False,False
83a8c1fffffffff,-37.03577026032224,-24.904859131737588,1,False,False
83a8c2fffffffff,-37.96301905851255,-22.70711559708292,1,False,False
83a8c3fffffffff,-36.99882419749887,-23.4993129479347,1,False,False
83a8c4fffffffff,-38.99992270038041,-24.78068522610263,1,False,False
83a8c5fffffffff,-38.03021847233703,-25.550136033885977,1,False,False
83a8c6fffffffff,-38.96969428736693,-23.34243152010413,1,False,False
83a8c8fffffffff,-35.057305990260524,-25.02359935585645,1,False,False
83a8c9fffffffff,-34.08215695146435,-25.756676991780147,1,False,False
83a8cafffffffff,-35.013398815880635,-23.6493220418918,1,False,False
83a8cbfffffffff,-34.04233691166251,-24.402720528930928,1,False,False
83a8ccfffffffff,-36.06214474372069,-25.655688893348888,1,False,False
83a8cdfffffffff,-35.08551749724161,-26.386964426861603,1,False,False
83a8cefffffffff,-36.02988900531067,-24.27130982805157,1,False,False
83a8d0fffffffff,-38.85464410595658,-20.4378427471406,1,False,False
83a8d1fffffffff,-37.90298769679697,-21.271304001088364,1,False,False
83a8d2fffffffff,-38.76925346328584,-18.97509747982464,1,False,False
83a8d3fffffffff,-37.82494903751231,-19.828247033951094,1,False,False
83a8d4fffffffff,-39.87279216313103,-21.060173579184205,1,False,False
83a8d5fffffffff,-38.92137501747495,-21.894229425970245,1,False,False
83a8d6fffffffff,-39.79868824595798,-19.58325430479873,1,False,False
83a8d8fffffffff,-35.91594708354542,-21.473091920681743,1,False,False
83a8d9fffffffff,-34.9534728737898,-22.265599533590844,1,False,False
83a8dafffffffff,-35.83370376306818,-20.062421461159616,1,False,False
83a8dbfffffffff,-34.87726347150962,-20.87396308850644,1,False,False
83a8dcfffffffff,-36.94482399297005,-22.084072083674627,1,False,False
83a8ddfffffffff,-35.981259788931816,-22.876593056705065,1,False,False
83a8defffffffff,-36.87347637626642,-20.6607786941098,1,False,False
83a8e0fffffffff,-39.98171864769277,-26.87650761958305,1,False,False
83a8e1fffffffff,-39.00772422001506,-27.62067379151678,1,False,False
83a8e2fffffffff,-39.98187376343043,-25.439702527038573,1,False,False
83a8e3fffffffff,-39.01244894808202,-26.20730091843408,1,False,False
83a8e4fffffffff,-40.937328016610415,-27.557902516748506,1,False,False
83a8e5fffffffff,-39.96408548090909,-28.29902448701784,1,False,False
83a8e6fffffffff,-40.95044074795486,-26.11117429789779,1,False,False
83a8e8fffffffff,-37.059983385830265,-27.6806531681055,1,False,False
83a8e9fffffffff,-36.07906288101612,-28.38758435532471,1,False,False
83a8eafffffffff,-37.05601851239442,-26.29913746665592,1,False,False
83a8ebfffffffff,-36.07839541791903,-27.02824802700302,1,False,False
83a8ecfffffffff,-38.02951286005296,-28.344298075286087,1,False,False
83a8edfffffffff,-37.04813200542658,-29.047997924649973,1,False,False
83a8eefffffffff,-38.038130504166325,-26.95408731706487,1,False,False
83a8f0fffffffff,-40.92152248539762,-23.178196948810136,1,False,False
83a8f1fffffffff,-39.96405149766384,-23.99022515391816,1,False,False
83a8f2fffffffff,-40.87858460498335,-21.69549129792795,1,False,False
83a8f3fffffffff,-39.92781427009877,-22.52978480416381,1,False,False
83a8f4fffffffff,-41.90175983296037,-23.83968876518815,1,False,False
83a8f5fffffffff,-40.94533456840736,-24.650697179431088,1,False,False
83a8f6fffffffff,-41.871255048839295,-22.344045509594363,1,False,False
83a900fffffffff,-50.32592937154306,-32.40435236416668,1,False,False
83a901fffffffff,-49.41980933390073,-33.20231828868325,1,False,False
83a903fffffffff,-49.50689390248729,-31.67330216827853,1,False,False
83a904fffffffff,-51.12701774100054,-33.148450734466735,1,False,False
83a905fffffffff,-50.22508674294404,-33.94087223461025,1,False,False
83a908fffffffff,-47.67781577256409,-33.25355142300978,1,False,False
83a909fffffffff,-46.75092840928507,-34.00615168092735,1,False,False
83a90afffffffff,-47.75618716995981,-31.76257166983024,1,False,False
83a90bfffffffff,-46.83360423417541,-32.54465656979619,1,False,False
83a90efffffffff,-48.59677427059898,-32.47624692691342,1,False,False
83a918fffffffff,-48.723843283871695,-29.412809456136696,1,False,False
83a919fffffffff,-48.144830453836136,-31.94933392769541,1,False,False
83a91afffffffff,-49.18507723457958,-29.627117282062645,1,False,False
83a91bfffffffff,-48.24915585737745,-30.412652956715657,1,False,False
83a91cfffffffff,-49.574420300128864,-30.1216060839382,1,False,False
83a91dfffffffff,-48.6701007671502,-30.955191737790344,1,False,False
83a920fffffffff,-51.78173568092504,-35.45570466186294,1,False,False
83a921fffffffff,-50.87940871990887,-36.20843839703138,1,False,False
83a923fffffffff,-51.012439140272825,-34.69198165085659,1,False,False
83a924fffffffff,-52.532880218055496,-36.23208343315896,1,False,False
83a925fffffffff,-51.63516742235995,-36.97721586282905,1,False,False
83a952fffffffff,-45.27361015113918,-34.069244920417404,1,False,False
83a953fffffffff,-44.30398497289134,-34.73122105765189,1,False,False
83a958fffffffff,-42.35144892551983,-35.99334053966448,1,False,False
83a95afffffffff,-42.473635761940656,-34.62957631078206,1,False,False
83a95bfffffffff,-41.49317017613805,-35.257744955429075,1,False,False
83a95efffffffff,-43.32962427919598,-35.372313005107,1,False,False
83a981fffffffff,-50.256429055460565,-23.897425868033498,1,False,False
83a983fffffffff,-50.25852927686449,-22.22636869294024,1,False,False
83a985fffffffff,-51.12876824806713,-24.65266993304046,1,False,False
83a988fffffffff,-48.46081545940543,-24.06362873355561,1,False,False
83a989fffffffff,-47.5431050747687,-24.94172381899644,1,False,False
83a98afffffffff,-48.45868249883685,-22.436390878311784,1,False,False
83a98bfffffffff,-47.5498261904433,-23.342013121913585,1,False,False
83a98cfffffffff,-49.35456809134688,-24.80097023006148,1,False,False
83a98dfffffffff,-48.44027385654069,-25.6771498036534,1,False,False
83a98efffffffff,-49.36627151742792,-23.158767122156583,1,False,False
83a998fffffffff,-49.31885169003453,-19.838993117676928,1,False,False
83a999fffffffff,-48.43334638488232,-20.79791512069306,1,False,False
83a99afffffffff,-49.25884787898868,-18.16680473630098,1,False,False
83a99bfffffffff,-48.38437422297442,-19.1507879914319,1,False,False
83a99dfffffffff,-49.35452988451041,-21.50389427053341,1,False,False
83a9a8fffffffff,-50.18192357231986,-27.194454103640503,1,False,False
83a9a9fffffffff,-49.26325898018134,-28.037438660383845,1,False,False
83a9aafffffffff,-50.23067882948032,-25.55430500662668,1,False,False
83a9abfffffffff,-49.32000616934545,-26.42798544520143,1,False,False
83ac10fffffffff,-52.84112429236236,-34.76214945013496,1,False,False
83ac11fffffffff,-51.769195282107255,-35.05099727336089,1,False,False
83ac12fffffffff,-53.16535525495669,-33.05107391914393,1,False,False
83ac13fffffffff,-52.09029503548174,-33.39304150494566,1,False,False
83ac14fffffffff,-53.57398316590595,-36.175583422492686,1,False,False
83ac15fffffffff,-52.496794584425146,-36.42777758835858,1,False,False
83ac16fffffffff,-53.92223321543954,-34.45580127231274,1,False,False
83ac30fffffffff,-53.895507145538026,-39.30734176323225,1,False,False
83ac32fffffffff,-54.28743755808716,-37.6337266383625,1,False,False
83ac33fffffffff,-53.206017630070654,-37.84651646315093,1,False,False
83ac34fffffffff,-54.56393635040935,-40.810170317104095,1,False,False
83ac36fffffffff,-54.98007609291961,-39.13675536719256,1,False,False
83ac80fffffffff,-53.15553384980591,-26.35650329828117,1,False,False
83ac81fffffffff,-52.08878124664005,-26.896448048004256,1,False,False
83ac82fffffffff,-53.359619927491,-24.50640849334362,1,False,False
83ac83fffffffff,-52.29632173215821,-25.10369399776273,1,False,False
83ac84fffffffff,-54.0010663436814,-27.66006624061707,1,False,False
83ac85fffffffff,-52.925125061590734,-28.17263909750196,1,False,False
83ac86fffffffff,-54.22869068812157,-25.78416038302981,1,False,False
83ac88fffffffff,-50.19014268551041,-26.202053798342508,1,False,False
83ac89fffffffff,-49.149126546621495,-26.70797746917419,1,False,False
83ac8afffffffff,-50.37887450795923,-24.485905743593875,1,False,False
83ac8bfffffffff,-49.34020955352749,-25.041218298737725,1,False,False
83ac8cfffffffff,-51.0293983450688,-27.40658156204561,1,False,False
83ac8dfffffffff,-49.978281689829096,-27.8892318231642,1,False,False
83ac8efffffffff,-51.23950662277985,-25.668059907972257,1,False,False
83ac90fffffffff,-54.59872515419728,-21.931100431967533,1,False,False
83ac91fffffffff,-53.536070982021606,-22.625353453002656,1,False,False
83ac92fffffffff,-54.73856360940075,-19.961106740694223,1,False,False
83ac93fffffffff,-53.68368300372914,-20.716704159689527,1,False,False
83ac94fffffffff,-55.50142370710891,-23.20146577300946,1,False,False
83ac95fffffffff,-54.428359655919095,-23.873378507743794,1,False,False
83ac96fffffffff,-55.66457126645211,-21.194466409098347,1,False,False
83ac98fffffffff,-51.58491931217946,-22.10466734012848,1,False,False
83ac99fffffffff,-50.543358557966,-22.743189486351486,1,False,False
83ac9afffffffff,-51.718020531243255,-20.28545605975581,1,False,False
83ac9bfffffffff,-50.68256177561727,-20.976577825266407,1,False,False
83ac9cfffffffff,-52.47781023396047,-23.28059333285343,1,False,False
83ac9dfffffffff,-51.42506379056933,-23.89986086886521,1,False,False
83ac9efffffffff,-52.63206744577291,-21.430148389361467,1,False,False
83aca0fffffffff,-54.55259788815668,-30.874350944118856,1,False,False
83aca1fffffffff,-53.46783667426306,-31.295840403012747,1,False,False
83aca2fffffffff,-54.83125589202293,-29.01609678723881,1,False,False
83aca3fffffffff,-53.74693763357235,-29.498136534741857,1,False,False
83aca4fffffffff,-55.340471348249736,-32.30256865326289,1,False,False
83aca5fffffffff,-54.24901873656627,-32.68822962639192,1,False,False
83aca6fffffffff,-55.64441615144767,-30.426214274299177,1,False,False
83aca8fffffffff,-51.600713662736105,-30.380596687854748,1,False,False
83aca9fffffffff,-50.54052157334821,-30.78540364591596,1,False,False
83acaafffffffff,-51.856462125160725,-28.656189161834508,1,False,False
83acabfffffffff,-50.7959709925798,-29.113050159022315,1,False,False
83acacfffffffff,-52.39101139559392,-31.692948966528416,1,False,False
83acadfffffffff,-51.32294314810548,-32.067697574073364,1,False,False
83acaefffffffff,-52.66979439266127,-29.95219825942169,1,False,False
83acb0fffffffff,-56.170879233109545,-26.53712834876585,1,False,False
83acb1fffffffff,-55.08332663210609,-27.11586677716248,1,False,False
83acb2fffffffff,-56.38999976167963,-24.530421891088345,1,False,False
83acb3fffffffff,-55.30721560379462,-25.176538377688267,1,False,False
83acb4fffffffff,-57.01755462027909,-27.957390959726013,1,False,False
83acb5fffffffff,-55.92179932373947,-28.50348593596149,1,False,False
83acb6fffffffff,-57.26262838619174,-25.92058522490817,1,False,False
83acd6fffffffff,-48.30996259684576,-25.56805759735905,1,False,False
83acf2fffffffff,-48.93626056051774,-28.34649826004217,1,False,False
83acf6fffffffff,-49.74448058935852,-29.54531878742482,1,False,False
83ad02fffffffff,-55.95000853317117,-47.2056368006813,1,False,False
83ad10fffffffff,-57.5155945266916,-45.59238625120793,1,False,False
83ad11fffffffff,-56.43025326370769,-45.566162774737336,1,False,False
83ad12fffffffff,-58.013874875983454,-43.88428101052392,1,False,False
83ad13fffffffff,-56.91953002007409,-43.91320396113633,1,False,False
83ad14fffffffff,-58.0844824388015,-47.31322919393945,1,False,False
83ad15fffffffff,-57.00212234868689,-47.23110308136159,1,False,False
83ad16fffffffff,-58.60779894068627,-45.62039980157503,1,False,False
83ad18fffffffff,-54.753535477132125,-43.96574024236892,1,False,False
83ad1afffffffff,-55.21001843170877,-42.35468312228809,1,False,False
83ad1bfffffffff,-54.13105044573849,-42.4277073154659,1,False,False
83ad1cfffffffff,-55.36292139791344,-45.562398336870274,1,False,False
83ad1efffffffff,-55.83251640298967,-43.94030118154212,1,False,False
83ad30fffffffff,-58.0642444982096,-50.67194727989024,1,False,False
83ad32fffffffff,-58.62513765020039,-49.0740850507132,1,False,False
83ad33fffffffff,-57.54709772925453,-48.93363715282967,1,False,False
83ad34fffffffff,-58.56936897779249,-52.48714045771149,1,False,False
83ad36fffffffff,-59.13660254340953,-50.87292697257089,1,False,False
83ad80fffffffff,-58.69266959089384,-36.63447703729977,1,False,False
83ad81fffffffff,-57.58100080434212,-36.9094719478792,1,False,False
83ad82fffffffff,-59.07873725087341,-34.64802743088819,1,False,False
83ad83fffffffff,-57.96467320146501,-34.99507273567642,1,False,False
83ad84fffffffff,-59.39515117940441,-38.333216676250096,1,False,False
83ad85fffffffff,-58.2814156567336,-38.55476490233601,1,False,False
83ad86fffffffff,-59.80983432224332,-36.33969204562656,1,False,False
83ad88fffffffff,-55.75451014979125,-35.622931172733,1,False,False
83ad89fffffffff,-54.66013838905463,-35.907794537056546,1,False,False
83ad8afffffffff,-56.10891819833929,-33.78391639005937,1,False,False
83ad8bfffffffff,-55.01176640311429,-34.1303318450385,1,False,False
83ad8cfffffffff,-56.475694514550966,-37.16659344635256,1,False,False
83ad8dfffffffff,-55.37757795312656,-37.40751980276961,1,False,False
83ad8efffffffff,-56.85630224067231,-35.319322059981666,1,False,False
83ad90fffffffff,-60.55586843311142,-32.143145880888454,1,False,False
83ad91fffffffff,-59.43728624869356,-32.59695682609184,1,False,False
83ad92fffffffff,-60.88229679951387,-29.94467946111294,1,False,False
83ad93fffffffff,-59.766002285565165,-30.48356860100572,1,False,False
83ad94fffffffff,-61.32018533200361,-33.87533273071931,1,False,False
83ad95fffffffff,-60.19756521385412,-34.27572297587192,1,False,False
83ad96fffffffff,-61.67730256898011,-31.654808763586207,1,False,False
83ad98fffffffff,-57.54321802102715,-31.45378030696985,1,False,False
83ad99fffffffff,-56.438845097003366,-31.891907462767406,1,False,False
83ad9afffffffff,-57.845415784515,-29.439476005800003,1,False,False
83ad9bfffffffff,-56.74235421624515,-29.94888131383337,1,False,False
83ad9cfffffffff,-58.32260713333715,-33.01972679149015,1,False,False
83ad9dfffffffff,-57.21283329448506,-33.41449362684612,1,False,False
83ad9efffffffff,-58.65261398990226,-30.98539316470769,1,False,False
83ada0fffffffff,-59.60319617261558,-42.01064943753239,1,False,False
83ada1fffffffff,-58.49476876373871,-42.1055177382336,1,False,False
83ada2fffffffff,-60.070483518807606,-40.091422367508,1,False,False
83ada3fffffffff,-58.95598494612129,-40.25526436331237,1,False,False
83ada4fffffffff,-60.22160014071564,-43.82016659589931,1,False,True
83ada5fffffffff,-59.11481854405847,-43.85334139477804,1,False,False
83ada6fffffffff,-60.71708317108369,-41.90878660128366,1,False,True
83ada8fffffffff,-56.745217804149554,-40.55084461663703,1,False,False
83ada9fffffffff,-55.650519766272296,-40.68460994084257,1,False,False
83adaafffffffff,-57.173788346471774,-38.76162744732391,1,False,False
83adabfffffffff,-56.07308278633435,-38.955212767993686,1,False,False
83adacfffffffff,-57.39259296324549,-42.19408755150185,1,False,False
83adadfffffffff,-56.29743214012837,-42.27696559273553,1,False,False
83adaefffffffff,-57.84729590120623,-40.40804454344837,1,False,False
83adb0fffffffff,-61.637522695446656,-37.83936280757052,1,False,False
83adb1fffffffff,-60.51414695100215,-38.09536874827143,1,False,False
83adb2fffffffff,-62.056997934963874,-35.68162216978822,1,False,False
83adb3fffffffff,-60.93159065412953,-36.02291837641895,1,False,False
83adb4fffffffff,-62.31355698284236,-39.72538579879362,1,False,False
83adb5fffffffff,-61.18996035424329,-39.9152750564725,1,False,False
83adb6fffffffff,-62.76436797508554,-37.56304848070747,1,False,False
83b200fffffffff,-38.45087153995906,-50.69703689633061,1,False,False
83b201fffffffff,-39.3609745561262,-50.07057712874617,1,False,False
83b203fffffffff,-39.31228571129162,-51.48475149030988,1,False,False
83b204fffffffff,-37.57523022243542,-49.92002537336061,1,False,False
83b205fffffffff,-38.49158687170744,-49.29322440532219,1,False,False
83b208fffffffff,-41.10389204285197,-50.22514890278104,1,False,False
83b209fffffffff,-41.97573474000134,-49.58338067352132,1,False,False
83b20afffffffff,-41.05600764794068,-51.65824573874208,1,False,False
83b20bfffffffff,-41.93726511064912,-51.02518547176846,1,False,False
83b20cfffffffff,-40.25545123804832,-49.43637524877445,1,False,False
83b20dfffffffff,-41.133936288198456,-48.79444513190986,1,False,False
83b20efffffffff,-40.215960886553255,-50.85894065089217,1,False,False
83b220fffffffff,-36.7119796155293,-47.771738497652926,1,False,False
83b221fffffffff,-37.62511071367728,-47.13810614519076,1,False,False
83b222fffffffff,-36.68596601633574,-49.15378021941978,1,False,False
83b223fffffffff,-37.60838010073206,-48.52693358368735,1,False,False
83b224fffffffff,-35.80305260279728,-47.02765659053233,1,False,False
83b225fffffffff,-36.722000744120656,-46.39477086052404,1,False,False
83b226fffffffff,-35.78372665828054,-48.398347590340514,1,False,False
83b228fffffffff,-39.406853163101,-47.25148356981119,1,False,False
83b22afffffffff,-39.39245990978802,-48.65892099269092,1,False,False
83b22bfffffffff,-40.27746264373763,-48.01713789668472,1,False,False
83b22cfffffffff,-38.52268918174046,-46.4974893773237,1,False,False
83b22efffffffff,-38.51547866545569,-47.8928243393726,1,False,False
83b250fffffffff,-43.65101551634793,-49.73439647490761,1,False,False
83b252fffffffff,-43.61336212733592,-51.19594540926232,1,False,False
83b253fffffffff,-44.45515421784121,-50.547004466579054,1,False,False
83b254fffffffff,-42.831189185039904,-48.93364850760384,1,False,False
83b256fffffffff,-42.80236126994144,-50.38390154455441,1,False,False
83b258fffffffff,-45.20381116728585,-50.14469520649219,1,False,False
83b25bfffffffff,-45.97037767293334,-50.9717624025637,1,False,False
83b272fffffffff,-41.9961100436036,-48.14480875329728,1,False,False
83b276fffffffff,-41.146254910741256,-47.36790592476223,1,False,False
83b2c8fffffffff,-46.59764519633745,-56.056238387117205,1,False,False
83b2c9fffffffff,-47.42109658211536,-55.42535507888677,1,False,False
83b2cbfffffffff,-47.31473702276273,-56.93181713487698,1,False,False
83b2ccfffffffff,-45.86308548488667,-55.1909440048874,1,False,False
83b2cdfffffffff,-46.69353499182298,-54.55737382527178,1,False,False
83b2e1fffffffff,-43.55695872235328,-52.658724609854296,1,False,False
83b2e5fffffffff,-42.75509710000568,-51.83640928599343,1,False,False
83b2e8fffffffff,-45.18688688519664,-52.8542502591317,1,False,False
83b2e9fffffffff,-46.01483904772589,-52.20750416857847,1,False,False
83b2eafffffffff,-45.11127313701099,-54.33614152293018,1,False,False
83b2ebfffffffff,-45.94871754664003,-53.70028132196721,1,False,False
83b2ecfffffffff,-44.40832661174953,-52.01942961353531,1,False,False
83b2edfffffffff,-45.24321244240783,-51.37140377670065,1,False,False
83b2eefffffffff,-44.34246464482932,-53.492014801784464,1,False,False
83b302fffffffff,-30.81302827724799,-48.01015554215716,1,False,False
83b303fffffffff,-31.80115310493349,-47.47002075393116,1,False,False
83b306fffffffff,-29.900273714558352,-47.240677402452775,1,False,False
83b30afffffffff,-33.668541685452524,-47.70475365719029,1,False,False
83b30bfffffffff,-34.623849764794244,-47.15396193182594,1,False,False
83b30efffffffff,-32.77586842061319,-46.92449902937396,1,False,False
83b319fffffffff,-34.86920189354778,-47.65375731517884,1,False,False
83b31dfffffffff,-32.699018222343625,-48.25000009087614,1,False,False
83b332fffffffff,-27.87812074281263,-48.30561727158993,1,False,False
83b333fffffffff,-28.8951055712597,-47.77577273903273,1,False,False
83b336fffffffff,-26.948930123095444,-47.546674802532046,1,False,False
83b356fffffffff,-35.564465384990186,-46.597643238993406,1,False,False
83b800fffffffff,-61.36090397336074,129.67044997743156,1,False,False
83b801fffffffff,-61.45340545757938,127.5217446366167,1,False,False
83b802fffffffff,-60.35393344346432,130.5932876086453,1,False,False
83b803fffffffff,-60.46805819959328,128.5050899007257,1,False,False
83b804fffffffff,-62.25235227876387,130.91711766204625,1,False,False
83b805fffffffff,-62.35862112443538,128.6890825993392,1,False,False
83b806fffffffff,-61.23285703369952,131.8319722857364,1,False,False
83b808fffffffff,-60.59620455643445,124.37902110749224,1,False,False
83b809fffffffff,-60.61238468126295,122.35123108979356,1,False,False
83b80afffffffff,-59.64540646394309,125.41289725475936,1,False,False
83b80bfffffffff,-59.68435587658014,123.43293869202736,1,False,False
83b80cfffffffff,-61.511341698905376,125.39171639199118,1,False,False
83b80dfffffffff,-61.53586433350524,123.2859185463627,1,False,False
83b80efffffffff,-60.54848010971877,126.43193626352377,1,False,False
83b810fffffffff,-59.17089790493383,133.49908957153897,1,False,False
83b811fffffffff,-59.3390658310205,131.46224142436105,1,False,False
83b812fffffffff,-58.13102480023517,134.26007972124256,1,False,False
83b813fffffffff,-58.317609537928114,132.2815300596735,1,False,False
83b814fffffffff,-60.0213982002235,134.79294608511637,1,False,False
83b815fffffffff,-60.20526622960224,132.69110027044584,1,False,False
83b816fffffffff,-58.968661971791775,135.5376920092306,1,False,False
83b818fffffffff,-58.59385092197901,128.342717356836,1,False,False
83b819fffffffff,-58.68485318600109,126.39161204056572,1,False,False
83b81afffffffff,-57.60476602275466,129.2213044613236,1,False,False
83b81bfffffffff,-57.71588144850074,127.31893748710374,1,False,False
83b81cfffffffff,-59.47370526688119,129.43227398212986,1,False,False
83b81dfffffffff,-59.57552825509288,127.41421033079928,1,False,False
83b81efffffffff,-58.47168617442387,130.30752811632112,1,False,False
83b820fffffffff,-64.16275318586607,131.28714367074417,1,False,False
83b821fffffffff,-64.2615330790717,128.89931689163964,1,False,False
83b822fffffffff,-63.1404979006946,132.2525965614102,1,False,False
83b823fffffffff,-63.262384779550885,129.9414478791229,1,False,False
83b824fffffffff,-65.05755968255802,132.7353427632975,1,False,False
83b825fffffffff,-65.17395339922967,130.25253921858103,1,False,False
83b826fffffffff,-64.02322412654027,133.68510949410603,1,False,False
83b828fffffffff,-63.39147345347943,125.3676365328556,1,False,False
83b829fffffffff,-63.40108171493272,123.11893205626556,1,False,False
83b82afffffffff,-62.42835805236129,126.47761159147387,1,False,False
83b82bfffffffff,-62.46269834649841,124.28901769308514,1,False,False
83b82cfffffffff,-64.32060488749829,126.5297788028411,1,False,False
83b82dfffffffff,-64.34125051449702,124.18630613126716,1,False,False
83b82efffffffff,-63.34567661035579,127.64406931514633,1,False,False
83b830fffffffff,-61.92668829055837,135.396271208388,1,False,False
83b831fffffffff,-62.10861463514073,133.1551095904911,1,False,False
83b832fffffffff,-60.86717087535548,136.1690515666823,1,False,False
83b833fffffffff,-61.06847437194741,134.0002361913043,1,False,False
83b834fffffffff,-62.77770147732313,136.88632098098608,1,False,False
83b835fffffffff,-62.9791448679868,134.57007531797285,1,False,False
83b836fffffffff,-61.70608462070943,137.6337575381399,1,False,False
83b840fffffffff,-61.32762335431858,115.20134235360744,1,False,False
83b841fffffffff,-61.20679352504145,113.28456750767518,1,False,False
83b842fffffffff,-60.48498121524469,116.46165755108667,1,False,False
83b843fffffffff,-60.3887534678612,114.5751962476218,1,False,False
83b844fffffffff,-62.27443958648955,115.87418634168452,1,False,False
83b845fffffffff,-62.154102874090405,113.8782711707287,1,False,False
83b846fffffffff,-61.422582571467096,117.1632777429812,1,False,False
83b848fffffffff,-60.12503936445693,110.93422335347036,1,False,False
83b849fffffffff,-59.960762917546205,109.18366641439492,1,False,False
83b84afffffffff,-59.3390809623672,112.2164778828582,1,False,False
83b84bfffffffff,-59.19827059234834,110.4850421375906,1,False,False
83b84cfffffffff,-61.06179344147611,111.41554878963946,1,False,False
83b84dfffffffff,-60.894335585810055,109.59634869254648,1,False,False
83b84efffffffff,-60.268238714953256,112.73198161764836,1,False,False
83b850fffffffff,-59.674149263064784,119.55394904383904,1,False,False
83b851fffffffff,-59.62758587963905,117.66244187212492,1,False,False
83b852fffffffff,-58.78039199973933,120.66251712213366,1,False,False
83b853fffffffff,-58.75681239971256,118.8068326684513,1,False,False
83b854fffffffff,-60.59830148284499,120.35308340114872,1,False,False
83b855fffffffff,-60.55534270746909,118.388676992985,1,False,False
83b856fffffffff,-59.69351958605033,121.47863777254128,1,False,False
83b858fffffffff,-58.63412094162266,115.1956707299009,1,False,False
83b859fffffffff,-58.53774492860338,113.44530320909396,1,False,False
83b85afffffffff,-57.796177336058,116.34793254526647,1,False,False
83b85bfffffffff,-57.72229741490322,114.62290843145384,1,False,False
83b85cfffffffff,-59.55524025568637,115.80727538164489,1,False,False
83b85dfffffffff,-59.45857395143727,113.9911847130576,1,False,False
83b85efffffffff,-58.70760609596054,116.9836357658512,1,False,False
83b860fffffffff,-64.07200718698525,115.20822141982468,1,False,False
83b861fffffffff,-63.92608692223953,113.0900886297668,1,False,False
83b862fffffffff,-63.228365341594646,116.59894644801795,1,False,False
83b863fffffffff,-63.10944435635699,114.51771629025092,1,False,False
83b864fffffffff,-65.04088201869205,115.95592971644786,1,False,False
83b865fffffffff,-64.89653166099252,113.740669058456,1,False,False
83b866fffffffff,-64.18846044668798,117.38161123702928,1,False,False
83b868fffffffff,-62.79090386007488,110.51618359002796,1,False,False
83b869fffffffff,-62.59517627551853,108.60102140125134,1,False,False
83b86afffffffff,-62.00797964862682,111.9325210731018,1,False,False
83b86bfffffffff,-61.83789401463391,110.03938215145996,1,False,False
83b86cfffffffff,-63.7527672160517,111.03069236596642,1,False,False
83b86dfffffffff,-63.55413287648561,109.03271687586044,1,False,False
83b86efffffffff,-62.96297636920681,112.48915810811958,1,False,False
83b870fffffffff,-62.430586976217725,120.00365125255163,1,False,False
83b871fffffffff,-62.36718682917718,117.91720729417906,1,False,False
83b872fffffffff,-61.52827528822605,121.20951827900396,1,False,False
83b873fffffffff,-61.49000382393119,119.16723212884446,1,False,False
83b874fffffffff,-63.37598785400665,120.90423449461284,1,False,False
83b875fffffffff,-63.31782952726778,118.72922974353078,1,False,False
83b876fffffffff,-62.462953598097855,122.1292184796526,1,False,False
83b880fffffffff,-54.19053751350985,135.13362002435974,1,False,False
83b881fffffffff,-54.4121617059369,133.36178095011476,1,False,False
83b882fffffffff,-53.15425669157065,135.7555552368892,1,False,False
83b883fffffffff,-53.39035131485287,134.02917028736292,1,False,False
83b884fffffffff,-54.990476535303785,136.29668414108144,1,False,False
83b885fffffffff,-55.22613257963573,134.47800616750686,1,False,False
83b886fffffffff,-53.9404844219076,136.9036619127118,1,False,False
83b888fffffffff,-53.781023836615006,130.58041792553337,1,False,False
83b889fffffffff,-53.936273191335175,128.86426652824096,1,False,False
83b88afffffffff,-52.7885059140836,131.2982447938629,1,False,False
83b88bfffffffff,-52.95988709652353,129.6216893472111,1,False,False
83b88cfffffffff,-54.60558620857917,131.59152952600363,1,False,False
83b88dfffffffff,-54.7711672463732,129.82623244633277,1,False,False
83b88efffffffff,-53.599181026009504,132.30308233787022,1,False,False
83b890fffffffff,-51.84227520043763,138.02530804959508,1,False,False
83b891fffffffff,-52.11834932530531,136.34620602071865,1,False,False
83b892fffffffff,-50.796082941426704,138.54434581447572,1,False,False
83b893fffffffff,-51.08383418197156,136.9077583785568,1,False,False
83b894fffffffff,-52.59976784521553,139.19672778183298,1,False,False
83b895fffffffff,-52.8907398409925,137.4791074239726,1,False,False
83b896fffffffff,-51.53980169090307,139.69784494644483,1,False,False
83b898fffffffff,-51.58305538412543,133.62393125934358,1,False,False
83b899fffffffff,-51.79469948770811,131.9820705232603,1,False,False
83b89afffffffff,-50.57542602066262,134.23769203775743,1,False,False
83b89bfffffffff,-50.800649831017125,132.6340733485366,1,False,False
83b89cfffffffff,-52.36799871546742,134.66339633351134,1,False,False
83b89dfffffffff,-52.59131539265113,132.97977459406752,1,False,False
83b89efffffffff,-51.346147397099415,135.26672658987948,1,False,False
83b8a0fffffffff,-56.85110554307561,136.89886705979512,1,False,False
83b8a1fffffffff,-57.08687712037899,134.97780909726671,1,False,False
83b8a2fffffffff,-55.78863570811151,137.52211708717246,1,False,False
83b8a3fffffffff,-56.03964438602211,135.65565747486818,1,False,False
83b8a4fffffffff,-57.658773746988736,138.21199222509972,1,False,False
83b8a5fffffffff,-57.911499645784346,136.2384690362366,1,False,False
83b8a6fffffffff,-56.583339794135,138.8138578139309,1,False,False
83b8a8fffffffff,-56.449778316593935,131.91738476979964,1,False,False
83b8a9fffffffff,-56.60954690940624,130.05351037711975,1,False,False
83b8aafffffffff,-55.43234565131062,132.65875351190454,1,False,False
83b8abfffffffff,-55.609424058813815,130.84258854735364,1,False,False
83b8acfffffffff,-57.29082814063271,133.0549851151703,1,False,False
83b8adfffffffff,-57.4632941179446,131.13472005458982,1,False,False
83b8aefffffffff,-56.25994257566519,133.78608841700253,1,False,False
83b8b0fffffffff,-54.43030289689559,139.91774504525327,1,False,False
83b8b1fffffffff,-54.72520855348921,138.1111319865485,1,False,False
83b8b2fffffffff,-53.35483619781302,140.4249555403454,1,False,False
83b8b3fffffffff,-53.66190494235503,138.66854231155352,1,False,False
83b8b4fffffffff,-55.1942590551829,141.23005529712782,1,False,False
83b8b5fffffffff,-55.50682081911156,139.38153189454755,1,False,False
83b8b6fffffffff,-54.10587885563066,141.71301179226816,1,False,False
83b8c0fffffffff,-55.16622755803578,122.87920185780612,1,False,False
83b8c1fffffffff,-55.20185320860513,121.18598637254917,1,False,False
83b8c3fffffffff,-54.30283699248317,122.12350273261885,1,False,False
83b8c4fffffffff,-56.037055750803766,123.67986870290645,1,False,False
83b8c5fffffffff,-56.077455049023726,121.93133173622522,1,False,False
83b8c6fffffffff,-55.10617223266036,124.5926728656088,1,False,False
83b8c8fffffffff,-54.34396043108253,118.86467425415672,1,False,False
83b8c9fffffffff,-54.33209274248871,117.27122405242416,1,False,False
83b8cbfffffffff,-53.483578171994886,118.24989562704448,1,False,False
83b8ccfffffffff,-55.21398788751472,119.51557009536468,1,False,False
83b8cdfffffffff,-55.20362889649444,117.87027410802472,1,False,False
83b8cefffffffff,-54.334528261706495,120.48278742481388,1,False,False
83b8d0fffffffff,-53.227005161210776,126.29474812939372,1,False,False
83b8d2fffffffff,-52.28100983461825,127.08878254462282,1,False,False
83b8d4fffffffff,-54.06543127730942,127.1576477277374,1,False,False
83b8d5fffffffff,-54.16910108007389,125.46348022979544,1,False,False
83b8d6fffffffff,-53.105880406947286,127.95293968240368,1,False,False
83b8e0fffffffff,-57.85025880490593,123.5633698707439,1,False,False
83b8e1fffffffff,-57.875421834658496,121.71764970521352,1,False,False
83b8e2fffffffff,-56.914446148773735,124.52929752766796,1,False,False
83b8e3fffffffff,-56.96055144531277,122.7224531490182,1,False,False
83b8e4fffffffff,-58.74558258872086,124.45853710035284,1,False,False
83b8e5fffffffff,-58.77705413650884,122.54757443227126,1,False,False
83b8e6fffffffff,-57.797413652386986,125.43167291131768,1,False,False
83b8e8fffffffff,-56.97523507264465,119.18019564168124,1,False,False
83b8e9fffffffff,-56.94601516850483,117.45042088139704,1,False,False
83b8eafffffffff,-56.09305172198897,120.2056783865511,1,False,False
83b8ebfffffffff,-56.08487961215977,118.5055270592948,1,False,False
83b8ecfffffffff,-57.874001285771534,119.89785997828716,1,False,False
83b8edfffffffff,-57.84717361405662,118.1070463449872,1,False,False
83b8eefffffffff,-56.980458431401615,120.93843304492891,1,False,False
83b8f0fffffffff,-55.878069757001015,127.23394252032112,1,False,False
83b8f1fffffffff,-55.970888568628254,125.44843103391764,1,False,False
83b8f2fffffffff,-54.90938166111314,128.06920010521463,1,False,False
83b8f3fffffffff,-55.020818989729726,126.32365002569252,1,False,False
83b8f4fffffffff,-56.73978367777839,128.19836790969865,1,False,False
83b8f5fffffffff,-56.84115475293915,126.3557506274541,1,False,False
83b8f6fffffffff,-55.75780958028511,129.0331365058181,1,False,False
83b900fffffffff,-67.44894522101274,140.57624005638476,1,False,False
83b901fffffffff,-67.68304088305666,137.80071825629585,1,False,False
83b902fffffffff,-66.35971170566303,141.31676660655847,1,False,False
83b903fffffffff,-66.61408242981715,138.65837680324404,1,False,False
83b906fffffffff,-67.16485436831412,143.32202360135597,1,False,False
83b908fffffffff,-66.97938194522582,133.29498368010871,1,False,False
83b90afffffffff,-65.944388948299,134.29614161033325,1,False,False
83b90bfffffffff,-66.08072792934709,131.713971285012,1,False,False
83b90efffffffff,-66.82054903044883,135.98059505484883,1,False,False
83b910fffffffff,-64.94307437575458,144.51778014407202,1,False,False
83b911fffffffff,-65.26206384708523,141.9986414157029,1,False,False
83b912fffffffff,-63.82253819311124,145.04686011429374,1,False,False
83b913fffffffff,-64.15720363512965,142.62839496277448,1,False,False
83b914fffffffff,-65.70810898056064,146.53187352910405,1,False,False
83b915fffffffff,-66.05755496245136,143.94470013691077,1,False,False
83b916fffffffff,-64.57895400626596,146.99722338544152,1,False,False
83b918fffffffff,-64.69516679036869,137.7080363520549,1,False,False
83b919fffffffff,-64.8981812228326,135.22362969647324,1,False,False
83b91afffffffff,-63.61908672657132,138.4779806691161,1,False,False
83b91bfffffffff,-63.842168056982736,136.0848542605887,1,False,False
83b91cfffffffff,-65.53536577296842,139.44878512381433,1,False,False
83b91dfffffffff,-65.76276308671238,136.87789255974988,1,False,False
83b91efffffffff,-64.44817983260921,140.1792861736152,1,False,False
83b930fffffffff,-67.57922855590762,148.2516538634581,1,False,False
83b932fffffffff,-66.44878286943502,148.67794751442705,1,False,False
83b933fffffffff,-66.83119156045834,146.0261885858548,1,False,False
83b934fffffffff,-68.2976398622355,150.62912236712327,1,False,False
83b936fffffffff,-67.16132624401698,150.96277290035133,1,False,False
83b942fffffffff,-67.15696388754215,122.70625157975968,1,False,False
83b943fffffffff,-67.0945240705936,120.15159618747737,1,False,False
83b948fffffffff,-66.85583056825865,115.21673944331124,1,False,False
83b949fffffffff,-66.68441296379491,112.85000124226993,1,False,False
83b94afffffffff,-66.0150485613559,116.7679671323463,1,False,False
83b94bfffffffff,-65.87343839066325,114.44712714259111,1,False,False
83b94dfffffffff,-67.67420501330362,113.56928951435812,1,False,False
83b94efffffffff,-66.99336033757572,117.65263599189282,1,False,False
83b950fffffffff,-66.2211785954808,126.58992771948414,1,False,False
83b951fffffffff,-66.22789044934187,124.06799128348906,1,False,False
83b952fffffffff,-65.24831484702898,127.78445974803088,1,False,False
83b953fffffffff,-65.28187657659709,125.34001879293172,1,False,False
83b956fffffffff,-66.17260729450568,129.1418307441978,1,False,False
83b958fffffffff,-65.23275878633737,120.554993149481,1,False,False
83b959fffffffff,-65.15366871081675,118.22907845546102,1,False,False
83b95afffffffff,-64.3249652417003,121.87615885785264,1,False,False
83b95bfffffffff,-64.27342652740063,119.60596117497629,1,False,False
83b95cfffffffff,-66.19445394476118,121.58506236051537,1,False,False
83b95dfffffffff,-66.1228025417721,119.14932243852736,1,False,False
83b95efffffffff,-65.27612332362332,122.92761908181456,1,False,False
83b980fffffffff,-59.688739569152375,144.7278825688188,1,False,False
83b981fffffffff,-60.03916918982089,142.61739399138614,1,False,False
83b982fffffffff,-58.564949659911,145.1677983516101,1,False,False
83b983fffffffff,-58.92768858404279,143.12865288019913,1,False,False
83b984fffffffff,-60.43560589659271,146.41488894635822,1,False,False
83b985fffffffff,-60.81095567560122,144.25744221239017,1,False,False
83b986fffffffff,-59.301784696842056,146.8098596154516,1,False,False
83b988fffffffff,-59.5464034207481,138.98617719680774,1,False,False
83b989fffffffff,-59.80186465179335,136.89317858007985,1,False,False
83b98afffffffff,-58.46074780425972,139.59959935155513,1,False,False
83b98bfffffffff,-58.732001095304426,137.57289581124664,1,False,False
83b98cfffffffff,-60.35255035635658,140.48363476794984,1,False,False
83b98dfffffffff,-60.62857790856109,138.3322188499204,1,False,False
83b98efffffffff,-59.25495997321694,141.0664368428852,1,False,False
83b990fffffffff,-57.03319424575904,147.52527267266228,1,False,False
83b991fffffffff,-57.44065069733043,145.5800199140905,1,False,False
83b992fffffffff,-55.90046986886052,147.8502105207904,1,False,False
83b993fffffffff,-56.31688525760242,145.9670436979033,1,False,False
83b994fffffffff,-57.7355002863331,149.15854673453967,1,False,False
83b995fffffffff,-58.167303420272674,147.17919079920907,1,False,False
83b996fffffffff,-56.59315582572345,149.43972962845504,1,False,False
83b998fffffffff,-57.05356677475155,142.12602691921296,1,False,False
83b999fffffffff,-57.37276400041748,140.17601259694757,1,False,False
83b99afffffffff,-55.95196140445437,142.6088931366785,1,False,False
83b99bfffffffff,-56.28357203185691,140.7185612766542,1,False,False
83b99cfffffffff,-57.814759103209504,143.60780627423313,1,False,False
83b99dfffffffff,-58.15492761059304,141.61282819382322,1,False,False
83b99efffffffff,-56.70145715227368,144.05772515912574,1,False,False
83b9a0fffffffff,-62.30667044432968,147.824600059758,1,False,False
83b9a1fffffffff,-62.69705478299552,145.53673936820147,1,False,False
83b9a2fffffffff,-61.165646254766806,148.1939264354856,1,False,False
83b9a3fffffffff,-61.56771757500158,145.99155467080936,1,False,False
83b9a4fffffffff,-63.02485060946065,149.76120632962477,1,False,False
83b9a5fffffffff,-63.44478927728334,147.42682427481233,1,False,False
83b9a6fffffffff,-61.87605689743159,150.06901490835983,1,False,False
83b9a8fffffffff,-62.25335059677527,141.48512669354074,1,False,False
83b9a9fffffffff,-62.5358029552034,139.19379444580883,1,False,False
83b9aafffffffff,-61.14809894359096,142.07078118760853,1,False,False
83b9abfffffffff,-61.4465557592054,139.86079060083392,1,False,False
83b9acfffffffff,-63.04630377518209,143.2116471858539,1,False,False
83b9adfffffffff,-63.353771076900266,140.85622940157052,1,False,False
83b9aefffffffff,-61.930512358808464,143.75325665863866,1,False,False
83b9b0fffffffff,-59.57333252592781,150.62109396145482,1,False,False
83b9b1fffffffff,-60.02275760527817,148.53772247309,1,False,False
83b9b2fffffffff,-58.42141883851037,150.86956850580617,1,False,False
83b9b3fffffffff,-58.87903581001824,148.85852459192736,1,False,False
83b9b4fffffffff,-60.247551076125895,152.46965270078238,1,False,False
83b9b5fffffffff,-60.72521366661452,150.35489410173088,1,False,False
83b9b6fffffffff,-59.08844855977145,152.66074868567475,1,False,False
83bc09fffffffff,-66.90623212948152,-48.23933576428544,1,False,True
83bc0bfffffffff,-67.4993863049241,-45.93920320223457,1,False,True
83bc40fffffffff,-62.98716554723822,-49.74518310920524,1,False,False
83bc41fffffffff,-61.890742233067456,-49.55856185296711,1,False,False
83bc42fffffffff,-63.5761228165736,-47.82252749840675,1,False,True
83bc43fffffffff,-62.46974847834767,-47.704981539069,1,False,True
83bc44fffffffff,-63.46927284084232,-51.83455961975138,1,False,False
83bc45fffffffff,-62.38122333487395,-51.566938571824586,1,False,False
83bc46fffffffff,-64.08617460639302,-49.94690470576808,1,False,False
83bc48fffffffff,-60.26747616063206,-47.49510002543837,1,False,True
83bc49fffffffff,-59.17318185161127,-47.401025581177294,1,False,False
83bc4afffffffff,-60.80982578988508,-45.68258393898407,1,False,True
83bc4bfffffffff,-59.70613024659448,-45.6503931797291,1,False,True
83bc4cfffffffff,-60.79773005818426,-49.38541010484887,1,False,False
83bc4dfffffffff,-59.7089343056725,-49.22432324921719,1,False,False
83bc4efffffffff,-61.36659573045753,-47.59615031658876,1,False,True
83bc50fffffffff,-65.26224117824538,-45.83897881768642,1,False,True
83bc51fffffffff,-64.1451374895514,-45.7950531197943,1,False,True
83bc52fffffffff,-65.81482909216888,-43.61042011208577,1,False,True
83bc53fffffffff,-64.6910565548029,-43.65945381123864,1,False,True
83bc54fffffffff,-65.79521095139083,-48.088310032635775,1,False,True
83bc55fffffffff,-64.68489073206096,-47.94987749038644,1,False,True
83bc56fffffffff,-66.38060851566232,-45.8868439273954,1,False,True
83bc58fffffffff,-62.44950840850554,-43.74606725253628,1,False,True
83bc59fffffffff,-61.3334331323532,-43.78450534577307,1,False,True
83bc5afffffffff,-62.95794186183381,-41.68074008023267,1,False,True
83bc5bfffffffff,-61.83561192866397,-41.7991267940479,1,False,True
83bc5cfffffffff,-63.03014450700951,-45.7545997673977,1,False,True
83bc5dfffffffff,-61.91809939883865,-45.71722271599861,1,False,True
83bc5efffffffff,-63.56899759239912,-43.70451487836315,1,False,True
83bc61fffffffff,-62.19249578727573,-55.30191519929422,1,False,False
83bc62fffffffff,-63.91514775355749,-53.96916271239107,1,False,False
83bc63fffffffff,-62.837138641334896,-53.61781378501996,1,False,False
83bc68fffffffff,-60.68773635236544,-52.98941604790307,1,False,False
83bc69fffffffff,-59.61802904645443,-52.70734101535745,1,False,False
83bc6afffffffff,-61.29588142103725,-51.3187729195958,1,False,False
83bc6bfffffffff,-60.21407367336748,-51.08802391129281,1,False,False
83bc6cfffffffff,-61.12918947806919,-54.92534640334492,1,False,False
83bc6dfffffffff,-60.06868910495589,-54.574526020014936,1,False,False
83bc6efffffffff,-61.76104935446617,-53.29212958239153,1,False,False
83bc71fffffffff,-64.55918100776904,-52.1240040802649,1,False,False
83bc72fffffffff,-66.28856270629899,-50.40359953054399,1,False,False
83bc73fffffffff,-65.18692640000602,-50.16563099973994,1,False,False
83bc89fffffffff,-70.30678086880184,-29.128676906073697,1,False,False
83bc99fffffffff,-71.919593184263,-21.16725519665693,1,False,False
83bcc0fffffffff,-66.5751152964578,-34.0046307863423,1,False,True
83bcc1fffffffff,-65.44519941218749,-34.478732813385854,1,False,True
83bcc2fffffffff,-66.95319742702847,-31.31756906923417,1,False,True
83bcc3fffffffff,-65.82767774825004,-31.91933604293651,1,False,False
83bcc4fffffffff,-67.28728995173395,-36.197694886026014,1,False,True
83bcc5fffffffff,-66.15620648780836,-36.5850142304381,1,False,True
83bcc6fffffffff,-67.70346368818913,-33.48533775888903,1,False,True
83bcc8fffffffff,-63.57270491567954,-32.976743391806416,1,False,False
83bcc9fffffffff,-62.445583810902576,-33.44359797158546,1,False,False
83bccafffffffff,-63.924272614859085,-30.55785774809544,1,False,False
83bccbfffffffff,-62.8004879192895,-31.127929306367243,1,False,False
83bcccfffffffff,-64.31482875665688,-34.91323967407914,1,False,False
83bccdfffffffff,-63.18508052081382,-35.31286850843252,1,False,False
83bccefffffffff,-64.7004503709171,-32.47037234304706,1,False,False
83bcd0fffffffff,-68.40037999746176,-27.722457310512382,1,False,False
83bcd1fffffffff,-67.28686966940334,-28.52960610333478,1,False,False
83bcd2fffffffff,-68.67369067800645,-24.68900715191175,1,False,False
83bcd3fffffffff,-67.57271337622913,-25.64886077153708,1,False,False
83bcd4fffffffff,-69.19408644047904,-29.931689172280915,1,False,False
83bcd5fffffffff,-68.07576757901754,-30.65788084205364,1,False,True
83bcd6fffffffff,-69.50780152900295,-26.83365751609861,1,False,False
83bcd8fffffffff,-65.35277087168687,-27.32519391237096,1,False,False
83bcd9fffffffff,-64.23688996225751,-28.060801058085893,1,False,False
83bcdafffffffff,-65.61351832036274,-24.635658891188385,1,False,False
83bcdbfffffffff,-64.5077980274351,-25.491646109035507,1,False,False
83bcdcfffffffff,-66.16875938636132,-29.26558073799444,1,False,False
83bcddfffffffff,-65.04745099856999,-29.93918407575819,1,False,False
83bcdefffffffff,-66.46520947303415,-26.524140847094063,1,False,False
83bce0fffffffff,-67.46784938439254,-41.095179272916425,1,False,True
83bce1fffffffff,-66.3390603109108,-41.26140366475486,1,False,True
83bce2fffffffff,-67.96173306761763,-38.500170306916544,1,False,True
83bce3fffffffff,-66.83117449826226,-38.79044046700017,1,False,True
83bce4fffffffff,-68.06405257289114,-43.49813063567249,1,False,True
83bce5fffffffff,-66.93945072557227,-43.55686429056289,1,False,True
83bce6fffffffff,-68.59601149285893,-40.91245468481302,1,False,True
83bce8fffffffff,-64.5695562927324,-39.297426104651024,1,False,True
83bce9fffffffff,-63.44039048639771,-39.52008593305531,1,False,True
83bceafffffffff,-65.02468690141113,-36.939061656005286,1,False,True
83bcebfffffffff,-63.8937442767766,-37.26392396313828,1,False,False
83bcecfffffffff,-65.21054868763584,-41.41326382721583,1,False,True
83bcedfffffffff,-64.08321286892534,-41.55254268115864,1,False,True
83bceefffffffff,-65.70013091269249,-39.0551148630938,1,False,True
83bcf0fffffffff,-69.5439766940571,-35.3027247021712,1,False,False
83bcf1fffffffff,-68.41690055157208,-35.77222321624152,1,False,True
83bcf2fffffffff,-69.95080769181588,-32.283071781568744,1,False,False
83bcf3fffffffff,-68.8290930964143,-32.91416798494884,1,False,True
83bcf4fffffffff,-70.21751791831173,-37.826482021734535,1,False,False
83bcf5fffffffff,-69.09084019748956,-38.18042013413504,1,False,True
83bcf6fffffffff,-70.66742895086685,-34.78206690004005,1,False,False
83be08fffffffff,-60.667247256177646,166.84078772568105,1,False,False
83be09fffffffff,-61.372362157620046,164.89562412466324,1,False,False
83be0afffffffff,-59.49740866910157,166.53173196376048,1,False,False
83be0bfffffffff,-60.199980560198135,164.64963982195945,1,False,False
83be0cfffffffff,-61.09839738415872,169.09775619031936,1,False,False
83be0dfffffffff,-61.835824824281616,167.1729984360735,1,False,False
83be0efffffffff,-59.9335711778223,168.7048865797222,1,False,False
83be18fffffffff,-57.60176168577435,167.9965670352439,1,False,False
83be19fffffffff,-58.32738618222954,166.24350808762068,1,False,False
83be1afffffffff,-56.43697811744787,167.67624088920388,1,False,False
83be1bfffffffff,-57.15824442523866,165.97409173283563,1,False,False
83be1dfffffffff,-58.76765622728723,168.33869023674131,1,False,False
83be29fffffffff,-63.42026901313799,169.975902499016,1,False,False
83be40fffffffff,-64.46029981148524,158.59320709151663,1,False,False
83be41fffffffff,-65.02265405484505,156.23123574305708,1,False,False
83be42fffffffff,-63.29223021434544,158.57143901025984,1,False,False
83be43fffffffff,-63.859260909953726,156.30404211776386,1,False,False
83be44fffffffff,-65.02578324605226,160.9889918132024,1,False,False
83be45fffffffff,-65.62496488944906,158.61684360233704,1,False,False
83be46fffffffff,-63.85801751553463,160.87006824582352,1,False,False
83be48fffffffff,-64.87109945649807,151.54776990730952,1,False,False
83be49fffffffff,-65.31222893642915,149.06895984350584,1,False,False
83be4afffffffff,-63.71912361182497,151.805590694574,1,False,False
83be4bfffffffff,-64.17057988504322,149.42886447546132,1,False,False
83be4cfffffffff,-65.54284495657508,153.7877596274033,1,False,False
83be4dfffffffff,-66.01882502014563,151.26781800542076,1,False,False
83be4efffffffff,-64.38619914931938,153.96135349639255,1,False,False
83be50fffffffff,-61.514382705932206,160.65885053889554,1,False,False
83be51fffffffff,-62.12171605342022,158.55132624292844,1,False,False
83be52fffffffff,-60.34048589243113,160.564641523609,1,False,False
83be53fffffffff,-60.94972938239039,158.53268689699263,1,False,False
83be54fffffffff,-62.04648731132371,162.8687705165886,1,False,False
83be55fffffffff,-62.68722336844255,160.7603650090552,1,False,False
83be56fffffffff,-60.87306429884936,162.6919461985088,1,False,False
83be58fffffffff,-62.0632735441892,154.26930798406264,1,False,False
83be59fffffffff,-62.56388038231186,152.0437955770227,1,False,False
83be5afffffffff,-60.898934855859046,154.40651312382084,1,False,False
83be5bfffffffff,-61.40635884617215,152.26453380923104,1,False,False
83be5cfffffffff,-62.692932272488726,156.37122307093003,1,False,False
83be5dfffffffff,-63.22601997125056,154.12135852719513,1,False,False
83be5efffffffff,-61.52463132131842,156.4334061632255,1,False,False
83be60fffffffff,-66.7128332752978,163.73417328343365,1,False,False
83be61fffffffff,-67.3483707381348,161.25957095327882,1,False,False
83be62fffffffff,-65.5523563391572,163.49005950116185,1,False,False
83be63fffffffff,-66.18955159457333,161.11834796101226,1,False,False
83be64fffffffff,-67.19129650493215,166.46069698691275,1,False,False
83be65fffffffff,-67.86759283067781,164.0011089785908,1,False,False
83be66fffffffff,-66.03672165385451,166.09335334627497,1,False,False
83be68fffffffff,-67.33685398628548,156.0656633858965,1,False,False
83be69fffffffff,-67.84173918106464,153.39225498550667,1,False,False
83be6afffffffff,-66.18216222390939,156.1520667693539,1,False,False
83be6bfffffffff,-66.69500401412563,153.5987726868646,1,False,False
83be6cfffffffff,-67.94032977422098,158.67077446046508,1,False,False
83be6dfffffffff,-68.48582005043701,155.97098695652826,1,False,False
83be6efffffffff,-66.78528222876615,158.64259988118687,1,False,False
83be70fffffffff,-63.711669511834224,165.44663053327366,1,False,False
83be71fffffffff,-64.38714191039954,163.26596867756012,1,False,False
83be72fffffffff,-62.543274478768026,165.16053471251243,1,False,False
83be73fffffffff,-63.21818393250273,163.0595404364967,1,False,False
83be74fffffffff,-64.1648445272823,167.91802355324637,1,False,False
83be75fffffffff,-64.87649987547103,165.75654260252043,1,False,False
83be76fffffffff,-63.00205493699238,167.5310424990967,1,False,False
83bec0fffffffff,-56.26665169677656,158.47003939891516,1,False,False
83bec1fffffffff,-56.85118823561736,156.64186763703563,1,False,False
83bec2fffffffff,-55.101967841691625,158.45680192556728,1,False,False
83bec3fffffffff,-55.687627064721056,156.68580958854076,1,False,False
83bec4fffffffff,-56.82239057986271,160.31873327124444,1,False,False
83bec5fffffffff,-57.4347351195865,158.48415062033337,1,False,False
83bec6fffffffff,-55.654177155860616,160.2470792279094,1,False,False
83bec8fffffffff,-56.77329903752032,153.00624193657,1,False,False
83bec9fffffffff,-57.270468434092685,151.10202261023815,1,False,False
83becafffffffff,-55.61919667973452,153.16291005224818,1,False,False
83becbfffffffff,-56.12146409689666,151.31995030230752,1,False,False
83beccfffffffff,-57.40615943438781,154.7642054106761,1,False,False
83becdfffffffff,-57.93003834807855,152.83920839484335,1,False,False
83becefffffffff,-56.24522976158384,154.86830891670738,1,False,False
83bed8fffffffff,-53.93410202938935,155.05788207989295,1,False,False
83bed9fffffffff,-54.46868070275392,153.31014642025434,1,False,False
83bedafffffffff,-52.78575593617489,155.1444303874637,1,False,False
83bedbfffffffff,-53.32267991892833,153.4487760878043,1,False,False
83bedcfffffffff,-54.5278982698668,156.72707864973478,1,False,False
83beddfffffffff,-55.08756502823103,154.96601032939256,1,False,False
83bedefffffffff,-53.37292958243987,156.76591146194696,1,False,False
83bee0fffffffff,-58.525100526284426,162.3744452842521,1,False,False
83bee1fffffffff,-59.16652709595145,160.47697721023124,1,False,False
83bee2fffffffff,-57.35258367692833,162.23139091698692,1,False,False
83bee3fffffffff,-57.99349951704943,160.39519887263404,1,False,False
83bee4fffffffff,-59.02717495478242,164.42063167577828,1,False,False
83bee5fffffffff,-59.698930486814064,162.5275952621403,1,False,False
83bee6fffffffff,-57.85498411038264,164.20690755388364,1,False,False
83bee8fffffffff,-59.18600614518048,156.54485468635704,1,False,False
83bee9fffffffff,-59.73398359907069,154.53410192463423,1,False,False
83beeafffffffff,-58.0176350300758,156.5949844873976,1,False,False
83beebfffffffff,-58.56939981655323,154.6530499900601,1,False,False
83beecfffffffff,-59.777249562485096,158.515364787153,1,False,False
83beedfffffffff,-60.35533036708717,156.49112897818736,1,False,False
83beeefffffffff,-58.60525837802302,158.499225048858,1,False,False
83bef1fffffffff,-56.1823792799942,162.09746738236842,1,False,False
83bef5fffffffff,-56.684436293813526,164.0069921769035,1,False,False
83bf5afffffffff,-64.57502348360032,170.4685988664409,1,False,False
83bf5bfffffffff,-65.32309590524363,168.33755732839498,1,False,False
83c210fffffffff,-55.26088866228213,-45.59066694285254,1,False,False
83c212fffffffff,-55.52568740940568,-44.2344872810762,1,False,False
83c213fffffffff,-54.6559938863703,-44.292944635467954,1,False,False
83c214fffffffff,-55.84945556697585,-46.92305143663749,1,False,False
83c230fffffffff,-56.54484899442909,-48.54680234308508,1,False,False
83c232fffffffff,-56.233125546185136,-48.350487503867534,1,False,False
83c234fffffffff,-56.78128577330023,-50.076196436298815,1,False,False
83c236fffffffff,-57.35735914078537,-48.65007819063029,1,False,False
83c288fffffffff,-53.09245811857748,-38.55094068462706,1,False,False
83c28bfffffffff,-52.37286544429857,-37.758053574794936,1,False,False
83c28cfffffffff,-53.79393083093659,-39.3558475507386,1,False,False
83c28dfffffffff,-52.902289159311216,-40.04812524938085,1,False,False
83c2a8fffffffff,-54.26140728908268,-41.67266002927617,1,False,False
83c2abfffffffff,-53.59081739458114,-40.85476525294303,1,False,False
83c2acfffffffff,-54.90119611177659,-42.935317134069,1,False,False
83c312fffffffff,-58.877891228837726,-53.79702379563639,1,False,False
83c313fffffffff,-58.03422324368693,-53.51856128541761,1,False,False
83c321fffffffff,-54.382043310204445,-59.92693440097187,1,False,False
83c324fffffffff,-55.34041592187504,-62.369488192387735,1,False,False
83c325fffffffff,-54.441045012584894,-61.49388739471071,1,False,False
83c32cfffffffff,-53.47579454357703,-59.13450617926136,1,False,False
83c32dfffffffff,-52.56742445990904,-58.37766927363419,1,False,False
83c344fffffffff,-48.8706405738899,-54.39359821279442,1,False,False
83c345fffffffff,-48.17094098242364,-53.52140237677609,1,False,False
83c360fffffffff,-48.93143346625119,-55.66630513718914,1,False,False
83c361fffffffff,-48.2282317038184,-54.78476639322999,1,False,False
83c362fffffffff,-49.75885139710828,-54.96274241563241,1,False,False
83c363fffffffff,-49.01890337640753,-54.13441050531035,1,False,False
83c364fffffffff,-48.99652550635591,-56.99661257879821,1,False,False
83c365fffffffff,-48.13119964617497,-56.30402799632231,1,False,False
83c366fffffffff,-49.83903974525423,-56.30041160018715,1,False,False
83c368fffffffff,-47.57411857183148,-52.40084101990698,1,False,False
83c369fffffffff,-46.82613210483056,-51.55175376273216,1,False,False
83c36afffffffff,-47.45419424968676,-52.6602531209003,1,False,False
83c36bfffffffff,-46.720595627380185,-51.81032351380972,1,False,False
83c36cfffffffff,-47.50759823349434,-53.914333797154406,1,False,False
83c36dfffffffff,-46.7697241088111,-53.055192899803615,1,False,False
83c36efffffffff,-48.30511490222656,-53.2617756535283,1,False,False
83c374fffffffff,-51.576639299361375,-56.2423165799445,1,False,False
83c375fffffffff,-50.66711178885348,-55.5884651161796,1,False,False
83c3a9fffffffff,-57.60032340039075,-50.22960284900578,1,False,False
83c3acfffffffff,-58.66570581719969,-52.07241062115754,1,False,False
83c3adfffffffff,-57.82639905544992,-51.8527244989012,1,False,False
83c4dafffffffff,-71.30941282973386,-34.31765910051593,1,False,False
83c980fffffffff,-66.09292059798948,103.74414569148684,1,False,False
83c981fffffffff,-66.5625925937147,101.5980568069942,1,False,False
83c982fffffffff,-65.12948500793352,103.533281991535,1,False,False
83c983fffffffff,-65.58668636964079,101.47749960693896,1,False,False
83c984fffffffff,-66.56461088311801,106.09975585779117,1,False,False
83c985fffffffff,-67.06990373218787,103.9750416664593,1,False,False
83c986fffffffff,-65.60183044259378,105.78123734935502,1,False,False
83c98afffffffff,-65.44772443298491,97.14197819744582,1,False,False
83c98efffffffff,-66.0209564177345,99.32014081615526,1,False,False
83c990fffffffff,-63.71611210283845,105.22150867338615,1,False,False
83c991fffffffff,-64.17988906761255,103.33995702613636,1,False,False
83c992fffffffff,-62.79375373283862,104.974309915039,1,False,False
83c993fffffffff,-63.2443789657852,103.16207387223434,1,False,False
83c994fffffffff,-64.15761686773281,107.34917663882398,1,False,False
83c995fffffffff,-64.65222576183336,105.48956981638412,1,False,False
83c996fffffffff,-63.236017737050034,107.01427952657508,1,False,False
83c998fffffffff,-64.09025894580148,99.28453669844706,1,False,False
83c99afffffffff,-63.14675768358195,99.26888038698388,1,False,False
83c99cfffffffff,-64.62486080632613,101.36723017126808,1,False,False
83c99dfffffffff,-65.04839366327796,99.30156101287928,1,False,False
83c99efffffffff,-63.67735410627213,101.26598624847578,1,False,False
83c9a0fffffffff,-67.97086135511702,109.0161775143046,1,False,False
83c9a2fffffffff,-66.99934286056089,108.54124790392166,1,False,False
83c9a3fffffffff,-67.54019622748136,106.4489893904555,1,False,False
83c9a6fffffffff,-67.39481979862575,111.0640682882413,1,False,False
83c9b0fffffffff,-65.49804309597431,110.0060353671668,1,False,False
83c9b1fffffffff,-66.03965585591443,108.10852353562537,1,False,False
83c9b2fffffffff,-64.52196691801541,109.49958463372528,1,False,False
83c9b3fffffffff,-65.09227794746498,107.7126612346896,1,False,False
83c9b4fffffffff,-65.70030837754011,112.19183531529544,1,False,False
83c9b5fffffffff,-66.44081896167418,110.51133972956924,1,False,False
83c9b6fffffffff,-64.72281670748286,111.5874719287463,1,False,False
83ce82fffffffff,-49.98936476164537,-60.47939415789631,1,False,False
83ce86fffffffff,-50.896200178403085,-61.25390763699837,1,False,False
83ce90fffffffff,-50.8139794300668,-58.36534890851657,1,False,False
83ce91fffffffff,-49.955228578437264,-59.05951875455392,1,False,False
83ce92fffffffff,-50.74814267100682,-56.96251608530314,1,False,False
83ce93fffffffff,-49.90480904365056,-57.66623777251773,1,False,False
83ce94fffffffff,-51.72314410727061,-59.09571480004367,1,False,False
83ce95fffffffff,-50.863654397799166,-59.79614354037005,1,False,False
83ce96fffffffff,-51.657898902607634,-57.6543256527873,1,False,False
83ce9afffffffff,-48.139976475992135,-57.67738580455781,1,False,False
83ce9efffffffff,-49.04703617218125,-58.35383559001706,1,False,False
83cea4fffffffff,-57.54747776964184,-70.6883621074811,1,False,False
83cea5fffffffff,-56.58031796646241,-71.18405103956994,1,False,False
83cea6fffffffff,-52.71156972250546,-64.47146967559588,1,False,False
83ceb0fffffffff,-52.67739162258794,-61.369617512707386,1,False,False
83ceb1fffffffff,-51.8015790648799,-62.06263099356888,1,False,False
83ceb2fffffffff,-52.63136834501573,-59.85922525081859,1,False,False
83ceb3fffffffff,-51.77137084180976,-60.56553028824224,1,False,False
83ceb4fffffffff,-53.58068695210707,-62.21046774783164,1,False,False
83ceb5fffffffff,-52.70446324872841,-62.90753737412399,1,False,False
83ceb6fffffffff,-53.53767512837893,-60.65789830476464,1,False,False
83cf80fffffffff,-60.867609876297294,-74.3452525268751,1,False,False
83cf81fffffffff,-59.91334172636603,-74.80810626158058,1,False,False
83cf83fffffffff,-60.0927262557469,-72.88680956041891,1,False,False
83cf84fffffffff,-61.6259267474084,-75.87543854669512,1,False,False
83cf85fffffffff,-60.67203886050157,-76.31453060056131,1,False,False
83cf88fffffffff,-58.16963867380602,-73.83336449451733,1,False,False
83cf89fffffffff,-57.186546385824286,-74.27749936362557,1,False,False
83cf8afffffffff,-58.34931406321675,-71.99792284658501,1,False,False
83cf8bfffffffff,-57.381096855468606,-72.47861534361184,1,False,False
83cf8cfffffffff,-58.94425050452183,-75.25097090185184,1,False,False
83cf8efffffffff,-59.1385071261309,-73.370196446187,1,False,False
83cf98fffffffff,-59.43868364976432,-69.63513364791382,1,False,False
83cf99fffffffff,-58.50041209046462,-70.17244785259048,1,False,False
83cf9afffffffff,-54.48018352939939,-63.09027296214998,1,False,False
83cf9bfffffffff,-53.603770166596334,-63.79071735972936,1,False,False
83cf9cfffffffff,-60.241983103223625,-70.97444099629196,1,False,False
83cf9dfffffffff,-59.3030812197071,-71.49694156746948,1,False,False
83cfa0fffffffff,-62.133611330323525,-79.54387719583632,1,False,False
83cfa1fffffffff,-61.16670392521046,-79.90653112811621,1,False,False
83cfa2fffffffff,-62.36580695050655,-77.48044485846793,1,False,False
83cfa3fffffffff,-61.41275974697677,-77.89224900883208,1,False,False
83cfa4fffffffff,-62.832653627357175,-81.27178972857051,1,False,False
83cfa5fffffffff,-61.8675409369446,-81.60039573075319,1,False,False
83cfa6fffffffff,-63.08532099477616,-79.16318646492431,1,False,False
83cfaafffffffff,-59.7031793493153,-76.73405231200496,1,False,False
83cfaefffffffff,-60.4446165961071,-78.28512232892719,1,False,False
83cfb1fffffffff,-62.56450359984686,-75.41542941867061,1,False,False
83cfb4fffffffff,-64.23319087863976,-76.17662135330161,1,False,False
83cfb5fffffffff,-63.30344694658247,-77.04835360409872,1,False,False
83d16cfffffffff,-60.48798427542508,-56.471302380066106,1,False,False
83d16dfffffffff,-61.53784163108716,-56.89223185168184,1,False,False
83d890fffffffff,-69.08930890031209,162.46526658410934,1,False,False
83d892fffffffff,-67.94428637368745,162.24860300579692,1,False,False
83d893fffffffff,-68.54837339266747,159.6278980859392,1,False,False
83d894fffffffff,-69.58128119600973,165.44090943229023,1,False,False
83d896fffffffff,-68.44265695190039,165.07811288950106,1,False,False
83de1bfffffffff,-70.28441388810117,-51.20699155598025,1,False,False
83de4bfffffffff,-59.930185867033295,-55.928863427206736,1,False,False
83de4efffffffff,-66.33347975072381,-64.15304034810525,1,False,False
83de88fffffffff,-72.49302978335609,-39.45957013930326,1,False,False
83de89fffffffff,-71.47907689047524,-39.921568280128334,1,False,False
83de8bfffffffff,-71.91394754147122,-36.78871027758909,1,False,False
83de8cfffffffff,-73.0413975721013,-42.34239908856159,1,False,False
83de8dfffffffff,-72.01169999648364,-42.645223574123975,1,False,False
83dec4fffffffff,-68.46777576183653,-45.912322197768766,1,False,False
83dec6fffffffff,-68.99691049795365,-43.36595220893818,1,False,False
83ded0fffffffff,-69.93247001056649,-37.9177449165614,1,False,False
83ded4fffffffff,-70.47661061010686,-40.33231661094892,1,False,False
83ded5fffffffff,-69.48619393743552,-40.69985873529482,1,False,False
83ded6fffffffff,-70.91784632003363,-37.38499097778067,1,False,False
83dee2fffffffff,-68.88858307071547,-48.39205960352908,1,False,False
83dee6fffffffff,-69.27683447069911,-50.99858985930964,1,False,False
83def0fffffffff,-70.46275329935891,-45.75764011241128,1,False,False
83def1fffffffff,-69.45847708847532,-45.83910239841117,1,False,False
83def2fffffffff,-70.99407214318502,-42.91315841989608,1,False,False
83def3fffffffff,-69.98899972288243,-43.15189491769414,1,False,False
83def4fffffffff,-70.90303555468631,-48.52019665710074,1,False,False
83def5fffffffff,-69.88903586308507,-48.45262037920417,1,False,False
83def6fffffffff,-71.4802495004369,-45.66646091351704,1,False,False
83df49fffffffff,-64.03066789791967,-78.4664701874746,1,False,False
83df69fffffffff,-62.54519480643086,-83.36851958836837,1,False,False
83e100fffffffff,-68.42072868497928,55.48064087260863,1,False,False
83e101fffffffff,-68.3831803522084,52.53544249286238,1,False,False
83e102fffffffff,-67.43430644080163,56.93307553633272,1,False,False
83e103fffffffff,-67.42857718981675,54.09126722066392,1,False,False
83e104fffffffff,-69.40566626505027,57.00513385982586,1,False,False
83e105fffffffff,-69.38812769182401,53.90603544697031,1,False,False
83e106fffffffff,-68.40594993866974,58.461405840796864,1,False,False
83e108fffffffff,-67.27228502617302,48.53728172648955,1,False,False
83e109fffffffff,-67.12619898503488,45.848270651409365,1,False,False
83e10cfffffffff,-68.29534814300713,49.64038807810294,1,False,False
83e10dfffffffff,-68.15967900657373,46.8085485149421,1,False,False
83e10efffffffff,-67.37387882025972,51.288577254290445,1,False,False
83e114fffffffff,-67.29256953954547,62.67975715038607,1,False,False
83e115fffffffff,-67.38938399614274,59.80061823438152,1,False,False
83e120fffffffff,-71.37465958720595,57.09161171326768,1,False,False
83e121fffffffff,-71.3451503668268,53.68401984131689,1,False,False
83e122fffffffff,-70.38053947380367,58.682956365314574,1,False,False
83e123fffffffff,-70.38623621282188,55.41790491989657,1,False,False
83e124fffffffff,-72.35011468364885,58.95123976642911,1,False,False
83e125fffffffff,-72.34710173420166,55.34199595513015,1,False,False
83e126fffffffff,-71.34208918463739,60.53510488182609,1,False,False
83e128fffffffff,-70.22644132117271,49.03587609821695,1,False,False
83e129fffffffff,-70.06630316925362,45.95470819401743,1,False,False
83e12afffffffff,-69.31665047950052,50.854466086921136,1,False,False
83e12bfffffffff,-69.19369242407096,47.86616785521528,1,False,False
83e12cfffffffff,-71.25587758551256,50.33533961338148,1,False,False
83e12dfffffffff,-71.10979629269676,47.066203739326575,1,False,False
83e12efffffffff,-70.33406318264316,52.19587368291694,1,False,False
83e130fffffffff,-69.27163656919657,63.27551965441377,1,False,False
83e131fffffffff,-69.36730260936174,60.13442469700532,1,False,False
83e132fffffffff,-68.21363974556867,64.4662191308413,1,False,False
83e133fffffffff,-68.3372709549336,61.46204363002243,1,False,False
83e134fffffffff,-70.18894125071974,65.25873988549104,1,False,False
83e135fffffffff,-70.31515592351457,61.9703995386392,1,False,False
83e136fffffffff,-69.11787916694333,66.40961097564444,1,False,False
83e140fffffffff,-67.19732273556917,36.30942333113708,1,False,False
83e141fffffffff,-66.86781218030544,33.92355050441984,1,False,False
83e142fffffffff,-66.44852176606848,38.23968106968964,1,False,False
83e143fffffffff,-66.15268781951914,35.87617233507908,1,False,False
83e144fffffffff,-68.24855133307454,36.78566494492479,1,False,False
83e145fffffffff,-67.91608866707186,34.273278330029086,1,False,False
83e146fffffffff,-67.4945401876654,38.79530680153619,1,False,False
83e154fffffffff,-66.93828535496583,43.230857536602144,1,False,False
83e155fffffffff,-66.7114000756843,40.69267936099652,1,False,False
83e160fffffffff,-70.03179457458245,35.0861547271974,1,False,False
83e161fffffffff,-69.65946385158675,32.410814062345565,1,False,False
83e162fffffffff,-69.30549874749302,37.31155320823553,1,False,False
83e163fffffffff,-68.97101762213185,34.658886629575825,1,False,False
83e164fffffffff,-71.09755473956372,35.562163030495746,1,False,False
83e165fffffffff,-70.7222694818364,32.725380178554325,1,False,False
83e166fffffffff,-70.36721286122574,37.895173995103306,1,False,False
83e168fffffffff,-68.20384516605779,29.719513344633185,1,False,False
83e16afffffffff,-67.55223880375912,31.87201161751108,1,False,False
83e16cfffffffff,-69.2208918155428,29.846823998472622,1,False,False
83e16dfffffffff,-68.64571806038796,27.338039474596307,1,False,False
83e16efffffffff,-68.60253978833211,32.12786696237166,1,False,False
83e170fffffffff,-68.80511747619462,42.13204154885416,1,False,False
83e171fffffffff,-68.54608481788868,39.40673925166854,1,False,False
83e172fffffffff,-67.97894713576197,44.05120556558018,1,False,False
83e173fffffffff,-67.75617260065701,41.37768572476234,1,False,False
83e174fffffffff,-69.85698542945529,42.96653344734227,1,False,False
83e175fffffffff,-69.60211528812819,40.0826679015287,1,False,False
83e176fffffffff,-69.02212060028582,44.95487367320053,1,False,False
83e425fffffffff,-66.6991025507871,99.71126365601916,1,False,False
83e428fffffffff,-66.45754108151367,91.88061029763033,1,False,False
83e429fffffffff,-67.07606296877049,89.33944411924723,1,False,False
83e42afffffffff,-65.27954597731284,91.73756514804448,1,False,False
83e42bfffffffff,-65.89837135682994,89.30772777481592,1,False,False
83e42cfffffffff,-66.97230393740332,94.56543513268402,1,False,False
83e42dfffffffff,-67.63289836291267,92.0374760316526,1,False,False
83e42efffffffff,-65.79863277528712,94.29912052602376,1,False,False
83e444fffffffff,-67.92805716130617,78.52152091975222,1,False,False
83e445fffffffff,-68.30961852709615,75.58933225990911,1,False,False
83e460fffffffff,-69.8104958281924,80.60022267157397,1,False,False
83e461fffffffff,-70.22085752510269,77.4377667217065,1,False,False
83e462fffffffff,-68.65461809380444,81.00322935657044,1,False,False
83e463fffffffff,-69.07769465078907,78.00687910508697,1,False,False
83e464fffffffff,-70.50314107964626,83.37742455505143,1,False,False
83e465fffffffff,-70.9600717654605,80.15262088342118,1,False,False
83e466fffffffff,-69.34317088985716,83.65017804113332,1,False,False
83e468fffffffff,-69.7530059590018,71.75279292339253,1,False,False
83e469fffffffff,-70.00146289598406,68.52644778408478,1,False,False
83e46afffffffff,-68.63609731842355,72.58344587116912,1,False,False
83e46bfffffffff,-68.90587492694301,69.51814033890365,1,False,False
83e46cfffffffff,-70.57147523530301,74.17672307068861,1,False,False
83e46dfffffffff,-70.86011260612327,70.83441426416611,1,False,False
83e46efffffffff,-69.44454630492352,74.91860278928128,1,False,False
83e470fffffffff,-67.0084685893875,84.11895104831962,1,False,False
83e471fffffffff,-67.49350923049849,81.36795472984416,1,False,False
83e474fffffffff,-67.65067559940348,86.67680857680443,1,False,False
83e475fffffffff,-68.17794702814365,83.89609811203077,1,False,False
83e476fffffffff,-66.47574301632092,86.76721379330654,1,False,False
83e500fffffffff,-65.8780174760856,112.25129672086236,1,False,False
83e501fffffffff,-66.78255702329935,110.40986919627426,1,False,False
83e503fffffffff,-65.67750923250993,109.46431040539412,1,False,False
83e504fffffffff,-66.0265088676847,115.05999933862502,1,False,False
83e505fffffffff,-66.96126512250353,113.32129268925064,1,False,False
83e508fffffffff,-67.3977426420666,105.45597896505804,1,False,False
83e509fffffffff,-68.21785742674255,103.22854077577016,1,False,False
83e50afffffffff,-66.26362987308337,104.69888786496422,1,False,False
83e50bfffffffff,-67.07486020907564,102.54708205142948,1,False,False
83e50cfffffffff,-67.66584633205602,108.42530484102043,1,False,False
83e50dfffffffff,-68.52416578046402,106.2855962827919,1,False,False
83e50efffffffff,-66.54969020405262,107.53117698963162,1,False,False
83e51dfffffffff,-65.42557441585387,106.7117653542731,1,False,False
83e520fffffffff,-67.15498366757195,119.18316104833926,1,False,False
83e521fffffffff,-68.13025548360592,117.54436199338464,1,False,False
83e522fffffffff,-66.1228780655513,117.87708062113882,1,False,False
83e523fffffffff,-67.08537290506911,116.25079353373997,1,False,False
83e524fffffffff,-67.17074706792577,122.10309532079944,1,False,False
83e525fffffffff,-68.17093173030892,120.59856852051315,1,False,False
83e526fffffffff,-66.16751224663815,120.68896274400544,1,False,False
83e528fffffffff,-68.96136830124236,112.56776347419977,1,False,False
83e529fffffffff,-69.8677977902724,110.48036574841994,1,False,False
83e52afffffffff,-67.87776620718667,111.44059298518754,1,False,False
83e52bfffffffff,-68.77244757622658,109.40435470073174,1,False,False
83e52cfffffffff,-69.0902347021423,115.757201842685,1,False,False
83e52dfffffffff,-70.03146492917833,113.8045736210193,1,False,False
83e52efffffffff,-68.03265356615587,114.48591745843196,1,False,False
83e540fffffffff,-71.6218504821025,95.93759212511736,1,False,False
83e541fffffffff,-72.28810819486355,92.8527089584836,1,False,False
83e542fffffffff,-70.46832212671306,95.53853498840976,1,False,False
83e543fffffffff,-71.13318423046158,92.61438336628235,1,False,False
83e544fffffffff,-72.04876800458682,99.41431732014952,1,False,False
83e545fffffffff,-72.76774084202185,96.38533020465532,1,False,False
83e546fffffffff,-70.90717946659494,98.81499661223437,1,False,False
83e548fffffffff,-72.30562607447258,86.20686217922302,1,False,False
83e549fffffffff,-72.80338431615797,82.73176834305714,1,False,False
83e54afffffffff,-71.15050109079394,86.34426948382747,1,False,False
83e54bfffffffff,-71.65687045759434,83.07320701881969,1,False,False
83e54cfffffffff,-72.90049171697437,89.55693567515578,1,False,False
83e54dfffffffff,-73.45349018036895,86.05194597950924,1,False,False
83e54efffffffff,-71.74727568239258,89.50329312893744,1,False,False
83e550fffffffff,-68.6012998207484,97.79476867951624,1,False,False
83e551fffffffff,-69.30819424845686,95.18066193239196,1,False,False
83e552fffffffff,-67.43931192594142,97.35712749684754,1,False,False
83e553fffffffff,-68.1425069343171,94.85793437218275,1,False,False
83e554fffffffff,-69.00594346209229,100.83898822839876,1,False,False
83e555fffffffff,-69.75763623294566,98.27822186087622,1,False,False
83e556fffffffff,-67.85543571851223,100.24818226342532,1,False,False
83e558fffffffff,-69.42149528846325,89.41281330667368,1,False,False
83e559fffffffff,-69.98901357143062,86.46697610584695,1,False,False
83e55afffffffff,-68.25076191141522,89.37430827503948,1,False,False
83e55bfffffffff,-68.82208875843367,86.57722044378721,1,False,False
83e55cfffffffff,-69.97170162247633,92.4015251476104,1,False,False
83e55dfffffffff,-70.58730970750254,89.45556092041686,1,False,False
83e55efffffffff,-68.80461514053765,92.21026424117623,1,False,False
83e560fffffffff,-73.52407736864136,103.93916338542792,1,False,False
83e561fffffffff,-74.303270027111,100.84932914498609,1,False,False
83e562fffffffff,-72.40982581625576,103.028181569065,1,False,False
83e563fffffffff,-73.18121049883294,100.08763477848798,1,False,False
83e564fffffffff,-73.79267024099697,107.91245303457522,1,False,False
83e565fffffffff,-74.62568328101045,104.96993016189464,1,False,False
83e566fffffffff,-72.70153998295953,106.75717646926276,1,False,False
83e568fffffffff,-74.57456351072233,93.42648064316332,1,False,False
83e569fffffffff,-75.18322976048387,89.68696277321293,1,False,False
83e56afffffffff,-73.43553916925256,93.12135334571228,1,False,False
83e56bfffffffff,-74.04608801482445,89.61765864578967,1,False,False
83e56cfffffffff,-75.03242909614774,97.46710719855352,1,False,False
83e56dfffffffff,-75.70428669838496,93.77604255944158,1,False,False
83e56efffffffff,-73.90495155787042,96.89116947461451,1,False,False
83e570fffffffff,-70.48029199571538,104.8076229026327,1,False,False
83e571fffffffff,-71.28445350108147,102.21764120331224,1,False,False
83e572fffffffff,-69.35346998351434,103.97852665244808,1,False,False
83e573fffffffff,-70.14937860206282,101.49207577561258,1,False,False
83e574fffffffff,-70.74781428439054,108.20662852718876,1,False,False
83e575fffffffff,-71.5968422739454,105.72863425244044,1,False,False
83e576fffffffff,-69.64138974048073,107.19828195770178,1,False,False
83e664fffffffff,-68.43937780953118,-11.899463884396166,1,False,False
83e665fffffffff,-68.18362085963773,-14.89724656649476,1,False,False
83e700fffffffff,-70.8269332621933,18.956784006160067,1,False,False
83e701fffffffff,-71.12782982067694,15.88305165201623,1,False,False
83e702fffffffff,-69.78101103776659,19.41720329432901,1,False,False
83e703fffffffff,-70.08263271263482,16.524334069579456,1,False,False
83e704fffffffff,-71.5349557867697,21.566412813692693,1,False,False
83e705fffffffff,-71.88248499603539,18.43972733113824,1,False,False
83e706fffffffff,-70.48130733171642,21.893959372927544,1,False,False
83e708fffffffff,-70.54639086773119,10.399022235921397,1,False,False
83e709fffffffff,-70.70092860838963,7.190534556989676,1,False,False
83e70cfffffffff,-71.3795337588077,12.681894051932629,1,False,False
83e70dfffffffff,-71.57777339138784,9.366372039957398,1,False,False
83e70efffffffff,-70.33906843059557,13.514820825556871,1,False,False
83e710fffffffff,-68.40643579284499,22.44859084984808,1,False,False
83e711fffffffff,-68.74547717874428,19.829757071319108,1,False,False
83e714fffffffff,-69.05849178442904,24.827079644201888,1,False,False
83e715fffffffff,-69.4382666338047,22.18621951778418,1,False,False
83e71cfffffffff,-69.04660291443966,17.098151085021797,1,False,False
83e71dfffffffff,-69.30610366865503,14.259527117279918,1,False,False
83e71efffffffff,-68.02060271092151,17.614518108895798,1,False,False
83e720fffffffff,-73.27122115334059,24.16446310365726,1,False,False
83e721fffffffff,-73.67133871316747,20.77651463759253,1,False,False
83e722fffffffff,-72.20241498851163,24.36124757393579,1,False,False
83e723fffffffff,-72.5985455338654,21.196804631200752,1,False,False
83e724fffffffff,-73.89547007369808,27.349969442654945,1,False,False
83e725fffffffff,-74.34940055588764,23.939502495700943,1,False,False
83e726fffffffff,-72.82483379998578,27.346965225090564,1,False,False
83e728fffffffff,-73.24161285117623,14.345094227062424,1,False,False
83e729fffffffff,-73.47752810501326,10.682306371762904,1,False,False
83e72afffffffff,-72.18120449505822,15.161855762179414,1,False,False
83e72bfffffffff,-72.42619748365631,11.744507387409028,1,False,False
83e72cfffffffff,-74.01892543762186,17.188536441089397,1,False,False
83e72dfffffffff,-74.30771929278879,13.412833257244152,1,False,False
83e72efffffffff,-72.94680794209334,17.854999898161374,1,False,False
83e730fffffffff,-70.71348174138015,27.341990485582244,1,False,False
83e731fffffffff,-71.14363174624145,24.53483360844564,1,False,False
83e732fffffffff,-69.67389409437838,27.33990783535919,1,False,False
83e733fffffffff,-70.09547262631745,24.689092382219712,1,False,False
83e734fffffffff,-71.28861476296014,30.1464035131578,1,False,False
83e735fffffffff,-71.76397646878827,27.3443265345778,1,False,False
83e736fffffffff,-70.24931527113034,29.988288334279748,1,False,False
83e740fffffffff,-71.76577339264232,-4.645985063553092,1,False,False
83e741fffffffff,-71.6497142819632,-8.212988638776372,1,False,False
83e742fffffffff,-70.817591912759,-2.810577774901172,1,False,False
83e743fffffffff,-70.73370887319568,-6.197992352005423,1,False,False
83e744fffffffff,-72.7839048669284,-2.915731872498542,1,False,False
83e745fffffffff,-72.70239389340192,-6.691444298467229,1,False,False
83e746fffffffff,-71.81502520939698,-1.0777775825635574,1,False,False
83e748fffffffff,-70.37654859922978,-12.91408188340612,1,False,False
83e749fffffffff,-70.10422884808207,-16.197997277569897,1,False,False
83e74afffffffff,-69.51579958864482,-10.796002193549644,1,False,False
83e74bfffffffff,-69.28158415380965,-13.957042469541992,1,False,False
83e74cfffffffff,-71.466590766993,-11.751365098028158,1,False,False
83e74dfffffffff,-71.21704743124046,-15.234989950089446,1,False,False
83e74efffffffff,-70.58666262217801,-9.573522689331575,1,False,False
83e750fffffffff,-69.85908822208678,2.0401936831995786,1,False,False
83e751fffffffff,-69.86166035335614,-1.157691699561625,1,False,False
83e754fffffffff,-70.79939278943836,3.906076830223192,1,False,False
83e755fffffffff,-70.83900154176179,0.5651435348059277,1,False,False
83e758fffffffff,-68.78275399226308,-5.796452952690786,1,False,False
83e759fffffffff,-68.63927371934568,-8.860365620662485,1,False,False
83e75cfffffffff,-69.80585607722483,-4.376479185369004,1,False,False
83e75dfffffffff,-69.69067644248632,-7.595985946780404,1,False,False
83e75efffffffff,-68.86985440653334,-2.725059011450508,1,False,False
83e760fffffffff,-74.76435213257652,-3.0481597851754607,1,False,False
83e761fffffffff,-74.68389650475697,-7.312339162780661,1,False,False
83e762fffffffff,-73.78468241101777,-0.9784269461970648,1,False,False
83e763fffffffff,-73.74175349054201,-4.981091208777118,1,False,False
83e764fffffffff,-75.7661152395482,-0.8515680204929064,1,False,False
83e765fffffffff,-75.72903715461148,-5.409033918659734,1,False,False
83e766fffffffff,-74.76411620886964,1.2001267173926569,1,False,False
83e768fffffffff,-73.4281258715993,-12.93361739826049,1,False,False
83e769fffffffff,-73.1584489429596,-16.80896985773287,1,False,False
83e76afffffffff,-72.54954446456497,-10.44815542312071,1,False,False
83e76bfffffffff,-72.32569101486295,-14.154221816998213,1,False,False
83e76cfffffffff,-74.52202560101274,-11.545517937090048,1,False,False
83e76dfffffffff,-74.27950800218979,-15.702806720610951,1,False,False
83e76efffffffff,-73.62293621607304,-8.978980555537758,1,False,False
83e770fffffffff,-72.73686734058786,4.562940039615523,1,False,False
83e771fffffffff,-72.79480598941447,0.8463685868493569,1,False,False
83e772fffffffff,-71.71861797250571,5.95352942302294,1,False,False
83e773fffffffff,-71.79863250497682,2.464155296948093,1,False,False
83e774fffffffff,-73.64949815119569,6.888151367718463,1,False,False
83e775fffffffff,-73.75308131761714,2.990259822514306,1,False,False
83e776fffffffff,-72.612815782647,8.20434065241826,1,False,False
83ec00fffffffff,-71.32425045396997,146.5237544409573,1,False,False
83ec01fffffffff,-72.42171707409695,146.17944324038618,1,False,False
83ec02fffffffff,-70.64807042062175,143.98414494958126,1,False,False
83ec03fffffffff,-71.74466751630405,143.49951306803877,1,False,False
83ec04fffffffff,-70.86383654805691,149.37621648101168,1,False,False
83ec05fffffffff,-71.95744270674689,149.21287724894185,1,False,False
83ec06fffffffff,-70.22907287474243,146.83036746369197,1,False,False
83ec08fffffffff,-73.94005670381101,142.3351599758279,1,False,False
83ec09fffffffff,-75.03654354586402,141.6276952586593,1,False,False
83ec0afffffffff,-73.21354072255077,139.5398035493301,1,False,False
83ec0bfffffffff,-74.30529572629929,138.66932436013514,1,False,False
83ec0cfffffffff,-73.5205522083052,145.79005613374022,1,False,False
83ec0dfffffffff,-74.61979486966405,145.34616560164932,1,False,False
83ec0efffffffff,-72.84236586156749,142.95390475102334,1,False,False
83ec10fffffffff,-68.8401874425054,142.13513994537556,1,False,False
83ec11fffffffff,-69.93192033261408,141.5910811769655,1,False,False
83ec12fffffffff,-68.0915077228379,139.97985687043482,1,False,False
83ec13fffffffff,-69.17877608296469,139.3398823351319,1,False,False
83ec14fffffffff,-68.46227403548004,144.80705453331464,1,False,False
83ec15fffffffff,-69.55361289429509,144.4174222841604,1,False,False
83ec16fffffffff,-67.75140605587403,142.6261613351209,1,False,False
83ec18fffffffff,-71.35656819966054,137.8380666414061,1,False,False
83ec19fffffffff,-72.44436226889658,136.94966800333378,1,False,False
83ec1afffffffff,-70.55612535147965,135.5409618252525,1,False,False
83ec1bfffffffff,-71.63641035618495,134.55243320008205,1,False,False
83ec1cfffffffff,-71.02551961013161,140.9850174142399,1,False,False
83ec1dfffffffff,-72.11981641752921,140.3058704706091,1,False,False
83ec1efffffffff,-70.26756297823678,138.62991493480982,1,False,False
83ec20fffffffff,-70.9203129479761,154.7116870656926,1,False,False
83ec21fffffffff,-72.00050847806274,154.86593402392458,1,False,False
83ec22fffffffff,-70.36851091330432,152.058179937732,1,False,False
83ec23fffffffff,-71.45519397834055,152.05536714309827,1,False,False
83ec24fffffffff,-70.35776186903063,157.18920996198557,1,False,False
83ec25fffffffff,-71.42644728930073,157.478823537701,1,False,False
83ec26fffffffff,-69.84308516223274,154.5737628644324,1,False,False
83ec28fffffffff,-73.63605715167606,152.04863676694157,1,False,False
83ec29fffffffff,-74.72866930071817,152.04456441049237,1,False,False
83ec2afffffffff,-73.0533059458834,149.02877309887057,1,False,False
83ec2bfffffffff,-74.15059528112386,148.8196802094501,1,False,False
83ec2cfffffffff,-73.08288979086092,155.0395808849348,1,False,False
83ec2dfffffffff,-74.16665905023778,155.23652930052552,1,False,False
83ec2efffffffff,-72.54463595507859,152.05220871220016,1,False,False
83ec30fffffffff,-68.68663081777039,149.65322047802496,1,False,False
83ec31fffffffff,-69.77330105723797,149.52211407361034,1,False,False
83ec32fffffffff,-68.04908996886337,147.35276859562927,1,False,False
83ec33fffffffff,-69.13706899755319,147.10513723215345,1,False,False
83ec34fffffffff,-68.20647774260883,152.06297317662123,1,False,False
83ec35fffffffff,-69.28535457761231,152.06070088871817,1,False,False
83ec36fffffffff,-67.60459945090399,149.77167529949563,1,False,False
83ec40fffffffff,-78.99956363115308,142.71058181217091,1,False,False
83ec41fffffffff,-80.08401143777505,141.69983848118596,1,False,False
83ec42fffffffff,-78.30482527091723,138.73434543623654,1,False,False
83ec43fffffffff,-79.38146021773021,137.38744232054765,1,False,False
83ec44fffffffff,-78.53680224211996,147.59404305612077,1,False,False
83ec45fffffffff,-79.62812992428378,147.13053791243945,1,False,False
83ec46fffffffff,-77.90953824704623,143.5437114335157,1,False,False
83ec48fffffffff,-81.50082051244354,133.70924292540656,1,False,False
83ec49fffffffff,-82.53560193755752,131.1174822705059,1,False,False
83ec4afffffffff,-80.70521569819981,129.33882931811956,1,False,False
83ec4bfffffffff,-81.71749216580362,126.45330300192758,1,False,False
83ec4cfffffffff,-81.16111591529271,140.4487966978897,1,False,False
83ec4dfffffffff,-82.22861010619215,138.8619626154234,1,False,False
83ec4efffffffff,-80.44789557813557,135.7470234012823,1,False,False
83ec50fffffffff,-76.47643119992098,136.5187697094922,1,False,False
83ec51fffffffff,-77.55194015038964,135.1710771779865,1,False,False
83ec52fffffffff,-75.68347206285618,133.49688800159677,1,False,False
83ec53fffffffff,-76.74808837025456,131.98320307684466,1,False,False
83ec54fffffffff,-76.1305154306988,140.81122574981666,1,False,False
83ec55fffffffff,-77.22050543212252,139.8588794602321,1,False,False
83ec56fffffffff,-75.393520039222,137.67202361858762,1,False,False
83ec58fffffffff,-78.83746773398865,128.1249671128195,1,False,False
83ec59fffffffff,-79.85382168463062,125.62583470780602,1,False,False
83ec5afffffffff,-77.9585781692896,125.04523973957554,1,False,False
83ec5bfffffffff,-78.95608789864947,122.45737040496898,1,False,False
83ec5cfffffffff,-78.617519437561,133.57719698681112,1,False,False
83ec5dfffffffff,-79.66999578599257,131.6661955547916,1,False,False
83ec5efffffffff,-77.8006460290833,130.21454399502844,1,False,False
83ec60fffffffff,-78.49913410028842,156.38531462633915,1,False,False
83ec61fffffffff,-79.57732486391976,156.8172677249569,1,False,False
83ec62fffffffff,-78.00571171183476,152.0280135267078,1,False,False
83ec63fffffffff,-79.09515306539004,152.02034906179688,1,False,False
83ec64fffffffff,-77.85262528217392,160.2626285169274,1,False,False
83ec65fffffffff,-78.91699446573526,161.03113166996727,1,False,False
83ec66fffffffff,-77.41809422219667,156.02581430637022,1,False,False
83ec68fffffffff,-81.26499031531041,151.99946352075364,1,False,False
83ec69fffffffff,-82.34386542486536,151.9847150765559,1,False,False
83ec6afffffffff,-80.71545056636894,146.5612514760129,1,False,False
83ec6bfffffffff,-81.79767917851315,145.84547049692307,1,False,False
83ec6cfffffffff,-80.65173088082258,157.3459628990569,1,False,False
83ec6dfffffffff,-81.72134107353227,158.00786883168533,1,False,False
83ec6efffffffff,-80.18183523089797,152.0110320688824,1,False,False
83ec70fffffffff,-76.34604602861528,148.3030162845756,1,False,False
83ec71fffffffff,-77.44246100465608,147.97869702979523,1,False,False
83ec72fffffffff,-75.71843549712928,144.83553355232635,1,False,False
83ec73fffffffff,-76.81540225202328,144.24198695835213,1,False,False
83ec74fffffffff,-75.8216789499214,152.03987856449413,1,False,False
83ec75fffffffff,-76.91429090853845,152.03442930540473,1,False,False
83ec76fffffffff,-75.2484632980632,148.58014742972506,1,False,False
83ec80fffffffff,-65.85271113455926,131.62584611285376,1,False,False
83ec81fffffffff,-66.90911736326022,130.6436850692355,1,False,False
83ec82fffffffff,-64.95597516754671,129.9843037196431,1,False,False
83ec83fffffffff,-66.00195462637404,128.96211186268357,1,False,False
83ec84fffffffff,-65.66019579825667,134.2256354891015,1,False,False
83ec85fffffffff,-66.72587328646209,133.37487192751107,1,False,False
83ec86fffffffff,-64.79635308958805,132.52544113554646,1,False,False
83ec88fffffffff,-68.08593959328252,126.62612508471663,1,False,False
83ec89fffffffff,-69.11979341845489,125.28557182451836,1,False,False
83ec8afffffffff,-67.13384023836674,124.99568157778012,1,False,False
83ec8bfffffffff,-68.15564713531988,123.6313222963468,1,False,False
83ec8cfffffffff,-67.96386620462043,129.5677096649474,1,False,False
83ec8dfffffffff,-69.0150599211337,128.3846843346589,1,False,False
83ec8efffffffff,-67.04592976508249,127.8468351741673,1,False,False
83ec99fffffffff,-66.16128178057038,123.48221717464956,1,False,False
83ec9dfffffffff,-66.10551440587889,126.24394356535905,1,False,False
83eca0fffffffff,-66.23136609173652,138.6034745757077,1,False,False
83eca1fffffffff,-67.31023546140716,137.94686664352386,1,False,False
83eca2fffffffff,-65.4270580478584,136.75346616486482,1,False,False
83eca3fffffffff,-66.4989621708764,136.0307476918913,1,False,False
83eca4fffffffff,-65.92620917303152,141.08703108153074,1,False,False
83eca5fffffffff,-67.00695127163095,140.55956421547026,1,False,False
83eca8fffffffff,-68.64779992357542,134.36718463082732,1,False,False
83eca9fffffffff,-69.72180792420332,133.4040941795835,1,False,False
83ecaafffffffff,-67.79193194704136,132.442457692718,1,False,False
83ecabfffffffff,-68.8567430040223,131.4166191016379,1,False,False
83ecacfffffffff,-68.39153759507495,137.2246515259246,1,False,False
83ecadfffffffff,-69.47397552532723,136.42674725277385,1,False,False
83ecaefffffffff,-67.57300652164221,135.2386965819692,1,False,False
83ecb1fffffffff,-64.59637257513842,135.004693138785,1,False,False
83ecc0fffffffff,-73.13727084429887,122.22216043618891,1,False,False
83ecc1fffffffff,-74.1322964529107,120.2016711143603,1,False,False
83ecc2fffffffff,-72.15809406043677,120.36144970160908,1,False,False
83ecc3fffffffff,-73.13908192167843,118.341707272505,1,False,False
83ecc4fffffffff,-73.06362138064928,126.05342041160483,1,False,False
83ecc5fffffffff,-74.08972923091838,124.2845199069823,1,False,False
83ecc6fffffffff,-72.1246196185432,124.0218566151792,1,False,False
83ecc8fffffffff,-75.02861726798218,113.55201281086369,1,False,False
83ecc9fffffffff,-75.9263883210015,110.70449301847172,1,False,False
83eccafffffffff,-73.98432346555862,111.97366812653394,1,False,False
83eccbfffffffff,-74.8683356968098,109.21828602535685,1,False,False
83ecccfffffffff,-75.10539173399003,117.9231812068828,1,False,False
83eccdfffffffff,-76.05144470311458,115.3426873422314,1,False,False
83eccefffffffff,-74.09757516111233,116.08398940146812,1,False,False
83ecd0fffffffff,-70.16940432829445,120.49116390633102,1,False,False
83ecd1fffffffff,-71.15536667145061,118.67759531066116,1,False,False
83ecd2fffffffff,-69.15903297294426,118.95310382750132,1,False,False
83ecd3fffffffff,-70.13190406373158,117.14905933234384,1,False,False
83ecd4fffffffff,-70.1450284305356,123.80832456190784,1,False,False
83ecd5fffffffff,-71.15885602398774,122.17465226026208,1,False,False
83ecd6fffffffff,-69.16843819378977,122.13566515893784,1,False,False
83ecd8fffffffff,-72.01729766011812,112.98306914568096,1,False,False
83ecd9fffffffff,-72.92124830334821,110.57402202201072,1,False,False
83ecdafffffffff,-70.95007494783509,111.66760719188532,1,False,False
83ecdbfffffffff,-71.84172300610469,109.32577204126034,1,False,False
83ecdcfffffffff,-72.12270640319483,116.67173250308326,1,False,False
83ecddfffffffff,-73.06728056250456,114.4470682551487,1,False,False
83ecdefffffffff,-71.08599728301724,115.16649804220404,1,False,False
83ece0fffffffff,-73.78408633676986,132.1896718842981,1,False,False
83ece1fffffffff,-74.84716174115273,130.76440764694578,1,False,False
83ece2fffffffff,-72.92097086814515,129.80309078463188,1,False,False
83ece3fffffffff,-73.9724240168636,128.29244003771987,1,False,False
83ece4fffffffff,-73.52935458433316,135.94643126238628,1,False,False
83ece5fffffffff,-74.60974782755316,134.80530511556478,1,False,False
83ece6fffffffff,-72.71306524056915,133.44289056741837,1,False,False
83ece8fffffffff,-76.03582825294012,124.61545950634716,1,False,False
83ece9fffffffff,-77.04007909243141,122.35703906802848,1,False,False
83eceafffffffff,-75.09912244460104,122.28132589757024,1,False,False
83ecebfffffffff,-76.08749673937999,120.00000951913316,1,False,False
83ececfffffffff,-75.89957242007807,129.13124763967102,1,False,False
83ecedfffffffff,-76.93805097043982,127.2444662590817,1,False,False
83eceefffffffff,-75.01187034766274,126.57687095265533,1,False,False
83ecf0fffffffff,-70.97514974193373,129.02586231528483,1,False,False
83ecf1fffffffff,-72.02440621055935,127.62401125566748,1,False,False
83ecf2fffffffff,-70.06057271974332,127.07897408677044,1,False,False
83ecf3fffffffff,-71.09800429823163,125.63204391880411,1,False,False
83ecf4fffffffff,-70.79332500925992,132.3348312525793,1,False,False
83ecf5fffffffff,-71.8604371318896,131.14169935652785,1,False,False
83ecf6fffffffff,-69.91849366078164,130.28334301281407,1,False,False
83ed09fffffffff,-71.25058470911952,162.70448862839206,1,False,False
83ed0bfffffffff,-70.82748808253326,159.9018806224772,1,False,False
83ed1bfffffffff,-68.76958956182757,154.44970202979198,1,False,False
83ed40fffffffff,-74.69510349090548,168.29682439986334,1,False,False
83ed41fffffffff,-75.70994134920214,169.45136726039033,1,False,False
83ed42fffffffff,-74.37747427530509,164.81394179650374,1,False,False
83ed43fffffffff,-75.41573898612417,165.71321158688667,1,False,False
83ed44fffffffff,-73.95821935442366,170.61750344496704,1,False,False
83ed45fffffffff,-74.95341583779765,171.85861487630874,1,False,False
83ed46fffffffff,-73.67506373918549,167.2829922479102,1,False,False
83ed48fffffffff,-77.4776575928863,167.94522515262338,1,False,False
83ed49fffffffff,-78.49763052708808,169.35134223302316,1,False,False
83ed4afffffffff,-77.16644263353804,163.69965951006563,1,False,False
83ed4bfffffffff,-78.21360090794155,164.71788194581293,1,False,False
83ed4cfffffffff,-76.71770117196256,170.77693215439325,1,False,False
83ed4dfffffffff,-77.71615086869409,172.31276504039772,1,False,False
83ed4efffffffff,-76.44969384088452,166.74647084396878,1,False,False
83ed50fffffffff,-72.94322598697907,160.85986192454078,1,False,False
83ed51fffffffff,-74.00167219082863,161.43210101784993,1,False,False
83ed52fffffffff,-72.49728105922766,157.80332243574975,1,False,False
83ed53fffffffff,-73.56941550058454,158.16938859890442,1,False,False
83ed54fffffffff,-72.29366995417199,163.32632006008632,1,False,False
83ed55fffffffff,-73.33635473956095,164.02455407850096,1,False,False
83ed56fffffffff,-71.8848400678919,160.35333406595987,1,False,False
83ed58fffffffff,-75.7140162668203,159.06268321196143,1,False,False
83ed59fffffffff,-76.78458382050064,159.6152882493789,1,False,False
83ed5afffffffff,-75.25100365292683,155.46180106738714,1,False,False
83ed5bfffffffff,-76.33509641514448,155.72197061604618,1,False,False
83ed5cfffffffff,-75.05913440001284,162.08358516107972,1,False,False
83ed5dfffffffff,-76.1144772220766,162.83179025862756,1,False,False
83ed5efffffffff,-74.64196835146535,158.58551895437782,1,False,False
83ed6afffffffff,-75.94061384546544,173.26998046028424,1,False,False
83ed6bfffffffff,-76.91743532361517,174.88708739917126,1,False,False
83ed70fffffffff,-71.95159502967168,168.5393984935859,1,False,False
83ed71fffffffff,-72.95703459773887,169.5185720153141,1,False,False
83ed72fffffffff,-71.62564606185312,165.5875467268349,1,False,False
83ed73fffffffff,-72.65143775790665,166.3861580851319,1,False,False
83ed89fffffffff,-67.37498091458924,145.1592890047423,1,False,False
83ed8bfffffffff,-66.66658946464497,143.07147770507535,1,False,False
83ee14fffffffff,-74.12498056089113,-41.922414064510015,1,False,False
83ee16fffffffff,-73.66870244954279,-38.006723756122746,1,False,False
83ee24fffffffff,-80.31836787601632,-47.81906674687056,1,False,False
83ee25fffffffff,-79.55162844951623,-42.69266215741019,1,False,False
83ee26fffffffff,-81.48363361835275,-46.7267199947888,1,False,False
83ee30fffffffff,-75.65410673000886,-47.13259165082325,1,False,False
83ee31fffffffff,-74.81024858605949,-50.366932980553685,1,False,False
83ee32fffffffff,-75.28822179464872,-42.66164930593396,1,False,False
83ee33fffffffff,-74.50757840483895,-46.05186582607397,1,False,False
83ee34fffffffff,-76.79298482513273,-48.39398565015264,1,False,False
83ee35fffffffff,-75.9323670260795,-51.806258270265424,1,False,False
83ee36fffffffff,-76.44725600761699,-43.523453602664574,1,False,False
83ee80fffffffff,-69.59518301424535,-28.199008475313928,1,False,False
83ee82fffffffff,-68.93282388768756,-25.529382587963067,1,False,False
83ee84fffffffff,-70.76024705105965,-27.95034875929649,1,False,False
83ee85fffffffff,-70.21782731277288,-31.0511432943893,1,False,False
83ee86fffffffff,-70.08850812689192,-25.13685380317935,1,False,False
83ee90fffffffff,-68.6397894090984,-20.091863022939663,1,False,False
83ee91fffffffff,-68.23596531269985,-23.03580559945037,1,False,False
83ee92fffffffff,-67.87311780626563,-17.838553355408525,1,False,False
83ee93fffffffff,-67.50949414908831,-20.70996876094801,1,False,False
83ee94fffffffff,-69.77127780305887,-19.40579491068399,1,False,False
83ee95fffffffff,-69.37989929035244,-22.520780048514887,1,False,False
83ee96fffffffff,-68.98904281925836,-17.06103092643716,1,False,False
83eea0fffffffff,-72.56280413447351,-30.87675060124371,1,False,False
83eea1fffffffff,-71.96973098713451,-34.19847526876094,1,False,False
83eea2fffffffff,-71.92736777189434,-27.67030229557143,1,False,False
83eea3fffffffff,-71.38935151515028,-30.969319777651528,1,False,False
83eea4fffffffff,-73.7371946318604,-30.771170797489045,1,False,False
83eea5fffffffff,-73.14560587914458,-34.32221957630401,1,False,False
83eea6fffffffff,-73.09549569877544,-27.352542470124867,1,False,False
83eeb0fffffffff,-71.67130978035273,-21.3016648791516,1,False,False
83eeb1fffffffff,-71.24610842825622,-24.696885575456363,1,False,False
83eeb2fffffffff,-70.90257861602817,-18.64013704936001,1,False,False
83eeb3fffffffff,-70.5254361069186,-21.94632568445822,1,False,False
83eeb4fffffffff,-72.81615993455506,-20.573287458992844,1,False,False
83eeb5fffffffff,-72.4044750868348,-24.200387541435965,1,False,False
83eeb6fffffffff,-72.03218798219618,-17.780515001396818,1,False,False
83ef00fffffffff,-80.23885007905191,-67.5784433842695,1,False,False
83ef01fffffffff,-78.53928382957831,-64.40127590786044,1,False,False
83ef02fffffffff,-80.2562128978057,-60.67926135346972,1,False,False
83ef03fffffffff,-79.69351548252962,-65.38004121685712,1,False,False
83ef04fffffffff,-81.17226135961893,-71.78643410790121,1,False,False
83ef05fffffffff,-80.0849317464501,-74.339213240847,1,False,False
83ef06fffffffff,-81.2682782257032,-64.18208885213065,1,False,False
83ef08fffffffff,-78.64912707142985,-54.170576167748095,1,False,False
83ef09fffffffff,-77.9888689050608,-49.36796482233357,1,False,False
83ef0afffffffff,-79.82118828397905,-53.9876722204225,1,False,False
83ef0bfffffffff,-79.15285500694235,-48.676831466833214,1,False,False
83ef0cfffffffff,-78.05538611550462,-59.14359072272826,1,False,False
83ef0dfffffffff,-77.4809081843633,-54.31919080116797,1,False,False
83ef0efffffffff,-79.22219936282421,-59.51210388166906,1,False,False
83ef10fffffffff,-81.00175843342213,-49.08244105932995,1,False,False
83ef11fffffffff,-80.1352573497098,-53.837830914023804,1,False,False
83ef12fffffffff,-80.65105412189679,-42.07794071015179,1,False,False
83ef13fffffffff,-79.88036799194903,-47.240817702014425,1,False,False
83ef14fffffffff,-82.10548201580195,-51.42585726098732,1,False,False
83ef15fffffffff,-81.21075879068425,-56.525342017365794,1,False,False
83ef16fffffffff,-81.79135920239504,-43.39962755530274,1,False,False
83ef18fffffffff,-78.13605341810907,-55.4631670633811,1,False,False
83ef19fffffffff,-80.99608900649686,-53.7570696617926,1,False,False
83ef1afffffffff,-77.92168738950895,-49.88388786852627,1,False,False
83ef1bfffffffff,-77.04217614766993,-53.48460864849761,1,False,False
83ef1cfffffffff,-79.20940760561305,-57.82411803252143,1,False,False
83ef1dfffffffff,-80.39190337567612,-59.97040629139799,1,False,False
83ef1efffffffff,-79.03710814039621,-51.66788283145503,1,False,False
83ef20fffffffff,-81.69467337001913,-84.70011261827607,1,False,False
83ef21fffffffff,-80.55146236475466,-85.87289471962227,1,False,False
83ef22fffffffff,-82.04250507099538,-76.90803114568659,1,False,False
83ef23fffffffff,-76.98433780364822,-72.46655049815851,1,False,False
83ef24fffffffff,-82.36169086563675,-91.31562341941134,1,False,False
83ef25fffffffff,-81.21123797397075,-91.72441002021432,1,False,False
83ef26fffffffff,-82.82965448867618,-83.16264687172577,1,False,False
83ef28fffffffff,-76.23602630523605,-62.937416174319054,1,False,False
83ef29fffffffff,-75.73476285079721,-58.587747789021,1,False,False
83ef2afffffffff,-77.38624738933093,-63.602074493776605,1,False,False
83ef2bfffffffff,-76.89256380971787,-58.84085746060229,1,False,False
83ef2cfffffffff,-75.52262476129268,-66.62988284880848,1,False,False
83ef2dfffffffff,-75.0900062616309,-62.376105366723024,1,False,False
83ef2efffffffff,-76.65514795369398,-67.57590642085461,1,False,False
83ef30fffffffff,-83.25956742339399,-64.31938987662889,1,False,False
83ef31fffffffff,-82.23409918644955,-68.54357546299333,1,False,False
83ef32fffffffff,-83.18532312239469,-54.49621320599797,1,False,False
83ef33fffffffff,-82.25598911479172,-59.92324883438408,1,False,False
83ef34fffffffff,-84.2036697626774,-70.14599831221749,1,False,False
83ef35fffffffff,-83.13708982321685,-74.04895253424769,1,False,False
83ef36fffffffff,-84.23137083191558,-58.66431945317924,1,False,False
83ef50fffffffff,-77.58971214804181,-39.921100187930776,1,False,False
83ef54fffffffff,-77.25534289230845,-45.08428274091533,1,False,False
83ef55fffffffff,-76.46114473734461,-41.280355745988,1,False,False
83ef56fffffffff,-78.40398171994416,-44.007276211009945,1,False,False
83ef60fffffffff,-72.68927906022326,-47.95646160539479,1,False,False
83ef64fffffffff,-72.23791830638913,-51.465887973661765,1,False,False
83ef65fffffffff,-71.56208745263388,-48.44939205389181,1,False,False
83ef66fffffffff,-73.37518939269802,-51.1640457442016,1,False,False
83ef70fffffffff,-75.67119006342467,-50.41248840985301,1,False,False
83ef72fffffffff,-76.82788515033374,-49.93656936777028,1,False,False
83ef73fffffffff,-76.10789647549204,-45.982168918158216,1,False,False
83ef74fffffffff,-75.1598489940249,-54.54602778189675,1,False,False
83ef75fffffffff,-74.51993910422912,-50.8166241115592,1,False,False
83ef76fffffffff,-76.31750240868406,-54.44233061116552,1,False,False
83ef80fffffffff,-77.75593583235047,-25.496846995916485,1,False,False
83ef81fffffffff,-77.25599766430733,-30.341624793107574,1,False,False
83ef82fffffffff,-77.02009346724925,-21.35948078196327,1,False,False
83ef83fffffffff,-76.59495453975575,-26.077902558555888,1,False,False
83ef84fffffffff,-78.91207085199868,-24.798425778282034,1,False,False
83ef85fffffffff,-78.42413812791852,-30.142473756600943,1,False,False
83ef86fffffffff,-78.16217370079353,-20.316523499946125,1,False,False
83ef88fffffffff,-75.49757619163844,-34.62811581299148,1,False,False
83ef89fffffffff,-74.84158336109924,-38.43101207219488,1,False,False
83ef8afffffffff,-74.91152491924879,-30.64963095754737,1,False,False
83ef8bfffffffff,-74.3218918996871,-34.464013831104644,1,False,False
83ef8cfffffffff,-76.67164153939191,-34.82023585323014,1,False,False
83ef8dfffffffff,-76.01255128356108,-38.92418941355149,1,False,False
83ef8efffffffff,-76.08479326971934,-30.50821766787661,1,False,False
83ef90fffffffff,-76.4972123681741,-12.961876808270642,1,False,False
83ef91fffffffff,-76.22896877194478,-17.68784801060815,1,False,False
83ef92fffffffff,-75.60467648487236,-9.95492980846526,1,False,False
83ef93fffffffff,-75.39325161306661,-14.432989960652032,1,False,False
83ef94fffffffff,-77.58842865452269,-11.239975817720412,1,False,False
83ef95fffffffff,-77.35311463470907,-16.39363723654466,1,False,False
83ef96fffffffff,-76.67284164473519,-8.117145912737712,1,False,False
83ef98fffffffff,-74.71858666541563,-22.988249385132995,1,False,False
83ef99fffffffff,-74.26355159489566,-26.98892528616583,1,False,False
83ef9afffffffff,-73.95850844429808,-19.74404262423553,1,False,False
83ef9bfffffffff,-73.56239681767157,-23.635808100563867,1,False,False
83ef9cfffffffff,-75.87165915527156,-22.23817544501865,1,False,False
83ef9dfffffffff,-75.43042268295913,-26.568788753583863,1,False,False
83ef9efffffffff,-75.09672409311374,-18.791851586135035,1,False,False
83efa0fffffffff,-80.74723759440768,-29.59908253645678,1,False,False
83efa1fffffffff,-80.17390771766935,-35.661057348889386,1,False,False
83efa2fffffffff,-80.06193040600688,-23.94337266391325,1,False,False
83efa3fffffffff,-79.58821727529453,-29.900192951678022,1,False,False
83efa4fffffffff,-81.90019243857971,-29.21477928425777,1,False,False
83efa5fffffffff,-81.33124382332437,-36.086518143173535,1,False,False
83efa6fffffffff,-81.20386236095236,-22.872891791864408,1,False,False
83efa8fffffffff,-78.34372825853731,-40.19683009993592,1,False,False
83efa9fffffffff,-77.6003601048785,-44.5405582236965,1,False,False
83efaafffffffff,-77.84306815246535,-35.04821352488833,1,False,False
83efabfffffffff,-77.18037213186301,-39.50442104794214,1,False,False
83efacfffffffff,-79.50117368952615,-41.03715258423921,1,False,False
83efadfffffffff,-78.74553700667202,-45.7582424483296,1,False,False
83efaefffffffff,-79.01083338053049,-35.323111125962726,1,False,False
83efb0fffffffff,-79.56629388087418,-13.006383661287083,1,False,False
83efb1fffffffff,-79.29589032803493,-19.05942752603131,1,False,False
83efb2fffffffff,-78.6632315391313,-9.20126160826418,1,False,False
83efb3fffffffff,-78.46661439754263,-14.857169125004797,1,False,False
83efb4fffffffff,-80.64801150946649,-10.739211922158086,1,False,False
83efb5fffffffff,-80.41877327427314,-17.516385507956016,1,False,False
83efb6fffffffff,-79.71691591009369,-6.756363506617861,1,False,False
83f000fffffffff,-81.92752667245155,54.45926631371626,1,False,False
83f001fffffffff,-81.7572951574483,47.02043673672191,1,False,False
83f002fffffffff,-81.0260356944876,58.04332335815313,1,False,False
83f003fffffffff,-80.93265111700318,51.26243501289456,1,False,False
83f004fffffffff,-82.89076153193739,58.53136154489213,1,False,False
83f005fffffffff,-82.79018456997429,50.00312044793275,1,False,False
83f006fffffffff,-81.95913758571116,62.084641081287685,1,False,False
83f008fffffffff,-80.3686445875526,38.47385608479361,1,False,False
83f009fffffffff,-79.9188767136624,32.67543890227783,1,False,False
83f00afffffffff,-79.65567835020164,42.87027412691594,1,False,False
83f00bfffffffff,-79.28378564511792,37.319174497123605,1,False,False
83f00cfffffffff,-81.45317793050393,39.92460930781576,1,False,False
83f00dfffffffff,-81.0253071727866,33.34622614691355,1,False,False
83f00efffffffff,-80.71043540418839,44.70883480431616,1,False,False
83f010fffffffff,-79.99749966153824,67.26660652806638,1,False,False
83f011fffffffff,-80.08456207514035,61.002001749803256,1,False,False
83f012fffffffff,-78.97673983949772,69.1937325460172,1,False,False
83f013fffffffff,-79.11012332625619,63.473515064699306,1,False,False
83f014fffffffff,-80.83195785336538,71.75512426176788,1,False,False
83f015fffffffff,-80.99324676164446,64.93962298767252,1,False,False
83f016fffffffff,-79.79365016441108,73.41036686992618,1,False,False
83f018fffffffff,-79.05634787376279,52.06521801552897,1,False,False
83f019fffffffff,-78.87713664397796,46.59522101055411,1,False,False
83f01afffffffff,-78.15690753435557,54.974673051577895,1,False,False
83f01bfffffffff,-78.03708686765815,49.81552528144575,1,False,False
83f01cfffffffff,-80.05508519634154,54.76360016308613,1,False,False
83f01dfffffffff,-79.91358534375817,48.694850176416665,1,False,False
83f01efffffffff,-79.13586119085626,57.72600810995999,1,False,False
83f020fffffffff,-84.76966539867765,59.44981254928536,1,False,False
83f021fffffffff,-84.66643789511487,47.82412111956311,1,False,False
83f022fffffffff,-83.80922267902055,63.84695827968671,1,False,False
83f023fffffffff,-83.79960876521682,53.972634444370485,1,False,False
83f024fffffffff,-85.67186150414612,67.3070111207384,1,False,False
83f025fffffffff,-85.69638250408681,53.04955241619876,1,False,False
83f026fffffffff,-84.65789332954384,70.92878757095991,1,False,False
83f028fffffffff,-83.2445831077794,35.35326067201146,1,False,False
83f029fffffffff,-82.73080361384831,27.407602527411647,1,False,False
83f02afffffffff,-82.5344209692969,41.79921429692582,1,False,False
83f02bfffffffff,-82.13441250573753,34.207514309840434,1,False,False
83f02cfffffffff,-84.35357841327475,36.95065666538111,1,False,False
83f02dfffffffff,-83.85752265478996,27.42673022293604,1,False,False
83f02efffffffff,-83.6079427987286,44.30866300483756,1,False,False
83f030fffffffff,-82.63337195657002,75.51971043603116,1,False,False
83f031fffffffff,-82.84010813499282,67.12955274826645,1,False,False
83f032fffffffff,-81.59819487618037,77.07667025237521,1,False,False
83f033fffffffff,-81.84876986351716,69.71079535910117,1,False,False
83f034fffffffff,-83.32342177302735,82.58022407492403,1,False,False
83f035fffffffff,-83.64839100468062,73.48936539719472,1,False,False
83f036fffffffff,-82.27689167561232,83.3655534290955,1,False,False
83f040fffffffff,-78.35969536170347,13.239197061068475,1,False,False
83f041fffffffff,-77.52266458926661,9.622198550763082,1,False,False
83f042fffffffff,-78.03655975265782,18.303636367984893,1,False,False
83f043fffffffff,-77.26982899759464,14.485541248892062,1,False,False
83f044fffffffff,-79.44906463325444,11.730987467130376,1,False,False
83f045fffffffff,-78.59182558060607,7.872257307035328,1,False,False
83f046fffffffff,-79.1407136062756,17.365248558950267,1,False,False
83f048fffffffff,-75.58651562238825,8.072920324423299,1,False,False
83f049fffffffff,-74.68538645518784,5.386659651115611,1,False,False
83f04afffffffff,-75.37794239461465,12.33932679383642,1,False,False
83f04bfffffffff,-74.5317022897253,9.46948474438084,1,False,False
83f04cfffffffff,-76.6392527568235,6.4495446345687375,1,False,False
83f04dfffffffff,-75.71750400421111,3.660344200719836,1,False,False
83f04efffffffff,-76.45037514587912,11.090802580159842,1,False,False
83f050fffffffff,-78.26283029635364,27.36774276951532,1,False,False
83f051fffffffff,-77.6328973286032,23.01864066253494,1,False,False
83f052fffffffff,-77.71896582267088,31.698755092007385,1,False,False
83f053fffffffff,-77.15965338525403,27.362133997488662,1,False,False
83f054fffffffff,-79.37232994903283,27.37454012592237,1,False,False
83f055fffffffff,-78.74098895918412,22.58868517776925,1,False,False
83f056fffffffff,-78.81640075098642,32.1383796375486,1,False,False
83f058fffffffff,-75.8411615083733,19.735847642718443,1,False,False
83f059fffffffff,-75.09771513524852,16.422135963871053,1,False,False
83f05afffffffff,-75.4362528366521,23.67985630841901,1,False,False
83f05bfffffffff,-74.7525159820088,20.29440723355728,1,False,False
83f05cfffffffff,-76.9362399176794,19.081220910816125,1,False,False
83f05dfffffffff,-76.18186848719334,15.531846043862853,1,False,False
83f05efffffffff,-76.53102339221124,23.376846080605294,1,False,False
83f060fffffffff,-80.70369732514071,3.153095246652505,1,False,False
83f061fffffffff,-79.74540244768106,-0.452141445559508,1,False,False
83f062fffffffff,-80.53476907871747,9.871632594386837,1,False,False
83f063fffffffff,-79.65394483914943,5.756012366796158,1,False,False
83f064fffffffff,-81.73353341210158,-0.1106019942120739,1,False,False
83f065fffffffff,-80.74322506284972,-3.782705500011209,1,False,False
83f066fffffffff,-81.61241642916981,7.528067984501028,1,False,False
83f068fffffffff,-77.75462859616857,-0.6839422012743599,1,False,False
83f069fffffffff,-76.75428143227528,-3.220051489891575,1,False,False
83f06afffffffff,-77.68649492761514,4.542593875841676,1,False,False
83f06bfffffffff,-76.7421485044939,1.6585925290671568,1,False,False
83f06cfffffffff,-78.74888136500259,-3.4521309742264576,1,False,False
83f06dfffffffff,-77.72256438686804,-5.974519131694927,1,False,False
83f06efffffffff,-78.72382929390636,2.276232595181573,1,False,False
83f070fffffffff,-80.971800868609,21.40607591187702,1,False,False
83f071fffffffff,-80.24697629046932,16.21112842031152,1,False,False
83f072fffffffff,-80.48736815726592,27.382948662464354,1,False,False
83f073fffffffff,-79.85432311861913,22.06308950917227,1,False,False
83f074fffffffff,-82.09213378608052,20.56157417307467,1,False,False
83f075fffffffff,-81.35312378412965,14.758583575167345,1,False,False
83f076fffffffff,-81.60713610295338,27.393618245760862,1,False,False
83f080fffffffff,-74.97080893999355,70.22046116020057,1,False,False
83f081fffffffff,-75.15716074549161,65.95043596922544,1,False,False
83f082fffffffff,-73.89032547052315,71.39373162403471,1,False,False
83f083fffffffff,-74.10634394326588,67.39570377728539,1,False,False
83f084fffffffff,-75.79630334665588,73.37343343084505,1,False,False
83f085fffffffff,-76.03541609549822,68.88267314593841,1,False,False
83f086fffffffff,-74.70434958601693,74.40179575380792,1,False,False
83f088fffffffff,-74.30993716250538,59.28276925535189,1,False,False
83f089fffffffff,-74.29876477953472,55.248278646614935,1,False,False
83f08afffffffff,-73.3087877779665,61.02493751593661,1,False,False
83f08bfffffffff,-73.33664563570093,57.19731797638833,1,False,False
83f08cfffffffff,-75.26241510101569,61.63729924605349,1,False,False
83f08dfffffffff,-75.28707536598907,57.32946695728624,1,False,False
83f08efffffffff,-74.24621873213941,63.34543584115442,1,False,False
83f090fffffffff,-72.48296951679185,76.09807363528105,1,False,False
83f091fffffffff,-72.79584683031572,72.4302488511363,1,False,False
83f092fffffffff,-71.35635734524934,76.80518515837309,1,False,False
83f093fffffffff,-71.68905199417284,73.35203126712085,1,False,False
83f094fffffffff,-73.23599730174345,79.09065113010291,1,False,False
83f095fffffffff,-73.59941756540479,75.30269526612148,1,False,False
83f096fffffffff,-72.1022687774448,79.65265336717718,1,False,False
83f098fffffffff,-72.15524516869279,66.21630252575788,1,False,False
83f099fffffffff,-72.28657016297731,62.58569363691472,1,False,False
83f09afffffffff,-71.08518710832575,67.43122328592695,1,False,False
83f09bfffffffff,-71.24585893841143,63.98997855375863,1,False,False
83f09cfffffffff,-73.03855049117897,68.67496803149317,1,False,False
83f09dfffffffff,-73.20965853426975,64.86222430991054,1,False,False
83f09efffffffff,-71.95585605669962,69.81419438704461,1,False,False
83f0a0fffffffff,-77.66323370312938,75.92025985811344,1,False,False
83f0a1fffffffff,-77.93453986649641,70.81248215848375,1,False,False
83f0a2fffffffff,-76.57503035144833,76.89258722616798,1,False,False
83f0a3fffffffff,-76.87365458945648,72.18932675705162,1,False,False
83f0a4fffffffff,-78.39406061864307,80.12435730312252,1,False,False
83f0a5fffffffff,-78.7366882853307,74.77582622938031,1,False,False
83f0a6fffffffff,-77.29807511431808,80.8140477793536,1,False,False
83f0a8fffffffff,-77.19793265870292,62.42452588168004,1,False,False
83f0a9fffffffff,-77.22154854731006,57.49939704050559,1,False,False
83f0aafffffffff,-76.1886216548269,64.30686482086146,1,False,False
83f0abfffffffff,-76.25533787386424,59.70286534727789,1,False,False
83f0acfffffffff,-78.10793342437104,65.56174314772814,1,False,False
83f0adfffffffff,-78.18172966309382,60.25241923524188,1,False,False
83f0aefffffffff,-77.08198103481486,67.34497488405086,1,False,False
83f0b0fffffffff,-75.07091867175026,81.90623820572344,1,False,False
83f0b1fffffffff,-75.47356127481228,77.7284633412891,1,False,False
83f0b2fffffffff,-73.94171910354332,82.3458617774714,1,False,False
83f0b3fffffffff,-74.36014515885641,78.45443631925865,1,False,False
83f0b4fffffffff,-75.72399108057203,85.67425952242358,1,False,False
83f0b5fffffffff,-76.19002693172173,81.40090730071391,1,False,False
83f0b6fffffffff,-74.59322447839746,85.8759493681296,1,False,False
83f0c0fffffffff,-74.6392090281889,41.04551548480666,1,False,False
83f0c1fffffffff,-74.31500053268915,37.38208954520927,1,False,False
83f0c2fffffffff,-73.84602914925898,43.6823602143558,1,False,False
83f0c3fffffffff,-73.5700032634265,40.10416119317331,1,False,False
83f0c4fffffffff,-75.7066517001458,42.12679128828867,1,False,False
83f0c5fffffffff,-75.39049479769695,38.166840208149424,1,False,False
83f0c6fffffffff,-74.90421457813837,44.89840349807774,1,False,False
83f0c8fffffffff,-72.8623357395218,33.47312844047275,1,False,False
83f0c9fffffffff,-72.33824501103527,30.32429026097151,1,False,False
83f0cafffffffff,-72.16736560508272,36.09567740457992,1,False,False
83f0cbfffffffff,-71.790171096699,33.077156464211654,1,False,False
83f0ccfffffffff,-73.91614681771361,33.89595396934314,1,False,False
83f0cdfffffffff,-73.39761511685417,30.525900245367023,1,False,False
83f0cefffffffff,-73.24021608983475,36.69767678408393,1,False,False
83f0d0fffffffff,-73.18666474143646,49.70363020749002,1,False,False
83f0d1fffffffff,-73.01521985861004,46.09676624852975,1,False,False
83f0d2fffffffff,-72.27964677233462,51.78582779337191,1,False,False
83f0d3fffffffff,-72.15066205955186,48.30817604838971,1,False,False
83f0d4fffffffff,-74.21519141467724,51.28088196670563,1,False,False
83f0d5fffffffff,-74.06279304947067,47.41568761810312,1,False,False
83f0d6fffffffff,-73.29501387116763,53.41306479072187,1,False,False
83f0d8fffffffff,-71.72291199308272,41.67259403273566,1,False,False
83f0d9fffffffff,-71.4326529729908,38.54644253404868,1,False,False
83f0dafffffffff,-70.91037929887392,43.89422925223848,1,False,False
83f0dbfffffffff,-70.66148317226876,40.83364406125282,1,False,False
83f0dcfffffffff,-72.78496955078225,42.61550600479218,1,False,False
83f0ddfffffffff,-72.50067388444955,39.2776421806841,1,False,False
83f0defffffffff,-71.96372311804011,44.93108817549256,1,False,False
83f0e0fffffffff,-77.5378877058061,40.13887586569444,1,False,False
83f0e1fffffffff,-77.12121353473022,35.59911099560486,1,False,False
83f0e2fffffffff,-76.77041370833321,43.3807150079932,1,False,False
83f0e3fffffffff,-76.46532014516018,39.07536754291966,1,False,False
83f0e4fffffffff,-78.59716549764129,41.37588861994877,1,False,False
83f0e5fffffffff,-78.20075293499568,36.37903200324717,1,False,False
83f0e6fffffffff,-77.82819262356594,44.85067602903276,1,False,False
83f0e8fffffffff,-75.54297325169269,31.02216282801388,1,False,False
83f0e9fffffffff,-74.97526353267396,27.35342079189036,1,False,False
83f0eafffffffff,-74.97783751889673,34.380683403195555,1,False,False
83f0ebfffffffff,-74.46608703673849,30.756312001283145,1,False,False
83f0ecfffffffff,-76.62753298282055,31.33229545873228,1,False,False
83f0edfffffffff,-76.06355574860527,27.357427121617125,1,False,False
83f0eefffffffff,-76.04652556960966,34.94189754053937,1,False,False
83f0f0fffffffff,-76.1359431139055,50.64389450819228,1,False,False
83f0f1fffffffff,-75.95732100528218,46.29591627856286,1,False,False
83f0f2fffffffff,-75.23314342644612,53.07500149466612,1,False,False
83f0f3fffffffff,-75.10400526325252,48.9184785220701,1,False,False
83f0f4fffffffff,-77.1550533896084,52.6414102437288,1,False,False
83f0f5fffffffff,-77.00269961688603,47.91668914032726,1,False,False
83f0f6fffffffff,-76.2367871967673,55.12965415498956,1,False,False
83f100fffffffff,-86.28345267242445,125.90413830538157,1,False,False
83f101fffffffff,-87.2239177681553,117.72836515822138,1,False,False
83f102fffffffff,-85.43263820369977,117.15763849454346,1,False,False
83f103fffffffff,-86.28060493825879,108.83668054109856,1,False,False
83f104fffffffff,-85.97375881508174,141.5957101591419,1,False,False
83f105fffffffff,-87.0065320017048,139.45424788320975,1,False,False
83f106fffffffff,-85.3111437997416,130.674987877355,1,False,False
83f108fffffffff,-87.5155838910656,76.04120972185484,1,False,False
83f109fffffffff,-87.612031021056,50.62862060019804,1,False,False
83f10afffffffff,-86.45270556959234,78.92666259674596,1,False,False
83f10bfffffffff,-86.66917697806579,61.43099072009634,1,False,False
83f10cfffffffff,-88.06273950053074,101.70150869504202,1,False,False
83f10dfffffffff,-88.57348300878772,68.7793359114195,1,False,False
83f10efffffffff,-87.01507375122553,95.88547608271172,1,False,False
83f110fffffffff,-83.63647802004216,118.08314554476048,1,False,False
83f111fffffffff,-84.51175775121614,111.84554560354302,1,False,False
83f112fffffffff,-82.70413906222541,114.22877208175376,1,False,False
83f113fffffffff,-83.54536872761936,108.36677701738408,1,False,False
83f114fffffffff,-83.54530638027374,127.7268893776318,1,False,False
83f115fffffffff,-84.51879016494308,123.14041106031928,1,False,False
83f116fffffffff,-82.69866554854931,122.80304732226628,1,False,False
83f118fffffffff,-84.91894473165573,91.52052575284814,1,False,False
83f119fffffffff,-85.3966148594039,80.46770104916999,1,False,False
83f11afffffffff,-83.88894042251832,91.05211691994111,1,False,False
83f11bfffffffff,-84.35462973127409,81.52134700614198,1,False,False
83f11cfffffffff,-85.29532770492722,103.6562187409972,1,False,False
83f11dfffffffff,-85.96386862349274,93.12509313690715,1,False,False
83f11efffffffff,-84.29565994934916,100.9193832855353,1,False,False
83f120fffffffff,-85.66948005468284,167.64869132504717,1,False,False
83f121fffffffff,-86.62681856512161,173.8778791963047,1,False,False
83f122fffffffff,-85.41694669294004,154.2269121332652,1,False,False
83f123fffffffff,-86.44300646402674,156.19887877993128,1,False,False
83f124fffffffff,-84.78172777346599,175.3962931685038,1,False,False
83f125fffffffff,-85.66406780011347,-178.02051907714943,1,False,False
83f126fffffffff,-84.69302139111164,163.7433625657158,1,False,False
83f128fffffffff,-88.49504405799684,168.5225526428823,1,False,False
83f129fffffffff,-89.36665279010676,-153.88710112205698,1,False,False
83f12afffffffff,-88.04378297467608,134.98953600172916,1,False,False
83f12bfffffffff,-89.0546620117091,120.54688437875578,1,False,False
83f12cfffffffff,-87.52463595081937,-175.043807691437,1,False,False
83f12dfffffffff,-88.24307126406285,-153.12500371598165,1,False,False
83f12efffffffff,-87.47478771221681,159.82394993324425,1,False,False
83f130fffffffff,-83.94153812617397,143.6720759703839,1,False,False
83f131fffffffff,-84.9513903113436,142.84950575072884,1,False,False
83f132fffffffff,-83.28333878505818,136.78698116448496,1,False,False
83f133fffffffff,-84.32046625250781,133.9667725186423,1,False,False
83f134fffffffff,-83.39842497094583,152.14242950449798,1,False,False
83f135fffffffff,-84.40141904173319,152.98999215601086,1,False,False
83f136fffffffff,-82.87356508568715,144.91864097238576,1,False,False
83f140fffffffff,-85.63494611960375,-13.27599495856984,1,False,False
83f141fffffffff,-84.55724503911188,-17.091314512536332,1,False,False
83f142fffffffff,-85.68159408929249,1.492960217147495,1,False,False
83f143fffffffff,-84.71077160925967,-5.174600356056769,1,False,False
83f144fffffffff,-86.42830563389158,-25.312295433202408,1,False,False
83f145fffffffff,-85.31173514785134,-26.97567062568965,1,False,False
83f146fffffffff,-86.6723802920225,-7.086128815664424,1,False,False
83f148fffffffff,-82.61785247725845,-13.08680284037095,1,False,False
83f149fffffffff,-81.52759894890109,-15.580556089378582,1,False,False
83f14afffffffff,-82.7322783058861,-4.291320351724651,1,False,False
83f14bfffffffff,-81.70608289402821,-7.907547118269642,1,False,False
83f14cfffffffff,-83.45503295691907,-19.657515726703867,1,False,False
83f14dfffffffff,-82.33582222171277,-21.49496691089905,1,False,False
83f14efffffffff,-83.6826858896708,-9.76855026768358,1,False,False
83f150fffffffff,-86.11665565769047,27.49836970699052,1,False,False
83f151fffffffff,-85.45032341066162,15.519791434652404,1,False,False
83f152fffffffff,-85.45778593993366,39.3273994131461,1,False,False
83f153fffffffff,-84.98643096122566,27.454478371361127,1,False,False
83f154fffffffff,-87.24731631502526,27.578270550350915,1,False,False
83f155fffffffff,-86.55471900592092,11.662263215661934,1,False,False
83f156fffffffff,-86.5500822197844,43.21829774124042,1,False,False
83f158fffffffff,-83.55130439151428,10.352223184482362,1,False,False
83f159fffffffff,-82.67554914884084,4.494856662265229,1,False,False
83f15afffffffff,-83.21371028067878,19.43656540319086,1,False,False
83f15bfffffffff,-82.45609360240407,12.877541601592664,1,False,False
83f15cfffffffff,-84.6311777944646,6.800734403375357,1,False,False
83f15dfffffffff,-83.71402847280655,0.4427148422746983,1,False,False
83f15efffffffff,-84.33430023240226,17.864982783476844,1,False,False
83f160fffffffff,-86.17484272474363,-56.15489701662544,1,False,False
83f161fffffffff,-85.12072578923696,-50.894027248104976,1,False,False
83f162fffffffff,-86.98541188878374,-42.86328770661523,1,False,False
83f163fffffffff,-85.87891216231081,-40.06536160540932,1,False,False
83f164fffffffff,-86.13808812221905,-73.31919422504957,1,False,False
83f165fffffffff,-85.22642365169845,-64.56679373197059,1,False,False
83f166fffffffff,-87.16461337480956,-65.14533618806529,1,False,False
83f168fffffffff,-83.62424166037492,-37.38301071296405,1,False,False
83f169fffffffff,-82.48175148129138,-36.63847186214273,1,False,False
83f16afffffffff,-84.18367044245291,-28.0064048490413,1,False,False
83f16bfffffffff,-83.04604390049018,-28.70733410864852,1,False,False
83f16cfffffffff,-84.03138996557584,-47.49412458272215,1,False,False
83f16dfffffffff,-82.91943564081929,-45.13146954985374,1,False,False
83f16efffffffff,-84.75729466561977,-38.441772046328055,1,False,False
83f170fffffffff,-88.60158125811789,-14.25554667830687,1,False,False
83f171fffffffff,-87.5294671927519,-22.184817174994205,1,False,False
83f172fffffffff,-88.3775240989726,27.769315739698847,1,False,False
83f173fffffffff,-87.62906258405268,4.250513173406746,1,False,False
83f174fffffffff,-89.06918257769009,-68.06103971080415,1,False,False
83f175fffffffff,-88.06665684619202,-48.776927698173104,1,False,False
83f176fffffffff,-89.50631334034729,28.83296069313706,1,False,False
83f180fffffffff,-79.42242428049282,100.8688347560322,1,False,False
83f181fffffffff,-80.11257351592516,95.89106925157697,1,False,False
83f182fffffffff,-78.34537946891773,99.79711228116784,1,False,False
83f183fffffffff,-79.02887056233325,95.21497986413328,1,False,False
83f184fffffffff,-79.70701122212044,106.8589601318518,1,False,False
83f185fffffffff,-80.48334770598625,102.16402893190956,1,False,False
83f186fffffffff,-78.65959992082315,105.23833571742765,1,False,False
83f188fffffffff,-80.14168113134873,84.45192083059004,1,False,False
83f189fffffffff,-80.54543177632156,78.30683874915066,1,False,False
83f18afffffffff,-79.0545685638053,84.84309778907986,1,False,False
83f18bfffffffff,-79.47691218194396,79.30247793283581,1,False,False
83f18cfffffffff,-80.7156518000435,90.26061839668586,1,False,False
83f18dfffffffff,-81.21603798078176,83.97100122978783,1,False,False
83f18efffffffff,-79.63191938335385,90.10069272360428,1,False,False
83f190fffffffff,-76.51090811588823,102.7163173656028,1,False,False
83f191fffffffff,-77.25381560065908,98.89620834265752,1,False,False
83f192fffffffff,-75.41364005475745,101.71769137836436,1,False,False
83f193fffffffff,-76.14909357594405,98.12865443692306,1,False,False
83f194fffffffff,-76.78403551452256,107.49554860696388,1,False,False
83f195fffffffff,-77.59350084717899,103.87612554709578,1,False,False
83f196fffffffff,-75.71296711785173,106.14494952509511,1,False,False
83f198fffffffff,-77.42900145201827,89.85978659369901,1,False,False
83f199fffffffff,-77.95542591101169,85.16747998088762,1,False,False
83f19afffffffff,-76.31111991432464,89.76680509048536,1,False,False
83f19bfffffffff,-76.84498359235542,85.44081340203829,1,False,False
83f19cfffffffff,-77.9323174602541,94.6537454384936,1,False,False
83f19dfffffffff,-78.53615895285063,89.96944080251811,1,False,False
83f19efffffffff,-76.82382906216093,94.18047483308798,1,False,False
83f1a0fffffffff,-80.853790051191,115.6902279229764,1,False,False
83f1a1fffffffff,-81.73373307376991,111.21891765468106,1,False,False
83f1a2fffffffff,-79.87539188296013,113.0760408765854,1,False,False
83f1a3fffffffff,-80.73295657509307,108.8157205770898,1,False,False
83f1a4fffffffff,-80.84341413838696,122.59665673532818,1,False,False
83f1a5fffffffff,-81.79759746180443,118.87255885562249,1,False,False
83f1a6fffffffff,-79.92403802600822,119.3818128065098,1,False,False
83f1a8fffffffff,-82.23730357048096,97.76362016915137,1,False,False
83f1a9fffffffff,-82.84470496279619,90.7145610861979,1,False,False
83f1aafffffffff,-81.18243399430072,96.72102709573704,1,False,False
83f1abfffffffff,-81.78676542825967,90.45976274217024,1,False,False
83f1acfffffffff,-82.54811907462523,105.76734325650192,1,False,False
83f1adfffffffff,-83.27572996149385,99.11151557068824,1,False,False
83f1aefffffffff,-81.52614386162932,103.7588705384291,1,False,False
83f1b0fffffffff,-77.97919007119573,114.37898579264306,1,False,False
83f1b1fffffffff,-78.86824515236094,110.89879286896064,1,False,False
83f1b2fffffffff,-76.96433294769705,112.40873361309012,1,False,False
83f1b3fffffffff,-77.83668216621035,109.06235828758508,1,False,False
83f1b4fffffffff,-78.01941607813805,119.737520352868,1,False,False
83f1b5fffffffff,-78.9672994848319,116.676842954204,1,False,False
83f1b6fffffffff,-77.04964512173741,117.38730937236004,1,False,False
83f205fffffffff,-78.40133528123347,-144.34144029998512,1,False,False
83f208fffffffff,-77.8675394160009,-130.81671187570174,1,False,False
83f20bfffffffff,-77.85825167588841,-125.73986796208013,1,False,False
83f20cfffffffff,-77.78614658071037,-135.80517255762862,1,False,False
83f256fffffffff,-76.86204993768163,-123.40921594536036,1,False,False
83f280fffffffff,-84.55585351055643,-121.57838651829296,1,False,False
83f281fffffffff,-83.52850213281636,-117.09011542460372,1,False,False
83f282fffffffff,-85.47987386336825,-114.10575269142127,1,False,False
83f283fffffffff,-84.40234467121333,-110.27282804704627,1,False,False
83f284fffffffff,-84.49354213907168,-132.94580313110396,1,False,False
83f285fffffffff,-83.57239701601317,-126.80258484541184,1,False,False
83f286fffffffff,-85.52971862470014,-128.04022985890262,1,False,False
83f288fffffffff,-82.18748425672518,-105.79526980893152,1,False,False
83f289fffffffff,-73.13667979783249,-75.60598610553538,1,False,False
83f28afffffffff,-82.90600862237817,-98.99365385609823,1,False,False
83f28bfffffffff,-81.76297161275494,-98.37825102858814,1,False,False
83f28cfffffffff,-82.46753474676039,-113.82787412502682,1,False,False
83f28dfffffffff,-81.3840719139757,-111.3643723260509,1,False,False
83f28efffffffff,-83.3022784480032,-107.67052637504815,1,False,False
83f290fffffffff,-87.39849544214768,-106.68647415336557,1,False,False
83f291fffffffff,-86.29348991489489,-103.0494429068002,1,False,False
83f292fffffffff,-88.00866003704841,-82.43231141132388,1,False,False
83f293fffffffff,-86.90206126327625,-86.74336663572406,1,False,False
83f294fffffffff,-87.4794671751346,-131.1884013004482,1,False,False
83f295fffffffff,-86.51883317048579,-120.23380149667808,1,False,False
83f296fffffffff,-88.47041482432051,-115.4608815425647,1,False,False
83f298fffffffff,-84.64724377832437,-89.98455252446297,1,False,False
83f299fffffffff,-83.50743056067319,-90.76526051475334,1,False,False
83f29afffffffff,-85.05937088477633,-78.03356599560145,1,False,False
83f29bfffffffff,-83.95304872614149,-81.06281685683183,1,False,False
83f29cfffffffff,-85.17334113079795,-101.0759440194262,1,False,False
83f29dfffffffff,-84.04334272384787,-99.8398533591147,1,False,False
83f29efffffffff,-85.77960232393364,-88.79122199053849,1,False,False
83f2a2fffffffff,-84.22931372652002,-143.5386529786326,1,False,False
83f2a3fffffffff,-83.43622464751495,-136.26907139161798,1,False,False
83f2a6fffffffff,-83.79562035087046,-152.81679045928394,1,False,False
83f2aafffffffff,-82.59147038645467,-122.21151767600448,1,False,False
83f2b0fffffffff,-86.00829057279563,-152.88437692234965,1,False,False
83f2b1fffffffff,-85.32300167161442,-141.3451422112325,1,False,False
83f2b2fffffffff,-87.12332131629825,-152.95773578404336,1,False,False
83f2b3fffffffff,-86.41154329342226,-137.8008886233782,1,False,False
83f2b4fffffffff,-85.39510487382628,-164.44478362276024,1,False,False
83f2b5fffffffff,-84.89879487403151,-152.8431766457201,1,False,False
83f2b6fffffffff,-86.47116146406262,-168.13705287192917,1,False,False
83f2c0fffffffff,-71.03529135757793,-63.98490857282565,1,False,False
83f2c2fffffffff,-72.1479925927508,-64.51871918702113,1,False,False
83f2c3fffffffff,-71.68879495691051,-61.11738106471572,1,False,False
83f2c6fffffffff,-71.44284921047549,-67.3165529377749,1,False,False
83f2cafffffffff,-71.73028840289777,-54.77768967088539,1,False,False
83f2d0fffffffff,-73.65233148087597,-68.94980132137174,1,False,False
83f2d1fffffffff,-73.26759898538684,-65.12592672128571,1,False,False
83f2d2fffffffff,-74.7625266182968,-69.94881871760889,1,False,False
83f2d3fffffffff,-74.39292454233774,-65.82261684020759,1,False,False
83f2d4fffffffff,-72.87607497262637,-71.78385859459611,1,False,False
83f2d5fffffffff,-72.54524052228585,-68.0801329105205,1,False,False
83f2d6fffffffff,-73.96464574482613,-72.92902788276535,1,False,False
83f2d8fffffffff,-73.43807399425164,-58.1884925438932,1,False,False
83f2d9fffffffff,-72.86538950309682,-54.71099971088766,1,False,False
83f2dafffffffff,-74.58295780980099,-58.37299249225437,1,False,False
83f2dbfffffffff,-74.0088542762816,-54.63454956551424,1,False,False
83f2dcfffffffff,-72.81533795913168,-61.48036514087591,1,False,False
83f2ddfffffffff,-72.30099021913662,-58.02827813283471,1,False,False
83f2defffffffff,-73.94940982165777,-61.89586332925193,1,False,False
83f2f0fffffffff,-71.00594104673561,-73.24252117469318,1,False,False
83f2f1fffffffff,-70.70611401897838,-69.889494793239,1,False,False
83f2f2fffffffff,-72.07104336304873,-74.35209512022902,1,False,False
83f2f3fffffffff,-71.78929152913084,-70.77855752931936,1,False,False
83f382fffffffff,-82.03490142456786,-179.8236469441151,1,False,False
83f386fffffffff,-81.19362046718797,176.52927997608063,1,False,False
83f390fffffffff,-82.93055078039392,167.46794433067447,1,False,False
83f391fffffffff,-82.96943652248237,176.11250977299923,1,False,False
83f392fffffffff,-83.71351629679471,161.08869370116105,1,False,False
83f393fffffffff,-83.86379083171946,170.80861486207462,1,False,False
83f394fffffffff,-81.99310877982742,164.9424846475623,1,False,False
83f395fffffffff,-82.08348074215418,172.50661480543943,1,False,False
83f396fffffffff,-82.73849626470292,159.17438015828702,1,False,False
83f398fffffffff,-83.61676408142009,-169.50941955787633,1,False,False
83f399fffffffff,-83.23132548425454,-160.6207181129985,1,False,False
83f39afffffffff,-84.65169911430563,-172.94153415542897,1,False,False
83f39bfffffffff,-84.31299024017387,-162.16447153130926,1,False,False
83f39cfffffffff,-82.84855872115214,-175.27008769577597,1,False,False
83f39efffffffff,-83.83213902413085,-179.19531651220686,1,False,False
83f3a2fffffffff,-79.4568008822375,176.80190209083992,1,False,False
83f3a4fffffffff,-77.76091373058634,176.99412668171271,1,False,False
83f3a6fffffffff,-78.6276409793964,174.2871622928757,1,False,False
83f3b0fffffffff,-80.28640317654416,167.38985160627644,1,False,False
83f3b1fffffffff,-80.33672518955099,173.56487001623034,1,False,False
83f3b2fffffffff,-81.02928936636674,163.0969557634808,1,False,False
83f3b3fffffffff,-81.18653056435365,169.66969952705747,1,False,False
83f3b4fffffffff,-79.25427281102537,165.92838591018992,1,False,False
83f3b5fffffffff,-79.4724275840559,171.1200650370003,1,False,False
83f3b6fffffffff,-79.97639418733178,161.957953152925,1,False,False
830000fffffffff,34.90130066965096,19.607226909088403,0,False,False
830001fffffffff,35.000328888738245,18.26733979630553,0,False,False
830002fffffffff,35.03852275919169,20.05764773325739,0,False,False
830003fffffffff,35.84801385308184,19.061884380668825,0,False,False
830004fffffffff,33.964470343733275,20.13332277469762,0,False,False
830005fffffffff,34.06753759573656,18.818309770297176,0,False,False
830006fffffffff,34.08950970610152,20.576867189695665,0,False,False
830010fffffffff,35.74916893118811,22.24264544445595,0,False,False
830011fffffffff,35.88075765143462,20.885445365025216,0,False,False
830012fffffffff,36.58115240753403,23.11320911514329,0,False,False
830013fffffffff,36.72479476865291,21.73877367475784,0,False,False
830014fffffffff,34.783957238113594,22.728112307298343,0,False,False
830015fffffffff,34.918304867518266,21.39744491327331,0,False,False
830016fffffffff,35.60302762021528,23.589521026132225,0,False,False
830018fffffffff,36.96548758446891,18.960974023497943,0,False,False
83001afffffffff,37.83446013804595,19.802663758763085,0,False,False
83001cfffffffff,35.99740122159624,19.519340604954746,0,False,False
83001efffffffff,36.85303615149406,20.354188501773542,0,False,False
830020fffffffff,32.232183839872974,19.86407782680942,0,False,False
830021fffffffff,32.329228927633395,18.59024616016263,0,False,False
830022fffffffff,33.03810298798773,20.64108902259702,0,False,False
830023fffffffff,33.14463666967139,19.350262182294337,0,False,False
830024fffffffff,31.33068093621704,20.360590140424147,0,False,False
830025fffffffff,31.43083251474856,19.10936811083448,0,False,False
830026fffffffff,32.12272172323483,21.13139143617204,0,False,False
830028fffffffff,33.3180996196564,16.751212518405993,0,False,False
830029fffffffff,33.38461476663075,15.445604933551092,0,False,False
83002afffffffff,34.15674821002168,17.497402577340406,0,False,False
83002cfffffffff,32.413617605380594,17.311113810846262,0,False,False
83002dfffffffff,32.485154478120734,16.027929400288603,0,False,False
83002efffffffff,33.23804589415456,18.05320584309824,0,False,False
830030fffffffff,33.0253008197737,22.367419926245827,0,False,False
830031fffffffff,33.15096070866257,21.07791561236946,0,False,False
830032fffffffff,33.82974292919144,23.196098554732743,0,False,False
830033fffffffff,33.96629846159062,21.891138088033166,0,False,False
830034fffffffff,32.09581758982099,22.827133077508183,0,False,False
830035fffffffff,32.91872170109247,21.924431480977727,0,False,False
830036fffffffff,32.88705177636403,23.64747244720197,0,False,False
830061fffffffff,28.16821828276331,20.09186316228772,0,False,False
830080fffffffff,39.99278576421874,25.122320487569752,0,False,False
830081fffffffff,40.18963663620719,23.671410008498427,0,False,False
830082fffffffff,40.81971817581751,26.12847066049253,0,False,False
830083fffffffff,41.03188968060264,24.66121638588592,0,False,False
830084fffffffff,38.96329624248471,25.564774113735645,0,False,False
830085fffffffff,39.16196320258555,24.1456824678749,0,False,False
830086fffffffff,39.77917718248759,26.556633889601983,0,False,False
830088fffffffff,41.402254199152914,21.6782748873268,0,False,False
830089fffffffff,41.55919346783031,20.16617514827837,0,False,False
83008afffffffff,42.27110947923165,22.6619699237677,0,False,False
83008bfffffffff,42.44288237936817,21.12869000704393,0,False,False
83008cfffffffff,40.369077032968136,22.20550381282704,0,False,False
83008dfffffffff,40.53051540811501,20.72631487780053,0,False,False
83008efffffffff,41.22628867713275,23.17723939549188,0,False,False
830090fffffffff,41.39605563289355,28.62765766805637,0,False,False
830091fffffffff,41.64155000998502,27.16484193494965,0,False,False
830092fffffffff,43.97013518910069,30.988743581238865,0,False,False
830093fffffffff,42.45703904823409,28.232107339633217,0,False,False
830094fffffffff,42.06859808543581,30.59414048696378,0,False,False
830095fffffffff,40.59049591255381,27.577393435379616,0,False,False
830096fffffffff,42.9525197642878,31.54302793331056,0,False,False
830098fffffffff,42.9284693646889,25.215644425220752,0,False,False
830099fffffffff,43.13581341823701,23.678404086489305,0,False,False
83009afffffffff,43.77087206837695,26.284080529044594,0,False,False
83009bfffffffff,43.99505607411146,24.728566916203555,0,False,False
83009cfffffffff,41.8697430966354,25.681860965320595,0,False,False
83009dfffffffff,42.079840985460514,24.180320865146896,0,False,False
83009efffffffff,42.70194090830766,26.73412902890497,0,False,False
8300a0fffffffff,37.69755678296659,26.77313171650133,0,False,False
8300a1fffffffff,37.4132575750093,24.009874472602903,0,False,False
8300a2fffffffff,38.55258538917142,27.662494685683683,0,False,False
8300a3fffffffff,38.68026852668209,26.24924799933049,0,False,False
8300a4fffffffff,36.72490861308797,27.276999120170192,0,False,False
8300a5fffffffff,36.42255313529736,24.47604322766654,0,False,False
8300a6fffffffff,37.56755763122156,28.15644089444064,0,False,False
8300a8fffffffff,38.567839663339264,22.104184628720045,0,False,False
8300a9fffffffff,38.70466021944556,20.67181391365973,0,False,False
8300aafffffffff,39.3442032527009,22.71162960737583,0,False,False
8300abfffffffff,39.50942919707399,21.26420085583806,0,False,False
8300acfffffffff,37.56964406735248,22.618435739266523,0,False,False
8300adfffffffff,37.71019260724344,21.21551268907405,0,False,False
8300aefffffffff,38.4142661257784,23.525235262026428,0,False,False
8300b0fffffffff,40.19445605936401,30.22794653025836,0,False,False
8300b1fffffffff,40.28956801499289,28.78457344805877,0,False,False
8300b2fffffffff,41.070772164176326,31.13650337194208,0,False,False
8300b3fffffffff,41.18055368253236,29.674963114036707,0,False,False
8300b4fffffffff,39.21786260060402,30.75860467060576,0,False,False
8300b5fffffffff,39.315622928035786,29.34700465758358,0,False,False
8300b6fffffffff,40.08235569081746,31.656480577994152,0,False,False
8300f4fffffffff,38.8242887911532,19.22979703024277,0,False,False
8300f6fffffffff,39.657114930729264,19.80507938071088,0,False,False
830100fffffffff,27.88774173586829,22.58329320156868,0,False,False
830101fffffffff,28.00026519731241,21.410802571927707,0,False,False
830102fffffffff,28.632202477558245,23.339209119222723,0,False,False
830103fffffffff,28.75355264838142,22.15408705551908,0,False,False
830104fffffffff,27.034734686427136,22.998867048581584,0,False,False
830105fffffffff,27.147952349229595,21.84635270679427,0,False,False
830106fffffffff,27.765915264039187,23.74778089393122,0,False,False
830108fffffffff,29.667170596439703,20.09701925261376,0,False,False
830109fffffffff,29.76137865875401,18.88309058511744,0,False,False
83010afffffffff,30.44057569188447,20.84058777476974,0,False,False
83010bfffffffff,30.54333717674617,19.61137263701356,0,False,False
83010cfffffffff,28.8027096292886,20.567028189474268,0,False,False
83010dfffffffff,28.899234267481592,19.373737549516022,0,False,False
83010efffffffff,29.562263724060674,21.304817069974256,0,False,False
830110fffffffff,29.240121519128586,25.302450964031568,0,False,False
830111fffffffff,29.380697952077085,24.11456938464397,0,False,False
830112fffffffff,29.981816174471508,26.10906188731477,0,False,False
830113fffffffff,30.13254932648626,24.909838853246608,0,False,False
830114fffffffff,28.36104850873213,25.68207396296761,0,False,False
830115fffffffff,28.50125933357469,24.51549855272108,0,False,False
830116fffffffff,29.09003135397444,26.479732826549853,0,False,False
830118fffffffff,30.40323235188352,22.48044074243985,0,False,False
830119fffffffff,31.21879442584677,21.605047506960364,0,False,False
83011afffffffff,31.17829943707673,23.27107112110148,0,False,False
83011bfffffffff,32.001123765059894,22.39100750281,0,False,False
83011cfffffffff,29.51140212598582,22.91697851311837,0,False,False
83011dfffffffff,30.3267356645611,22.06282926628665,0,False,False
83011efffffffff,30.273143990831137,23.69998168671026,0,False,False
830123fffffffff,26.30832227065204,22.268321213590347,0,False,False
830128fffffffff,27.210075895836933,20.309234473431527,0,False,False
83012afffffffff,27.252165398606984,20.686619516247884,0,False,False
83012bfffffffff,28.04869632686182,19.84889906093348,0,False,False
83012cfffffffff,25.68472210367484,20.427514815195025,0,False,False
83012efffffffff,26.413428517718792,21.12791682811408,0,False,False
830131fffffffff,26.912777132571406,24.14330646067454,0,False,False
830132fffffffff,27.49555233926905,26.04931021905752,0,False,False
830133fffffffff,27.635079803630752,24.90339582786672,0,False,False
830150fffffffff,30.71466532820611,17.13637517768449,0,False,False
830151fffffffff,30.78284606087212,15.892844620706644,0,False,False
830152fffffffff,31.51900388993576,17.85252815570544,0,False,False
830153fffffffff,31.59499003219732,16.591248919137765,0,False,False
830156fffffffff,30.63477113922996,18.37626422840543,0,False,False
83015afffffffff,32.54368990010802,14.74196570037716,0,False,False
83015efffffffff,31.65862796900598,15.326734563390286,0,False,False
830180fffffffff,33.73937274208334,29.952186309558712,0,False,False
830181fffffffff,33.34412820796056,27.04304097205685,0,False,False
830182fffffffff,35.52199175876574,31.386254565643736,0,False,False
830183fffffffff,34.678574452554834,29.52836081315435,0,False,False
830184fffffffff,32.216452767649976,28.65091981653168,0,False,False
830185fffffffff,32.400830927792306,27.419636459990624,0,False,False
830186fffffffff,33.59354627417996,31.212022227089708,0,False,False
830188fffffffff,34.474491471455416,25.35681727528064,0,False,False
830189fffffffff,34.63587330181,24.04832352800613,0,False,False
83018afffffffff,35.76295103189908,27.761902216541888,0,False,False
83018bfffffffff,35.44277612346999,24.92471935967119,0,False,False
83018cfffffffff,33.51820716117153,25.773192599002783,0,False,False
83018dfffffffff,33.68023502670016,24.49050895175442,0,False,False
83018efffffffff,34.812251042622805,28.22882618398892,0,False,False
830190fffffffff,36.235773107909466,33.53678809009909,0,False,False
830191fffffffff,36.3515815987312,32.22861235599635,0,False,False
830192fffffffff,37.05082074656514,34.41509513799778,0,False,False
830193fffffffff,37.18021110768124,33.094434302911296,0,False,False
830194fffffffff,33.48605567292298,31.684604341110425,0,False,False
830195fffffffff,35.419172189248165,32.68156255211313,0,False,False
830196fffffffff,34.214840556395245,32.62489031209893,0,False,False
830198fffffffff,37.39715077731284,30.406440756098352,0,False,False
830199fffffffff,36.59316570694259,28.63140360617972,0,False,False
83019afffffffff,38.25145201772847,31.26817700779941,0,False,False
83019bfffffffff,38.351263820292,29.887227311841407,0,False,False
83019cfffffffff,36.453881198921664,30.905766676228,0,False,False
83019dfffffffff,35.629995563651164,29.08839488749836,0,False,False
83019efffffffff,37.295840107339096,31.75781981965732,0,False,False
8301a0fffffffff,30.5542417914947,28.1335074264628,0,False,False
8301a1fffffffff,30.72561814106422,26.935745333567905,0,False,False
8301a2fffffffff,31.28797875224054,28.990345750654846,0,False,False
8301a3fffffffff,31.47076384763349,27.782902731216208,0,False,False
8301a4fffffffff,29.6515318744424,28.47207624567284,0,False,False
8301a5fffffffff,29.821338231517416,27.296754277144807,0,False,False
8301a6fffffffff,30.37335993167297,29.31792506918266,0,False,False
8301a8fffffffff,31.80540836172354,25.32832403139515,0,False,False
8301a9fffffffff,31.95635374938465,24.08304994800084,0,False,False
8301aafffffffff,32.574375886928614,26.174646462971097,0,False,False
8301abfffffffff,32.73660190602357,24.916914080625745,0,False,False
8301acfffffffff,30.887036088396894,25.7254758569319,0,False,False
8301adfffffffff,31.03806488431,24.503598213866766,0,False,False
8301aefffffffff,31.64339691907104,26.561929467152734,0,False,False
8301b0fffffffff,31.8172577198959,31.06886991533708,0,False,True
8301b1fffffffff,32.0217515619747,29.867603952255827,0,False,False
8301b2fffffffff,32.50973914929525,31.95050016281047,0,False,True
8301b3fffffffff,33.436338373533026,32.4572225770889,0,False,False
8301b4fffffffff,30.76600347642432,31.262404341096563,0,False,True
8301b5fffffffff,31.095532579931856,30.183428245099268,0,False,True
8301b6fffffffff,31.452152200112188,32.138058675970946,0,False,True
830200fffffffff,36.79975414047158,4.219594057272452,0,False,False
830201fffffffff,35.76254322059676,4.386830221443122,0,False,False
830202fffffffff,37.22528738207239,2.945618172699322,0,False,False
830203fffffffff,36.19300386360893,3.125646840257277,0,False,False
830205fffffffff,36.360785578443306,5.479271571658101,0,False,False
830208fffffffff,34.090624322328026,3.471856572557372,0,False,False
830209fffffffff,33.02043181174585,3.641452267884629,0,False,False
83020afffffffff,34.518547630144475,2.2193237774925763,0,False,False
83020bfffffffff,33.45389729331465,2.398022434494617,0,False,False
83020cfffffffff,34.71215734248075,4.55176814792299,0,False,False
83020dfffffffff,33.64908973906657,4.714452210425133,0,False,False
83020efffffffff,35.148321172214395,3.299936415893335,0,False,False
830211fffffffff,37.63777584747352,1.6550093840974776,0,False,False
830213fffffffff,38.03648818349342,0.3487741767848618,0,False,False
830218fffffffff,35.977763068217406,0.767650617476013,0,False,False
830219fffffffff,34.93230613666789,0.95794463310898,0,False,False
83021afffffffff,36.37002511979325,-0.5105152636605613,0,False,False
83021bfffffffff,35.331397035245075,-0.3111403514998712,0,False,False
83021cfffffffff,36.60886162167198,1.854577437308697,0,False,False
83021dfffffffff,35.57036785379089,2.0381909062114487,0,False,False
83021efffffffff,37.00960224779846,0.5747700079470688,0,False,False
830221fffffffff,36.47941593622141,7.83929066838412,0,False,False
830228fffffffff,34.86012218194353,6.87523176103237,0,False,False
830229fffffffff,33.79985760664145,7.021495208196247,0,False,False
83022afffffffff,35.31804506850876,5.637035624180792,0,False,False
83022bfffffffff,34.262459878506284,5.7926224113811005,0,False,False
83022cfffffffff,35.44171179059478,7.961530455288691,0,False,False
83022dfffffffff,34.16754001605667,8.262417217059879,0,False,False
83022efffffffff,35.907891107917735,6.72691493845905,0,False,False
830241fffffffff,28.164033989906223,5.4955450915910165,0,False,False
830246fffffffff,28.35784418096538,5.941198973463932,0,False,False
830250fffffffff,31.28832877783556,2.7482974206060686,0,False,False
830254fffffffff,31.938309185716587,3.808767414956904,0,False,False
830255fffffffff,29.026695695566342,4.887479012426234,0,False,False
830256fffffffff,32.37696067306187,2.5743322117043985,0,False,False
830270fffffffff,31.69959583515123,6.52998249065412,0,False,False
830271fffffffff,28.54767195387376,6.537005484332342,0,False,False
830272fffffffff,32.57388041589404,4.874925723588577,0,False,False
830274fffffffff,32.285277147760006,7.614287832181473,0,False,False
830275fffffffff,28.957081012719268,7.69940481259074,0,False,False
830276fffffffff,33.19454452991001,5.946074448480507,0,False,False
83029afffffffff,38.66645309217181,-9.601136947569993,0,False,False
83029efffffffff,39.383877401028045,-8.691500998042876,0,False,False
8302a8fffffffff,37.76394977209307,-2.006219791531425,0,False,False
8302a9fffffffff,36.74672785893426,-1.7950931718979886,0,False,False
8302acfffffffff,38.42073272350405,-0.9719915798666556,0,False,False
8302adfffffffff,37.39476587963323,-0.7125768018224775,0,False,False
8302e4fffffffff,33.87370512639293,1.145699623997012,0,False,False
8302e5fffffffff,32.80248147914617,1.3309621165059746,0,False,False
8302e6fffffffff,34.27933224938186,-0.1144035702126994,0,False,False
8302f4fffffffff,35.715371347975044,-1.586746501564506,0,False,False
830342fffffffff,33.41856803466806,12.04376921012116,0,False,False
830346fffffffff,34.25103664064845,12.798695758690892,0,False,False
830350fffffffff,35.52007610231322,10.265956951127354,0,False,False
830351fffffffff,34.230449051102404,10.54463535483728,0,False,False
830352fffffffff,36.004612131253545,9.063149983958,0,False,False
830353fffffffff,34.73154165228302,9.348553106653162,0,False,False
830354fffffffff,36.05077045097107,11.424191065627792,0,False,False
830355fffffffff,35.02156522241481,11.46545087844024,0,False,False
830358fffffffff,29.73363520285415,10.015076569073674,0,False,False
83035afffffffff,32.85565587658433,8.701133518467524,0,False,False
83035bfffffffff,29.352450574425745,8.85907398085879,0,False,False
83035cfffffffff,32.887046347674115,10.961390668835737,0,False,False
83035efffffffff,33.41040314723083,9.789744149886046,0,False,False
830373fffffffff,35.54250213549171,12.60665365475626,0,False,False
830400fffffffff,55.30946965331398,14.480027915568396,0,False,False
830401fffffffff,55.18954621674416,12.41783799846676,0,False,False
830402fffffffff,56.37683805898026,15.382520005639032,0,False,False
830403fffffffff,56.271623804088,13.260211162044133,0,False,False
830404fffffffff,54.33574026086138,15.641719464177193,0,False,False
830406fffffffff,55.3944676606684,16.55289850468726,0,False,False
830410fffffffff,58.52822151137066,12.10132344607226,0,False,False
830411fffffffff,58.17780622919714,9.954165337245806,0,False,False
830412fffffffff,59.67118757689336,12.648145243583766,0,False,False
830413fffffffff,59.33060844109608,10.426171352064742,0,False,False
830414fffffffff,56.47773032180866,19.64768992490224,0,False,False
830415fffffffff,56.445604222456296,17.513633651263195,0,False,False
830416fffffffff,57.50071229271725,20.71909873588772,0,False,False
83041afffffffff,59.70245896003734,6.467589804109382,0,False,False
83041cfffffffff,57.347193860718185,14.151102443981069,0,False,False
83041efffffffff,58.952495258596514,8.247925083876872,0,False,False
830422fffffffff,53.352212536788606,16.748453882153896,0,False,False
830430fffffffff,54.43408537974528,19.692072593931417,0,False,False
830431fffffffff,54.40188972457115,17.665759162584294,0,False,False
830432fffffffff,55.45875944153376,20.70911398774913,0,False,False
830433fffffffff,55.44425146881156,18.63107862332148,0,False,False
830434fffffffff,53.41680585772424,20.700112658447377,0,False,False
830435fffffffff,53.400848033561005,18.72445970591865,0,False,False
830436fffffffff,54.43237912997648,21.715598923473184,0,False,False
83045bfffffffff,49.25576431638815,4.615451353999218,0,False,False
830480fffffffff,63.88277963199289,12.666901207838526,0,False,False
830481fffffffff,63.54679708710496,10.140387329551276,0,False,False
830482fffffffff,65.0002387072931,13.335126456564362,0,False,False
830483fffffffff,64.67760647027329,10.704838407498316,0,False,False
830484fffffffff,63.06044139831306,14.52459643440324,0,False,False
830485fffffffff,62.75591583154239,12.046404501290136,0,False,False
830486fffffffff,64.17292410132288,15.242819651577262,0,False,False
830488fffffffff,63.89477402320424,5.631752378124126,0,False,False
830489fffffffff,63.438788611964114,3.203400545757752,0,False,False
83048afffffffff,65.0381682459978,6.025678205546216,0,False,False
83048bfffffffff,64.58961292573399,3.4958944302621475,0,False,False
83048cfffffffff,63.16661932916243,7.671382875328194,0,False,False
83048dfffffffff,62.74417698535724,5.266779001028805,0,False,False
83048efffffffff,64.3084609640425,8.134399043015746,0,False,False
830490fffffffff,64.38226605149814,27.47104835717032,0,False,False
830491fffffffff,64.49521824334694,24.807529048389355,0,False,False
830492fffffffff,65.28827268570944,29.072317162158825,0,False,False
830493fffffffff,65.43102810745742,26.33775024028421,0,False,False
830494fffffffff,63.32192951101428,28.52400544446836,0,False,False
830495fffffffff,63.45267008699052,25.96159102557829,0,False,False
830496fffffffff,64.22231472927358,30.096393114710104,0,False,False
830498fffffffff,65.56665314941719,20.77299633695882,0,False,False
830499fffffffff,66.17336327397746,6.452101757358123,0,False,False
83049afffffffff,66.53772726788443,22.231742467090765,0,False,False
83049bfffffffff,67.29937712569597,6.915163818508855,0,False,False
83049cfffffffff,65.7990809043646,11.314404256231942,0,False,False
83049dfffffffff,65.4420973401953,8.634362309956474,0,False,False
83049efffffffff,65.52422376046616,23.56716390922749,0,False,False
8304a0fffffffff,61.09719590715883,15.572479493884211,0,False,False
8304a1fffffffff,60.80835104917864,13.231745498918066,0,False,False
8304a2fffffffff,62.213333979909336,16.282430229528256,0,False,False
8304a3fffffffff,61.93850755503828,13.855829540131614,0,False,False
8304a4fffffffff,58.46517046472049,24.08970819274356,0,False,False
8304a5fffffffff,59.97286793209612,14.908308401128725,0,False,False
8304a6fffffffff,59.43914243694386,25.33831129270817,0,False,False
8304a8fffffffff,61.261630912717706,9.128530155916284,0,False,False
8304a9fffffffff,60.86255192553521,6.841132460399892,0,False,False
8304aafffffffff,62.40776728334627,9.616319620839109,0,False,False
8304abfffffffff,62.01762857741346,7.241418490470887,0,False,False
8304acfffffffff,60.478665652424766,10.929979733968558,0,False,False
8304adfffffffff,60.109502152987815,8.673441872467073,0,False,False
8304aefffffffff,61.62082200135379,11.468830239943747,0,False,False
8304b0fffffffff,61.33426312951978,28.04143117247949,0,False,False
8304b1fffffffff,63.32000721357701,17.04282038493698,0,False,False
8304b2fffffffff,62.25174116990482,29.504231140856632,0,False,False
8304b3fffffffff,62.39843211183221,27.037208753005256,0,False,False
8304b4fffffffff,60.26183803692384,28.98057860508665,0,False,False
8304b5fffffffff,60.39611160484724,26.65419159644014,0,False,False
8304b6fffffffff,61.17333944965323,30.418490975831244,0,False,False
8304c0fffffffff,53.38787342692567,11.708052297837035,0,False,False
8304c1fffffffff,53.16166051819887,9.797334658146696,0,False,False
8304c4fffffffff,60.07783592275706,-1.602632412135374,0,False,False
8304c5fffffffff,52.28892417473885,11.052485626628208,0,False,False
8304c8fffffffff,53.7383286083636,6.596354546999066,0,False,False
8304c9fffffffff,53.433148613433296,4.729321134612236,0,False,False
8304ccfffffffff,52.90621808749994,7.914983443587181,0,False,False
8304cdfffffffff,52.6227442420842,6.064337621552802,0,False,False
8304cefffffffff,54.01536964540099,8.498780398592064,0,False,False
8304d4fffffffff,62.94296250601096,0.8544033433400461,0,False,False
8304d6fffffffff,64.0989955137049,1.0508807603717272,0,False,False
8304e2fffffffff,59.445328517209646,0.3440949147893464,0,False,False
8304eafffffffff,52.054400134269486,9.191759568747058,0,False,False
8304ebfffffffff,51.7920442736722,7.359251827311402,0,False,False
8304f0fffffffff,61.119143864818746,2.680087193010257,0,False,False
8304f1fffffffff,60.61516341545585,0.5023810917022795,0,False,False
8304f2fffffffff,62.28163972704359,2.9322096726692184,0,False,False
8304f3fffffffff,61.78136632900262,0.6720597260480932,0,False,False
8304f4fffffffff,60.42542943540428,4.611892075992445,0,False,False
8304f5fffffffff,59.95229520226375,2.4450990750517936,0,False,False
8304f6fffffffff,61.58738765985135,4.927705943618384,0,False,False
830502fffffffff,49.34464531930987,22.478817567042768,0,False,False
830503fffffffff,49.35351460159946,20.68453121071525,0,False,False
830504fffffffff,46.34271003229394,22.032719380322582,0,False,False
830506fffffffff,48.325154149387885,23.311093174963204,0,False,False
830510fffffffff,50.28466773472267,25.260236637894945,0,False,False
830511fffffffff,50.33827548279898,23.43837576509827,0,False,False
830512fffffffff,51.2531027973752,26.297365979475146,0,False,False
830513fffffffff,51.32490509392748,24.44004559952764,0,False,False
830514fffffffff,49.24456860464077,26.04109782323007,0,False,False
830515fffffffff,49.30819169216639,24.2654722037767,0,False,False
830516fffffffff,50.20310033658421,27.0686242666551,0,False,False
830518fffffffff,51.38002563097068,20.69195627895654,0,False,False
83051afffffffff,52.39404559331281,21.65848706113346,0,False,False
83051bfffffffff,52.39302199698467,19.73218734813973,0,False,False
83051cfffffffff,50.36340659937584,21.60660856434018,0,False,False
83051efffffffff,51.367369732311786,22.57027948674685,0,False,False
830520fffffffff,44.38171817870385,21.562868398120383,0,False,False
830522fffffffff,45.26822119502819,22.60609371782174,0,False,False
830524fffffffff,43.32322919432757,22.124309823389783,0,False,False
830525fffffffff,43.490048680176905,20.555404314261835,0,False,False
830526fffffffff,44.19892155482894,23.154139244306496,0,False,False
830530fffffffff,45.93088395461356,25.320778860585456,0,False,False
830531fffffffff,46.1481576035734,23.68628916568149,0,False,False
830532fffffffff,48.20591149085368,26.78512160157865,0,False,False
830533fffffffff,48.27847843341998,25.054084943972256,0,False,False
830534fffffffff,44.84748983735713,25.81342398626364,0,False,False
830535fffffffff,45.06860428482588,24.219271623554,0,False,False
830536fffffffff,45.69173442681094,26.933906136346355,0,False,False
830581fffffffff,55.293406714322,26.88835141075783,0,False,False
830583fffffffff,56.244494127464606,28.096429469277847,0,False,False
830588fffffffff,56.43251648910481,23.901036047796552,0,False,False
830589fffffffff,56.47326906969054,21.778777974235865,0,False,False
83058afffffffff,57.413787868001215,25.077263050098885,0,False,False
83058bfffffffff,57.47596894414258,22.90445056901285,0,False,False
83058cfffffffff,55.38283808289792,24.84303002217083,0,False,False
83058dfffffffff,55.43815802767594,22.78155258935949,0,False,False
83058efffffffff,56.35600541040936,26.00874725836128,0,False,False
830591fffffffff,57.01067077364343,31.46140445760061,0,False,False
830592fffffffff,57.67602323849928,34.919511885036634,0,False,False
830593fffffffff,57.90415336519003,32.822472510608435,0,False,False
830598fffffffff,58.257690012056976,28.514270648354067,0,False,False
830599fffffffff,58.380266546455736,26.31358954730016,0,False,False
83059afffffffff,59.18275576851647,29.86031906623461,0,False,False
83059bfffffffff,59.330209519007504,27.61349870309338,0,False,False
83059cfffffffff,57.18010784122395,29.36129927872731,0,False,False
83059dfffffffff,57.31485951384914,27.2314652969009,0,False,False
83059efffffffff,58.09854541151162,30.68573848564104,0,False,False
8305a0fffffffff,52.09152670366091,29.252628625240764,0,False,False
8305a1fffffffff,52.21198079343507,27.37890065803788,0,False,False
8305a4fffffffff,51.02414464884547,29.95993601949263,0,False,False
8305a5fffffffff,51.1525911045393,28.138507780104643,0,False,False
8305a8fffffffff,53.35148436397122,24.63168906723375,0,False,False
8305a9fffffffff,53.40023605512835,22.67072718798692,0,False,False
8305aafffffffff,54.328521479163335,25.734328845617817,0,False,False
8305abfffffffff,54.397034558480286,23.7313189014912,0,False,False
8305acfffffffff,52.30302428085557,25.48600714520787,0,False,False
8305adfffffffff,52.363908209939545,23.57783947873613,0,False,False
8305aefffffffff,53.27108544072278,26.57851919722951,0,False,False
830a49fffffffff,49.15432938307464,27.802423361686525,0,False,False
830a4afffffffff,49.95885774884108,30.63154506365866,0,False,False
830a4bfffffffff,50.09423308390441,28.86013125578585,0,False,False
830a68fffffffff,46.027512247045216,29.80255458085641,0,False,False
830a69fffffffff,44.6057150354405,27.38646401621484,0,False,False
830a6cfffffffff,44.995435118385394,30.40913541704174,0,False,False
830a6dfffffffff,43.52719510977952,27.818769887953927,0,False,False
830b00fffffffff,38.35515328853312,45.95956277239946,0,False,False
830b01fffffffff,38.72661086589806,44.65666729441005,0,False,False
830b02fffffffff,39.08288467911052,47.0630115530012,0,False,False
830b03fffffffff,39.46349936822836,45.7428125687351,0,False,False
830b04fffffffff,37.24030955825691,46.17091641287661,0,False,False
830b05fffffffff,37.62135819315321,44.8840925980371,0,False,False
830b06fffffffff,37.96508648928776,47.26307793070712,0,False,False
830b08fffffffff,40.16736963853895,43.10640657596245,0,False,False
830b09fffffffff,40.49067451203947,41.79297603938333,0,False,False
830b0cfffffffff,39.07941338795767,43.35573615694998,0,False,False
830b0dfffffffff,39.413581979929646,42.058101883741344,0,False,False
830b0efffffffff,39.8249974530308,44.42347911174845,0,False,False
830b10fffffffff,39.39357356357149,49.529867590814455,0,False,False
830b11fffffffff,39.80337780200997,48.19469430737616,0,False,False
830b12fffffffff,40.09491856577675,50.70473412623824,0,False,False
830b13fffffffff,40.51543954393312,49.35479152960279,0,False,False
830b14fffffffff,38.26469602494856,49.700405931251325,0,False,False
830b15fffffffff,38.68323299079912,48.38267517071418,0,False,False
830b16fffffffff,38.96451686562032,50.8618192766238,0,False,False
830b1cfffffffff,40.19373746008731,46.85774151642175,0,False,False
830b1dfffffffff,40.5645354267017,45.52046288918013,0,False,False
830b20fffffffff,32.69060240881593,42.70283573096116,0,False,False
830b21fffffffff,33.16396008013394,41.533857615456455,0,False,False
830b22fffffffff,33.33670474626456,43.7973972424508,0,False,False
830b23fffffffff,33.81842744580329,42.61569937730408,0,False,False
830b24fffffffff,31.55871598344342,42.78809552305792,0,False,False
830b25fffffffff,32.03979224789546,41.63167675719055,0,False,False
830b26fffffffff,32.2012901728892,43.87163453230068,0,False,False
830b28fffffffff,34.732285631517165,40.252981050472485,0,False,False
830b29fffffffff,37.57471762120917,41.30615491582287,0,False,False
830b2afffffffff,37.984241501172576,43.5989560257639,0,False,False
830b2bfffffffff,38.32894377437133,42.316792646591736,0,False,False
830b2cfffffffff,33.621150617983794,40.36567276276126,0,False,False
830b2dfffffffff,34.06201938500953,39.19924979664455,0,False,False
830b2efffffffff,34.283681867524166,41.43389235755021,0,False,False
830b30fffffffff,36.4241104334817,48.74443890877336,0,False,False
830b31fffffffff,36.84117720706143,47.45813134593537,0,False,False
830b32fffffffff,37.12965535661112,49.86657780311166,0,False,False
830b33fffffffff,37.55652536420222,48.56586426909887,0,False,False
830b34fffffffff,32.324884628895624,46.1564539328116,0,False,False
830b35fffffffff,32.838756149424604,44.97798164214084,0,False,False
830b36fffffffff,32.94697416647223,47.29558845344422,0,False,False
830b40fffffffff,40.465055698995954,36.8037691523846,0,False,False
830b41fffffffff,40.64005066170789,35.41659194240496,0,False,False
830b44fffffffff,39.47678112627344,37.19358115093549,0,False,False
830b45fffffffff,39.65037272342659,35.838431552093,0,False,False
830b46fffffffff,40.27563055960096,38.169177483314826,0,False,False
830b48fffffffff,41.80058968418486,33.53478147348635,0,False,False
830b49fffffffff,41.94343008251742,32.073515369351995,0,False,False
830b4bfffffffff,42.81125668906677,33.03981522367808,0,False,False
830b4cfffffffff,40.7998305259533,34.008784940327246,0,False,False
830b4dfffffffff,40.9436422345774,32.58162081770167,0,False,False
830b4efffffffff,41.6408115844809,34.97640512323133,0,False,False
830b60fffffffff,37.70644546133846,36.631312005433806,0,False,False
830b61fffffffff,37.8633421193347,35.31700106516899,0,False,False
830b62fffffffff,38.48107550832381,37.55205933776704,0,False,False
830b63fffffffff,38.672336944934834,36.24300461270128,0,False,False
830b64fffffffff,34.59268942788532,34.74026234520866,0,False,False
830b65fffffffff,34.94017432893137,33.586675725321385,0,False,False
830b66fffffffff,35.28598689812933,35.72007920570761,0,False,False
830b68fffffffff,38.97475772346783,33.53583990542364,0,False,False
830b69fffffffff,39.104044762005344,32.15534942966201,0,False,False
830b6afffffffff,39.80964361132484,34.46306878038886,0,False,False
830b6bfffffffff,39.953868303337295,33.06865641354118,0,False,False
830b6cfffffffff,38.00689885339327,33.98430234840335,0,False,False
830b6dfffffffff,38.13647256729897,32.63429845628345,0,False,False
830b6efffffffff,38.8306326186028,34.89878477632181,0,False,False
830b70fffffffff,38.96405731717252,39.76643272488606,0,False,False
830b71fffffffff,39.25474310578476,38.50068973634421,0,False,False
830b72fffffffff,39.72920205815508,40.76507675225675,0,False,False
830b73fffffffff,40.02642016245967,39.47794499270894,0,False,False
830b74fffffffff,37.89427523877959,40.04813843616536,0,False,False
830b75fffffffff,35.97724268606549,36.72557141723169,0,False,False
830b76fffffffff,38.655512861743375,41.03887058033249,0,False,False
830c0bfffffffff,48.16367920338059,-16.857020379270736,0,False,False
830c14fffffffff,50.16505951535744,-8.67563213530456,0,False,False
830c15fffffffff,49.67794503487931,-10.143672709523514,0,False,False
830c24fffffffff,45.0670384727948,-7.90893196674098,0,False,False
830c25fffffffff,44.62193764090012,-9.251980753896008,0,False,False
830c26fffffffff,46.174905477683794,-7.7724823330104735,0,False,False
830c32fffffffff,49.51953316928985,-7.3243964590188835,0,False,False
830c33fffffffff,49.05078695017637,-8.801668224504237,0,False,False
830c34fffffffff,47.73226632768312,-6.18153039909253,0,False,False
830c35fffffffff,47.28683968311275,-7.629866977561883,0,False,False
830c60fffffffff,63.5254289268025,-85.76508235616652,0,False,False
830c61fffffffff,62.85365703353183,-84.30746202069754,0,False,False
830c66fffffffff,64.19236287182814,-87.31789588603867,0,False,False
830c6cfffffffff,62.17900316873232,-82.93826468020217,0,False,False
830c70fffffffff,63.48624270923384,-91.84244245721968,0,False,False
830c75fffffffff,63.85789528784476,-89.60266383368521,0,False,False
830d01fffffffff,42.99054580223556,-4.310684645950794,0,False,False
830d03fffffffff,44.099746230327725,-4.100442633336664,0,False,False
830d08fffffffff,43.2885055572991,-6.8451359224062776,0,False,False
830d09fffffffff,42.86676176494894,-8.164861716953515,0,False,False
830d0afffffffff,44.39234119935177,-6.689882166697094,0,False,False
830d0bfffffffff,43.96405844340841,-8.039605812108304,0,False,False
830d0cfffffffff,42.59602528644804,-5.669192136207736,0,False,False
830d0dfffffffff,42.190759727270354,-6.994015669987097,0,False,False
830d0efffffffff,43.6999096155177,-5.490278219873212,0,False,False
830d12fffffffff,47.10568112885749,-0.6266288752334034,0,False,False
830d18fffffffff,45.92390397887599,-5.108734146784498,0,False,False
830d19fffffffff,45.50146725301792,-6.527838545637178,0,False,False
830d1afffffffff,47.04232900198432,-4.905041649838074,0,False,False
830d1bfffffffff,46.61505835573228,-6.358552450913017,0,False,False
830d1cfffffffff,45.21418448639699,-3.881030157070926,0,False,False
830d1dfffffffff,44.80947909666183,-5.303628417226687,0,False,False
830d1efffffffff,46.33299956252661,-3.651840713780515,0,False,False
830d40fffffffff,40.48513503123387,-11.956006818655569,0,False,False
830d41fffffffff,41.04007277253452,-16.010184153810687,0,False,False
830d42fffffffff,41.55127361815769,-11.913966035114834,0,False,False
830d43fffffffff,42.00918543831496,-16.573376413101492,0,False,False
830d44fffffffff,39.854791937481615,-10.829973263312732,0,False,False
830d45fffffffff,40.82656085594207,-14.640076498857598,0,False,False
830d46fffffffff,40.92202511365609,-10.765820458889296,0,False,False
830d48fffffffff,40.46913996022456,-18.15196178501316,0,False,False
830d49fffffffff,48.7230764239652,-54.2158753111407,0,False,False
830d4afffffffff,50.32041329816222,-55.14739194605943,0,False,False
830d4cfffffffff,40.28101905523155,-16.811198554573227,0,False,False
830d4dfffffffff,39.5287168062506,-17.58209039626006,0,False,False
830d4efffffffff,41.235795749858646,-17.37818042858126,0,False,False
830d54fffffffff,42.435875379383255,-9.449458483270748,0,False,False
830d55fffffffff,41.99700664022336,-10.699070156594406,0,False,False
830d56fffffffff,43.525888532916326,-9.352785479211631,0,False,False
830d60fffffffff,39.915700111453866,-11.411134541403626,0,False,False
830d61fffffffff,39.17776886190684,-12.274874163810155,0,False,False
830d62fffffffff,39.20931724822747,-9.717075659958343,0,False,False
830d63fffffffff,40.59525293224698,-13.269421336660184,0,False,False
830d64fffffffff,39.65839111888612,-10.049531159970543,0,False,False
830d65fffffffff,38.93041887932038,-10.936762766892324,0,False,False
830d68fffffffff,38.66682338850204,-14.42288036338289,0,False,False
830d69fffffffff,38.383312808019504,-15.932577676600186,0,False,False
830d6afffffffff,40.075818359226645,-15.467525511033314,0,False,False
830d6bfffffffff,39.33117679654675,-16.26435463691773,0,False,False
830d6cfffffffff,38.445775374907605,-13.152005796293558,0,False,False
830d6dfffffffff,37.71156646816137,-14.139939547464987,0,False,False
830d6efffffffff,39.85350643759259,-14.122414332419494,0,False,False
830d70fffffffff,40.69226922732711,-8.400409623314891,0,False,False
830d71fffffffff,40.27689347551065,-9.63138345843836,0,False,False
830d72fffffffff,41.77591841384478,-8.285028665906918,0,False,False
830d73fffffffff,41.35263966119543,-9.542248169229383,0,False,False
830d75fffffffff,39.61652344638986,-8.511284047723551,0,False,False
830d76fffffffff,41.09987425100317,-7.136904152765929,0,False,False
830d80fffffffff,51.2362178799605,-0.967743175854386,0,False,False
830d81fffffffff,50.834003346966455,-2.6231588917708226,0,False,False
830d82fffffffff,52.36358858934799,-0.6328561501430442,0,False,False
830d83fffffffff,51.961032260770224,-2.333865395334676,0,False,False
830d86fffffffff,51.61776938480414,0.7303282876344667,0,False,False
830d88fffffffff,51.09683913369933,-5.598397394984973,0,False,False
830d89fffffffff,50.63856590361468,-7.160565407313177,0,False,False
830d8afffffffff,52.21969738991741,-5.384500553245752,0,False,False
830d8cfffffffff,50.41273973255139,-4.234847878098934,0,False,False
830d8efffffffff,51.53822086881989,-3.989328119334065,0,False,False
830d9dfffffffff,52.66316361990726,-3.7313590431433967,0,False,False
830da4fffffffff,47.808512847010526,2.541562150332731,0,False,False
830da5fffffffff,47.46651128739927,0.9401385607388468,0,False,False
830da6fffffffff,48.93564575151512,2.938617139196966,0,False,False
830da9fffffffff,48.16387666982581,-4.691946909258943,0,False,False
830db0fffffffff,51.18872578543932,3.7906262878990185,0,False,False
830db1fffffffff,50.85045208476117,2.059496508146951,0,False,False
830db2fffffffff,52.31255525780136,4.248360946965708,0,False,False
830db3fffffffff,51.97706588163359,2.469629459480592,0,False,False
830db6fffffffff,51.50305245680514,5.557983225239805,0,False,False
831000fffffffff,23.25667564343896,37.2991318485298,0,False,False
831001fffffffff,24.3529404515219,37.169335982305626,0,False,False
831002fffffffff,22.77682871643519,38.33629594019716,0,False,False
831003fffffffff,23.878992728574804,38.21629826009168,0,False,False
831004fffffffff,22.637214320662576,36.40219671508706,0,False,False
831005fffffffff,23.724809160640937,36.26536571430269,0,False,False
831006fffffffff,22.163150458864,37.42648151085907,0,False,False
831008fffffffff,26.08967040180543,37.96921639835209,0,False,False
831009fffffffff,27.19651555660706,37.84199372163828,0,False,False
83100afffffffff,25.61592738518521,39.03945875895554,0,False,False
83100bfffffffff,26.72955006566621,38.92272979137829,0,False,True
83100cfffffffff,25.45113316044652,37.03702411804,0,False,False
83100dfffffffff,26.550432807564302,36.902123836712384,0,False,False
83100efffffffff,24.98355009950623,38.0939610604424,0,False,False
831010fffffffff,21.18167915295459,39.48416266421314,0,False,True
831011fffffffff,22.28553020452564,39.37619213949513,0,False,False
831012fffffffff,20.674881280094635,40.51625265526607,0,False,True
831013fffffffff,21.78308372852916,40.41814389351631,0,False,True
831014fffffffff,20.58294242398657,38.56953216542932,0,False,False
831015fffffffff,21.677877185555623,38.45401955181399,0,False,False
831016fffffffff,20.082329012432805,39.59009570690358,0,False,True
831018fffffffff,24.011197440789505,40.21613213640486,0,False,True
831019fffffffff,25.129434597196543,40.112115245586295,0,False,True
83101afffffffff,23.50698562428435,41.27992636275346,0,False,True
83101bfffffffff,24.630469086233173,41.18644010302947,0,False,True
83101cfffffffff,23.39307415964707,39.26612556900376,0,False,False
83101dfffffffff,24.50348602830405,39.15390215482639,0,False,False
83101efffffffff,22.89546553014006,40.318122341321306,0,False,True
831020fffffffff,22.47861123663216,34.51836461735568,0,False,False
831021fffffffff,23.55077648476469,34.36591525960706,0,False,False
831022fffffffff,22.02124595502716,35.525255984684804,0,False,False
831023fffffffff,23.09982443272445,35.38180093318466,0,False,False
831024fffffffff,21.86175098803105,33.6747556459098,0,False,False
831025fffffffff,22.924593461590337,33.51640263078884,0,False,False
831026fffffffff,21.409364855303348,34.66804574897224,0,False,False
831028fffffffff,25.264015889550308,35.08672901928,0,False,False
831029fffffffff,26.348052213988627,34.93495995242372,0,False,False
83102afffffffff,24.81467975813764,36.12592286909264,0,False,False
83102bfffffffff,25.90602323268486,35.98379437631638,0,False,False
83102cfffffffff,24.62509626493769,34.21062238467825,0,False,False
83102dfffffffff,25.70079615919316,34.052408033626186,0,False,False
83102efffffffff,24.181009064855864,35.235650193613395,0,False,False
831030fffffffff,20.472006614037955,36.66830540920645,0,False,False
831031fffffffff,21.552687420968223,36.53648705474978,0,False,False
831032fffffffff,19.987498814742743,37.67410896273552,0,False,False
831033fffffffff,21.073163884853056,37.5514522539974,0,False,False
831034fffffffff,19.87498002718843,35.804365134649856,0,False,False
831035fffffffff,20.946045570207147,35.66608749795204,0,False,False
831036fffffffff,19.395932838380173,36.79771805384432,0,False,False
831040fffffffff,30.94216086844512,36.335091285093625,0,False,True
831041fffffffff,32.03461133906409,36.18606185931095,0,False,False
831042fffffffff,30.512983318013788,37.444710289218015,0,False,True
831043fffffffff,31.614325469677148,37.30681335647654,0,False,False
831044fffffffff,30.26988875572331,35.38684936520833,0,False,True
831045fffffffff,31.35642352058419,35.230085245484254,0,False,True
831046fffffffff,29.8467010490684,36.48112632441215,0,False,True
831048fffffffff,33.805857527942045,37.02230689081025,0,False,False
831049fffffffff,34.89445434945368,36.875515571140426,0,False,False
83104afffffffff,33.38833683634969,38.1703456974005,0,False,False
83104bfffffffff,34.48646835399708,38.03554858928498,0,False,False
83104cfffffffff,33.123252272891186,36.03394707514755,0,False,False
83104dfffffffff,34.20729926949207,35.87865232863894,0,False,False
83104efffffffff,32.71221870803487,37.16604191463943,0,False,False
831050fffffffff,28.95692093490972,38.68213980453398,0,False,True
831051fffffffff,30.068958623265587,38.55813424625408,0,False,True
831052fffffffff,28.490573676509605,39.78728931101895,0,False,True
831053fffffffff,29.6102035767775,39.67453811545319,0,False,False
831054fffffffff,28.303243571169883,37.71221974482835,0,False,True
831055fffffffff,29.40901231873366,37.57981831817175,0,False,True
831056fffffffff,27.843499970254086,38.803647091793,0,False,True
831058fffffffff,31.843148138118146,39.44190227605312,0,False,False
831059fffffffff,32.95475993983061,39.321867591947225,0,False,False
83105afffffffff,31.38527231923452,40.583902560491126,0,False,False
83105bfffffffff,32.50520195024711,40.475954704223234,0,False,False
83105cfffffffff,31.17876439628417,38.43155376588131,0,False,False
83105dfffffffff,32.28549911537043,38.30231859632903,0,False,False
83105efffffffff,30.72801415545263,39.55943360212375,0,False,False
831060fffffffff,30.001738691140574,33.38867671909448,0,False,True
831061fffffffff,31.07259967968172,33.21458385875462,0,False,True
831062fffffffff,29.5983517210674,34.46174758782744,0,False,True
831063fffffffff,30.67852386470889,34.297753816753264,0,False,True
831064fffffffff,29.32685041014976,32.50243550437776,0,False,False
831065fffffffff,30.390940709841736,32.32200387824823,0,False,True
831066fffffffff,28.92834957870141,33.55941406380173,0,False,False
831068fffffffff,32.82925887735808,33.9598289761375,0,False,True
831069fffffffff,33.89828985149021,33.78570126073749,0,False,False
83106afffffffff,32.439585498357694,35.07013055334247,0,False,True
83106bfffffffff,33.51859505363778,34.90688945346045,0,False,False
83106cfffffffff,32.14016688116297,33.037038893262,0,False,True
83106dfffffffff,33.20368746514643,32.85594162957415,0,False,True
83106efffffffff,31.755750703859523,34.130479771340624,0,False,True
831070fffffffff,28.08988456121123,35.69117141984248,0,False,False
831071fffffffff,29.18077453609054,35.540515153633606,0,False,True
831072fffffffff,27.65001278606509,36.76455997273102,0,False,False
831073fffffffff,28.74904450160207,36.62425448558245,0,False,True
831074fffffffff,27.43231999890211,34.780262704141286,0,False,False
831075fffffffff,28.516019298870816,34.622554028121186,0,False,False
831076fffffffff,26.99802945299224,35.83890369462932,0,False,False
831080fffffffff,19.669332776938106,44.59274810269897,0,False,True
831081fffffffff,20.79525035772682,44.53364667863837,0,False,True
831082fffffffff,19.117129845569576,45.63464006742917,0,False,True
831083fffffffff,20.244897199321656,45.58585108961224,0,False,True
831084fffffffff,19.09473092056149,43.61752428270279,0,False,True
831085fffffffff,20.212513228005854,43.54946142427854,0,False,True
831086fffffffff,18.549566648264367,44.65070768653845,0,False,True
831088fffffffff,22.51703383113773,45.48532922638479,0,False,True
831089fffffffff,23.659677619659742,45.43353668914112,0,False,True
83108afffffffff,21.961463569692853,46.55667513734745,0,False,True
83108bfffffffff,23.10680670207317,46.51582020409373,0,False,True
83108cfffffffff,21.92649049875461,44.47336946579508,0,False,True
83108dfffffffff,23.06219969880823,44.41188116168176,0,False,True
83108efffffffff,21.37848223151408,45.53609055429978,0,False,True
831090fffffffff,17.434589680426726,46.7121934976762,0,False,False
831091fffffffff,18.556441763589373,46.674452893523245,0,False,False
831092fffffffff,16.865897622863343,47.73917487213003,0,False,False
831093fffffffff,17.98783843622516,47.71151035594316,0,False,False
831094fffffffff,16.882315132284656,45.729414719799806,0,False,False
831095fffffffff,17.9960044391076,45.68248559792434,0,False,False
831096fffffffff,16.32065084179319,46.74921108784233,0,False,False
831098fffffffff,20.253730338682114,47.65452883271111,0,False,False
831099fffffffff,21.39603121089296,47.625178621264645,0,False,True
83109afffffffff,19.678128999991028,48.70882136072214,0,False,False
83109bfffffffff,20.821317259967945,48.69011122517851,0,False,False
83109cfffffffff,19.68542148347245,46.63596791774515,0,False,False
83109dfffffffff,20.820711033050188,46.59671636451256,0,False,True
83109efffffffff,19.117385848879344,47.68330043462111,0,False,False
8310a0fffffffff,19.05134282032198,41.63610483108174,0,False,True
8310a1fffffffff,20.157848355296338,41.54962379466889,0,False,True
8310a2fffffffff,18.5217724188221,42.66025091771021,0,False,True
8310a3fffffffff,19.630984276158514,42.58360536871344,0,False,True
8310a4fffffffff,18.474232246981465,40.70694499335131,0,False,True
8310a5fffffffff,19.571668261937955,40.61250241739114,0,False,True
8310a6fffffffff,17.951103689124942,41.720956624017575,0,False,True
8310a8fffffffff,21.866517189021767,42.42580120138936,0,False,True
8310a9fffffffff,22.991196552589496,42.3445537477164,0,False,True
8310aafffffffff,21.335953605525148,43.480059810935735,0,False,True
8310abfffffffff,22.46422037634556,43.40927976142109,0,False,True
8310acfffffffff,21.269834523238007,41.46146654078443,0,False,True
8310adfffffffff,22.38649088420723,41.37158428844044,0,False,True
8310aefffffffff,20.746168883488227,42.50546998530257,0,False,True
8310b0fffffffff,16.87933509403325,43.749785024034495,0,False,True
8310b1fffffffff,17.98341256546438,43.68428656631242,0,False,True
8310b2fffffffff,16.33166137455392,44.76333073893312,0,False,True
8310b3fffffffff,17.436752887516597,44.707558088851165,0,False,True
8310b4fffffffff,16.324366098903237,42.80923872961142,0,False,True
8310b5fffffffff,17.41931553994743,42.7354485740372,0,False,True
8310b6fffffffff,15.78324364110426,43.81405503973339,0,False,True
8310c0fffffffff,27.63200611574228,44.15305967562095,0,False,False
8310c1fffffffff,28.77666399935392,44.084933999020535,0,False,False
8310c2fffffffff,27.10315150703199,45.27164864081621,0,False,False
8310c3fffffffff,28.2530937579396,45.21540128217481,0,False,False
8310c4fffffffff,27.00821443039641,43.1115247611793,0,False,True
8310c5fffffffff,28.147488995660023,43.0331993295871,0,False,False
8310c6fffffffff,26.48731563779348,44.21977491302992,0,False,True
8310c8fffffffff,30.55058909901989,45.099257884101725,0,False,False
8310c9fffffffff,31.696294715842026,45.039282336811205,0,False,False
8310cafffffffff,30.024194734903784,46.252126392047806,0,False,False
8310cbfffffffff,31.17594648560741,46.204813192528896,0,False,False
8310ccfffffffff,29.920371490322527,44.01535287673489,0,False,False
8310cdfffffffff,31.06221513733019,43.94426937564667,0,False,False
8310cefffffffff,29.40254864638763,45.15795066616732,0,False,False
8310d0fffffffff,25.407670366694887,46.43156812264527,0,False,False
8310d1fffffffff,26.56135359685138,46.38811778670643,0,False,False
8310d2fffffffff,24.849870739405286,47.53347652828568,0,False,False
8310d3fffffffff,26.007091410443653,47.50162831704649,0,False,False
8310d4fffffffff,24.80551979151927,45.38068128408526,0,False,True
8310d5fffffffff,25.953651180485096,45.32673004713752,0,False,True
8310d6fffffffff,24.255846268242024,46.47412654913265,0,False,True
8310d8fffffffff,28.32482725890537,47.43588740447085,0,False,False
8310d9fffffffff,29.48344592118394,47.40195052662138,0,False,False
8310dafffffffff,27.76585662242337,48.56945134525277,0,False,False
8310dbfffffffff,28.92881252659698,48.54782058339255,0,False,False
8310dcfffffffff,27.715961460801186,46.3437472579781,0,False,False
8310ddfffffffff,28.870554874595413,46.29842704674913,0,False,False
8310defffffffff,27.165725946407704,47.46910581628677,0,False,False
8310e0fffffffff,26.88293687285906,40.99376142034362,0,False,True
8310e1fffffffff,28.010166996917505,40.894452842610974,0,False,True
8310e2fffffffff,26.382615697360045,42.09085934138771,0,False,True
8310e3fffffffff,27.51594790534389,42.00280742730087,0,False,True
8310e4fffffffff,26.24932023892689,40.00601135962326,0,False,True
8310e5fffffffff,27.3699895642121,39.8977577819668,0,False,True
8310e6fffffffff,25.75607749995426,41.0910707654996,0,False,True
8310e8fffffffff,29.78154819662479,41.82114518655034,0,False,False
8310e9fffffffff,30.912031750934407,41.72741760767597,0,False,False
8310eafffffffff,29.286266201277755,42.95322137451334,0,False,False
8310ebfffffffff,30.423641317258987,42.87153836232255,0,False,False
8310ecfffffffff,29.1368855266318,40.793083396617554,0,False,False
8310edfffffffff,30.262212080652475,40.68958891336498,0,False,False
8310eefffffffff,28.64922351417728,41.91292185053619,0,False,False
8310f0fffffffff,24.731798311281253,43.26341767414071,0,False,True
8310f1fffffffff,25.869349329797835,43.18824807892898,0,False,True
8310f2fffffffff,24.201503490193595,44.349145041986745,0,False,True
8310f3fffffffff,25.343510321348425,44.28512288856542,0,False,True
8310f4fffffffff,24.11935424056639,42.26168056843292,0,False,True
8310f5fffffffff,25.250121146358687,42.17713273275704,0,False,True
8310f6fffffffff,23.596459509505465,43.33708001923707,0,False,True
831100fffffffff,19.013099782052887,31.4304719821832,0,False,False
831101fffffffff,20.042452262675265,31.259589339418564,0,False,False
831102fffffffff,18.568327538980096,32.37508107115016,0,False,False
831103fffffffff,19.603544351797776,32.2118241297683,0,False,False
831104fffffffff,18.429077247839693,30.667238162932687,0,False,False
831105fffffffff,19.44795561506025,30.49190980125465,0,False,False
831106fffffffff,17.988404003960714,31.598467388791303,0,False,False
831108fffffffff,21.686601784607067,31.87668044180209,0,False,False
831109fffffffff,22.73305357900433,31.704646225607107,0,False,False
83110afffffffff,21.24978160513071,32.85065217252338,0,False,False
83110bfffffffff,22.303027374042426,32.68677579430272,0,False,False
83110cfffffffff,21.07579700389913,31.085747503498,0,False,False
83110dfffffffff,22.11245283696609,30.9088722215525,0,False,False
83110efffffffff,20.643197899293867,32.04571476928035,0,False,False
831110fffffffff,17.078698058961265,33.478053211702424,0,False,False
831111fffffffff,18.11380480329816,33.32527747768948,0,False,False
831112fffffffff,16.610069842622483,34.42549219000261,0,False,False
831113fffffffff,17.64972916331282,34.280583877287846,0,False,False
831114fffffffff,16.513854748509303,32.69331654838237,0,False,False
831115fffffffff,17.538215330083936,32.53555585633268,0,False,False
831118fffffffff,19.74643723988669,33.983044171838124,0,False,False
831119fffffffff,20.8021222999586,33.83027850317019,0,False,False
83111afffffffff,19.282616946988096,34.95939180995407,0,False,False
83111bfffffffff,20.343788458067845,34.81503138703721,0,False,False
83111cfffffffff,19.15447102770092,33.16983129332888,0,False,False
83111dfffffffff,20.200026745722376,33.011646373470704,0,False,False
83111efffffffff,18.695408539785813,34.1331232135557,0,False,False
83112bfffffffff,21.4977034273189,30.13222320717716,0,False,False
831131fffffffff,17.41505829489982,30.83965217736953,0,False,False
831133fffffffff,16.969010310102146,31.763645303735128,0,False,False
831140fffffffff,26.278121520644017,30.169466252404824,0,False,False
831141fffffffff,27.320711336064647,29.97622330176625,0,False,False
831142fffffffff,25.883488235900515,31.169757442962265,0,False,False
831143fffffffff,26.93488213549399,30.984923643890053,0,False,False
831144fffffffff,25.62621854863991,29.37459420317441,0,False,False
831145fffffffff,26.660325379933607,29.176743338668693,0,False,False
831146fffffffff,25.235277583261663,30.3592668828437,0,False,False
831148fffffffff,29.03510706829396,30.604924286869185,0,False,False
831149fffffffff,30.082463827645388,30.40957308781925,0,False,False
83114afffffffff,28.654596375431566,31.63858875734341,0,False,False
83114bfffffffff,29.7115372524302,31.452277669186085,0,False,True
83114cfffffffff,28.36232176579202,29.77944804489821,0,False,False
83114dfffffffff,29.402230239422376,29.57904750923842,0,False,False
83114efffffffff,27.985668176350583,30.796676346060345,0,False,False
831150fffffffff,24.41708543373066,32.350072598488005,0,False,False
831151fffffffff,25.476416543922607,32.1770873654853,0,False,False
831152fffffffff,23.9899055966268,33.355143981474534,0,False,False
831153fffffffff,25.05693196146801,33.19090161040689,0,False,False
831154fffffffff,23.78183747371625,31.529534732360663,0,False,False
831155fffffffff,24.83222706359664,31.35126601027006,0,False,False
831156fffffffff,23.35904060223532,32.51994189777462,0,False,False
831158fffffffff,27.193067735886824,32.85313963660922,0,False,False
831159fffffffff,28.26063793539787,32.67944979400565,0,False,False
83115afffffffff,26.77709490538065,33.8911914647676,0,False,False
83115bfffffffff,27.8532077070142,33.72688903311828,0,False,False
83115cfffffffff,26.536282172174868,32.00090291346662,0,False,False
83115dfffffffff,27.595927218968964,31.82143308997305,0,False,False
83115efffffffff,26.124908906155508,33.02359470966596,0,False,False
831163fffffffff,26.00506423739309,28.3977420278928,0,False,False
831168fffffffff,28.05423758719039,27.98279313226467,0,False,False
831169fffffffff,28.930808962633368,27.645576114695373,0,False,False
83116afffffffff,27.693806727036304,28.975342173113383,0,False,False
83116bfffffffff,28.725953349413057,28.770299393410063,0,False,False
83116cfffffffff,27.34767035615982,27.18474111898663,0,False,False
83116dfffffffff,28.21191836053104,26.83810062149748,0,False,False
83116efffffffff,27.03014137956707,28.19209210729701,0,False,False
831170fffffffff,23.558968475182905,29.75999612240532,0,False,False
831171fffffffff,24.59219665312384,29.56898322742191,0,False,False
831172fffffffff,23.15172435905464,30.72888685797582,0,False,False
831173fffffffff,24.19290456352521,30.54571230389826,0,False,False
831176fffffffff,22.5272383546228,29.94771594788897,0,False,False
831182fffffffff,15.195224947627889,39.115983933067625,0,False,False
831186fffffffff,14.64988729031862,38.254797634223856,0,False,False
831188fffffffff,18.40824617671326,38.79416540513853,0,False,False
831189fffffffff,19.492810517389792,38.68289457643449,0,False,False
83118afffffffff,17.900258633971983,39.79607302692808,0,False,False
83118bfffffffff,18.9882674467094,39.69404769745487,0,False,False
83118cfffffffff,17.83216537782417,37.9127284351703,0,False,False
83118dfffffffff,18.906918862097623,37.79451422591863,0,False,False
83118efffffffff,17.32998979176971,38.903401191642345,0,False,False
831191fffffffff,14.67977938094389,40.09110423608695,0,False,False
831195fffffffff,14.140052791087594,39.21943435493812,0,False,False
831198fffffffff,16.299710704009073,40.89060648351222,0,False,False
831199fffffffff,17.383335209947294,40.799630308315336,0,False,False
83119afffffffff,15.772426495701522,41.885951829279286,0,False,False
83119bfffffffff,16.857889034699575,41.80422442268067,0,False,True
83119cfffffffff,15.745321465255676,39.99455160848181,0,False,False
83119dfffffffff,16.819040373529813,39.89622413762391,0,False,False
83119efffffffff,15.224061330466007,40.97991991614978,0,False,False
8311a2fffffffff,14.606735480723293,36.4597217815924,0,False,False
8311a8fffffffff,17.748186654664128,36.07352559978432,0,False,False
8311a9fffffffff,18.80878787753806,35.940156171704565,0,False,False
8311aafffffffff,17.26054625482687,37.04957991708677,0,False,False
8311abfffffffff,18.325206815383464,36.92478896510568,0,False,False
8311acfffffffff,17.176330314621143,35.24050644497272,0,False,False
8311adfffffffff,18.22656617682265,35.101194941369336,0,False,False
8311b1fffffffff,14.109737260062689,37.41085962187735,0,False,False
831200fffffffff,29.07770649961069,-18.561717383391024,0,False,False
831201fffffffff,28.038474116402657,-18.279387375241303,0,False,False
831202fffffffff,29.31088593161458,-19.713835398973263,0,False,False
831203fffffffff,28.2820745337143,-19.427237454644025,0,False,False
831204fffffffff,29.86974622538992,-17.68046973379244,0,False,False
831206fffffffff,30.10560228337926,-18.846790932761568,0,False,False
83120afffffffff,26.44397296930905,-19.99180601778964,0,False,False
83120bfffffffff,25.394315796382045,-19.7091636111045,0,False,False
83120efffffffff,27.242337780004465,-19.14333051901508,0,False,False
831210fffffffff,30.537774524979465,-21.148739496513706,0,False,False
831211fffffffff,29.53119329238852,-20.85550759903406,0,False,False
831212fffffffff,31.230739541214813,-22.918741533233423,0,False,False
831213fffffffff,30.23351740328232,-22.627437391365667,0,False,False
831214fffffffff,31.33354288409081,-20.295199794669205,0,False,False
831215fffffffff,30.32821414390089,-20.00314824697924,0,False,False
831216fffffffff,32.02403884878059,-22.07041039477809,0,False,False
831218fffffffff,27.71283445500664,-21.40022199629356,0,False,False
831219fffffffff,26.68358047683504,-21.11125259130677,0,False,False
83121afffffffff,27.92979359134725,-22.512104812181207,0,False,False
83121bfffffffff,26.911239919607024,-22.219727218561896,0,False,False
83121cfffffffff,28.513004283857764,-20.564955970589423,0,False,False
83121dfffffffff,27.483739902695863,-20.277062770211863,0,False,False
83121efffffffff,28.731432120816788,-21.691791722816664,0,False,False
831222fffffffff,30.657296412885515,-16.783490238249176,0,False,False
831230fffffffff,31.91052757199376,-18.249911382098787,0,False,False
831231fffffffff,30.896266362548808,-17.963779772895766,0,False,False
831232fffffffff,32.1252601966746,-19.425272057895103,0,False,False
831233fffffffff,31.121619867387164,-19.134633887597968,0,False,False
831234fffffffff,32.69405020868527,-17.34895650117044,0,False,False
831235fffffffff,31.68198529171365,-17.064787862192247,0,False,False
831236fffffffff,32.912049051630625,-18.53889243676254,0,False,False
831252fffffffff,23.53793463694953,-20.2597442719008,0,False,False
831280fffffffff,38.07801737374723,-57.90088097481494,0,False,False
831281fffffffff,37.28011978678948,-57.14183006335056,0,False,False
831282fffffffff,54.76389936501739,-69.97463664789754,0,False,False
831283fffffffff,37.08908629365391,-58.29470951889692,0,False,False
831284fffffffff,39.07023205681948,-57.49433505642537,0,False,False
831285fffffffff,38.27363021703309,-56.72524058938652,0,False,False
831288fffffffff,35.478067875156746,-56.803706696271234,0,False,False
831289fffffffff,26.72120166179649,-26.23082600520705,0,False,False
83128afffffffff,35.304675768762166,-57.93688498489928,0,False,False
83128bfffffffff,34.49238336046151,-57.2044235226978,0,False,False
83128cfffffffff,36.46843638324745,-56.39049314584573,0,False,False
83128dfffffffff,27.524406868224485,-25.47299308711363,0,False,False
83128efffffffff,36.29022932045682,-57.54552785769911,0,False,False
831290fffffffff,54.2492649382985,-72.54716668399163,0,False,False
831291fffffffff,54.04156124833951,-70.93630221472095,0,False,False
831293fffffffff,53.32428209647792,-71.84942402075175,0,False,False
831294fffffffff,55.17444866073813,-73.28043596346507,0,False,False
831295fffffffff,54.98164899841451,-71.62929942919124,0,False,False
831298fffffffff,52.85738338290562,-68.70415579230624,0,False,False
831299fffffffff,52.58859550447568,-67.13216018789161,0,False,False
83129afffffffff,52.165507171372056,-69.65020497677634,0,False,False
83129bfffffffff,51.907918662707154,-68.11533059610012,0,False,False
83129cfffffffff,53.809665890344725,-69.32318169397773,0,False,False
83129efffffffff,53.102549204481406,-70.27736704871461,0,False,False
8312a0fffffffff,40.2685195949164,-55.85102921990439,0,False,False
8312a1fffffffff,39.460304662797,-55.070235577712,0,False,False
8312a2fffffffff,40.06499548226154,-57.07448864900162,0,False,False
8312a3fffffffff,39.27001854281927,-56.29517812351004,0,False,False
8312a4fffffffff,41.26834727460866,-55.39214636366869,0,False,False
8312a5fffffffff,40.4619408844444,-54.60124456366585,0,False,False
8312a6fffffffff,41.0615516151727,-56.64072557472304,0,False,False
8312a8fffffffff,37.636305098347705,-54.76214496261038,0,False,False
8312a9fffffffff,28.637903687487217,-24.272240916051107,0,False,False
8312aafffffffff,29.313852077818883,-25.0002180722446,0,False,False
8312abfffffffff,28.32814093283175,-24.699468731017827,0,False,False
8312acfffffffff,29.93401299169405,-23.104555018813468,0,False,False
8312adfffffffff,29.436538930325224,-23.4580517712108,0,False,False
8312aefffffffff,30.11701009085441,-24.210575699265007,0,False,False
8312b0fffffffff,56.86122806713061,-73.12766955230649,0,False,False
8312b2fffffffff,56.09886446026811,-74.0517564847695,0,False,False
8312b3fffffffff,55.9218691570905,-72.35885049769267,0,False,False
8312b4fffffffff,57.79868008091177,-73.93871410430694,0,False,False
8312b6fffffffff,57.02149298209479,-74.86386642200706,0,False,False
8312c0fffffffff,23.988176724581592,-24.98542901662524,0,False,False
8312c1fffffffff,22.95386634494953,-24.701426852594345,0,False,False
8312c2fffffffff,23.70721423873801,-25.342752723065026,0,False,False
8312c3fffffffff,23.19508742860689,-25.75059246435857,0,False,False
8312c4fffffffff,24.78336594171332,-24.20491985775216,0,False,False
8312c5fffffffff,23.245487803373106,-23.23237426895219,0,False,False
8312c6fffffffff,25.014213041948345,-25.27185016869355,0,False,False
8312c8fffffffff,20.61737469450057,-24.47534005694093,0,False,False
8312c9fffffffff,19.57359336975457,-24.19073754473061,0,False,False
8312cafffffffff,21.37649172257564,-26.21598451091574,0,False,False
8312cbfffffffff,20.34144834484916,-25.93366297495313,0,False,False
8312ccfffffffff,21.40822290767618,-23.71809979711548,0,False,False
8312cdfffffffff,20.36078215806,-23.433805724973887,0,False,False
8312cefffffffff,22.163542055527486,-25.46620304253275,0,False,False
8312d0fffffffff,32.83125280469971,-55.76111269058288,0,False,False
8312d1fffffffff,23.92238508593851,-26.379193845145245,0,False,False
8312d3fffffffff,31.852889552637823,-56.16730593658725,0,False,False
8312d4fffffffff,33.81569790937287,-55.34268149590076,0,False,False
8312d5fffffffff,24.72111716548093,-25.636465943555955,0,False,False
8312d6fffffffff,33.66774087005956,-56.47912460462053,0,False,False
8312d8fffffffff,22.63597747897253,-27.522540356771547,0,False,False
8312d9fffffffff,21.64926253333181,-27.25173982114476,0,False,False
8312dbfffffffff,22.0080864664398,-28.337055634162663,0,False,False
8312dcfffffffff,22.91073570921919,-26.08557038023159,0,False,False
8312ddfffffffff,22.404841036192693,-26.50059339922736,0,False,False
8312defffffffff,23.12652177627944,-27.10697270943056,0,False,False
8312e0fffffffff,24.844048560073688,-21.64257641057853,0,False,False
8312e1fffffffff,23.796645046086493,-21.35776633072565,0,False,False
8312e2fffffffff,25.08121776470229,-22.73308250995427,0,False,False
8312e3fffffffff,24.04418737140924,-22.445041211418275,0,False,False
8312e4fffffffff,25.6442566834299,-20.824863381827345,0,False,False
8312e5fffffffff,24.59548765677039,-20.54103408388048,0,False,False
8312e6fffffffff,25.882458643501533,-21.929890530663503,0,False,False
8312e8fffffffff,21.94519486610676,-21.8762826457938,0,False,False
8312e9fffffffff,20.884619872726912,-21.5955311149178,0,False,False
8312eafffffffff,22.2022204053438,-22.94618289647186,0,False,False
8312ebfffffffff,21.15156059418865,-22.66236521451673,0,False,False
8312ecfffffffff,22.74091848262548,-21.075441590044484,0,False,False
8312eefffffffff,22.998620426942782,-22.159446936308584,0,False,False
8312f0fffffffff,26.82982535812678,-24.77924462941468,0,False,False
8312f1fffffffff,25.811269872061303,-24.490834549556368,0,False,False
8312f2fffffffff,26.528226075297724,-25.174595235719018,0,False,False
8312f3fffffffff,26.031348015444603,-25.56070684729304,0,False,False
8312f4fffffffff,27.62873619736478,-23.98189200933782,0,False,False
8312f5fffffffff,26.109066948183795,-23.02358766919872,0,False,False
8312f6fffffffff,27.83844788961691,-25.07016810102165,0,False,False
831310fffffffff,35.99236808741264,-14.828645171843208,0,False,False
831311fffffffff,35.00346048647313,-14.54893717500007,0,False,False
831312fffffffff,36.6733540245472,-16.622435606347143,0,False,False
831313fffffffff,35.23405715606573,-15.780853920686374,0,False,False
831314fffffffff,36.74140638564173,-13.860148817954707,0,False,False
831316fffffffff,36.96690877833917,-15.111425248683394,0,False,False
831318fffffffff,33.23501143465974,-15.218962534520204,0,False,False
83131afffffffff,33.471300620930826,-16.43177622036,0,False,False
83131bfffffffff,32.46186439956632,-16.149832096489064,0,False,False
83131efffffffff,34.24139568309851,-15.498411021221376,0,False,False
831332fffffffff,37.48034014988063,-12.875510960837058,0,False,False
831336fffffffff,38.20835913328291,-11.87492072900862,0,False,False
831380fffffffff,45.04996573727994,-54.7529059328757,0,False,False
831381fffffffff,35.05756814986022,-20.314214775016165,0,False,False
831382fffffffff,36.16505919714599,-21.79736167007551,0,False,False
831383fffffffff,44.05414457557674,-55.24923409506576,0,False,False
831384fffffffff,46.04356103370607,-54.23900713342774,0,False,False
831385fffffffff,35.8360174637891,-19.42321058890913,0,False,False
831386fffffffff,45.815081887534056,-55.59644593291128,0,False,False
831388fffffffff,33.3063467074832,-20.88761357144388,0,False,False
831389fffffffff,32.8135340698185,-21.205157506685627,0,False,False
83138afffffffff,42.26869685656998,-54.91784593182186,0,False,False
83138bfffffffff,32.51418936650525,-21.74333065981494,0,False,False
83138cfffffffff,43.468478281876685,-53.09806413773704,0,False,False
83138dfffffffff,33.59835336203565,-20.32287800838945,0,False,False
83138efffffffff,34.27299912507918,-21.188022734837176,0,False,False
831390fffffffff,60.671876364194254,-78.58346633115801,0,False,False
831394fffffffff,61.56837443596197,-79.6493655238106,0,False,False
831398fffffffff,42.83392691788603,-57.00183796601322,0,False,False
831399fffffffff,42.05912541419119,-56.19239451327341,0,False,False
83139bfffffffff,41.83903713200933,-57.43917266666348,0,False,False
83139cfffffffff,43.82875943596344,-56.54943456499531,0,False,False
83139dfffffffff,34.43881258458114,-22.348900715426936,0,False,False
8313a0fffffffff,37.84104895994053,-18.143825951132072,0,False,False
8313a1fffffffff,36.88575408183854,-17.856994158734025,0,False,False
8313a2fffffffff,37.55038863046184,-18.81391510310421,0,False,False
8313a3fffffffff,37.08283306939969,-19.082249884157417,0,False,False
8313a4fffffffff,38.59038014596125,-17.187670453829526,0,False,False
8313a5fffffffff,37.6392236823367,-16.90347682992842,0,False,False
8313a6fffffffff,38.781607025069086,-18.43380073639565,0,False,False
8313a8fffffffff,35.150457515308915,-18.50696295809133,0,False,False
8313a9fffffffff,34.16329670948173,-18.223869700596737,0,False,False
8313aafffffffff,35.35405671767953,-19.71171697420764,0,False,False
8313abfffffffff,34.37762025741286,-19.4234951676958,0,False,False
8313acfffffffff,35.915991068254954,-17.573268680432065,0,False,False
8313adfffffffff,34.93207048578227,-17.292613018141225,0,False,False
8313aefffffffff,36.12374673920975,-18.793078302016703,0,False,False
8313b0fffffffff,47.54856630147096,-55.96061509702234,0,False,False
8313b1fffffffff,46.80496326226289,-55.09426088073127,0,False,False
8313b2fffffffff,62.40859386106841,-80.80360200426246,0,False,False
8313b3fffffffff,46.56275484864017,-56.45051915496966,0,False,False
8313b4fffffffff,48.45779952019226,-55.70387538680735,0,False,False
8313b5fffffffff,47.79157494799677,-54.57380168738726,0,False,False
831409fffffffff,68.61276328066482,44.41854295278837,0,False,False
83140afffffffff,68.76608566188628,49.42170601411604,0,False,False
83140bfffffffff,69.2553033541396,46.73326487413843,0,False,False
831410fffffffff,60.79154212712865,124.01784951408622,0,False,False
831411fffffffff,61.46692512674807,125.65075588310822,0,False,False
831412fffffffff,59.83073212245769,124.54318477678112,0,False,False
831413fffffffff,60.48982522456236,126.12928288260858,0,False,False
831414fffffffff,61.060225826485535,121.86233550113673,0,False,False
831415fffffffff,61.76395230119085,123.45178059871384,0,False,False
831416fffffffff,60.10515615931087,122.4707101858562,0,False,False
831418fffffffff,61.76780631031848,129.55568118189044,0,False,False
831419fffffffff,69.33159710296852,51.82807477975393,0,False,False
83141afffffffff,60.77386671733854,129.89207889021554,0,False,False
83141bfffffffff,61.37466283087277,131.6753724711281,0,False,False
83141cfffffffff,67.68435988856527,54.37262980687369,0,False,False
83141dfffffffff,68.24103931705066,51.96756643315894,0,False,False
83141efffffffff,61.13630549532765,127.7988804355162,0,False,False
831432fffffffff,61.29447039875151,119.6676250384297,0,False,False
831440fffffffff,68.91264134202966,33.51364014743076,0,False,False
831441fffffffff,69.1382256098446,30.427730366154705,0,False,False
831442fffffffff,69.70634338521188,35.606442929210324,0,False,False
831443fffffffff,69.96958393992914,32.448766569886544,0,False,False
831444fffffffff,67.84378989975504,34.48609666507046,0,False,False
831445fffffffff,68.08591394294012,31.54734578426671,0,False,False
831446fffffffff,68.63415077311657,36.513424877540245,0,False,False
831448fffffffff,70.32394058392241,25.88644924472832,0,False,False
831449fffffffff,70.4100591416011,22.52014090545438,0,False,False
83144afffffffff,71.19850746336066,27.85832696677005,0,False,False
83144bfffffffff,71.32103438932556,24.370177270871256,0,False,False
83144cfffffffff,69.3081008898807,27.270522376240123,0,False,False
83144dfffffffff,69.41997850628685,24.0592497265754,0,False,False
83144efffffffff,70.17638530484278,29.202821197391163,0,False,False
831450fffffffff,70.10889029819057,40.93353306192392,0,False,False
831451fffffffff,70.464550839547,37.83222063831033,0,False,False
831452fffffffff,70.78853979449156,43.33417276939791,0,False,False
831453fffffffff,71.18472426270264,40.196678482868606,0,False,False
831454fffffffff,69.02413502421172,41.601205061572834,0,False,False
831455fffffffff,69.38996852203304,38.6610870989026,0,False,False
831456fffffffff,69.70436476202826,43.90276098704869,0,False,False
831458fffffffff,71.81516320075691,33.50802904020531,0,False,False
831459fffffffff,72.0410147276189,29.987507635544507,0,False,False
83145afffffffff,72.5801195644036,35.90163561333082,0,False,False
83145bfffffffff,72.84860232551341,32.286961760732204,0,False,False
83145cfffffffff,70.76719111044531,34.60914187940508,0,False,False
83145dfffffffff,71.0129696429658,31.278496919113035,0,False,False
83145efffffffff,71.52839967072518,36.91696932340598,0,False,False
831460fffffffff,65.94570618316494,33.51803158906713,0,False,False
831461fffffffff,66.16862589268536,30.771294675857263,0,False,False
831462fffffffff,66.76457053666927,35.37717266919147,0,False,False
831463fffffffff,67.02119634179188,32.57392998763027,0,False,False
831464fffffffff,64.86098489895998,34.38875135099382,0,False,False
831465fffffffff,65.09758947966348,31.759398448416547,0,False,False
831466fffffffff,65.67643865606256,36.19629170269424,0,False,False
831468fffffffff,67.38427139389489,26.76962513966225,0,False,False
831469fffffffff,67.4864426318659,23.794808968263155,0,False,False
83146afffffffff,68.27564909633355,28.537540771960906,0,False,False
83146bfffffffff,68.41065495048674,25.47120726137971,0,False,False
83146cfffffffff,66.3428487883703,27.966483276517245,0,False,False
83146dfffffffff,66.46639689196856,25.11554835463965,0,False,False
83146efffffffff,67.22854914877516,29.700655881813244,0,False,False
831470fffffffff,67.21378834677854,40.1033059607268,0,False,False
831471fffffffff,67.55204651596027,37.341426923800405,0,False,False
831472fffffffff,67.93159177002616,42.208842468282896,0,False,False
831473fffffffff,68.30596471321837,39.41494481533421,0,False,False
831474fffffffff,66.11463996146391,40.7341756396211,0,False,False
831475fffffffff,66.4613879228791,38.1000301296374,0,False,False
831480fffffffff,56.71159130931367,127.73281733348384,0,False,False
831481fffffffff,57.29954581929214,129.2154978647593,0,False,False
831482fffffffff,55.8014236950436,128.07053889205497,0,False,False
831483fffffffff,56.37556998473658,129.51241103610164,0,False,False
831484fffffffff,57.02320167235884,125.91382248706611,0,False,False
831485fffffffff,57.635822661807445,127.37234822469406,0,False,False
831486fffffffff,56.113718951981134,126.3128798473982,0,False,False
831488fffffffff,57.4890938329245,132.5796750904589,0,False,False
83148cfffffffff,57.87579175155255,130.76305261466027,0,False,False
83148dfffffffff,58.43843651345912,132.37742429274047,0,False,False
83148efffffffff,56.9387155405662,131.01488875755268,0,False,False
831490fffffffff,54.3361317796908,127.03953959612554,0,False,False
831491fffffffff,54.90554426211092,128.38757887786315,0,False,False
831492fffffffff,53.46844600589585,127.37123133409987,0,False,False
831493fffffffff,54.024128464687394,128.6857628617589,0,False,False
831494fffffffff,54.62672987897696,125.36098384168204,0,False,False
831495fffffffff,55.217950800432895,126.68739656171012,0,False,False
831496fffffffff,53.759431228980255,125.74480551971244,0,False,False
83149cfffffffff,55.4661893978593,129.79069714531897,0,False,False
83149dfffffffff,56.016500774647824,131.25055155035173,0,False,False
83149efffffffff,54.57157178656164,130.05204377413074,0,False,False
8314a0fffffffff,58.229047079066085,123.5645709408532,0,False,False
8314a1fffffffff,58.88209147795381,125.03195086927914,0,False,False
8314a2fffffffff,57.30910541354199,124.05788721685605,0,False,False
8314a3fffffffff,57.94610922321878,125.48777351848148,0,False,False
8314a4fffffffff,58.48337580865352,121.60600050326732,0,False,False
8314a5fffffffff,59.16123307645594,123.03673053446228,0,False,False
8314a6fffffffff,57.56809169893548,122.16788230170366,0,False,False
8314a8fffffffff,59.19037171560297,128.55785147433414,0,False,False
8314a9fffffffff,59.79365006569317,130.20375798293452,0,False,False
8314aafffffffff,58.23790183807704,128.89804035021214,0,False,False
8314abfffffffff,58.82752205409287,130.49332982998175,0,False,False
8314acfffffffff,59.52530726176632,126.57345115253965,0,False,False
8314adfffffffff,60.15663360961059,128.19242586896783,0,False,False
8314aefffffffff,58.57383995587633,126.98678484867357,0,False,False
8314b0fffffffff,55.773421643691904,123.18790493918355,0,False,False
8314b1fffffffff,56.40183999543588,124.5198927704694,0,False,False
8314b2fffffffff,54.89485675017205,123.65209661558386,0,False,False
8314b3fffffffff,55.50761436748806,124.95342208675862,0,False,False
8314b4fffffffff,56.01433699492241,121.3934160805364,0,False,False
8314b5fffffffff,56.66462514507048,122.69411460537133,0,False,False
8314b6fffffffff,55.13951419221377,121.9151671702514,0,False,False
8314c4fffffffff,61.01927198353669,137.61021059792358,0,False,False
8314c5fffffffff,61.51417226982346,139.5798646035342,0,False,False
8314d1fffffffff,58.55266522493819,139.4450103035175,0,False,False
8314d2fffffffff,57.13128055743935,137.7051642360225,0,False,False
8314d3fffffffff,57.59599066504929,139.40622478622834,0,False,False
8314e0fffffffff,70.94237370951524,48.85560683856581,0,False,False
8314e1fffffffff,71.4265444133268,45.86501148918332,0,False,False
8314e2fffffffff,61.50158201276177,135.6144555041133,0,False,False
8314e3fffffffff,62.02891322588255,137.58165802382996,0,False,False
8314e4fffffffff,69.85727564825751,49.15257980582384,0,False,False
8314e5fffffffff,70.34448324210402,46.32095444960046,0,False,False
8314e6fffffffff,61.95654482471158,133.5449185901187,0,False,False
8314ecfffffffff,71.86427331963087,42.70436263423285,0,False,False
8314edfffffffff,72.25045645053456,39.37958750318271,0,False,False
8314eefffffffff,62.53102414379401,139.63225772126438,0,False,False
8314f0fffffffff,59.96115927059662,133.90132141702864,0,False,False
8314f1fffffffff,60.50080522066277,135.71754154988176,0,False,False
8314f2fffffffff,58.98549121298527,134.0603022838926,0,False,False
8314f3fffffffff,59.51487893964122,135.81304938051537,0,False,False
8314f4fffffffff,60.38149525466561,131.92706580241816,0,False,False
8314f5fffffffff,60.95160850854487,133.73002217069495,0,False,False
8314f6fffffffff,59.40265342477654,132.16044230054422,0,False,False
831540fffffffff,61.26169574580056,38.89900920883401,0,False,False
831541fffffffff,61.56577425589151,36.634353296763706,0,False,False
831542fffffffff,62.03847183945017,40.58656058203908,0,False,False
831543fffffffff,62.37215031517059,38.29727419462734,0,False,False
831544fffffffff,60.14875897201564,39.45961198995516,0,False,False
831545fffffffff,60.45817926533608,37.28069291037929,0,False,False
831546fffffffff,60.923634514955616,41.099278142670805,0,False,False
831548fffffffff,62.92855488941315,33.52156205302618,0,False,False
831549fffffffff,63.14664979223482,31.046867544709816,0,False,False
83154afffffffff,63.768497765874606,35.19396565400135,0,False,False
83154bfffffffff,64.01705451626678,32.673631601188866,0,False,False
83154cfffffffff,61.83355505961632,34.30981598067585,0,False,False
83154dfffffffff,62.06286943693892,31.93092897843617,0,False,False
83154efffffffff,62.66964575751645,35.940513574027094,0,False,False
831551fffffffff,62.78683768795911,42.34476734527002,0,False,False
831555fffffffff,61.671138105250805,42.80424538784309,0,False,False
831558fffffffff,64.25954806027465,39.44040438187407,0,False,False
831559fffffffff,64.58078032846515,36.9515338439565,0,False,False
83155afffffffff,65.00968206250049,41.31433208137805,0,False,False
83155bfffffffff,65.36347222692751,38.79737301468364,0,False,False
83155cfffffffff,63.15082355533695,40.0350867163465,0,False,False
83155dfffffffff,63.47892423938468,37.6498562942475,0,False,False
83155efffffffff,63.90004622114808,41.849548106051294,0,False,False
831560fffffffff,58.23677981794554,38.44859292116143,0,False,False
831561fffffffff,58.523318726028336,36.37129461595742,0,False,False
831562fffffffff,59.03450208887895,39.98306346598248,0,False,False
831563fffffffff,59.34811164982598,37.88409989211455,0,False,False
831568fffffffff,59.8769719394662,33.5244621365237,0,False,False
831569fffffffff,60.08828774921943,31.27280521375681,0,False,False
83156afffffffff,60.73345848535511,35.04420994615506,0,False,False
83156bfffffffff,60.97249230073387,32.75492313059145,0,False,False
83156cfffffffff,58.77770258873935,34.24451943197075,0,False,False
83156dfffffffff,58.998081494089135,32.0725373317956,0,False,False
83156efffffffff,59.629613731942,35.729863435930724,0,False,False
831570fffffffff,59.436480783894496,43.63022121748166,0,False,False
831571fffffffff,59.80742358691831,41.57711214493703,0,False,False
831573fffffffff,60.55400676804536,43.231663559887465,0,False,False
831575fffffffff,58.69092220416229,42.02344531612148,0,False,False
831584fffffffff,58.42494665219165,112.33408340739896,0,False,False
831585fffffffff,59.19388231490428,113.49838426542428,0,False,False
831589fffffffff,60.3472206205187,120.36027886209529,0,False,False
83158cfffffffff,59.81159502759856,116.8484008359609,0,False,False
83158dfffffffff,60.55572248716805,118.21670955327043,0,False,False
831590fffffffff,55.86654199826067,114.74233610955169,0,False,False
831591fffffffff,56.57882507826945,115.86639294746772,0,False,False
831592fffffffff,55.02975771187297,115.45404660469669,0,False,False
831593fffffffff,55.72396327957625,116.56315206759676,0,False,False
831594fffffffff,55.98209205253152,112.90878431165577,0,False,False
831596fffffffff,55.155187622970665,113.6748483509844,0,False,False
831598fffffffff,57.1100015662417,118.95611505104311,0,False,False
831599fffffffff,57.79905189250889,120.2470804292716,0,False,False
83159afffffffff,56.22941623354016,119.57283816094004,0,False,False
83159bfffffffff,56.90100178044196,120.83844146020289,0,False,False
83159cfffffffff,57.290774907763634,117.05070015484024,0,False,False
83159efffffffff,56.41781981246924,117.72934825263664,0,False,False
8315a2fffffffff,58.50383111285698,110.32055563770555,0,False,False
8315aafffffffff,59.9626499818992,114.73365944134429,0,False,False
8315b5fffffffff,57.719459969142285,109.27875089975012,0,False,False
831700fffffffff,68.70775019665402,-3.423837271030053,0,False,False
831701fffffffff,68.11158037175235,-6.084826748739467,0,False,False
831702fffffffff,69.82363877249146,-3.3863243942745505,0,False,False
831703fffffffff,69.22948973685753,-6.173089806404088,0,False,False
831704fffffffff,68.13852873196059,-0.7835314360573495,0,False,False
831705fffffffff,67.58243569273233,-3.4580516765096494,0,False,False
831706fffffffff,69.25986539227564,-0.6224476383493205,0,False,False
83170cfffffffff,67.47538460246336,-8.605091653715505,0,False,False
83170efffffffff,68.59309892831291,-8.805399625738652,0,False,False
831710fffffffff,71.4718449023424,-0.2500781467349025,0,False,False
831711fffffffff,70.9293825576908,-3.345011938710085,0,False,False
831712fffffffff,72.56108059600423,-0.0333013025890528,0,False,False
831713fffffffff,72.02430561421929,-3.29929188609912,0,False,False
831714fffffffff,70.43326510905212,19.126369273272672,0,False,False
831715fffffffff,70.37121184652183,-0.4454549623139627,0,False,False
831716fffffffff,71.37851960394532,20.838446573934004,0,False,False
83171cfffffffff,70.33763496187828,-6.270031361129144,0,False,False
831720fffffffff,66.39065897686244,1.4933389572987292,0,False,False
831721fffffffff,65.86896913381628,-1.0658366846484637,0,False,False
831722fffffffff,67.52449804221472,1.7436438479869143,0,False,False
831723fffffffff,67.00796364094275,-0.9307568060826886,0,False,False
831724fffffffff,65.73315430060215,3.8122868723407937,0,False,False
831725fffffffff,65.24853083300475,1.2631963295631876,0,False,False
831726fffffffff,66.86847552812944,4.155609716401182,0,False,False
83172afffffffff,66.98464718513905,-6.004127098435669,0,False,False
83172efffffffff,66.44845514444737,-3.4893843151881065,0,False,False
831730fffffffff,68.50976343818104,19.23575331671649,0,False,False
831731fffffffff,68.64919559446045,2.0168709857502907,0,False,False
831732fffffffff,69.47217672140587,20.813084206806447,0,False,False
831733fffffffff,69.46369230385298,17.552501519274948,0,False,False
831734fffffffff,67.53364757328195,20.79153392105115,0,False,False
831735fffffffff,67.99466163187422,4.5294260192839895,0,False,False
831736fffffffff,68.48910618513995,22.36470348979405,0,False,False
8317a4fffffffff,72.20253247680986,26.37755892249282,0,False,False
8317a5fffffffff,72.2970403870325,22.70427718847693,0,False,False
831d25fffffffff,57.94126266950511,-75.71973551588383,0,False,False
831e08fffffffff,5.452079128785694,34.15341513456254,0,False,False
831e09fffffffff,5.966938322706253,35.14472196410116,0,False,False
831e0bfffffffff,4.899067512497461,35.069803402862696,0,False,False
831e0efffffffff,4.935990376467668,33.16455515339783,0,False,False
831e13fffffffff,1.7420736165002877,31.01799261221598,0,False,False
831e1afffffffff,1.6869018458987124,32.91655036619708,0,False,False
831e42fffffffff,7.498695010664798,38.12742986882181,0,False,False
831e43fffffffff,8.003227522331333,39.12260552520405,0,False,False
831e48fffffffff,9.000130256093993,41.110769080435176,0,False,False
831e49fffffffff,9.491527514857758,42.10256456741517,0,False,False
831e4afffffffff,7.957988289719107,41.05848202895315,0,False,False
831e4bfffffffff,8.455222933727383,42.054154203782616,0,False,False
831e4efffffffff,8.50387110593203,40.1172513421361,0,False,False
831e51fffffffff,6.441599982241314,38.06365062749882,0,False,False
831e52fffffffff,4.856237250147605,36.996730491004,0,False,False
831e55fffffffff,6.990784732424021,37.132324526914445,0,False,False
831e56fffffffff,5.415255152302913,36.06663346469782,0,False,False
831e58fffffffff,6.395570119589387,40.00452784038273,0,False,False
831e59fffffffff,6.902395509446908,41.00579069563096,0,False,False
831e5cfffffffff,6.95067265049577,39.0626269768104,0,False,False
831e5dfffffffff,7.456306248241171,40.06110586631986,0,False,False
831e5efffffffff,5.885247429389418,39.00218830535281,0,False,False
831ec0fffffffff,0.9793420436997272,37.73734110039389,0,False,False
831ec1fffffffff,1.505868150614762,38.75572766211531,0,False,False
831ec2fffffffff,-0.1440613411298187,37.6705573805862,0,False,False
831ec3fffffffff,0.3847647683435288,38.69290915229111,0,False,False
831ec5fffffffff,2.0933417325881765,37.80360995647877,0,False,False
831ec6fffffffff,0.4525067065377174,36.71927453326964,0,False,False
831ec8fffffffff,1.4408167362261413,40.73610576470792,0,False,False
831ec9fffffffff,-15.8688704084096,36.59554953429176,0,False,False
831ecbfffffffff,-16.30107937510276,35.517545036675685,0,False,False
831eccfffffffff,2.031498021348553,39.77379101071063,0,False,False
831ecdfffffffff,2.555648809528769,40.79088916200432,0,False,False
831ecefffffffff,0.9132551504551282,39.714975165557696,0,False,False
831edcfffffffff,-0.7454219987951486,38.62959828001173,0,False,False
831eddfffffffff,-0.2144956573300757,39.655696215175496,0,False,False
831ee1fffffffff,3.771210814030394,36.928158641163016,0,False,False
831ee5fffffffff,4.3386414422850725,35.994839864905266,0,False,False
831ee8fffffffff,3.7178974271155023,38.87990980120939,0,False,False
831ee9fffffffff,4.236606414620284,39.89005444018494,0,False,False
831eeafffffffff,2.617145659619392,38.8180593815408,0,False,False
831eebfffffffff,3.139508599441451,39.83214903388097,0,False,False
831eeefffffffff,3.1972197458479816,37.86936970465967,0,False,False
831ef1fffffffff,1.0437244611206138,35.77617385473363,0,False,False
832000fffffffff,27.46032521419408,59.99697134853399,0,False,False
832001fffffffff,28.63835387737913,60.09972324732053,0,False,False
832002fffffffff,26.78893253821296,61.08934407854069,0,False,False
832003fffffffff,27.96605305750929,61.20315533176282,0,False,False
832004fffffffff,26.94430306796601,58.80191363771941,0,False,False
832005fffffffff,28.12309225774361,58.89129937979138,0,False,False
832006fffffffff,26.28222274579727,59.89639241667495,0,False,False
83200afffffffff,29.6350292253044,62.54944973870559,0,False,False
83200cfffffffff,29.81530233569644,60.20471861823841,0,False,False
83200efffffffff,29.14257769944213,61.31942717194581,0,False,False
832011fffffffff,26.10984072416191,62.1678766325102,0,False,False
832015fffffffff,25.61222322390129,60.97791699265242,0,False,False
832018fffffffff,27.77077526465484,63.504542462346585,0,False,False
832019fffffffff,28.94371454795955,63.645141121623936,0,False,False
83201afffffffff,27.073627892086783,64.57398640210187,0,False,False
83201bfffffffff,28.24453885205792,64.72485196294566,0,False,False
83201cfffffffff,27.285351365215067,62.29237578680912,0,False,False
83201dfffffffff,28.46074943145153,62.419538454097605,0,False,False
83201efffffffff,26.597199285745667,63.36688566215302,0,False,False
832020fffffffff,27.062567551437784,56.51184581040393,0,False,False
832021fffffffff,28.241125468677755,56.57645773450682,0,False,False
832022fffffffff,26.418756021693547,57.6188536439136,0,False,False
832023fffffffff,27.597563213352267,57.695059206093525,0,False,False
832024fffffffff,26.5189308623792,55.3424396354941,0,False,False
832025fffffffff,27.696545666970323,55.39405034729928,0,False,False
832026fffffffff,25.88448032076554,56.44860454052246,0,False,False
832028fffffffff,29.954046570394127,57.85249619008819,0,False,False
83202afffffffff,29.301321279067253,58.9826337113531,0,False,False
83202cfffffffff,29.41915277957642,56.64248519132922,0,False,False
83202dfffffffff,30.595650689176416,56.70997503251022,0,False,False
83202efffffffff,28.776327888257217,57.77292193738865,0,False,False
832031fffffffff,25.76595969717944,58.71441520601043,0,False,False
832035fffffffff,25.24090973083488,57.54425316430497,0,False,False
832042fffffffff,38.96357753879869,65.09337409933286,0,False,False
832043fffffffff,40.12057723610355,65.12980684860226,0,False,False
832046fffffffff,38.40200422644288,63.78008667334396,0,False,False
83205cfffffffff,39.50840206412884,66.42288119835791,0,False,False
83205dfffffffff,40.66096055089434,66.47804596018929,0,False,False
832075fffffffff,37.23208914288793,61.20630710626738,0,False,False
832089fffffffff,33.764036080696066,74.79963565743698,0,False,False
832090fffffffff,-41.68187506526097,71.12371701308733,0,False,False
832096fffffffff,-41.21627136119471,69.72151750954784,0,False,False
8320c1fffffffff,38.56428256286902,77.74631503617385,0,False,False
8320c2fffffffff,36.56256566906424,77.38171779570112,0,False,False
8320c3fffffffff,37.47908255619716,78.2801040871772,0,False,False
8320c8fffffffff,39.281166746972886,80.13444319859735,0,False,False
8320c9fffffffff,40.164655479965305,81.09062599899679,0,False,False
8320cafffffffff,38.19061664887406,80.6313878791239,0,False,False
8320ccfffffffff,39.47406681285636,78.6733671108995,0,False,False
8320cefffffffff,38.38563374336167,79.19763496034565,0,False,False
8320d4fffffffff,34.70394672716779,75.64169026836308,0,False,False
8320d5fffffffff,35.637156993976255,76.50231113222223,0,False,False
8320d6fffffffff,33.63450083292784,76.18272387625403,0,False,False
8320d9fffffffff,37.10160961608501,81.11210149924239,0,False,False
8320ddfffffffff,37.29808250849005,79.7048947326892,0,False,False
8320e0fffffffff,30.58188724884033,65.03633768610653,0,False,False
8320e1fffffffff,31.746341474196527,65.1971655682503,0,False,False
8320e2fffffffff,29.871867201739544,66.11984820203698,0,False,False
8320e3fffffffff,31.03504845275585,66.29102583357127,0,False,False
8320e4fffffffff,30.115014974007483,63.78877521522118,0,False,False
8320e5fffffffff,31.283681784358,63.935542250161134,0,False,False
8320e6fffffffff,29.414290807376364,64.87893514277913,0,False,False
8320e8fffffffff,33.34952268208988,66.64463801578285,0,False,False
8320ebfffffffff,33.776751900954544,67.93363357108969,0,False,False
8320ecfffffffff,32.906681432053496,65.36152921153884,0,False,False
8320eefffffffff,32.19458688131588,66.46591618940839,0,False,False
8320f2fffffffff,34.8303124993645,74.2352912813093,0,False,False
8320f3fffffffff,35.775833248682936,75.08391740912835,0,False,False
8320f5fffffffff,28.70601978929988,65.95226927193694,0,False,False
832100fffffffff,23.67664216980273,51.90984987777999,0,False,False
832101fffffffff,24.84468080198974,51.9239039712943,0,False,False
832102fffffffff,23.06886833474632,52.99657412312957,0,False,False
832104fffffffff,23.11121457342994,50.813712162912864,0,False,False
832105fffffffff,24.275029187743566,50.816241999123065,0,False,False
832106fffffffff,22.51200323839796,51.89608470226002,0,False,False
832108fffffffff,26.582686823227856,53.074308508692695,0,False,False
832109fffffffff,27.757229419983112,53.10133836484442,0,False,False
83210afffffffff,25.96749774366063,54.187557065557016,0,False,False
83210bfffffffff,27.14344258607553,54.22644229150204,0,False,False
83210cfffffffff,26.01515951843561,51.938256173702136,0,False,False
83210dfffffffff,27.187106545974885,51.95291606983869,0,False,False
83210efffffffff,25.40912598548016,53.047849655455536,0,False,False
832110fffffffff,21.288240282068006,54.03994155511032,0,False,False
832111fffffffff,22.45243785066983,54.0757055208451,0,False,False
832112fffffffff,20.66517686219198,55.10007991273216,0,False,False
832113fffffffff,21.82810997998618,55.14656625171765,0,False,False
832114fffffffff,20.74416670074303,52.94737726891528,0,False,False
832115fffffffff,21.904101424786862,52.97172383762291,0,False,False
832116fffffffff,20.12935767453558,54.004899243391016,0,False,False
832119fffffffff,25.34229349060354,55.29191929100411,0,False,False
83211bfffffffff,24.707862488624485,56.38669091708008,0,False,False
83211dfffffffff,24.79302868989513,54.149489340191685,0,False,False
832120fffffffff,23.123551142392884,48.65154026349324,0,False,False
832121fffffffff,24.280796169387823,48.63165561264774,0,False,False
832122fffffffff,22.542086645466124,49.73397463208588,0,False,False
832123fffffffff,23.701034472804448,49.72532207229256,0,False,False
832124fffffffff,22.54341997828322,47.59523218473564,0,False,True
832125fffffffff,23.695004056597828,47.56467118584797,0,False,False
832126fffffffff,21.97008765826081,48.67102141636954,0,False,False
832128fffffffff,26.02803546465721,49.707468941600304,0,False,False
832129fffffffff,27.194185732617488,49.69825667872347,0,False,False
83212afffffffff,25.441746497224536,50.818825108584825,0,False,False
83212bfffffffff,26.61040697570107,50.82146319193431,0,False,False
83212cfffffffff,25.44089286847108,48.611354801583296,0,False,False
83212dfffffffff,26.602897423167136,48.590624632854336,0,False,False
83212efffffffff,24.863332585779293,49.71648875008989,0,False,False
832130fffffffff,20.796055361411845,50.80880585134479,0,False,False
832131fffffffff,21.951247846252738,50.81123396874796,0,False,False
832132fffffffff,20.19667446552794,51.86938619232104,0,False,False
832133fffffffff,21.351706817487067,51.88259962774206,0,False,False
832134fffffffff,20.237937611262023,49.75075921228774,0,False,False
832135fffffffff,21.38741822829469,49.74245192148975,0,False,False
832136fffffffff,19.64654036277119,50.8064263080456,0,False,False
832140fffffffff,31.86998773367727,52.01483931072748,0,False,False
832141fffffffff,33.03461370305577,52.031196810473176,0,False,False
832142fffffffff,31.2768814019734,53.186044842046456,0,False,False
832143fffffffff,32.44550443464866,53.21555390043591,0,False,False
832144fffffffff,31.2850532133472,50.832601923042056,0,False,False
832145fffffffff,32.44886745280522,50.83554309095955,0,False,False
832146fffffffff,30.701958807197013,51.99884413586058,0,False,False
83214cfffffffff,37.56488829185489,54.8242897045792,0,False,False
83214dfffffffff,38.71713949633563,54.72122908905304,0,False,False
83214efffffffff,33.61022278875897,53.2457360276082,0,False,False
832150fffffffff,29.495794776716213,54.30677273833511,0,False,False
832151fffffffff,30.670218401212587,54.34827467874981,0,False,False
832152fffffffff,28.87414092206148,55.44678702463916,0,False,False
832153fffffffff,30.050719618134373,55.50068682848199,0,False,False
832154fffffffff,28.93176664671164,53.12895789714523,0,False,False
832155fffffffff,30.105311366882432,53.15718660145802,0,False,False
832156fffffffff,28.31987263309651,54.26617160046159,0,False,False
832158fffffffff,32.39686935613146,55.61213279798361,0,False,False
832159fffffffff,37.17403533814351,58.65866832553896,0,False,False
83215afffffffff,31.769627947032863,56.778976192030825,0,False,False
83215cfffffffff,31.84216036771778,54.3907076916244,0,False,False
83215dfffffffff,33.01064990459774,54.43410341637219,0,False,False
83215efffffffff,31.22528976193224,55.55578856902783,0,False,False
832160fffffffff,31.25088739260887,48.50312604788778,0,False,False
832161fffffffff,32.40810929070526,48.48003029005126,0,False,False
832162fffffffff,30.691668159126426,49.66940153687241,0,False,False
832163fffffffff,31.853962439933195,49.6593544116732,0,False,False
832164fffffffff,30.64063482330522,47.3672716434503,0,False,False
832165fffffffff,31.795453798798825,47.331826177130125,0,False,False
832166fffffffff,30.09080719152994,48.52571736530449,0,False,False
832168fffffffff,37.37193981796384,52.324548836075536,0,False,False
832169fffffffff,38.51647556450816,52.18912812364724,0,False,False
83216afffffffff,33.60883369713059,50.83855112184549,0,False,False
83216bfffffffff,38.049793220792594,53.51040267231747,0,False,False
83216cfffffffff,36.68473327624756,51.1638873500921,0,False,False
83216dfffffffff,37.82749875328535,51.01481859638617,0,False,False
83216efffffffff,33.01290514946695,49.649080835912,0,False,False
832170fffffffff,28.949675853052664,50.8269114526371,0,False,False
832171fffffffff,30.118336171248394,50.8297254132526,0,False,False
832172fffffffff,28.35954275539613,51.96789365980528,0,False,False
832173fffffffff,29.531486553708103,51.98319938170045,0,False,False
832174fffffffff,28.360818839166807,49.68884573597153,0,False,False
832175fffffffff,29.526967832087955,49.67922961644346,0,False,False
832176fffffffff,27.78004144107796,50.824158022971474,0,False,False
832180fffffffff,19.26776839509578,59.33495020650128,0,False,False
832185fffffffff,19.915674272668813,58.30325776259039,0,False,False
8321a1fffffffff,20.03568959466945,56.151512984158735,0,False,False
8321a3fffffffff,19.40057358823636,57.19364850493019,0,False,False
8321a5fffffffff,19.508032666711006,55.054526719717984,0,False,False
8321acfffffffff,21.1966685362382,56.20851193003611,0,False,False
8321aefffffffff,20.558917130494155,57.2609333251342,0,False,False
832404fffffffff,51.439174886657504,96.42121629117716,0,False,False
832405fffffffff,51.74551799145192,98.02250929886978,0,False,False
83240cfffffffff,51.23961872642544,100.7424934952518,0,False,False
83240dfffffffff,51.484494226820246,102.30240558117268,0,False,False
832420fffffffff,53.28198551664901,95.55223781516789,0,False,False
832421fffffffff,53.588625279311024,97.22645284678896,0,False,False
832422fffffffff,52.19689410995088,95.17875114117332,0,False,False
832423fffffffff,52.51659044243448,96.81473781236625,0,False,False
832424fffffffff,54.04004675791793,94.23251568153594,0,False,False
832425fffffffff,54.3613667237486,95.9435074750698,0,False,False
832426fffffffff,52.94783985310463,93.8816541535934,0,False,False
832428fffffffff,53.07647070548411,100.08828937793888,0,False,False
83242afffffffff,52.02619618259688,99.62327220215992,0,False,False
83242bfffffffff,52.2815022346499,101.22101139836472,0,False,False
83242cfffffffff,53.86795547537497,98.9014476267384,0,False,False
83242dfffffffff,54.12028270557316,100.5743625633979,0,False,False
83242efffffffff,52.80969959286673,98.45214116572258,0,False,False
832432fffffffff,47.45155867737226,74.08096253181444,0,False,False
832435fffffffff,51.85046781005132,93.54683914407788,0,False,False
832440fffffffff,52.22921331760655,108.45195601609592,0,False,False
832441fffffffff,52.35966065558,109.95638227110516,0,False,False
832442fffffffff,51.25684011311465,107.84764168775834,0,False,False
832443fffffffff,51.40334424565316,109.3266798405016,0,False,False
832444fffffffff,53.05798040973015,107.5333098972797,0,False,False
832445fffffffff,53.19384103289159,109.08027420865596,0,False,False
832448fffffffff,51.63505263677148,112.23642476610192,0,False,False
832449fffffffff,51.72172914557365,113.66399131698336,0,False,False
83244afffffffff,50.703294176017394,111.58425078465866,0,False,False
83244bfffffffff,50.8061862727861,112.99101962813258,0,False,False
83244cfffffffff,52.46920402165842,111.4438192231166,0,False,False
83244dfffffffff,52.55861795601317,112.91258425003676,0,False,False
83244efffffffff,51.52917558353654,110.79015184169782,0,False,False
832450fffffffff,50.09438598367359,105.79937990270216,0,False,False
832451fffffffff,50.27753761316464,107.266108519254,0,False,False
832452fffffffff,24.8990827507658,94.627092933357,0,False,False
832453fffffffff,23.994170674948226,94.98707799819609,0,False,False
832458fffffffff,22.22407958094428,95.67605252012044,0,False,False
832459fffffffff,21.35933111764483,96.00587194373688,0,False,False
83245cfffffffff,50.43965220920244,108.72026997535065,0,False,False
83245dfffffffff,50.58134977190918,110.16017792891095,0,False,False
83245efffffffff,23.10242440063228,95.33658931610032,0,False,False
832462fffffffff,53.88857800521171,106.56785788000003,0,False,False
832463fffffffff,54.0307211346498,108.15896134990804,0,False,False
832468fffffffff,54.24696646742299,111.29056319284147,0,False,False
832469fffffffff,54.32273006607839,112.82702672585472,0,False,False
83246afffffffff,53.30779941395458,110.61058431710548,0,False,False
83246bfffffffff,53.40064832764734,112.12236222269571,0,False,False
83246cfffffffff,55.09663480768859,110.41419708428327,0,False,False
83246dfffffffff,55.17637689633895,111.99766965787914,0,False,False
83246efffffffff,54.14991472867092,109.7338949098363,0,False,False
832470fffffffff,52.717627810882114,104.39760763378976,0,False,False
832471fffffffff,52.89947237781606,105.97170735331044,0,False,False
832472fffffffff,51.70536459982101,103.85548636983626,0,False,False
832473fffffffff,51.90272153466998,105.39951659561082,0,False,False
832476fffffffff,52.51182191652106,102.81326144833952,0,False,False
832485fffffffff,31.129663406096544,88.40830175473009,0,False,False
83248dfffffffff,28.430337791580765,88.63066963609057,0,False,False
8324a2fffffffff,32.927370247978885,88.68688921494736,0,False,False
8324a3fffffffff,31.94002692321135,89.1927170748723,0,False,False
8324a8fffffffff,29.991286089651226,90.15733411070376,0,False,False
8324a9fffffffff,29.031185089995606,90.61743060668212,0,False,False
8324aafffffffff,30.16418880142699,88.90327826261849,0,False,False
8324abfffffffff,29.20787000455153,89.38319276404627,0,False,False
8324aefffffffff,30.96110764064695,89.68264204615664,0,False,False
8324b5fffffffff,33.922413171590215,88.16445420753239,0,False,False
8324e0fffffffff,26.02035052216847,93.08892486503154,0,False,False
8324e1fffffffff,25.10315805154776,93.47819570119682,0,False,False
8324e2fffffffff,26.21467697760738,91.91606339595288,0,False,False
8324e3fffffffff,25.298682393269218,92.32355260538804,0,False,False
8324e5fffffffff,48.87497347122763,103.81403690833103,0,False,False
8324f0fffffffff,27.3250434215258,90.30025836111308,0,False,False
8324f1fffffffff,26.399583520825527,90.7385503106888,0,False,False
8324f2fffffffff,27.49743067083284,89.1008743745354,0,False,False
8324f3fffffffff,26.57482212272978,89.55735765532738,0,False,False
8324f4fffffffff,28.081376798152345,91.06353781657089,0,False,False
8324f5fffffffff,27.142383215788403,91.49623250410534,0,False,False
8324f6fffffffff,28.261305364418007,89.84865809038894,0,False,False
832511fffffffff,53.6020642447049,87.67665541763932,0,False,False
832518fffffffff,53.31215828296174,90.83190912911908,0,False,False
832519fffffffff,53.69031418055083,92.52766141393684,0,False,False
83251afffffffff,52.19682127551843,90.5625745084783,0,False,False
83251bfffffffff,52.586106519389006,92.2175165130861,0,False,False
83251cfffffffff,54.02680719690271,89.38809174949488,0,False,False
83251efffffffff,52.90569310033619,89.1481281513612,0,False,False
832548fffffffff,57.53188418608184,105.72807291499228,0,False,False
832549fffffffff,57.65499068574557,107.48401058202164,0,False,False
83254afffffffff,56.54618454581726,105.09192607283724,0,False,False
832552fffffffff,54.65440753480855,97.65760732294868,0,False,False
832553fffffffff,54.91942189747039,99.37175256261284,0,False,False
83255cfffffffff,56.18511009895033,101.61534714363256,0,False,False
83255dfffffffff,56.37920724126551,103.35887648033123,0,False,False
83255efffffffff,55.15677683520247,101.08288004542771,0,False,False
832590fffffffff,40.795765924533264,83.52240579373183,0,False,False
832591fffffffff,41.63680818398189,84.5232335543877,0,False,False
832592fffffffff,39.7004082611744,83.96763589510395,0,False,False
832593fffffffff,40.54060520986362,84.95502185674843,0,False,False
83259efffffffff,41.36626825152077,85.9600290633473,0,False,False
8325a1fffffffff,43.94301724272642,69.41492562517857,0,False,False
8325a4fffffffff,42.322404938812646,67.91807760887959,0,False,False
8325a8fffffffff,45.518263444650366,70.96985338485716,0,False,False
8325abfffffffff,45.957571213164506,72.43459208355058,0,False,False
8325aefffffffff,44.41216026105732,70.84645555820572,0,False,False
8325b6fffffffff,34.91960901928572,68.13091764919945,0,False,False
832602fffffffff,8.950587470305013,-21.47663781659453,0,False,False
832606fffffffff,9.672841920895529,-20.71507439524982,0,False,False
83260afffffffff,6.049900447476733,-21.71902491888408,0,False,False
83260bfffffffff,4.962223326287242,-21.456874314711687,0,False,False
832610fffffffff,10.378527719764826,-22.77510510232552,0,False,False
832611fffffffff,9.30135115631575,-22.50997942627648,0,False,False
832612fffffffff,10.73254060051388,-23.82279061453188,0,False,False
832613fffffffff,9.65229532149534,-23.55484257551233,0,False,False
832614fffffffff,11.09365810158109,-22.0017446280566,0,False,False
832615fffffffff,10.02422754419305,-21.73881375276622,0,False,False
832616fffffffff,11.451029129159394,-23.040954075333,0,False,False
832618fffffffff,7.479615617325129,-23.02104946686569,0,False,False
832619fffffffff,6.388849542370265,-22.755221945890792,0,False,False
83261afffffffff,7.823732009486636,-24.07144440351562,0,False,False
83261bfffffffff,6.72896974173258,-23.80282554618917,0,False,False
83261cfffffffff,8.220304333681572,-22.245585406476728,0,False,False
83261dfffffffff,7.136209048524268,-21.98193123151229,0,False,False
83261efffffffff,8.567711526989227,-23.28759257331801,0,False,False
832620fffffffff,9.70411492709333,-17.874421342009267,0,False,False
832624fffffffff,10.442650727704285,-17.074782564111857,0,False,False
832625fffffffff,9.343212927643084,-16.824609150416578,0,False,False
832626fffffffff,10.798158233011025,-18.128424044253617,0,False,False
832630fffffffff,11.488178186127538,-20.212180988907512,0,False,False
832631fffffffff,10.406270601240308,-19.951211402981983,0,False,False
832632fffffffff,11.822287320314564,-21.24111465454388,0,False,False
832633fffffffff,10.74707473537555,-20.977011015110502,0,False,False
832634fffffffff,12.235954520610123,-19.43426118687181,0,False,False
832635fffffffff,11.146739347844488,-19.174425675860697,0,False,False
832636fffffffff,12.570667749972078,-20.475360519522425,0,False,False
832680fffffffff,11.049378888287771,-27.83865477337582,0,False,False
832681fffffffff,9.955546253148354,-27.56143363723046,0,False,False
832682fffffffff,11.394777595654755,-28.932637371723928,0,False,False
832683fffffffff,10.299914364245572,-28.653335807883884,0,False,False
832684fffffffff,11.788497481342876,-27.028781432515064,0,False,False
832685fffffffff,10.70198527757168,-26.75323346090811,0,False,False
832686fffffffff,12.136964951461907,-28.11641391457912,0,False,False
83268cfffffffff,8.85629418716305,-27.284761885965366,0,False,False
83268dfffffffff,7.75247442296935,-27.0086507518693,0,False,False
83268efffffffff,9.199150142094997,-28.3745382275771,0,False,False
832690fffffffff,12.825899251679363,-30.316119075125773,0,False,False
832691fffffffff,11.737731168637504,-30.034476359408835,0,False,False
832692fffffffff,13.70307648158619,-32.19051946674319,0,False,False
832693fffffffff,12.077790239796162,-31.14343346682416,0,False,False
832694fffffffff,14.093571017221588,-30.2504801259592,0,False,False
832695fffffffff,12.48291713650325,-29.212430977385125,0,False,False
832696fffffffff,14.440523080069411,-31.357071808640395,0,False,False
832698fffffffff,9.880263981862653,-30.578031211569364,0,False,False
83269afffffffff,10.217642827919354,-31.690272254005738,0,False,False
83269cfffffffff,10.642365878549144,-29.753277591704062,0,False,False
83269dfffffffff,9.540619760300732,-29.47253523697096,0,False,False
83269efffffffff,10.982455643229176,-30.860528923215703,0,False,False
8326a0fffffffff,12.163047113379868,-25.15263216805649,0,False,False
8326a1fffffffff,11.08583489751738,-24.881347413512973,0,False,False
8326a2fffffffff,12.516798741605571,-26.2239940009898,0,False,False
8326a3fffffffff,11.437969854445598,-25.95021206238664,0,False,False
8326a4fffffffff,12.876808858204306,-24.360744525890777,0,False,False
8326a5fffffffff,11.807640065038962,-24.09142766300001,0,False,False
8326a6fffffffff,13.233856072255524,-25.42455918934297,0,False,False
8326a8fffffffff,9.262831656528652,-25.40449651619588,0,False,False
8326a9fffffffff,8.168159617404283,-25.132583393671048,0,False,False
8326aafffffffff,9.609705371592703,-26.4782671844925,0,False,False
8326abfffffffff,8.512487468540021,-26.203893388162232,0,False,False
8326acfffffffff,10.003002774339189,-24.61071477298159,0,False,False
8326adfffffffff,8.91535871410233,-24.340743930061983,0,False,False
8326aefffffffff,10.353045205796024,-25.67704279331253,0,False,False
8326b0fffffffff,13.94103195883115,-27.58157855712688,0,False,False
8326b1fffffffff,12.868438045543652,-27.30490016111841,0,False,False
8326b2fffffffff,14.81686038610955,-29.42616598863693,0,False,False
8326b3fffffffff,13.217505261152422,-28.39469953566344,0,False,False
8326b4fffffffff,14.653078672053796,-26.77335380740516,0,False,False
8326b5fffffffff,13.58875179361706,-26.49837812843496,0,False,False
8326b6fffffffff,15.52867373212574,-28.60621362453751,0,False,False
8326c4fffffffff,4.0915323685384575,-25.11253323725857,0,False,False
8326d9fffffffff,0.9214531427790112,-28.33420897469753,0,False,False
8326dafffffffff,2.3709258396558632,-29.712933339155786,0,False,False
8326dbfffffffff,1.242168827286524,-29.432189135426256,0,False,False
8326e0fffffffff,4.533493221350196,-23.26766641518808,0,False,False
8326e1fffffffff,3.434527711942968,-23.001144009218795,0,False,False
8326e2fffffffff,4.865974929193027,-24.32074215346296,0,False,False
8326e3fffffffff,3.762117162254192,-24.05146003127427,0,False,False
8326e4fffffffff,5.2962670754136045,-22.49011853031443,0,False,False
8326e5fffffffff,4.202729952971223,-22.225747569697585,0,False,False
8326e6fffffffff,5.631933046792487,-23.53489654402929,0,False,False
8326eefffffffff,2.658176743618765,-23.78285943274557,0,False,False
8326f0fffffffff,6.306664425988243,-25.65696559805723,0,False,False
8326f1fffffffff,5.199815337265682,-25.384432391736933,0,False,False
8326f3fffffffff,5.534639582388673,-26.45815451424825,0,False,False
8326f4fffffffff,7.069879551612766,-24.861313427136967,0,False,False
8326f5fffffffff,5.968858251590079,-24.59069645540883,0,False,False
8326f6fffffffff,7.4111835990893296,-25.930122701699407,0,False,False
832708fffffffff,10.82353217567016,-15.191275019531522,0,False,False
832709fffffffff,9.711862188446602,-14.947151739182583,0,False,False
83270afffffffff,11.187230281034957,-16.262532733239855,0,False,False
83270bfffffffff,10.080461187684762,-16.014137240607013,0,False,False
83270cfffffffff,11.57176842496484,-14.35608338965418,0,False,False
83270dfffffffff,10.453214796643191,-14.114144792185076,0,False,False
83270efffffffff,11.937210388333066,-15.43770535450186,0,False,False
832718fffffffff,12.646473312318845,-17.58195286119572,0,False,False
832719fffffffff,11.544029068903606,-17.327223456840194,0,False,False
83271afffffffff,12.989808208846506,-18.64320687696453,0,False,False
83271bfffffffff,11.893677634538076,-18.38467931958384,0,False,False
83271cfffffffff,13.404473584280108,-16.76624656131497,0,False,False
83271dfffffffff,12.295531436952594,-16.513228385249242,0,False,False
83271efffffffff,13.7491026654854,-17.838991830941527,0,False,False
832740fffffffff,6.0127740761779895,-13.169235382683503,0,False,False
832744fffffffff,6.729335271030207,-12.333914476334504,0,False,False
832745fffffffff,5.623659606696844,-12.105758714993453,0,False,False
832746fffffffff,7.116067729021831,-13.402084947303628,0,False,False
832750fffffffff,7.875037551986437,-15.52415759615563,0,False,False
832754fffffffff,8.603089430202452,-14.705312007008246,0,False,False
832755fffffffff,7.498088167538458,-14.465732428766108,0,False,False
832756fffffffff,8.976106854554478,-15.76801960530172,0,False,False
832760fffffffff,7.058652629597892,-10.407292316279523,0,False,False
832761fffffffff,5.943278041095096,-10.18689170718786,0,False,False
832762fffffffff,7.45188207872874,-11.487426540954765,0,False,False
832763fffffffff,6.338271686172085,-11.261938860004802,0,False,False
832768fffffffff,4.130175157088011,-10.817594000557438,0,False,False
832769fffffffff,3.0372972393076814,-10.598685251684948,0,False,False
83276afffffffff,4.524420585775983,-11.879807483403145,0,False,False
83276bfffffffff,3.432414550805817,-11.6560359106683,0,False,False
83276cfffffffff,4.834493172832789,-9.968694283817172,0,False,False
83276dfffffffff,3.733110110996595,-9.752673409975111,0,False,False
83276efffffffff,5.230762639033539,-11.038669982469658,0,False,False
832770fffffffff,8.956663795271385,-12.796940107961042,0,False,False
832771fffffffff,7.840621108279229,-12.564299846317056,0,False,False
832772fffffffff,9.337154002343071,-13.87451525047122,0,False,False
832773fffffffff,8.224479514976082,-13.637170129304604,0,False,False
832775fffffffff,8.570744540192813,-11.71515917565075,0,False,False
832776fffffffff,10.07658673181571,-13.03186074419066,0,False,False
832780fffffffff,16.11642821095307,-22.319510385154263,0,False,False
832781fffffffff,15.045547377266136,-22.04658349548607,0,False,False
832782fffffffff,16.410757924912204,-23.35035734703813,0,False,False
832783fffffffff,15.348510906685744,-23.074662520250563,0,False,False
832784fffffffff,16.889649396578694,-21.55051546957913,0,False,False
832785fffffffff,15.81322258160256,-21.27832772850553,0,False,False
832786fffffffff,17.18418166956582,-22.594681206513656,0,False,False
832788fffffffff,13.216781124736452,-22.529839600063973,0,False,False
832789fffffffff,12.158096434900054,-22.26542258630293,0,False,False
83278afffffffff,13.578891389106612,-23.574787624415595,0,False,False
83278bfffffffff,12.518070757005418,-23.30751781576885,0,False,False
83278cfffffffff,13.972349645527176,-21.77588543629881,0,False,False
83278dfffffffff,12.89765459820601,-21.50740095399171,0,False,False
83278efffffffff,14.283584963149218,-22.80116119061533,0,False,False
832790fffffffff,17.74571359390689,-24.65074765598361,0,False,False
832791fffffffff,16.716825279787884,-24.380743936180043,0,False,False
832792fffffffff,18.108160488626584,-25.71719261644921,0,False,False
832793fffffffff,17.079431356640388,-25.44462040641645,0,False,False
832794fffffffff,18.52406718915312,-23.908381588163607,0,False,False
832795fffffffff,17.469535544539724,-23.62825924430229,0,False,False
832796fffffffff,18.790693355653502,-24.93330933102969,0,False,False
832798fffffffff,14.99434552775242,-24.90138008208432,0,False,False
832799fffffffff,13.939287662771662,-24.63073184142954,0,False,False
83279afffffffff,15.353271820117902,-25.970299832381908,0,False,False
83279bfffffffff,14.297506076584636,-25.697118467695194,0,False,False
83279cfffffffff,15.678958986030228,-24.111409804959152,0,False,False
83279dfffffffff,14.63275612176806,-23.842754633007715,0,False,False
83279efffffffff,16.04128240182457,-25.17267955564866,0,False,False
8327a3fffffffff,16.585964292927148,-20.49630239722892,0,False,False
8327a8fffffffff,14.41403674904202,-19.96070549591653,0,False,False
8327a9fffffffff,13.32533885925678,-19.69634836538709,0,False,False
8327aafffffffff,14.73402901348301,-21.00841709328499,0,False,False
8327abfffffffff,13.652898344293142,-20.74076693802973,0,False,False
8327acfffffffff,15.18042712261284,-19.16715756821552,0,False,False
8327adfffffffff,14.085681021186112,-18.90402640630936,0,False,False
8327aefffffffff,15.501194513913362,-20.22735079445843,0,False,False
8327b0fffffffff,19.030943612989468,-22.10178811318723,0,False,False
8327b1fffffffff,17.962490990065668,-21.82499681296596,0,False,False
8327b2fffffffff,19.30713095740868,-23.15181421271832,0,False,False
8327b3fffffffff,18.2480098839444,-22.872110896035103,0,False,False
8327b6fffffffff,20.094221609356573,-22.38090556989491,0,False,False
832802fffffffff,22.77311306209604,-39.685015802532384,0,False,False
832803fffffffff,23.77811430924946,-39.9648374214802,0,False,False
832806fffffffff,22.07035164548124,-40.55306988795598,0,False,False
832810fffffffff,21.43094575451665,-38.26191116951417,0,False,False
832811fffffffff,22.45379205965364,-38.53935877180525,0,False,False
832812fffffffff,19.3338261703264,-34.721035115520706,0,False,False
832813fffffffff,22.12605212790077,-37.39776093995148,0,False,False
832814fffffffff,20.723735539579607,-39.12720910272505,0,False,False
832815fffffffff,21.75483178263244,-39.405802617799374,0,False,False
832816fffffffff,18.62215953549631,-35.566658460014885,0,False,False
832818fffffffff,24.141630711770024,-37.95081147009398,0,False,False
832819fffffffff,25.12935333051338,-38.22836834737904,0,False,False
83281cfffffffff,23.463669426384143,-38.81746404905238,0,False,False
83281dfffffffff,24.46013733192096,-39.09621619214643,0,False,False
83281efffffffff,23.14039151498432,-37.673938882606826,0,False,False
832830fffffffff,20.32153262245963,-41.14018050429289,0,False,False
832831fffffffff,21.35581923936184,-41.42122808147478,0,False,False
832832fffffffff,20.00486166659476,-39.99326170726821,0,False,False
832833fffffffff,21.04392559326408,-40.27287543286044,0,False,False
832836fffffffff,19.27480859696091,-40.859673886814136,0,False,False
832880fffffffff,19.02007067760508,-30.53050312271888,0,False,False
832882fffffffff,18.67027987728844,-29.428728670690266,0,False,False
832883fffffffff,19.696867920222868,-29.704113948332008,0,False,False
832886fffffffff,17.98444392364212,-30.2535583327242,0,False,False
83288afffffffff,21.36676623326319,-29.156336866987484,0,False,False
83288efffffffff,20.71219208038244,-29.98008815660396,0,False,False
832890fffffffff,17.276795622734014,-28.06272070664901,0,False,False
832891fffffffff,18.3152850495421,-28.335171899685445,0,False,False
832892fffffffff,16.40046081466786,-26.244092953065483,0,False,False
832893fffffffff,17.955563410705786,-27.2505285325418,0,False,False
832894fffffffff,16.585568271481915,-28.87976794650355,0,False,False
832895fffffffff,17.632981777867048,-29.15394312281283,0,False,False
832896fffffffff,16.22862285125861,-27.790921574245058,0,False,False
832898fffffffff,20.00378632263002,-27.79246684892253,0,False,False
832899fffffffff,21.011683625187327,-28.06443484677652,0,False,False
83289afffffffff,19.641573892819217,-26.71219617849318,0,False,False
83289bfffffffff,20.6509681799034,-26.981621967322145,0,False,False
83289cfffffffff,19.34348257629244,-28.608265137622933,0,False,False
83289dfffffffff,20.360819167870936,-28.881990240788845,0,False,False
83289efffffffff,18.98489833863126,-27.52116151000616,0,False,False
8328a0fffffffff,17.966330300426478,-33.313516408808994,0,False,False
8328a1fffffffff,19.005839297694543,-33.595381768658974,0,False,False
8328a2fffffffff,17.629118262492597,-32.194815871696136,0,False,False
8328a4fffffffff,17.249598212036034,-34.15482875403561,0,False,False
8328a5fffffffff,18.297483713713,-34.43774074276718,0,False,False
8328a6fffffffff,16.915663942817172,-33.03208501514331,0,False,False
8328b0fffffffff,16.231514172971647,-30.80457614521238,0,False,False
8328b1fffffffff,17.28628421017198,-31.08244458297491,0,False,False
8328b2fffffffff,15.882198399740378,-29.701378755835933,0,False,False
8328b3fffffffff,16.93827967170014,-29.97717984826485,0,False,False
8328b4fffffffff,15.513065616055869,-31.63581604942258,0,False,False
8328b5fffffffff,16.576154781617184,-31.9150680418075,0,False,False
8328b6fffffffff,15.16704772676293,-30.527250871335564,0,False,False
8328d8fffffffff,51.32425634786546,-65.05376683297699,0,False,False
8328d9fffffffff,51.62751905047346,-66.58245687450163,0,False,False
8328dbfffffffff,52.29608412197366,-65.5637392118786,0,False,False
8328dcfffffffff,50.37901256057098,-64.92872617731857,0,False,False
8328ddfffffffff,50.68702936868029,-66.3615704639698,0,False,False
832980fffffffff,13.952259933767287,-36.407234374740106,0,False,False
832981fffffffff,15.03356281233914,-36.69229522849881,0,False,False
832982fffffffff,13.624594914919262,-35.27623955618388,0,False,False
832983fffffffff,14.708535369719318,-35.56024386352854,0,False,False
832984fffffffff,13.18665429715974,-37.25575645345869,0,False,False
832985fffffffff,14.274686186925118,-37.54142167389132,0,False,False
832986fffffffff,12.86149778648504,-36.12246202235854,0,False,False
832988fffffffff,16.846432197419468,-36.12922649219008,0,False,False
832989fffffffff,17.899049048943105,-36.41417780996213,0,False,False
83298afffffffff,16.521565030649576,-34.998634526226226,0,False,False
83298bfffffffff,17.577529761792235,-35.2824751744445,0,False,False
83298cfffffffff,16.104689840000066,-36.97763088921564,0,False,False
83298dfffffffff,18.95369663674869,-39.71424018433524,0,False,False
83298efffffffff,15.782711637833986,-35.8445773274169,0,False,False
832990fffffffff,11.653778657171848,-33.09388498957915,0,False,False
832991fffffffff,13.292101444842991,-34.14930075427867,0,False,False
832992fffffffff,11.319739832405167,-31.97432819292045,0,False,False
832993fffffffff,12.955204862137194,-33.02726278864954,0,False,False
832994fffffffff,10.883855823877935,-33.93182925920491,0,False,False
832995fffffffff,12.531623586827292,-34.99257776521348,0,False,False
832996fffffffff,10.552318049689806,-32.808474933563105,0,False,False
832998fffffffff,15.12162800507904,-33.59020378868109,0,False,False
832999fffffffff,16.190766205577553,-33.87231214263364,0,False,False
83299afffffffff,14.783359496527678,-32.47057418738946,0,False,False
83299bfffffffff,15.854454672522264,-32.75110013433893,0,False,False
83299cfffffffff,14.378163719406034,-34.43203418564355,0,False,False
83299dfffffffff,15.454887666872176,-34.715149802059194,0,False,False
83299efffffffff,14.042866382514388,-33.30851645592744,0,False,False
8329a2fffffffff,11.85542917870617,-37.32437404234721,0,False,False
8329a3fffffffff,12.948977925854452,-37.61304946552765,0,False,False
8329a8fffffffff,17.46842685164052,-41.44529129532208,0,False,False
8329a9fffffffff,18.53410426667697,-41.72604955970305,0,False,False
8329aafffffffff,15.35284473667994,-37.82732023972403,0,False,False
8329abfffffffff,18.21620926600002,-40.57972007595461,0,False,False
8329aefffffffff,14.591480926817448,-38.67792304320386,0,False,False
8329b1fffffffff,11.535822065462986,-36.19063990490196,0,False,False
8329b3fffffffff,11.211829457686935,-35.05950194022431,0,False,False
8329b4fffffffff,9.642825433645568,-36.74731701470016,0,False,False
8329b5fffffffff,10.753110251586484,-37.03579169575293,0,False,False
832a86fffffffff,-0.4551011702940624,-11.817745326509089,0,False,True
832ab0fffffffff,1.2731188401238749,-11.214933318976458,0,False,False
832ab1fffffffff,0.2072464585054746,-10.997553628297926,0,False,True
832ab2fffffffff,1.6669596161369784,-12.259712738822842,0,False,False
832ab3fffffffff,0.6011155738504469,-12.037682375831013,0,False,True
832ab4fffffffff,1.9528818487560995,-10.381918320830035,0,False,False
832ab5fffffffff,0.8776444652970931,-10.167268042582569,0,False,True
832ab6fffffffff,2.348404769779567,-11.434419337412914,0,False,False
832c00fffffffff,-22.465215666275352,46.59693155304026,0,False,False
832c02fffffffff,-23.56782252975541,46.583345021081634,0,False,False
832c03fffffffff,-23.0486845265158,47.56751382175789,0,False,False
832c04fffffffff,-21.875989858175465,45.63452891072867,0,False,False
832c06fffffffff,-22.983451163039764,45.6119428313493,0,False,False
832c10fffffffff,-25.449990165953665,45.11705669794968,0,False,False
832c11fffffffff,-24.672480603047525,46.56950247718581,0,False,False
832c13fffffffff,-25.77837250113248,46.55539661811684,0,False,False
832c14fffffffff,-24.846995576636303,44.13612667733848,0,False,False
832c15fffffffff,-23.17707411664384,46.40413191861031,0,False,False
832c18fffffffff,-24.740202635456424,48.55569081588396,0,False,False
832c19fffffffff,-24.21383749297871,49.56268462395142,0,False,False
832c1afffffffff,-25.84401359774673,48.555244844276935,0,False,False
832c1bfffffffff,-25.325791148755474,49.56916976254782,0,False,False
832c1cfffffffff,-24.15300650854641,47.56039457189025,0,False,False
832c1dfffffffff,-23.631804823144552,48.5561307430684,0,False,False
832c1efffffffff,-25.253210037308808,47.553178421362254,0,False,False
832c20fffffffff,-19.570607401382752,45.30615509919366,0,False,False
832c21fffffffff,-19.08669254999315,46.28580186257487,0,False,False
832c22fffffffff,-21.275368589143927,44.67076860937798,0,False,False
832c23fffffffff,-20.18637663978573,46.249241130526734,0,False,False
832c26fffffffff,-20.055342667655,44.30788782394322,0,False,False
832c2efffffffff,-19.684156215042503,47.219386483951865,0,False,False
832c30fffffffff,-23.11067585132694,43.21977089908857,0,False,False
832c31fffffffff,-21.54324207725257,45.32094417550161,0,False,False
832c32fffffffff,-24.23132670028941,43.15476540464981,0,False,False
832c33fffffffff,-22.656951230802136,45.38185619985521,0,False,False
832c34fffffffff,-21.58194811830449,43.33111225887694,0,False,False
832c35fffffffff,-21.00651430039324,44.30556211473179,0,False,False
832c36fffffffff,-23.603386213218755,42.17354843711635,0,False,False
832c41fffffffff,16.771972837461206,51.83129606357694,0,False,False
832c45fffffffff,16.240664315020297,50.79956497172447,0,False,False
832c48fffffffff,18.442425103987627,52.900135269911445,0,False,False
832c49fffffffff,19.589978911012373,52.92351926364871,0,False,False
832c4afffffffff,17.83113129753084,53.936894038616856,0,False,False
832c4bfffffffff,18.976695985662584,53.97055698673314,0,False,False
832c4cfffffffff,17.905957118953374,51.84374206146729,0,False,False
832c4dfffffffff,19.047802301657214,51.85643627148486,0,False,False
832c4efffffffff,17.302360873363966,52.87721130770747,0,False,False
832c60fffffffff,15.177981741512594,48.78008297015736,0,False,False
832c61fffffffff,16.290530530129963,48.76278367859502,0,False,False
832c63fffffffff,15.70911455425382,49.78238671116951,0,False,False
832c64fffffffff,14.647900175333197,47.79292970889872,0,False,False
832c65fffffffff,15.75233872305574,47.76630963634501,0,False,False
832c68fffffffff,17.958045406506102,49.7668838489506,0,False,False
832c69fffffffff,19.094528358193354,49.75890156695651,0,False,False
832c6afffffffff,17.3680165630289,50.80180722783327,0,False,False
832c6bfffffffff,18.50357898348868,50.80409389571734,0,False,False
832c6cfffffffff,17.411919570399768,48.74514702088675,0,False,False
832c6dfffffffff,18.54138554252262,48.72716303446132,0,False,False
832c6efffffffff,16.82931159558427,49.77471073238701,0,False,False
832c88fffffffff,-29.715269323916324,49.59602836794556,0,False,False
832c89fffffffff,-29.21755518218507,50.6428023014815,0,False,False
832c8bfffffffff,-30.30577565994758,50.65724303887416,0,False,False
832c8dfffffffff,-28.628168657780176,49.589172137873774,0,False,False
832ca8fffffffff,-27.438149862920444,47.538447396547056,0,False,False
832ca9fffffffff,-26.94245243760586,48.5547927028138,0,False,False
832cabfffffffff,-28.034757281093142,48.55433426256612,0,False,False
832cadfffffffff,-26.34851182646503,47.54586337846776,0,False,False
832cc2fffffffff,-27.636144645347937,53.80114136958233,0,False,False
832cc3fffffffff,-27.080273548401266,54.85758726890195,0,False,False
832cc6fffffffff,-27.06499080216641,52.71695279330687,0,False,False
832ccafffffffff,-27.06261843431597,57.03135584242518,0,False,False
832cd1fffffffff,-28.749791781951224,53.838221235666246,0,False,False
832cd4fffffffff,-28.70501713904392,51.693042002773744,0,False,False
832cd5fffffffff,-28.1778115584894,52.746055923246445,0,False,False
832cd6fffffffff,-29.80207370518803,51.71500940593774,0,False,False
832cdafffffffff,-32.295870580445495,62.61808488795147,0,False,False
832cdbfffffffff,-33.355672732189824,62.94226688776353,0,False,False
832cdcfffffffff,-28.20161919597792,54.902222082886325,0,False,False
832cddfffffffff,-27.639116720749044,55.966845196912736,0,False,False
832cf0fffffffff,-27.018420818577752,50.61452634329415,0,False,False
832cf2fffffffff,-28.12152818691952,50.62856482285554,0,False,False
832cf3fffffffff,-27.600407362971776,51.6713840050528,0,False,False
832cf4fffffffff,-26.43268369266487,49.57574479753532,0,False,False
832cf6fffffffff,-27.53372954674846,49.58241161098605,0,False,False
832d00fffffffff,-17.465413110998877,40.49930512355094,0,False,False
832d02fffffffff,-18.58947374681022,40.40974088335458,0,False,False
832d03fffffffff,-18.12661717656712,41.450175502025,0,False,False
832d04fffffffff,-16.796043744168774,39.5501550170464,0,False,False
832d06fffffffff,-18.169505697464874,39.21791133113904,0,False,False
832d10fffffffff,-20.443546870685807,39.22859164672478,0,False,False
832d11fffffffff,-19.8883507307578,40.24933429054418,0,False,False
832d12fffffffff,-21.587171987054347,39.234081041210544,0,False,False
832d13fffffffff,-21.02539451717036,40.26420218710124,0,False,False
832d14fffffffff,-19.852061341587405,38.19466732260537,0,False,False
832d15fffffffff,-19.3040335073537,39.22320265318202,0,False,False
832d16fffffffff,-20.99801935311942,38.19052904163707,0,False,False
832d18fffffffff,-19.901044607922906,42.27072769111996,0,False,False
832d19fffffffff,-19.422135847485087,43.35499216898762,0,False,False
832d1afffffffff,-21.02779875822739,42.30394901627516,0,False,False
832d1bfffffffff,-20.45897955781065,43.28861055761893,0,False,False
832d1cfffffffff,-19.3331567369412,41.25255522009604,0,False,False
832d1dfffffffff,-18.779048871414183,42.402245916453815,0,False,False
832d1efffffffff,-20.46310935586457,41.27646949808054,0,False,False
832d22fffffffff,-16.119148323329817,38.60323976528078,0,False,False
832d30fffffffff,-18.1089528240952,37.17656533397589,0,False,False
832d31fffffffff,-17.244115554466926,38.49695064320078,0,False,False
832d32fffffffff,-19.251511798581603,37.16309638755551,0,False,False
832d33fffffffff,-18.710706185744147,38.19872998604103,0,False,False
832d34fffffffff,-17.499390351547518,36.15734895152701,0,False,False
832d35fffffffff,-16.559886057278916,37.54456981739454,0,False,False
832d36fffffffff,-18.64250767662013,36.13453688558638,0,False,False
832d41fffffffff,13.06989874477859,44.9244792052967,0,False,False
832d44fffffffff,11.492396849728914,44.05951398927347,0,False,False
832d45fffffffff,12.549809446150848,43.999829086411694,0,False,False
832d48fffffffff,14.680253520619816,45.82062683501622,0,False,False
832d49fffffffff,15.776823015228535,45.77545345073453,0,False,False
832d4afffffffff,14.11947781281492,46.8211586538996,0,False,False
832d4bfffffffff,15.215375841577805,46.78552621352442,0,False,False
832d4cfffffffff,14.147553410839205,44.87176269211688,0,False,False
832d4dfffffffff,15.235028224856812,44.81805589379248,0,False,True
832d4efffffffff,13.593294194227948,45.86495898853692,0,False,False
832d62fffffffff,10.993357950649733,43.13623017779476,0,False,False
832d66fffffffff,10.51372377060956,42.15060375495796,0,False,False
832d69fffffffff,15.23764415286427,42.88166029700153,0,False,False
832d6afffffffff,13.617825613131885,43.93904482682259,0,False,False
832d6bfffffffff,14.69584903146674,43.87713069471137,0,False,False
832d6dfffffffff,14.69541085221869,41.9661808726828,0,False,False
832d75fffffffff,9.97760567095238,43.09204981210064,0,False,False
832da4fffffffff,-22.70615851878716,37.12115938311335,0,False,False
832da6fffffffff,-23.8636598015027,37.10664595755489,0,False,False
832da9fffffffff,-22.963622824111848,41.19305082453709,0,False,False
832dadfffffffff,-21.597068536178607,41.30082519161311,0,False,False
832db0fffffffff,-24.94988988715391,37.0283598749904,0,False,False
832db4fffffffff,-24.70003416051178,35.65549317821908,0,False,False
832db5fffffffff,-24.082370939668287,36.71541833216623,0,False,False
832db6fffffffff,-25.514867171090174,35.92388403496064,0,False,False
832ec8fffffffff,53.20539458249137,134.38298583615833,0,False,False
832ecdfffffffff,52.17495103364387,134.2535239039239,0,False,False
832ecefffffffff,53.65201238156982,135.7776435025206,0,False,False
832ed8fffffffff,55.724050853777456,136.13386224721708,0,False,False
832eddfffffffff,54.68850430057999,135.951264596793,0,False,False
832edefffffffff,56.1700752291552,137.66206346154073,0,False,False
833003fffffffff,12.719047262698346,95.17037767954764,0,False,False
833011fffffffff,13.365819375151112,93.75951843707666,0,False,False
833013fffffffff,13.307589630695118,92.93365062610673,0,False,False
833018fffffffff,11.86852538929407,94.09586901452045,0,False,False
833019fffffffff,11.171370982849645,94.76899064603172,0,False,False
83301afffffffff,11.78066070680214,93.20837061442415,0,False,False
83301bfffffffff,11.08024333144722,93.8868585431685,0,False,False
83301cfffffffff,12.642292509798674,94.30224935243405,0,False,False
83301dfffffffff,11.952398695832128,94.97095674716698,0,False,False
83301efffffffff,12.561529585244356,93.4217902634864,0,False,False
83302bfffffffff,11.38631599447273,95.64423193237954,0,False,False
833085fffffffff,13.10950473454788,90.3676155768404,0,False,False
83308dfffffffff,10.782774780385292,91.16626717217464,0,False,False
8330a8fffffffff,12.387609174719325,91.62454801749264,0,False,False
8330a9fffffffff,11.688720288786866,92.30863052555893,0,False,False
8330aafffffffff,12.312404896043589,90.767047738631,0,False,False
8330abfffffffff,11.5926254289929,91.39684655747229,0,False,False
8330acfffffffff,13.245553367648402,92.093057188269,0,False,False
8330adfffffffff,12.476664706457385,92.529160448359,0,False,False
8330aefffffffff,13.17957127995935,91.23771231442996,0,False,False
8330c0fffffffff,7.902199163677472,93.93478298439555,0,False,False
8330c1fffffffff,7.174024246664314,94.62501390310652,0,False,False
8330c2fffffffff,7.780849884962865,93.02360365681352,0,False,False
8330c3fffffffff,7.048528137683115,93.71941458729414,0,False,False
8330c4fffffffff,8.741321607143856,94.14737775064684,0,False,False
8330c5fffffffff,8.019819826371164,94.83298106962148,0,False,False
8330c6fffffffff,8.627690340692975,93.24359268773637,0,False,False
8330d4fffffffff,9.236125904691704,91.63007215975314,0,False,False
8330d5fffffffff,8.510229538809604,92.32708783321772,0,False,False
8330e0fffffffff,9.668066975438071,95.24091409340636,0,False,False
8330e2fffffffff,9.56587966107707,94.35724638141296,0,False,False
8330e3fffffffff,8.851169185124888,95.0382656659891,0,False,False
8330e4fffffffff,10.533271675170475,95.44342318346206,0,False,False
8330e6fffffffff,10.375884211828303,94.56443545444029,0,False,False
8330e8fffffffff,7.82269042979344,96.42905501693404,0,False,False
8330eafffffffff,7.411824277157467,95.52273172766948,0,False,False
8330ebfffffffff,6.911656830005762,96.22585246005538,0,False,False
8330edfffffffff,8.233612789758295,97.34160321690288,0,False,False
8330eefffffffff,8.311805398597052,95.72737778803358,0,False,False
8330f0fffffffff,10.174931509988609,92.77334302231228,0,False,False
8330f1fffffffff,9.459864566180071,93.46076661500447,0,False,False
8330f2fffffffff,10.068495660725295,91.8591334313878,0,False,False
8330f3fffffffff,9.349963726582148,92.55164254957852,0,False,False
8330f4fffffffff,10.9851498048737,92.99223681301125,0,False,False
8330f5fffffffff,10.277373322629446,93.6751730084138,0,False,False
8330f6fffffffff,10.886016257546745,92.0853037298678,0,False,False
833100fffffffff,52.4052031039605,118.9802873154694,0,False,False
833101fffffffff,52.21254982701633,120.5804245250449,0,False,False
833102fffffffff,51.77922547008805,117.9339108213552,0,False,False
833103fffffffff,16.554326112606653,99.28329923796662,0,False,False
833104fffffffff,53.2188370819075,118.42570525589814,0,False,False
833105fffffffff,53.03087542040353,120.0729745294983,0,False,False
833106fffffffff,52.57641323581563,117.36345445959589,0,False,False
833108fffffffff,14.592295774201403,99.49747057561105,0,False,False
833109fffffffff,13.616164670826231,99.60256763908862,0,False,False
83310afffffffff,15.04932974122,98.70340573082116,0,False,False
83310bfffffffff,14.079665951364236,98.81285213452726,0,False,False
83310cfffffffff,51.99906399091771,122.16166928247546,0,False,False
83310dfffffffff,14.125955369086826,100.29959070140352,0,False,False
83310efffffffff,15.571872016023525,99.39105583824808,0,False,False
833110fffffffff,18.644344322166027,97.96716850929836,0,False,False
833111fffffffff,17.837381749741013,98.24712723160354,0,False,False
833112fffffffff,18.84804527173901,96.94121626144133,0,False,False
833113fffffffff,18.03888943883043,97.23611873750365,0,False,False
833114fffffffff,51.78998688333674,115.0714756428178,0,False,False
833115fffffffff,51.84062870214535,116.4576370868852,0,False,False
833116fffffffff,50.89075708378381,114.37913430373156,0,False,False
833118fffffffff,16.4626728365877,97.80251805173836,0,False,False
83311cfffffffff,16.997341279633332,98.48041018457482,0,False,False
83311dfffffffff,16.022074642198113,98.59259996068305,0,False,False
83311efffffffff,17.243766956792243,97.5231194863614,0,False,False
833120fffffffff,54.702388870889216,118.96918608886564,0,False,False
833121fffffffff,54.50157084691113,120.69898741809828,0,False,False
833122fffffffff,54.04345611593685,117.83977013533922,0,False,False
833123fffffffff,53.86093358317668,119.53670327616612,0,False,False
833124fffffffff,55.55484130645398,118.367731958711,0,False,False
833125fffffffff,55.35978426126231,120.15276605823884,0,False,False
833126fffffffff,54.878656303409805,117.2198794489972,0,False,False
833128fffffffff,53.42687326169415,122.86996736405048,0,False,False
833129fffffffff,53.17683325075771,124.50152234033612,0,False,False
83312afffffffff,52.820910773619175,121.70108399864648,0,False,False
83312bfffffffff,52.589639608753686,123.30778611009684,0,False,False
83312cfffffffff,54.27691913372208,122.4065121448488,0,False,False
83312dfffffffff,54.02924251362992,124.08921767074132,0,False,False
83312efffffffff,53.65516992334287,121.21426671060492,0,False,False
833130fffffffff,53.52637650846925,115.08355776299484,0,False,False
833131fffffffff,53.38417996099069,116.76170326576228,0,False,False
833132fffffffff,52.62871021514862,114.36113464566996,0,False,False
833133fffffffff,52.680314175957214,115.7880730211784,0,False,False
833134fffffffff,54.33640563239507,114.39871270862764,0,False,False
833135fffffffff,54.20211985486916,116.12615376313153,0,False,False
833136fffffffff,53.47321973477229,113.61387809741308,0,False,False
833140fffffffff,10.354937832363644,100.29956993261447,0,False,False
833141fffffffff,9.462999855594289,100.11248078288716,0,False,False
833144fffffffff,10.759694269246348,101.22888117666017,0,False,False
833145fffffffff,9.870412470816822,101.04573040552629,0,False,False
833146fffffffff,11.233553738720923,100.48493027733902,0,False,False
83314afffffffff,8.644221842454044,98.25997314190164,0,False,False
83314cfffffffff,8.557905772982853,99.92364257465653,0,False,False
83314efffffffff,9.054143334994432,99.18374449103514,0,False,False
833162fffffffff,52.305168484149775,129.2318595029859,0,False,False
833163fffffffff,10.276002405050638,101.98302777719928,0,False,False
833164fffffffff,53.69184120022205,130.29794196807126,0,False,False
833166fffffffff,53.157306789137245,128.96670965318037,0,False,False
833168fffffffff,50.70424693277781,132.8506691398941,0,False,False
83316afffffffff,8.96770552493481,100.86084386902596,0,False,False
83316bfffffffff,8.051754193229423,100.67420067987264,0,False,False
83316cfffffffff,51.72649191221932,132.9422103263003,0,False,False
83316dfffffffff,51.145377341252754,134.13004290675568,0,False,False
83316efffffffff,9.376034585604264,101.80222893563786,0,False,False
833170fffffffff,52.066316642156025,126.4489526204312,0,False,False
833171fffffffff,11.678684126655336,101.30036120952084,0,False,False
833172fffffffff,13.143625986679517,100.4002039329732,0,False,False
833173fffffffff,12.16567749904184,100.49956732487902,0,False,False
833174fffffffff,52.90591148240996,126.10687104175202,0,False,False
833175fffffffff,52.61503147812572,127.68418269536932,0,False,False
833176fffffffff,52.33783076556954,124.89102632589122,0,False,False
8331a4fffffffff,20.50833522069135,96.3264318297453,0,False,False
8331a5fffffffff,19.67121152945221,96.6380974673657,0,False,False
833840fffffffff,-12.288419317414512,18.13399151762229,0,False,False
833841fffffffff,-12.870758970463507,19.120686349356124,0,False,False
833842fffffffff,-12.824095121463992,17.095796717136317,0,False,False
833843fffffffff,-13.41247129075278,18.077792315390003,0,False,False
833844fffffffff,-11.173763931458495,18.189247874079417,0,False,False
833845fffffffff,-11.748847469006057,19.167951138030272,0,False,False
833846fffffffff,-11.70747924648118,17.159873032220496,0,False,False
833848fffffffff,-14.431427545060885,19.79738149448088,0,False,False
833849fffffffff,-15.066948045301194,20.785716889892747,0,False,False
83384afffffffff,-14.93173211457728,18.716090965049283,0,False,False
83384bfffffffff,-15.573583886389452,19.700164122941715,0,False,False
83384cfffffffff,-13.297153795137325,19.89294219816299,0,False,False
83384dfffffffff,-13.926427835139489,20.873360241760743,0,False,False
83384efffffffff,-13.796004663051733,18.821088513996663,0,False,False
833851fffffffff,-13.35525889387026,16.05402616251048,0,False,False
833853fffffffff,-13.881309078960816,15.009353274783802,0,False,False
833855fffffffff,-12.237296405962455,16.126941006950307,0,False,False
833858fffffffff,-15.083415212091476,16.96433724759757,0,False,False
833859fffffffff,-15.426731082718776,17.63022461852723,0,False,False
83385afffffffff,-15.615891478636604,15.904437526347849,0,False,False
83385bfffffffff,-15.915830828063724,16.540537792047957,0,False,False
83385cfffffffff,-13.949665410578506,17.030627465757625,0,False,False
83385dfffffffff,-14.290192149665437,17.744663645994397,0,False,False
83385efffffffff,-14.481720118749784,15.979868926138566,0,False,False
833862fffffffff,-10.069223497678475,18.24358481411445,0,False,False
833863fffffffff,-10.636759527583262,19.214423204127336,0,False,False
833868fffffffff,-11.67118688340029,21.04420011761184,0,False,False
833869fffffffff,-12.287889972462713,22.020094123083563,0,False,False
83386afffffffff,-12.171569933058407,19.98688770447844,0,False,False
83386bfffffffff,-12.794243980875198,20.959508804956258,0,False,False
83386efffffffff,-11.20600647868773,20.19703254131892,0,False,False
8338c8fffffffff,-18.30973435700192,12.605692095088184,0,False,False
8338c9fffffffff,-18.944141907521416,13.584385893584006,0,False,False
8338cbfffffffff,-19.45127245378867,12.499341798533417,0,False,False
8338cdfffffffff,-17.800111981857288,13.681350630617624,0,False,False
8338e9fffffffff,-16.141984543131056,14.841636964184229,0,False,False
8338ebfffffffff,-16.66111339487619,13.776657516535774,0,False,False
8338edfffffffff,-15.00803143878465,14.92620813427993,0,False,False
833c48fffffffff,-22.57664185915008,144.31329021770026,0,False,False
833c4afffffffff,-23.50991683432448,144.82037687838877,0,False,False
833c4bfffffffff,-22.58971744423508,145.48289605621105,0,False,False
833c4cfffffffff,-22.555333260471773,143.15437186025414,0,False,False
833c60fffffffff,-23.1850260671208,139.0977451164571,0,False,False
833c61fffffffff,-22.31795159896395,139.79428502606484,0,False,False
833c63fffffffff,-23.33438795536198,140.20068959906484,0,False,False
833c64fffffffff,-23.02577338843621,137.98212694553638,0,False,False
833c65fffffffff,-22.158258009116487,138.6938667382643,0,False,False
833c66fffffffff,-24.05542049928036,138.38684105850234,0,False,False
833c68fffffffff,-21.606304772683902,141.5489178232733,0,False,False
833c6bfffffffff,-21.6340129186954,142.67852071698027,0,False,False
833c6cfffffffff,-21.45497037842877,140.4766920535253,0,False,False
833c6efffffffff,-22.468139618678023,140.8818228574633,0,False,False
833cc8fffffffff,-47.47102212314204,116.92758565783068,0,False,False
833cc9fffffffff,-49.28995968361155,102.40426512186482,0,False,False
833ccbfffffffff,-49.09892840084957,104.09671334601184,0,False,False
833cccfffffffff,-48.56567602617909,116.51587526477029,0,False,False
833ccdfffffffff,-47.744772907714776,115.322559919545,0,False,False
833ccefffffffff,-48.27840765876749,118.1467913295204,0,False,False
833ce9fffffffff,-49.06347104814539,113.24856337522746,0,False,False
833cebfffffffff,-48.82734786801575,114.8822487349303,0,False,False
833d29fffffffff,34.0510084995463,81.13182876367524,0,False,False
833d42fffffffff,-24.417136136546493,134.18948205197984,0,False,False
833d43fffffffff,-23.546355062966622,134.9597529038059,0,False,False
833d46fffffffff,-24.22459883112827,133.01149238614502,0,False,False
833d4afffffffff,-22.85645408885405,136.85447542058452,0,False,False
833d50fffffffff,-26.344012467896405,133.80184437146443,0,False,False
833d51fffffffff,-25.47128532163564,134.58721215190852,0,False,False
833d54fffffffff,-26.159115071191,132.60478284869637,0,False,False
833d55fffffffff,-25.28836346765491,133.4045321976956,0,False,False
833d58fffffffff,-24.76886375889589,136.51522238958165,0,False,False
833d59fffffffff,-23.896251715145688,137.2559793349683,0,False,False
833d5bfffffffff,-24.92832809470792,137.66134964491968,0,False,False
833d5cfffffffff,-24.59851752529691,135.35767093110994,0,False,False
833d5dfffffffff,-23.726613984357154,136.11337047793307,0,False,False
833d60fffffffff,37.7544856903353,83.44054634045669,0,False,False
833d61fffffffff,38.60648445138538,84.39774972824434,0,False,False
833d63fffffffff,37.514974900152914,84.81345817637644,0,False,False
833d66fffffffff,36.89039399248452,82.50038317711217,0,False,False
833d68fffffffff,39.1765442138953,86.75187545817577,0,False,False
833d6cfffffffff,39.44547193331715,85.37191201082271,0,False,False
833d6efffffffff,38.352381794360646,85.77462005208044,0,False,False
833d70fffffffff,-24.887714191119283,131.01208372118776,0,False,False
833d71fffffffff,-24.02081981139868,131.82458575741515,0,False,False
833d72fffffffff,-25.96221943177326,131.39888414294794,0,False,False
833d73fffffffff,-25.093866698192468,132.21251197543242,0,False,False
833d76fffffffff,-25.75325163484161,130.1851293611816,0,False,False
833e00fffffffff,-24.64148924132856,24.50851756525099,0,False,False
833e01fffffffff,-25.27512787102326,25.608483322510708,0,False,False
833e04fffffffff,-23.46123938951414,24.56834559669756,0,False,False
833e05fffffffff,-24.09454252029227,25.658244952581683,0,False,False
833e06fffffffff,-23.99992910771753,23.419724420894013,0,False,False
833e08fffffffff,-27.079209586051785,26.67874499169752,0,False,False
833e09fffffffff,-27.69294374385004,27.809773358364684,0,False,False
833e0cfffffffff,-25.90000044460233,26.71897171664997,0,False,False
833e0dfffffffff,-26.51528824978815,27.839288694089685,0,False,False
833e10fffffffff,-25.050040027374727,21.096076610282207,0,False,False
833e12fffffffff,-25.56006166098905,19.92278463184089,0,False,False
833e14fffffffff,-23.873057085855898,21.18789872004349,0,False,False
833e15fffffffff,-24.529768037737647,22.262018874316144,0,False,False
833e16fffffffff,-24.38525673048348,20.02580199002297,0,False,False
833e20fffffffff,-21.73583158847647,25.75500568409748,0,False,False
833e21fffffffff,-22.360307478569787,26.835158896516592,0,False,False
833e22fffffffff,-22.28197007602758,24.627063684890533,0,False,False
833e23fffffffff,-22.914443077218824,25.70707716350391,0,False,False
833e24fffffffff,-20.55970244651432,25.80205530469932,0,False,False
833e25fffffffff,-21.1830574200303,26.87245923481831,0,False,False
833e26fffffffff,-21.10468083207828,24.684702313843832,0,False,False
833e28fffffffff,-24.15646459177009,27.89664668116834,0,False,False
833e29fffffffff,-24.764403031645426,29.004847006611765,0,False,False
833e2afffffffff,-24.7197788000644,26.758435429448785,0,False,False
833e2bfffffffff,-25.33612921775457,27.86824115669746,0,False,False
833e2cfffffffff,-22.97729485049668,27.92452060714013,0,False,False
833e2dfffffffff,-23.586001429846064,29.022411893473908,0,False,False
833e2efffffffff,-23.53954702437525,26.797157598724688,0,False,False
833e30fffffffff,-22.173816567170658,22.421910783274747,0,False,False
833e31fffffffff,-22.82071106787308,23.489370894055632,0,False,False
833e32fffffffff,-22.696519606487648,21.27802811508059,0,False,False
833e33fffffffff,-23.351312527990085,22.34270849098201,0,False,False
833e34fffffffff,-20.998278300362475,22.49966620417457,0,False,False
833e35fffffffff,-21.642964811451503,23.557734789086645,0,False,False
833e36fffffffff,-21.52142686507425,21.366510740999075,0,False,False
833e46fffffffff,-28.295949384023665,31.25164839816177,0,False,False
833e54fffffffff,-28.29561465818904,28.95009365312552,0,False,False
833e55fffffffff,-28.88647894023582,30.0989069754392,0,False,False
833e60fffffffff,-25.92319055475695,33.48449428126317,0,False,False
833e61fffffffff,-26.074684731754232,34.80256217161631,0,False,False
833e62fffffffff,-26.526886074038444,32.37419879888913,0,False,False
833e64fffffffff,-24.753764927165125,33.45989589369928,0,False,False
833e65fffffffff,-24.90904493739706,34.84185934931063,0,False,False
833e66fffffffff,-25.35493576285456,32.35995229395704,0,False,False
833e70fffffffff,-26.53904024083643,30.11379348911839,0,False,False
833e71fffffffff,-27.124121037725327,31.24799349970535,0,False,False
833e72fffffffff,-27.120203548730128,28.96869783923808,0,False,False
833e73fffffffff,-27.71399444049945,30.10642251132849,0,False,False
833e74fffffffff,-25.362599089693983,30.12102403961165,0,False,False
833e75fffffffff,-25.9503236541066,31.244408448179424,0,False,False
833e76fffffffff,-25.9428025460126,28.98694557594796,0,False,False
833e80fffffffff,-28.18394209403729,16.228925216580322,0,False,False
833e81fffffffff,-28.876354893759977,17.299739719691512,0,False,False
833e83fffffffff,-29.341987786752007,16.087016283169213,0,False,False
833e84fffffffff,-27.02237090637842,16.368193973196554,0,False,False
833e85fffffffff,-27.71310573393724,17.430023530254317,0,False,False
833e86fffffffff,-27.48535727703425,15.175028573161432,0,False,False
833e88fffffffff,-30.72139455632078,18.26385489792681,0,False,False
833e89fffffffff,-31.3983982335617,19.37729706743178,0,False,False
833e8afffffffff,-31.189890287872743,17.031597059159186,0,False,False
833e8bfffffffff,-31.87575653378154,18.13817548510774,0,False,False
833e8cfffffffff,-29.56161195427004,18.387116889213434,0,False,False
833e8dfffffffff,-30.238736207424623,19.49064277694012,0,False,False
833e8efffffffff,-30.035596859971573,17.16695464952562,0,False,False
833ea0fffffffff,-25.37844229760648,17.68335974581623,0,False,False
833ea1fffffffff,-26.059186650892507,18.743065777563075,0,False,False
833ea2fffffffff,-25.85823718729016,16.50489395286873,0,False,False
833ea3fffffffff,-26.54680986113429,17.557874785747522,0,False,False
833ea4fffffffff,-24.20898783152609,17.806542330774306,0,False,False
833ea5fffffffff,-24.887257242271183,18.85731354702364,0,False,False
833ea6fffffffff,-24.69251593469224,16.639094062679575,0,False,False
833ea8fffffffff,-27.90547822519485,19.710841784220825,0,False,False
833ea9fffffffff,-28.57366036122448,20.80996844684024,0,False,False
833eaafffffffff,-28.3973430310104,18.508029433819647,0,False,False
833eabfffffffff,-29.07411317225883,19.60180376617527,0,False,False
833eacfffffffff,-26.733799932073342,19.8178163054414,0,False,False
833eaefffffffff,-27.22954363746491,18.62665802355141,0,False,False
833eb0fffffffff,-25.62530098841196,14.294414509532958,0,False,False
833eb1fffffffff,-26.32611209746592,15.322892122205676,0,False,False
833eb4fffffffff,-24.46741668413048,14.447676348547157,0,False,False
833eb5fffffffff,-25.164787112561413,15.468062949327036,0,False,False
833ec0fffffffff,-32.84693410671478,24.05582547051964,0,False,False
833ec2fffffffff,-33.3670871413406,22.8117283761364,0,False,False
833ec3fffffffff,-33.99948842773324,23.98586965430354,0,False,False
833ec4fffffffff,-31.687600352555258,24.12438090226964,0,False,False
833ec6fffffffff,-32.21176782460719,22.893063166292663,0,False,False
833ed0fffffffff,-33.21817464384115,20.401686945758723,0,False,False
833ed1fffffffff,-33.872814446071494,21.557571070690702,0,False,False
833ed2fffffffff,-33.699166480429106,19.143792462925667,0,False,False
833ed3fffffffff,-34.36348110692123,20.294446398896124,0,False,False
833ed4fffffffff,-32.06564071145392,20.50679850693161,0,False,False
833ed5fffffffff,-32.72217636460598,21.651812666962883,0,False,False
833ed6fffffffff,-32.55217404834646,19.26170250574388,0,False,False
833edefffffffff,-35.015792758796366,21.461400754784624,0,False,False
833ef0fffffffff,-30.401428758408272,21.83473530135384,0,False,False
833ef1fffffffff,-31.05010820052209,22.972783357477496,0,False,False
833ef2fffffffff,-30.906763258366148,20.60984317068786,0,False,False
833ef3fffffffff,-31.564747440237216,21.744182494046267,0,False,False
833ef6fffffffff,-29.74245638757208,20.710880660815484,0,False,False
833f02fffffffff,-16.966375702175807,23.819044505586287,0,False,False
833f03fffffffff,-17.594506862295727,24.85143004968568,0,False,False
833f09fffffffff,-19.452691332324147,28.005097827771987,0,False,False
833f0afffffffff,-19.387037405883085,25.848249919455192,0,False,False
833f0bfffffffff,-20.00878397425432,26.909077800134952,0,False,False
833f10fffffffff,-16.855118489889637,21.704836803417383,0,False,False
833f11fffffffff,-17.49320945359389,22.72463449577026,0,False,False
833f12fffffffff,-17.369646683669913,20.60578918235537,0,False,False
833f13fffffffff,-18.014665637871527,21.622513398623347,0,False,False
833f14fffffffff,-15.701801499491388,21.785720051964702,0,False,False
833f15fffffffff,-16.335207834328482,22.79697902568917,0,False,False
833f16fffffffff,-16.21497575332021,20.69653992514865,0,False,False
833f18fffffffff,-19.29585431831267,23.69075326125863,0,False,False
833f19fffffffff,-19.93036101135528,24.741290865704475,0,False,False
833f1afffffffff,-19.825685709118552,22.576013763379,0,False,False
833f1bfffffffff,-20.46768516918632,23.624851022422472,0,False,False
833f1cfffffffff,-18.12843695811199,23.75547397862477,0,False,False
833f1dfffffffff,-18.759984874555936,24.79685766989948,0,False,False
833f1efffffffff,-18.65701171216135,22.65099109063165,0,False,False
833f32fffffffff,-14.555597800759276,21.86520029338623,0,False,False
833f33fffffffff,-15.183907336907357,22.8680585183982,0,False,False
833f36fffffffff,-13.417356610556649,21.943313420714485,0,False,False
833f40fffffffff,-20.672012222581163,32.30557052840656,0,False,False
833f41fffffffff,-21.249356128894643,33.38880277817491,0,False,False
833f42fffffffff,-21.25512834717145,31.230728141780737,0,False,False
833f43fffffffff,-21.840056158168164,32.318789742036415,0,False,False
833f45fffffffff,-20.86429200103648,33.96066052394394,0,False,False
833f48fffffffff,-22.98193708079605,34.50978302015464,0,False,False
833f49fffffffff,-23.53762620827188,35.61116794688148,0,False,False
833f4afffffffff,-23.584335358819523,33.43575624021346,0,False,False
833f4bfffffffff,-24.14770026291236,34.54377075856263,0,False,False
833f4cfffffffff,-21.81761426863991,34.476418039012295,0,False,False
833f4dfffffffff,-23.261788520755395,36.03893821295769,0,False,False
833f4efffffffff,-22.41587599750979,33.41206261532797,0,False,False
833f50fffffffff,-21.23317260467765,29.056569284589468,0,False,False
833f51fffffffff,-21.834263872106515,30.14191214026512,0,False,False
833f52fffffffff,-21.79961792639489,27.951877706429745,0,False,False
833f53fffffffff,-22.40859416257725,29.0396496353932,0,False,False
833f56fffffffff,-20.62442415705537,27.978732209043564,0,False,False
833f58fffffffff,-23.60075472249505,31.237440027350463,0,False,False
833f59fffffffff,-24.18249336527482,32.345973554991765,0,False,False
833f5afffffffff,-24.18566122916142,30.128118137719184,0,False,False
833f5bfffffffff,-24.77553922860622,31.24089126034739,0,False,False
833f5cfffffffff,-22.42695709695732,31.234052911253364,0,False,False
833f5dfffffffff,-23.01054045884553,32.33225510482026,0,False,False
833f5efffffffff,-23.00921940950962,30.13507960974473,0,False,False
833f60fffffffff,-18.550556151003185,34.04702435737628,0,False,False
833f61fffffffff,-19.174780872259483,35.07696763285138,0,False,False
833f63fffffffff,-19.705043569609657,34.00424382429921,0,False,False
833f64fffffffff,-16.73142173900106,34.42553360694411,0,False,False
833f65fffffffff,-18.02569104773458,35.109635270327246,0,False,False
833f68fffffffff,-20.944596428537302,36.08763203863531,0,False,False
833f69fffffffff,-21.55101711909537,37.13540058576686,0,False,False
833f6afffffffff,-21.4875935926462,35.00978656719737,0,False,False
833f6bfffffffff,-22.101767213485072,36.063515080261126,0,False,False
833f6cfffffffff,-19.79120606075648,36.11130186957103,0,False,False
833f6efffffffff,-20.329051251560703,35.04369046414988,0,False,False
833f80fffffffff,-20.033406116580053,17.152192445332435,0,False,False
833f81fffffffff,-20.70399413194704,18.162882018875703,0,False,False
833f82fffffffff,-20.51818742009576,16.02320496022436,0,False,False
833f83fffffffff,-21.19565618264436,17.027349024873256,0,False,False
833f84fffffffff,-18.87445424419272,17.27484664644289,0,False,False
833f85fffffffff,-19.540062910263803,18.277450925932985,0,False,False
833f86fffffffff,-19.36107764575304,16.15593150611048,0,False,False
833f88fffffffff,-22.54265389338312,19.07956178761372,0,False,False
833f89fffffffff,-23.21038343165988,20.12692162307755,0,False,False
833f8afffffffff,-23.03943611788272,17.927484221863022,0,False,False
833f8bfffffffff,-23.714747989020385,18.96946001439171,0,False,False
833f8cfffffffff,-21.371967368985,19.187673489539826,0,False,False
833f8dfffffffff,-22.0364399864273,20.226194877695782,0,False,False
833f8efffffffff,-21.870776716852056,18.046244956510865,0,False,False
833f90fffffffff,-20.30844690983466,13.910197534914587,0,False,False
833f91fffffffff,-20.99385331452118,14.891350294734313,0,False,False
833f92fffffffff,-20.76817060672385,12.785091039805744,0,False,False
833f93fffffffff,-21.459886024471125,13.75750359334348,0,False,False
833f94fffffffff,-19.1597107773386,14.06026905760075,0,False,False
833f95fffffffff,-19.839251488375407,15.034097995168526,0,False,False
833f96fffffffff,-19.622725917465072,12.944857382575682,0,False,False
833f98fffffffff,-22.839793745689548,15.75060833320172,0,False,False
833f99fffffffff,-23.526189385395583,16.770860822098957,0,False,False
833f9afffffffff,-23.308900528362816,14.59820640012585,0,False,False
833f9bfffffffff,-24.00235514397722,15.610612131948278,0,False,False
833f9cfffffffff,-21.67808035113539,15.888117900626831,0,False,False
833f9dfffffffff,-22.360242127649496,16.90025846300808,0,False,False
833f9efffffffff,-22.150723316892982,14.746075033858276,0,False,False
833fa0fffffffff,-17.224574483014642,18.50059699343128,0,False,False
833fa1fffffffff,-17.878134626066842,19.500586373190337,0,False,False
833fa2fffffffff,-17.719745982506865,17.395367616823012,0,False,False
833fa3fffffffff,-18.379942865680807,18.390005309357537,0,False,False
833fa4fffffffff,-16.07487455698838,18.60927606919504,0,False,False
833fa5fffffffff,-16.7227787719363,19.60124720077496,0,False,False
833fa6fffffffff,-16.57020541012606,17.513809489908184,0,False,False
833fa8fffffffff,-19.695305010388548,20.41939864792322,0,False,False
833fa9fffffffff,-20.34877049467828,21.45339091108718,0,False,False
833faafffffffff,-20.20367325882823,19.293847842833035,0,False,False
833fabfffffffff,-20.864419505576457,20.323671286795875,0,False,False
833facfffffffff,-18.53006457998256,20.5134230976716,0,False,False
833fadfffffffff,-19.17952953484292,21.53871137747212,0,False,False
833faefffffffff,-19.03874394723637,19.39813575062932,0,False,False
833fb0fffffffff,-17.54063181956297,15.312263324671,0,False,False
833fb1fffffffff,-18.207699280955104,16.286357485999396,0,False,False
833fb2fffffffff,-18.014611206491555,14.207783136628796,0,False,False
833fb3fffffffff,-18.68786682950919,15.174381802856423,0,False,False
833fb4fffffffff,-16.398458095963544,15.447802186796276,0,False,False
833fb5fffffffff,-17.05898163997481,16.414540882731078,0,False,False
833fb6fffffffff,-17.282334515806905,14.755603138410509,0,False,False
834000fffffffff,0.9281310827507674,154.69980474128917,0,False,False
834001fffffffff,0.2842159922234535,153.84718697403736,0,False,False
834002fffffffff,1.9441318541832304,154.51625651669977,0,False,False
834003fffffffff,1.3095708320931307,153.6680533486653,0,False,False
834004fffffffff,0.5453972474520424,155.73401647339438,0,False,False
834005fffffffff,-0.101162646723282,154.8856456922682,0,False,False
834006fffffffff,1.565187772985759,155.5439134860278,0,False,False
83400cfffffffff,-0.366069236402013,152.98631408978486,0,False,False
83400efffffffff,0.6683478167391487,152.81176897253263,0,False,False
834010fffffffff,3.5641671792341065,155.17061570649304,0,False,False
834011fffffffff,2.946438510426112,154.33496254899055,0,False,False
834012fffffffff,4.542645820754261,154.98734547228386,0,False,False
834013fffffffff,3.9346957003745273,154.15588512720373,0,False,False
834014fffffffff,3.1914595521274234,156.18742827759917,0,False,False
834015fffffffff,2.571570286018572,155.35612592525223,0,False,False
834016fffffffff,4.174131252602163,155.99787395765935,0,False,False
83401cfffffffff,2.321345000853547,153.49114688811025,0,False,False
83401efffffffff,3.31915991287129,153.3164296244702,0,False,False
834020fffffffff,-0.8740140533852142,156.96899030775708,0,False,False
834021fffffffff,-1.5326679731383497,156.12132478532982,0,False,False
834022fffffffff,0.1617729036688396,156.77002145269535,0,False,False
834023fffffffff,-0.4873778990348639,155.92647371294328,0,False,False
834024fffffffff,-1.260652103173444,158.01250807145,0,False,False
834025fffffffff,-1.921966424508436,157.17041039282316,0,False,False
834026fffffffff,-0.2223332999918431,157.80714558722005,0,False,False
834028fffffffff,-1.8054881127801512,154.21229154712617,0,False,False
834029fffffffff,-2.473392484291045,153.34214886931812,0,False,False
83402afffffffff,-0.7542943946426763,154.02858651996272,0,False,False
83402bfffffffff,-1.4134816624014157,153.1630941319889,0,False,False
83402cfffffffff,-2.197791506328189,155.26436353752229,0,False,False
83402dfffffffff,-2.8688456286884407,154.39834243856464,0,False,False
83402efffffffff,-1.1433016837230725,155.07381861321755,0,False,False
834030fffffffff,1.8169088450253184,157.40377389367325,0,False,False
834031fffffffff,1.1849033262345938,156.5734640644193,0,False,False
834032fffffffff,2.8169448369103907,157.20568720127824,0,False,False
834033fffffffff,2.1949320554218192,156.37927911064443,0,False,False
834034fffffffff,1.4378919479123575,158.42895693465482,0,False,False
834035fffffffff,0.8036757928316088,157.60424722367645,0,False,False
834036fffffffff,2.441002799165102,158.22475137871135,0,False,False
834040fffffffff,-3.693711531892921,148.56839164830393,0,False,False
834042fffffffff,-2.6193212285068563,148.4193092307015,0,False,False
834043fffffffff,-24.4639268657833,148.98702270235802,0,False,False
834045fffffffff,-46.59195550962483,99.2709195366461,0,False,False
834048fffffffff,-47.150850810239966,112.59169947002472,0,False,False
834049fffffffff,-47.99363159629219,113.71678616158457,0,False,False
83404afffffffff,-47.36380738430686,111.0175264986497,0,False,False
83404bfffffffff,-48.2177052743985,112.11278420382509,0,False,False
83404cfffffffff,-48.550145776763856,99.66472923588202,0,False,False
83404dfffffffff,-49.4546773748673,100.7152347004904,0,False,False
83404efffffffff,-48.678513246868775,98.01826008223613,0,False,False
834050fffffffff,-0.8982889699190947,149.1590721735772,0,False,False
834051fffffffff,-1.5573506831419308,148.2722041629404,0,False,False
834052fffffffff,0.1430667309975803,149.0085940206587,0,False,False
834053fffffffff,-0.5083230875525205,148.1270392658015,0,False,False
834058fffffffff,-23.527477039439084,147.20537505606725,0,False,False
83405bfffffffff,-23.52320320236861,146.00803646892234,0,False,False
83405dfffffffff,-48.782289893812106,96.38224886431396,0,False,False
834060fffffffff,-20.3765952461909,151.43918497609877,0,False,False
834061fffffffff,-21.486840254723862,151.17830641972543,0,False,False
834062fffffffff,-4.5054823769196455,150.6829060225702,0,False,False
834063fffffffff,-20.74571119586616,150.2877447135776,0,False,False
834064fffffffff,-19.99859046707461,152.58919725592324,0,False,False
834065fffffffff,-21.11134003998234,152.34038273061395,0,False,False
834066fffffffff,-4.911697974545446,151.74860271524574,0,False,False
834068fffffffff,-47.32936782001797,101.90157737594046,0,False,False
834069fffffffff,-48.217940280941086,102.97840287466798,0,False,False
83406bfffffffff,-48.39673629720604,101.3190159811216,0,False,False
83406cfffffffff,-46.25354324824131,102.46390389420569,0,False,False
83406dfffffffff,-47.13707716797742,103.53201609680804,0,False,False
83406efffffffff,-46.43467165779664,100.8646901632308,0,False,False
834074fffffffff,-3.146437120246213,152.4636679734103,0,False,False
834076fffffffff,-2.0781749221497843,152.28944413426746,0,False,False
834081fffffffff,19.83847676107329,85.84159503548487,0,False,False
834084fffffffff,18.027079739385627,85.83018822914761,0,False,False
834085fffffffff,6.8122820805662645,153.6315860863286,0,False,False
83408cfffffffff,6.580033718613938,151.80930723481157,0,False,False
83408dfffffffff,5.987616990869654,150.9730337663482,0,False,False
8340a0fffffffff,6.096708139843983,155.62550788363612,0,False,False
8340a1fffffffff,5.506717485159481,154.8062785785063,0,False,False
8340a2fffffffff,7.0361196400912815,155.44262433478696,0,False,False
8340a3fffffffff,6.456136056290915,154.62737908078662,0,False,False
8340a4fffffffff,5.734327996793143,156.6253731340356,0,False,False
8340a5fffffffff,5.142636650994048,155.8105792370512,0,False,False
8340a8fffffffff,5.271624954144967,152.97341465486278,0,False,False
8340aafffffffff,6.2257416685149405,152.80504480234472,0,False,False
8340abfffffffff,5.631406758382915,151.97123259877742,0,False,False
8340acfffffffff,4.908592913230406,153.97898728363188,0,False,False
8340adfffffffff,4.3026826713277,153.14386436085553,0,False,False
8340aefffffffff,5.867863266520023,153.80423277874198,0,False,False
8340b5fffffffff,16.230226944847864,85.81910271202666,0,False,False
8340c4fffffffff,3.183844202464463,148.56874758764337,0,False,False
8340c5fffffffff,2.5565939673349654,147.70282678312833,0,False,False
8340c6fffffffff,4.168486224666229,148.42587783326402,0,False,False
8340dbfffffffff,27.95105870350746,85.49272123168802,0,False,False
8340e0fffffffff,1.8092872839392973,149.73028105399675,0,False,False
8340e1fffffffff,1.170801610114898,148.86007100208997,0,False,False
8340e2fffffffff,2.8146097663738754,149.57860827046557,0,False,False
8340e3fffffffff,2.1845127221795435,148.71346721745496,0,False,False
8340ecfffffffff,0.5272867540567454,147.98377823468405,0,False,False
8340eefffffffff,1.5490521594394562,147.84238561581031,0,False,False
8340f0fffffffff,4.420836229941436,150.28285737406705,0,False,False
8340f1fffffffff,3.805419374427448,149.42886628774053,0,False,False
8340f2fffffffff,5.387948704106524,150.13017455344868,0,False,False
8340f3fffffffff,4.781428638437966,149.28102047730883,0,False,False
8340f5fffffffff,3.4388345677236893,150.43747901957704,0,False,False
8340f6fffffffff,5.029640255859506,151.13041084064605,0,False,False
834108fffffffff,-2.698647884723937,159.27051250141986,0,False,False
834109fffffffff,-3.372126336435292,158.4307852705493,0,False,False
83410afffffffff,-1.646872008408957,159.0563356246002,0,False,False
83410bfffffffff,-2.3107688144671346,158.22037446538863,0,False,False
83410dfffffffff,-3.7612613545100446,159.48728136270455,0,False,False
834119fffffffff,-0.6065098074029868,158.84471039807744,0,False,False
83411bfffffffff,0.4219071045605657,158.6355971644962,0,False,False
834140fffffffff,-17.707505203574623,156.2289483278249,0,False,False
834141fffffffff,-18.815517756124468,156.021512109541,0,False,False
834142fffffffff,-5.429719127316233,155.85064284752926,0,False,False
834143fffffffff,-18.10960931101096,155.1009019332188,0,False,False
834144fffffffff,-17.2989951565064,157.35191082641305,0,False,False
834145fffffffff,-18.40638155817335,157.15673167532836,0,False,False
834146fffffffff,-5.827961998585057,156.92548624058006,0,False,False
834148fffffffff,-20.333378302276422,154.65701056128754,0,False,False
834149fffffffff,-21.45614036031813,154.42800406428748,0,False,False
83414afffffffff,-19.6121086036637,153.73686007289254,0,False,False
83414bfffffffff,-20.726707350388068,153.50026444064835,0,False,False
83414cfffffffff,-19.93182154059076,155.8096953927317,0,False,False
83414dfffffffff,-21.055607233110656,155.59336391769722,0,False,False
83414efffffffff,-19.217593335335728,154.88126323734028,0,False,False
834150fffffffff,-3.6586817875674766,156.51837061172725,0,False,False
834151fffffffff,-4.341611187708476,155.652733574579,0,False,False
834152fffffffff,-2.589956782769443,156.31861004044902,0,False,False
834153fffffffff,-3.264090681242072,155.45732130430883,0,False,False
834154fffffffff,-4.052173405769219,157.58076703531245,0,False,False
834155fffffffff,-4.738234620316476,156.72064843051706,0,False,False
834156fffffffff,-2.9815471162830884,157.37432221450868,0,False,False
834158fffffffff,-4.628483563212773,153.70724579106917,0,False,False
834159fffffffff,-5.317506777852241,152.8189981470099,0,False,False
83415afffffffff,-3.545257094503468,153.52351892426867,0,False,False
83415bfffffffff,-4.2264200446594,152.64017209583133,0,False,False
83415cfffffffff,-5.029738482554281,154.7776475645877,0,False,False
83415dfffffffff,-18.504808500713263,153.96861683717097,0,False,False
83415efffffffff,-3.943800219800792,154.586780417356,0,False,False
834160fffffffff,-17.569040402433384,159.40870377132535,0,False,False
834161fffffffff,-18.68289914098581,159.2344437163408,0,False,False
834162fffffffff,-16.884598611596353,158.46896743545017,0,False,False
834163fffffffff,-17.9907079570253,158.28607039297444,0,False,False
834164fffffffff,-17.141939122147328,160.52383764481843,0,False,False
834165fffffffff,-18.253665661398045,160.3620784738881,0,False,False
834166fffffffff,-16.464852236363924,159.57932271742607,0,False,False
83416afffffffff,-19.522535468503364,156.95741285313275,0,False,False
83416efffffffff,-19.106045180275764,158.09928057379136,0,False,False
834170fffffffff,-5.526112548649823,158.85940574624468,0,False,False
834171fffffffff,-6.224008446924115,158.00142457864388,0,False,False
834172fffffffff,-4.444122813671385,158.64378171148454,0,False,False
834173fffffffff,-5.133217659863624,157.78978688611153,0,False,False
834175fffffffff,-6.6174073095269454,159.07770007672465,0,False,False
834176fffffffff,-4.834092597708764,159.70668322793523,0,False,False
834188fffffffff,4.407057023719292,157.82349421240744,0,False,False
834189fffffffff,3.8034075854129297,157.0099494310814,0,False,False
83418bfffffffff,4.775964985503852,156.8165235374915,0,False,False
83418dfffffffff,3.430842292005181,158.02294281727558,0,False,False
834221fffffffff,-39.315488232229455,59.55643733100229,0,False,False
834224fffffffff,-32.60913074817651,55.68657205902724,0,False,False
834226fffffffff,-32.27488708913116,54.49658022186031,0,False,False
83422cfffffffff,-39.87316292244432,60.76340873727283,0,False,False
83422dfffffffff,-40.42332909764082,62.00189266004685,0,False,False
834264fffffffff,-41.38613758013522,67.13288645208736,0,False,False
834265fffffffff,-41.88017033964473,68.50286940018904,0,False,False
834266fffffffff,-42.01697875896158,65.90627521436862,0,False,False
834300fffffffff,-34.18755901290951,54.03185354016495,0,False,False
834302fffffffff,-35.24439876325277,54.07231227767012,0,False,False
834303fffffffff,-34.74761887514948,55.18398751165753,0,False,False
834304fffffffff,-33.983720956943635,52.28525018436274,0,False,False
834308fffffffff,-32.19700144856546,57.89566848724711,0,False,False
834309fffffffff,-33.25375089956681,58.13344189396757,0,False,False
83430afffffffff,-31.884041762364262,56.684472121843285,0,False,False
83430bfffffffff,-32.935680503563354,56.89901751495896,0,False,False
83430cfffffffff,-31.4514887316669,58.87507438475723,0,False,False
83430dfffffffff,-32.50139250433734,59.127720238684816,0,False,False
834318fffffffff,-36.34919505055365,56.41250942756753,0,False,False
834319fffffffff,-31.563264923850948,55.49466067112736,0,False,False
83431cfffffffff,-35.8020591179408,55.23341346055793,0,False,False
83431dfffffffff,-35.29769331530942,56.35388437572424,0,False,False
834320fffffffff,-31.97068624674054,51.75989930692494,0,False,False
834323fffffffff,-32.54903276161296,52.86671696387805,0,False,False
834324fffffffff,-31.38549627878541,50.67189141713246,0,False,False
834325fffffffff,-30.8908581562487,51.73729288588013,0,False,False
834329fffffffff,-32.024215858025826,61.35185005322229,0,False,False
83432bfffffffff,-31.742520158634257,60.10392543498206,0,False,False
83434afffffffff,-40.24369200843431,67.00012002433363,0,False,False
83434bfffffffff,-40.73649354841482,68.3467387361157,0,False,False
834352fffffffff,-38.74943735438051,60.73374580988679,0,False,False
834353fffffffff,-39.29505193556458,61.95259604360599,0,False,False
834358fffffffff,-40.361209608269846,64.48208425309204,0,False,False
834359fffffffff,-40.879419906690586,65.79246717739986,0,False,False
83435afffffffff,-40.964818524472186,63.2719366453373,0,False,False
83435bfffffffff,-41.49643848712464,64.57346669770304,0,False,False
83435cfffffffff,-39.22366222768907,64.39355682303227,0,False,False
83435dfffffffff,-39.73902748595148,65.6822464436942,0,False,False
83435efffffffff,-39.832694913965646,63.20206384497046,0,False,False
834366fffffffff,-34.425534414335054,63.27790947239342,0,False,False
834370fffffffff,-33.86130130953352,60.66583082408163,0,False,False
834371fffffffff,-34.936375291484055,60.96192165289228,0,False,False
834372fffffffff,-33.562553305915905,59.38927160513072,0,False,False
834373fffffffff,-34.634346024418825,59.66019629632749,0,False,False
834374fffffffff,-33.0814686374024,61.651792069048575,0,False,False
834375fffffffff,-34.14921647552567,61.96233901866572,0,False,False
834376fffffffff,-32.79646356047903,60.38000239563619,0,False,False
834520fffffffff,-11.70401246209717,-50.3326842714626,0,False,False
834522fffffffff,-12.441127921234418,-51.12639853304682,0,False,False
834524fffffffff,-10.627199469718516,-50.53706340201404,0,False,False
834525fffffffff,-10.958083800849034,-49.53613239367199,0,False,False
834526fffffffff,-11.366932838209964,-51.3255363027423,0,False,False
834530fffffffff,-12.819405465169105,-52.89272577574311,0,False,False
834531fffffffff,-13.16891924692169,-51.91698741812045,0,False,False
834532fffffffff,-13.53120248528688,-53.670901418937696,0,False,False
834534fffffffff,-11.755983119693097,-53.078953279239,0,False,False
834535fffffffff,-12.097831399210028,-52.11084850004358,0,False,False
834536fffffffff,-12.471378427071812,-53.85185658586368,0,False,False
83485afffffffff,8.847533138957271,-37.59329060848307,0,False,False
834888fffffffff,0.7534800003833584,-31.366282268578185,0,False,False
834889fffffffff,1.8882083961853795,-31.64998527519716,0,False,False
83488afffffffff,0.4329841007402707,-30.25561321754293,0,False,False
83488bfffffffff,1.5645443735394078,-30.5376990116383,0,False,False
83488dfffffffff,1.0754305224165652,-32.483147044211705,0,False,False
834899fffffffff,0.1143116005001527,-29.151915675045625,0,False,False
83489bfffffffff,-0.2021820693292048,-28.05593505026504,0,False,False
8348a0fffffffff,-7.273010793709695,-36.31217762653348,0,False,False
8348a1fffffffff,-6.389035987691484,-35.53628538127289,0,False,False
8348a2fffffffff,-3.970415691549394,-33.299271488765896,0,False,False
8348a4fffffffff,-7.049632084000827,-37.47460286997435,0,False,False
8348a5fffffffff,-6.1668558199872505,-36.69854501745612,0,False,False
8348a6fffffffff,-8.152700971034742,-37.08850935283931,0,False,False
8348acfffffffff,-5.501660729923502,-34.76111646822014,0,False,False
8348c0fffffffff,5.617732101888713,-33.625472546868515,0,False,False
8348c1fffffffff,6.747123668585234,-33.91178057759327,0,False,False
8348c2fffffffff,5.288229189561981,-32.50326561013457,0,False,False
8348c3fffffffff,6.416959569876576,-32.78837159837764,0,False,False
8348c4fffffffff,4.812631737013984,-34.4651543212456,0,False,False
8348c5fffffffff,5.946044057057294,-34.75222827049021,0,False,False
8348c6fffffffff,4.484903099514514,-33.33944138741844,0,False,False
8348ccfffffffff,7.872136309445711,-34.198351563395896,0,False,False
8348cefffffffff,7.541800574335628,-33.073794661608886,0,False,False
8348d0fffffffff,3.827992565662024,-31.1031228457772,0,False,False
8348d1fffffffff,4.957951342995735,-31.38643512821972,0,False,False
8348d2fffffffff,3.4996259004005736,-29.994135958986504,0,False,False
8348d3fffffffff,4.627312284169834,-30.27578453905136,0,False,False
8348d4fffffffff,3.0228904703041586,-31.934059028777792,0,False,False
8348d5fffffffff,4.156553389789109,-32.2184902636176,0,False,False
8348d6fffffffff,2.696535787466423,-30.820206494502983,0,False,False
8348d8fffffffff,6.87584546518074,-30.84036913067501,0,False,False
8348dafffffffff,6.541075587936353,-29.7331067465566,0,False,False
8348dcfffffffff,6.085455937825855,-31.670130290915523,0,False,False
8348defffffffff,5.753033001574129,-30.557866497742417,0,False,False
8348e1fffffffff,5.464577336398119,-36.727473262756334,0,False,False
8348e2fffffffff,4.002440989847582,-35.30706667149783,0,False,False
8348e3fffffffff,5.139327114463861,-35.59478548820694,0,False,False
8348e8fffffffff,7.401755546167525,-36.1707488370832,0,False,False
8348e9fffffffff,8.525415711764834,-36.45896455542855,0,False,False
8348eafffffffff,7.07552812559093,-35.03952401391137,0,False,False
8348ebfffffffff,8.200147028866164,-35.327027345795486,0,False,False
8348ecfffffffff,6.597434745789013,-37.015975215820085,0,False,False
8348edfffffffff,7.725393852653021,-37.30458586179317,0,False,False
8348eefffffffff,6.272749265664347,-35.88268433736414,0,False,False
8348f0fffffffff,2.5378616777370406,-33.89172829175198,0,False,False
8348f1fffffffff,3.67624733508393,-34.17831630542695,0,False,False
8348f2fffffffff,2.212778162662032,-32.76826493279524,0,False,False
8348f3fffffffff,3.3495949644762426,-33.05370093334177,0,False,False
8348f4fffffffff,1.722165311167602,-34.73222638727987,0,False,False
8348f5fffffffff,2.8630599167503767,-35.019542214826544,0,False,False
8348f6fffffffff,1.3984554681195294,-33.605404274391454,0,False,False
834980fffffffff,-7.235552012260716,-41.72281276658343,0,False,False
834982fffffffff,-8.337215421546338,-41.34129179416872,0,False,False
834983fffffffff,-7.468922436392344,-40.56876365052796,0,False,False
834984fffffffff,-6.999972416156501,-42.872306607483786,0,False,False
834986fffffffff,-8.101297830111076,-42.49277545333499,0,False,False
83498afffffffff,-6.82338375484762,-38.63590065700806,0,False,False
834991fffffffff,-9.434405631503898,-40.95905012719095,0,False,False
834994fffffffff,-10.052399868303109,-42.88189544671189,0,False,False
834995fffffffff,-9.198631053158891,-42.11242730998162,0,False,False
834998fffffffff,-8.800494736165374,-39.02647249691013,0,False,False
834999fffffffff,-7.927796783750665,-38.250673586002016,0,False,False
83499bfffffffff,-9.02724239396811,-37.8649957423765,0,False,False
83499cfffffffff,-8.570384976533775,-40.18555036690472,0,False,False
83499dfffffffff,-7.699772164473709,-39.41107334491053,0,False,False
8349b1fffffffff,-7.862951373439233,-43.63910053063786,0,False,False
8349b2fffffffff,-9.810584749099684,-44.02703196313576,0,False,False
8349b3fffffffff,-8.959893114685945,-43.26093811229019,0,False,False
835890fffffffff,-28.975471367213565,-7.90838921138293,0,False,False
835891fffffffff,-29.704072560777696,-7.180607058344139,0,False,False
835961fffffffff,-21.744330193502577,12.281015636556363,0,False,False
835965fffffffff,-20.596442243797625,12.3911324401444,0,False,False
835968fffffffff,-23.064688478860248,12.45716194130837,0,False,False
835969fffffffff,-23.767073079194866,13.443977758672384,0,False,False
83596cfffffffff,-21.91580621504088,12.62254931495664,0,False,False
83596dfffffffff,-22.61308047194137,13.602120115929154,0,False,False
83596efffffffff,-22.89400921636969,12.16894133989741,0,False,False
836404fffffffff,-43.083912074292186,119.58444110658094,0,False,False
836406fffffffff,-43.55266354518045,118.09382144020282,0,False,False
836410fffffffff,-44.429671141829765,115.0475582169446,0,False,False
836412fffffffff,-44.83612515154044,113.49538469295337,0,False,False
836413fffffffff,-45.59341732504539,114.77623277081258,0,False,False
836414fffffffff,-43.26481384708638,115.3083942585423,0,False,False
836415fffffffff,-44.00156378051349,116.580975951104,0,False,False
836416fffffffff,-43.676371234430704,113.7878019224419,0,False,False
836420fffffffff,-41.42143530286774,121.19076447988805,0,False,False
836421fffffffff,-42.09097154791291,122.4932328529644,0,False,False
836422fffffffff,-41.90998161617052,119.75325314671647,0,False,False
836423fffffffff,-42.5963228832515,121.05134968129164,0,False,False
836424fffffffff,-40.24887390362208,121.32494361363212,0,False,False
836425fffffffff,-40.91613916715308,122.60404568058898,0,False,False
836426fffffffff,-40.73780516196595,119.91569575932114,0,False,False
83642cfffffffff,-42.74519403387642,123.82260449049926,0,False,False
83642efffffffff,-43.26768710630237,122.37803838654996,0,False,False
836430fffffffff,-41.664270461650375,117.03152090437304,0,False,False
836431fffffffff,-42.38071830468311,118.2927380290532,0,False,False
836432fffffffff,-42.09988030403875,115.55932742738771,0,False,False
836433fffffffff,-42.832641726264605,116.81060438241956,0,False,False
836434fffffffff,-40.49747205366044,117.2442058603695,0,False,False
836435fffffffff,-41.2099346496383,118.48412363721216,0,False,False
836436fffffffff,-40.93590031259869,115.80090207310586,0,False,False
836480fffffffff,-45.28790186032964,108.86545962164584,0,False,False
836481fffffffff,-46.11894100856514,110.0409387381206,0,False,False
836482fffffffff,-45.56547605526277,107.26936119968175,0,False,False
836483fffffffff,-46.41069381340586,108.42088158567454,0,False,False
836484fffffffff,-44.16016628276293,109.29398829882554,0,False,False
836485fffffffff,-44.98650347583982,110.45459350133449,0,False,False
836486fffffffff,-44.44762521755402,107.72743741862269,0,False,False
836488fffffffff,-44.986551337064135,123.57342670544524,0,False,False
83648cfffffffff,-43.83832626741964,123.84647311511988,0,False,False
83648dfffffffff,-44.58306982016952,125.10908195920436,0,False,False
83648efffffffff,-44.22683140146696,122.3260465587676,0,False,False
836490fffffffff,-44.952777282495184,104.58154722788942,0,False,False
836491fffffffff,-45.818998592897806,105.66874205436578,0,False,False
836492fffffffff,-45.17025385033848,103.00692891624723,0,False,False
836493fffffffff,-46.04835500550481,104.0660880053416,0,False,False
836494fffffffff,-43.85136294054811,105.0792708558274,0,False,False
836495fffffffff,-44.711882925327714,106.15584094671632,0,False,False
836496fffffffff,-44.080507673268826,103.53153673092017,0,False,False
836498fffffffff,-47.78338115184922,106.3013803430472,0,False,False
83649afffffffff,-48.01352631171963,104.64012158170112,0,False,False
83649bfffffffff,-48.881407315098926,105.78963248243002,0,False,False
83649cfffffffff,-46.67773544685007,106.79430640481014,0,False,False
83649dfffffffff,-47.52751328207604,107.95939202772934,0,False,False
83649efffffffff,-46.91988432180639,105.16380726240516,0,False,False
8364a0fffffffff,-42.70980158957527,111.23750033139018,0,False,False
8364a1fffffffff,-45.220155049217695,111.92642637971647,0,False,False
8364a2fffffffff,-43.02852703895381,109.70727583793008,0,False,False
8364a3fffffffff,-43.84977593027927,110.85319038235836,0,False,False
8364a4fffffffff,-25.091958753336,159.31409687347613,0,False,False
8364a5fffffffff,-42.36945066948039,112.75794093857814,0,False,False
8364a6fffffffff,-24.36939509984988,158.304350463994,0,False,False
8364a8fffffffff,-42.268183400324574,125.590968409423,0,False,False
8364aafffffffff,-42.6851413006096,124.11017745319698,0,False,False
8364abfffffffff,-43.42782504743829,125.35422795707088,0,False,False
8364acfffffffff,-45.99412273163677,113.19122050217427,0,False,False
8364aefffffffff,-46.371365370604,111.58919554530851,0,False,False
8364b0fffffffff,-22.91548262060606,156.3333112275318,0,False,False
8364b1fffffffff,-43.325217793183526,108.1693737684129,0,False,False
8364b2fffffffff,-22.186028997111386,155.37237815512353,0,False,False
8364b3fffffffff,-43.59956518767877,106.62596574936715,0,False,False
8364b5fffffffff,-23.643584300787783,157.31068787925682,0,False,False
836500fffffffff,-36.086421182759,120.5084337750522,0,False,False
836501fffffffff,-36.7549596080571,121.6988466012697,0,False,False
836503fffffffff,-37.24174004898394,120.36819665468845,0,False,False
836505fffffffff,-35.60140716915118,121.81476640835896,0,False,False
836508fffffffff,-38.57608181729792,122.81348679461854,0,False,False
836509fffffffff,-39.22481703844211,124.07203087528752,0,False,False
83650afffffffff,-39.07962948668256,121.45417518897248,0,False,False
83650bfffffffff,-39.74418330780635,122.71072141573674,0,False,False
83650cfffffffff,-37.41279237549751,122.91255233087688,0,False,False
83650dfffffffff,-38.058802020399405,124.14912045098224,0,False,False
83650efffffffff,-37.914674723752015,121.57872665239609,0,False,False
836512fffffffff,-24.13608635838743,167.30039404541554,0,False,False
836518fffffffff,-38.87588993011552,118.84593495684636,0,False,False
836519fffffffff,-39.56838523108934,120.072120285836,0,False,False
83651afffffffff,-39.33325663958251,117.44910536267436,0,False,False
83651bfffffffff,-40.04132553696041,118.66839396473442,0,False,False
83651cfffffffff,-37.71460809396032,119.01710539421464,0,False,False
83651dfffffffff,-38.40270827743175,120.22285286852474,0,False,False
83651efffffffff,-38.17261768434803,117.64663424918858,0,False,False
836528fffffffff,-35.74361388005255,124.2951757682746,0,False,False
836529fffffffff,-36.37164327990184,125.51068048744798,0,False,False
83652afffffffff,-36.25524806237599,123.00811373678282,0,False,False
83652bfffffffff,-36.89809593802046,124.22345375234237,0,False,False
83652cfffffffff,-34.59624050177608,124.36442150960151,0,False,False
83652dfffffffff,-35.22108471561799,125.55932757417855,0,False,False
83652efffffffff,-35.10435321522095,123.1003531980217,0,False,False
836550fffffffff,-41.03153398020445,125.29751851251253,0,False,False
836552fffffffff,-41.56898555086818,123.90894732325208,0,False,False
836554fffffffff,-39.85975901020933,125.35380362522002,0,False,False
836556fffffffff,-40.39519944983108,123.99202912091395,0,False,False
836572fffffffff,-38.69189064058512,125.40801897164924,0,False,False
836576fffffffff,-37.52887728881045,125.46027656555448,0,False,False
836584fffffffff,-22.121736819595743,164.18101365026783,0,False,False
836585fffffffff,-23.27299625940928,164.0525764682954,0,False,False
836588fffffffff,-40.07111393551261,113.43102811429586,0,False,False
836589fffffffff,-42.515900193238885,114.0691254196948,0,False,False
83658afffffffff,-24.65014930098297,160.5139274430134,0,False,False
83658bfffffffff,-41.22052967693051,113.10046971917174,0,False,False
83658cfffffffff,-24.89905044212281,162.73849481818655,0,False,False
83658dfffffffff,-41.35574812961203,114.33996191859154,0,False,False
836592fffffffff,-19.37475051270316,160.19682624674834,0,False,False
836594fffffffff,-19.62020428893789,162.30874470043736,0,False,False
836596fffffffff,-18.93766351807594,161.32885129750895,0,False,False
8365a0fffffffff,-22.3187836808087,166.35261945203038,0,False,False
8365a1fffffffff,-23.47076085599714,166.24897136335716,0,False,False
8365a2fffffffff,-21.65059386990229,165.3237946190991,0,False,False
8365a3fffffffff,-22.799020342393096,165.2090155173215,0,False,False
8365a4fffffffff,-21.833022973707045,167.4827052601489,0,False,False
8365a5fffffffff,-22.981239649729023,167.39259125273227,0,False,False
8365a6fffffffff,-21.17387644468318,166.45394390915695,0,False,False
8365a9fffffffff,-39.77389378376469,116.03362402083738,0,False,False
8365aafffffffff,-24.4304155234545,163.92118196298782,0,False,False
8365abfffffffff,-40.19694326175369,114.60087562633068,0,False,False
8365acfffffffff,-24.628922970372777,166.14291948803074,0,False,False
8365aefffffffff,-23.95407116577317,165.09159780629744,0,False,False
8365b0fffffffff,-19.841221802236632,164.4294017897845,0,False,False
8365b1fffffffff,-20.97752687232369,164.30659099113512,0,False,False
8365b2fffffffff,-19.169394974249403,163.43450641245406,0,False,False
8365b3fffffffff,-20.30044361210338,163.30144287778256,0,False,False
8365b4fffffffff,-19.377062252026388,165.54578149686927,0,False,False
8365b5fffffffff,-20.50966277981148,165.43602217458746,0,False,False
8365b6fffffffff,-18.71363944650581,164.54953538083004,0,False,False
83660dfffffffff,-7.066763497922479,-34.91925585854773,0,False,False
836640fffffffff,-11.021494262514496,-32.920583324342715,0,False,False
836642fffffffff,-10.949426022580017,-33.98351050743701,0,False,False
836643fffffffff,-11.93991580799769,-33.47762600338081,0,False,False
836646fffffffff,-10.035886960223737,-33.423503156334526,0,False,False
836648fffffffff,-13.908486750269962,-32.45938641787025,0,False,False
836649fffffffff,-14.88500413554004,-31.947165821260658,0,False,False
83664afffffffff,-13.856818764079897,-33.53288954197904,0,False,False
83664bfffffffff,-14.842263251092394,-33.019577056162575,0,False,False
83664efffffffff,-12.926533086263792,-32.96956254141177,0,False,False
836650fffffffff,-9.87146089227366,-35.563153005049315,0,False,False
836651fffffffff,-10.872713966301358,-35.059163492650924,0,False,False
836652fffffffff,-9.782611465646756,-36.65095175034227,0,False,False
836653fffffffff,-10.79128645685446,-36.14700070509806,0,False,False
836654fffffffff,-8.960065189388851,-34.98848711640092,0,False,False
836655fffffffff,-9.95586990972302,-34.48715168323875,0,False,False
836656fffffffff,-8.868317236416866,-36.064656487203685,0,False,False
836658fffffffff,-12.8006799142649,-35.131330490175245,0,False,False
836659fffffffff,-13.799718865394787,-34.619732493563234,0,False,False
83665afffffffff,-12.729828435175714,-36.23108693239191,0,False,False
83665bfffffffff,-13.737055792855148,-35.719369123961805,0,False,False
83665cfffffffff,-11.87123999276022,-34.55274798154998,0,False,False
83665dfffffffff,-12.866212510780166,-34.0439685983988,0,False,False
83665efffffffff,-11.797591224893306,-35.640440457928314,0,False,False
836670fffffffff,-8.14876222067334,-33.37048613785429,0,False,False
836672fffffffff,-8.05771112380609,-34.422901053121265,0,False,False
836673fffffffff,-9.047690069503096,-33.92429658775018,0,False,False
836676fffffffff,-7.1649663531077605,-33.866288947337786,0,False,False
8366c0fffffffff,-10.417456310638132,-40.60771762575191,0,False,False
8366c1fffffffff,-11.451825775830196,-40.10468888380527,0,False,False
8366c2fffffffff,-10.311858054564254,-41.74672528555031,0,False,False
8366c3fffffffff,-11.352363772352287,-41.24565555739497,0,False,False
8366c5fffffffff,-10.51819198810982,-39.47749501327274,0,False,False
8366c8fffffffff,-13.42864015843614,-40.2331741209112,0,False,False
8366c9fffffffff,-14.462574187983074,-39.72185125009118,0,False,False
8366cafffffffff,-13.33670614213228,-41.38684604033092,0,False,False
8366cbfffffffff,-14.37764103831309,-40.87739469974314,0,False,False
8366ccfffffffff,-12.484503328293204,-39.59837537795426,0,False,False
8366cdfffffffff,-13.514582068211933,-39.08882467234305,0,False,False
8366cefffffffff,-12.3915984373298,-40.741124152006805,0,False,False
8366d8fffffffff,-12.188909109453665,-43.05239395219877,0,False,False
8366d9fffffffff,-13.238749248731205,-42.54900857399564,0,False,False
8366dafffffffff,-12.079130829672048,-44.21920300780288,0,False,False
8366dbfffffffff,-13.13475972452903,-43.71878967208977,0,False,False
8366dcfffffffff,-11.247661002969805,-42.39504361897631,0,False,False
8366ddfffffffff,-12.293069372587537,-41.89274267151824,0,False,False
8366defffffffff,-11.13773302201118,-43.552011985649095,0,False,False
8366e1fffffffff,-9.689285970349587,-37.74994632201703,0,False,False
8366e3fffffffff,-9.591462434208925,-38.85948976282651,0,False,False
8366e8fffffffff,-11.63505778073967,-37.85118653996008,0,False,False
8366e9fffffffff,-12.65356476220019,-37.342627282524695,0,False,False
8366eafffffffff,-11.546050111191937,-38.97294572434228,0,False,False
8366ebfffffffff,-12.57181047589233,-38.46529230512703,0,False,False
8366ecfffffffff,-10.705084577469387,-37.246433133411706,0,False,False
8366edfffffffff,-11.718886805984203,-36.74012785929358,0,False,False
8366eefffffffff,-10.614063200245148,-38.35682502803543,0,False,False
836794fffffffff,-12.202528156778982,-54.8573788456192,0,False,False
836796fffffffff,-11.464222064559236,-54.06872077672092,0,False,False
8367b0fffffffff,-13.872533903342765,-55.385495355564686,0,False,False
8367b2fffffffff,-13.177027163609203,-54.620785336325525,0,False,False
8367b3fffffffff,-12.934163206693082,-55.645658755360834,0,False,False
8367b6fffffffff,-14.232807658455206,-54.44511669688531,0,False,False
836914fffffffff,-17.59555724490941,164.6670773402495,0,False,False
836916fffffffff,-18.25358855936448,165.65315234680088,0,False,False
836930fffffffff,-17.37928668356007,162.59164131382585,0,False,False
836932fffffffff,-18.047442480659967,163.5646963383813,0,False,False
836933fffffffff,-16.93534348783972,163.69210344594802,0,False,False
836934fffffffff,-17.818929219657942,161.4813952246749,0,False,False
836935fffffffff,-16.709977548689988,161.63071111716826,0,False,False
836936fffffffff,-18.495020606045045,162.45172163161513,0,False,False
8369a0fffffffff,-19.559904875223136,167.65695818707346,0,False,False
8369a2fffffffff,-20.20658689232454,168.67377886223744,0,False,False
8369a4fffffffff,-20.03689013658681,166.5530213939736,0,False,False
8369a5fffffffff,-18.908638484052467,166.64992525682257,0,False,False
8369a6fffffffff,-20.692301486973022,167.57080545280178,0,False,False
8369b0fffffffff,-21.98661212580904,169.63602784682632,0,False,False
8369b1fffffffff,-20.847889584370883,169.6998811459564,0,False,False
8369b3fffffffff,-21.48302850483718,170.73472583030895,0,False,False
8369b4fffffffff,-22.486269070511323,168.52180667954994,0,False,False
8369b5fffffffff,-21.34247853653872,168.5986480000931,0,False,False
836b00fffffffff,-36.16493833655158,15.175777374305312,0,False,False
836b01fffffffff,-36.85604574043653,16.313532954491276,0,False,False
836b03fffffffff,-37.27326704455061,15.01315387088272,0,False,False
836b04fffffffff,-35.0470386785675,15.335181047062116,0,False,False
836b05fffffffff,-35.739657307476406,16.46292008173869,0,False,False
836b08fffffffff,-38.63949290523933,17.329182936503393,0,False,False
836b0cfffffffff,-37.5355739131568,17.470948929249456,0,False,False
836b0efffffffff,-37.96246148826099,16.16108504136846,0,False,False
836b20fffffffff,-33.47998770003994,16.752865785981207,0,False,False
836b21fffffffff,-34.16461437686261,17.879279374864787,0,False,False
836b22fffffffff,-33.920331482663926,15.491457181365051,0,False,False
836b23fffffffff,-34.614042444465994,16.609335715432447,0,False,False
836b24fffffffff,-32.338317327740846,16.893593014795773,0,False,False
836b25fffffffff,-33.02378938867152,18.010008076375627,0,False,False
836b26fffffffff,-32.78561882418291,15.64469466931376,0,False,False
836b28fffffffff,-35.96937511538635,18.900746201488392,0,False,False
836b2afffffffff,-36.42129576360113,17.60983050723258,0,False,False
836b2bfffffffff,-37.09096948453467,18.77546311789135,0,False,False
836b2cfffffffff,-34.83851019251636,19.023497692242422,0,False,False
836b2dfffffffff,-35.5007099471193,20.18501229692109,0,False,False
836b2efffffffff,-35.29738610780863,17.74591323138161,0,False,False
836d32fffffffff,-10.652657443954617,-44.79079262818291,0,False,False
836d64fffffffff,-11.031273679453298,-52.30232790453925,0,False,False
836d65fffffffff,-10.719836484075406,-53.27998322675493,0,False,False
836d66fffffffff,-10.297719077571386,-51.52224085463593,0,False,False
837280fffffffff,-40.46146741709704,125.1062241258266,0,False,False
837282fffffffff,-39.91430368612264,123.77614125677871,0,False,False
837284fffffffff,-39.8287073351595,126.3907456503606,0,False,False
837286fffffffff,-39.29737124684654,125.05704289784772,0,False,False
837288fffffffff,-34.35731458434575,137.32653634860455,0,False,False
83728afffffffff,-35.48154523355822,136.9986563403276,0,False,False
83728bfffffffff,-35.14158622110132,138.3657054553204,0,False,False
83728efffffffff,-34.68690628905403,135.96566066475194,0,False,False
837291fffffffff,-36.4038497336604,132.8458150394062,0,False,False
837293fffffffff,-37.49999113822816,132.46330608820878,0,False,False
837295fffffffff,-38.75448744077365,123.7518032371635,0,False,False
837298fffffffff,-36.91585353119892,135.27084892516564,0,False,False
837299fffffffff,-36.5979101560668,136.66359528562705,0,False,False
83729afffffffff,-38.0169139486006,134.9120480096411,0,False,False
83729bfffffffff,-37.70553909212099,136.32113834725405,0,False,False
83729cfffffffff,-36.113145811131226,134.23718070938125,0,False,False
83729dfffffffff,-35.80556588124482,135.62198056192767,0,False,False
83729efffffffff,-37.21668387527141,133.87021283242916,0,False,False
8372a2fffffffff,-39.18067698878818,127.65417708737108,0,False,False
8372b0fffffffff,-37.5062027545717,126.24871339596358,0,False,False
8372b1fffffffff,-38.665060872714704,126.31842992068265,0,False,False
8372b3fffffffff,-38.137596802469474,125.00964529955726,0,False,False
8372b4fffffffff,-36.8612767241223,127.46829230939012,0,False,False
8372b5fffffffff,-38.01835645869554,127.55955077732744,0,False,False
8372b6fffffffff,-36.353050154493474,126.18145861314773,0,False,False
8372d2fffffffff,-35.54653810909564,140.77919349630525,0,False,False
8372d3fffffffff,-35.16559429980179,142.12543756039346,0,False,False
8372d6fffffffff,-34.786254269942646,139.72169000503695,0,False,False
837509fffffffff,-27.326319703099728,-11.814731485741572,0,False,False
837576fffffffff,-27.79118804339681,-10.247689500523418,0,False,False
838000fffffffff,-29.651038269861907,-10.513199902484876,0,False,False
838001fffffffff,-28.74445265638948,-11.381180024808492,0,False,False
838002fffffffff,-29.43713953774765,-9.1775338101552,0,False,False
838003fffffffff,-28.53928674832282,-10.055446454365356,0,False,False
838004fffffffff,-30.76118235550977,-10.981172441549012,0,False,False
838005fffffffff,-29.85149470887959,-11.854375521609684,0,False,False
838006fffffffff,-30.551868113047743,-9.629491163972109,0,False,False
838008fffffffff,-26.729160786009583,-11.7655434485405,0,False,False
83800cfffffffff,-27.833195685050782,-12.2334599417486,0,False,False
83800dfffffffff,-26.91835067007683,-13.070094832917055,0,False,False
83800efffffffff,-27.63626885951724,-10.918112062074927,0,False,False
838010fffffffff,-30.092251708735155,-6.947289800215664,0,False,False
838011fffffffff,-29.210169849435925,-7.848784607480218,0,False,False
838014fffffffff,-31.21306670899608,-7.376058984810094,0,False,False
838015fffffffff,-30.328754489856404,-8.284389487872032,0,False,False
838016fffffffff,-30.966591241934463,-6.031191389568654,0,False,False
83801cfffffffff,-28.321392861195577,-8.735586586362524,0,False,False
838020fffffffff,-32.05794441702639,-12.832231948353428,0,False,False
838021fffffffff,-31.13705212233664,-13.698377525913244,0,False,False
838022fffffffff,-31.86866625685637,-11.459645562709587,0,False,False
838023fffffffff,-30.95634246395697,-12.337967752478937,0,False,False
838025fffffffff,-32.23208868971684,-14.2079459570892,0,False,False
838026fffffffff,-32.97244073391248,-11.948907669676869,0,False,False
838029fffffffff,-28.1888124718681,-14.873291588979312,0,False,False
83802afffffffff,-28.936556080759857,-12.711399044778334,0,False,False
83802bfffffffff,-28.01745958864112,-13.552315666624985,0,False,False
83802cfffffffff,-30.210870368547347,-14.547456296045752,0,False,False
83802dfffffffff,-29.280505821665848,-15.379605769892189,0,False,False
83802efffffffff,-30.038192016013465,-13.199617571095082,0,False,False
838030fffffffff,-32.560444094149496,-9.186075721836382,0,False,False
838031fffffffff,-31.66452713784186,-10.091744439530894,0,False,False
838032fffffffff,-32.331951343366754,-7.814920762977604,0,False,False
838033fffffffff,-31.445862337150096,-8.730054286391658,0,False,False
838034fffffffff,-33.67145384422795,-9.652759212363382,0,False,False
838035fffffffff,-32.77406607959595,-10.564587233594713,0,False,False
838036fffffffff,-33.44786086604971,-8.26418236773903,0,False,False
838044fffffffff,-24.32108967537699,-16.757197525287246,0,False,False
838060fffffffff,-25.53904975405356,-18.54242163671546,0,False,False
838061fffffffff,-24.60399474192139,-19.29271624581716,0,False,False
838062fffffffff,-25.39838067453079,-17.261824189734945,0,False,False
838063fffffffff,-24.468123919320654,-18.026170023789504,0,False,False
838064fffffffff,-26.60902377061828,-19.068412464883178,0,False,False
838065fffffffff,-25.66799304862197,-19.820033517515792,0,False,False
838066fffffffff,-26.47526804290661,-17.77618646378939,0,False,False
83806cfffffffff,-23.67110004300904,-20.02731320334585,0,False,False
83806dfffffffff,-22.74132854424485,-20.746466012442937,0,False,False
83806efffffffff,-23.53951476511112,-18.77493843907321,0,False,False
838070fffffffff,-26.171138039789035,-15.186241886119916,0,False,False
838071fffffffff,-25.246055477099382,-15.979513359895096,0,False,False
838072fffffffff,-26.00099425691517,-13.891164554473738,0,False,False
838074fffffffff,-27.25977320612601,-15.685572620205788,0,False,False
838075fffffffff,-26.32927600351975,-16.481690367816093,0,False,False
838076fffffffff,-27.0952939607411,-14.377223091576829,0,False,False
838113fffffffff,-36.76740766490462,-9.677583592527617,0,False,False
83811afffffffff,-34.77785402394182,-10.130418962549044,0,False,False
83811bfffffffff,-33.879440355331056,-11.048320975642191,0,False,False
83811efffffffff,-35.87862026792898,-10.619378024162431,0,False,False
838140fffffffff,-30.758278363444884,-19.93498888266204,0,False,False
838141fffffffff,-29.80305212819452,-20.70669088260806,0,False,False
838142fffffffff,-30.6430830253814,-18.59165658687176,0,False,False
838143fffffffff,-29.69325542505318,-19.379683502126944,0,False,False
838148fffffffff,-27.79051259495353,-20.903983082555627,0,False,False
838149fffffffff,-26.83971226147664,-21.64086032869005,0,False,False
83814afffffffff,-27.677027575423068,-19.604329524260223,0,False,False
83814bfffffffff,-26.73050242996966,-20.357064498505,0,False,False
83814cfffffffff,-28.8470150495338,-21.46096241599181,0,False,False
83814dfffffffff,-27.891224150516944,-22.19813471836531,0,False,False
83814efffffffff,-28.74204202850854,-20.15036000607185,0,False,False
838150fffffffff,-31.454240111345463,-16.42393099127415,0,False,False
838151fffffffff,-30.513426494165174,-17.24496879274126,0,False,False
838152fffffffff,-31.30307575334275,-15.06087792554023,0,False,False
838153fffffffff,-30.36932882339226,-15.896404791525084,0,False,False
838154fffffffff,-32.53420711977184,-16.962429593157292,0,False,False
838155fffffffff,-31.59043514052165,-17.785995018488144,0,False,False
838156fffffffff,-32.39089054161423,-15.585208450831091,0,False,False
838158fffffffff,-28.49206125367842,-17.51599500650466,0,False,False
838159fffffffff,-27.55072766293246,-18.300483483708422,0,False,False
83815afffffffff,-28.34705971172054,-16.19498659903677,0,False,False
83815bfffffffff,-27.411622383587588,-16.993780196240554,0,False,False
83815cfffffffff,-29.569558257937985,-18.0485487009529,0,False,False
83815dfffffffff,-28.623732076484693,-18.83491549484205,0,False,False
83815efffffffff,-29.43195714468653,-16.714709340307824,0,False,False
838168fffffffff,-29.981236579177114,-23.342772933614103,0,False,False
838169fffffffff,-29.01730777213793,-24.06233562606859,0,False,False
83816afffffffff,-29.899007904303502,-22.02817446562155,0,False,False
83816bfffffffff,-28.93872780504213,-22.76538686579408,0,False,False
83816cfffffffff,-31.017777408664024,-23.930446478952035,0,False,False
83816dfffffffff,-30.04990394708075,-24.64916805426608,0,False,False
838181fffffffff,-34.9323625087714,-4.976164684101041,0,False,False
838188fffffffff,-32.95559640565956,-5.514183746572356,0,False,False
838189fffffffff,-32.08902479340147,-6.452619881905455,0,False,False
83818bfffffffff,-31.83215787212421,-5.100611369058328,0,False,False
83818cfffffffff,-34.07622031038314,-5.9378574997828,0,False,False
83818dfffffffff,-33.20908142661854,-6.884155220022786,0,False,False
83818efffffffff,-33.81177369653737,-4.560897969974187,0,False,False
8381a8fffffffff,-35.43792080611403,-7.778825886861746,0,False,False
8381a9fffffffff,-34.55975634332264,-8.724160647499309,0,False,False
8381aafffffffff,-35.19300097490446,-6.371959215351929,0,False,False
8381abfffffffff,-34.32572331023116,-7.326114630742894,0,False,False
8381acfffffffff,-36.54465725337752,-8.242627529809097,0,False,False
8381adfffffffff,-35.66660954283884,-9.1951822181801,0,False,False
8381aefffffffff,-36.30492029473274,-6.816826962812949,0,False,False
8382f0fffffffff,-36.86758851104999,-7.187222141943083,0,False,False
8382f5fffffffff,-36.94094875738325,-8.533426101910637,0,False,False
838a00fffffffff,-24.431614970265592,-33.28638894269045,0,False,False
838a01fffffffff,-23.48459257911772,-33.82764573868174,0,False,False
838a02fffffffff,-24.411472300302368,-32.13788656291058,0,False,False
838a03fffffffff,-23.472366099459336,-32.69131445531318,0,False,False
838a04fffffffff,-25.388500832337723,-33.89057405468339,0,False,False
838a05fffffffff,-24.44308608678168,-34.43517922144207,0,False,False
838a06fffffffff,-25.37668281237952,-32.73695023793439,0,False,False
838a08fffffffff,-21.56777564298688,-33.766101246347034,0,False,False
838a09fffffffff,-20.59883195160883,-34.2990582702661,0,False,False
838a0afffffffff,-21.570138885029355,-32.64411087660802,0,False,False
838a0bfffffffff,-20.61098405423617,-33.176170549256504,0,False,False
838a0cfffffffff,-22.526425766452306,-34.366364619314695,0,False,False
838a0dfffffffff,-21.55772547136837,-34.90246882454188,0,False,False
838a0efffffffff,-22.52665902808025,-33.230671843242604,0,False,False
838a10fffffffff,-25.329899694488827,-30.390045893235804,0,False,False
838a11fffffffff,-24.382254785589144,-30.975504136875,0,False,False
838a12fffffffff,-25.291827124638864,-29.19666742180334,0,False,False
838a13fffffffff,-24.343670309262,-29.799962121831832,0,False,False
838a14fffffffff,-26.31147868717421,-30.98842091718673,0,False,False
838a15fffffffff,-25.358083653461524,-31.57039774146487,0,False,False
838a16fffffffff,-26.283937501850176,-29.789807366514555,0,False,False
838a18fffffffff,-22.468373442577864,-30.96307405892622,0,False,False
838a19fffffffff,-21.54265228006728,-31.52369492063948,0,False,False
838a1afffffffff,-22.419011252879105,-29.80973219171249,0,False,False
838a1bfffffffff,-21.4921873953988,-30.38726529157093,0,False,False
838a1cfffffffff,-23.4417534918404,-31.546603538404323,0,False,False
838a1dfffffffff,-22.50910015198605,-32.10375654067904,0,False,False
838a1efffffffff,-23.402274710497984,-30.388629075870337,0,False,False
838a20fffffffff,-26.35826849834764,-35.68248961075024,0,False,False
838a21fffffffff,-25.404883389381794,-36.23051286893281,0,False,False
838a22fffffffff,-26.34465354357136,-34.50555314289923,0,False,False
838a23fffffffff,-25.401271240593527,-35.0534146842999,0,False,False
838a24fffffffff,-27.31319084605078,-36.32253589233905,0,False,False
838a25fffffffff,-26.36225390378217,-36.8734431943665,0,False,False
838a26fffffffff,-27.2992020826394,-35.13147252960393,0,False,False
838a28fffffffff,-23.478998355256373,-36.14055058435648,0,False,False
838a29fffffffff,-22.50131093042056,-36.67967608714039,0,False,False
838a2afffffffff,-23.486078118728543,-34.977099261316155,0,False,False
838a2bfffffffff,-22.518073067260936,-35.516257754236264,0,False,False
838a2cfffffffff,-24.43960961014265,-36.77546719508783,0,False,False
838a2dfffffffff,-23.4630541940133,-37.31728053939263,0,False,False
838a2efffffffff,-24.44585948473928,-35.59843912317985,0,False,False
838a30fffffffff,-27.29387150998947,-32.784372637369124,0,False,False
838a31fffffffff,-26.336549883104347,-33.34381558270262,0,False,False
838a32fffffffff,-27.28754069097381,-31.595129884737773,0,False,False
838a33fffffffff,-26.32890374405416,-32.17334445168581,0,False,False
838a34fffffffff,-28.25216104818424,-33.40350408145385,0,False,False
838a35fffffffff,-27.29025387931337,-33.958497166045746,0,False,False
838a36fffffffff,-28.25723528998553,-32.210209208763395,0,False,False
838a40fffffffff,-17.591179639035005,-37.01929441811971,0,False,False
838a41fffffffff,-16.58031918972284,-37.54126494508566,0,False,False
838a42fffffffff,-17.638452189156528,-35.88236246297963,0,False,False
838a43fffffffff,-16.636255818825376,-36.404709764518906,0,False,False
838a44fffffffff,-18.54943006926178,-37.64384402545642,0,False,False
838a45fffffffff,-17.536780967289225,-38.16814495259113,0,False,False
838a46fffffffff,-18.595126506285965,-36.494364585414274,0,False,False
838a48fffffffff,-14.613487238208233,-37.44088243402929,0,False,False
838a49fffffffff,-13.594582643961646,-37.95458645435714,0,False,False
838a4afffffffff,-14.679638160777383,-36.31697066493213,0,False,False
838a4bfffffffff,-13.668711497254485,-36.83120269397827,0,False,False
838a4cfffffffff,-15.563365579896038,-38.06021522191365,0,False,False
838a4dfffffffff,-14.541164261369389,-38.576086989107154,0,False,False
838a4efffffffff,-15.627660023919626,-36.92423707274122,0,False,False
838a50fffffffff,-18.664609894568724,-34.233211305613416,0,False,False
838a51fffffffff,-17.678772605918677,-34.75804546125184,0,False,False
838a52fffffffff,-18.68881426862244,-33.12284579049156,0,False,False
838a53fffffffff,-17.71233157587436,-33.646985608035145,0,False,False
838a54fffffffff,-19.62049104418333,-34.82946842356733,0,False,False
838a55fffffffff,-18.63345289385732,-35.35725967068712,0,False,False
838a56fffffffff,-19.64224989737973,-33.705895565154925,0,False,False
838a58fffffffff,-15.73702895763958,-34.688149569631534,0,False,False
838a59fffffffff,-14.73972965049208,-35.205035532754806,0,False,False
838a5afffffffff,-15.782396074133002,-33.58933011181062,0,False,False
838a5bfffffffff,-14.793890340430488,-34.10571035078215,0,False,False
838a5cfffffffff,-16.68547936844515,-35.28032806698154,0,False,False
838a5dfffffffff,-15.6855016618413,-35.79999153201039,0,False,False
838a5efffffffff,-16.728154375781834,-34.168776937719926,0,False,False
838a60fffffffff,-19.45762978056419,-39.45179085570184,0,False,False
838a61fffffffff,-18.43521807888408,-39.97692633702588,0,False,False
838a62fffffffff,-19.51013665476356,-38.27845086717267,0,False,False
838a63fffffffff,-18.49618122453084,-38.804961248744846,0,False,False
838a64fffffffff,-20.42021410506423,-40.10870302708534,0,False,False
838a65fffffffff,-19.396965036770943,-40.63562952929828,0,False,False
838a66fffffffff,-20.472405022306067,-38.923200348795135,0,False,False
838a68fffffffff,-16.447736150692478,-39.84800594705554,0,False,False
838a69fffffffff,-15.41495331237017,-40.36443244977252,0,False,False
838a6afffffffff,-16.517522092761595,-38.68928394597588,0,False,False
838a6bfffffffff,-15.492497309494455,-39.207204084106806,0,False,False
838a6cfffffffff,-17.40600497028845,-40.49855320361705,0,False,False
838a6dfffffffff,-16.37085377680843,-41.01662090598067,0,False,False
838a6efffffffff,-17.47510092365986,-39.32816473154813,0,False,False
838a70fffffffff,-20.55166321546212,-36.585998108991774,0,False,False
838a71fffffffff,-19.5546528220023,-37.11644089653224,0,False,False
838a72fffffffff,-20.579142879265248,-35.435884168382,0,False,False
838a73fffffffff,-19.59136777137662,-35.966539071038426,0,False,False
838a74fffffffff,-21.51346198746993,-37.21574556697343,0,False,False
838a75fffffffff,-20.51615631755924,-37.748691890920135,0,False,False
838a76fffffffff,-21.53970875638725,-36.05258101269924,0,False,False
838a80fffffffff,-24.090630035125763,-24.98269204586392,0,False,False
838a81fffffffff,-23.15084023198164,-25.63954896371657,0,False,False
838a82fffffffff,-24.00167868285529,-23.75421212203776,0,False,False
838a83fffffffff,-23.063608524380047,-24.427328860653084,0,False,False
838a84fffffffff,-25.11561326746861,-25.547021117546265,0,False,False
838a85fffffffff,-24.169132203811,-26.20248269344148,0,False,False
838a86fffffffff,-25.035467762291287,-24.310474807707696,0,False,False
838a88fffffffff,-21.204624806296863,-25.72856204702286,0,False,False
838a89fffffffff,-20.28530304592407,-26.35734936093713,0,False,False
838a8afffffffff,-21.110499563139424,-24.53973722141824,0,False,False
838a8bfffffffff,-20.192128967206287,-25.18410938005097,0,False,False
838a8cfffffffff,-22.216938694278653,-26.2813992382744,0,False,False
838a8dfffffffff,-21.28971996344384,-26.90859564499421,0,False,False
838a8efffffffff,-22.13098414256716,-25.08533369302016,0,False,False
838a90fffffffff,-24.842083898939435,-21.81364670594436,0,False,False
838a91fffffffff,-23.90215647569265,-22.518090362935546,0,False,False
838a92fffffffff,-24.728650557221087,-20.555610095367594,0,False,False
838a93fffffffff,-23.791978827687032,-21.275415686831938,0,False,False
838a94fffffffff,-25.89065717248777,-22.3613079905882,0,False,False
838a95fffffffff,-24.944330470755467,-23.065649159378296,0,False,False
838a96fffffffff,-25.78518776466198,-21.093405426294968,0,False,False
838a98fffffffff,-21.93039327023907,-22.668847870098663,0,False,False
838a9cfffffffff,-22.966333002475587,-23.207044430825658,0,False,False
838a9dfffffffff,-22.03549982731069,-23.880821470424703,0,False,False
838a9efffffffff,-22.858924146891805,-21.979732098355488,0,False,False
838aa0fffffffff,-26.197275235322888,-27.35488588520817,0,False,False
838aa1fffffffff,-25.24358579437164,-27.99109735095418,0,False,False
838aa2fffffffff,-26.13760711831365,-26.12042279113225,0,False,False
838aa3fffffffff,-25.18492234855678,-26.774230968535942,0,False,False
838aa4fffffffff,-27.20526205080164,-27.944535112501256,0,False,False
838aa5fffffffff,-26.24596576931304,-28.57833176715772,0,False,False
838aa6fffffffff,-27.15566492142605,-26.702999970511165,0,False,False
838aa8fffffffff,-23.29569971996598,-28.035867125960056,0,False,False
838aa9fffffffff,-22.3607847405899,-28.644468676787007,0,False,False
838aaafffffffff,-23.22815194790728,-26.8427107987814,0,False,False
838aabfffffffff,-22.29348762881554,-27.46807597580076,0,False,False
838aacfffffffff,-24.29544812848695,-28.61204163602608,0,False,False
838aadfffffffff,-23.35366951209054,-29.21812105135547,0,False,False
838aaefffffffff,-24.237341827674268,-27.41258284161592,0,False,False
838ab0fffffffff,-27.02159596170701,-24.18890703733477,0,False,False
838ab1fffffffff,-26.06673529690873,-24.87595364423177,0,False,False
838ab2fffffffff,-26.93670934648712,-22.91854683116544,0,False,False
838ab3fffffffff,-25.98446931879553,-23.622543761355534,0,False,False
838ab4fffffffff,-28.05473771354596,-24.76486900928051,0,False,False
838ab5fffffffff,-27.09451848762477,-25.45076665286218,0,False,False
838ab6fffffffff,-27.97925310095116,-23.48550846556688,0,False,False
838ac0fffffffff,-17.66188311337612,-29.277815517481404,0,False,False
838ac1fffffffff,-16.778305091908702,-29.83694112216583,0,False,False
838ac2fffffffff,-17.576560753121218,-28.16039974551826,0,False,False
838ac3fffffffff,-16.69213929715734,-28.73474538173172,0,False,False
838ac4fffffffff,-18.63263919261487,-29.82820251833187,0,False,False
838ac5fffffffff,-17.740115182616304,-30.384685341390888,0,False,False
838ac6fffffffff,-18.55538835244809,-28.70575636962758,0,False,False
838accfffffffff,-15.883275916008245,-30.376405019326526,0,False,False
838acdfffffffff,-14.922279818401908,-30.888955088865075,0,False,False
838acefffffffff,-15.817882268667598,-29.296296646930447,0,False,False
838ad4fffffffff,-19.373743238317367,-26.972030101671177,0,False,False
838ad5fffffffff,-18.47062062595712,-27.57293689294596,0,False,False
838ae0fffffffff,-19.664657789520795,-31.50162335806552,0,False,False
838ae1fffffffff,-18.70629665491889,-32.02673320824895,0,False,False
838ae2fffffffff,-19.60357861795364,-30.38595161741233,0,False,False
838ae3fffffffff,-18.70250521066011,-30.93956797655804,0,False,False
838ae4fffffffff,-20.615867284437428,-32.067812519371174,0,False,False
838ae5fffffffff,-19.656886941794657,-32.59642990025141,0,False,False
838ae6fffffffff,-20.573863829645195,-30.951103684809222,0,False,False
838ae8fffffffff,-16.794591153213396,-31.986526806303715,0,False,False
838ae9fffffffff,-15.821771088280888,-32.50409939877113,0,False,False
838aeafffffffff,-16.818750439755693,-30.91687319342717,0,False,False
838aebfffffffff,-15.855334193787591,-31.432970794525414,0,False,False
838aecfffffffff,-17.73933441169971,-32.54977020928729,0,False,False
838aedfffffffff,-16.764460613206932,-33.07065996591687,0,False,False
838aeefffffffff,-17.75999897833003,-31.46693145451544,0,False,False
838af0fffffffff,-20.446133453636545,-28.675684729474007,0,False,False
838af1fffffffff,-19.534836342756247,-29.258652031556966,0,False,False
838af2fffffffff,-20.369931176165576,-27.52148909052926,0,False,False
838af3fffffffff,-19.45827089385348,-28.120427759941663,0,False,False
838af4fffffffff,-21.433338617910835,-29.23876769218121,0,False,False
838af5fffffffff,-20.51405497510314,-29.819139028429166,0,False,False
838af6fffffffff,-21.365907874217047,-28.078945935451447,0,False,False
838b00fffffffff,-31.083818432216635,-37.74728220520712,0,False,False
838b01fffffffff,-30.15660743946147,-38.30972246978585,0,False,False
838b03fffffffff,-30.1444515406632,-37.07625339973468,0,False,False
838b04fffffffff,-32.017218050578734,-38.42988990375422,0,False,False
838b05fffffffff,-31.094346204516896,-38.994835162492976,0,False,False
838b06fffffffff,-31.99662271386737,-37.18124818534508,0,False,False
838b08fffffffff,-28.26842739245673,-38.19233018013386,0,False,False
838b09fffffffff,-27.310493308739314,-38.74505935633475,0,False,False
838b0afffffffff,-28.265147650755672,-36.97367910670979,0,False,False
838b0bfffffffff,-27.317069568655075,-37.52734610875055,0,False,False
838b0cfffffffff,-29.2154268805851,-38.86849574504637,0,False,False
838b0dfffffffff,-28.26076128970563,-39.42353253812883,0,False,False
838b0efffffffff,-29.213248564853004,-37.63603775652476,0,False,False
838b19fffffffff,-28.2512698582658,-35.76847334237238,0,False,False
838b1bfffffffff,-28.23699412118263,-34.581002738268936,0,False,False
838b1dfffffffff,-29.199978477024697,-36.41669079051632,0,False,False
838b20fffffffff,-32.94951423650344,-40.39970331425507,0,False,False
838b21fffffffff,-32.02139173285855,-40.96494374901706,0,False,False
838b22fffffffff,-32.9438024544097,-39.124179966144304,0,False,False
838b23fffffffff,-32.025598674007455,-39.69146816503947,0,False,False
838b24fffffffff,-33.86526139362663,-41.119611013569845,0,False,False
838b25fffffffff,-32.942141937163775,-41.686644489596375,0,False,False
838b26fffffffff,-33.86274037827507,-39.83024571113501,0,False,False
838b28fffffffff,-30.14580408429106,-40.81389024956873,0,False,False
838b29fffffffff,-29.185144309929324,-41.36889837182074,0,False,False
838b2afffffffff,-30.15717405136595,-39.555934083834,0,False,False
838b2bfffffffff,-29.20616480817834,-40.11311930346435,0,False,False
838b2cfffffffff,-31.078792284105848,-41.52590489798639,0,False,False
838b2dfffffffff,-30.122183514620765,-42.08252886145861,0,False,False
838b2efffffffff,-31.092785394984308,-40.254726563322585,0,False,False
838b30fffffffff,-33.81844553543614,-37.28874943187389,0,False,False
838b31fffffffff,-32.92537399730085,-37.86116958944092,0,False,False
838b34fffffffff,-34.73485348693703,-37.97779429453758,0,False,False
838b35fffffffff,-33.8470029778385,-38.5529309696926,0,False,False
838b40fffffffff,-24.31858918325614,-41.6050551777765,0,False,False
838b41fffffffff,-23.305406136260903,-42.14049696554522,0,False,False
838b42fffffffff,-24.363765473557564,-40.38120764285452,0,False,False
838b43fffffffff,-23.3593590838729,-40.91904177595132,0,False,False
838b44fffffffff,-25.27468997773532,-42.30151161498909,0,False,False
838b45fffffffff,-24.26310482149485,-42.83825310322752,0,False,False
838b46fffffffff,-25.32140854997719,-41.06558494048656,0,False,False
838b48fffffffff,-21.32161535326364,-41.98305990549109,0,False,False
838b49fffffffff,-20.289856343334662,-42.50914692238899,0,False,False
838b4afffffffff,-21.383003290141243,-40.77575858921828,0,False,False
838b4bfffffffff,-20.359412657707963,-41.30432644013757,0,False,False
838b4cfffffffff,-22.28261547070401,-42.67186278997787,0,False,False
838b4dfffffffff,-21.25101259799968,-43.19910866183879,0,False,False
838b4efffffffff,-22.345052254689776,-41.45300926256671,0,False,False
838b50fffffffff,-25.383319100531345,-38.624428181481406,0,False,False
838b51fffffffff,-24.398834982725177,-39.16770774372547,0,False,False
838b52fffffffff,-25.39900360122533,-37.42112114349298,0,False,False
838b53fffffffff,-24.42402972477975,-37.96549886085911,0,False,False
838b54fffffffff,-26.339998439464203,-39.29415753368834,0,False,False
838b55fffffffff,-25.357541220022465,-39.83956051517126,0,False,False
838b56fffffffff,-26.356269570259126,-38.07761895085018,0,False,False
838b58fffffffff,-22.44149055415013,-39.04408625818577,0,False,False
838b59fffffffff,-21.43532064635618,-39.57817035223873,0,False,False
838b5afffffffff,-22.4758672397464,-37.855883926586735,0,False,False
838b5bfffffffff,-21.478740407803805,-38.39121146490159,0,False,False
838b5cfffffffff,-23.40347829818883,-39.707394968820765,0,False,False
838b5dfffffffff,-22.39795286210061,-40.24343056318745,0,False,False
838b5efffffffff,-23.43796635546332,-38.50650870194307,0,False,False
838b60fffffffff,-26.166697629931072,-44.2646393869889,0,False,False
838b61fffffffff,-25.14873919530072,-44.79885253487388,0,False,False
838b62fffffffff,-26.226709778417085,-43.0084408437829,0,False,False
838b63fffffffff,-25.21718756315488,-43.54629784391994,0,False,False
838b64fffffffff,-27.110686934497423,-44.99327322578174,0,False,False
838b65fffffffff,-26.095272522901265,-45.52803808424213,0,False,False
838b66fffffffff,-27.173702944097123,-43.72586076891319,0,False,False
838b68fffffffff,-23.16734596120224,-44.608772600993056,0,False,False
838b69fffffffff,-22.128597562057024,-45.13331888371511,0,False,False
838b6afffffffff,-23.241447844530008,-43.37075729927383,0,False,False
838b6bfffffffff,-22.21050026626969,-43.89898328480329,0,False,False
838b6cfffffffff,-24.120575951214743,-45.32846630111232,0,False,False
838b6dfffffffff,-23.08299774581042,-45.85345049897724,0,False,False
838b6efffffffff,-24.197144463028604,-44.07975428346657,0,False,False
838b70fffffffff,-27.264726972159743,-41.21549863508423,0,False,False
838b71fffffffff,-26.27546306058199,-41.76057738090657,0,False,False
838b72fffffffff,-27.293142619675287,-39.97476708680758,0,False,False
838b73fffffffff,-26.3131499069776,-40.522137341544266,0,False,False
838b74fffffffff,-28.21134378860734,-41.91969409787337,0,False,False
838b75fffffffff,-27.224988061939385,-42.46622456845683,0,False,False
838b76fffffffff,-28.24182953079267,-40.6663273536981,0,False,False
838b83fffffffff,-30.17691358473041,-28.50674661286409,0,False,False
838b88fffffffff,-28.23550892602145,-29.779244750341658,0,False,False
838b89fffffffff,-27.270890653477707,-30.39151889842566,0,False,False
838b8afffffffff,-28.207964866344508,-28.54326143496528,0,False,False
838b8bfffffffff,-27.243572348992245,-29.174358554258976,0,False,False
838b8cfffffffff,-29.22089567028952,-30.393051501481384,0,False,False
838b8dfffffffff,-28.251812536110545,-31.00185355467938,0,False,False
838b8efffffffff,-29.204480784401177,-29.15114227539668,0,False,False
838b91fffffffff,-31.12068745275963,-26.55159454301342,0,False,False
838b93fffffffff,-31.07608792413522,-25.246141983200783,0,False,False
838b98fffffffff,-29.13581839069544,-26.62884884852465,0,False,False
838b99fffffffff,-28.16884884714289,-27.294851289275787,0,False,False
838b9afffffffff,-29.08293082678623,-25.350556382485863,0,False,False
838b9bfffffffff,-28.11786119709545,-26.03502826621468,0,False,False
838b9cfffffffff,-30.14746044998764,-27.232334189479275,0,False,False
838b9dfffffffff,-29.176234202762416,-27.89607062873048,0,False,False
838b9efffffffff,-30.105224953899416,-25.94609204596784,0,False,False
838cd0fffffffff,-32.94341478594415,125.65170602247252,0,False,False
838cd1fffffffff,-33.55083350141441,126.8254558226989,0,False,False
838cd2fffffffff,-33.45682639755211,124.4313168516006,0,False,False
838cd3fffffffff,-34.07806567551632,125.60630803786376,0,False,False
838cd5fffffffff,-32.4217148398967,126.85008270212558,0,False,False
838cdafffffffff,-35.83450715572249,126.77360444022592,0,False,False
838cdefffffffff,-34.68869960284675,126.7999780242963,0,False,False
838cf3fffffffff,-31.30211006992598,126.87390058279794,0,False,False
838d26fffffffff,-45.87157177523236,103.54656807921036,0,False,False
838e25fffffffff,-14.5494645823966,-49.88419190715695,0,False,False
838e29fffffffff,-18.6068320371742,-50.36943385516049,0,False,False
838e2cfffffffff,-16.578288770965937,-50.124254414893954,0,False,False
838e2dfffffffff,-17.658631653258272,-49.63299027273086,0,False,False
838e61fffffffff,-22.98833780804047,-47.10366172400578,0,False,False
838e64fffffffff,-20.982947262246363,-46.88942752051183,0,False,False
838e65fffffffff,-22.03683332278075,-46.373778576087005,0,False,False
838e68fffffffff,-24.978549284496644,-47.32269206459267,0,False,False
838e69fffffffff,-26.01232104173629,-46.79746100671949,0,False,False
838e6cfffffffff,-24.033305013542584,-46.58325666128477,0,False,False
838e6dfffffffff,-25.069220976739665,-46.05804128684865,0,False,False
838f08fffffffff,-12.659057515242512,-48.45545162388642,0,False,False
838f09fffffffff,-13.733297719913836,-47.967007497730776,0,False,False
838f0bfffffffff,-13.60368430155175,-49.16576412331282,0,False,False
838f0dfffffffff,-12.786829424621908,-47.26459440431078,0,False,False
838f40fffffffff,-17.053597174081062,-45.26613301039123,0,False,False
838f41fffffffff,-18.11181368093441,-44.7557383583981,0,False,False
838f42fffffffff,-16.946251265531764,-46.47475335222815,0,False,False
838f43fffffffff,-18.01070471685189,-45.9684099873931,0,False,False
838f44fffffffff,-16.096897934342255,-44.57303994626797,0,False,False
838f45fffffffff,-17.153225351268922,-44.06320863656755,0,False,False
838f46fffffffff,-15.991024694073856,-45.77223856245168,0,False,False
838f48fffffffff,-20.12404694869826,-44.942454698244255,0,False,False
838f49fffffffff,-21.171081663032425,-44.42289370479377,0,False,False
838f4afffffffff,-20.027655773785373,-46.168877455182034,0,False,False
838f4bfffffffff,-21.081741955043388,-45.653362787860864,0,False,False
838f4cfffffffff,-19.16473146637837,-44.24108188131801,0,False,False
838f4dfffffffff,-20.211429485311967,-43.722194061850175,0,False,False
838f4efffffffff,-19.07028296607448,-45.457635824756125,0,False,False
838f50fffffffff,-15.757513787920283,-48.18522363783487,0,False,False
838f51fffffffff,-16.831210833204477,-47.68802789115292,0,False,False
838f52fffffffff,-15.629996135872652,-49.39691524961391,0,False,False
838f53fffffffff,-16.708528937715183,-48.90489015080157,0,False,False
838f54fffffffff,-14.80656881511855,-47.47406816509255,0,False,False
838f55fffffffff,-15.877881359681338,-46.97664526497524,0,False,False
838f56fffffffff,-14.681340423222906,-48.67780500195462,0,False,False
838f5dfffffffff,-18.96724597466397,-46.67983942605157,0,False,False
838f60fffffffff,-15.239535473985176,-42.706289472250816,0,False,False
838f61fffffffff,-16.28678983903432,-42.19427201393259,0,False,False
838f62fffffffff,-15.141566958082937,-43.88915068001823,0,False,False
838f63fffffffff,-16.1954831761463,-43.380058667967766,0,False,False
838f64fffffffff,-14.286309266653197,-42.04189166481298,0,False,False
838f65fffffffff,-15.330652385852082,-41.53108190948197,0,False,False
838f66fffffffff,-14.188544993204816,-43.21447408366005,0,False,False
838f68fffffffff,-18.289615991070924,-42.349987653836685,0,False,False
838f69fffffffff,-19.32799976030857,-41.82908480924104,0,False,False
838f6afffffffff,-18.204773664392004,-43.54925974788672,0,False,False
838f6bfffffffff,-19.250617819723274,-43.03122690073925,0,False,False
838f6cfffffffff,-17.329381156456495,-41.67846088077411,0,False,False
838f6dfffffffff,-18.36640128296805,-41.15889828670896,0,False,False
838f6efffffffff,-17.245141858664578,-42.86699215421356,0,False,False
838f70fffffffff,-13.973697952668909,-45.58023100227834,0,False,False
838f71fffffffff,-15.03673576025893,-45.07872320077588,0,False,False
838f72fffffffff,-13.856664364785384,-46.77148885680637,0,False,False
838f73fffffffff,-14.925056233535894,-46.27403087308532,0,False,False
838f74fffffffff,-13.024749676096658,-44.89528044786983,0,False,False
838f75fffffffff,-14.084337069555772,-44.39423474864349,0,False,False
838f76fffffffff,-12.908753720646216,-46.07753896235418,0,False,False
839400fffffffff,-42.95655895912857,120.57803693632962,0,False,False
839401fffffffff,-42.847636925925165,122.02899735651346,0,False,False
839402fffffffff,-43.91620168897491,120.05359059583988,0,False,False
839403fffffffff,-43.81945945804454,121.51641478570193,0,False,False
839405fffffffff,-41.98200419309974,121.0929000453078,0,False,False
839406fffffffff,-43.04625291536241,119.13743562860093,0,False,False
839408fffffffff,-43.56610643925154,124.46845454178572,0,False,False
83940afffffffff,-44.546703855220045,123.9722275002848,0,False,False
83940bfffffffff,-44.401027637896114,125.47193524734662,0,False,False
83940cfffffffff,-42.71912743724443,123.48855019043438,0,False,False
83940dfffffffff,-42.57074166372789,124.95486325759477,0,False,False
83940efffffffff,-43.70287173741993,122.98865915220372,0,False,False
839410fffffffff,-44.92527013532086,118.05686151939244,0,False,False
839411fffffffff,-44.86050180788724,119.51938132075936,0,False,False
839412fffffffff,-45.84119978282624,117.50190864050056,0,False,False
839413fffffffff,-45.789073887868895,118.97522944710056,0,False,False
839414fffffffff,-44.05182286899021,117.16330309195924,0,False,False
839415fffffffff,-43.99350062911444,118.60198289357253,0,False,False
839416fffffffff,-44.97091626004544,116.60818414600756,0,False,False
839419fffffffff,-45.51207607989777,123.46595856233763,0,False,False
83941cfffffffff,-44.77610301213146,120.99401196483346,0,False,False
83941dfffffffff,-44.6716288406634,122.47892904983672,0,False,False
83942afffffffff,-41.86109063970042,122.53195423042104,0,False,False
83942bfffffffff,-41.72087585990548,123.97881038024867,0,False,False
839433fffffffff,-43.11714340105739,117.7088827314739,0,False,False
839444fffffffff,-40.96323521580824,129.80776351603086,0,False,False
839445fffffffff,-40.72437684257085,131.26600736959992,0,False,False
839462fffffffff,-40.138032713239845,128.7866881118948,0,False,False
839463fffffffff,-39.909137363916926,130.2311565261922,0,False,False
839468fffffffff,-39.39385263790391,133.11229285741769,0,False,False
839469fffffffff,-39.10792971210999,134.54535286193726,0,False,False
83946afffffffff,-40.46592636515648,132.72088175755528,0,False,False
83946bfffffffff,-40.18812387557641,134.17053110897584,0,False,False
83946cfffffffff,-38.58597222493943,132.07265316541628,0,False,False
83946dfffffffff,-38.31051926417711,133.49532554645813,0,False,False
83946efffffffff,-39.66101314706737,131.67363089008137,0,False,False
839470fffffffff,-41.38163457249273,126.88870532725306,0,False,False
839474fffffffff,-40.53777519849367,125.89910431549151,0,False,False
839475fffffffff,-40.34758844495744,127.34205913751128,0,False,False
839476fffffffff,-41.56111407700634,125.4316741223142,0,False,False
839480fffffffff,-49.33989378020745,116.69562678525584,0,False,False
839481fffffffff,-49.31885327601949,118.22783557392604,0,False,False
839482fffffffff,-50.185545351273845,116.09909752601418,0,False,False
839483fffffffff,-50.17735404859677,117.64239624442126,0,False,False
839484fffffffff,-48.49097606032977,115.77645688769208,0,False,False
839485fffffffff,-48.47722324486448,117.2813305757056,0,False,False
839486fffffffff,-49.34077734538802,115.18058545045707,0,False,False
839488fffffffff,-50.09770791455739,120.7759758831282,0,False,False
839489fffffffff,-50.02505829107852,122.36196521233931,0,False,False
83948afffffffff,-50.96462226540962,120.20462097593597,0,False,False
83948bfffffffff,-50.90458636765212,121.80493236767995,0,False,False
83948cfffffffff,-49.277002311476174,119.77527926303472,0,False,False
83948dfffffffff,-49.2137507082969,121.33589801018972,0,False,False
83948efffffffff,-50.148285622591146,119.20205025799754,0,False,False
839490fffffffff,-50.98918003349758,113.95685287079196,0,False,False
839491fffffffff,-51.01403614837254,115.49157282916906,0,False,False
839493fffffffff,-51.82525890781309,114.87288629458897,0,False,False
839494fffffffff,-50.1421247427298,113.06919879003738,0,False,False
839495fffffffff,-50.17355324844653,114.57409963750212,0,False,False
839496fffffffff,-50.94492337380443,112.44340368824854,0,False,False
839498fffffffff,-51.83938464398295,118.02137363462693,0,False,False
839499fffffffff,-51.81433223350948,119.62159668951423,0,False,False
83949afffffffff,-52.65894899922412,117.41349909898956,0,False,False
83949bfffffffff,-52.64671186299307,119.02666633183708,0,False,False
83949cfffffffff,-51.018707463762375,117.04576895463872,0,False,False
83949dfffffffff,-51.00246072321924,118.61748644437324,0,False,False
83949efffffffff,-51.84278865838503,116.43776305306596,0,False,False
8394a0fffffffff,-46.76103444682727,115.46874911877576,0,False,False
8394a1fffffffff,-46.7409713074208,116.93696284441803,0,False,False
8394a2fffffffff,-47.6315089879464,114.88414993902508,0,False,False
8394a3fffffffff,-47.62430856300241,116.36186462774268,0,False,False
8394a4fffffffff,-45.88833539622324,114.6012830821976,0,False,False
8394a5fffffffff,-45.87408535675349,116.04338048642424,0,False,False
8394a6fffffffff,-46.76240993650387,114.0179595884084,0,False,False
8394aafffffffff,-48.4433655745048,118.80227985899732,0,False,False
8394aefffffffff,-47.59771202340291,117.85638180559454,0,False,False
8394b0fffffffff,-48.460896941311205,112.8219478834507,0,False,False
8394b1fffffffff,-48.48529409722417,114.28944624371437,0,False,False
8394b2fffffffff,-49.2849566262601,112.20903216463046,0,False,False
8394b3fffffffff,-49.32221289640752,113.68450527342009,0,False,False
8394b4fffffffff,-47.59049382915387,111.98558694070218,0,False,False
8394b5fffffffff,-47.61999540541658,113.42488658079075,0,False,False
8394b6fffffffff,-48.41854575009607,111.37546587646789,0,False,False
8394d2fffffffff,-51.60318019843466,124.49860679559224,0,False,False
8394d6fffffffff,-50.82182315662505,123.41606109014292,0,False,False
8394e4fffffffff,-45.37814682022013,124.98000535435096,0,False,False
839569fffffffff,-35.71034784323322,127.38022546934788,0,False,False
839588fffffffff,-44.11368813819848,114.3310870035243,0,False,False
839589fffffffff,-44.09169320809209,115.73916720166008,0,False,False
83958afffffffff,-45.00715223753171,113.75875816281412,0,False,False
83958bfffffffff,-44.99800526833052,115.1749775355232,0,False,False
83958dfffffffff,-43.20450324618915,114.89423079055736,0,False,False
839599fffffffff,-45.884602809989055,113.17713474308916,0,False,False
83959bfffffffff,-46.74578768675313,112.58611129617906,0,False,False
839c00fffffffff,-44.26042436625287,149.0515391812589,0,False,False
839c02fffffffff,-43.20251172817154,149.25828480888066,0,False,False
839c03fffffffff,-43.6553578771221,147.86632328798507,0,False,False
839c04fffffffff,-44.85298324323248,150.26114512798898,0,False,False
839c05fffffffff,-45.317950454301545,148.837217648315,0,False,False
839c06fffffffff,-43.79414329982553,150.44131628569914,0,False,False
839c15fffffffff,-42.73447229656868,150.6252879679351,0,False,False
839c1bfffffffff,-41.30698443637005,145.77283740368247,0,False,False
839c20fffffffff,-46.52023680965151,151.34983049077815,0,False,False
839c21fffffffff,-47.00153382309416,149.8740862919319,0,False,False
839c22fffffffff,-45.43965879644232,151.5111874263217,0,False,False
839c23fffffffff,-45.92232479838327,150.07228184349228,0,False,False
839c24fffffffff,-47.110285234112006,152.6707568546561,0,False,False
839c25fffffffff,-47.61058232597549,151.1803379870157,0,False,False
839c26fffffffff,-46.01912446120964,152.80247732144647,0,False,False
839c30fffffffff,-43.86834292727102,153.04749147718616,0,False,False
839c31fffffffff,-44.36950099496573,151.66497843575894,0,False,False
839c32fffffffff,-42.80993347892287,153.16162280486964,0,False,False
839c33fffffffff,-43.31037173750454,151.81172140293617,0,False,False
839c34fffffffff,-44.419065264125706,154.32126555254428,0,False,False
839c35fffffffff,-44.93826767392328,152.92790929198964,0,False,False
839c36fffffffff,-43.3504028060636,154.4075942426973,0,False,False
839c88fffffffff,-36.89513066795238,146.705292669049,0,False,False
839c89fffffffff,-37.32374851642496,145.375744252648,0,False,False
839c8bfffffffff,-36.202794051359184,145.61242107532652,0,False,False
839c8dfffffffff,-38.01080336261245,146.48041327333942,0,False,False
839cc0fffffffff,-39.62466233501429,140.98361531814336,0,False,False
839cc1fffffffff,-39.98754676542749,139.56827110681735,0,False,False
839cc2fffffffff,-38.52287983735571,141.27896782066816,0,False,False
839cc3fffffffff,-38.89103947983399,139.88143696326523,0,False,False
839cc4fffffffff,-40.341642568169135,142.0997205648036,0,False,False
839cc5fffffffff,-40.7164611350604,140.68130107051624,0,False,False
839cc6fffffffff,-39.2447856362794,142.3838498419562,0,False,False
839cc8fffffffff,-39.57583463944837,137.04694560894816,0,False,False
839cc9fffffffff,-39.8912921695897,135.6131398478034,0,False,False
839ccafffffffff,-38.48128876622937,137.38773042049945,0,False,False
839ccbfffffffff,-38.80359806066601,135.97106321350225,0,False,False
839cccfffffffff,-40.33276687827598,138.13932477579232,0,False,False
839ccdfffffffff,-40.65971796897514,136.69838054065383,0,False,False
839ccefffffffff,-39.24223222467884,138.47025146469306,0,False,False
839cd0fffffffff,-37.023397076550765,142.932596516051,0,False,False
839cd1fffffffff,-37.41189130147193,141.56758114721865,0,False,False
839cd2fffffffff,-35.90048369713456,143.1976314563996,0,False,False
839cd3fffffffff,-36.29251244504137,141.84966919408404,0,False,False
839cd4fffffffff,-37.73846469083762,144.02740715267117,0,False,False
839cd5fffffffff,-38.138440160064576,142.66140414952295,0,False,False
839cd6fffffffff,-36.62009806486312,144.28126804546346,0,False,False
839cd8fffffffff,-37.03137875471107,139.10997891682817,0,False,False
839cd9fffffffff,-37.37685157035436,137.72096926938264,0,False,False
839cdafffffffff,-35.91267379957646,139.41922921926303,0,False,False
839cdbfffffffff,-36.263334415338925,138.04688823147856,0,False,False
839cdcfffffffff,-37.78482779535543,140.18749931279123,0,False,False
839cddfffffffff,-38.14150698467067,138.79372653036663,0,False,False
839cdefffffffff,-36.66971416792803,140.48668025004827,0,False,False
839ce2fffffffff,-41.04130401076552,143.2291556842526,0,False,False
839cf0fffffffff,-39.541867701723525,144.8854542226444,0,False,False
839cf1fffffffff,-39.9498516370647,143.50155769804712,0,False,False
839cf2fffffffff,-38.437043937506616,145.1334855834459,0,False,False
839cf3fffffffff,-38.84865008400251,143.76757116674304,0,False,False
839cf4fffffffff,-40.21749933053197,146.01437633300424,0,False,False
839cf5fffffffff,-40.63744271908181,144.63145098680462,0,False,False
839cf6fffffffff,-39.11852199623305,146.25017000053947,0,False,False
839d00fffffffff,-48.236344166073934,158.39189325740054,0,False,False
839d01fffffffff,-48.81831481137379,156.90073868823845,0,False,False
839d02fffffffff,-47.120392670200594,158.3830020267169,0,False,False
839d03fffffffff,-47.70011580804301,156.93011047585247,0,False,False
839d04fffffffff,-48.75793989176778,159.89681148349547,0,False,False
839d05fffffffff,-49.36171378484214,158.4012612281934,0,False,False
839d06fffffffff,-47.63553131082178,159.84897181281997,0,False,False
839d08fffffffff,-48.80147475385672,153.9307177336567,0,False,False
839d09fffffffff,-49.320788684682746,152.38646546078823,0,False,False
839d0afffffffff,-47.6910050283332,154.03583137659652,0,False,False
839d0bfffffffff,-48.21107810499089,152.53226432770407,0,False,False
839d0cfffffffff,-49.380165082447256,155.3763885217658,0,False,False
839d0dfffffffff,-49.920668530694165,153.81995047244325,0,False,False
839d0efffffffff,-48.26087298357793,155.4456763453047,0,False,False
839d10fffffffff,-45.42086570152748,159.76033224135637,0,False,False
839d11fffffffff,-46.01457716879695,158.37455204730395,0,False,False
839d12fffffffff,-44.32996692516282,159.7191953943319,0,False,False
839d13fffffffff,-44.91957237759621,158.3665112674148,0,False,False
839d14fffffffff,-45.90902798720852,161.1910989630097,0,False,False
839d15fffffffff,-46.52293945104185,159.80353771193103,0,False,False
839d18fffffffff,-46.0507212613716,155.57398800079926,0,False,False
839d19fffffffff,-46.589992825071576,154.13571281874056,0,False,False
839d1afffffffff,-44.96124487952579,155.63350615011885,0,False,False
839d1bfffffffff,-45.49913001554892,154.2307426708411,0,False,False
839d1cfffffffff,-46.59162707263165,156.9580091258682,0,False,False
839d1dfffffffff,-47.15082074748066,155.51145628630314,0,False,False
839d1efffffffff,-45.49354194883534,156.98454274221191,0,False,False
839d20fffffffff,-50.3997673251025,161.53845855368493,0,False,False
839d21fffffffff,-51.02918980941918,160.00051414020325,0,False,False
839d22fffffffff,-49.26331579928112,161.44463453140818,0,False,False
839d23fffffffff,-49.889421004765325,159.9472528960359,0,False,False
839d24fffffffff,-50.89107692876734,163.17432925357787,0,False,False
839d25fffffffff,-51.54407591482354,161.6375972618923,0,False,False
839d26fffffffff,-49.75087577400457,163.03486821125435,0,False,False
839d28fffffffff,-51.08086313184285,156.8370830367371,0,False,False
839d29fffffffff,-51.64341632925157,155.2261045560815,0,False,False
839d2afffffffff,-49.94548888858301,156.86977393616576,0,False,False
839d2bfffffffff,-50.50794350313678,155.30330474865818,0,False,False
839d2cfffffffff,-51.63763224425227,158.4215894518358,0,False,False
839d2dfffffffff,-52.22362546458551,156.80251753713017,0,False,False
839d2efffffffff,-50.49574244898418,158.41114533843503,0,False,False
839d30fffffffff,-47.49589676674832,162.77746436177975,0,False,False
839d31fffffffff,-48.13553412679805,161.35570944730875,0,False,False
839d33fffffffff,-47.01719485650005,161.2713097697999,0,False,False
839d35fffffffff,-48.618881323193214,162.90276878009152,0,False,False
839d56fffffffff,-48.70999931777876,151.0020819176511,0,False,False
839da8fffffffff,-43.33113673377734,157.03389687454447,0,False,False
839da9fffffffff,-43.88301794599067,155.69022333605508,0,False,False
839dabfffffffff,-42.81662171521759,155.74433263213754,0,False,False
839dacfffffffff,-43.83600832716611,158.35885066613267,0,False,False
839dadfffffffff,-44.40651020713226,157.00980910509983,0,False,False
83a61afffffffff,-51.21688368432055,101.67299454750685,0,False,False
83a680fffffffff,-48.96533770055738,106.5406725541341,0,False,False
83a681fffffffff,-48.84705664219076,105.18744749183917,0,False,False
83a682fffffffff,-48.19183875897962,107.17490198099246,0,False,False
83a683fffffffff,-48.08584274079166,105.8245116084175,0,False,False
83a684fffffffff,-49.83838218704479,107.28087288459882,0,False,False
83a685fffffffff,-49.72225765193929,105.8977418533489,0,False,False
83a686fffffffff,-49.06913702075217,107.92038255102402,0,False,False
83a68afffffffff,-47.40049044060682,103.6574737750406,0,False,False
83a68cfffffffff,-48.88330728544011,103.7713702969602,0,False,False
83a68dfffffffff,-49.01446533881467,102.28831928509724,0,False,False
83a68efffffffff,-48.076041412162,104.44500516972444,0,False,False
83a690fffffffff,-47.480604253842536,109.17221702803766,0,False,False
83a691fffffffff,-47.40181931025205,107.80045330485072,0,False,False
83a694fffffffff,-48.35903536212324,109.95135458626692,0,False,False
83a695fffffffff,-48.28318658265294,108.55081645891924,0,False,False
83a696fffffffff,-47.54376648769616,110.56762173787868,0,False,False
83a698fffffffff,-46.41915154169953,105.75456842972952,0,False,False
83a699fffffffff,-46.57186517118526,104.32329316526716,0,False,False
83a69cfffffffff,-47.30823814965986,106.4532665297014,0,False,False
83a69dfffffffff,-47.25454594711358,105.10601095313392,0,False,False
83a6a8fffffffff,-50.32016264369664,103.88837934252528,0,False,False
83a6a9fffffffff,-50.45398259841296,102.38552616807614,0,False,False
83a6aafffffffff,-49.59183544352304,104.54206902173286,0,False,False
83a6abfffffffff,-49.67604403009863,103.08493254715675,0,False,False
83a6aefffffffff,-50.46256911638834,105.24609483192562,0,False,False
83a6b0fffffffff,-50.0241624909208,110.12607908446785,0,False,False
83a6b1fffffffff,-49.93931368568395,108.69064465648115,0,False,False
83a6b2fffffffff,-49.22980382090372,110.75565792339532,0,False,False
83a6b3fffffffff,-49.15758078834435,109.32571647829457,0,False,False
83a6b4fffffffff,-50.88209274474897,110.95285203977288,0,False,False
83a6b6fffffffff,-50.09205170736108,111.58603351248811,0,False,False
83a6f0fffffffff,-49.9033221871105,100.07109607951077,0,False,False
83a6f2fffffffff,-49.12698493643467,100.79125562280204,0,False,False
83a6f4fffffffff,-50.56880178433648,100.8681411024955,0,False,False
83a6f6fffffffff,-49.79921802141018,101.58467864744972,0,False,False
83a861fffffffff,-38.539791666683136,-37.02998616904244,0,False,False
83a864fffffffff,-40.387303763570365,-37.17832381283304,0,False,False
83a865fffffffff,-39.4031331469493,-37.74376305412166,0,False,False
83a869fffffffff,-35.69151052305754,-37.434130199482375,0,False,False
83a86cfffffffff,-37.5543575455213,-37.58566892141378,0,False,False
83a86dfffffffff,-36.56990301643279,-38.12492933665445,0,False,False
83a90cfffffffff,-48.50470487907005,-33.97431703176678,0,False,False
83a90dfffffffff,-47.581504948650974,-34.72132878739912,0,False,False
83a928fffffffff,-49.19053240611641,-36.18595905947614,0,False,False
83a929fffffffff,-48.26788827114068,-36.895747900901874,0,False,False
83a92afffffffff,-49.31404933348682,-34.70702019515571,0,False,False
83a92bfffffffff,-48.39477279213682,-35.44791921623891,0,False,False
83a92cfffffffff,-49.968622288099326,-36.93547035914942,0,False,False
83a92dfffffffff,-49.050203589554414,-37.63787228776295,0,False,False
83a92efffffffff,-50.10566591328732,-35.4517143263236,0,False,False
83a940fffffffff,-43.82561994092738,-37.47809323548167,0,False,False
83a941fffffffff,-42.880933760266686,-39.39792616620892,0,False,False
83a942fffffffff,-44.01986839788032,-37.49546374230648,0,False,False
83a943fffffffff,-43.04395585822159,-38.08138496682541,0,False,False
83a944fffffffff,-44.652727421825126,-38.17836089163654,0,False,False
83a945fffffffff,-43.70534054194661,-38.80721998813766,0,False,False
83a946fffffffff,-44.77226758667409,-36.82181120485223,0,False,False
83a948fffffffff,-41.085322822059126,-39.198278634562506,0,False,False
83a949fffffffff,-40.10431762483418,-39.73074299040562,0,False,False
83a94afffffffff,-41.23415579097204,-37.9088448005114,0,False,False
83a94bfffffffff,-40.25178360119122,-38.46654813413709,0,False,False
83a94cfffffffff,-41.90337337795406,-39.93887854883691,0,False,False
83a94dfffffffff,-40.92468328118865,-40.46279302225471,0,False,False
83a94efffffffff,-42.06548621449157,-38.6487356080386,0,False,False
83a950fffffffff,-45.14075267886476,-35.4923042904923,0,False,False
83a951fffffffff,-44.16931454901222,-36.125855102138175,0,False,False
83a954fffffffff,-45.81702573777788,-34.734959313090144,0,False,False
83a955fffffffff,-44.87702238368983,-35.44086003761007,0,False,False
83a956fffffffff,-46.107218047770544,-34.83776123498004,0,False,False
83a959fffffffff,-41.37037356339666,-36.59509180680389,0,False,False
83a95cfffffffff,-43.193805577797086,-36.73925990196713,0,False,False
83a95dfffffffff,-42.2151228318356,-37.33333045349017,0,False,False
83a960fffffffff,-45.31681965066907,-40.22116037771246,0,False,False
83a961fffffffff,-44.37269053461761,-40.81504101105168,0,False,False
83a962fffffffff,-45.463417073761086,-38.88813588380143,0,False,False
83a963fffffffff,-44.51925052816735,-39.50967044878412,0,False,False
83a964fffffffff,-46.09784199381766,-40.9416417337892,0,False,False
83a965fffffffff,-45.157318860482206,-41.52729977023324,0,False,False
83a966fffffffff,-46.25746128977508,-39.607390870024666,0,False,False
83a968fffffffff,-42.62196257177326,-40.69397778407416,0,False,False
83a969fffffffff,-41.83712656082966,-41.355947659341474,0,False,False
83a96afffffffff,-42.75493275998144,-39.41627473442533,0,False,False
83a96bfffffffff,-41.8023548627517,-40.00631481555188,0,False,False
83a96cfffffffff,-43.47100449543581,-41.414980223642985,0,False,False
83a96dfffffffff,-42.69308797419207,-42.07988813236137,0,False,False
83a96efffffffff,-43.5718209369646,-40.11134770962393,0,False,False
83a970fffffffff,-46.534990892921805,-36.85790494328708,0,False,False
83a971fffffffff,-45.59623324231504,-37.528874676590085,0,False,False
83a972fffffffff,-46.65110245942691,-35.44430534675952,0,False,False
83a973fffffffff,-45.71439202657857,-36.14416889150162,0,False,False
83a974fffffffff,-47.33858585766176,-37.58207536067327,0,False,False
83a975fffffffff,-46.403478229148135,-38.245898256419466,0,False,False
83a976fffffffff,-47.4681287039836,-36.16456129743623,0,False,False
83b218fffffffff,-40.08429935874626,-53.707059197858506,0,False,False
83b219fffffffff,-40.99023930920716,-53.09194626272713,0,False,False
83b21bfffffffff,-40.90661490485645,-54.524456573418085,0,False,False
83b21cfffffffff,-39.24635024075155,-52.89972527422258,0,False,False
83b21dfffffffff,-40.158913070598935,-52.283087922425366,0,False,False
83b229fffffffff,-40.28214236908811,-46.60295031844476,0,False,False
83b22dfffffffff,-39.40433225051724,-45.84993488303245,0,False,False
83b240fffffffff,-43.62779108218576,-47.086110979318654,0,False,False
83b241fffffffff,-44.42929448950736,-46.43197760331821,0,False,False
83b242fffffffff,-43.62291120397177,-48.52543232001239,0,False,False
83b243fffffffff,-44.43441447922769,-47.877587966624525,0,False,False
83b244fffffffff,-42.80625677788818,-46.306709289792245,0,False,False
83b245fffffffff,-43.61471746895222,-45.65371223053212,0,False,False
83b246fffffffff,-42.80931650793524,-47.73337834461715,0,False,False
83b248fffffffff,-46.00639337248764,-46.56056077573673,0,False,False
83b249fffffffff,-46.76671165672834,-45.89149789620112,0,False,False
83b24afffffffff,-46.01326122966066,-48.02560513097923,0,False,False
83b24bfffffffff,-46.78376101117121,-47.36274538388088,0,False,False
83b24cfffffffff,-45.21371634021128,-45.771041610113066,0,False,False
83b24dfffffffff,-45.98098224775085,-45.103374958220215,0,False,False
83b24efffffffff,-45.22894055345946,-47.2226122528128,0,False,False
83b251fffffffff,-44.48298951706753,-49.07668129606704,0,False,False
83b255fffffffff,-43.669999000541495,-48.27597345441381,0,False,False
83b259fffffffff,-46.00132099252448,-49.496642964841776,0,False,False
83b25afffffffff,-46.06141157606093,-50.71463621265246,0,False,False
83b25cfffffffff,-44.42120588621707,-49.32922477820139,0,False,False
83b25dfffffffff,-45.225715311094994,-48.6811139741349,0,False,False
83b25efffffffff,-45.28025229328846,-49.88958684292709,0,False,False
83b260fffffffff,-41.94253827583234,-44.13424168781701,0,False,False
83b261fffffffff,-42.74779249450843,-43.47833709345403,0,False,False
83b262fffffffff,-41.9702623556163,-45.53939050803314,0,False,False
83b263fffffffff,-42.785641937901495,-44.887808585352175,0,False,False
83b264fffffffff,-41.085914482901295,-43.39297028598085,0,False,False
83b265fffffffff,-41.898025553521805,-42.73925262058443,0,False,False
83b266fffffffff,-41.12029756378677,-44.7841446762676,0,False,False
83b268fffffffff,-44.3651812305482,-43.56593500555665,0,False,False
83b269fffffffff,-45.12917061556779,-42.89582186190931,0,False,False
83b26afffffffff,-44.40610784875477,-44.99418302765199,0,False,False
83b26bfffffffff,-45.18033949699905,-44.32820055762501,0,False,False
83b26cfffffffff,-43.53594100369896,-42.816521647014845,0,False,False
83b26dfffffffff,-44.30690215361312,-42.1488940523667,0,False,False
83b26efffffffff,-43.58398268628394,-44.22996170647991,0,False,False
83b270fffffffff,-41.9985420247128,-46.711264253403066,0,False,False
83b271fffffffff,-41.98085140356581,-46.95310366933851,0,False,False
83b273fffffffff,-42.84169732713031,-47.48749654294379,0,False,False
83b274fffffffff,-41.14103143610453,-45.947271879752925,0,False,False
83b275fffffffff,-41.13798568973804,-46.18463043406144,0,False,False
83b2c0fffffffff,-44.15384996574964,-56.42990657765695,0,False,False
83b2c1fffffffff,-45.01644593308733,-55.81510045529839,0,False,False
83b2c2fffffffff,-44.03139280744725,-57.89138406782938,0,False,False
83b2c3fffffffff,-44.90255673706353,-57.289173349125214,0,False,False
83b2c4fffffffff,-43.38795547281618,-55.58035811992424,0,False,False
83b2c5fffffffff,-44.25760237439785,-54.96281683049316,0,False,False
83b2c6fffffffff,-43.27556999033838,-57.03543250089528,0,False,False
83b2cafffffffff,-46.48221368893039,-57.54975561784846,0,False,False
83b2cefffffffff,-45.758059302895134,-56.67748569734118,0,False,False
83b2d8fffffffff,-45.4906736305885,-59.6303614886733,0,False,False
83b2d9fffffffff,-46.38656328772798,-58.99393624993724,0,False,False
83b2dafffffffff,-45.48064141004726,-60.950128844964986,0,False,False
83b2dbfffffffff,-46.39154538618571,-60.32345556522314,0,False,False
83b2dcfffffffff,-44.76983236194185,-58.75644518957597,0,False,False
83b2ddfffffffff,-45.63383247535792,-58.15793309102168,0,False,False
83b2defffffffff,-44.61857273466602,-60.2150541813791,0,False,False
83b2e0fffffffff,-42.68935324794462,-53.28930805584634,0,False,False
83b2e2fffffffff,-42.60516025584135,-54.74073116810913,0,False,False
83b2e3fffffffff,-43.481799907510535,-54.12082883796686,0,False,False
83b2e4fffffffff,-41.88062129395831,-52.4684041946075,0,False,False
83b2e6fffffffff,-41.80579590811415,-53.91120716056353,0,False,False
83b2f1fffffffff,-42.50262270078106,-56.18882328292629,0,False,False
83b2f5fffffffff,-41.71285456509708,-55.3517678459512,0,False,False
83b300fffffffff,-30.89295738686557,-46.70034754856327,0,False,False
83b301fffffffff,-31.8725361085542,-46.15480350802662,0,False,False
83b304fffffffff,-29.97525085770204,-45.94104981104498,0,False,False
83b305fffffffff,-30.959343817533583,-45.39572634867337,0,False,False
83b308fffffffff,-33.73662507759575,-46.373609760351286,0,False,False
83b309fffffffff,-34.68292272661468,-45.817376691243744,0,False,False
83b30cfffffffff,-32.83843763232842,-45.60406978695072,0,False,False
83b30dfffffffff,-33.79013845739292,-45.04817519520007,0,False,False
83b320fffffffff,-29.10672995986414,-43.90958227967105,0,False,False
83b321fffffffff,-30.086035182444352,-43.36072787526046,0,False,False
83b322fffffffff,-29.04888399161645,-45.19218044787439,0,False,False
83b323fffffffff,-30.03712216428081,-44.647310277390034,0,False,False
83b324fffffffff,-28.16905057551984,-43.18255440322559,0,False,False
83b325fffffffff,-29.152081487627832,-42.6347619055435,0,False,False
83b326fffffffff,-28.114734388877217,-44.4537766740304,0,False,False
83b328fffffffff,-31.97390276481692,-43.54310136640088,0,False,False
83b329fffffffff,-32.92135605493532,-42.98384265380293,0,False,False
83b32afffffffff,-31.93006526454312,-44.84539070737577,0,False,False
83b32bfffffffff,-32.886868801916044,-44.29007640927749,0,False,False
83b32cfffffffff,-31.052059186867154,-42.807255364330565,0,False,False
83b32dfffffffff,-32.00425941496021,-42.24921080529336,0,False,False
83b32efffffffff,-31.0123180552904,-44.09760462196085,0,False,False
83b330fffffffff,-27.96937792830115,-47.0165471930205,0,False,False
83b331fffffffff,-28.97838131350914,-46.48133181184059,0,False,False
83b334fffffffff,-27.03579622014529,-46.26728349966898,0,False,False
83b335fffffffff,-28.04822058583029,-45.73218140993658,0,False,False
83b340fffffffff,-37.44616782378752,-42.773721790765,0,False,False
83b341fffffffff,-38.32070782952364,-42.1926140692329,0,False,False
83b342fffffffff,-37.430786417450975,-44.11692030262851,0,False,False
83b343fffffffff,-38.315211259024025,-43.53964130015549,0,False,False
83b344fffffffff,-36.56568180874425,-42.01985751573477,0,False,False
83b345fffffffff,-37.44640013325324,-41.44030858392024,0,False,False
83b346fffffffff,-36.55553300041601,-43.34988143315692,0,False,False
83b348fffffffff,-40.03511351575237,-42.3696706634541,0,False,False
83b349fffffffff,-40.87019314868963,-41.77708947440942,0,False,False
83b34afffffffff,-40.216315621261,-42.663937999998986,0,False,False
83b34bfffffffff,-41.03520633650431,-42.01263689948963,0,False,False
83b34cfffffffff,-39.17891289345378,-41.606615334137565,0,False,False
83b34dfffffffff,-40.02058593682468,-41.01578770762836,0,False,False
83b34efffffffff,-39.183393614267935,-42.957207215768,0,False,False
83b350fffffffff,-36.48995992693242,-46.03582044038029,0,False,False
83b351fffffffff,-38.48795341948747,-43.72843506835788,0,False,False
83b352fffffffff,-37.62559305424587,-45.75514617549495,0,False,False
83b353fffffffff,-38.513424826440726,-45.10883628884319,0,False,False
83b354fffffffff,-35.61430975599017,-45.25582805777896,0,False,False
83b355fffffffff,-36.53038288162598,-44.6889967219964,0,False,False
83b358fffffffff,-39.41113069622137,-44.68308965634184,0,False,False
83b359fffffffff,-40.25689069012383,-44.04094536834479,0,False,False
83b35afffffffff,-40.26970432739297,-45.19549745581603,0,False,False
83b35bfffffffff,-40.28122908611964,-45.42796313363803,0,False,False
83b35cfffffffff,-38.52827819232382,-43.949982320740375,0,False,False
83b35dfffffffff,-39.38060787979602,-43.30975078113758,0,False,False
83b35efffffffff,-39.38513921802855,-44.45590288693288,0,False,False
83b360fffffffff,-35.66566975465815,-39.97238287269276,0,False,False
83b361fffffffff,-36.54230556039702,-39.39231947199439,0,False,False
83b362fffffffff,-35.67445503466324,-41.27802095813838,0,False,False
83b363fffffffff,-36.56115039391406,-40.70025008651807,0,False,False
83b364fffffffff,-34.76069838547466,-39.25663731920661,0,False,False
83b365fffffffff,-35.64306326478787,-38.6789488164905,0,False,False
83b366fffffffff,-34.77322058663526,-40.54816934340364,0,False,False
83b368fffffffff,-38.28627236699829,-39.53134406299551,0,False,False
83b369fffffffff,-39.2688723459026,-39.00715374883147,0,False,False
83b36afffffffff,-38.31093413447599,-40.85607695861182,0,False,False
83b36bfffffffff,-39.1590668633828,-40.26722860656298,0,False,False
83b36cfffffffff,-37.43498729828861,-38.82402117986044,0,False,False
83b36dfffffffff,-38.41874055595931,-38.2921062536839,0,False,False
83b36efffffffff,-37.4318352864224,-40.11800132726927,0,False,False
83b370fffffffff,-34.75678073111297,-43.16466778653768,0,False,False
83b371fffffffff,-35.66903996052825,-42.594662672362205,0,False,False
83b372fffffffff,-34.727163953027365,-44.48715297088719,0,False,False
83b373fffffffff,-35.649088117334664,-43.92104090038203,0,False,False
83b374fffffffff,-33.85420647321453,-42.41987497706235,0,False,False
83b375fffffffff,-34.772031112312085,-41.85124926438089,0,False,False
83b376fffffffff,-33.8292568795572,-43.729821326475374,0,False,False
83b8c2fffffffff,-54.24797739091198,123.7845535105363,0,False,False
83b8cafffffffff,-53.47616999196602,119.81845331520752,0,False,False
83b8d1fffffffff,-53.32387070108972,124.64976178590712,0,False,False
83b8d3fffffffff,-52.395037970792174,125.47706921962327,0,False,False
83b8d8fffffffff,-52.55450792455326,122.29725151408658,0,False,False
83b8d9fffffffff,-52.61210412668891,120.65539718165442,0,False,False
83b8dafffffffff,-51.696762853020594,122.86267064915306,0,False,False
83b8dbfffffffff,-51.766982960228816,121.23616275338745,0,False,False
83b8dcfffffffff,-53.397167741980695,123.02049895282325,0,False,False
83b8ddfffffffff,-53.44765909740092,121.40932861517796,0,False,False
83b8defffffffff,-52.48597669077722,123.8791340387694,0,False,False
83ba24fffffffff,-65.91860012282075,-156.47103472821405,0,False,False
83ba25fffffffff,-65.8139959469184,-159.07683785676366,0,False,False
83ba2dfffffffff,-64.40316066934245,-165.1745058176803,0,False,False
83bb08fffffffff,-67.82803700170355,-156.59808148461676,0,False,False
83bb09fffffffff,-67.72936568313796,-159.4302245193337,0,False,False
83bb0afffffffff,-66.90393404352795,-155.1791183729463,0,False,False
83bb0bfffffffff,-66.82605055105081,-157.88811223124478,0,False,False
83bb0cfffffffff,-68.81784036246816,-155.19471046406275,0,False,False
83bb0dfffffffff,-68.74819392458154,-158.14963784372245,0,False,False
83bb0efffffffff,-67.87714719807718,-153.78037950642616,0,False,False
83bb29fffffffff,-70.68544001835689,-158.46331813443422,0,False,False
83bb2afffffffff,-69.79314244805678,-153.66430364644066,0,False,False
83bb2bfffffffff,-69.75488788902723,-156.74926536024344,0,False,False
83bb46fffffffff,-68.22048152589215,-166.996892193228,0,False,False
83bb50fffffffff,-66.52673035719639,-163.31650861451047,0,False,False
83bb51fffffffff,-66.3043492773474,-166.01167992463013,0,False,False
83bb52fffffffff,-65.66367384498557,-161.68467369970432,0,False,False
83bb53fffffffff,-65.46716622558498,-164.28377160104802,0,False,False
83bb54fffffffff,-67.58020737877925,-162.26304117350506,0,False,False
83bb55fffffffff,-67.38008908513861,-165.08274441448407,0,False,False
83bb56fffffffff,-66.70054143006462,-160.60463488442167,0,False,False
83bb58fffffffff,-64.9355627909118,-169.4139964274438,0,False,False
83bb5afffffffff,-64.14166147226331,-167.64729979345347,0,False,False
83bb5cfffffffff,-66.03354109873325,-168.67853641230445,0,False,False
83bb5efffffffff,-65.22437351869242,-166.8635756321243,0,False,False
83bb70fffffffff,-69.51226512375504,-162.95039273651173,0,False,False
83bb71fffffffff,-69.30642261957182,-166.03045300551895,0,False,False
83bb72fffffffff,-68.62581418852213,-161.11212526628603,0,False,False
83bb73fffffffff,-68.44997805402033,-164.0663855451647,0,False,False
83bb74fffffffff,-70.5650353981286,-161.72034605556192,0,False,False
83bb75fffffffff,-70.38512684409439,-164.96353200189048,0,False,False
83bb76fffffffff,-69.6616051914634,-159.85065554337794,0,False,False
83be88fffffffff,-52.51114015287308,165.05209931581675,0,False,False
83be89fffffffff,-53.1926892537883,163.4779350622336,0,False,False
83be8afffffffff,-51.36168249075256,164.85399393228695,0,False,False
83be8bfffffffff,-52.03864156927715,163.32178311474357,0,False,False
83be8dfffffffff,-53.66648790309619,165.26201036320046,0,False,False
83be99fffffffff,-50.21902854011949,164.66672986709136,0,False,False
83be9bfffffffff,-49.084054686741226,164.48944457818214,0,False,False
83bea9fffffffff,-55.27437451553052,167.37571128021807,0,False,False
83beabfffffffff,-54.11499508891815,167.09321315044824,0,False,False
83bed0fffffffff,-53.33026367431796,160.11649751499976,0,False,False
83bed1fffffffff,-53.94162646208537,158.44435948656673,0,False,False
83bed2fffffffff,-52.17642337984931,160.05683837108813,0,False,False
83bed3fffffffff,-52.78654919965885,158.43264254722908,0,False,False
83bed4fffffffff,-53.85282859821032,161.85373067890265,0,False,False
83bed5fffffffff,-54.48982088746036,160.17979665256954,0,False,False
83bed6fffffffff,-52.695391252977885,161.7425147487769,0,False,False
83bef0fffffffff,-55.51654513671354,163.8195935773665,0,False,False
83bef2fffffffff,-54.35230547536462,163.64357557687765,0,False,False
83bef3fffffffff,-55.01547224072626,161.97182884965093,0,False,False
83bef4fffffffff,-55.991032042715005,165.7217110195002,0,False,False
83bef6fffffffff,-54.82677801342157,165.48480860874272,0,False,False
83bf48fffffffff,-68.15995042286205,170.46902684839225,0,False,False
83bf49fffffffff,-68.8911927707898,168.0284673205778,0,False,False
83bf4afffffffff,-67.02440232344841,169.90195755889857,0,False,False
83bf4bfffffffff,-67.753226540735,167.55649309123152,0,False,False
83bf4cfffffffff,-68.51337347336573,173.47581168388655,0,False,False
83bf4dfffffffff,-69.2863470744426,171.09096860878887,0,False,False
83bf4efffffffff,-67.3911652290699,172.76664677080183,0,False,False
83bf59fffffffff,-66.47570785211212,168.79388040260272,0,False,False
83bf5dfffffffff,-66.25954241247288,172.1176760178988,0,False,False
83bf69fffffffff,-70.72448228056788,175.1104829585518,0,False,False
83bf6bfffffffff,-69.62491149086455,174.25370188959087,0,False,False
83c200fffffffff,-53.86354882863094,-48.123251441616944,0,False,False
83c202fffffffff,-54.1361257751924,-46.8863661464213,0,False,False
83c203fffffffff,-53.25777766741346,-47.305538239075936,0,False,False
83c204fffffffff,-54.05706493651486,-49.40131122754519,0,False,False
83c205fffffffff,-53.20990561338317,-48.828370029904335,0,False,False
83c206fffffffff,-54.63885760299564,-48.19467162341327,0,False,False
83c211fffffffff,-54.40061336516025,-45.609800940241634,0,False,False
83c215fffffffff,-54.986486908790376,-46.90418228335357,0,False,False
83c218fffffffff,-52.89329253187369,-45.13976085845872,0,False,False
83c219fffffffff,-51.99522649794505,-45.694982162042926,0,False,False
83c21afffffffff,-53.13939434644959,-43.74725773914062,0,False,False
83c21bfffffffff,-52.24179224489064,-44.33560890673066,0,False,False
83c21cfffffffff,-53.52747874783182,-45.95302529660748,0,False,False
83c21dfffffffff,-52.63503857653398,-46.49605023530062,0,False,False
83c21efffffffff,-53.785378563025766,-44.56324827368667,0,False,False
83c220fffffffff,-54.40916806855369,-50.4102461768819,0,False,False
83c221fffffffff,-52.61434474314773,-50.94967367252189,0,False,False
83c222fffffffff,-55.12924329791314,-49.59401477657365,0,False,False
83c223fffffffff,-53.34351894310359,-50.182890544064186,0,False,False
83c224fffffffff,-54.57876675075616,-51.78186450412013,0,False,False
83c225fffffffff,-53.67299058876738,-51.20967654642641,0,False,False
83c226fffffffff,-55.31336428922698,-50.969164925263534,0,False,False
83c228fffffffff,-51.86270006693247,-48.658886742973095,0,False,False
83c229fffffffff,-51.16922369447734,-47.806426709912365,0,False,False
83c22afffffffff,-52.53893660908327,-47.96261886712708,0,False,False
83c22bfffffffff,-51.85175735315381,-47.11079015338038,0,False,False
83c22cfffffffff,-51.85324951884825,-50.21273998037658,0,False,True
83c22dfffffffff,-51.16981357462107,-49.34682186841177,0,False,False
83c22efffffffff,-52.53983582006565,-49.52488135567676,0,False,False
83c231fffffffff,-54.86861556992629,-49.61353904968375,0,False,False
83c233fffffffff,-55.42868362053161,-48.270289951896366,0,False,False
83c235fffffffff,-55.97698371964025,-49.93196332216547,0,False,False
83c289fffffffff,-52.19579304396104,-39.25282243849541,0,False,False
83c2a9fffffffff,-53.37226822914899,-42.31878179225663,0,False,False
83c2adfffffffff,-54.030391532149,-43.1363487558264,0,False,False
83c2c0fffffffff,-49.263944383052255,-42.57820779054736,0,False,False
83c2c1fffffffff,-48.34011943183057,-43.156362107966814,0,False,False
83c2c2fffffffff,-49.4615983665832,-41.21304254626613,0,False,False
83c2c3fffffffff,-48.53801240926156,-41.82156861454688,0,False,False
83c2c4fffffffff,-49.97263838472551,-43.34398854294386,0,False,False
83c2c5fffffffff,-49.05361844771075,-43.9120696070207,0,False,False
83c2c6fffffffff,-50.182816437476106,-41.97933013586272,0,False,False
83c2c8fffffffff,-46.6771470581304,-42.97723410728128,0,False,False
83c2c9fffffffff,-45.93735922642547,-43.65585222092061,0,False,False
83c2cafffffffff,-46.86214891968422,-41.6710538828399,0,False,False
83c2cbfffffffff,-45.925520724111685,-42.24805718836642,0,False,False
83c2ccfffffffff,-47.4639168144469,-43.74818162548527,0,False,False
83c2cdfffffffff,-46.73105185370328,-44.42905838875495,0,False,False
83c2cefffffffff,-47.60960759582189,-42.409323102320464,0,False,False
83c2d0fffffffff,-50.56197458282818,-39.1548897632249,0,False,False
83c2d1fffffffff,-49.64559353381506,-39.81706308748267,0,False,False
83c2d2fffffffff,-50.72891727787712,-37.6964601456992,0,False,False
83c2d3fffffffff,-49.81493410504465,-38.39092712593422,0,False,False
83c2d4fffffffff,-51.29125334893016,-39.929721375999904,0,False,False
83c2d5fffffffff,-50.37960044298534,-40.582768808162,0,False,False
83c2d6fffffffff,-51.471326797392,-38.46891947043675,0,False,False
83c2d8fffffffff,-47.96700134474722,-39.7097428920561,0,False,False
83c2d9fffffffff,-47.03467086210618,-40.33608582436859,0,False,False
83c2dafffffffff,-48.1249829087591,-38.316674189576325,0,False,False
83c2dbfffffffff,-47.19379182191242,-38.972864554254905,0,False,False
83c2dcfffffffff,-48.72297062640478,-40.45648863666681,0,False,False
83c2ddfffffffff,-47.79489352737428,-41.07416745105103,0,False,False
83c2defffffffff,-48.894025621744696,-39.06168159178414,0,False,False
83c2e0fffffffff,-50.42946705246712,-45.44901241551056,0,False,False
83c2e1fffffffff,-49.73397755440142,-46.142300263662605,0,False,False
83c2e2fffffffff,-50.664073685438645,-44.11879903224084,0,False,False
83c2e3fffffffff,-49.75006959532767,-44.67632988279927,0,False,False
83c2e4fffffffff,-51.14853535222088,-46.27291822106304,0,False,False
83c2e5fffffffff,-50.45958125453679,-46.96755497539176,0,False,False
83c2e6fffffffff,-51.33825815025832,-44.902511560997375,0,False,False
83c2e8fffffffff,-48.27345733780879,-46.015206669481216,0,False,False
83c2e9fffffffff,-47.53716555461145,-46.692590800115006,0,False,False
83c2eafffffffff,-48.23586154708167,-44.532640694213896,0,False,False
83c2ebfffffffff,-47.50986693437069,-45.21549699189469,0,False,False
83c2ecfffffffff,-49.021510061189055,-46.82820669552228,0,False,False
83c2edfffffffff,-48.29201717383374,-47.506655529278426,0,False,False
83c2eefffffffff,-48.99264844902272,-45.3306677797118,0,False,False
83c2f0fffffffff,-51.79474720652283,-42.1448721453877,0,False,False
83c2f1fffffffff,-50.8865881427797,-42.75526106761448,0,False,False
83c2f2fffffffff,-52.00273049390312,-40.71536613047138,0,False,False
83c2f3fffffffff,-51.09599265598072,-41.35873276588973,0,False,False
83c2f4fffffffff,-52.4758700635191,-42.94108662576574,0,False,False
83c2f5fffffffff,-51.57290645438698,-43.54072857207342,0,False,False
83c2f6fffffffff,-52.696396059808194,-41.51175036374166,0,False,False
83c300fffffffff,-55.91214922584867,-56.84498067032239,0,False,False
83c301fffffffff,-55.0054014098983,-56.11345285022226,0,False,False
83c302fffffffff,-56.69094942060556,-56.04172813814422,0,False,False
83c303fffffffff,-55.78539298930039,-55.32057648884352,0,False,False
83c304fffffffff,-56.0216503692867,-58.40509615264138,0,False,False
83c305fffffffff,-55.11650312055059,-57.62787180956023,0,False,False
83c306fffffffff,-56.81627535848012,-57.61312920313523,0,False,False
83c308fffffffff,-53.96960461072785,-53.97938292591803,0,False,False
83c309fffffffff,-53.06107258829388,-53.35505841250489,0,False,False
83c30afffffffff,-54.73540442315294,-53.18984020267792,0,False,False
83c30bfffffffff,-53.82792730940604,-52.57707502419347,0,False,False
83c30cfffffffff,-54.096953382214295,-55.41621021396319,0,False,False
83c30dfffffffff,-53.18768947173732,-54.75109033995334,0,False,False
83c30efffffffff,-54.87798888714167,-54.63387024250154,0,False,False
83c310fffffffff,-58.22242563930322,-55.22589596907265,0,False,False
83c311fffffffff,-57.389866320653454,-54.907734974085685,0,False,False
83c314fffffffff,-58.38964091482832,-56.97315573153239,0,False,False
83c315fffffffff,-57.55488741787049,-56.59578809661513,0,False,False
83c316fffffffff,-59.06923339056706,-55.56553095413686,0,False,False
83c318fffffffff,-56.39045556367476,-53.01250342653032,0,False,False
83c319fffffffff,-55.4848437482595,-52.38214705609198,0,False,False
83c31afffffffff,-57.00178458793324,-51.64671452134967,0,False,False
83c31bfffffffff,-56.19184405680053,-51.45314702913811,0,False,False
83c31cfffffffff,-56.5486028398668,-54.50792446134454,0,False,False
83c31dfffffffff,-55.64256812663314,-53.8327544544197,0,False,False
83c31efffffffff,-57.20507210861149,-53.25758342341829,0,False,False
83c320fffffffff,-55.28516357481801,-60.75719936265913,0,False,False
83c322fffffffff,-56.11270102913952,-59.9997993434294,0,False,False
83c323fffffffff,-55.21014244542018,-59.17618236838763,0,False,False
83c326fffffffff,-56.18410641268794,-61.62770233752348,0,False,False
83c328fffffffff,-53.39611873430791,-57.64156810284053,0,False,False
83c329fffffffff,-52.48659948613547,-56.92605481160068,0,False,False
83c32afffffffff,-54.20888222557289,-56.88697393694491,0,False,False
83c32bfffffffff,-53.29972569751324,-56.180145158353874,0,False,False
83c32efffffffff,-54.304283995450106,-58.39088462328812,0,False,False
83c330fffffffff,-57.82057560676295,-60.07843201208163,0,False,False
83c331fffffffff,-56.923346866347245,-59.221077549143885,0,False,False
83c332fffffffff,-58.5345225408711,-58.75839701258999,0,False,False
83c333fffffffff,-57.69886988098924,-58.32003492827295,0,False,False
83c334fffffffff,-63.03748198665474,-67.24528662073703,0,False,False
83c335fffffffff,-57.01092585935967,-60.86424380862165,0,False,False
83c336fffffffff,-58.655757750663376,-60.57929664598889,0,False,False
83c340fffffffff,-48.9406876191053,-52.87711711785447,0,False,False
83c341fffffffff,-48.23082034408174,-52.01446871101849,0,False,False
83c342fffffffff,-49.69380725856716,-52.2241088730452,0,False,False
83c343fffffffff,-48.9907191913474,-51.36022217946351,0,False,False
83c346fffffffff,-49.63356708493729,-53.75120551417198,0,False,False
83c348fffffffff,-47.5345377768012,-49.66852141361744,0,False,False
83c349fffffffff,-46.78189996922756,-48.84092542729245,0,False,False
83c34afffffffff,-48.291239271271,-49.005030627753285,0,False,False
83c34bfffffffff,-47.54547797768911,-48.17758059348777,0,False,False
83c34cfffffffff,-47.50415010569873,-51.16342053054851,0,False,False
83c34dfffffffff,-46.760897739641806,-50.32410806772204,0,False,False
83c34efffffffff,-48.27089270494481,-50.50831930956149,0,False,False
83c350fffffffff,-51.109863379202274,-52.43946304111585,0,False,True
83c351fffffffff,-50.43027096763926,-51.562372383558895,0,False,False
83c352fffffffff,-51.86972353605773,-51.7018098954588,0,False,True
83c353fffffffff,-51.15007710126385,-50.891911561994526,0,False,True
83c354fffffffff,-52.15319069430051,-52.75899704525731,0,False,False
83c355fffffffff,-50.3799815957388,-53.09983302253309,0,False,True
83c356fffffffff,-52.92091942353097,-51.99251757687267,0,False,False
83c358fffffffff,-49.75378084893249,-49.17360217130437,0,False,False
83c359fffffffff,-49.0309747287167,-48.33367305916362,0,False,False
83c35afffffffff,-50.469918233097125,-48.494049704862284,0,False,False
83c35bfffffffff,-49.75374577453658,-47.65449558656244,0,False,False
83c35cfffffffff,-49.73385284651279,-50.697520073571255,0,False,False
83c35dfffffffff,-49.02077562950649,-49.84503755164292,0,False,False
83c35efffffffff,-50.46021188462064,-50.02637815909526,0,False,False
83c370fffffffff,-51.48036587414394,-54.86046029618652,0,False,False
83c371fffffffff,-50.57184795446109,-54.24385049709107,0,False,True
83c372fffffffff,-52.27845744739445,-54.11609078693259,0,False,False
83c373fffffffff,-51.370068948800615,-53.50935673672874,0,False,True
83c376fffffffff,-52.38993307295651,-55.505289376491504,0,False,False
83ce10fffffffff,-55.40314244229091,-73.38363174248548,0,False,False
83ce12fffffffff,-55.59940320735825,-71.66061109895716,0,False,False
83ce13fffffffff,-54.60523823247742,-72.11906633328783,0,False,False
83ce14fffffffff,-56.18969105884587,-74.70370041111738,0,False,False
83ce16fffffffff,-56.39887844068262,-72.94016334494178,0,False,False
83ce30fffffffff,-56.71069461929749,-77.88708876612478,0,False,False
83ce32fffffffff,-56.96323675947647,-76.0815115477827,0,False,False
83ce34fffffffff,-57.45325963658606,-79.36206661118553,0,False,False
83ce36fffffffff,-57.722078028960254,-77.51923699477086,0,False,False
83ce80fffffffff,-50.00628788322183,-61.92483998367277,0,False,False
83ce81fffffffff,-49.10209936762045,-62.57880501076761,0,False,False
83ce83fffffffff,-49.10071786378784,-61.14590361814059,0,False,False
83ce84fffffffff,-50.91065711749651,-62.73747166729494,0,False,False
83ce85fffffffff,-50.00507949766188,-63.3946650549081,0,False,False
83ce88fffffffff,-47.28229093457477,-62.43043070329422,0,False,False
83ce89fffffffff,-46.353564382370855,-63.04930274683356,0,False,False
83ce8afffffffff,-47.29435351334351,-61.044861185654526,0,False,False
83ce8bfffffffff,-46.38080816903224,-61.67556529506621,0,False,False
83ce8cfffffffff,-48.18413421948361,-63.216274242109264,0,False,False
83ce8dfffffffff,-47.252926270319705,-63.83771206137911,0,False,False
83ce8efffffffff,-48.19818994182297,-61.79610587102884,0,False,False
83ce98fffffffff,-48.17525411628026,-59.02566603916232,0,False,False
83ce99fffffffff,-47.28992546850824,-59.68208681086166,0,False,False
83ce9bfffffffff,-47.2698319669758,-58.343052535348754,0,False,False
83ce9cfffffffff,-49.08206643160534,-59.73723070368365,0,False,False
83ce9dfffffffff,-48.19494602216947,-60.39888016825068,0,False,False
83cea0fffffffff,-51.80401005219385,-65.13316452043769,0,False,False
83cea1fffffffff,-50.88155379716108,-65.77642182366449,0,False,False
83cea2fffffffff,-51.81278100678608,-63.58568428374429,0,False,False
83cea3fffffffff,-50.90608141436852,-64.24548622064741,0,False,False
83cea8fffffffff,-49.04956897104282,-65.51230848845222,0,False,False
83ceaafffffffff,-49.08533444194979,-64.03472814047225,0,False,False
83ceabfffffffff,-48.15194494715323,-64.65816842386116,0,False,False
83ceacfffffffff,-54.789730382626615,-70.4363732184701,0,False,False
83ceadfffffffff,-53.797567494154336,-70.90773264871277,0,False,False
83ceaefffffffff,-49.98484038352138,-64.88750957240386,0,False,False
83cf10fffffffff,-60.57480016013021,-83.90780929643297,0,False,False
83cf11fffffffff,-59.56775128476423,-84.15853548136118,0,False,False
83cf12fffffffff,-60.88743639269725,-81.91333219837384,0,False,False
83cf13fffffffff,-59.892665385417615,-82.21167642514546,0,False,False
83cf14fffffffff,-61.23314143882649,-85.6719793040898,0,False,False
83cf15fffffffff,-60.22880635035164,-85.88529769730559,0,False,False
83cf16fffffffff,-61.56739320179129,-83.64477631781061,0,False,False
83cf18fffffffff,-57.86062398915696,-82.76843241660652,0,False,False
83cf1afffffffff,-58.17815691782883,-80.89800355273073,0,False,False
83cf1bfffffffff,-57.15401259754784,-81.19975388476293,0,False,False
83cf1cfffffffff,-58.54662357140609,-84.3977898808426,0,False,False
83cf1efffffffff,-58.8835927147508,-82.4964107063836,0,False,False
83cf82fffffffff,-61.03190454849298,-72.38192391079853,0,False,False
83cf86fffffffff,-61.80668874269909,-73.86108982733455,0,False,False
83cf8dfffffffff,-57.96073673551466,-75.6750643194942,0,False,False
83cf90fffffffff,-62.0736892794032,-69.85948353680537,0,False,False
83cf91fffffffff,-61.16563666130519,-70.42909696112086,0,False,False
83cf92fffffffff,-62.16161922728149,-67.8817383504269,0,False,False
83cf93fffffffff,-61.26964774780191,-68.49117816997911,0,False,False
83cf94fffffffff,-62.863732365602566,-71.30201182617866,0,False,False
83cf95fffffffff,-61.95568283162659,-71.85415653975686,0,False,False
83cf96fffffffff,-62.965816789596325,-69.26406425894001,0,False,False
83cf9efffffffff,-60.36188715268202,-69.07516046375908,0,False,False
83cfa8fffffffff,-59.46172377329476,-78.66030635184117,0,False,False
83cfa9fffffffff,-58.46446434232504,-79.01893936682622,0,False,False
83cfabfffffffff,-58.71972228105062,-77.13524141293357,0,False,False
83cfacfffffffff,-60.18491615321646,-80.25237334927544,0,False,False
83cfadfffffffff,-59.18860265230725,-80.5825228602733,0,False,False
83cfb0fffffffff,-63.48746273169894,-74.93303588202392,0,False,False
83cfb2fffffffff,-63.63588874981066,-72.71350663863142,0,False,False
83cfb3fffffffff,-62.73024463412379,-73.35418612552787,0,False,False
83cfb6fffffffff,-64.3980035141311,-73.87787837789897,0,False,False
83d8b2fffffffff,-70.02025035021997,168.54798961269947,0,False,False
83d8b6fffffffff,-70.40244148777147,171.77598198714236,0,False,False
83da90fffffffff,-72.51320055923249,-162.46240306884366,0,False,False
83da91fffffffff,-73.40195661057798,-164.80238545504403,0,False,False
83da92fffffffff,-71.45473816983737,-163.78046892224646,0,False,False
83da96fffffffff,-71.60617371779682,-160.35914840830867,0,False,False
83da9cfffffffff,-74.26707397653074,-167.4121665851416,0,False,False
83de48fffffffff,-60.1006245488682,-57.80737712689707,0,False,False
83de49fffffffff,-59.23827485455661,-57.376133922995486,0,False,False
83de4cfffffffff,-65.50629106137933,-65.62657676606142,0,False,False
83de4dfffffffff,-59.38358250506276,-59.22661248219857,0,False,False
83de68fffffffff,-64.61581794614203,-69.28321070571421,0,False,False
83de69fffffffff,-63.82675940671622,-68.28726610580252,0,False,False
83de6afffffffff,-65.477520355813,-67.98269447945069,0,False,False
83de6bfffffffff,-64.67005983669917,-67.0019678270206,0,False,False
83de6cfffffffff,-64.52537690474124,-71.57760910133194,0,False,False
83de6dfffffffff,-63.74879661683413,-70.49604642570598,0,False,False
83de6efffffffff,-65.41131093802726,-70.35733569400416,0,False,False
83df02fffffffff,-51.46825635562555,-93.21972451547708,0,False,False
83df06fffffffff,-52.49331374747012,-93.98687594320398,0,False,False
83df11fffffffff,-51.30897473770759,-91.42269927532044,0,False,False
83df22fffffffff,-53.61920842693863,-96.68936453951125,0,False,False
83df26fffffffff,-54.62616545218471,-97.59090413108962,0,False,False
83df30fffffffff,-54.42661742321716,-93.69995613698046,0,False,False
83df31fffffffff,-53.51843279624043,-94.7948087856884,0,False,False
83df33fffffffff,-53.38705012305629,-92.90005676049338,0,False,False
83df34fffffffff,-55.46478411349394,-94.54486674946216,0,False,False
83df35fffffffff,-54.54230226459202,-95.64651528674965,0,False,False
83df6dfffffffff,-62.22287886132936,-85.44792215122128,0,False,False
83e880fffffffff,-58.60009734049496,-101.72028200241732,0,False,False
83e882fffffffff,-58.59661172043295,-99.56028979744848,0,False,False
83e883fffffffff,-57.61782790454006,-100.60194038832802,0,False,False
83e890fffffffff,-59.51794753471634,-96.20265491229,0,False,False
83e891fffffffff,-58.55649647292475,-97.38638125966732,0,False,False
83e894fffffffff,-60.54911469469366,-97.26421500718098,0,False,False
83e895fffffffff,-59.57430884729581,-98.4497620034482,0,False,False
83e896fffffffff,-60.474675902608055,-94.94087003814832,0,False,False
83e898fffffffff,-56.5807007275542,-97.49451579175792,0,False,False
83e899fffffffff,-55.62926146827128,-98.5411436921985,0,False,False
83e89afffffffff,-56.50014784550813,-95.43829740690111,0,False,False
83e89bfffffffff,-55.56354181554845,-96.54524315145711,0,False,False
83e89cfffffffff,-57.5922562785973,-98.4981527689796,0,False,False
83e89dfffffffff,-56.62700364048752,-99.54357127060364,0,False,False
83e89efffffffff,-57.53123460104332,-96.38407686416514,0,False,False
83e8b2fffffffff,-61.57089163136364,-98.39488594097573,0,False,False
83e982fffffffff,-65.27441558902262,-109.0537735014794,0,False,False
83e984fffffffff,-66.98475758288899,-115.36245635022156,0,False,False
83e986fffffffff,-66.15373160543983,-110.7746605317625,0,False,False
83e991fffffffff,-65.42303927443035,-106.42107838835864,0,False,False
83e993fffffffff,-65.52619689774252,-103.73727173798486,0,False,False
83e99efffffffff,-64.48888451455491,-104.87160713490732,0,False,False
83e9a0fffffffff,-67.8633976660711,-119.68690164877236,0,False,False
83e9a1fffffffff,-66.84316070098988,-120.81955156898816,0,False,False
83e9a2fffffffff,-67.94295621144062,-116.8459783903192,0,False,False
83e9a3fffffffff,-66.93696934371968,-118.11524285831514,0,False,False
83e9a4fffffffff,-68.76700312101312,-121.3746426794644,0,False,False
83e9a5fffffffff,-67.7369215624579,-122.4685012405558,0,False,False
83e9a6fffffffff,-68.88013279381981,-118.44455385251744,0,False,False
83e9b0fffffffff,-68.95294942351423,-112.42273676036368,0,False,False
83e9b1fffffffff,-67.97327477015298,-113.95816826705898,0,False,False
83e9b4fffffffff,-69.93425977208568,-113.92787763638782,0,False,False
83e9b5fffffffff,-68.94288669431897,-115.4556230028742,0,False,False
83e9b6fffffffff,-69.9209499055277,-110.73943779178364,0,False,False
83eacafffffffff,-71.84906854815179,179.22416939394262,0,False,False
83ead9fffffffff,-71.69343674687491,176.30085728110683,0,False,False
83eadbfffffffff,-71.49083165422353,173.38965344381862,0,False,False
83ed60fffffffff,-73.4095862424445,175.9324423861197,0,False,False
83ed61fffffffff,-74.35611345701484,177.43034137074395,0,False,False
83ed62fffffffff,-73.20980316881614,172.7068829483397,0,False,False
83ed63fffffffff,-74.18523233090741,174.00754300555732,0,False,False
83ed64fffffffff,-72.62992126441883,177.66287580725063,0,False,False
83ed65fffffffff,-73.5567569593789,179.17523054407175,0,False,False
83ed66fffffffff,-72.45378485387012,174.59309727060452,0,False,False
83ed68fffffffff,-76.1074513226594,177.13694502802076,0,False,False
83ed6efffffffff,-75.15193201031836,175.47375906294727,0,False,False
83ed75fffffffff,-72.22773365138639,171.54637695807443,0,False,False
83ef48fffffffff,-62.48200304715372,-94.64045580878584,0,False,False
83ef49fffffffff,-61.519061169026,-95.9969070210309,0,False,False
83ef4bfffffffff,-61.424579664158976,-93.59439561972204,0,False,False
83ef4cfffffffff,-63.52973053918645,-95.76159555617892,0,False,False
83ef4dfffffffff,-62.55387311716456,-97.12509773277694,0,False,False
83ef68fffffffff,-64.58730108598378,-99.6253667992733,0,False,False
83ef69fffffffff,-63.578898265024094,-100.88813066958043,0,False,False
83ef6bfffffffff,-63.57726866203436,-98.3321273362339,0,False,False
83ef6dfffffffff,-64.56118982637435,-102.2644122867682,0,False,False
83f204fffffffff,-79.12825077780984,-148.54651656548268,0,False,False
83f209fffffffff,-76.92251593613264,-128.12321195166314,0,False,False
83f20dfffffffff,-76.89781260621685,-132.79658782778245,0,False,False
83f220fffffffff,-77.7014962614252,-153.57678803017322,0,False,False
83f221fffffffff,-77.05568779782388,-149.6056963895915,0,False,False
83f222fffffffff,-78.73928662079915,-153.45299358750043,0,False,False
83f223fffffffff,-78.08664104687891,-149.1244841151357,0,False,False
83f226fffffffff,-78.28241071880235,-157.94510044011628,0,False,False
83f228fffffffff,-76.60801695657928,-141.78877374226246,0,False,False
83f229fffffffff,-75.80012420766947,-138.70237473606596,0,False,False
83f22afffffffff,-77.61907998824148,-140.6349242235447,0,False,False
83f22bfffffffff,-76.79133342647174,-137.36927573973273,0,False,False
83f22cfffffffff,-76.35398099227622,-146.0131735185341,0,False,False
83f22dfffffffff,-75.60457645095924,-142.77199973841363,0,False,False
83f22efffffffff,-77.37300326780193,-145.24882943650087,0,False,False
83f235fffffffff,-79.32020152850345,-158.26003944114947,0,False,False
83f240fffffffff,-73.09377092817239,-124.02771042761576,0,False,False
83f242fffffffff,-73.96303761516486,-121.97541162792524,0,False,False
83f243fffffffff,-72.94998830458161,-120.40156059091775,0,False,False
83f246fffffffff,-74.07190178117156,-125.8297743463461,0,False,False
83f24bfffffffff,-68.60620524032144,-124.23280243089415,0,False,False
83f250fffffffff,-75.84817671173289,-121.40511799740943,0,False,False
83f251fffffffff,-74.82105466795767,-119.6674524834859,0,False,False
83f254fffffffff,-75.95331037837025,-125.79103957379344,0,False,False
83f255fffffffff,-74.96535121733724,-123.75843276109698,0,False,False
83f258fffffffff,-73.53590882496434,-114.38383552052152,0,False,False
83f259fffffffff,-69.79400719970425,-120.16930553014583,0,False,False
83f25afffffffff,-70.89411004228059,-115.56652117659064,0,False,False
83f25bfffffffff,-69.89119192001924,-117.07711797043504,0,False,False
83f25cfffffffff,-73.78425503589268,-118.14904464020792,0,False,False
83f25dfffffffff,-72.74072005142128,-116.81263955794958,0,False,False
83f25efffffffff,-74.60199329534919,-115.63112317620656,0,False,False
83f270fffffffff,-75.03119404128626,-131.93943994440556,0,False,False
83f271fffffffff,-74.11154131338077,-129.67748788201922,0,False,False
83f272fffffffff,-75.97864785323014,-130.16880878035778,0,False,False
83f273fffffffff,-75.03495429091035,-127.86304298086918,0,False,False
83f274fffffffff,-74.95660443735835,-135.94747343053055,0,False,False
83f275fffffffff,-74.08368656451479,-133.48426237924346,0,False,False
83f276fffffffff,-75.9263915830754,-134.4880620962639,0,False,False
83f2c9fffffffff,-68.80814826489292,-106.29123182821836,0,False,False
83f2cdfffffffff,-69.84957023726385,-107.53105864498316,0,False,False
83f35afffffffff,-74.81478359423804,-139.85095427430323,0,False,False
