name,lat,lon,state,in_margin,in_basin
830001fffffffff,15.69933275850859,14.806376869148002,1,False,False
830002fffffffff,15.890657433897532,15.483955195792149,1,False,False
830003fffffffff,16.60874004349394,15.386732401555951,1,False,False
830005fffffffff,14.817165098268417,15.37210878426534,1,False,False
830018fffffffff,17.708332547254322,14.341433015388258,1,False,False
83001afffffffff,18.64562053715973,14.940245652896069,1,False,False
83001cfffffffff,16.79476335009656,14.91889903233715,1,False,False
830021fffffffff,13.068467168968455,15.358066882537544,1,False,False
830023fffffffff,13.945238077218928,15.925907130670383,1,False,False
830025fffffffff,12.219547974475892,15.901111368132858,1,False,False
830028fffffffff,13.905900510798164,13.679361881440364,1,False,False
830029fffffffff,13.878464276172258,12.554180264202758,1,False,False
83002afffffffff,14.798188354476702,14.237326057373595,1,False,False
83002cfffffffff,13.04813619546866,14.245862745364514,1,False,False
83002dfffffffff,13.023018333366275,13.132266257089158,1,False,False
83002efffffffff,13.928159510962802,14.803558335238357,1,False,False
83004dfffffffff,10.728647270423464,12.766611828747704,1,False,False
830061fffffffff,9.066208867239878,16.296682118330484,1,False,False
830068fffffffff,9.40386524609415,14.436365461486382,1,False,False
830069fffffffff,9.0792712139541,13.393942985182388,1,False,False
83006bfffffffff,10.064051942856878,13.607299639896969,1,False,False
83006cfffffffff,8.748636164929124,15.253708686504371,1,False,False
83006dfffffffff,8.429358050796436,14.21621830078832,1,False,False
83006efffffffff,9.72666560913375,15.484883192842153,1,False,False
830109fffffffff,10.53893450936642,15.877272731241572,1,False,False
83010bfffffffff,11.381792776596216,16.432949077468685,1,False,False
83010dfffffffff,9.725122169570248,16.399193497546026,1,False,False
830120fffffffff,6.668006909965629,18.92701126673617,1,False,False
830122fffffffff,7.457666904160978,19.48785512859351,1,False,False
830124fffffffff,5.905595645040169,19.38781660216777,1,False,False
830125fffffffff,5.8875099969875855,18.37488818279483,1,False,False
830126fffffffff,6.683211114228144,19.94647556579873,1,False,False
83012cfffffffff,6.631046285139135,16.87421295314779,1,False,False
830130fffffffff,8.264487300828236,21.089693907780696,1,False,False
830131fffffffff,8.256115370508162,20.0575179817501,1,False,False
830134fffffffff,7.479191161640117,21.533748401669573,1,False,False
830135fffffffff,7.469637218848965,20.51373915534904,1,False,False
830136fffffffff,8.270186931472889,22.115543439834696,1,False,False
830150fffffffff,11.342692445204428,14.254066191477571,1,False,False
830151fffffffff,11.317080783933594,13.162215225879123,1,False,False
830152fffffffff,12.200786792102786,14.800850874233229,1,False,False
830153fffffffff,12.177617191597692,13.698816786915629,1,False,False
830154fffffffff,10.518631252858375,14.798248047267322,1,False,False
830156fffffffff,11.364263903480548,15.34457266461721,1,False,False
83015afffffffff,12.993126646953751,12.01811708031626,1,False,False
83015efffffffff,12.150046242178853,12.59582158265423,1,False,False
830208fffffffff,14.093642273007784,1.4464932408444162,1,False,False
830209fffffffff,13.025241728770668,1.6052112483975989,1,False,False
83020afffffffff,14.513498925638103,0.3753380830946448,1,False,False
83020bfffffffff,13.449521193286303,0.5329316226406993,1,False,False
83020dfffffffff,13.66808875386882,2.5161500743132983,1,False,False
830228fffffffff,14.924996597990406,4.326133325724463,1,False,False
830229fffffffff,13.869299999417786,4.486921207517767,1,False,False
83022bfffffffff,14.301485778930886,3.4232666571764283,1,False,False
83022dfffffffff,14.27503250893819,5.532870198266501,1,False,False
830241fffffffff,8.19865023374447,3.318129264618717,1,False,False
830243fffffffff,8.640159994746892,2.24356970395921,1,False,False
830244fffffffff,7.752366921039979,4.657566866805484,1,False,False
830246fffffffff,8.402187318606966,3.7098095988479742,1,False,False
830248fffffffff,6.39035725852329,2.564821895880424,1,False,False
830249fffffffff,5.253840377063655,2.725961317552009,1,False,False
83024afffffffff,6.833262100729296,1.4860962272446656,1,False,False
83024bfffffffff,5.698357895169886,1.646212876767109,1,False,False
83024cfffffffff,7.075941105995572,3.4795189298826075,1,False,False
83024dfffffffff,5.945392577351651,3.641236298545826,1,False,False
83024efffffffff,7.519403986060357,2.4040242117173904,1,False,False
830250fffffffff,11.28578454041422,0.8492096212468361,1,False,False
830251fffffffff,10.187248814676162,1.0078917595622274,1,False,False
830252fffffffff,11.713138346490036,-0.226366960626808,1,False,False
830253fffffffff,10.618443975475069,-0.0688809845564045,1,False,False
830254fffffffff,11.945060910592986,1.7642792135993377,1,False,False
830255fffffffff,9.049477602504032,2.759255049031555,1,False,False
830256fffffffff,12.37342028873984,0.6908891842423058,1,False,False
830258fffffffff,8.397940198963356,0.2472128348528074,1,False,False
830259fffffffff,7.273583514051118,0.4058185121737754,1,False,False
83025afffffffff,8.83199204994523,-0.8325824905373361,1,False,False
83025bfffffffff,7.710806758445256,-0.675245435889532,1,False,False
83025cfffffffff,9.078493400130732,1.1669343975310926,1,False,False
83025dfffffffff,7.9602424677432495,1.326336305808825,1,False,False
83025efffffffff,9.51314301083633,0.0889793036339893,1,False,False
830260fffffffff,6.55981044138456,4.650217142202927,1,False,False
830264fffffffff,6.9873499018336505,5.661329027958367,1,False,False
830265fffffffff,5.886564988177695,5.567370496385282,1,False,False
830270fffffffff,11.756973011273924,4.131617359949666,1,False,False
830271fffffffff,8.606650125538058,4.233873371382667,1,False,False
830272fffffffff,12.595733576903564,2.675878393035415,1,False,False
830274fffffffff,12.373099193329294,5.051433195551256,1,False,False
830275fffffffff,9.04986199811816,5.250758577474521,1,False,False
830276fffffffff,13.237300824799975,3.5835681834667423,1,False,False
830288fffffffff,16.889964089677758,-6.041199954776611,1,False,False
830289fffffffff,15.861387196247277,-5.892606878759353,1,False,False
83028afffffffff,17.25897730480988,-7.101979566850533,1,False,False
83028bfffffffff,16.237590549862702,-6.955229086366231,1,False,False
83028cfffffffff,17.534192002458333,-5.126657334453698,1,False,False
83028dfffffffff,16.512702965687435,-4.976735197382944,1,False,False
83028efffffffff,17.90440734761763,-6.189361692913192,1,False,False
830298fffffffff,18.618939789888053,-8.302746063567744,1,False,False
830299fffffffff,17.61949436253496,-8.158370181700082,1,False,False
83029afffffffff,18.967431717432667,-9.381292922129878,1,False,False
83029bfffffffff,17.971298486939386,-9.209685679989445,1,False,False
83029dfffffffff,18.26606512123456,-7.248290937047366,1,False,False
8302c0fffffffff,12.291776146083132,-4.372823854976572,1,False,False
8302c1fffffffff,11.205284152811002,-4.22079195926347,1,False,False
8302c2fffffffff,12.695097502320692,-5.444240956189892,1,False,False
8302c3fffffffff,11.61446910952582,-5.293923982682925,1,False,False
8302c4fffffffff,12.962301102674507,-3.4520647922522016,1,False,False
8302c5fffffffff,11.882043564332417,-3.2988281588398767,1,False,False
8302c6fffffffff,13.366308730364697,-4.524434479649124,1,False,False
8302c8fffffffff,9.4188974211065,-4.9919988137224935,1,False,False
8302c9fffffffff,8.305280133772,-4.8403911317800885,1,False,False
8302cafffffffff,9.833420702106826,-6.065503948868027,1,False,False
8302cbfffffffff,8.725160107823873,-5.915679719893068,1,False,False
8302ccfffffffff,10.10744930926068,-4.068339184012004,1,False,False
8302cdfffffffff,8.998935001502913,-3.915465946732928,1,False,False
8302cefffffffff,10.522189111696273,-5.1431765205015765,1,False,False
8302d0fffffffff,14.15347402580757,-6.660410634738928,1,False,False
8302d1fffffffff,13.09164012242992,-6.512342641254362,1,False,False
8302d2fffffffff,14.53596899689644,-7.722566427487083,1,False,False
8302d3fffffffff,13.481064670716496,-7.576405846722894,1,False,False
8302d4fffffffff,14.819077018132036,-5.743582586090552,1,False,False
8302d5fffffffff,13.76348167757038,-5.594127222041621,1,False,False
8302d6fffffffff,15.202281469617567,-6.808039449917485,1,False,False
8302d8fffffffff,11.333563147266783,-7.28274479499631,1,False,False
8302d9fffffffff,10.24210064249822,-7.135244104103856,1,False,False
8302dafffffffff,11.729458292362358,-8.346026613381017,1,False,False
8302dbfffffffff,10.64455908406869,-8.200497678646215,1,False,False
8302dcfffffffff,12.017299865010507,-6.363835493354316,1,False,False
8302ddfffffffff,10.931021456212685,-6.21488923867346,1,False,False
8302defffffffff,12.413414895858958,-7.429798676347671,1,False,False
8302e0fffffffff,13.21404685736317,-1.4580664083236543,1,False,False
8302e1fffffffff,12.135303446135335,-1.3022768821018595,1,False,False
8302e2fffffffff,13.625431377907653,-2.532121674889763,1,False,False
8302e3fffffffff,12.55183261257132,-2.377761706339169,1,False,False
8302e4fffffffff,13.86811459014122,-0.5402118383267868,1,False,False
8302e5fffffffff,12.796566365402198,-0.3834775831728655,1,False,False
8302e6fffffffff,14.280585789845167,-1.613466860946971,1,False,False
8302e8fffffffff,10.369431316384423,-2.067841698317184,1,False,False
8302e9fffffffff,9.26190701999654,-1.912283102209952,1,False,False
8302eafffffffff,10.790133563596326,-3.1451806518157426,1,False,False
8302ebfffffffff,9.687210993485914,-2.991122835173426,1,False,False
8302ecfffffffff,11.044946716857934,-1.1460991314762414,1,False,False
8302edfffffffff,9.943614874021822,-0.9895340329548752,1,False,False
8302eefffffffff,11.466294002791388,-2.2230014781045737,1,False,False
8302f0fffffffff,15.085536413935523,-3.757303314658596,1,False,False
8302f1fffffffff,14.030313585249932,-3.604890014582565,1,False,False
8302f2fffffffff,15.477268583561976,-4.826390478437145,1,False,False
8302f3fffffffff,14.42831307791559,-4.675623467542767,1,False,False
8302f4fffffffff,15.73458481357832,-2.839638134703617,1,False,False
8302f5fffffffff,14.686522134157252,-2.686080702524075,1,False,False
8302f6fffffffff,16.12747327987326,-3.909304207378228,1,False,False
830340fffffffff,9.293431034807377,8.723886803763735,1,False,False
830341fffffffff,8.228397129713104,8.638046095573415,1,False,False
830342fffffffff,13.692222657989316,8.807235931611167,1,False,False
830343fffffffff,8.89588551000502,7.74412893100796,1,False,False
830344fffffffff,9.683222107538716,9.693177173218915,1,False,False
830345fffffffff,8.627394366831393,9.609915238657052,1,False,False
830348fffffffff,6.73767007491419,7.566906292530868,1,False,False
830349fffffffff,5.643822353542064,7.477719196425345,1,False,False
83034afffffffff,7.408141740211518,6.663320080984209,1,False,False
83034bfffffffff,6.315462075815643,6.571934452676166,1,False,False
83034cfffffffff,7.152913491395701,8.551831511316426,1,False,False
83034dfffffffff,6.067601580847818,8.465240996033774,1,False,False
83034efffffffff,7.821906942014084,7.655708851491407,1,False,False
830351fffffffff,14.428566989433545,7.475871584451843,1,False,False
830353fffffffff,14.878279593734586,6.431492790463007,1,False,False
830358fffffffff,9.914296065567603,7.260663527312455,1,False,False
830359fffffffff,8.07832628836243,5.754889381342477,1,False,False
83035afffffffff,12.979790434803109,5.965997732069843,1,False,False
83035bfffffffff,9.485842641010516,6.259865168666637,1,False,False
83035cfffffffff,13.106778967722082,7.910513654368996,1,False,False
83035dfffffffff,8.490776773004637,6.75431511186466,1,False,False
83035efffffffff,13.57665256413579,6.874893965215073,1,False,False
830360fffffffff,9.40218759290365,11.520747464708572,1,False,False
830361fffffffff,8.354557448851391,11.442276619850094,1,False,False
830362fffffffff,10.054976201646571,10.672493232895224,1,False,False
830363fffffffff,9.018710718649302,10.570932610690116,1,False,False
830364fffffffff,9.733864355265704,12.560347328467222,1,False,False
830365fffffffff,8.739792882940275,12.383130062511617,1,False,False
830366fffffffff,10.392586861844372,11.71555608888202,1,False,False
830368fffffffff,6.894205818592819,10.408487189553767,1,False,False
830369fffffffff,5.817266620352161,10.32672626554044,1,False,False
83036afffffffff,7.560947360881493,9.526288464487983,1,False,False
83036bfffffffff,6.484476665688822,9.442294806105371,1,False,False
83036cfffffffff,7.296577338289926,11.363458095971009,1,False,False
83036dfffffffff,6.228830991304851,11.284289877563465,1,False,False
83036efffffffff,7.96155698789013,10.489888624849772,1,False,False
830594fffffffff,38.43367362051508,21.928463294707782,1,False,False
830596fffffffff,39.47744198779498,22.547771083327312,1,False,False
8305a2fffffffff,35.258972387827285,20.15892030612089,1,False,False
8305a3fffffffff,35.1218910491814,18.75766244641716,1,False,False
8305a6fffffffff,34.31998151339278,20.978079216903044,1,False,False
8305b0fffffffff,36.4328121280014,22.14650629516185,1,False,False
8305b1fffffffff,36.32343523997626,20.734443215386165,1,False,False
8305b2fffffffff,37.48009554861277,22.75188484952755,1,False,False
8305b3fffffffff,37.38200651744021,21.32415696401188,1,False,False
8305b4fffffffff,35.482416280480315,22.94536574150156,1,False,False
8305b5fffffffff,35.37910384388936,21.55536266396148,1,False,False
8305b6fffffffff,36.52486279260405,23.55126752867792,1,False,False
830600fffffffff,-2.9211197738613226,14.289014718841775,1,False,False
830601fffffffff,-4.0214211232822725,14.216525903388437,1,False,False
830602fffffffff,-2.2867943880676984,13.42839727431672,1,False,False
830603fffffffff,-3.391931383347173,13.353614214325225,1,False,False
830604fffffffff,-2.4556220462460128,15.2115733873619,1,False,False
830605fffffffff,-3.548239814379236,15.141692173117264,1,False,False
830606fffffffff,-1.8236684027745336,14.361174029415178,1,False,False
830608fffffffff,-5.608845679094205,13.20302404378987,1,False,False
83060afffffffff,-4.982265505434265,12.327828791474667,1,False,False
83060bfffffffff,-6.098097732967475,12.249693060420034,1,False,False
83060cfffffffff,-5.123764142903484,14.143705554592897,1,False,False
83060efffffffff,-4.499557600841005,13.278490495133664,1,False,False
830610fffffffff,-0.5399944775478834,12.63685550782387,1,False,False
830611fffffffff,-1.645734128093842,12.560122064044064,1,False,False
830612fffffffff,0.1107150586266802,11.763513333810344,1,False,False
830613fffffffff,-0.9984429794608376,11.684490416061935,1,False,False
830614fffffffff,-0.0872380293819192,13.57694963802042,1,False,False
830615fffffffff,-1.1849627872861248,13.502841733945514,1,False,False
830616fffffffff,0.5611702893019483,12.713243590073876,1,False,False
830618fffffffff,-3.228652578636992,11.525374586887152,1,False,False
830619fffffffff,-4.348034274691654,11.445277454331148,1,False,False
83061afffffffff,-2.582918764091611,10.638109087603285,1,False,False
83061bfffffffff,-3.706631488250784,10.55570082562884,1,False,False
83061cfffffffff,-2.7552430632651896,12.483041188416866,1,False,False
83061dfffffffff,-3.867698796476747,12.40561079686493,1,False,False
83061efffffffff,-2.1118412468441856,11.60511153502998,1,False,False
830620fffffffff,-2.6181290195987788,16.952612078775875,1,False,False
830622fffffffff,-1.9957663855060208,16.121084431182826,1,False,False
830623fffffffff,-3.080367717339616,16.0537799053454,1,False,False
830626fffffffff,-1.541851109830917,17.01737412891353,1,False,False
830630fffffffff,-0.2807393688435458,15.350383174106838,1,False,False
830631fffffffff,-1.366197051424323,15.281136399436535,1,False,False
830632fffffffff,0.3595175823102372,14.50451217877569,1,False,False
830633fffffffff,-0.7298627088138457,14.433005849352927,1,False,False
830634fffffffff,0.1621316243055907,16.254774994393582,1,False,False
830635fffffffff,-0.9146823296465052,16.188082157190053,1,False,False
830636fffffffff,0.7999935466941215,15.419315662010654,1,False,False
830652fffffffff,-7.713020661993669,11.202803573668984,1,False,False
830680fffffffff,1.6418557424326323,8.115078136891755,1,False,False
830681fffffffff,0.5180514761279575,8.026576753268504,1,False,False
830682fffffffff,2.3116728840330825,7.207829952129028,1,False,False
830683fffffffff,1.1866206266896373,7.117083922280069,1,False,False
830684fffffffff,2.091625337954679,9.102610029109607,1,False,False
830685fffffffff,0.9753013066124264,9.016750870906732,1,False,False
830686fffffffff,2.759497356361993,8.203193147965093,1,False,False
830688fffffffff,-1.0800945204210308,6.934404797068911,1,False,False
830689fffffffff,-2.2200328852920754,6.842467450977358,1,False,False
83068cfffffffff,-0.6110872485701664,7.937686875326826,1,False,False
83068dfffffffff,-1.7447076591908548,7.848406370110229,1,False,False
83068efffffffff,0.0557479452800634,7.025942910647173,1,False,False
830690fffffffff,4.102701985693786,6.387983184533941,1,False,False
830691fffffffff,2.984084852296109,6.295413411053852,1,False,False
830694fffffffff,4.541050948154388,7.388145495068623,1,False,False
830695fffffffff,3.430080898608267,7.298183109945455,1,False,False
830696fffffffff,5.213411183861063,6.480156174533369,1,False,False
83069cfffffffff,1.8583451567765603,6.202444772880947,1,False,False
8306a0fffffffff,1.8731588343418315,10.96407930688586,1,False,False
8306a1fffffffff,0.7666135721696453,10.883131940812376,1,False,False
8306a2fffffffff,2.535578500671454,10.079265985379656,1,False,False
8306a3fffffffff,1.427119764450474,9.996046469296587,1,False,False
8306a4fffffffff,2.3131005634905155,11.920499627785802,1,False,False
8306a5fffffffff,1.214824789589901,11.84218237869332,1,False,False
8306a6fffffffff,2.9733943546314965,11.044666711003853,1,False,False
8306a8fffffffff,-0.8070045200307476,9.828495717458225,1,False,False
8306a9fffffffff,-1.9310309585576368,9.744160243036928,1,False,False
8306aafffffffff,-0.1467023796839888,8.930512314611251,1,False,False
8306abfffffffff,-1.2735550321003908,8.843892233246796,1,False,False
8306acfffffffff,-0.3454572151611881,10.80182252092388,1,False,False
8306adfffffffff,-1.4622447044226927,10.720148942439645,1,False,False
8306aefffffffff,0.3126561619329859,9.912457084357383,1,False,False
8306b0fffffffff,4.304043610417343,9.273198599882347,1,False,False
8306b1fffffffff,3.201464779832789,9.188091904338393,1,False,False
8306b2fffffffff,4.973122645978981,8.378272483675604,1,False,False
8306b3fffffffff,3.870176070638399,8.29092389708205,1,False,False
8306b4fffffffff,4.7313870420905655,10.244603801353032,1,False,False
8306b5fffffffff,3.637251357178708,10.16211773329393,1,False,False
8306b6fffffffff,5.39861756788645,9.357932207231167,1,False,False
8306c0fffffffff,-6.306300932978475,7.487335025166158,1,False,False
8306c1fffffffff,-7.448945288461379,7.39606899690437,1,False,False
8306c2fffffffff,-5.655418054906651,6.564238555966209,1,False,False
8306c3fffffffff,-6.80267514292723,6.470682766228088,1,False,False
8306c4fffffffff,-5.81213962210444,8.493553701042323,1,False,False
8306c5fffffffff,-6.950129306537212,8.404993672804665,1,False,False
8306c6fffffffff,-5.163640775210943,7.578199593188985,1,False,False
8306c8fffffffff,-9.094820470946413,6.282338870280456,1,False,False
8306c9fffffffff,-10.23786257648844,6.187546368058608,1,False,False
8306cafffffffff,-8.451084933610337,5.347429995461437,1,False,False
8306ccfffffffff,-8.590656993926427,7.304399308122377,1,False,False
8306cdfffffffff,-9.73052359279733,7.212323747299203,1,False,False
8306cefffffffff,-7.949451421572632,6.376716935279201,1,False,False
8306d0fffffffff,-3.847636605641135,5.731545100173403,1,False,False
8306d1fffffffff,-4.9980550345978925,5.636139033671589,1,False,False
8306d3fffffffff,-4.3348193279481695,4.703486443984877,1,False,False
8306d4fffffffff,-3.363173860517365,6.750128731403231,1,False,False
8306d5fffffffff,-4.508608821172653,6.657386486982759,1,False,False
8306d6fffffffff,-2.6990739264934995,5.826539614369819,1,False,False
8306dcfffffffff,-6.149395052018322,5.540319267079198,1,False,False
8306ddfffffffff,-7.300717928376047,5.444083643200738,1,False,False
8306defffffffff,-5.489694238924582,4.605432573443725,1,False,False
8306e0fffffffff,-5.959714997817124,10.389770491655094,1,False,False
8306e1fffffffff,-7.0873354617471485,10.3062440924601,1,False,False
8306e2fffffffff,-5.320713533246998,9.488887731283542,1,False,False
8306e3fffffffff,-6.453545924606735,9.40303432056156,1,False,False
8306e4fffffffff,-5.469131825719711,11.364818006519414,1,False,False
8306e5fffffffff,-6.591082773484331,11.283994099004392,1,False,False
8306e6fffffffff,-4.8325209304709285,10.472922012647512,1,False,False
8306e8fffffffff,-8.718274775471848,9.230170527118371,1,False,False
8306e9fffffffff,-9.848390163993844,9.14315572938052,1,False,False
8306eafffffffff,-8.087651097397435,8.316039107166958,1,False,False
8306ebfffffffff,-9.223801597748936,8.226687793443299,1,False,False
8306ecfffffffff,-8.214502040169121,10.22234063163247,1,False,False
8306edfffffffff,-9.340336503391212,10.138057912453355,1,False,False
8306eefffffffff,-7.586363883799533,9.316795986221477,1,False,False
8306f0fffffffff,-3.5383766135493704,8.669498927952908,1,False,False
8306f1fffffffff,-4.67458759251165,8.58172139054012,1,False,False
8306f2fffffffff,-2.881936049208209,7.758733093462424,1,False,False
8306f3fffffffff,-4.02188166232704,7.668664890017141,1,False,False
8306f4fffffffff,-3.058571792261349,9.65944852303165,1,False,False
8306f5fffffffff,-4.18875934449789,9.574358406840783,1,False,False
8306f6fffffffff,-2.404403649808424,8.756888487951775,1,False,False
83071afffffffff,0.5985041586621346,17.146014051245846,1,False,False
83071bfffffffff,-0.4693964877697649,17.081840835190928,1,False,False
830780fffffffff,4.657922070809868,14.787322104675331,1,False,False
830781fffffffff,3.593613945732517,14.7170980152844,1,False,False
830782fffffffff,5.313170584775222,13.942511422234084,1,False,False
830783fffffffff,4.24726210529175,13.870056108774858,1,False,False
830784fffffffff,5.0612888389719055,15.69194126987974,1,False,False
830785fffffffff,4.006587102444277,15.624246701699049,1,False,False
830786fffffffff,5.714249799899132,14.85723049559019,1,False,False
830788fffffffff,2.092778825650101,13.724163889117031,1,False,False
830789fffffffff,1.005596534129943,13.650723017407667,1,False,False
83078afffffffff,2.746657186978448,12.864991882916003,1,False,False
83078bfffffffff,1.6569748264709752,12.789288367428531,1,False,False
83078cfffffffff,2.521981863509641,14.646556296506263,1,False,False
83078dfffffffff,1.4437119093583215,14.575695003774795,1,False,False
83078efffffffff,3.173570992394491,13.797274256387832,1,False,False
830790fffffffff,7.02989934049081,13.164433714845613,1,False,False
830791fffffffff,5.971761635189441,13.090075085977762,1,False,False
830792fffffffff,7.691409060505023,12.3068807083923,1,False,False
830793fffffffff,6.633101769138159,12.230291744469238,1,False,False
830794fffffffff,7.419072591737618,14.08645026871368,1,False,False
830795fffffffff,6.370646337333799,14.014642159208522,1,False,False
830796fffffffff,8.078547602486463,13.23846109558766,1,False,False
830798fffffffff,4.489138094010323,12.076086980582252,1,False,False
830799fffffffff,3.4047822557920253,11.998467144886025,1,False,False
83079afffffffff,5.151940232336053,11.204769936536778,1,False,False
83079bfffffffff,4.066563554396772,11.124896232159818,1,False,False
83079cfffffffff,4.904741695369196,13.0153832328319,1,False,False
83079dfffffffff,3.829481720052038,12.940356166035016,1,False,False
83079efffffffff,5.5654671911668645,12.15336117231998,1,False,False
8307a1fffffffff,3.767874560483332,17.33679108670537,1,False,False
8307a2fffffffff,5.457217284634842,16.583731756796574,1,False,False
8307a3fffffffff,4.412319828706143,16.51853518621885,1,False,False
8307a8fffffffff,2.300031045930207,16.387253576357967,1,False,False
8307a9fffffffff,1.2339407097211836,16.321164839771175,1,False,False
8307aafffffffff,2.9443585217653268,15.556245510035698,1,False,False
8307abfffffffff,1.8752643332871723,15.48793579975884,1,False,False
8307acfffffffff,2.717817929828384,17.273487357880303,1,False,False
8307adfffffffff,1.6611390436332454,17.20989561682228,1,False,False
8307aefffffffff,3.35971225233324,16.45304307335193,1,False,False
8307b0fffffffff,7.145617695564647,15.826418048275835,1,False,False
8307b1fffffffff,6.107832313944069,15.75933109608073,1,False,False
8307b2fffffffff,7.784644397686458,15.027070527487693,1,False,False
8307b3fffffffff,6.761972288302956,14.926825105377892,1,False,False
8307b6fffffffff,8.098881130393877,16.059250610326295,1,False,False
830800fffffffff,-1.1992356957739498,18.006140242351243,1,False,False
830802fffffffff,-1.4621762720855516,18.73689037779185,1,False,False
830803fffffffff,-0.5857260069867801,18.482068341565355,1,False,False
830806fffffffff,-1.975281811528394,17.98169708473303,1,False,False
830810fffffffff,-2.590156492439806,19.48117413280052,1,False,False
830811fffffffff,-1.7298106901745978,19.48154193526927,1,False,False
830812fffffffff,-2.872431508714646,20.246023693167515,1,False,False
830813fffffffff,-2.002114096871758,20.240236592198723,1,False,False
830814fffffffff,-3.175588313590976,18.724197482078445,1,False,False
830815fffffffff,-2.312576863369561,18.730594479689564,1,False,False
830816fffffffff,-3.46325362171016,19.48080036699377,1,False,False
830818fffffffff,-0.2272573299838578,19.784826354671623,1,False,False
830819fffffffff,0.6760257368323852,19.46059923087578,1,False,False
83081afffffffff,-0.4977665672721088,20.61497836303176,1,False,False
83081bfffffffff,0.4117111008985291,20.289868054613105,1,False,False
83081cfffffffff,-0.8545649650306048,19.28894529460272,1,False,False
83081dfffffffff,0.0393481343430089,18.96682906399565,1,False,False
83081efffffffff,-1.1272170977772509,20.10790332408219,1,False,False
830829fffffffff,1.4983424499155578,18.146116458868164,1,False,False
83082afffffffff,0.1270817207871682,18.07495821537581,1,False,False
83082bfffffffff,0.8213110440477954,18.587692514081787,1,False,False
830832fffffffff,-3.5712053620792186,17.931348374946108,1,False,False
830833fffffffff,-2.765903556520452,17.95677127180404,1,False,False
830836fffffffff,-3.844319197083157,17.103239804253196,1,False,False
830880fffffffff,-3.137078714896055,23.41774673061476,1,False,False
830881fffffffff,-2.240370929308221,23.38556010143556,1,False,False
830882fffffffff,-3.4319006095323847,24.24822695188473,1,False,False
830883fffffffff,-2.525400065424042,24.20884332788314,1,False,False
830884fffffffff,-3.7468588283530257,22.627412536232058,1,False,False
830885fffffffff,-2.8466029056527424,22.60177216531808,1,False,False
830886fffffffff,-4.04727187679121,23.450474046811333,1,False,False
830888fffffffff,-0.6845052086690343,23.72803676339116,1,False,False
830889fffffffff,0.2522003571703028,23.399492308086945,1,False,False
83088afffffffff,-0.9677025840562028,24.61717053943888,1,False,False
83088bfffffffff,-0.0255603594840652,24.28849703547779,1,False,False
83088cfffffffff,-1.3316480163009832,23.17741160783464,1,False,False
83088dfffffffff,-0.4048315905235138,22.850577715646843,1,False,False
83088efffffffff,-1.6166339126460318,24.05511089229998,1,False,False
830890fffffffff,-4.660861211789573,25.14085395406705,1,False,False
830891fffffffff,-3.730958481800857,25.0932447954724,1,False,False
830892fffffffff,-4.973762731104417,26.008210703339504,1,False,False
830893fffffffff,-4.034125243338408,25.952808064168188,1,False,False
830894fffffffff,-5.28546561341892,24.32901136995062,1,False,False
830895fffffffff,-4.351982126546904,24.288277287847105,1,False,False
830896fffffffff,-5.604233099874667,25.189281925174747,1,False,False
830898fffffffff,-2.1962264602124875,25.844785362212264,1,False,False
830899fffffffff,-1.2542680523672636,25.517776898883906,1,False,False
83089afffffffff,-2.484281390129935,26.70324729709924,1,False,False
83089bfffffffff,-1.5440309746021044,26.429625783581784,1,False,False
83089cfffffffff,-2.814719696826661,25.046433921057083,1,False,False
83089dfffffffff,-1.904883776118809,24.944305258913552,1,False,False
83089efffffffff,-3.1082209892140744,25.89834074755865,1,False,False
8308a0fffffffff,-4.052663067856352,21.03764645178412,1,False,False
8308a1fffffffff,-3.159351994580396,21.025273573617465,1,False,False
8308a2fffffffff,-4.35426458828506,21.83813985263336,1,False,False
8308a3fffffffff,-3.450854030971345,21.81903783379027,1,False,False
8308a4fffffffff,-4.651578172045077,20.257884375477925,1,False,False
8308a5fffffffff,-3.755633129907132,20.251905506209862,1,False,False
8308a6fffffffff,-4.958829235626393,21.05022537452641,1,False,False
8308a8fffffffff,-1.6835405023444714,21.78176531293995,1,False,False
8308a9fffffffff,-0.7720795353092662,21.45720173245848,1,False,False
8308aafffffffff,-1.959725178537037,22.576552047434483,1,False,False
8308abfffffffff,-1.050082571075536,22.31138980557222,1,False,False
8308acfffffffff,-2.279049525352636,21.013101719718577,1,False,False
8308adfffffffff,-1.403580647998642,20.93887366479823,1,False,False
8308aefffffffff,-2.560567043595563,21.8002488635552,1,False,False
8308b0fffffffff,-5.586873634522614,22.679996723035487,1,False,False
8308b1fffffffff,-4.660342880963098,22.653483742168167,1,False,False
8308b2fffffffff,-5.907425355808923,23.51760607784971,1,False,False
8308b3fffffffff,-4.97078631375994,23.48375576761657,1,False,False
8308b4fffffffff,-6.199756873369906,21.8773148432993,1,False,False
8308b5fffffffff,-5.27063166686148,21.857562805147467,1,False,False
8308b6fffffffff,-6.526237125755947,22.706962791905944,1,False,False
8308c0fffffffff,3.33880233124962,21.529349967484965,1,False,False
8308c1fffffffff,4.280917714570116,21.19563676301265,1,False,False
8308c2fffffffff,3.084071104732006,22.405157585528283,1,False,False
8308c3fffffffff,4.0333091912380805,22.07085489916661,1,False,False
8308c4fffffffff,2.655753810655048,20.99775223284355,1,False,False
8308c5fffffffff,3.5889979587022296,20.666075703273144,1,False,False
8308c6fffffffff,2.3985813613727784,21.861714497963195,1,False,False
8308c8fffffffff,5.936052570904474,21.398044908588545,1,False,False
8308c9fffffffff,6.696253503177226,20.96050198246246,1,False,False
8308cafffffffff,5.69864450240128,22.28478770132733,1,False,False
8308cbfffffffff,6.658834798840662,21.94567660571274,1,False,False
8308ccfffffffff,5.173422347533187,20.835847091540103,1,False,False
8308cdfffffffff,5.921771608008369,20.395729398443844,1,False,False
8308cefffffffff,4.984175931138614,21.73514590613092,1,False,False
8308d0fffffffff,1.8713208236389425,23.626577782727274,1,False,False
8308d1fffffffff,2.8248769264895026,23.293355361160334,1,False,False
8308d2fffffffff,1.6014283071623947,24.52714816246657,1,False,False
8308d3fffffffff,2.5613070655714973,24.193772209676464,1,False,False
8308d4fffffffff,1.1929194364370077,23.06948934017201,1,False,False
8308d5fffffffff,2.137073572426509,22.7380401655915,1,False,False
8308d6fffffffff,0.9209754647596076,23.9582956473095,1,False,False
8308d8fffffffff,4.489343663443674,23.522338821883103,1,False,False
8308d9fffffffff,5.456229076810283,23.184305954250203,1,False,False
8308dafffffffff,4.23477710641338,24.434637600044702,1,False,False
8308dbfffffffff,5.208851944757192,24.096424819663405,1,False,False
8308dcfffffffff,3.781032295323279,22.95864081749187,1,False,False
8308ddfffffffff,4.739164918616196,22.62244710555965,1,False,False
8308defffffffff,3.524155957328289,23.85883175824775,1,False,False
8308e0fffffffff,2.2395383594783147,19.63605964505232,1,False,False
8308e1fffffffff,2.939664176236208,19.198079707590843,1,False,False
8308e2fffffffff,1.9842439011123696,20.47588132150833,1,False,False
8308e3fffffffff,2.9085148415223943,20.14627810113906,1,False,False
8308e4fffffffff,1.5255227379770897,19.108032085433045,1,False,False
8308e5fffffffff,2.214060749215543,18.668166417549696,1,False,False
8308e6fffffffff,1.3243254623650709,19.963556942183786,1,False,False
8308e8fffffffff,4.399601707367034,19.291285032890297,1,False,False
8308e9fffffffff,5.137143775044631,18.837671787719056,1,False,False
8308eafffffffff,4.419611146030637,20.28183842134565,1,False,False
8308ebfffffffff,5.1561102740314455,19.839351473114064,1,False,False
8308ecfffffffff,3.652545969047125,18.751443285910952,1,False,False
8308edfffffffff,4.378175169526749,18.295947101960444,1,False,False
8308eefffffffff,3.6749313069017977,19.735942613122376,1,False,False
8308f0fffffffff,0.7962737965140342,21.65721263700649,1,False,False
8308f1fffffffff,1.7246541164423084,21.32813597659742,1,False,False
8308f2fffffffff,0.526186591913252,22.52234172675648,1,False,False
8308f3fffffffff,1.460848222477384,22.19271628215853,1,False,False
8308f4fffffffff,0.143395652125489,21.13135739743035,1,False,False
8308f5fffffffff,1.062352011524077,20.804245913196603,1,False,False
8308f6fffffffff,-0.1288225602039771,21.98496837435405,1,False,False
830949fffffffff,5.867505104187443,17.357544132761863,1,False,False
83094bfffffffff,5.116516325785706,17.831384214550443,1,False,False
830959fffffffff,3.628976771594684,17.762545357813075,1,False,False
83095bfffffffff,2.9152115884508265,18.21973618381113,1,False,False
830980fffffffff,-6.94058825362015,17.824376426720534,1,False,False
830981fffffffff,-6.075935013204164,17.85194400850306,1,False,False
830982fffffffff,-7.505710776251824,18.655040300254694,1,False,False
830983fffffffff,-6.63536274940701,18.674108718853017,1,False,False
830985fffffffff,-6.375232955366188,16.99747060957544,1,False,False
830986fffffffff,-7.820118057261102,17.796230293059853,1,False,False
830988fffffffff,-4.938946258066654,18.71109028929674,1,False,False
830989fffffffff,-4.051092929600369,18.717696930228243,1,False,False
83098afffffffff,-5.247158552099881,19.48003435568893,1,False,False
83098bfffffffff,-4.348973218895585,19.480420491634536,1,False,False
83098cfffffffff,-5.22616851047379,17.87895068300634,1,False,False
83098dfffffffff,-4.391272338296655,17.905413385042035,1,False,False
83098efffffffff,-5.779774624850801,18.69278812172201,1,False,False
830990fffffffff,-8.96039031218108,19.47842400518625,1,False,False
830991fffffffff,-8.014501901448911,19.47883679742789,1,False,False
830992fffffffff,-9.31543970608412,20.28932225824179,1,False,False
830993fffffffff,-8.35893975896834,20.28282009761764,1,False,False
830995fffffffff,-8.390791593443707,18.635570589997144,1,False,False
830998fffffffff,-6.480989247081529,20.27014305255725,1,False,False
830999fffffffff,-5.560096836805217,20.263962723121185,1,False,False
83099afffffffff,-6.808960906055988,21.07602228474961,1,False,False
83099bfffffffff,-5.8776668199099,21.063015530682275,1,False,False
83099cfffffffff,-7.080153845436466,19.479242672594463,1,False,False
83099dfffffffff,-6.157623952142245,19.47964180310339,1,False,False
83099efffffffff,-7.4140244855703985,20.27642795190903,1,False,False
8309a0fffffffff,-6.982509702257213,15.247883611016755,1,False,False
8309a1fffffffff,-6.106498464598864,15.302598691595133,1,False,False
8309a4fffffffff,-7.290081590363645,14.352961976218396,1,False,False
8309a5fffffffff,-6.405575287815038,14.417432556040083,1,False,False
8309a6fffffffff,-7.873708743881981,15.19200865913691,1,False,False
8309a8fffffffff,-4.957842965835591,16.218932360361702,1,False,False
8309aafffffffff,-5.516611001105825,17.03344949418208,1,False,False
8309abfffffffff,-4.672983819180982,17.068698573572934,1,False,False
8309acfffffffff,-5.245691509351176,15.35618954861872,1,False,False
830a00fffffffff,30.969871154655923,32.84522684626966,1,False,False
830a01fffffffff,30.950499644154004,31.62571640248513,1,False,False
830a02fffffffff,31.92522819215181,33.49067360784672,1,False,False
830a03fffffffff,31.915654939675743,32.26269819230637,1,False,False
830a04fffffffff,30.02152549116755,33.41631077076961,1,False,False
830a05fffffffff,30.011369588662763,32.21259169119348,1,False,False
830a06fffffffff,30.977786376282385,34.06508586806701,1,False,False
830a08fffffffff,31.86474930324933,29.76489924597801,1,False,False
830a09fffffffff,31.82011551160324,28.49525333084784,1,False,False
830a0afffffffff,32.84848039911127,30.39787655596214,1,False,False
830a0bfffffffff,32.81584464521181,29.119202056466506,1,False,False
830a0cfffffffff,30.919228455621035,30.3916390841354,1,False,False
830a0dfffffffff,30.87566912251573,29.143897051692345,1,False,False
830a0efffffffff,31.896462733705373,31.02103852729094,1,False,False
830a10fffffffff,32.88589995117748,35.406812099231416,1,False,False
830a11fffffffff,32.87902226655302,34.150888941825485,1,False,False
830a12fffffffff,33.83588574921094,36.100392522113815,1,False,False
830a13fffffffff,33.83033301695069,34.82620414174814,1,False,False
830a14fffffffff,31.92841590192079,35.98133879412977,1,False,False
830a15fffffffff,31.93288744547845,34.72848103371543,1,False,False
830a16fffffffff,32.88008324296908,36.67751518522656,1,False,False
830a18fffffffff,33.83280603112895,32.31528496637085,1,False,False
830a19fffffffff,33.82595876665777,31.04301969866125,1,False,False
830a1afffffffff,34.7901712808495,32.98046098941802,1,False,False
830a1bfffffffff,34.79629583913026,31.70051444992156,1,False,False
830a1cfffffffff,32.874689721529826,32.911196952280164,1,False,False
830a1dfffffffff,32.867948669430604,31.66219796556464,1,False,False
830a1efffffffff,33.82674828725831,33.571357168666374,1,False,False
830a23fffffffff,29.06502038491253,32.78183867424218,1,False,False
830a28fffffffff,29.005320059244944,30.385695064711907,1,False,False
830a29fffffffff,28.95109719730208,29.16742437839913,1,False,False
830a2afffffffff,29.98009421245699,31.00010079317332,1,False,False
830a2bfffffffff,29.937139105389605,29.773826803794805,1,False,False
830a2cfffffffff,28.080955298936583,30.98013392675872,1,False,False
830a2dfffffffff,28.02706588311187,29.78233815385628,1,False,False
830a2efffffffff,29.04810824236714,31.59094106288156,1,False,False
830a32fffffffff,30.95845957012763,36.54976555134015,1,False,False
830a33fffffffff,30.97412314133967,35.30022538295811,1,False,False
830a36fffffffff,29.976653931847952,37.11207889261571,1,False,False
830a40fffffffff,30.57191216432148,24.036773132087283,1,False,False
830a41fffffffff,30.46227119648031,22.7366356772553,1,False,False
830a42fffffffff,31.60522361251183,24.616093583150583,1,False,False
830a43fffffffff,31.50564357865626,23.303572566075708,1,False,False
830a44fffffffff,29.642015204243872,24.749997312398555,1,False,False
830a45fffffffff,29.53608973947449,23.469682230833246,1,False,False
830a46fffffffff,30.667850416744862,25.328763856105425,1,False,False
830a4cfffffffff,30.338776095622464,21.42962446530158,1,False,False
830a4dfffffffff,30.20132656602617,20.11705452377371,1,False,False
830a4efffffffff,31.39172790154046,21.983435534225183,1,False,False
830a50fffffffff,32.709474710453684,26.523063985182915,1,False,False
830a51fffffffff,32.6350388298018,25.207921143244025,1,False,False
830a52fffffffff,33.723328059190614,27.139113822591547,1,False,False
830a53fffffffff,33.66037541869228,25.81253480485785,1,False,False
830a54fffffffff,31.762195383221115,27.213147770905888,1,False,False
830a55fffffffff,31.69066039571038,25.919700028741083,1,False,False
830a56fffffffff,32.769633234794256,27.82722302681209,1,False,False
830a58fffffffff,33.48931868702697,23.12901942572501,1,False,False
830a5afffffffff,34.53193940917017,23.72142998205126,1,False,False
830a5bfffffffff,34.434029357847464,22.353337465648984,1,False,False
830a5cfffffffff,32.54604085904136,23.88305715387371,1,False,False
830a5dfffffffff,32.44224557663628,22.54979490439773,1,False,False
830a5efffffffff,33.58246554803485,24.47538810293953,1,False,False
830a60fffffffff,27.69727373163275,24.877579487352868,1,False,False
830a61fffffffff,27.58515052610522,23.627943992924887,1,False,False
830a62fffffffff,28.71686873874433,25.44383831386239,1,False,False
830a63fffffffff,28.61412600071303,24.18314282753746,1,False,False
830a66fffffffff,27.79733904295817,26.11888029758197,1,False,False
830a68fffffffff,28.370589051333727,21.639225640915665,1,False,False
830a6afffffffff,29.416921693936388,22.181950785650045,1,False,False
830a6bfffffffff,29.28439864243142,20.88804934828329,1,False,False
830a6cfffffffff,27.46084078759436,22.371089377432103,1,False,False
830a6efffffffff,28.498740035561703,22.91454532615021,1,False,False
830a70fffffffff,29.814822435610047,27.283618472622766,1,False,False
830a71fffffffff,29.734857934595983,26.021693542572294,1,False,False
830a72fffffffff,30.819463078460046,27.88346431633792,1,False,False
830a73fffffffff,30.75028573111065,26.611383853631,1,False,False
830a74fffffffff,28.88512842997966,27.93703536830019,1,False,False
830a75fffffffff,28.80713393385184,26.695497155348107,1,False,False
830a76fffffffff,29.88215475879329,28.534675146784583,1,False,False
830a80fffffffff,37.59214913632862,37.68501125905152,1,False,False
830a81fffffffff,37.58245405394434,36.35071781178065,1,False,False
830a82fffffffff,38.51710449094672,38.44069767862889,1,False,False
830a83fffffffff,38.51104444749093,37.087246543521566,1,False,False
830a84fffffffff,36.65824197820511,38.27570156790225,1,False,False
830a85fffffffff,36.66007045694741,36.946032349587696,1,False,False
830a86fffffffff,37.586687738218565,39.033319740811976,1,False,False
830a88fffffffff,38.58918632862024,34.45750039158037,1,False,False
830a89fffffffff,38.636128740060016,33.12990858273541,1,False,False
830a8afffffffff,39.51125987360286,35.17930091632873,1,False,False
830a8bfffffffff,39.57247551060991,33.844689075024,1,False,False
830a8cfffffffff,37.6090009554948,35.050026957380105,1,False,False
830a8dfffffffff,37.65587508068717,33.74887281709893,1,False,False
830a8efffffffff,38.52821343911868,35.76501898033928,1,False,False
830a90fffffffff,39.41950096823688,40.59902139201526,1,False,False
830a91fffffffff,39.43402733250777,39.21339272435968,1,False,False
830a92fffffffff,40.32206072541846,41.407627061965975,1,False,False
830a93fffffffff,40.34202332726952,40.00338646384201,1,False,False
830a94fffffffff,38.48152061641237,41.18679010247115,1,False,False
830a95fffffffff,38.507411614157725,39.80767030872109,1,False,False
830a96fffffffff,39.38819428044392,41.99616125260541,1,False,False
830a98fffffffff,40.331603360972345,37.23342138356401,1,False,False
830a99fffffffff,40.42136634705628,35.91440959425451,1,False,False
830a9afffffffff,41.24010440867005,38.00197668659717,1,False,False
830a9bfffffffff,41.31881190292952,36.66294913309007,1,False,False
830a9cfffffffff,39.432205931707095,37.84073266068895,1,False,False
830a9dfffffffff,39.43598041648036,36.49278242311056,1,False,False
830a9efffffffff,40.34504755778303,38.611498835005214,1,False,False
830aa0fffffffff,34.77172199852033,38.11622210486933,1,False,False
830aa1fffffffff,34.78190115900404,36.80953212708547,1,False,False
830aa2fffffffff,35.70977937704654,38.85931897794323,1,False,False
830aa3fffffffff,35.72300088780586,37.53453571994796,1,False,False
830aa4fffffffff,33.80675745659029,38.691091440756445,1,False,False
830aa5fffffffff,33.82817107505025,37.389047329357886,1,False,False
830aa6fffffffff,34.7472650964088,39.435870831414746,1,False,False
830aa8fffffffff,35.70660806237332,34.92720330878796,1,False,False
830aa9fffffffff,35.739201053523125,33.65788048975752,1,False,False
830aaafffffffff,36.64733794977251,35.63081572756021,1,False,False
830aabfffffffff,36.67907542716514,34.347689966485056,1,False,False
830aacfffffffff,34.77823248972512,35.51694903882892,1,False,False
830aadfffffffff,34.77099309491334,34.24331618383056,1,False,False
830aaefffffffff,35.72178890369276,36.22345075944441,1,False,False
830ab0fffffffff,36.60910042027722,40.97345530415429,1,False,False
830ab1fffffffff,36.641391413961024,39.61860835422284,1,False,False
830ab2fffffffff,37.52852339051179,41.766726128777,1,False,False
830ab3fffffffff,37.56561518925715,40.39434979597728,1,False,False
830ab4fffffffff,35.63837760367657,41.54501652224218,1,False,False
830ab5fffffffff,35.68169880440352,40.19657891354517,1,False,False
830ab6fffffffff,36.56099839266988,42.33886853631041,1,False,False
830ac0fffffffff,37.69762917541849,28.36444224747999,1,False,False
830ac1fffffffff,37.66875388591616,26.97921874931444,1,False,False
830ac2fffffffff,38.68623588035504,29.037171980388,1,False,False
830ac3fffffffff,38.67067816982589,27.64032130862337,1,False,False
830ac4fffffffff,36.72563462824869,29.06594323455857,1,False,False
830ac5fffffffff,36.69982333533599,27.705889762811573,1,False,False
830ac6fffffffff,37.71023970201269,29.735289875281435,1,False,False
830ac8fffffffff,38.58798005770938,24.80610733701727,1,False,False
830ac9fffffffff,38.51995917524718,23.371878609825576,1,False,False
830acafffffffff,39.60672235971088,25.455760999093027,1,False,False
830acbfffffffff,39.55142811521134,24.00687274297673,1,False,False
830accfffffffff,37.62314216498976,25.581035262121368,1,False,False
830acdfffffffff,37.56037577996286,24.1713958935648,1,False,False
830acefffffffff,38.638082757176846,26.22945876560837,1,False,False
830ad0fffffffff,39.6498988610341,31.11606677189776,1,False,False
830ad1fffffffff,39.66476503332299,29.72435017970797,1,False,False
830ad2fffffffff,40.603282385671584,31.827970336424467,1,False,False
830ad3fffffffff,40.6323681282869,30.42624320595446,1,False,False
830ad4fffffffff,38.668373002445485,31.783235098075146,1,False,False
830ad5fffffffff,38.68527804486056,30.41858437732184,1,False,False
830ad6fffffffff,39.61891721752387,32.48991511878238,1,False,False
830ad8fffffffff,40.63916428052811,27.571123414281576,1,False,False
830ad9fffffffff,40.61567505996914,26.12071775156524,1,False,False
830adafffffffff,41.623530367579534,28.26502405539177,1,False,False
830adbfffffffff,41.6139395916443,26.801339168953408,1,False,False
830adcfffffffff,39.66289794373558,28.316087241569463,1,False,False
830addfffffffff,39.64372434317718,26.892711279482644,1,False,False
830adefffffffff,40.64453700613122,29.00681550227005,1,False,False
830ae0fffffffff,34.76731950106925,29.093250262980995,1,False,False
830ae1fffffffff,34.73126451916994,27.768106867737107,1,False,False
830ae2fffffffff,35.75571341192072,29.74566711439413,1,False,False
830ae3fffffffff,35.73234168189603,28.410298889826084,1,False,False
830ae4fffffffff,33.80572473041477,29.755524186685467,1,False,False
830ae5fffffffff,33.77165292405745,28.45384586294619,1,False,False
830ae6fffffffff,34.78884333223092,30.404429761374008,1,False,False
830ae8fffffffff,35.63943641969903,25.69979509186259,1,False,False
830ae9fffffffff,35.5691070422554,24.327350949803407,1,False,False
830aeafffffffff,36.65802992918798,26.332477818187368,1,False,False
830aebfffffffff,36.59983241911381,24.94710957508808,1,False,False
830aecfffffffff,34.680258207673326,26.43021434991256,1,False,False
830aedfffffffff,34.613925121099584,25.080866474690826,1,False,False
830aeefffffffff,35.69372352591329,27.06123962962067,1,False,False
830af0fffffffff,36.73123566659127,31.740807827020262,1,False,False
830af1fffffffff,36.735934307459125,30.41132329578772,1,False,False
830af2fffffffff,37.68878453012131,32.428673924560464,1,False,False
830af3fffffffff,37.7071046382839,31.090440686814897,1,False,False
830af4fffffffff,35.75862178087376,32.370540751812776,1,False,False
830af5fffffffff,35.76430515291752,31.066124293478303,1,False,False
830af6fffffffff,36.712088941881376,33.05327175810584,1,False,False
830b53fffffffff,27.11078433125797,30.380024264812487,1,False,False
830b58fffffffff,26.97078856381511,27.98812185290619,1,False,False
830b59fffffffff,26.88424114665477,26.77569709221952,1,False,False
830b5afffffffff,27.962010595753927,28.57225076133975,1,False,False
830b5bfffffffff,27.88551564585529,27.350776931964948,1,False,False
830b5efffffffff,27.04622383755236,29.1898649338277,1,False,False
830b80fffffffff,30.768413426774224,41.671757666550725,1,False,False
830b81fffffffff,30.835685150142886,40.37487730842486,1,False,False
830b82fffffffff,31.71029529321191,42.4357771403952,1,False,False
830b83fffffffff,31.781157540246863,41.12328795862991,1,False,False
830b84fffffffff,29.74483354700409,42.21327605689417,1,False,False
830b85fffffffff,29.82214031169081,40.92258370045551,1,False,False
830b86fffffffff,30.68752676205283,42.97757272277045,1,False,False
830b88fffffffff,31.8814015079983,38.52835725220584,1,False,False
830b89fffffffff,31.91138622704159,37.24830398471894,1,False,False
830b8afffffffff,32.82867775152346,39.25914915506255,1,False,False
830b8bfffffffff,32.86114152428673,37.96198951685525,1,False,False
830b8cfffffffff,30.88958539689692,39.08815426961143,1,False,False
830b8dfffffffff,30.9304012356757,37.81275119003831,1,False,False
830b8efffffffff,31.83809963138101,39.82040590344521,1,False,False
830b90fffffffff,32.55708311986419,44.55045712475369,1,False,False
830b91fffffffff,32.646780565765894,43.214807932472674,1,False,False
830b92fffffffff,33.481935103300806,45.35929302629588,1,False,False
830b93fffffffff,33.576869208905656,44.00900022968584,1,False,False
830b95fffffffff,31.62527984706338,43.75658876878946,1,False,False
830b98fffffffff,33.721296325553844,41.330655011147925,1,False,False
830b99fffffffff,33.77125025440079,40.005370016991165,1,False,False
830b9afffffffff,34.65400498558439,42.10906837663386,1,False,False
830b9bfffffffff,34.7081409208541,40.76725238787948,1,False,False
830b9cfffffffff,32.72179057966083,41.88681797718438,1,False,False
830b9dfffffffff,32.78233295591779,40.56783468383253,1,False,False
830b9efffffffff,33.65658840843826,42.66565070414661,1,False,False
830baafffffffff,29.886371780294645,39.64138923458729,1,False,False
830babfffffffff,29.937779127567925,38.37085416458733,1,False,False
830bb0fffffffff,29.550211926190112,44.818235685153006,1,False,False
830bb1fffffffff,29.65424418266117,43.51224902792215,1,False,False
830bb2fffffffff,30.484173183338505,45.61085346053547,1,False,False
830bb3fffffffff,30.59282876033021,44.29104589714773,1,False,False
830bb6fffffffff,29.43262624023995,46.12992628807841,1,False,False
830d62fffffffff,19.5153101500996,-9.435951010161782,1,False,False
830d65fffffffff,19.308081263574483,-10.459273684225652,1,False,False
830d6cfffffffff,18.972737647744445,-12.32663729421582,1,False,False
830d6dfffffffff,18.31559636009034,-13.217156443366536,1,False,False
830e00fffffffff,-3.6691257844805256,-2.2062560089252856,1,False,False
830e01fffffffff,-4.840102938122876,-2.048379587909821,1,False,False
830e02fffffffff,-3.2192357688529576,-3.30074360416664,1,False,False
830e03fffffffff,-4.390346762096258,-3.14443148956874,1,False,False
830e04fffffffff,-2.946925347431129,-1.2695949322099591,1,False,False
830e05fffffffff,-4.117679282053045,-1.1106673459145306,1,False,False
830e06fffffffff,-2.498120921566405,-2.363719093743016,1,False,False
830e08fffffffff,-6.729976212695379,-2.8305338723808937,1,False,False
830e09fffffffff,-7.896499114442881,-2.672949643516408,1,False,False
830e0afffffffff,-6.2793482250311365,-3.928110869753125,1,False,False
830e0bfffffffff,-7.446887013281016,-3.772165830877071,1,False,False
830e0cfffffffff,-6.010048397903884,-1.8900906078738868,1,False,False
830e0dfffffffff,-7.177963290045523,-1.7313898752517118,1,False,False
830e0efffffffff,-5.56092744250036,-2.987694704835252,1,False,False
830e10fffffffff,-1.5989057225149048,-4.547537612618295,1,False,False
830e11fffffffff,-2.768558330389128,-4.393334812612635,1,False,False
830e12fffffffff,-1.149587775657849,-5.635657868048231,1,False,False
830e13fffffffff,-2.3176435906106425,-5.483242577710675,1,False,False
830e14fffffffff,-0.8794369099755984,-3.612091476322665,1,False,False
830e15fffffffff,-2.0485986181829623,-3.4566304548682165,1,False,False
830e16fffffffff,-0.4312235163261393,-4.701303830121717,1,False,False
830e18fffffffff,-4.657164185876828,-5.177073895832838,1,False,False
830e19fffffffff,-5.826630812530051,-5.0233209795228415,1,False,False
830e1afffffffff,-4.203631326318834,-6.267268468991545,1,False,False
830e1bfffffffff,-5.372381483564448,-6.115374668527045,1,False,False
830e1cfffffffff,-3.939184342746176,-4.23869581150502,1,False,False
830e1dfffffffff,-5.109781670317054,-4.083621018275952,1,False,False
830e1efffffffff,-3.48716832972095,-5.330381178908473,1,False,False
830e20fffffffff,-2.67127393182355,0.7579684701378641,1,False,False
830e21fffffffff,-3.840202642512216,0.919103199666249,1,False,False
830e22fffffffff,-2.224554404755884,-0.3349437668741813,1,False,False
830e23fffffffff,-3.394466190296413,-0.1750546635846405,1,False,False
830e24fffffffff,-1.948908747629128,1.687920262716997,1,False,False
830e25fffffffff,-3.1162678476947105,1.8498212318778504,1,False,False
830e26fffffffff,-1.502819669097308,0.5972083781687891,1,False,False
830e28fffffffff,-5.733208405910456,0.1458858654123584,1,False,False
830e29fffffffff,-6.900039836915933,0.3069350517274611,1,False,False
830e2afffffffff,-5.287904040737464,-0.9513392946708408,1,False,False
830e2bfffffffff,-6.45659804684631,-0.7916117363555437,1,False,False
830e2cfffffffff,-5.0086055159024925,1.0806113200824106,1,False,False
830e2dfffffffff,-6.175484808705781,1.2424915551954132,1,False,False
830e2efffffffff,-4.564351539634023,-0.014777751200874,1,False,False
830e30fffffffff,-0.6078439340471697,-1.5862450255476577,1,False,False
830e31fffffffff,-1.7766463716465837,-1.4281211251386932,1,False,False
830e32fffffffff,-0.1600389033419304,-2.677402291049444,1,False,False
830e33fffffffff,-1.328092335282168,-2.5207680942245485,1,False,False
830e34fffffffff,0.1113453738245654,-0.6535542740452152,1,False,False
830e35fffffffff,-1.0556182312581373,-0.4944439857047282,1,False,False
830e36fffffffff,0.558488022533604,-1.7439657633532994,1,False,False
830e40fffffffff,-11.809797020500271,-1.0924865835741062,1,False,False
830e41fffffffff,-12.95309914485096,-0.9317402234628516,1,False,False
830e42fffffffff,-11.371191118301384,-2.1976635300325613,1,False,False
830e43fffffffff,-12.517994468814551,-2.0383928149048147,1,False,False
830e44fffffffff,-11.096405890261323,-0.1487266314855009,1,False,False
830e45fffffffff,-12.242860578986132,0.0129830498978432,1,False,False
830e46fffffffff,-10.659717465758922,-1.2528256695724171,1,False,False
830e48fffffffff,-14.789110180241066,-1.7185931199933435,1,False,False
830e49fffffffff,-15.911758047072874,-1.5580658300202728,1,False,False
830e4afffffffff,-14.355580357463753,-2.827392545291399,1,False,False
830e4bfffffffff,-15.482448742162608,-2.668418708786461,1,False,False
830e4cfffffffff,-14.088755072409148,-0.7705875756428271,1,False,False
830e4dfffffffff,-15.215931835309222,-0.6090296572234211,1,False,False
830e4efffffffff,-13.657584464853842,-1.8787024016774008,1,False,False
830e50fffffffff,-9.771948833021638,-3.4589730839747515,1,False,False
830e51fffffffff,-10.927547910203172,-3.301726448762426,1,False,False
830e52fffffffff,-9.321920173246584,-4.559391350295109,1,False,False
830e53fffffffff,-10.479392348195535,-4.40385895838602,1,False,False
830e54fffffffff,-9.059514813062336,-2.5149426986885053,1,False,False
830e55fffffffff,-10.21805942328254,-2.3565137477174702,1,False,False
830e56fffffffff,-8.611411164641897,-3.615786394965308,1,False,False
830e58fffffffff,-12.77724354321903,-4.091462696630468,1,False,False
830e59fffffffff,-13.915828444739766,-3.9345996918057096,1,False,False
830e5afffffffff,-12.329096257826004,-5.194467098630734,1,False,False
830e5bfffffffff,-13.470364557830052,-5.039393445079671,1,False,False
830e5cfffffffff,-12.07728049607947,-3.14404706934447,1,False,False
830e5dfffffffff,-13.220247075411445,-2.98593555515307,1,False,False
830e5efffffffff,-11.63147086345174,-4.2478826011320985,1,False,False
830e60fffffffff,-10.808179847753156,1.893707078393748,1,False,False
830e61fffffffff,-11.952910429662223,2.0574277020034235,1,False,False
830e62fffffffff,-10.378593065933094,0.7923842353486698,1,False,False
830e63fffffffff,-11.527628036875344,0.95496375644488,1,False,False
830e64fffffffff,-10.085309166412475,2.828728538358397,1,False,False
830e65fffffffff,-11.231919412427024,2.99311614057441,1,False,False
830e66fffffffff,-9.65714719590932,1.7303517412917466,1,False,False
830e68fffffffff,-13.804540333258885,1.2812598229615006,1,False,False
830e69fffffffff,-14.930718852888354,1.4449737062531258,1,False,False
830e6afffffffff,-13.382103197123612,0.1750858620713472,1,False,False
830e6bfffffffff,-14.51328283982777,0.3375806358220858,1,False,False
830e6cfffffffff,-13.090457061983315,2.2215121562056632,1,False,False
830e6dfffffffff,-14.219971742858842,2.385958954736386,1,False,False
830e6efffffffff,-12.669899542088658,1.117922724221165,1,False,False
830e70fffffffff,-8.785430675327454,-0.4709620784431043,1,False,False
830e71fffffffff,-9.943624119664246,-0.31004204358223,1,False,False
830e72fffffffff,-8.342858896247362,-1.5722782259500636,1,False,False
830e73fffffffff,-9.503761570216245,-1.4127565255610974,1,False,False
830e74fffffffff,-8.06385900380439,0.4683686433948748,1,False,False
830e75fffffffff,-9.223694102239536,0.6301854460874299,1,False,False
830e76fffffffff,-7.62276736296513,-0.6314856584932448,1,False,False
830e80fffffffff,-0.5224648752849167,-9.800771433137353,1,False,False
830e81fffffffff,-1.6815671491920938,-9.655965361296804,1,False,False
830e82fffffffff,-0.0784219528067523,-10.86597234618324,1,False,False
830e83fffffffff,-1.233473048872656,-10.72338854099598,1,False,False
830e84fffffffff,0.1907554096431254,-8.875669570853779,1,False,False
830e85fffffffff,-0.9689224812282842,-8.729188150642706,1,False,False
830e86fffffffff,0.6332658059328464,-9.945102571693932,1,False,False
830e88fffffffff,-3.5512352576648567,-10.436780181221629,1,False,False
830e89fffffffff,-4.712017532340112,-10.29275437575131,1,False,False
830e8afffffffff,-3.097662292608827,-11.501796556217558,1,False,False
830e8bfffffffff,-4.255231492950804,-11.360053392880015,1,False,False
830e8cfffffffff,-2.8430813858842785,-9.510683867127945,1,False,False
830e8dfffffffff,-4.006035801537428,-9.364926482823586,1,False,False
830e8efffffffff,-2.391397347635201,-10.58032469779921,1,False,False
830e90fffffffff,1.5089194249458016,-12.0639258407644,1,False,False
830e91fffffffff,0.3627166873077258,-11.924118433261498,1,False,False
830e92fffffffff,1.9411429407563665,-13.112011704931732,1,False,False
830e93fffffffff,0.8004811731281637,-12.974565340939243,1,False,False
830e94fffffffff,2.219298435545445,-11.149702481313268,1,False,False
830e95fffffffff,1.0728106826218813,-11.008076768258402,1,False,False
830e96fffffffff,2.649963065564131,-12.203251343087304,1,False,False
830e98fffffffff,-1.493931293926238,-12.698216621792149,1,False,False
830e99fffffffff,-2.645840595395505,-12.559312353479651,1,False,False
830e9afffffffff,-1.0491456343085026,-13.745183667135445,1,False,False
830e9bfffffffff,-2.196277633603343,-13.608694043870129,1,False,False
830e9cfffffffff,-0.7877366985624055,-11.783828289498109,1,False,False
830e9dfffffffff,-1.9415115505478864,-11.64305459579778,1,False,False
830e9efffffffff,-0.3448474174772444,-12.836633968065977,1,False,False
830ea0fffffffff,0.4617290543874446,-6.870294660593329,1,False,False
830ea1fffffffff,-0.7011852918243764,-6.72022054586973,1,False,False
830ea2fffffffff,0.905416445916623,-7.948556944614207,1,False,False
830ea3fffffffff,-0.2542305624384804,-7.800470185415826,1,False,False
830ea4fffffffff,1.178168748349381,-5.93914935908269,1,False,False
830ea5fffffffff,0.0160088964032144,-5.787626852291051,1,False,False
830ea6fffffffff,1.620737236027483,-7.019913815099215,1,False,False
830ea8fffffffff,-2.5827850064384226,-7.502908847005181,1,False,False
830ea9fffffffff,-3.749739267490663,-7.353433963555055,1,False,False
830eaafffffffff,-2.131511897903822,-8.582237352461592,1,False,False
830eabfffffffff,-3.296040666299879,-8.43481685921956,1,False,False
830eacfffffffff,-1.86703935823045,-6.569691461226136,1,False,False
830eadfffffffff,-3.034851819812128,-6.418707422023976,1,False,False
830eaefffffffff,-1.4172878449142878,-7.651920874254778,1,False,False
830eb0fffffffff,2.4975657629183217,-9.16722565800977,1,False,False
830eb1fffffffff,1.346564249812307,-9.02168195270649,1,False,False
830eb2fffffffff,2.930862336254509,-10.232342109340996,1,False,False
830eb3fffffffff,1.7846820687611058,-10.088959286918255,1,False,False
830eb4fffffffff,3.2106881926292083,-8.243343581805675,1,False,False
830eb5fffffffff,2.060699906457246,-8.096181339674567,1,False,False
830eb6fffffffff,3.6428452855046127,-9.312301070447305,1,False,False
830ec0fffffffff,-8.652665109477052,-8.777129450009403,1,False,False
830ec1fffffffff,-9.808157750616571,-8.628986364502259,1,False,False
830ec2fffffffff,-8.190294365068041,-9.8577833758161,1,False,False
830ec3fffffffff,-9.345137294813496,-9.711826668628474,1,False,False
830ec4fffffffff,-7.953863721306339,-7.840432400258567,1,False,False
830ec5fffffffff,-9.113333732270693,-7.690659486354671,1,False,False
830ec6fffffffff,-7.493741371152806,-8.924794636553477,1,False,False
830ec8fffffffff,-11.642262953484938,-9.418460594759532,1,False,False
830ec9fffffffff,-12.782715963220005,-9.271050271839494,1,False,False
830ecafffffffff,-11.176516067914225,-10.499365613861624,1,False,False
830ecbfffffffff,-12.317203974623464,-10.354206392000169,1,False,False
830eccfffffffff,-10.959276475185892,-8.480365046657827,1,False,False
830ecdfffffffff,-12.105099714134573,-8.331265186688182,1,False,False
830ecefffffffff,-10.496102296158863,-9.565385904690594,1,False,False
830ed0fffffffff,-6.570764451885901,-11.075108675760069,1,False,False
830ed1fffffffff,-7.726796603238239,-10.93190565957272,1,False,False
830ed2fffffffff,-6.109040743835676,-12.139668775045145,1,False,False
830ed3fffffffff,-7.262743212064067,-11.998807661341395,1,False,False
830ed4fffffffff,-5.872770067581702,-10.148246686071303,1,False,False
830ed5fffffffff,-7.032518760004253,-10.00325653739714,1,False,False
830ed6fffffffff,-5.41325454749512,-11.217824346307705,1,False,False
830ed8fffffffff,-9.5633825732645,-11.715610341194198,1,False,False
830ed9fffffffff,-10.708445809196558,-11.573272460224542,1,False,False
830edafffffffff,-9.095002291759355,-12.779440066703494,1,False,False
830edbfffffffff,-10.23863949652746,-12.63950212759072,1,False,False
830edcfffffffff,-8.880393572145609,-10.7882145954991,1,False,False
830eddfffffffff,-10.03060978615054,-10.644034801054383,1,False,False
830edefffffffff,-8.414505088444617,-11.857455132183926,1,False,False
830ee0fffffffff,-7.705813223777512,-5.810222921061216,1,False,False
830ee1fffffffff,-8.868522139894642,-5.656965237930226,1,False,False
830ee2fffffffff,-7.249434400964194,-6.902231141723697,1,False,False
830ee3fffffffff,-8.412314312175809,-6.750903923688551,1,False,False
830ee4fffffffff,-6.994570404826697,-4.869122708151442,1,False,False
830ee5fffffffff,-8.159992748548547,-4.714479387310553,1,False,False
830ee6fffffffff,-6.540105898415191,-5.963026113001495,1,False,False
830ee8fffffffff,-10.726712702180658,-6.446859941766021,1,False,False
830ee9fffffffff,-11.876346298179154,-6.294143225335413,1,False,False
830eeafffffffff,-10.268875308850475,-7.5404154660271026,1,False,False
830eebfffffffff,-11.419550182618824,-7.389700188971729,1,False,False
830eecfffffffff,-10.027266209755853,-5.503253235711905,1,False,False
830eedfffffffff,-11.181098549358314,-5.349087113690301,1,False,False
830eeefffffffff,-9.571724834560364,-6.599113520164847,1,False,False
830ef0fffffffff,-5.626983122084733,-8.138565633741786,1,False,False
830ef1fffffffff,-6.791422794685386,-7.9897343828548255,1,False,False
830ef2fffffffff,-5.169451259125006,-9.21869276214512,1,False,False
830ef3fffffffff,-6.332346160812934,-9.071982280755492,1,False,False
830ef4fffffffff,-4.917160355468635,-7.203496108122102,1,False,False
830ef5fffffffff,-6.084055490181004,-7.053095189569766,1,False,False
830ef6fffffffff,-4.461526743638406,-8.286926376671103,1,False,False
830f00fffffffff,1.3619521770203846,4.291350690927745,1,False,False
830f01fffffffff,0.2053160605828265,4.454682250346236,1,False,False
830f02fffffffff,1.8081763629458485,3.21141520200642,1,False,False
830f03fffffffff,0.6506283144124286,3.373906628703596,1,False,False
830f04fffffffff,2.068793889138571,5.203996280504542,1,False,False
830f05fffffffff,0.9165457280000948,5.367743332437195,1,False,False
830f06fffffffff,2.515209536293016,4.128338635057052,1,False,False
830f08fffffffff,-1.672249051711398,3.6998902517764543,1,False,False
830f09fffffffff,-2.8356243871958684,3.863379207148188,1,False,False
830f0afffffffff,-1.228168342647883,2.614328554492942,1,False,False
830f0bfffffffff,-2.3933518442242168,2.7769039509116262,1,False,False
830f0cfffffffff,-0.9537393172169144,4.618331591219894,1,False,False
830f0dfffffffff,-2.114242307289671,4.782296964009238,1,False,False
830f0efffffffff,-0.5098375094673054,3.5367321807711107,1,False,False
830f10fffffffff,3.408180591346377,1.9675110795181443,1,False,False
830f11fffffffff,2.254688869287251,2.1286899220182884,1,False,False
830f12fffffffff,3.853669299903257,0.8838570309591146,1,False,False
830f13fffffffff,2.70095568314488,1.04393976175246,1,False,False
830f14fffffffff,4.1107087485038205,2.8874410100894994,1,False,False
830f15fffffffff,2.961849227774205,3.049259479027613,1,False,False
830f16fffffffff,4.55637213981436,1.80668494127255,1,False,False
830f18fffffffff,0.3819039073973752,1.3652026735549674,1,False,False
830f19fffffffff,-0.7825210726592778,1.5263802921066705,1,False,False
830f1afffffffff,0.8286821161238205,0.2768169468114749,1,False,False
830f1bfffffffff,-0.3358376004416685,0.4368241410461546,1,False,False
830f1cfffffffff,1.096828502467306,2.290220070945442,1,False,False
830f1dfffffffff,-0.0644473336354396,2.452100100034736,1,False,False
830f1efffffffff,1.543384947571651,1.2043887315655206,1,False,False
830f2afffffffff,-0.2385838227046531,5.531793166250721,1,False,False
830f2bfffffffff,-1.3956353223289162,5.696143925342082,1,False,False
830f2efffffffff,0.4724787485383535,6.439854992350669,1,False,False
830f30fffffffff,4.360884446606798,4.877417815538864,1,False,False
830f31fffffffff,3.2172155528450856,5.040553840424892,1,False,False
830f32fffffffff,4.807838462472262,3.803279785259485,1,False,False
830f33fffffffff,3.664145446158044,3.965647777406543,1,False,False
830f36fffffffff,5.498897407835565,4.71458998255961,1,False,False
830f42fffffffff,-6.321669229694929,4.355814610654076,1,False,False
830f43fffffffff,-7.4790556232161025,4.52061019335955,1,False,False
830f48fffffffff,-9.781126200865543,4.851166418045279,1,False,False
830f49fffffffff,-10.923957704767098,5.016923423075315,1,False,False
830f4afffffffff,-9.359819587197252,3.759555414345358,1,False,False
830f4bfffffffff,-10.507722989875449,3.924515449172319,1,False,False
830f4efffffffff,-8.632520662834668,4.685728063917303,1,False,False
830f50fffffffff,-4.724143126090827,3.103089492429848,1,False,False
830f51fffffffff,-5.887768056170978,3.266696526915949,1,False,False
830f52fffffffff,-4.283602059479566,2.012081816965919,1,False,False
830f53fffffffff,-5.449915071028475,2.174700606136108,1,False,False
830f54fffffffff,-3.998976626282008,4.0271973841263575,1,False,False
830f56fffffffff,-3.559007665402886,2.939824777184587,1,False,False
830f58fffffffff,-7.775522458895123,2.501007002623012,1,False,False
830f59fffffffff,-8.932869242578557,2.664691639240411,1,False,False
830f5afffffffff,-7.339850368541173,1.4047425991639062,1,False,False
830f5bfffffffff,-8.50072458706304,1.5673631163690622,1,False,False
830f5cfffffffff,-7.04889978098636,3.4306442819929144,1,False,False
830f5dfffffffff,-8.206568012696176,3.5949311300278706,1,False,False
830f5efffffffff,-6.614215616788004,2.337676158219025,1,False,False
830f72fffffffff,-3.2752139079652323,4.946576591706337,1,False,False
830f80fffffffff,4.472902948710658,-3.29977765144682,1,False,False
830f81fffffffff,3.3224632928223152,-3.144809293949113,1,False,False
830f82fffffffff,4.909992787881941,-4.382991315156169,1,False,False
830f83fffffffff,3.7627942865844273,-4.229666943173023,1,False,False
830f84fffffffff,5.179773686925909,-2.370800693104264,1,False,False
830f85fffffffff,4.032939630218855,-2.214700732167099,1,False,False
830f86fffffffff,5.616620528473083,-3.454328033067963,1,False,False
830f88fffffffff,1.4504969469816025,-3.92173391065864,1,False,False
830f89fffffffff,0.2872553924920713,-3.767126131343082,1,False,False
830f8afffffffff,1.8942972072634268,-5.007525128310316,1,False,False
830f8bfffffffff,0.733501411760301,-4.854633111034455,1,False,False
830f8cfffffffff,2.166202667448601,-2.98942353919685,1,False,False
830f8dfffffffff,1.0050506493938862,-2.833620993492214,1,False,False
830f8efffffffff,2.6093238581449176,-4.075914332664981,1,False,False
830f90fffffffff,6.479534492520567,-5.6147149514095895,1,False,False
830f91fffffffff,5.343713813573269,-5.463574727795441,1,False,False
830f92fffffffff,6.904659302621321,-6.690060536609884,1,False,False
830f93fffffffff,5.77358750340303,-6.540772088037868,1,False,False
830f94fffffffff,7.1820679799240015,-4.688353769727343,1,False,False
830f95fffffffff,6.050034334437577,-4.535887048496143,1,False,False
830f96fffffffff,7.606947546620369,-5.765416672279244,1,False,False
830f98fffffffff,3.4883585513901445,-6.240854384525648,1,False,False
830f99fffffffff,2.3359314404231264,-6.09022524305222,1,False,False
830f9afffffffff,3.92327151271334,-7.317787405766767,1,False,False
830f9bfffffffff,2.7748923596207185,-7.169078043850252,1,False,False
830f9cfffffffff,4.200317130223272,-5.311996197352263,1,False,False
830f9dfffffffff,3.050211751180784,-5.159979581674567,1,False,False
830f9efffffffff,4.634537891905201,-6.391036689236785,1,False,False
830fa0fffffffff,5.442872401530018,-0.3594186559288019,1,False,False
830fa1fffffffff,4.297782252128739,-0.2009309338146253,1,False,False
830fa2fffffffff,5.882658612349594,-1.4432221790232471,1,False,False
830fa3fffffffff,4.739990758304217,-1.2860762189748465,1,False,False
830fa4fffffffff,6.140861963619456,0.5647952106915504,1,False,False
830fa5fffffffff,5.000602964250227,0.7241417773808746,1,False,False
830fa6fffffffff,6.580829911766078,-0.5175238285158998,1,False,False
830fa8fffffffff,2.435422557347949,-0.9706010207793646,1,False,False
830fa9fffffffff,1.2753495747090735,-0.8122736150286873,1,False,False
830faafffffffff,2.87983265184905,-2.058194414973571,1,False,False
830fabfffffffff,1.7213681762009982,-1.9012824973430067,1,False,False
830facfffffffff,3.146441362937301,-0.0420617061970378,1,False,False
830fadfffffffff,1.9897618637959484,0.1171879544032018,1,False,False
830faefffffffff,3.590612242968483,-1.128535532236423,1,False,False
830fb0fffffffff,7.45111708582425,-2.681778662967774,1,False,False
830fb1fffffffff,6.319449814297276,-2.526493570015184,1,False,False
830fb2fffffffff,7.88045011123992,-3.762172691189007,1,False,False
830fb3fffffffff,6.752747246035537,-3.6084598876369314,1,False,False
830fb4fffffffff,8.144428948170884,-1.7563264523183806,1,False,False
830fb5fffffffff,7.017748535992904,-1.5999725386785784,1,False,False
830fb6fffffffff,8.573961930646359,-2.836655299653931,1,False,False
831025fffffffff,5.658687926770709,29.144305570603183,1,False,False
831100fffffffff,1.465555800855792,27.91318071564209,1,False,False
831101fffffffff,2.452569869661357,27.579354432319214,1,False,False
831102fffffffff,1.181961403424722,28.87108826411003,1,False,False
831103fffffffff,2.174272094654734,28.538081581874152,1,False,False
831104fffffffff,0.7681949351162181,27.29882943093531,1,False,False
831105fffffffff,1.7454461319964398,26.966188185989967,1,False,False
831106fffffffff,0.4831051547091756,28.24515445211449,1,False,False
831108fffffffff,4.171180038073198,27.86632402088932,1,False,False
831109fffffffff,5.174399270799303,27.52758671841512,1,False,False
83110afffffffff,3.900228475713088,28.837726357028952,1,False,False
83110bfffffffff,4.9096750997569165,28.49982240986021,1,False,False
83110cfffffffff,3.443488562019058,27.24368290572832,1,False,False
83110dfffffffff,4.437636594962757,26.9061740270555,1,False,False
83110efffffffff,3.170905344256085,28.20315800515241,1,False,False
831110fffffffff,-0.0970121841086971,30.16952193381792,1,False,False
831111fffffffff,0.8948462175722129,29.839556063721137,1,False,False
831112fffffffff,-0.391623790653586,31.146811801580444,1,False,False
831113fffffffff,0.6044099475848141,30.81819736472325,1,False,False
831114fffffffff,-0.7870616487036999,29.531327946960616,1,False,False
831115fffffffff,0.1946360896597626,29.202172156948883,1,False,False
831116fffffffff,-1.0828125837205869,30.49749227049012,1,False,False
831118fffffffff,2.613363100768729,30.154794314675417,1,False,False
83111cfffffffff,1.892119517046926,29.507598478897823,1,False,False
83111dfffffffff,2.894142167143281,29.17365357911432,1,False,False
83111efffffffff,1.6062945505273896,30.48752392808204,1,False,False
831120fffffffff,0.3655476862881741,25.77123132529448,1,False,False
831121fffffffff,1.3275164684495282,25.439543463300364,1,False,False
831122fffffffff,0.0823551276940142,26.69490054297514,1,False,False
831123fffffffff,1.0497213655166373,26.36352637551849,1,False,False
831124fffffffff,-0.306956092572849,25.18916119101144,1,False,False
831125fffffffff,0.6451389245122203,24.858948138577915,1,False,False
831126fffffffff,-0.5918322168021276,26.10126188044652,1,False,False
831128fffffffff,2.996956068404384,25.6956314083952,1,False,False
831129fffffffff,3.975545525200382,25.359129741244605,1,False,False
83112afffffffff,2.726847382502497,26.631765640113823,1,False,False
83112bfffffffff,3.7117451270181423,26.295570415314646,1,False,False
83112cfffffffff,2.293463948583145,25.106208178029046,1,False,False
83112dfffffffff,3.262764073428094,24.771235897513243,1,False,False
83112efffffffff,2.0214656224299707,26.030433568978864,1,False,False
831130fffffffff,-1.1713305658064228,27.9587363812451,1,False,False
831131fffffffff,-0.2042697132390712,27.6296813248379,1,False,False
831132fffffffff,-1.4655669620170702,28.90351795237778,1,False,False
831133fffffffff,-0.4941420949082004,28.57526891649109,1,False,False
831134fffffffff,-1.836805697973532,27.3524585904084,1,False,False
831135fffffffff,-0.8800188006309303,27.024547341747542,1,False,False
831136fffffffff,-2.132391627522047,28.285987668892336,1,False,False
831144fffffffff,7.6727676708976915,24.933255622779715,1,False,False
831146fffffffff,7.432510111711066,25.88271119223476,1,False,False
831150fffffffff,6.935763837275283,27.818109820701203,1,False,False
831152fffffffff,6.6794208290054025,28.803391472477944,1,False,False
831153fffffffff,7.701724935768357,28.460444418725707,1,False,False
831154fffffffff,6.179853006283781,27.18695379957821,1,False,False
831155fffffffff,7.186820869986354,26.84443358863649,1,False,False
831156fffffffff,5.921763715035996,28.15994795087869,1,False,False
831160fffffffff,7.160540433098628,23.415204755756864,1,False,False
831161fffffffff,8.136817281269844,23.07222336391085,1,False,False
831162fffffffff,6.923255863097956,24.33953475076129,1,False,False
831163fffffffff,7.907546840770699,23.9963450097242,1,False,False
831164fffffffff,6.424163683055925,22.844746252951527,1,False,False
831165fffffffff,7.392494012149027,22.503673363147296,1,False,False
831166fffffffff,6.184328544729,23.75660965132857,1,False,False
831170fffffffff,5.689344744586861,25.617899324091333,1,False,False
831171fffffffff,6.680675962232342,25.27644363164692,1,False,False
831172fffffffff,5.434324702706734,26.56683628411905,1,False,False
831173fffffffff,6.432852275469084,26.22567877013984,1,False,False
831174fffffffff,4.956573802432811,25.020938984162463,1,False,False
831175fffffffff,5.939370158336997,24.681070129365644,1,False,False
831176fffffffff,4.699471085651523,25.95761171348013,1,False,False
831182fffffffff,-0.8894877646640358,35.84826096195712,1,False,False
831184fffffffff,-1.2908512436487525,34.13393638195097,1,False,False
831186fffffffff,-1.5948567951776622,35.146449386338475,1,False,False
831190fffffffff,-2.2075630026623787,37.19347407826282,1,False,False
831191fffffffff,-1.1947828057395762,36.8780693971104,1,False,False
831192fffffffff,-2.515657190655064,38.22682153656713,1,False,False
831193fffffffff,-1.501578068544515,37.91448395052501,1,False,False
831194fffffffff,-2.9028653061768828,36.48235645785982,1,False,False
831195fffffffff,-1.900526753995804,36.16648505013789,1,False,False
831196fffffffff,-3.21120570562965,37.50647745694192,1,False,False
8311a0fffffffff,-1.681870503130025,32.45851869172591,1,False,False
8311a1fffffffff,-0.6889674050022414,32.133618567348435,1,False,False
8311a2fffffffff,-1.984672562126654,33.45249584878899,1,False,False
8311a3fffffffff,-0.9887967501488618,33.12948819332195,1,False,False
8311a4fffffffff,-2.363594428909706,31.79785525505449,1,False,False
8311a5fffffffff,-1.38116402675237,31.47336499250172,1,False,False
8311a6fffffffff,-2.6672281097793884,32.78129385171528,1,False,False
8311acfffffffff,0.3108685085952068,31.80659352616012,1,False,False
8311b0fffffffff,-3.279325354467534,34.773441163133064,1,False,False
8311b1fffffffff,-2.289297548565381,34.45480948949651,1,False,False
8311b2fffffffff,-3.5836799243692044,35.74672602734064,1,False,False
8311b3fffffffff,-2.595460519974617,35.46494404868477,1,False,False
8311b4fffffffff,-3.941092973582705,33.9383834427076,1,False,False
8311b5fffffffff,-2.9725661865703867,33.77331893212536,1,False,False
8311b6fffffffff,-4.250775777750272,34.90883196057612,1,False,False
831220fffffffff,11.166149570544588,-15.214580651253035,1,False,False
831221fffffffff,10.100590821986636,-15.083401381118032,1,False,False
831224fffffffff,11.860601686831137,-14.327370176214508,1,False,False
831225fffffffff,10.798117782850476,-14.194243026434194,1,False,False
831226fffffffff,12.220065598237632,-15.345284236147696,1,False,False
831229fffffffff,7.233862584303111,-15.707885248087956,1,False,False
83122cfffffffff,9.02396130544753,-14.951745206952026,1,False,False
83122dfffffffff,7.936876631392817,-14.819610921231066,1,False,False
831240fffffffff,2.509201975544502,-17.087557338785466,1,False,False
831241fffffffff,1.3891984752721127,-16.95958421978768,1,False,False
831244fffffffff,3.2103721837071424,-16.20377007021638,1,False,False
831245fffffffff,2.089169678468467,-16.073727329922708,1,False,False
831248fffffffff,-0.4300630504464274,-17.71334150628796,1,False,False
831249fffffffff,-1.5571379261041725,-17.58650386342201,1,False,False
83124cfffffffff,0.2638728323577947,-16.83112577922646,1,False,False
83124dfffffffff,-0.8659221671478445,-16.702180549878985,1,False,False
831260fffffffff,3.497753468912064,-14.286268922971708,1,False,False
831261fffffffff,2.3690555743936583,-14.151726381417708,1,False,False
831262fffffffff,3.914100933493178,-15.314566073686038,1,False,False
831263fffffffff,2.7922567280327906,-15.182493590806404,1,False,False
831264fffffffff,4.204936189448183,-13.385453341819764,1,False,False
831265fffffffff,3.0762488348603663,-13.248974040120748,1,False,False
831266fffffffff,4.619676582941957,-14.420327494607571,1,False,False
831268fffffffff,0.5305353588737298,-14.916891894732716,1,False,False
831269fffffffff,-0.6076231018005566,-14.78336019065856,1,False,False
83126afffffffff,0.962158836345038,-15.943198984684988,1,False,False
83126bfffffffff,-0.1698096950075401,-15.81218367188288,1,False,False
83126cfffffffff,1.234423492523837,-14.01669873622128,1,False,False
83126dfffffffff,0.0947256008961329,-13.881184867021886,1,False,False
83126efffffffff,1.6641193416896545,-15.049935948265572,1,False,False
831271fffffffff,4.324942524798991,-16.333328578079048,1,False,False
831274fffffffff,6.135671737444558,-15.577260622889014,1,False,False
831275fffffffff,5.028834395470176,-15.44615465971568,1,False,False
831300fffffffff,14.961837322265254,-11.77844759076821,1,False,False
831301fffffffff,13.924501077701516,-11.64023701182046,1,False,False
831302fffffffff,15.311631099928508,-12.812141883532576,1,False,False
831303fffffffff,14.282638955303424,-12.676201555620972,1,False,False
831304fffffffff,15.63575671594253,-10.877353950509129,1,False,False
831305fffffffff,14.603681104779916,-10.737398499077324,1,False,False
831306fffffffff,15.985704034114525,-11.916192131403362,1,False,False
831308fffffffff,12.18560016276199,-12.402912299255142,1,False,False
831309fffffffff,11.118531959028424,-12.26556162742938,1,False,False
83130afffffffff,12.552276416514978,-13.435640457842124,1,False,False
83130bfffffffff,11.493358135784613,-13.300611991628603,1,False,False
83130cfffffffff,12.874139419694172,-11.501559642024612,1,False,False
83130dfffffffff,11.811243261002206,-11.362414745630083,1,False,False
83130efffffffff,13.240473305490273,-12.539791987322616,1,False,False
831310fffffffff,16.65960220878543,-13.971037328118284,1,False,False
831311fffffffff,15.652905901353174,-13.837893629543265,1,False,False
831313fffffffff,15.98553533211594,-14.855144420156916,1,False,False
831314fffffffff,17.32846143083179,-13.08261841088796,1,False,False
831315fffffffff,16.327029951521865,-12.947613865532071,1,False,False
831316fffffffff,17.65225260729383,-14.103712405787345,1,False,False
831318fffffffff,13.949016581649214,-14.592201914080476,1,False,False
831319fffffffff,12.911070573233088,-14.460022765939074,1,False,False
83131bfffffffff,13.261811341134358,-15.475513365573024,1,False,False
83131cfffffffff,14.632514659528766,-13.704280268443393,1,False,False
83131dfffffffff,13.598824358418652,-13.570196216271205,1,False,False
83131efffffffff,14.973977245480112,-14.723908751299474,1,False,False
831320fffffffff,15.944866636511565,-8.923609600913085,1,False,False
831321fffffffff,14.910679896881792,-8.779893193124256,1,False,False
831322fffffffff,16.303751903382587,-9.973349993507236,1,False,False
831323fffffffff,15.27735076265462,-9.831709026433858,1,False,False
831324fffffffff,16.605607538331753,-8.013548417909673,1,False,False
831325fffffffff,15.577632441623722,-7.868280562516415,1,False,False
831326fffffffff,16.965198208881414,-9.066873646714631,1,False,False
831328fffffffff,13.184194711763444,-9.547052901075338,1,False,False
831329fffffffff,12.118379561330954,-9.404036827296348,1,False,False
83132afffffffff,13.558282325127664,-10.596980328158793,1,False,False
83132bfffffffff,12.5000291458482,-10.456098834337547,1,False,False
83132cfffffffff,13.863061131281585,-8.635724094446223,1,False,False
83132dfffffffff,12.80248107282323,-8.491101996831064,1,False,False
83132efffffffff,14.23734965421734,-9.689610151485413,1,False,False
831330fffffffff,17.658297883247194,-11.155879198859106,1,False,False
831331fffffffff,16.65408740519209,-11.016847303987165,1,False,False
831332fffffffff,17.991483783320945,-12.190286189986711,1,False,False
831333fffffffff,16.995703511237135,-12.053471402743222,1,False,False
831334fffffffff,18.31420446671301,-10.255260170968484,1,False,False
831335fffffffff,17.31615403045974,-10.1145335396707,1,False,False
831336fffffffff,18.64805847709496,-11.29445029198688,1,False,False
831340fffffffff,7.445761420217628,-10.801145783658557,1,False,False
831341fffffffff,6.329175932389073,-10.659652826947134,1,False,False
831342fffffffff,7.849971781640932,-11.850675306802056,1,False,False
831343fffffffff,6.740162795797453,-11.711432378593798,1,False,False
831344fffffffff,8.14949578051547,-9.887928212880386,1,False,False
831345fffffffff,7.035642850229937,-9.744721708787942,1,False,False
831346fffffffff,8.552957041817983,-10.942167797539197,1,False,False
831348fffffffff,4.494453159076338,-11.431520570728486,1,False,False
831349fffffffff,3.3601379947527787,-11.290850178304954,1,False,False
83134afffffffff,4.913067185724288,-12.480460041575837,1,False,False
83134bfffffffff,3.7849639853403305,-12.34209578838771,1,False,False
83134cfffffffff,5.20395964891538,-10.517688298842334,1,False,False
83134dfffffffff,4.070910468392812,-10.375251589745416,1,False,False
83134efffffffff,5.621398520395858,-11.571714388291984,1,False,False
831350fffffffff,9.340588886834803,-13.02913299980862,1,False,False
831351fffffffff,8.247940232194686,-12.892680542120154,1,False,False
831352fffffffff,9.724171937136088,-14.06064021060476,1,False,False
831353fffffffff,8.639361902137919,-13.926560635506291,1,False,False
831354fffffffff,10.039827393564096,-12.12773912355303,1,False,False
831355fffffffff,8.950090909764189,-11.98944395533661,1,False,False
831356fffffffff,10.422602711456882,-13.165109830057226,1,False,False
831358fffffffff,6.439757760248129,-13.65696690027537,1,False,False
831359fffffffff,5.326372316328237,-13.52145062026007,1,False,False
83135afffffffff,6.839994957379696,-14.686997327987717,1,False,False
83135bfffffffff,5.734015488295,-14.553903243103951,1,False,False
83135cfffffffff,7.145324031390533,-12.755751513091491,1,False,False
83135dfffffffff,6.033449765107645,-12.618344983992776,1,False,False
83135efffffffff,7.544329189428672,-13.79200322098934,1,False,False
831360fffffffff,8.441631770750043,-7.908078202550451,1,False,False
831361fffffffff,7.3249683227539695,-7.7611872402155075,1,False,False
831362fffffffff,8.85062015943244,-8.972231488224693,1,False,False
831363fffffffff,7.740044459165596,-8.827376046097454,1,False,False
831364fffffffff,9.139665643250972,-6.9872965281947685,1,False,False
831365fffffffff,8.026942339391324,-6.83890201517262,1,False,False
831366fffffffff,9.54839696541909,-8.054514948922442,1,False,False
831368fffffffff,5.491186238230952,-8.536282567152941,1,False,False
831369fffffffff,4.3544755876871095,-8.39004390528651,1,False,False
83136afffffffff,5.912721928925942,-9.6010486589079,1,False,False
83136bfffffffff,4.781515847846182,-9.456908595256357,1,False,False
83136cfffffffff,6.199154672368955,-7.613841885247861,1,False,False
83136dfffffffff,5.064979904292596,-7.466041983923707,1,False,False
83136efffffffff,6.619977759310283,-8.682059846885448,1,False,False
831370fffffffff,10.34707073182439,-10.172943556734284,1,False,False
831371fffffffff,9.253538331453663,-10.030668659451218,1,False,False
831372fffffffff,10.736350345996373,-11.22280160397599,1,False,False
831373fffffffff,9.650044924853123,-11.08271951579828,1,False,False
831374fffffffff,11.040445381794848,-9.260561502223116,1,False,False
831375fffffffff,9.950980594533492,-9.116626518215702,1,False,False
831376fffffffff,11.429437575524718,-10.314753432618676,1,False,False
831401fffffffff,51.23740648036189,26.25482358912681,1,False,False
831404fffffffff,50.24668094316726,28.82593771953642,1,False,False
831405fffffffff,50.288591432652005,27.158462032768696,1,False,False
831420fffffffff,48.36543244604981,28.8665930815758,1,False,False
831421fffffffff,48.39860034877598,27.2512658182713,1,False,False
831422fffffffff,49.28197347247733,29.659363535407525,1,False,False
831423fffffffff,49.33088156289485,28.028567603265632,1,False,False
831424fffffffff,47.39338914379409,29.6739410897098,1,False,False
831425fffffffff,47.43277158715972,28.093102687076502,1,False,False
831426fffffffff,48.31041437925589,30.461590036532986,1,False,False
831428fffffffff,49.35942440607859,24.70999645260628,1,False,False
83142afffffffff,50.306676253521765,25.471850571355485,1,False,False
83142cfffffffff,48.40912566143013,25.61783050550734,1,False,False
83142efffffffff,49.35695868200037,26.377970963726675,1,False,False
831480fffffffff,71.67077836114866,78.19023816440287,1,False,False
831481fffffffff,72.64641762823625,77.49263141881184,1,False,False
831482fffffffff,71.44241129097597,81.03787271800435,1,False,False
831483fffffffff,72.41776873518596,80.52411304826684,1,False,False
831484fffffffff,70.89389110878389,76.02633456745093,1,False,False
831485fffffffff,71.85861541440421,75.23133445709057,1,False,False
831486fffffffff,70.70424962357419,78.81258214492155,1,False,False
83148afffffffff,74.12362963524176,82.60408706022399,1,False,False
83148efffffffff,73.40272650608777,79.9451738444514,1,False,False
831490fffffffff,70.21644009863145,84.07338576622833,1,False,False
831491fffffffff,71.17722449189746,83.76715323670786,1,False,False
831493fffffffff,70.87892126910143,86.37370855286771,1,False,False
831494fffffffff,69.52302034619653,81.90918652994868,1,False,False
831495fffffffff,70.4773072575682,81.4968032103801,1,False,False
831496fffffffff,69.26709220949219,84.3490245437791,1,False,False
831498fffffffff,72.82067411178032,85.98290208566173,1,False,False
831499fffffffff,73.80770159451697,85.74944105087229,1,False,False
83149afffffffff,72.47523373058286,88.77018380532041,1,False,False
83149bfffffffff,73.45379353777443,88.71940062727265,1,False,False
83149cfffffffff,72.14901871775761,83.42495499665374,1,False,False
83149dfffffffff,73.13133762019311,83.04008909488387,1,False,False
83149efffffffff,71.84427238147906,86.18953506353836,1,False,False
8314a0fffffffff,70.20255730259792,71.22185360629639,1,False,False
8314a1fffffffff,71.14809127783377,70.18205706745755,1,False,False
8314a2fffffffff,70.09037040380619,74.02002483216391,1,False,False
8314a3fffffffff,71.04290434661316,73.14602604762747,1,False,False
8314a4fffffffff,69.34055914006778,69.4447068166892,1,False,False
8314a5fffffffff,70.27148510498984,68.35511637339138,1,False,False
8314a6fffffffff,69.26322694119243,72.1591136438058,1,False,False
8314b0fffffffff,68.9909877223765,77.38194844006587,1,False,False
8314b1fffffffff,69.93772715108906,76.739238602396,1,False,False
8314b2fffffffff,68.80145483916485,79.8750236003198,1,False,False
8314b3fffffffff,69.74759211984951,79.37109396835112,1,False,False
8314b4fffffffff,68.21023284736057,75.52097213518535,1,False,False
8314b5fffffffff,69.14582752298195,74.80769691673179,1,False,False
8314b6fffffffff,68.05440563407902,77.96420449225111,1,False,False
831500fffffffff,44.37774665315828,33.38604570106207,1,False,False
831501fffffffff,44.44892510202934,31.925161087725023,1,False,False
831502fffffffff,45.27921906292197,34.16524205226896,1,False,False
831503fffffffff,45.36571354230061,32.69499484711989,1,False,False
831504fffffffff,43.38833039666969,34.05241119368404,1,False,False
831505fffffffff,43.46164208909112,32.6227742255874,1,False,False
831506fffffffff,44.289273559366364,34.82414900938266,1,False,False
831508fffffffff,45.48332479613124,29.687658611124625,1,False,False
831509fffffffff,45.51280079419106,28.15380948655669,1,False,False
83150afffffffff,46.415883262376376,30.451962244911304,1,False,False
83150bfffffffff,46.46063150835886,28.90480678514487,1,False,False
83150cfffffffff,44.501978508537256,30.442892405749213,1,False,False
83150dfffffffff,44.53611678473074,28.940792346321835,1,False,False
83150efffffffff,45.43402998414586,31.20195415295314,1,False,False
831510fffffffff,46.0462017473594,36.414096523519696,1,False,False
831511fffffffff,46.16543814312893,34.96056956547689,1,False,False
831514fffffffff,45.05524659893476,37.03203482456907,1,False,False
831515fffffffff,45.17542720815913,35.61132356401239,1,False,False
831516fffffffff,45.91065659401974,37.8408671117979,1,False,False
831518fffffffff,47.25282393036669,32.77153803444919,1,False,False
831519fffffffff,47.33312020314379,31.234039439740204,1,False,False
83151cfffffffff,46.26741163676874,33.48144865727439,1,False,False
83151dfffffffff,46.35119219111628,31.97807370984527,1,False,False
83151efffffffff,47.15340942066592,34.28476053582858,1,False,False
831520fffffffff,41.48470689599626,33.945722736396164,1,False,False
831521fffffffff,41.54464253675518,32.55452027857955,1,False,False
831522fffffffff,42.398477469870784,34.69521985456254,1,False,False
831523fffffffff,42.47322923681666,33.295932322170906,1,False,False
831524fffffffff,40.49706485316372,34.57318272154244,1,False,False
831525fffffffff,40.55794709441147,33.21068088056103,1,False,False
831526fffffffff,41.40917184363129,35.31554558642315,1,False,False
831528fffffffff,42.572729270363936,30.434333383362222,1,False,False
831529fffffffff,42.59598374109451,28.97473909446988,1,False,False
83152afffffffff,43.517698917160224,31.17169530610774,1,False,False
83152bfffffffff,43.55572142338022,29.700590026553435,1,False,False
83152cfffffffff,41.58822941590304,31.143111276832453,1,False,False
83152dfffffffff,41.614750830452046,29.71280102622336,1,False,False
83152efffffffff,42.53156841644621,31.875207072146416,1,False,False
831530fffffffff,43.19322575345758,36.842438637665,1,False,False
831531fffffffff,43.298578050009496,35.45933872829841,1,False,False
831532fffffffff,44.0639140576974,37.62721197061661,1,False,False
831533fffffffff,44.18436772791871,36.23823160307674,1,False,False
831534fffffffff,42.20293998322341,37.42502842543618,1,False,False
831535fffffffff,42.30810856942467,36.07192110420592,1,False,False
831536fffffffff,43.07313276952468,38.20074117597783,1,False,False
831542fffffffff,45.47523660258364,23.4542348174734,1,False,False
831546fffffffff,44.51793193779545,24.333243019931285,1,False,False
831550fffffffff,46.4871613339052,25.754972642119228,1,False,False
831552fffffffff,47.45046867142225,26.493559689828345,1,False,False
831554fffffffff,45.52171660442605,26.602264098159832,1,False,False
831555fffffffff,45.50939594641804,25.03502641403441,1,False,False
831556fffffffff,46.48463665480229,27.338469309404424,1,False,False
831564fffffffff,40.5735514096546,24.657256530338145,1,False,False
831565fffffffff,40.5123391583965,23.182495726915644,1,False,False
831566fffffffff,41.58540563620164,25.32342247734656,1,False,False
831570fffffffff,43.57477019289232,26.70468071764768,1,False,False
831571fffffffff,43.55448751944944,25.183406366216108,1,False,False
831572fffffffff,44.5505990897433,27.42056421797424,1,False,False
831573fffffffff,44.54474274322773,25.884054538242385,1,False,False
831574fffffffff,42.60064953577545,27.497986368619983,1,False,False
831575fffffffff,42.58609818635568,26.00576529154681,1,False,False
831576fffffffff,43.574973358756125,28.211018710403323,1,False,False
831582fffffffff,65.77711357694996,68.30269914301735,1,False,False
831583fffffffff,66.66670992831165,67.33483447639321,1,False,False
831586fffffffff,64.89622615066946,66.9363743499195,1,False,False
831588fffffffff,68.46240485469798,65.12611462698058,1,False,False
83158afffffffff,68.45963335182273,67.80140952277729,1,False,False
83158bfffffffff,69.3753797638224,66.67458603964779,1,False,False
83158efffffffff,67.56226907245771,66.27980854966164,1,False,False
831590fffffffff,64.85974573547874,71.41385455479126,1,False,False
831591fffffffff,65.74793799185487,70.62366501788996,1,False,False
831592fffffffff,64.79311799865187,73.5924588524432,1,False,False
831593fffffffff,65.68488909397675,72.90146565866706,1,False,False
831594fffffffff,64.0203615925505,70.01511040201136,1,False,False
831595fffffffff,64.89466166723376,69.19328549361165,1,False,False
831596fffffffff,63.98091446532901,72.14275554803685,1,False,False
831598fffffffff,67.49680815860489,71.32990142328657,1,False,False
831599fffffffff,68.41523359477418,70.43187454575472,1,False,False
83159afffffffff,67.40789646976286,73.77973105993694,1,False,False
83159bfffffffff,68.33132795257333,73.00785637346529,1,False,False
83159cfffffffff,66.64466249885896,69.76446000495991,1,False,False
83159dfffffffff,67.54894361305291,68.82722725402355,1,False,False
83159efffffffff,66.58638258548754,72.14995276901578,1,False,False
8315b0fffffffff,63.15133072825034,66.59215919323148,1,False,False
8315b1fffffffff,64.00392058793142,65.6578460993286,1,False,False
8315b2fffffffff,63.177563213636354,68.80500368215861,1,False,False
8315b3fffffffff,64.02851478770108,67.85167434073496,1,False,False
8315b4fffffffff,62.30187644222001,65.79131826880712,1,False,False
8315b6fffffffff,62.34530759497765,67.96344053477985,1,False,False
831800fffffffff,-16.036334264817967,10.747564950913317,1,False,False
831801fffffffff,-16.69250432071584,11.67118195523743,1,False,False
831804fffffffff,-15.009731247435967,10.861313966860434,1,False,False
831805fffffffff,-15.659928277366747,11.77470744149852,1,False,False
831808fffffffff,-18.39657588153438,12.50758531187576,1,False,False
831809fffffffff,-19.050797180180403,13.457903117455656,1,False,False
83180afffffffff,-18.796451070981306,11.456648838455047,1,False,False
83180bfffffffff,-19.459696070665,12.40997779893266,1,False,False
83180cfffffffff,-17.34575965131415,12.602881704522098,1,False,False
83180dfffffffff,-17.995395818643875,13.542271763016531,1,False,False
83180efffffffff,-17.738168595092226,11.56519186081766,1,False,False
83181dfffffffff,-18.129171695748266,10.511905754935498,1,False,False
831820fffffffff,-13.635689473203565,11.974698111457158,1,False,False
831821fffffffff,-14.271810261686452,12.875692088431968,1,False,False
831822fffffffff,-13.996890685645454,10.97246560602009,1,False,False
831823fffffffff,-14.640864083589149,11.875852643607413,1,False,False
831824fffffffff,-12.644737112139078,12.071320828016333,1,False,False
831825fffffffff,-13.274656931627144,12.96251432607766,1,False,False
831829fffffffff,-16.558823258203493,14.630236476217611,1,False,True
83182afffffffff,-16.307737917887177,12.695947590427972,1,False,False
83182bfffffffff,-16.952474152166403,13.62465368898224,1,False,False
83182dfffffffff,-15.537262169760265,14.698434540670275,1,False,False
83182efffffffff,-15.282955183147555,12.786859900259534,1,False,False
831840fffffffff,-20.543893139063822,17.368096098837672,1,False,False
831841fffffffff,-21.165150090328755,18.339272825823045,1,False,False
831844fffffffff,-19.487123055574383,17.40577253933323,1,False,False
831845fffffffff,-20.106408790999584,18.36535836576817,1,False,False
831846fffffffff,-19.915634027270443,16.40231834610696,1,False,False
831849fffffffff,-22.05016710141119,17.929734290188158,1,False,False
83184afffffffff,-20.438679325668566,16.958237840239896,1,False,False
83184bfffffffff,-21.542487126042506,16.955375195996808,1,False,False
83184cfffffffff,-21.77878055561096,19.31533148319308,1,False,False
83184dfffffffff,-22.38418516659349,20.29573849411613,1,False,False
831859fffffffff,-19.91041921713153,15.983003142112327,1,False,False
83185bfffffffff,-19.370289899315075,15.002426041477278,1,False,False
831860fffffffff,-18.02298323486969,18.415689205625306,1,False,False
831861fffffffff,-18.631335142112533,19.35740569876275,1,False,False
831862fffffffff,-18.44192192898468,17.44255544821129,1,False,False
831863fffffffff,-19.05884871876959,18.39082319752664,1,False,False
831864fffffffff,-16.99928371231188,18.4399772581952,1,False,True
831865fffffffff,-17.60511477270354,19.370776730030624,1,False,False
831866fffffffff,-17.408785998405726,17.47847621008938,1,False,True
831868fffffffff,-20.272837667241514,20.30073589444381,1,False,False
831869fffffffff,-20.86873419491327,21.26137373040683,1,False,False
83186afffffffff,-20.71867698838356,19.329694913828263,1,False,False
83186bfffffffff,-21.323330128679416,20.29826743368237,1,False,False
83186cfffffffff,-19.233252255438387,20.303146020254456,1,False,False
83186dfffffffff,-19.828165452569163,21.25241763152937,1,False,False
83186efffffffff,-19.66935202833679,19.343715612054226,1,False,False
831870fffffffff,-18.22999800214869,15.502832132872529,1,False,False
831871fffffffff,-18.861439699624544,16.451436476137157,1,False,False
831874fffffffff,-17.191271278701294,15.561805163980576,1,False,True
831875fffffffff,-17.819185771581562,16.499394227393356,1,False,False
831876fffffffff,-17.593453399669833,14.560423138175564,1,False,True
8318e4fffffffff,-19.86683510153869,11.345460335266376,1,False,False
831900fffffffff,-9.150051682287378,11.492183942555172,1,False,False
831901fffffffff,-9.759888332135604,12.348572779563328,1,False,False
831903fffffffff,-10.08961386290455,11.392785327605768,1,False,False
831904fffffffff,-8.225743230780875,11.589454696897244,1,False,False
831905fffffffff,-8.828292500931747,12.437009510831004,1,False,False
831908fffffffff,-11.323520757615272,13.130394288222966,1,False,False
831909fffffffff,-11.939756325558626,14.009072058083389,1,False,False
83190afffffffff,-11.668295674853194,12.165794403124368,1,False,False
83190bfffffffff,-12.291804857984792,13.04739368138026,1,False,False
83190cfffffffff,-10.370029774232089,13.211577504020068,1,False,False
83190dfffffffff,-10.979910317224808,14.080879096949744,1,False,False
83190efffffffff,-10.706611148418748,12.258189254884496,1,False,False
83191cfffffffff,-10.420369767862336,10.423896802320767,1,False,False
83191dfffffffff,-11.044284035044258,11.291188875856516,1,False,False
831920fffffffff,-7.010956153580509,12.60828730172634,1,False,False
831921fffffffff,-7.599976997207956,13.444797771904346,1,False,False
831923fffffffff,-7.911951201759188,12.523561269108498,1,False,False
831925fffffffff,-6.707135730773538,13.519274451186543,1,False,False
831928fffffffff,-9.104807220910969,14.219852091369887,1,False,False
83192afffffffff,-9.431517032038345,13.291002057527564,1,False,False
83192bfffffffff,-10.034871823556994,14.151122331444729,1,False,False
83192cfffffffff,-8.189845798280373,14.287116578251954,1,False,False
83192dfffffffff,-8.780048955407672,15.134936669502087,1,False,False
83192efffffffff,-8.508129337161671,13.36872418736286,1,False,False
831941fffffffff,-14.005264815340585,18.50956831504365,1,False,True
831943fffffffff,-14.386090082907703,17.581358179373286,1,False,True
831948fffffffff,-15.58981090927878,19.39660521935437,1,False,True
831949fffffffff,-16.184781558261726,20.310046358653167,1,False,True
83194afffffffff,-15.988179437551665,18.46370726527589,1,False,True
83194bfffffffff,-16.591138067787174,19.383839729636023,1,False,True
83194cfffffffff,-14.601498223409422,19.409083247208528,1,False,True
83194dfffffffff,-15.19346539203999,20.312242664685897,1,False,True
83194efffffffff,-14.990057809826585,18.48689823315356,1,False,True
831958fffffffff,-15.772368337986729,16.591989025376783,1,False,True
831959fffffffff,-16.388168673356684,17.513564758106657,1,False,True
83195afffffffff,-16.16529812711262,15.619407125688848,1,False,True
83195bfffffffff,-16.78935043456162,16.546232174564167,1,False,True
83195cfffffffff,-14.768630841333348,16.63670172659257,1,False,True
83195dfffffffff,-15.380480610536084,17.54784965680036,1,False,True
83195efffffffff,-15.152493743454686,15.6756851702574,1,False,False
831968fffffffff,-13.250214623850786,20.31648987501815,1,False,True
831969fffffffff,-13.651819890196206,21.17362546064289,1,False,True
83196afffffffff,-13.626524548321266,19.421283413832924,1,False,True
83196bfffffffff,-14.215175094680502,20.314389962731425,1,False,True
83196dfffffffff,-12.642132674216958,21.158935883222025,1,False,True
831a84fffffffff,-21.15970201611401,7.616232727022323,1,False,False
831a96fffffffff,-22.87854951086242,3.714389296360207,1,False,False
831aa0fffffffff,-19.404023766759043,8.365063978189383,1,False,False
831aa1fffffffff,-19.745163486105675,9.445165152922446,1,False,False
831aa2fffffffff,-20.112595398486487,7.447189115514849,1,False,False
831aa3fffffffff,-20.455354868690005,8.534220705881378,1,False,False
831aa4fffffffff,-18.34044927741598,8.196172563867485,1,False,False
831aa5fffffffff,-18.690066444845087,9.27598745121767,1,False,False
831aa6fffffffff,-19.05290476442069,7.278427592671663,1,False,False
831ab0fffffffff,-20.46010029247964,5.42397192393956,1,False,False
831ab1fffffffff,-20.81504330845617,6.522759306536102,1,False,False
831ab2fffffffff,-21.153388822395048,4.488114107456629,1,False,False
831ab4fffffffff,-19.39684158257544,5.256070816187449,1,False,False
831ab5fffffffff,-19.759700285377505,6.354221600710647,1,False,False
831ab6fffffffff,-20.095056387469413,4.320645285028347,1,False,False
831b20fffffffff,-11.488411492031576,8.046786018753807,1,False,False
831b24fffffffff,-10.357683840709708,8.136937508903193,1,False,False
831b25fffffffff,-10.975829964465412,9.055749366374938,1,False,False
831b26fffffffff,-10.86764135891288,7.11984009167283,1,False,False
831b80fffffffff,-14.699746549069154,6.606246287842391,1,False,False
831b81fffffffff,-15.082078485334904,7.691113115297204,1,False,False
831b82fffffffff,-15.420298384978285,5.683100304614928,1,False,False
831b83fffffffff,-15.803936361808178,6.773857574006812,1,False,False
831b84fffffffff,-13.586116538054624,6.438927895298618,1,False,False
831b85fffffffff,-13.97556811819607,7.523305739078633,1,False,False
831b86fffffffff,-14.309100294280034,5.516087590814895,1,False,False
831b88fffffffff,-16.54479832258324,8.938379909544912,1,False,False
831b8afffffffff,-17.265189919060738,8.027548767262154,1,False,False
831b8bfffffffff,-17.623085207037,9.107058242302465,1,False,False
831b8cfffffffff,-15.45582917007791,8.76995481184495,1,False,False
831b8dfffffffff,-15.82076639470029,9.842063304608422,1,False,False
831b8efffffffff,-16.17884995607532,7.859194866879728,1,False,False
831b90fffffffff,-15.742668943404272,3.6541413488818497,1,False,False
831b91fffffffff,-16.13643965851905,4.754290836181996,1,False,False
831b92fffffffff,-16.4517017673463,2.7159334873808003,1,False,False
831b93fffffffff,-16.84739819630525,3.8202580310791503,1,False,False
831b94fffffffff,-14.627988238511652,3.4883671247927626,1,False,False
831b95fffffffff,-15.028212068375089,4.587678357039144,1,False,False
831b96fffffffff,-15.340643606010625,2.5507665808815227,1,False,False
831b98fffffffff,-17.612409733684842,6.018050913310707,1,False,False
831b99fffffffff,-17.981167691009478,7.1099503738483945,1,False,False
831b9afffffffff,-18.321411957657013,5.088488971008508,1,False,False
831b9bfffffffff,-18.69196810474715,6.18598477356516,1,False,False
831b9cfffffffff,-16.521634740483442,5.850422079823002,1,False,False
831b9dfffffffff,-16.897968263147487,6.941759647277593,1,False,False
831b9efffffffff,-17.23439970646843,4.9212283376966885,1,False,False
831ba2fffffffff,-12.4638052421844,6.271904475552512,1,False,False
831ba3fffffffff,-12.86005324947918,7.35577493869695,1,False,False
831ba6fffffffff,-11.333610404953978,6.105178080404069,1,False,False
831baafffffffff,-14.356844843427638,8.601785283519671,1,False,False
831baefffffffff,-13.248554635120138,8.433873634194319,1,False,False
831bb0fffffffff,-12.783892735575265,4.255435881479894,1,False,False
831bb1fffffffff,-13.188782714778045,5.349385913150469,1,False,False
831bb2fffffffff,-13.504104026031372,3.322937067766439,1,False,False
831bb3fffffffff,-13.910441075785362,4.4213927615014095,1,False,False
831bb4fffffffff,-11.64937261826496,4.0898095195882265,1,False,False
831bb5fffffffff,-12.06012833795719,5.182997217937634,1,False,False
831bb6fffffffff,-12.37180528652008,3.157852856716173,1,False,False
831e00fffffffff,-12.397656447876502,30.19238784214317,1,False,False
831e01fffffffff,-11.718778287073157,31.0809191218624,1,False,False
831e02fffffffff,-13.461535284446937,30.29321333328277,1,False,False
831e03fffffffff,-12.780106425086132,31.189875907166147,1,False,False
831e08fffffffff,-11.404247587852074,32.97429950817103,1,False,False
831e09fffffffff,-10.71118358130872,33.861230935021645,1,False,False
831e0afffffffff,-12.470336505693265,33.1015172209507,1,False,False
831e0bfffffffff,-11.77341855852796,33.996367555076354,1,False,False
831e0cfffffffff,-11.035902118698589,31.966726601627016,1,False,False
831e0efffffffff,-12.094118204556375,32.083711117426866,1,False,False
831e11fffffffff,-14.535793026050598,30.39594024734264,1,False,False
831e1cfffffffff,-13.852214249120529,31.30087802093379,1,False,False
831e1dfffffffff,-13.163500978018837,32.20288049814543,1,False,False
831e22fffffffff,-11.6372869573594,28.244864319603607,1,False,False
831e26fffffffff,-11.2601576302299,27.29517134943657,1,False,False
831e30fffffffff,-13.34543678558499,27.440133099084363,1,False,False
831e31fffffffff,-12.68368636298606,28.3260877634136,1,False,False
831e32fffffffff,-14.403825093122997,27.5146487220195,1,False,False
831e33fffffffff,-13.740810229373244,28.408826736962617,1,False,False
831e34fffffffff,-12.95204031281661,26.488192343115085,1,False,False
831e35fffffffff,-12.297365729574851,27.36698635654496,1,False,False
831e36fffffffff,-14.001233382486149,26.553210350417668,1,False,False
831e41fffffffff,-6.892654882193037,37.20215152902872,1,False,False
831e44fffffffff,-7.250604650826156,35.32944971696823,1,False,False
831e45fffffffff,-6.56395577460041,36.18844802976994,1,False,False
831e49fffffffff,-5.82911413155024,39.93531145175144,1,False,False
831e4cfffffffff,-6.200838607372552,38.05800740086868,1,False,False
831e4dfffffffff,-5.510460963185091,38.90816808905763,1,False,False
831e60fffffffff,-5.91129460024157,34.19751850158922,1,False,False
831e61fffffffff,-5.2366728054397065,35.0465893354448,1,False,False
831e62fffffffff,-6.917435664601182,34.330533719707695,1,False,False
831e63fffffffff,-6.236726926626042,35.18677424979288,1,False,False
831e64fffffffff,-5.587968035112811,33.22102993911612,1,False,False
831e65fffffffff,-4.919076785116687,34.06682132447064,1,False,False
831e66fffffffff,-6.586071030805028,33.34454382503928,1,False,False
831e68fffffffff,-4.877006975045379,36.88576647100234,1,False,False
831e69fffffffff,-4.199276446265839,37.727850177755045,1,False,False
831e6afffffffff,-5.87786344660764,37.04257515147513,1,False,False
831e6bfffffffff,-5.192983904087345,37.89149615146984,1,False,False
831e6cfffffffff,-4.562839630839106,35.89141285338212,1,False,False
831e6dfffffffff,-3.890420468189261,36.731656391282655,1,False,False
831e6efffffffff,-5.556368892402192,36.03863183306319,1,False,False
831e75fffffffff,-7.597842536149231,33.47026157328745,1,False,False
831e8cfffffffff,-28.666914762352963,24.536371822542737,1,False,False
831ea0fffffffff,-25.390353103678148,22.92668211846575,1,False,False
831ea1fffffffff,-25.75586603029698,24.088023585097783,1,False,False
831ea5fffffffff,-24.71415515982176,23.88052045774795,1,False,False
831eaafffffffff,-27.72756436223272,23.895576716133515,1,False,False
831eaefffffffff,-26.810119890006,24.301827647064474,1,False,False
831ec4fffffffff,-14.6971947622216,36.40367816627674,1,False,False
831f04fffffffff,-9.418675358509176,22.790698597225152,1,False,False
831f05fffffffff,-8.793611402399115,23.62271782968033,1,False,False
831f10fffffffff,-12.415592251289372,22.87895882463147,1,False,True
831f11fffffffff,-11.787496603735072,23.73350681101689,1,False,True
831f12fffffffff,-13.43588091212528,22.90944820863751,1,False,True
831f13fffffffff,-12.80755926099938,23.771778150866595,1,False,True
831f14fffffffff,-12.0271314151462,22.00323100683874,1,False,True
831f16fffffffff,-13.03718946561542,22.02553986564049,1,False,True
831f18fffffffff,-11.5318705337587,25.498287552993883,1,False,True
831f19fffffffff,-10.885551823432843,26.36168396030071,1,False,True
831f1afffffffff,-12.561012363520843,25.553085511323943,1,False,False
831f1bfffffffff,-11.913306304813116,26.424360890873285,1,False,False
831f1cfffffffff,-11.153395275514306,24.58880529651808,1,False,True
831f1efffffffff,-12.172718192809963,24.634854946362143,1,False,True
831f20fffffffff,-8.095325131681422,21.91784018778732,1,False,False
831f21fffffffff,-7.478185807676384,22.734393651045178,1,False,False
831f22fffffffff,-9.061205785594955,21.93863123799462,1,False,False
831f23fffffffff,-8.442437642603373,22.76230140877596,1,False,False
831f24fffffffff,-7.752464392812234,21.08925118438133,1,False,False
831f25fffffffff,-7.141409407846496,21.897404397342417,1,False,False
831f26fffffffff,-8.707897179808143,21.102707968267083,1,False,False
831f28fffffffff,-7.191752415130598,24.412601853780675,1,False,False
831f29fffffffff,-6.560844355787577,25.23854994468988,1,False,False
831f2cfffffffff,-6.856958600483619,23.552039649587705,1,False,False
831f2dfffffffff,-6.232138283113327,24.3704468162374,1,False,False
831f2efffffffff,-7.81912088306143,23.587071663232766,1,False,False
831f40fffffffff,-5.284709487099021,29.535728006589142,1,False,False
831f41fffffffff,-4.633445280668594,30.37108478894613,1,False,False
831f42fffffffff,-6.26200014788029,29.624593709385778,1,False,False
831f43fffffffff,-5.605877367907056,30.467167956464408,1,False,False
831f44fffffffff,-4.96673962910906,28.618449306809065,1,False,False
831f45fffffffff,-4.321270990677203,29.448397327062384,1,False,False
831f46fffffffff,-5.934854361188224,28.698614290290102,1,False,False
831f48fffffffff,-4.291305514182056,32.14541459517326,1,False,False
831f49fffffffff,-3.6340518073637833,32.98039030129908,1,False,False
831f4afffffffff,-5.267038685037612,32.257619118479454,1,False,False
831f4bfffffffff,-4.603865384876818,33.09966358608754,1,False,False
831f4cfffffffff,-3.98164602043178,31.20433628724106,1,False,False
831f4dfffffffff,-3.32989545324694,32.03513946412756,1,False,False
831f4efffffffff,-4.948779647830828,31.30755877445545,1,False,False
831f51fffffffff,-7.25285588829525,29.715034827211618,1,False,False
831f55fffffffff,-6.916550523120152,28.78019320487146,1,False,False
831f58fffffffff,-6.925028892597645,31.51949547762281,1,False,False
831f59fffffffff,-6.2568274981343714,32.3718032327006,1,False,False
831f5bfffffffff,-7.260362449886277,32.48801886059544,1,False,False
831f5cfffffffff,-6.59214652907326,30.56494776574061,1,False,False
831f5dfffffffff,-5.930003249890812,31.412595986050743,1,False,False
831f5efffffffff,-7.591944615915592,30.66446897121712,1,False,False
831f60fffffffff,-3.707249393312887,27.645011847102367,1,False,False
831f61fffffffff,-3.0722832638809967,28.46221779257276,1,False,False
831f62fffffffff,-4.6521882018093335,27.715470779715712,1,False,False
831f63fffffffff,-4.012473188761712,28.539662116594503,1,False,False
831f64fffffffff,-3.405778469489114,26.76454766567975,1,False,False
831f65fffffffff,-2.7763471390150904,27.57574724044458,1,False,False
831f66fffffffff,-4.341256150189718,26.82689864822937,1,False,False
831f68fffffffff,-2.731121282266305,30.183836807634123,1,False,False
831f69fffffffff,-2.061936404344632,30.82346382414905,1,False,False
831f6afffffffff,-3.67511744187101,30.27665501031579,1,False,False
831f6bfffffffff,-3.028849390839427,31.102882550819643,1,False,False
831f6cfffffffff,-2.4305734164740964,29.22989596254597,1,False,False
831f6dfffffffff,-1.7625123648879906,29.858550891464,1,False,False
831f6efffffffff,-3.371931920666841,29.36256263396437,1,False,False
831f70fffffffff,-6.253345779792631,26.954861754455607,1,False,False
831f71fffffffff,-5.6109534870209,27.78715497874367,1,False,False
831f72fffffffff,-7.229462225306767,27.02053090338184,1,False,False
831f73fffffffff,-6.5832977421458425,27.860096454826728,1,False,False
831f74fffffffff,-5.926921989022369,26.06457285968716,1,False,False
831f75fffffffff,-5.290521599446673,26.89032733602572,1,False,False
831f76fffffffff,-6.8933553330788415,26.121919565765296,1,False,False
831f80fffffffff,-16.985143238497503,23.93207672527532,1,False,False
831f81fffffffff,-16.35151795749539,24.82772435481277,1,False,False
831f82fffffffff,-18.05100200099776,23.974057398883406,1,False,False
831f83fffffffff,-17.418775313896422,24.878232660400464,1,False,False
831f84fffffffff,-16.55373564653494,23.00433378803508,1,False,False
831f85fffffffff,-15.92726118098612,23.890879773134227,1,False,False
831f86fffffffff,-17.610128227711524,23.037155091949405,1,False,False
831f8cfffffffff,-15.709739601160532,25.72366082555831,1,False,False
831f8dfffffffff,-15.060326260911172,26.619448136042127,1,False,False
831f8efffffffff,-16.777845340697212,25.782677117285235,1,False,False
831f90fffffffff,-19.74483518072625,23.10468988644085,1,False,False
831f91fffffffff,-19.12418069082849,24.01684432634434,1,False,False
831f92fffffffff,-20.82179891002851,23.13944004329393,1,False,False
831f93fffffffff,-20.20399286883612,24.06046091032064,1,False,False
831f94fffffffff,-19.28747238891448,22.168311506109468,1,False,False
831f95fffffffff,-18.674048549073603,23.07060112972341,1,False,False
831f96fffffffff,-20.35534001965536,22.193707385711345,1,False,False
831fa0fffffffff,-15.08663920567029,22.07138495432901,1,False,True
831fa1fffffffff,-14.466028518537458,22.940496731239,1,False,True
831fa2fffffffff,-16.124979883711692,22.094943886137496,1,False,False
831fa3fffffffff,-15.505502407529182,22.97211989692012,1,False,False
831fa4fffffffff,-14.67103934721216,21.18858186265784,1,False,True
831fa5fffffffff,-14.057194925484216,22.0482541331521,1,False,True
831fa6fffffffff,-15.699272602144683,21.20381242379142,1,False,True
831fa8fffffffff,-14.24289028116156,24.729507547312625,1,False,False
831fa9fffffffff,-13.60073340758642,25.60889476966857,1,False,False
831faafffffffff,-15.292683857176163,24.77815799524964,1,False,False
831fabfffffffff,-14.650499653257643,25.665743475279903,1,False,False
831facfffffffff,-13.837894595016252,23.810751017253445,1,False,True
831fadfffffffff,-13.202719625490763,24.68174792466094,1,False,True
831faefffffffff,-14.877980997571616,23.85044484034733,1,False,False
831fb0fffffffff,-17.78054579360284,21.2351267302827,1,False,False
831fb1fffffffff,-17.171641745568078,22.11894291675827,1,False,False
831fb2fffffffff,-18.798609254453144,21.24367105381556,1,False,False
831fb3fffffffff,-18.226018103331928,22.14339448587356,1,False,False
831fb4fffffffff,-17.188780316984996,20.307799347502005,1,False,False
831fb5fffffffff,-16.7359687911669,21.21932474979213,1,False,False
831fb6fffffffff,-18.205078423478685,20.305499854824888,1,False,False
832092fffffffff,-53.23399591669838,83.9369769052497,1,False,False
832093fffffffff,-52.991326425591616,85.80792545014027,1,False,False
83209afffffffff,-53.51857341610677,89.0395248053318,1,False,False
8320cafffffffff,28.88485465757889,70.92119767035726,1,False,False
8320d3fffffffff,24.82944534284441,69.76620013273502,1,False,False
8320d8fffffffff,26.877035744658368,70.97278461181261,1,False,False
8320d9fffffffff,27.892350182507627,71.58958391759583,1,False,False
8320dafffffffff,25.88892419816629,71.62845875393226,1,False,False
8320dbfffffffff,26.90073972269921,72.24315726613628,1,False,False
8320defffffffff,25.855747953005068,70.36501097553688,1,False,False
832440fffffffff,59.78853217659461,73.69377653289989,1,False,False
832441fffffffff,60.60902897743704,74.571783336867,1,False,False
832444fffffffff,59.82115650588404,71.70894620173387,1,False,False
832445fffffffff,60.65908126500959,72.55897802367117,1,False,False
83244cfffffffff,61.40996899481033,75.47966055187707,1,False,False
83244dfffffffff,62.1910922755572,76.41847901389437,1,False,False
83244efffffffff,60.529970601789465,76.5529343959553,1,False,False
832452fffffffff,18.41048156647185,86.78054200912045,1,False,False
832453fffffffff,17.598380353563243,87.3236179645147,1,False,False
832458fffffffff,16.007779189557425,88.37072672006043,1,False,False
83245afffffffff,15.988035198038949,87.29461281445963,1,False,False
83245bfffffffff,15.211493518582856,87.81299015729435,1,False,False
83245efffffffff,16.797384497306577,87.85355156527883,1,False,False
832460fffffffff,60.66739834075747,68.45604637671353,1,False,False
832461fffffffff,61.52072284850901,69.27132249175115,1,False,False
832462fffffffff,59.82371913858586,69.69969530431938,1,False,False
832463fffffffff,60.678903774505066,70.51883038820311,1,False,False
832464fffffffff,60.623611375758514,66.37567053767165,1,False,False
832465fffffffff,61.49389421533697,67.15416902068453,1,False,False
832466fffffffff,59.79521241371896,67.67059220910525,1,False,False
832468fffffffff,62.33158367142492,72.24861923824726,1,False,False
832469fffffffff,63.12852212755103,73.16189683077008,1,False,False
83246afffffffff,61.47764048473152,73.43909745927196,1,False,False
83246bfffffffff,62.27655777070032,74.35049263521199,1,False,False
83246cfffffffff,62.35488228115069,70.11780217605583,1,False,False
83246dfffffffff,63.16959854954039,70.9969202606299,1,False,False
83246efffffffff,61.51495560697982,71.368040714909,1,False,False
832471fffffffff,58.964169744184126,70.88784066152367,1,False,False
832475fffffffff,58.94972016729606,68.90938321831699,1,False,False
832480fffffffff,23.243211179171496,78.41625973263899,1,False,False
832481fffffffff,22.395666879042963,79.10215972752363,1,False,False
832482fffffffff,23.157892979215536,77.22327930148056,1,False,False
832483fffffffff,22.317064074714644,77.92138633688637,1,False,False
832484fffffffff,24.179863919730607,78.92465502606332,1,False,False
832485fffffffff,23.319698187097828,79.61379486750528,1,False,False
832486fffffffff,24.09654515461696,77.71430008621617,1,False,False
832488fffffffff,20.653988911118564,79.2710730494942,1,False,False
832489fffffffff,19.83300315987656,79.92331689131488,1,False,False
83248afffffffff,20.579816177742032,78.11849409956228,1,False,False
83248bfffffffff,19.764471101480147,78.7825329195291,1,False,False
83248cfffffffff,21.554595999534698,79.77235499461797,1,False,False
83248dfffffffff,20.72063691620012,80.42720158973266,1,False,False
83248efffffffff,21.48221190049892,78.60387387953124,1,False,False
8324a2fffffffff,25.126463734648706,79.44705067148188,1,False,False
8324a9fffffffff,21.675125165204257,82.11802775069395,1,False,False
8324aafffffffff,22.465833548829423,80.28680400352893,1,False,False
8324abfffffffff,21.61893919948913,80.94406291867959,1,False,False
8324b1fffffffff,25.045615294332816,78.21900421621432,1,False,False
8324b5fffffffff,26.004519513430736,78.73789005340909,1,False,False
8324c0fffffffff,17.467086523187856,82.90019809841304,1,False,False
8324c1fffffffff,16.67666633592015,83.48360454133964,1,False,False
8324c2fffffffff,17.418880908001686,81.79365192897221,1,False,False
8324c3fffffffff,16.63203460165528,82.38940477211048,1,False,False
8324c4fffffffff,18.312810796543307,83.4231487557471,1,False,False
8324c5fffffffff,17.509170418888818,84.00729307106889,1,False,False
8324c6fffffffff,18.267128160474343,82.30320247905466,1,False,False
8324c8fffffffff,15.08752979040131,83.54133959312381,1,False,False
8324c9fffffffff,14.330524781955155,84.09816538682449,1,False,False
8324cafffffffff,15.043901763244325,82.47173246327424,1,False,False
8324cbfffffffff,14.289722194518756,83.04033304741455,1,False,False
8324ccfffffffff,15.89623693963651,84.05376364484347,1,False,False
8324cdfffffffff,15.126125922321345,84.61101239886642,1,False,False
8324cefffffffff,15.854801935809984,82.97185935582927,1,False,False
8324d0fffffffff,18.15635672056295,80.06721198717497,1,False,False
8324d1fffffffff,17.364613772063755,80.68847838177577,1,False,False
8324d2fffffffff,18.09143446463656,78.95285982991408,1,False,False
8324d3fffffffff,17.304364249567875,79.58549515375435,1,False,False
8324d4fffffffff,19.019818052004776,80.56093919882744,1,False,False
8324d5fffffffff,18.21495242173428,81.18427346215725,1,False,False
8324d6fffffffff,18.95647300385258,79.432001264405,1,False,False
8324d8fffffffff,15.755887630167818,80.81023912186674,1,False,False
8324d9fffffffff,14.962351272605463,81.44001460174826,1,False,False
8324dafffffffff,15.572597094571485,79.86827202558578,1,False,False
8324dbfffffffff,14.77582101603259,80.5110276358898,1,False,False
8324dcfffffffff,16.58169282084915,81.29611326053848,1,False,False
8324ddfffffffff,15.808000382568302,81.89042813070996,1,False,False
8324defffffffff,16.52570747504479,80.2045234537333,1,False,False
8324e0fffffffff,19.204589760190903,85.09183698622603,1,False,False
8324e1fffffffff,18.38450825581504,85.66267261114218,1,False,False
8324e2fffffffff,19.168818983926496,83.95860569118777,1,False,False
8324e3fffffffff,18.351947940941265,84.54325735874124,1,False,False
8324e8fffffffff,16.748622119001183,85.67153871966906,1,False,False
8324e9fffffffff,15.96286777720736,86.21590799642001,1,False,False
8324eafffffffff,16.71553916476574,84.57791515609455,1,False,False
8324ebfffffffff,15.932266383068164,85.13536982482043,1,False,False
8324ecfffffffff,17.574828966551234,86.21982557466345,1,False,False
8324edfffffffff,16.775902231952937,86.76368033651619,1,False,False
8324eefffffffff,17.54509169870279,85.11411057379007,1,False,False
8324f0fffffffff,19.948504149210446,82.21284588529456,1,False,False
8324f1fffffffff,19.126067720059904,82.82512163186273,1,False,False
8324f2fffffffff,19.894382260572662,81.06705549506327,1,False,False
8324f3fffffffff,19.076378887712423,81.69227154568743,1,False,False
8324f4fffffffff,20.83089342775905,82.7463801324567,1,False,False
8324f5fffffffff,19.99528828486272,83.35977542047591,1,False,False
8324f6fffffffff,20.77963756467056,81.58595108744025,1,False,False
832500fffffffff,37.21370111224272,47.33973963381682,1,False,False
832501fffffffff,38.20894015966159,46.794602267169175,1,False,False
832502fffffffff,37.09234922307657,48.74589615637933,1,False,False
832503fffffffff,38.09731252608335,48.21131677484554,1,False,False
832504fffffffff,36.31893195983958,46.48377576616805,1,False,False
832505fffffffff,37.31785252298281,45.93710418497553,1,False,False
832506fffffffff,36.20499014140259,47.87645512829494,1,False,False
832508fffffffff,40.06540042249684,47.11618511769968,1,False,False
832509fffffffff,41.02743050955937,46.55541536278723,1,False,False
83250cfffffffff,39.19011309923799,46.24094427728739,1,False,False
83250dfffffffff,40.15667392981573,45.67867016790847,1,False,False
83250efffffffff,39.08852003925577,47.66811649380631,1,False,False
832515fffffffff,36.07424931770134,49.27196736883701,1,False,False
832520fffffffff,35.5047349281677,44.26987979811849,1,False,False
832521fffffffff,36.4967671609155,43.71340475149938,1,False,False
832522fffffffff,35.41391090816554,45.64338121531469,1,False,False
832523fffffffff,36.41614529931961,45.09555938649754,1,False,False
832524fffffffff,34.584562249113354,43.45995427884343,1,False,False
832525fffffffff,35.57948290854624,42.903261564681,1,False,False
832526fffffffff,34.49957115905397,44.81848681589271,1,False,False
832528fffffffff,38.379620902136814,43.9755781200421,1,False,False
832529fffffffff,39.33972920849772,43.4032759418642,1,False,False
83252afffffffff,38.30299373864955,45.38212668626075,1,False,False
83252bfffffffff,39.27378709407924,44.81875905963427,1,False,False
83252cfffffffff,37.47505581454157,43.14899845045963,1,False,False
83252dfffffffff,38.4390367914038,42.57660201165964,1,False,False
83252efffffffff,37.40491215428111,44.53964950420672,1,False,False
832530fffffffff,34.282266250949014,47.55255539799907,1,False,False
832531fffffffff,35.306848590021914,47.02222918820364,1,False,False
832533fffffffff,35.18344908886245,48.40485038703893,1,False,False
832534fffffffff,33.371639377501204,46.71507312893352,1,False,False
832535fffffffff,34.39884725528274,46.18319223309088,1,False,False
832544fffffffff,43.00380097359462,42.47984880563811,1,False,False
832545fffffffff,43.89601137404701,41.87341886336949,1,False,False
832546fffffffff,42.96394690098711,43.9392532858351,1,False,False
832560fffffffff,42.14228895082415,40.20610959454821,1,False,False
832561fffffffff,43.02795194877167,39.59305693269969,1,False,False
832562fffffffff,42.12775225166849,41.636362076485874,1,False,False
832563fffffffff,43.024997914623256,41.03054040575756,1,False,False
832564fffffffff,41.24869402845339,39.39985768154442,1,False,False
832565fffffffff,42.13916603217927,38.78841367793651,1,False,False
832566fffffffff,41.24021644724588,40.81095578089976,1,False,False
832568fffffffff,44.76944143453238,39.79335736480349,1,False,False
83256afffffffff,44.77146540599198,41.2581902936202,1,False,False
83256cfffffffff,43.92881232485918,38.99016448078346,1,False,False
83256dfffffffff,44.9196050735667,38.4263377404987,1,False,False
83256efffffffff,43.90564811501798,40.41621749244101,1,False,False
832570fffffffff,41.17029793267726,43.6665365973073,1,False,False
832571fffffffff,42.09511967389374,43.07753455434389,1,False,False
832572fffffffff,41.10812497160366,45.10768808648634,1,False,False
832573fffffffff,42.04401664234675,44.52791023261276,1,False,False
832574fffffffff,40.28474312159248,42.8226782105796,1,False,False
832575fffffffff,41.214216857206935,42.233725091041954,1,False,False
832576fffffffff,40.22971243697127,44.24692101924303,1,False,False
832600fffffffff,-9.96452333953832,-22.29495207037776,1,False,False
832601fffffffff,-11.061257793178235,-22.178666184241525,1,False,False
832602fffffffff,-9.483108225477205,-23.262657997682023,1,False,False
832603fffffffff,-10.58524762285435,-23.150509115066853,1,False,False
832604fffffffff,-9.341630085023,-21.442651371312344,1,False,False
832605fffffffff,-10.443144782216672,-21.32439327752901,1,False,False
832606fffffffff,-8.867748932750679,-22.41045833849656,1,False,False
832608fffffffff,-12.79604297930719,-22.92300108647266,1,False,False
832609fffffffff,-13.903035377154795,-22.80761299054813,1,False,False
83260afffffffff,-12.32342098668266,-23.910304009831187,1,False,False
83260bfffffffff,-13.43671065420214,-23.799268863915024,1,False,False
83260cfffffffff,-12.15998882832333,-22.06128770010794,1,False,False
83260dfffffffff,-13.259898342201945,-21.942802145848,1,False,False
83260efffffffff,-11.689835210650816,-23.03729492953486,1,False,False
832610fffffffff,-7.890944876714412,-24.343946806382863,1,False,False
832611fffffffff,-8.994290882026924,-24.23708241100826,1,False,False
832614fffffffff,-7.289426501002681,-23.483816095926866,1,False,False
832615fffffffff,-8.38423382713362,-23.37375569577372,1,False,False
832618fffffffff,-10.724872868260825,-25.009718565935728,1,False,False
832619fffffffff,-11.84232282140223,-24.90419603021275,1,False,False
83261cfffffffff,-10.10136984810575,-24.129196480795468,1,False,False
83261dfffffffff,-11.21135869274353,-24.02027507398104,1,False,False
83261efffffffff,-9.609959941508375,-25.11422399223529,1,False,False
832620fffffffff,-9.182358386993345,-19.592991815359337,1,False,False
832621fffffffff,-10.295398492411795,-19.46975072485101,1,False,False
832622fffffffff,-8.708901805966713,-20.58281767086049,1,False,False
832623fffffffff,-9.81767856139679,-20.462302298041763,1,False,False
832624fffffffff,-8.537569400748188,-18.716775878294264,1,False,False
832625fffffffff,-9.657460500513764,-18.591321999806645,1,False,False
832626fffffffff,-8.066708703240222,-19.71574294807944,1,False,False
832628fffffffff,-12.025455341972547,-20.219809061759666,1,False,False
832629fffffffff,-13.122827201003304,-20.097827459829848,1,False,False
83262afffffffff,-11.54131744411151,-21.205652027149643,1,False,False
83262bfffffffff,-12.635346577805414,-21.08642567937512,1,False,False
83262cfffffffff,-11.40498628460481,-19.346017884442144,1,False,False
83262dfffffffff,-12.51029456322199,-19.221791506037327,1,False,False
83262efffffffff,-10.923470582207646,-20.341300051825808,1,False,False
832630fffffffff,-7.131850636967951,-21.67772585560377,1,False,False
832631fffffffff,-8.237589568505019,-21.56042825000321,1,False,False
832632fffffffff,-6.668786855965772,-22.64004836869095,1,False,False
832633fffffffff,-7.768897617544789,-22.52548977114475,1,False,False
832634fffffffff,-6.485747170728649,-20.82239528894755,1,False,False
832635fffffffff,-7.597976177267346,-20.702848042945785,1,False,False
832636fffffffff,-6.025248223954552,-21.794546130412986,1,False,False
832644fffffffff,-16.990702351338488,-20.595633496389365,1,False,False
832646fffffffff,-16.558455956221675,-21.58055476899608,1,False,False
832650fffffffff,-15.663562496893505,-23.573947381517662,1,False,False
832652fffffffff,-15.201308147167769,-24.581382561176905,1,False,False
832654fffffffff,-15.009973053615418,-22.69111580112393,1,False,False
832655fffffffff,-16.116016645027123,-22.573494427581,1,False,False
832656fffffffff,-14.550375782440897,-23.68715496327852,1,False,False
83265bfffffffff,-19.22056326921849,-25.16876184300887,1,False,False
832660fffffffff,-16.872924984041767,-18.71991500532197,1,False,False
832661fffffffff,-17.945207343927073,-18.59319427391405,1,False,False
832662fffffffff,-16.379531388478615,-19.72892034424098,1,False,False
832663fffffffff,-17.450845966503405,-19.60495767175937,1,False,False
832664fffffffff,-16.283161592044628,-17.828163639707324,1,False,False
832665fffffffff,-17.364432524896728,-17.699215675079053,1,False,False
832666fffffffff,-15.79257641107782,-18.84613332744894,1,False,False
832669fffffffff,-20.639544961321104,-19.221830550972022,1,False,False
83266cfffffffff,-19.00875567306109,-18.46596937465544,1,False,False
83266dfffffffff,-20.06293716383616,-18.33823855484232,1,False,False
832670fffffffff,-14.80786194625473,-20.84650993323073,1,False,False
832671fffffffff,-15.900121247064646,-20.721660153405026,1,False,False
832672fffffffff,-14.36016271398765,-21.82319481292948,1,False,False
832673fffffffff,-15.459956467799056,-21.70245075210057,1,False,False
832674fffffffff,-14.214800771932724,-19.97535338069552,1,False,False
832675fffffffff,-15.300614065642485,-19.85238496192572,1,False,False
832676fffffffff,-13.724448786438764,-20.96671229432082,1,False,False
832683fffffffff,-7.053878591886342,-30.11538999304604,1,False,False
832688fffffffff,-9.322252872881496,-29.952965612641968,1,False,False
832689fffffffff,-10.463001377138603,-29.87051311856872,1,False,False
83268afffffffff,-8.798295692063473,-30.974417028864213,1,False,False
83268bfffffffff,-9.94171643082912,-30.897069714958096,1,False,False
83268cfffffffff,-8.706268129918987,-29.021191393888145,1,False,False
83268dfffffffff,-9.840180971491767,-28.93459304620141,1,False,False
83268efffffffff,-8.185587202933982,-30.034587180349007,1,False,False
832698fffffffff,-7.128388351989611,-32.06974111010875,1,False,False
832699fffffffff,-8.268823824248887,-31.99830945034576,1,False,False
83269afffffffff,-6.5929443652347866,-33.09023270304434,1,False,False
83269bfffffffff,-7.734377043974593,-33.023995751978454,1,False,False
83269cfffffffff,-6.526058114307646,-31.1267703029784,1,False,False
83269dfffffffff,-7.65945211664887,-31.050980024795265,1,False,False
83269efffffffff,-5.993893472974038,-32.140447885293135,1,False,False
8326abfffffffff,-9.220994826913133,-28.011410288199976,1,False,False
8326c0fffffffff,-14.402768898053772,-28.57931379102688,1,False,False
8326c1fffffffff,-15.545616101588909,-28.488205976039254,1,False,False
8326c2fffffffff,-13.900735061344683,-29.61804480160741,1,False,False
8326c3fffffffff,-15.04874647356436,-29.532142098499765,1,False,False
8326c4fffffffff,-13.758449502579182,-27.639909604207464,1,False,False
8326c5fffffffff,-14.896101352770692,-27.544671515815377,1,False,False
8326c6fffffffff,-13.259887147545715,-28.66949284451266,1,False,False
8326c9fffffffff,-18.486106001585902,-29.26900648833569,1,False,False
8326cefffffffff,-16.19626219158957,-29.44534396981511,1,False,False
8326d0fffffffff,-12.238694974826,-30.7399745896,1,False,False
8326d1fffffffff,-13.390415480333036,-30.660202418499583,1,False,False
8326d2fffffffff,-11.716971008247915,-31.7795542762695,1,False,False
8326d3fffffffff,-12.872261720475231,-31.70511107930089,1,False,False
8326d4fffffffff,-11.606939079520602,-29.787217291460014,1,False,False
8326d5fffffffff,-12.753156999632692,-29.703065483810843,1,False,False
8326d6fffffffff,-11.08882015995296,-30.818926255396008,1,False,False
8326d8fffffffff,-15.186088073323823,-31.55386651719458,1,False,False
8326d9fffffffff,-16.34272693664588,-31.47704065788802,1,False,False
8326dafffffffff,-14.668021478323828,-32.61179790497518,1,False,False
8326dbfffffffff,-15.829099227629202,-32.540532294842286,1,False,False
8326dcfffffffff,-14.54304719327599,-30.57959719877999,1,False,False
8326ddfffffffff,-15.695651054392313,-30.49814613696841,1,False,False
8326defffffffff,-14.028949815785818,-31.629885867611783,1,False,False
8326e0fffffffff,-13.6033395708088,-25.699229055144592,1,False,False
8326e1fffffffff,-14.729505406581266,-25.59524420831839,1,False,False
8326e4fffffffff,-12.96145471677774,-24.797642190189915,1,False,False
8326e5fffffffff,-14.081405509956038,-24.690042600706565,1,False,False
8326f0fffffffff,-11.485294822215716,-27.82752284866941,1,False,False
8326f1fffffffff,-12.621212705757076,-27.734188745859235,1,False,False
8326f2fffffffff,-10.977684685769177,-28.847119167390392,1,False,False
8326f3fffffffff,-12.117888120510136,-28.75875682626269,1,False,False
8326f6fffffffff,-10.351593270793844,-27.91992556317252,1,False,False
832700fffffffff,-5.412090253618118,-16.181502706552756,1,False,False
832701fffffffff,-6.550847369862358,-16.05010183533291,1,False,False
832702fffffffff,-4.953477333254335,-17.2030600334652,1,False,False
832703fffffffff,-6.087642991962889,-17.074263313156898,1,False,False
832704fffffffff,-4.729516408332746,-15.283225855280334,1,False,False
832705fffffffff,-5.872838993138609,-15.14975563218757,1,False,False
832706fffffffff,-4.273304947449714,-16.312409587340337,1,False,False
832708fffffffff,-8.353629378133359,-16.815187532515814,1,False,False
832709fffffffff,-9.483649711401306,-16.68490544333735,1,False,False
83270afffffffff,-7.883737328527321,-17.833986454651157,1,False,False
83270bfffffffff,-9.01005700963634,-17.706349795551027,1,False,False
83270cfffffffff,-7.688659438795662,-15.918205562281372,1,False,False
83270dfffffffff,-8.824613994888228,-15.785812486338813,1,False,False
83270efffffffff,-7.221328144401792,-16.94497298575967,1,False,False
832710fffffffff,-3.3692767371159063,-18.339608204001465,1,False,False
832711fffffffff,-4.4974863713103,-18.21393824885649,1,False,False
832714fffffffff,-2.6873246031219984,-17.45917876945975,1,False,False
832715fffffffff,-3.819736732804603,-17.331364673822232,1,False,False
832718fffffffff,-6.292007768913591,-18.966208207659903,1,False,False
832719fffffffff,-7.415461116377449,-18.841737377173743,1,False,False
83271afffffffff,-5.831006722134289,-19.959782527212003,1,False,False
83271bfffffffff,-6.949303984452164,-19.838005918893685,1,False,False
83271cfffffffff,-5.626561452550966,-18.087779059157427,1,False,False
83271dfffffffff,-6.755609323938626,-17.96112900292694,1,False,False
83271efffffffff,-5.1680876147949935,-19.09019008608133,1,False,False
832720fffffffff,-4.496598507282365,-13.334245228315275,1,False,False
832721fffffffff,-5.647900472479713,-13.1962839234918,1,False,False
832722fffffffff,-4.040522234583331,-14.379826962843742,1,False,False
832723fffffffff,-5.187883999197873,-14.2443325074834,1,False,False
832724fffffffff,-3.7996315196754886,-12.419920230699276,1,False,False
832725fffffffff,-4.954350874514056,-12.280039337560666,1,False,False
832726fffffffff,-3.345741917000036,-13.47171491884562,1,False,False
832728fffffffff,-7.481581923548414,-13.971861452100097,1,False,False
832729fffffffff,-8.6260451984565,-13.834882541389856,1,False,False
83272afffffffff,-7.01566864120164,-15.015790490121145,1,False,False
83272bfffffffff,-8.157078929861939,-14.881329144070069,1,False,False
83272cfffffffff,-6.798698553143208,-13.05782997087584,1,False,False
83272dfffffffff,-7.948045818105932,-12.91888235258797,1,False,False
83272efffffffff,-6.335216804318638,-14.108344391348064,1,False,False
832730fffffffff,-2.4451048531664146,-15.548686744318807,1,False,False
832731fffffffff,-3.5866295539805453,-15.416202456419088,1,False,False
832732fffffffff,-1.999312803761464,-16.572747073105496,1,False,False
832733fffffffff,-3.1354083088657427,-16.442823899132627,1,False,False
832734fffffffff,-1.7494621663305585,-14.64933960858016,1,False,False
832735fffffffff,-2.8940702371780818,-14.514828933429202,1,False,False
832736fffffffff,-1.3058620232782183,-15.68068003908,1,False,False
832740fffffffff,-13.332001200415316,-15.25124451164247,1,False,False
832741fffffffff,-14.4454315181245,-15.116346788925272,1,False,False
832742fffffffff,-12.851239285796153,-16.291064395559797,1,False,False
832743fffffffff,-13.96343896413643,-16.158780845527946,1,False,False
832744fffffffff,-12.690323777611084,-14.33849645796176,1,False,False
832745fffffffff,-13.811125862640404,-14.201535259527551,1,False,False
832746fffffffff,-12.212364158044362,-15.385638592134551,1,False,False
832748fffffffff,-16.1674795754573,-15.892700156005198,1,False,False
832749fffffffff,-17.257800184373377,-15.758900123815446,1,False,False
83274afffffffff,-15.68179615660031,-16.93006378086867,1,False,False
83274bfffffffff,-16.771771475152562,-16.798923644792563,1,False,False
83274cfffffffff,-15.551854850956827,-14.980944091535918,1,False,False
83274dfffffffff,-16.650501946360542,-14.845035099594698,1,False,False
83274efffffffff,-15.069111074631618,-16.025993249594997,1,False,False
832750fffffffff,-11.253763384616622,-17.44958770509168,1,False,False
832751fffffffff,-12.36943099195894,-17.320459072347596,1,False,False
832752fffffffff,-10.774272439998237,-18.465374035869264,1,False,False
832753fffffffff,-11.88715728338026,-18.33893028627762,1,False,False
832754fffffffff,-10.610502795723432,-16.554125217099894,1,False,False
832755fffffffff,-11.733316993678248,-16.42284536194051,1,False,False
832756fffffffff,-10.133688261868334,-17.57821741385758,1,False,False
832758fffffffff,-14.09784634120642,-18.084548659111523,1,False,False
832759fffffffff,-15.194057452710766,-17.956607411747402,1,False,False
83275afffffffff,-13.610515214261032,-19.097069805809102,1,False,False
83275bfffffffff,-14.704862550911493,-18.971851004453328,1,False,False
83275cfffffffff,-13.47985973591624,-17.190829926581102,1,False,False
83275dfffffffff,-14.584241803994944,-17.060698686901624,1,False,False
83275efffffffff,-12.995284868586804,-18.21198905673235,1,False,False
832760fffffffff,-12.512325908445188,-12.358135430667945,1,False,False
832761fffffffff,-13.640614280678358,-12.216704786144955,1,False,False
832762fffffffff,-12.038844830443496,-13.42095871374415,1,False,False
832763fffffffff,-13.16660577123123,-13.28198472503827,1,False,False
832764fffffffff,-11.84878326360426,-11.43044067970474,1,False,False
832765fffffffff,-12.98350589143958,-11.287114208991184,1,False,False
832766fffffffff,-11.37804485614146,-12.499067566251954,1,False,False
832768fffffffff,-15.402256840265313,-13.002531214974711,1,False,False
832769fffffffff,-16.50854403923628,-12.862049595195955,1,False,False
83276afffffffff,-14.925238589162358,-14.06407041723934,1,False,False
83276bfffffffff,-16.031868229114604,-13.926100739231646,1,False,False
83276cfffffffff,-14.762069385347406,-12.074774715665123,1,False,False
83276dfffffffff,-15.875881800720164,-11.932344320239622,1,False,False
83276efffffffff,-14.288015627168337,-13.142509244579095,1,False,False
832770fffffffff,-10.431973649942138,-14.610912761919373,1,False,False
832771fffffffff,-11.56365615834607,-14.47495521871314,1,False,False
832772fffffffff,-9.95780730373881,-15.652921217092354,1,False,False
832773fffffffff,-11.087348597584944,-15.519530375085935,1,False,False
832774fffffffff,-9.767681550813272,-13.69740652518485,1,False,False
832775fffffffff,-10.905579385223906,-13.55943228410211,1,False,False
832776fffffffff,-9.296150142581013,-14.746370321349072,1,False,False
8327a9fffffffff,-5.373066106274744,-20.94146128528146,1,False,False
8327adfffffffff,-4.712683404793218,-20.08107457573338,1,False,False
832990fffffffff,-4.918770215696472,-34.172174570824446,1,False,False
832992fffffffff,-5.45793985984939,-33.155794230501385,1,False,False
832994fffffffff,-5.511207982470388,-35.13382612901767,1,False,False
832996fffffffff,-6.053688886758795,-34.11181051574156,1,False,False
8329a2fffffffff,-3.870466322230996,-38.19600541001798,1,False,False
8329a3fffffffff,-2.741838706190669,-38.23525477249176,1,False,False
8329b0fffffffff,-5.558372397233397,-37.131549478287184,1,False,False
8329b1fffffffff,-4.418981823172564,-37.17657121464305,1,False,False
8329b2fffffffff,-6.106909459947924,-36.10525868667017,1,False,False
8329b3fffffffff,-4.966101912131073,-36.15562945483489,1,False,False
8329b4fffffffff,-6.153156376261914,-38.11626930627477,1,False,False
8329b5fffffffff,-5.007840797512602,-38.15634573108911,1,False,False
8329b6fffffffff,-6.705247478676162,-37.086055438080834,1,False,False
832a00fffffffff,-24.128224871214023,-6.659518984356003,1,False,False
832a02fffffffff,-23.698084144435104,-7.770185196962865,1,False,False
832a04fffffffff,-23.51815773031432,-5.700712040295059,1,False,False
832a05fffffffff,-24.549195455619884,-5.544339441946626,1,False,False
832a06fffffffff,-23.09189907387084,-6.813896165399389,1,False,False
832a10fffffffff,-22.21364978911916,-9.025626498723511,1,False,False
832a11fffffffff,-23.2592498099236,-8.875536378137685,1,False,False
832a12fffffffff,-21.76267129566552,-10.12260524579487,1,False,False
832a13fffffffff,-22.812226752208066,-9.974794283377005,1,False,False
832a14fffffffff,-21.60294677293632,-8.074258799923921,1,False,False
832a15fffffffff,-22.65689885542952,-7.922466189487072,1,False,False
832a16fffffffff,-21.15562027744176,-9.17522136863361,1,False,False
832a1afffffffff,-24.426454127238483,-10.774787814421709,1,False,False
832a1bfffffffff,-25.44140326859289,-10.627817193321707,1,False,False
832a1cfffffffff,-24.29193305717404,-8.724950613539882,1,False,False
832a1efffffffff,-23.84920048832702,-9.826481843909429,1,False,False
832a20fffffffff,-23.309467914626325,-3.6233729659255887,1,False,False
832a21fffffffff,-24.342629309594724,-3.4637832518035507,1,False,False
832a22fffffffff,-22.8962140311592,-4.741530962878658,1,False,False
832a23fffffffff,-23.93521157535656,-4.583729978139865,1,False,False
832a24fffffffff,-22.67240512862009,-2.6638074039180086,1,False,False
832a25fffffffff,-23.71308250444915,-2.5029815003881586,1,False,False
832a26fffffffff,-22.262816099560645,-3.782513180228885,1,False,False
832a2efffffffff,-24.96055032262922,-4.4254684584233885,1,False,False
832a30fffffffff,-21.416404086356867,-6.01204404999319,1,False,False
832a31fffffffff,-22.47373769400846,-5.856613634064521,1,False,False
832a32fffffffff,-20.980484230118808,-7.121209669890968,1,False,False
832a33fffffffff,-22.04248856438327,-6.967793051350262,1,False,False
832a34fffffffff,-20.779074448816065,-5.05574985260357,1,False,False
832a35fffffffff,-21.84400379066841,-4.898871036434798,1,False,False
832a36fffffffff,-20.3466728885188,-6.167003143604254,1,False,False
832a80fffffffff,-20.953171154373223,-14.296310247379312,1,False,False
832a81fffffffff,-22.00265475430751,-14.157850447929604,1,False,False
832a82fffffffff,-20.47355861466645,-15.35444415520998,1,False,False
832a83fffffffff,-21.52496071950328,-15.218602186822247,1,False,False
832a84fffffffff,-20.368889813877544,-13.369150352697606,1,False,False
832a85fffffffff,-21.427437730941325,-13.22863914301258,1,False,False
832a86fffffffff,-19.892613261980635,-14.434257353211043,1,False,False
832a88fffffffff,-23.59360022549244,-14.94537497183665,1,False,False
832a89fffffffff,-24.609853147653627,-14.807987000104392,1,False,False
832a8afffffffff,-23.114728246856988,-16.001386611177555,1,False,False
832a8bfffffffff,-24.13357836036931,-15.866666881696428,1,False,False
832a8cfffffffff,-23.04052565122231,-14.018876717534551,1,False,False
832a8dfffffffff,-24.06628800221537,-13.879387833853343,1,False,False
832a8efffffffff,-22.56514566585293,-15.082246248746603,1,False,False
832a90fffffffff,-18.926143822246548,-16.535121473340528,1,False,False
832a91fffffffff,-19.989208872617315,-16.402456357105923,1,False,False
832a92fffffffff,-18.437176820529647,-17.569761857260552,1,False,False
832a93fffffffff,-19.500735951766654,-17.439800533254218,1,False,False
832a94fffffffff,-18.33936289400146,-15.624591723217945,1,False,False
832a95fffffffff,-19.411494140177272,-15.489773535867046,1,False,False
832a96fffffffff,-17.85344879739124,-16.667276724039418,1,False,False
832a98fffffffff,-21.59784937822032,-17.17834879450524,1,False,False
832a99fffffffff,-22.63027532582021,-17.046855114498953,1,False,False
832a9afffffffff,-21.107155593109283,-18.21000006791882,1,False,False
832a9bfffffffff,-22.14085256840909,-18.08125217376349,1,False,False
832a9cfffffffff,-21.042034510264024,-16.269279849742343,1,False,False
832a9dfffffffff,-22.0840508026542,-16.13559043597568,1,False,False
832a9efffffffff,-20.5544880594471,-17.309330057965326,1,False,False
832aa0fffffffff,-20.2397665260084,-11.35760216034596,1,False,False
832aa1fffffffff,-21.30450650696465,-11.21265731146726,1,False,False
832aa2fffffffff,-19.772367174311466,-12.437573037391346,1,False,False
832aa3fffffffff,-20.83971907299712,-12.295066986289664,1,False,False
832aa4fffffffff,-19.627891816774067,-10.416725088534516,1,False,False
832aa5fffffffff,-20.70104196344809,-10.269915312788005,1,False,False
832aa6fffffffff,-19.16389734101997,-11.5020424723359,1,False,False
832aa8fffffffff,-22.939938745322053,-12.008528336486831,1,False,False
832aa9fffffffff,-23.971757922136167,-11.864493886018357,1,False,False
832aaafffffffff,-22.47451201782845,-13.08761626628809,1,False,False
832aabfffffffff,-23.50959178921444,-12.946080640600876,1,False,False
832aacfffffffff,-22.357545342400435,-11.06720714246392,1,False,False
832aadfffffffff,-23.39835548061663,-10.92125089068138,1,False,False
832aaefffffffff,-21.895758358615108,-12.152052397765916,1,False,False
832ab0fffffffff,-18.21967114778812,-13.648642182185288,1,False,False
832ab1fffffffff,-19.299432203768745,-13.50915099404792,1,False,False
832ab2fffffffff,-17.740637289214334,-14.708618506123042,1,False,False
832ab3fffffffff,-18.821561481781988,-14.571693017381454,1,False,False
832ab4fffffffff,-17.606126854826467,-12.721063360929003,1,False,False
832ab5fffffffff,-18.69429236733796,-12.579571504931458,1,False,False
832ab6fffffffff,-17.13025409734901,-13.787625048287603,1,False,False
832ac2fffffffff,-27.58131926078024,-14.392709560885097,1,False,False
832ac6fffffffff,-27.06660671119315,-13.457818272095285,1,False,False
832ad0fffffffff,-26.134049097428992,-15.595673790980811,1,False,False
832ad1fffffffff,-27.11489881946284,-15.459397500368864,1,False,False
832ad2fffffffff,-25.65709660870788,-16.649283425742578,1,False,False
832ad3fffffffff,-26.64113893177831,-16.515723977092165,1,False,False
832ad4fffffffff,-25.613475258002524,-14.670080991071917,1,False,False
832ad5fffffffff,-26.60407925990063,-14.531655616127413,1,False,False
832ad6fffffffff,-25.140153952984427,-15.731429765193182,1,False,False
832ad8fffffffff,-28.569755299529373,-16.247042250307583,1,False,False
832adafffffffff,-28.27097138676424,-17.242807440350376,1,False,False
832adcfffffffff,-28.08237853045123,-15.322599447011983,1,False,False
832adefffffffff,-27.612126517760377,-16.38164410880715,1,False,False
832af0fffffffff,-25.541901522212893,-12.661466900763331,1,False,False
832af1fffffffff,-26.53830686152801,-12.518386710002476,1,False,False
832af2fffffffff,-25.07948877142869,-13.73938258989294,1,False,False
832af3fffffffff,-26.07971765459685,-13.598859794373125,1,False,False
832af4fffffffff,-24.99075776075074,-11.71994814920041,1,False,False
832af5fffffffff,-25.99652419611325,-11.574890248525127,1,False,False
832af6fffffffff,-24.532199603364507,-12.804031201176985,1,False,False
832b00fffffffff,-19.624600875427685,0.0412332947940699,1,False,False
832b01fffffffff,-20.69833122191741,0.2048012214816068,1,False,False
832b02fffffffff,-19.218916284672712,-1.0739849745563188,1,False,False
832b03fffffffff,-20.298755239753707,-0.9117948713058426,1,False,False
832b04fffffffff,-18.941718134998105,0.9914548781072348,1,False,False
832b05fffffffff,-20.02121786607721,1.1558908351130182,1,False,False
832b06fffffffff,-18.538855958371272,-0.1219349140971101,1,False,False
832b08fffffffff,-22.42098730030378,-0.5861759869275865,1,False,False
832b09fffffffff,-23.46233953888265,-0.4227493335523997,1,False,False
832b0afffffffff,-22.024505924963176,-1.7055696287902429,1,False,False
832b0bfffffffff,-23.07236856345288,-1.5436013041362846,1,False,False
832b0cfffffffff,-21.75947820808745,0.3687676606687453,1,False,False
832b0dfffffffff,-22.807521269361267,0.5331313750696651,1,False,False
832b0efffffffff,-21.36629377142829,-0.7491915261395509,1,False,False
832b10fffffffff,-17.70766083479322,-2.349181383074756,1,False,False
832b11fffffffff,-18.80454524816531,-2.188919383784082,1,False,False
832b12fffffffff,-17.280164351241496,-3.461356982869944,1,False,False
832b13fffffffff,-18.381902646851746,-3.302726632231143,1,False,False
832b14fffffffff,-17.024754715656176,-1.3971214226726696,1,False,False
832b15fffffffff,-18.127369483457308,-1.235760819830719,1,False,False
832b16fffffffff,-16.60005938422628,-2.509014744839605,1,False,False
832b18fffffffff,-20.551649713393484,-2.984145285726562,1,False,False
832b19fffffffff,-21.618429066059026,-2.8241955719143697,1,False,False
832b1afffffffff,-20.13097184230376,-4.099442945628691,1,False,False
832b1bfffffffff,-21.2031445627248,-3.9412033460965263,1,False,False
832b1cfffffffff,-19.890050149165216,-2.0282295381712223,1,False,False
832b1dfffffffff,-20.96355976407117,-1.867112668591603,1,False,False
832b1efffffffff,-19.472610511680067,-3.143655857963348,1,False,False
832b20fffffffff,-18.64210743743004,3.047338799124639,1,False,False
832b21fffffffff,-19.720132679686383,3.213573956317546,1,False,False
832b22fffffffff,-18.25076194654744,1.938362136124828,1,False,False
832b23fffffffff,-19.33558791442488,2.103569075047475,1,False,False
832b24fffffffff,-17.941471283440425,3.9867154323334986,1,False,False
832b25fffffffff,-19.02422848176728,4.15351178344662,1,False,False
832b26fffffffff,-17.552417744005815,2.8814580963360643,1,False,False
832b28fffffffff,-21.46869438993518,2.43509018245642,1,False,False
832b29fffffffff,-22.515886748187768,2.6014012530221167,1,False,False
832b2afffffffff,-21.08841860848944,1.3207110843851546,1,False,False
832b2bfffffffff,-22.1427758046598,1.4859142372874892,1,False,False
832b2cfffffffff,-20.785902349432483,3.3801618976026235,1,False,False
832b2dfffffffff,-21.838873070384565,3.547100921712916,1,False,False
832b2efffffffff,-20.40842143705946,2.269145601557699,1,False,False
832b30fffffffff,-16.74823923124393,0.6637412366324686,1,False,False
832b31fffffffff,-17.85051197076805,0.8274045702144422,1,False,False
832b32fffffffff,-16.333835335879385,-0.4470675162135298,1,False,False
832b33fffffffff,-17.44171299408541,-0.284702231712416,1,False,False
832b34fffffffff,-16.047642298421916,1.6090629968549015,1,False,False
832b35fffffffff,-17.154559263870098,1.7735262865703518,1,False,False
832b36fffffffff,-15.635585960604413,0.5004661710552204,1,False,False
832b72fffffffff,-23.841988167327955,0.6978910952414962,1,False,False
832b76fffffffff,-23.183793188967428,1.6514988732582223,1,False,False
832b80fffffffff,-16.617975994331278,-7.730074974413729,1,False,False
832b81fffffffff,-17.724517309774278,-7.578578606407945,1,False,False
832b82fffffffff,-16.161224489884802,-8.825904896213478,1,False,False
832b83fffffffff,-17.270409215018834,-8.676550308534415,1,False,False
832b84fffffffff,-15.955727175561767,-6.782124394307001,1,False,False
832b85fffffffff,-17.06895676857833,-6.629051470601569,1,False,False
832b86fffffffff,-15.501985385596097,-7.881091617100032,1,False,False
832b88fffffffff,-19.458838137262937,-8.376379800938112,1,False,False
832b89fffffffff,-20.53674030720454,-8.225563253427115,1,False,False
832b8afffffffff,-19.004451039442927,-9.47292705148914,1,False,False
832b8bfffffffff,-20.08569445206106,-9.324321405621522,1,False,False
832b8cfffffffff,-18.820891476993527,-7.426602351995647,1,False,False
832b8dfffffffff,-19.906423791659662,-7.274146076078125,1,False,False
832b8efffffffff,-18.36984468767232,-8.526708718827095,1,False,False
832b90fffffffff,-14.57941882275006,-10.062415380975343,1,False,False
832b91fffffffff,-15.699267881954164,-9.915782413417189,1,False,False
832b92fffffffff,-14.111751033213316,-11.1432922767187,1,False,False
832b93fffffffff,-15.232686008242316,-10.998974131154842,1,False,False
832b94fffffffff,-13.916585133227992,-9.123154491529831,1,False,False
832b95fffffffff,-15.043025065813938,-8.974772832374581,1,False,False
832b96fffffffff,-13.45178988962816,-10.208556514356223,1,False,False
832b98fffffffff,-17.449463795605027,-10.708846293530549,1,False,False
832b99fffffffff,-18.543818594494137,-10.563035199392738,1,False,False
832b9afffffffff,-16.98127630647634,-11.789412719264837,1,False,False
832b9bfffffffff,-18.0775145519018,-11.645979050881357,1,False,False
832b9cfffffffff,-16.810549385917568,-9.768657055112117,1,False,False
832b9dfffffffff,-17.912513594244945,-9.621038771719691,1,False,False
832b9efffffffff,-16.34551136979042,-10.854159040556786,1,False,False
832ba0fffffffff,-15.729296917559498,-4.727886381388002,1,False,False
832ba1fffffffff,-16.84534443630201,-4.571453621932624,1,False,False
832ba2fffffffff,-15.28421733690257,-5.83321501638965,1,False,False
832ba3fffffffff,-16.403693093364442,-5.678646651952432,1,False,False
832ba4fffffffff,-15.046377502818196,-3.7772940626875577,1,False,False
832ba5fffffffff,-16.168079787611163,-3.619546314686856,1,False,False
832ba6fffffffff,-14.604040603171487,-4.883866435663776,1,False,False
832ba8fffffffff,-18.61327030437305,-5.368122476103139,1,False,False
832ba9fffffffff,-19.701967155325004,-5.212167094871044,1,False,False
832baafffffffff,-18.17231669120006,-6.475506927909941,1,False,False
832babfffffffff,-19.2651071925189,-6.321490798875806,1,False,False
832bacfffffffff,-17.951435130575145,-4.414568525949314,1,False,False
832badfffffffff,-19.046864201909937,-4.257231491355688,1,False,False
832baefffffffff,-17.513618830595473,-5.5236157382338416,1,False,False
832bb0fffffffff,-13.702668902186891,-7.086855389501945,1,False,False
832bb1fffffffff,-14.833370281939848,-6.934725693512362,1,False,False
832bb2fffffffff,-13.244731336918552,-8.181686498732128,1,False,False
832bb3fffffffff,-14.377304538335869,-8.031628721196796,1,False,False
832bb4fffffffff,-13.019719917447794,-6.140963434263241,1,False,False
832bb5fffffffff,-14.155957720165356,-5.98732065880333,1,False,False
832bb6fffffffff,-12.564443699817852,-7.238513530026478,1,False,False
832c10fffffffff,-38.88419659302768,52.86759589295706,1,False,False
832c12fffffffff,-39.95604906546076,53.25415955604626,1,False,False
832c14fffffffff,-38.57464727708182,51.55016971355754,1,False,False
832c16fffffffff,-39.65650553307447,51.916352449877415,1,False,False
832c30fffffffff,-37.15647402259592,49.89625881957439,1,False,False
832c32fffffffff,-38.24703238766227,50.23087172452195,1,False,False
832c36fffffffff,-37.9014040764288,48.91109841957933,1,False,False
832c80fffffffff,-43.406089206433634,55.88640571636469,1,False,False
832c81fffffffff,-42.591746344130335,56.808594909835314,1,False,False
832c82fffffffff,-44.45459382717731,56.34744803797541,1,False,False
832c83fffffffff,-43.63215298219087,57.27564198247076,1,False,False
832c84fffffffff,-43.16005432547412,54.48992929030037,1,False,False
832c85fffffffff,-42.35306139376638,55.43992807455469,1,False,False
832c86fffffffff,-44.22120588221317,54.92917230872476,1,False,False
832c8afffffffff,-43.11736595339752,59.63187216494676,1,False,False
832c8cfffffffff,-41.82334138687423,57.736471792572814,1,False,False
832c8efffffffff,-42.84567239218367,58.19845838123728,1,False,False
832c90fffffffff,-46.32788545630324,55.85252258723484,1,False,False
832c91fffffffff,-45.49769997619499,56.82371680280747,1,False,False
832c92fffffffff,-47.371665947532094,56.338055382720654,1,False,False
832c93fffffffff,-46.53454356248435,57.31590978452923,1,False,False
832c94fffffffff,-46.09954201505979,54.38114484145135,1,False,False
832c95fffffffff,-45.2774430410958,55.383139082449176,1,False,False
832c96fffffffff,-47.15692692293523,54.842430737343456,1,False,False
832c98fffffffff,-44.86046716465859,59.15827651762082,1,False,False
832c99fffffffff,-44.125812073206426,60.12752536675756,1,False,False
832c9afffffffff,-45.87606120077894,59.67651476423743,1,False,False
832c9bfffffffff,-45.12327119524054,60.63582544510118,1,False,False
832c9cfffffffff,-44.66755637245374,57.7576908373176,1,False,False
832c9dfffffffff,-43.85827943719382,58.67226263404263,1,False,False
832c9efffffffff,-45.69709753525345,58.25540442221128,1,False,False
832ca0fffffffff,-41.81698797411621,52.68462110557316,1,False,False
832ca1fffffffff,-41.026576791127866,53.65302692825368,1,False,False
832ca2fffffffff,-42.89378953498215,53.08782616182626,1,False,False
832ca3fffffffff,-42.09487884009796,54.06475434754596,1,False,False
832ca4fffffffff,-41.51924607811092,51.30110987531453,1,False,False
832ca5fffffffff,-40.73758927318674,52.29432163825163,1,False,False
832ca6fffffffff,-42.607105164368924,51.68174970966426,1,False,False
832caafffffffff,-41.547204718377415,56.35591931207692,1,False,False
832cacfffffffff,-40.23697475374845,54.58818827936038,1,False,False
832caefffffffff,-41.296393800489184,55.00738742030492,1,False,False
832cb0fffffffff,-44.77298130529573,52.48237929762545,1,False,False
832cb1fffffffff,-43.96708389475758,53.50454567859118,1,False,False
832cb2fffffffff,-45.84917149036488,52.903665022657485,1,False,False
832cb3fffffffff,-45.03596656236262,53.93542430691464,1,False,False
832cb4fffffffff,-44.48827406281652,51.02585156119459,1,False,False
832cb5fffffffff,-43.69198933810786,52.07529660959846,1,False,False
832cb6fffffffff,-45.57650934358917,51.42201967929686,1,False,False
832cdbfffffffff,-40.81553726442547,75.44333907693037,1,False,False
832d10fffffffff,-35.5939503518561,44.56687120155721,1,False,False
832d12fffffffff,-36.697288851690985,44.93952500179103,1,False,False
832d13fffffffff,-35.903432739689094,45.90580797320685,1,False,False
832d14fffffffff,-35.26777913765424,43.23052461869053,1,False,False
832d16fffffffff,-36.37783749888626,43.58155435353024,1,False,False
832d44fffffffff,-3.443079861868432,41.35871825285487,1,False,False
832d45fffffffff,-2.4278145746111703,41.05704539299175,1,False,False
832d60fffffffff,-3.829426447628712,39.57244664029694,1,False,False
832d61fffffffff,-2.824492098822048,39.26590857532897,1,False,False
832d62fffffffff,-4.136616958922414,40.5901634405607,1,False,False
832d63fffffffff,-3.1337431229123505,40.3100943679516,1,False,False
832d64fffffffff,-4.509961623656381,38.7348893055068,1,False,False
832d65fffffffff,-3.5201668102206822,38.53671312733416,1,False,False
832d66fffffffff,-4.8221748802953694,39.75231976318595,1,False,False
832d6afffffffff,-1.4022873594830072,40.752802762209775,1,False,False
832d6efffffffff,-2.1184174642653626,40.004626006832,1,False,False
832d75fffffffff,-5.135601195581505,40.77965193420352,1,False,False
832d80fffffffff,-41.25500877667852,46.05152237774693,1,False,False
832d81fffffffff,-40.506578351706246,47.14640888230758,1,False,False
832d82fffffffff,-42.37980704327937,46.34756900384248,1,False,False
832d83fffffffff,-41.623756213525205,47.45656945289041,1,False,False
832d84fffffffff,-40.86604984145077,44.65095404542171,1,False,False
832d85fffffffff,-40.12947788307301,45.76550305384822,1,False,False
832d86fffffffff,-41.99900860795855,44.92187424408741,1,False,False
832d88fffffffff,-40.10178167602892,49.56994710526228,1,False,False
832d89fffffffff,-39.33828941624676,50.5762142012122,1,False,False
832d8afffffffff,-41.20158203898693,49.91582565519904,1,False,False
832d8bfffffffff,-40.429333524169856,50.932784391040414,1,False,False
832d8cfffffffff,-39.754978260100486,48.2073504973607,1,False,False
832d8dfffffffff,-39.001413950850456,49.2352072789381,1,False,False
832d8efffffffff,-40.863999338981216,48.53038583207584,1,False,False
832d90fffffffff,-44.26061445790387,45.49334559336226,1,False,False
832d91fffffffff,-43.5029172393376,46.65416297504559,1,False,False
832d92fffffffff,-45.38734248772298,45.79496646910655,1,False,False
832d93fffffffff,-44.62338561001618,46.971859639260174,1,False,False
832d94fffffffff,-43.87553409871564,44.02053146598645,1,False,False
832d95fffffffff,-43.130850684112765,45.20249917743574,1,False,False
832d96fffffffff,-45.011327298423005,44.29418010601653,1,False,False
832d98fffffffff,-43.078305840773695,49.210003078459074,1,False,False
832d99fffffffff,-42.29988476345412,50.27338179436922,1,False,False
832d9afffffffff,-44.181712117295,49.56771543050484,1,False,False
832d9bfffffffff,-43.3957583819158,50.643187752941294,1,False,False
832d9cfffffffff,-42.739628400480505,47.7775346088735,1,False,False
832d9dfffffffff,-41.97208856092605,48.86442081234868,1,False,False
832d9efffffffff,-43.85324696857149,48.109857692370674,1,False,False
832da0fffffffff,-38.6045792570762,44.31818592013667,1,False,False
832da1fffffffff,-37.802532420831554,45.32412207964816,1,False,False
832da2fffffffff,-38.86198437431156,43.89022048197495,1,False,False
832da3fffffffff,-37.74213429381,45.23565417077645,1,False,False
832da4fffffffff,-38.28169697613224,42.91830351754791,1,False,False
832da5fffffffff,-37.490426908915126,43.94393183742985,1,False,False
832da6fffffffff,-39.404249291529446,43.28115629515603,1,False,False
832da8fffffffff,-38.2720898639133,46.556456137899865,1,False,False
832da9fffffffff,-37.53788219106045,47.59224931218091,1,False,False
832daafffffffff,-39.3890420735401,46.84653365313425,1,False,False
832dabfffffffff,-38.64596246993344,47.89479984700597,1,False,False
832dacfffffffff,-37.88002333560801,45.221626890379646,1,False,False
832dadfffffffff,-36.19600435997186,47.24587741735752,1,False,False
832daefffffffff,-39.00416731508143,45.48902362683245,1,False,False
832db0fffffffff,-40.471837354857605,43.558287519442025,1,False,False
832db1fffffffff,-41.59748643751407,43.502186662380765,1,False,False
832db2fffffffff,-43.468419062272766,42.555316994856,1,False,False
832db3fffffffff,-42.73726524566421,43.75670322038346,1,False,False
832db4fffffffff,-40.55004005638058,41.8899737885518,1,False,False
832db5fffffffff,-39.707364492749214,42.90581289439644,1,False,False
832db6fffffffff,-41.27614843720878,42.47538353567434,1,False,False
832ecafffffffff,73.89720944242458,91.73415995770712,1,False,False
832ecbfffffffff,72.96487659429849,91.57276692226571,1,False,False
832ed9fffffffff,74.44283730781005,88.66177279394522,1,False,False
832edbfffffffff,74.80488365152458,85.4835739442384,1,False,False
833000fffffffff,7.392675077994215,89.97911890425434,1,False,False
833002fffffffff,7.18115854987736,89.22597104543065,1,False,False
833003fffffffff,6.616836479648646,89.94857495299165,1,False,False
833004fffffffff,8.00223760927098,90.46440800315384,1,False,False
833005fffffffff,7.123478383738549,90.71327270819432,1,False,False
833006fffffffff,8.037957893252708,89.54336781111455,1,False,False
833010fffffffff,7.662879937731347,87.9529491238239,1,False,False
833011fffffffff,6.964407994284902,88.45939938056364,1,False,False
833012fffffffff,7.444728127773629,87.16137904837296,1,False,False
833013fffffffff,6.742365169203852,87.67932361814859,1,False,False
833014fffffffff,8.579842891913382,88.22674889720176,1,False,False
833015fffffffff,7.875649252235805,88.73088106103759,1,False,False
833016fffffffff,8.371096960408794,87.43729128512678,1,False,False
833018fffffffff,5.567002788616974,89.0931813851133,1,False,False
833019fffffffff,5.02133280692328,89.88605018228533,1,False,False
83301afffffffff,5.3025673110639895,88.257333823355,1,False,False
83301cfffffffff,6.365743734457224,89.13082118654114,1,False,False
83301dfffffffff,5.826423869955766,89.9175557655725,1,False,False
83301efffffffff,6.109614188908735,88.30175967868973,1,False,False
833020fffffffff,8.34687548369009,91.7842713425178,1,False,False
833021fffffffff,7.442876203536161,92.09882460846563,1,False,False
833022fffffffff,8.622664444313724,90.96030707875197,1,False,False
833023fffffffff,7.725391509678372,91.27614256800182,1,False,False
833024fffffffff,8.979227148268171,92.30349687519367,1,False,False
833025fffffffff,8.065261879342449,92.6192552886744,1,False,False
833026fffffffff,9.25395512266028,91.46709114510388,1,False,False
833028fffffffff,5.9877519068512735,91.45002642200542,1,False,False
833029fffffffff,5.114716308554919,91.43960534021949,1,False,False
83302afffffffff,6.273176194667099,90.69878802830338,1,False,False
83302bfffffffff,5.410264172283669,90.68413675818564,1,False,False
83302cfffffffff,6.566297104764319,92.22036688795794,1,False,False
83302dfffffffff,5.6959807023604325,92.21440089204316,1,False,False
83302efffffffff,6.848036883846451,91.46032792182876,1,False,False
833030fffffffff,9.387235779430078,89.61516606007582,1,False,False
833031fffffffff,8.718421580069839,90.05896168593081,1,False,False
833032fffffffff,9.363480412632349,88.64276258456218,1,False,False
833033fffffffff,8.694887058064381,89.09800436158596,1,False,False
833034fffffffff,10.089074579917837,90.14210908144226,1,False,False
833035fffffffff,9.408262522101923,90.58412486633132,1,False,False
833036fffffffff,10.067892855216824,89.161368642397,1,False,False
833084fffffffff,6.757462639717702,84.70442412717341,1,False,False
833085fffffffff,6.04402690905845,85.25753504439446,1,False,False
833086fffffffff,6.5173145564417165,83.85799079663867,1,False,False
833090fffffffff,11.18298660227379,136.31697455269438,1,False,False
833091fffffffff,11.737654312712648,137.08006735104317,1,False,False
833092fffffffff,10.290156225598022,136.5394148266592,1,False,False
833093fffffffff,10.855247338263723,137.30517444724936,1,False,False
833094fffffffff,11.5068573270203,135.3284480647446,1,False,False
833095fffffffff,12.061218638415768,136.09679019803585,1,False,False
833096fffffffff,10.618315072697436,135.5458094693885,1,False,False
833098fffffffff,11.95494700363018,138.81148428541945,1,False,False
83309afffffffff,11.079209723873888,139.04372917288072,1,False,False
83309bfffffffff,11.820980426040691,139.6959500277002,1,False,False
83309cfffffffff,12.282182959139885,137.8349475262022,1,False,False
83309efffffffff,11.410219079484618,138.06257230498235,1,False,False
8330a0fffffffff,7.937104645385335,85.81703850236296,1,False,False
8330a1fffffffff,7.221137721256984,86.35611918375261,1,False,False
8330a2fffffffff,7.711742540351974,84.98618598137121,1,False,False
8330a3fffffffff,6.992061612577391,85.53713770726695,1,False,False
8330a4fffffffff,8.878591321000753,86.09722452630368,1,False,False
8330a5fffffffff,8.156871673670386,86.63406756099057,1,False,False
8330a6fffffffff,8.662663257807287,85.26827764743541,1,False,False
8330acfffffffff,6.514979893032181,86.88568063736756,1,False,False
8330adfffffffff,5.848481137031487,87.46150859482847,1,False,False
8330aefffffffff,6.282210930819234,86.07842592580779,1,False,False
8330b0fffffffff,8.213620364612776,83.56865504933064,1,False,False
8330b1fffffffff,7.48074205862733,84.14151450163536,1,False,False
8330b2fffffffff,7.980417166639502,82.69804604709356,1,False,False
8330b3fffffffff,7.244070945443396,83.28305273881391,1,False,False
8330b4fffffffff,9.179640023034796,83.85466808101059,1,False,False
8330b5fffffffff,8.441022865466312,84.42541429139301,1,False,False
8330b6fffffffff,8.955820030863222,82.98569722143135,1,False,False
8330e1fffffffff,3.3309366069050284,91.41839600700384,1,False,False
8330e4fffffffff,4.534860024930709,90.66931600920354,1,False,False
8330e5fffffffff,4.229058960395115,91.42906258281812,1,False,False
8330ecfffffffff,3.0083179228237964,92.19607865251608,1,False,False
833109fffffffff,8.411832971176016,94.00940174476123,1,False,False
83310bfffffffff,8.698511020255602,93.15098587236604,1,False,False
833119fffffffff,9.896086955215974,91.98504060551208,1,False,False
83311afffffffff,10.800201865955874,90.6790218627152,1,False,False
83311bfffffffff,10.107293118779776,91.11903551846444,1,False,False
833120fffffffff,66.36900371733424,76.76217904166243,1,False,False
833121fffffffff,67.12860357467419,78.49404811810024,1,False,False
833122fffffffff,65.46463644912322,77.30525226290382,1,False,False
833123fffffffff,66.2141104047449,78.97817188775224,1,False,False
833124fffffffff,66.4938092896177,74.48448208472614,1,False,False
833125fffffffff,67.28439618409183,76.16972258879008,1,False,False
833126fffffffff,65.58980899477918,75.13031237443141,1,False,False
83312cfffffffff,67.8663927137836,80.33193184836074,1,False,False
83312dfffffffff,68.58003796622882,82.28172554162734,1,False,False
83312efffffffff,66.94287999366091,80.74805585894532,1,False,False
833130fffffffff,63.81448328073778,76.27197012862244,1,False,False
833131fffffffff,64.57178478159918,77.80478312783958,1,False,False
833132fffffffff,62.952163752456805,77.38931725700544,1,False,False
833134fffffffff,63.9117382266822,74.22978108220427,1,False,False
833135fffffffff,64.69652377352864,75.72416916357064,1,False,False
833136fffffffff,63.055581637885375,75.29437422619007,1,False,False
833140fffffffff,5.3756733010121724,95.3914410495408,1,False,False
833141fffffffff,4.4649852454149,95.40436153606193,1,False,False
833142fffffffff,5.682916276980727,94.57897106773794,1,False,False
833143fffffffff,4.782331446264605,94.58693718532952,1,False,False
833144fffffffff,5.969222628456537,96.1992355217468,1,False,False
833145fffffffff,5.062042551316531,96.21704932508756,1,False,False
833146fffffffff,6.272867382521429,95.37867418452711,1,False,False
83314afffffffff,3.2731113374713705,93.78926223714365,1,False,False
83314cfffffffff,3.540967090917084,95.41743843228733,1,False,False
83314efffffffff,3.868512791460722,94.59499899309024,1,False,False
833150fffffffff,6.8609775758580245,93.77651722736476,1,False,False
833151fffffffff,5.98376206834632,93.77964720217304,1,False,False
833152fffffffff,7.154723070314991,92.9323310468052,1,False,False
833153fffffffff,6.278216014834032,92.99345655961692,1,False,False
833154fffffffff,7.484690850451745,94.32170288178968,1,False,False
833155fffffffff,6.570117360712536,94.57109894696816,1,False,False
833156fffffffff,7.777852513433039,93.4651197339231,1,False,False
833158fffffffff,4.50443564296245,92.99048549971089,1,False,False
833159fffffffff,3.598183968027404,92.98897348459133,1,False,False
83315afffffffff,4.812780013069894,92.20836501562609,1,False,False
83315bfffffffff,3.916835821701558,92.2022580238307,1,False,False
83315cfffffffff,5.093282966427212,93.78281425101922,1,False,False
83315dfffffffff,4.189677067171625,93.78601903651187,1,False,False
83315efffffffff,5.397830816958902,92.99197975435312,1,False,False
833163fffffffff,5.659192895710543,97.03275399666826,1,False,False
833164fffffffff,71.50755594606332,88.81527334627293,1,False,False
83316afffffffff,4.141269163967792,96.23507906019712,1,False,False
83316bfffffffff,3.20708113874225,96.25332867353688,1,False,False
83316efffffffff,4.742049291815628,97.05576599814474,1,False,False
833173fffffffff,7.185835676416509,95.18881965343267,1,False,False
833180fffffffff,12.154040312826533,86.71744997922777,1,False,False
833181fffffffff,11.43908148954407,87.21500348941392,1,False,False
833182fffffffff,12.123606045470064,85.6958453427124,1,False,False
833183fffffffff,11.40998363579899,86.20515674281809,1,False,False
833184fffffffff,12.908317643528315,87.24038607279975,1,False,False
833185fffffffff,12.18067184039364,87.7370970956101,1,False,False
833186fffffffff,12.880383884899995,86.20858448001519,1,False,False
833188fffffffff,10.016590465519153,87.19067861424274,1,False,False
833189fffffffff,9.293559253915536,87.71340478548831,1,False,False
83318afffffffff,9.815969225254008,86.37768279483677,1,False,False
83318bfffffffff,9.088866974367146,86.91225830973278,1,False,False
83318cfffffffff,10.735618720046473,87.7015454666375,1,False,False
83318dfffffffff,10.043733696924775,88.17736957111437,1,False,False
83318efffffffff,10.7076120957282,86.70333851310944,1,False,False
833190fffffffff,12.812228738361927,84.14063339281364,1,False,False
833191fffffffff,12.050611415254377,84.71503694670443,1,False,False
833192fffffffff,12.621543602167575,83.26434545322559,1,False,False
833193fffffffff,11.856082123381457,83.85127700366688,1,False,False
833194fffffffff,13.584054710055211,84.64265214749007,1,False,False
833195fffffffff,12.848350132884482,85.17511038145024,1,False,False
833196fffffffff,13.54574813899484,83.59653342413809,1,False,False
833198fffffffff,10.349791565074542,84.99428914452103,1,False,False
833199fffffffff,9.609652902033565,85.55068600552235,1,False,False
83319afffffffff,10.141531428114025,84.1410784362054,1,False,False
83319bfffffffff,9.397565450962778,84.70967694705925,1,False,False
83319cfffffffff,11.297138137443069,85.27923745788343,1,False,False
83319dfffffffff,10.552153283064204,85.83339784476817,1,False,False
83319efffffffff,11.098710887611023,84.42787260059829,1,False,False
8331a0fffffffff,13.693252431507528,88.81350326743744,1,False,False
8331a1fffffffff,12.951893763087885,89.29632829777974,1,False,False
8331a2fffffffff,13.672566477729552,87.77421027261778,1,False,False
8331a3fffffffff,12.932150678465206,88.26985204321088,1,False,False
8331a6fffffffff,14.4465031814647,88.31917058199787,1,False,False
8331a8fffffffff,11.48672867315426,89.2274185381484,1,False,False
8331a9fffffffff,10.78190355622126,89.6899714424192,1,False,False
8331aafffffffff,11.464661713577716,88.22262859447545,1,False,False
8331abfffffffff,10.760380603044052,88.6972863674002,1,False,False
8331acfffffffff,12.222545957889448,89.76797664934566,1,False,False
8331adfffffffff,11.505296145388275,90.22877021524982,1,False,False
8331aefffffffff,12.203502843343005,88.75414871764687,1,False,False
8331b0fffffffff,14.397986167337278,86.21216475972716,1,False,False
8331b1fffffffff,13.647474824073688,86.732182209356,1,False,False
8331b2fffffffff,14.366620556416208,85.15568248040557,1,False,False
8331b3fffffffff,13.61796937869958,85.68809986090638,1,False,False
8331b4fffffffff,15.188115528116011,86.74757708376798,1,False,False
8331b5fffffffff,14.424612212821472,87.26689687478691,1,False,False
8331b6fffffffff,15.159659614275888,85.6800056828881,1,False,False
833805fffffffff,-27.386380585278168,12.12995893525612,1,False,False
833812fffffffff,-29.098269152841823,6.735760861917001,1,False,False
833814fffffffff,-27.485556924114068,7.89820975755005,1,False,False
833816fffffffff,-28.028995461727373,6.793417234080326,1,False,False
833823fffffffff,-26.31858487186548,12.158766777235243,1,False,False
833828fffffffff,-27.28113154026946,14.244574329136096,1,False,False
833829fffffffff,-27.75250577350669,15.324068712462475,1,False,False
83382afffffffff,-27.87155613501108,13.181707498266976,1,False,False
83382bfffffffff,-28.354415803780547,14.255761428631743,1,False,False
83382efffffffff,-26.807161088153,13.186663587865173,1,False,False
833832fffffffff,-26.402108769071035,7.94993046313835,1,False,False
833836fffffffff,-25.30816827125079,8.001175196180014,1,False,False
833840fffffffff,-31.360454135516537,18.857668753774043,1,False,False
833842fffffffff,-32.00533044072613,17.74407439744751,1,False,False
833843fffffffff,-32.48337656745353,18.94536532496069,1,False,False
833844fffffffff,-30.246872540829354,18.77275119793196,1,False,False
833845fffffffff,-30.70609136549635,19.955979125123022,1,False,False
833846fffffffff,-30.88845296519058,17.67636981787542,1,False,False
833850fffffffff,-32.14192490632283,15.441473766399824,1,False,False
833851fffffffff,-32.63983843580112,16.615733306252338,1,False,False
833853fffffffff,-33.26312233233664,15.473242755194402,1,False,False
833854fffffffff,-31.029559997089542,15.410718122945696,1,False,False
833855fffffffff,-31.52041784345677,16.5657535366848,1,False,False
833858fffffffff,-34.26511395984285,17.88629976227532,1,False,False
833859fffffffff,-34.5341599690546,18.706707674602573,1,False,False
83385afffffffff,-34.90342246807657,16.720764717887157,1,False,False
83385bfffffffff,-35.1370973248158,17.502783752943976,1,False,False
83385cfffffffff,-33.131142976034724,17.81401362169055,1,False,False
83385dfffffffff,-33.39242940412166,18.682391969818084,1,False,False
83385efffffffff,-33.7677696325953,16.66737561033023,1,False,False
833862fffffffff,-29.143353242857746,18.69048297748748,1,False,False
833863fffffffff,-29.59654167528867,19.854382471706064,1,False,False
83386cfffffffff,-29.3725314294234,22.104895610627658,1,False,False
833870fffffffff,-29.31007188133306,16.470470759227094,1,False,False
833871fffffffff,-29.781247369102275,17.610794647905447,1,False,False
833872fffffffff,-29.92675270088502,15.3809281183738,1,False,False
833873fffffffff,-30.41025879561837,16.51735736234772,1,False,False
833874fffffffff,-28.220525419557585,16.425024242195907,1,False,False
833875fffffffff,-28.684408546469523,17.547250147215546,1,False,False
833876fffffffff,-28.834187343530505,15.352058993523196,1,False,False
833880fffffffff,-31.705184855392805,3.2630654867969286,1,False,False
833881fffffffff,-32.2351052023459,4.341659767602444,1,False,False
833882fffffffff,-32.199223977871426,2.1049827544855795,1,False,False
833883fffffffff,-32.73562932696058,3.187287352747949,1,False,False
833884fffffffff,-30.661223568719304,3.338136531836592,1,False,False
833885fffffffff,-31.19946638552488,4.411713147566148,1,False,False
833886fffffffff,-31.16061444578241,2.1857559396813766,1,False,False
833888fffffffff,-33.86626206322607,5.244894265407174,1,False,False
83388afffffffff,-34.35964459546854,4.0857542475750055,1,False,False
83388bfffffffff,-34.95295250015128,5.110823251811594,1,False,False
83388cfffffffff,-32.7862656888746,5.374782576364243,1,False,False
83388efffffffff,-33.28341001711319,4.233987556226659,1,False,False
833890fffffffff,-32.1233822927631,-0.1438732792266494,1,False,False
833891fffffffff,-32.681005159301094,0.938305448235536,1,False,False
833892fffffffff,-32.58568786577163,-1.3193505049235377,1,False,False
833893fffffffff,-33.1499903660329,-0.2360849476948179,1,False,False
833894fffffffff,-31.08286328999539,-0.0525111633008253,1,False,False
833895fffffffff,-31.64818628290768,1.0247969663644958,1,False,False
833896fffffffff,-31.55154354706588,-1.2223296138335789,1,False,False
833898fffffffff,-34.23468241544817,1.941148158403476,1,False,False
833899fffffffff,-34.838126529538144,2.9225571784726503,1,False,False
83389afffffffff,-34.704133758117955,0.7628793949206109,1,False,False
83389bfffffffff,-35.30137998872678,1.756244815599181,1,False,False
83389cfffffffff,-33.224038475794124,2.023450301170292,1,False,False
83389dfffffffff,-33.76633123098939,3.089143842985236,1,False,False
83389efffffffff,-33.69977197036457,0.8510032709619322,1,False,False
8338a0fffffffff,-29.08900066713581,4.549865613201031,1,False,False
8338a1fffffffff,-29.62940361293725,5.613899420176868,1,False,False
8338a2fffffffff,-29.60418977295705,3.4125100845417853,1,False,False
8338a3fffffffff,-30.15060948780537,4.481112120659327,1,False,False
8338a4fffffffff,-28.01515249762649,4.6179823936685525,1,False,False
8338a5fffffffff,-28.563710592078785,5.6770764058345575,1,False,False
8338a6fffffffff,-28.53457456362641,3.4861955734883563,1,False,False
8338aafffffffff,-31.723065540012296,5.485757421836039,1,False,False
8338acfffffffff,-30.15548832305792,6.677563386792287,1,False,False
8338aefffffffff,-30.6826843986622,5.550129170759688,1,False,False
8338b0fffffffff,-29.54203670305882,1.1953912410808412,1,False,False
8338b1fffffffff,-30.10863186313122,2.265780096966884,1,False,False
8338b2fffffffff,-30.028856816063268,0.0380126284781491,1,False,False
8338b3fffffffff,-30.601714662741664,1.110488675680187,1,False,False
8338b4fffffffff,-28.469646295542297,1.2795151458018463,1,False,False
8338b5fffffffff,-29.043745224447004,2.345065289199676,1,False,False
8338b6fffffffff,-28.961833915676863,0.1277091361311902,1,False,False
8338e9fffffffff,-35.528923541199205,15.540027835598858,1,False,False
8338edfffffffff,-34.392388516413284,15.50607598963728,1,False,False
833900fffffffff,-22.218057307703248,11.918289158574645,1,False,False
833901fffffffff,-22.763954602685125,12.932720736413165,1,False,False
833902fffffffff,-22.788019502819328,10.865546101434482,1,False,False
833903fffffffff,-23.33882710784117,11.888578002484527,1,False,False
833904fffffffff,-21.091106170258595,11.94768912053594,1,False,False
833905fffffffff,-21.644557358679776,12.956762522655684,1,False,False
833906fffffffff,-21.65978579175165,10.90068708346927,1,False,False
833908fffffffff,-24.40182522037072,13.9244576500892,1,False,False
833909fffffffff,-24.91353401467951,14.936063734742556,1,False,False
83390cfffffffff,-23.29718573778368,13.943363974096126,1,False,False
83390dfffffffff,-23.817505347188664,14.949615052782914,1,False,False
833910fffffffff,-22.785198651579805,8.766004074704513,1,False,False
833911fffffffff,-23.35367173612512,9.798962395278494,1,False,False
833915fffffffff,-22.224739428368263,9.839968812489513,1,False,False
83391afffffffff,-23.6478352084461,9.12874110067176,1,False,False
833920fffffffff,-19.38950396446289,13.00409855557176,1,False,False
833921fffffffff,-19.945611530967,13.998908148866237,1,False,False
833922fffffffff,-19.95880185670195,11.97678273681848,1,False,False
833923fffffffff,-20.51946359950906,12.980553833729957,1,False,False
833924fffffffff,-18.25553140353321,13.027400494312486,1,False,False
833925fffffffff,-18.818557391899127,14.017041348709528,1,False,False
833928fffffffff,-21.604964209865496,14.976295058231964,1,False,False
833929fffffffff,-22.129247235124435,15.967111289811903,1,False,False
83392afffffffff,-22.185745197509807,13.962072452214947,1,False,False
83392bfffffffff,-22.714396575169022,14.96302475834272,1,False,False
83392cfffffffff,-20.48999239982377,14.98942811367428,1,False,False
83392dfffffffff,-21.022363801940628,15.975098224007832,1,False,False
83392efffffffff,-21.06828455320942,13.980586169901548,1,False,False
833931fffffffff,-20.52571086321888,10.93546018089132,1,False,False
833933fffffffff,-21.08947897439493,9.880544212858188,1,False,False
833944fffffffff,-24.65832342780546,18.965074038074395,1,False,False
833945fffffffff,-25.06060510293993,20.044764237674723,1,False,False
833960fffffffff,-22.507529939081785,22.24599197944536,1,False,False
833962fffffffff,-23.625823891339508,18.90478074923632,1,False,False
833963fffffffff,-24.037093604967733,19.95035117146526,1,False,False
833964fffffffff,-21.919795927355267,21.2705469697662,1,False,False
833965fffffffff,-21.42893052750815,22.219596052535188,1,False,False
833966fffffffff,-22.980792341404825,21.279945342875425,1,False,False
833969fffffffff,-21.12558043874204,26.030379110312,1,False,False
83396cfffffffff,-21.289724666175218,24.10493146608556,1,False,False
833970fffffffff,-23.73322438766157,16.949560572854857,1,False,False
833971fffffffff,-24.22307844499071,17.934041832164095,1,False,False
833972fffffffff,-24.324713861648107,15.95088621523718,1,False,False
833974fffffffff,-22.64092277152078,16.952482927610454,1,False,False
833975fffffffff,-23.13982341389122,17.931876952198888,1,False,False
833976fffffffff,-23.23028393924703,15.95904105676834,1,False,False
833980fffffffff,-24.14175091338589,3.7742397762451447,1,False,False
833981fffffffff,-24.72598806785461,4.818597850268439,1,False,False
833982fffffffff,-24.66618581964197,2.6550116611943206,1,False,False
833983fffffffff,-25.255851485389496,3.7032154960374815,1,False,False
833984fffffffff,-23.01821442012647,3.844620735426379,1,False,False
833985fffffffff,-23.60922332083257,4.884252427097255,1,False,False
833986fffffffff,-23.545454383452995,2.730747016609957,1,False,False
833988fffffffff,-26.39726658817782,5.801682798268218,1,False,False
833989fffffffff,-26.94822039480784,6.850539899727994,1,False,False
83398afffffffff,-26.929623817376733,4.685471076082275,1,False,False
83398bfffffffff,-27.486138635598685,5.739668216724281,1,False,False
83398cfffffffff,-25.29771811865056,5.863127955424604,1,False,False
83398dfffffffff,-25.856541771314674,6.90713612324826,1,False,False
83398efffffffff,-25.83301920532782,4.7523401233065234,1,False,False
833990fffffffff,-24.574667959198635,0.4784367393259567,1,False,False
833991fffffffff,-25.181850268712985,1.5273170800607134,1,False,False
833992fffffffff,-25.07534614106628,-0.6584172662089088,1,False,False
833993fffffffff,-25.68809351818081,0.3919426066590778,1,False,False
833995fffffffff,-24.06449291462113,1.6084276683213254,1,False,False
833996fffffffff,-23.95605173961048,-0.567363872186775,1,False,False
833998fffffffff,-26.87737180323373,2.501458165181913,1,False,False
833999fffffffff,-27.45291586398616,3.559202262705128,1,False,False
83399afffffffff,-27.385084879927376,1.3628706950991052,1,False,False
83399bfffffffff,-27.96647075958961,2.4236214055673524,1,False,False
83399cfffffffff,-25.77705828494276,2.5785851205889525,1,False,False
83399dfffffffff,-26.35979809933648,3.631539255139296,1,False,False
83399efffffffff,-26.288941133797035,1.445468019848127,1,False,False
8339a3fffffffff,-22.483459658696823,4.949311882186342,1,False,False
8339a8fffffffff,-23.64308260579629,7.018777658406374,1,False,False
8339a9fffffffff,-24.204393621419108,8.051950416097938,1,False,False
8339aafffffffff,-24.18816060669293,5.924011355714862,1,False,False
8339abfffffffff,-24.754601167208616,6.963213039856632,1,False,False
8339adfffffffff,-23.09148405572797,8.102262467440557,1,False,False
8339aefffffffff,-23.069303626157453,5.984340532174645,1,False,False
833c00fffffffff,-57.59454448273469,109.60488289375871,1,False,False
833c01fffffffff,-56.988913328978136,111.31027878188172,1,False,False
833c02fffffffff,-58.662951658924335,109.60320318914724,1,False,False
833c03fffffffff,-58.05511145343952,111.36845894770124,1,False,False
833c04fffffffff,-57.110040767804406,107.8865412075974,1,False,False
833c05fffffffff,-54.27458953984659,104.44217995755638,1,False,False
833c06fffffffff,-58.17644052520152,107.84288408589347,1,False,False
833c08fffffffff,-56.76601060458825,114.7295334627714,1,False,False
833c09fffffffff,-56.08819097608633,116.32527544644958,1,False,False
833c0afffffffff,-57.83502246899326,114.90758969278684,1,False,False
833c0bfffffffff,-57.15118874706716,116.55481695218472,1,False,False
833c0cfffffffff,-54.245102179194426,107.63101260371852,1,False,False
833c0dfffffffff,-53.66336892312282,109.2295957983935,1,False,False
833c0efffffffff,-57.4222283067877,113.0773137836548,1,False,False
833c10fffffffff,-61.77854958042589,106.96222311305276,1,False,False
833c11fffffffff,-61.20679669167514,108.95193172853594,1,False,False
833c12fffffffff,-62.866532663435386,106.8562228188415,1,False,False
833c13fffffffff,-62.295454529901,108.92836405287088,1,False,False
833c14fffffffff,-61.24157015654695,105.08653577072444,1,False,False
833c15fffffffff,-60.699884259178695,107.060153711099,1,False,False
833c16fffffffff,-62.31826055759688,104.90782710229024,1,False,False
833c18fffffffff,-61.05922895853792,112.85664055153488,1,False,False
833c19fffffffff,-60.398183779357495,114.71156736154902,1,False,False
833c1afffffffff,-62.15378752130677,112.99168283154764,1,False,False
833c1bfffffffff,-61.48851761125732,114.91754585152144,1,False,False
833c1cfffffffff,-60.60484085866618,110.87539103077638,1,False,False
833c1dfffffffff,-58.495954724424045,113.1996776022194,1,False,False
833c1efffffffff,-61.69234442175529,110.92882568303912,1,False,False
833c20fffffffff,-53.13330300097786,101.42083273391756,1,False,False
833c22fffffffff,-56.59618053235641,106.19299359088406,1,False,False
833c23fffffffff,-53.71691290941997,102.9201903630202,1,False,False
833c26fffffffff,-53.61066027402324,99.71842350035692,1,False,False
833c28fffffffff,-52.65962733024917,106.17971011538172,1,False,False
833c2afffffffff,-53.7378121116088,106.08444675353716,1,False,False
833c2bfffffffff,-53.18128084656039,107.67857714467922,1,False,False
833c2efffffffff,-53.19848808827445,104.57282329033102,1,False,False
833c30fffffffff,-59.64068699030717,103.42351011214356,1,False,False
833c31fffffffff,-57.67089289863938,106.10864309160551,1,False,False
833c32fffffffff,-60.69892505985505,103.2522839626925,1,False,False
833c33fffffffff,-60.179752789575495,105.2318446146133,1,False,False
833c34fffffffff,-57.64964134794641,102.5592781843538,1,False,False
833c35fffffffff,-57.13574069799573,104.40302472435567,1,False,False
833c36fffffffff,-60.13563182094816,101.437032431742,1,False,False
833c43fffffffff,-51.5008565017796,116.79401889344744,1,False,False
833c50fffffffff,-55.72216911697103,119.66993609032284,1,False,False
833c51fffffffff,-54.98063548903339,121.13994550606616,1,False,False
833c52fffffffff,-56.780773404806375,120.01191461566432,1,False,False
833c53fffffffff,-56.029932592048745,121.52360486929184,1,False,False
833c54fffffffff,-55.39051169372784,117.86503690122736,1,False,False
833c55fffffffff,-52.84473030091664,113.91663838595264,1,False,False
833c56fffffffff,-56.44629274234448,118.14195767117116,1,False,False
833c58fffffffff,-55.96241057296607,124.36433628004436,1,False,False
833c59fffffffff,-52.159757433675615,120.13590592370608,1,False,False
833c5cfffffffff,-54.223481610934016,122.55339581009352,1,False,False
833c5dfffffffff,-51.840648663282174,118.44514767481206,1,False,False
833c5efffffffff,-56.747335607854495,122.92312070018676,1,False,False
833c72fffffffff,-53.060704665626176,110.78445969190057,1,False,False
833c76fffffffff,-52.60663874852285,109.22429731751164,1,False,False
833c80fffffffff,-66.73467798973566,108.81128618327682,1,False,False
833c81fffffffff,-66.13127436795331,111.19315718233918,1,False,False
833c82fffffffff,-67.86187135320026,108.77457551706354,1,False,False
833c83fffffffff,-67.25950518201472,111.27565831824256,1,False,False
833c84fffffffff,-66.17935428937689,106.47843339655928,1,False,False
833c85fffffffff,-65.61365424305987,108.84460827148818,1,False,False
833c86fffffffff,-67.29738924790277,106.3276644204046,1,False,False
833c88fffffffff,-65.9365970205279,115.93551879908428,1,False,False
833c8cfffffffff,-65.48985446856265,113.47168027017266,1,False,False
833c8dfffffffff,-64.81315736813048,115.6466985843756,1,False,False
833c8efffffffff,-66.61675778011633,113.66267034301283,1,False,False
833c90fffffffff,-69.54919115086066,105.97665358117143,1,False,False
833c91fffffffff,-68.99440490691029,108.73393173373184,1,False,False
833c92fffffffff,-70.6812144188554,105.77069560388308,1,False,False
833c93fffffffff,-70.13142434753603,108.6886870240844,1,False,False
833c94fffffffff,-68.9339758434898,103.4395740303811,1,False,False
833c95fffffffff,-68.42095405721473,106.16125860930852,1,False,False
833c96fffffffff,-70.05485458704884,103.09958034284176,1,False,False
833c9cfffffffff,-68.39352296269526,111.36678640628364,1,False,False
833c9dfffffffff,-67.74971145210141,113.87309096569774,1,False,False
833ca0fffffffff,-64.4969518239902,104.50367102785992,1,False,False
833ca1fffffffff,-63.963149120145545,106.74111335036844,1,False,False
833ca2fffffffff,-65.59747064570509,104.2739753103834,1,False,False
833ca3fffffffff,-65.06767615827506,106.61566885131232,1,False,False
833ca4fffffffff,-63.90489431819736,102.50494760262085,1,False,False
833ca5fffffffff,-63.40362791305489,104.71418805150635,1,False,False
833ca6fffffffff,-64.99273862264207,102.19360016419712,1,False,False
833ca8fffffffff,-63.89546406380627,111.04956038910956,1,False,False
833ca9fffffffff,-63.25757414125124,113.13814941947452,1,False,False
833caafffffffff,-65.00966093974036,111.1181136132627,1,False,False
833cabfffffffff,-64.36985488338374,113.2975518727311,1,False,False
833cacfffffffff,-63.39328939871224,108.90280475088652,1,False,False
833cadfffffffff,-62.78944894676769,110.9866905828118,1,False,False
833caefffffffff,-64.49960136062647,108.87499023771932,1,False,False
833cb0fffffffff,-67.1865078166027,101.48070417261654,1,False,False
833cb1fffffffff,-66.70438222805389,104.02236347590336,1,False,False
833cb2fffffffff,-68.29064872283891,101.0700701193718,1,False,False
833cb3fffffffff,-67.81684451906341,103.74555300217476,1,False,False
833cb4fffffffff,-66.53404923820622,99.3594508556412,1,False,False
833cb5fffffffff,-66.08689879781808,101.85356222743552,1,False,False
833cb6fffffffff,-67.6237003523289,98.85940730402169,1,False,False
833cdbfffffffff,-34.29789748432579,133.7220799462674,1,False,False
833ce0fffffffff,-60.07810661266401,118.53448610723365,1,False,False
833ce1fffffffff,-59.3374279410875,120.22828539270776,1,False,False
833ce3fffffffff,-60.41603540730431,120.64026625861491,1,False,False
833ce4fffffffff,-59.7113097129351,116.49399324916602,1,False,False
833ce5fffffffff,-57.5131504920306,118.4380524079973,1,False,False
833ce6fffffffff,-60.79587726750787,116.76477667025446,1,False,False
833cecfffffffff,-58.5760291805621,121.8481814975836,1,False,False
833cedfffffffff,-57.79605040221109,123.39648310527488,1,False,False
833ceefffffffff,-59.64500657560028,122.31065050410824,1,False,False
833cf0fffffffff,-62.99298959649924,117.3744510250489,1,False,False
833cf4fffffffff,-62.58829783699365,115.14053509585362,1,False,False
833cf5fffffffff,-61.89002656423183,117.05735450250856,1,False,False
833cf6fffffffff,-63.69677641433918,115.38272543045449,1,False,False
833d02fffffffff,-54.71255431088506,97.90725299056164,1,False,False
833d06fffffffff,-54.04037184533196,96.37258651261698,1,False,False
833d10fffffffff,-57.584298908878566,94.61968403788109,1,False,False
833d11fffffffff,-55.80718638210069,97.63175136937278,1,False,False
833d12fffffffff,-58.65603045568011,94.23020472825976,1,False,False
833d13fffffffff,-56.890474804566544,97.34324201139302,1,False,False
833d14fffffffff,-56.877314809019055,93.03215654724552,1,False,False
833d15fffffffff,-55.13909615768228,96.06565112816568,1,False,False
833d16fffffffff,-57.95210772744218,92.60956849376493,1,False,False
833d18fffffffff,-55.97910382205428,101.08633148037336,1,False,False
833d1afffffffff,-57.063413944348255,100.87985240838889,1,False,False
833d1bfffffffff,-56.57157667009183,102.72827058265204,1,False,False
833d1cfffffffff,-55.3591287474585,99.47886746528324,1,False,False
833d1efffffffff,-56.44895900258964,99.23686381283564,1,False,False
833d29fffffffff,24.903156269287106,72.26985311032891,1,False,False
833d2dfffffffff,24.871661910886587,71.02251029885451,1,False,False
833d30fffffffff,-53.72836262159411,93.05361348278704,1,False,False
833d31fffffffff,-53.34365300248941,94.8757037308726,1,False,False
833d32fffffffff,-56.14510734753399,91.49244027151026,1,False,False
833d33fffffffff,-54.44577003700528,94.53941180029062,1,False,False
833d36fffffffff,-55.38900704487515,90.00053123827244,1,False,False
833d60fffffffff,28.90429814506211,73.49898274316953,1,False,False
833d63fffffffff,28.895813628921392,74.77061237502582,1,False,False
833d64fffffffff,28.90075161459009,72.21546528227006,1,False,False
833d66fffffffff,27.90617019469468,72.86665215525692,1,False,False
833d74fffffffff,25.91101505290212,72.88224021511753,1,False,False
833d80fffffffff,-62.45726774028437,94.72296554770978,1,False,False
833d81fffffffff,-62.069082665800615,96.94071344914032,1,False,False
833d82fffffffff,-63.47037739443424,94.28546945042928,1,False,False
833d83fffffffff,-63.0923728333476,96.57100367229602,1,False,False
833d84fffffffff,-61.7917554311777,92.93514742071557,1,False,False
833d85fffffffff,-61.42960819918397,95.13691534133906,1,False,False
833d86fffffffff,-62.80849179577525,92.45556586168948,1,False,False
833d88fffffffff,-62.22777234916076,100.96800131644645,1,False,False
833d89fffffffff,-61.75138146352343,103.05490752137436,1,False,False
833d8afffffffff,-63.29469821540389,100.61510991929111,1,False,False
833d8bfffffffff,-62.82418471556449,102.791072398243,1,False,False
833d8cfffffffff,-61.64547423265381,99.10400901707057,1,False,False
833d8dfffffffff,-61.18814383179682,101.20890282020332,1,False,False
833d8efffffffff,-62.67759549444232,98.79998464311036,1,False,False
833d90fffffffff,-64.79596730692074,91.4123548717836,1,False,False
833d91fffffffff,-64.47993953108224,93.77642625946034,1,False,False
833d92fffffffff,-65.82052435898167,90.6139311619458,1,False,False
833d93fffffffff,-65.52019853964939,93.08422216644388,1,False,False
833d94fffffffff,-64.11008841610976,89.56707837314244,1,False,False
833d95fffffffff,-63.8100611383117,91.9487362036114,1,False,False
833d96fffffffff,-65.08244658930786,88.9565518983919,1,False,False
833d98fffffffff,-64.79327007357466,97.90048225751777,1,False,False
833d99fffffffff,-64.36862210055766,100.23215713911026,1,False,False
833d9afffffffff,-65.8632359347044,97.3738438337318,1,False,False
833d9bfffffffff,-65.44870445187996,99.81516992764443,1,False,False
833d9cfffffffff,-64.12377116172276,96.10247510832448,1,False,False
833d9dfffffffff,-63.72832625707672,98.3839498635468,1,False,False
833d9efffffffff,-65.17749813902887,95.51560976629122,1,False,False
833da0fffffffff,-60.06269248658441,91.69913263826956,1,False,False
833da1fffffffff,-59.71493929950574,93.82067743587848,1,False,False
833da2fffffffff,-61.097159941066,91.20796430159812,1,False,False
833da3fffffffff,-60.76038240133031,93.38955862286296,1,False,False
833da4fffffffff,-59.33789028486708,90.06569936432655,1,False,False
833da5fffffffff,-59.01412732206433,92.16575481067711,1,False,False
833da6fffffffff,-60.3748676134794,89.54136320071862,1,False,False
833da8fffffffff,-59.98113799758402,97.62209833642716,1,False,False
833da9fffffffff,-59.541535603778094,99.6645762313922,1,False,False
833daafffffffff,-61.03182924331107,97.29056710911718,1,False,False
833dabfffffffff,-60.599944981357645,99.39178794769308,1,False,False
833dacfffffffff,-59.33278322144841,95.9012435613193,1,False,False
833dadfffffffff,-58.9175748054556,97.93668921007917,1,False,False
833daefffffffff,-60.38792507089155,95.52913000016804,1,False,False
833db0fffffffff,-62.40397066189984,88.40829147789717,1,False,False
833db1fffffffff,-62.11692335626186,90.69033888312612,1,False,False
833db2fffffffff,-63.394909274168974,87.7951495737672,1,False,False
833db3fffffffff,-63.121411930519045,90.14415127946988,1,False,False
833db4fffffffff,-61.65924968909626,86.74031131777527,1,False,False
833db5fffffffff,-61.39709776940376,88.98959387703366,1,False,False
833db6fffffffff,-62.6519871559797,86.09547100066094,1,False,False
833e08fffffffff,-44.71755356410132,31.937183046564204,1,False,False
833e09fffffffff,-45.1076036774306,33.505221257081494,1,False,False
833e0afffffffff,-45.47015188241318,30.64982161050899,1,False,False
833e0bfffffffff,-45.87695691288387,32.23165644357168,1,False,False
833e0dfffffffff,-43.951194803038405,33.190657165957624,1,False,False
833e0efffffffff,-44.305445638364304,30.387448086562355,1,False,False
833e18fffffffff,-45.76102201878532,27.757463724845696,1,False,False
833e19fffffffff,-46.20759122292541,29.3285326616702,1,False,False
833e1afffffffff,-46.46391831819356,26.3942338990554,1,False,False
833e1bfffffffff,-46.92849130702904,27.97341811980369,1,False,False
833e1cfffffffff,-44.59068383286832,27.549933745594057,1,False,False
833e1dfffffffff,-45.041087352399536,29.088624388569283,1,False,False
833e1efffffffff,-45.293065287118765,26.211279062626435,1,False,False
833e40fffffffff,-45.310097724359935,39.47761647256089,1,False,False
833e41fffffffff,-45.59126577358455,41.07311568112634,1,False,False
833e42fffffffff,-46.13847358316019,38.297848701581245,1,False,False
833e43fffffffff,-46.43388706163772,39.91714850527234,1,False,False
833e44fffffffff,-44.18139954858181,39.05397933554597,1,False,False
833e45fffffffff,-44.47239067240099,40.61987009295019,1,False,False
833e46fffffffff,-45.0051043014774,37.88929320308528,1,False,False
833e49fffffffff,-48.76396801606816,42.27520989546471,1,False,False
833e4afffffffff,-47.81132996351324,42.03099694210041,1,False,False
833e4dfffffffff,-47.627575473965095,42.02148098935126,1,False,False
833e4efffffffff,-46.704585707760245,41.54319509251554,1,False,False
833e50fffffffff,-46.62057340404409,35.44889797797531,1,False,False
833e51fffffffff,-46.95603567256914,37.07973855579295,1,False,False
833e52fffffffff,-47.40937664457344,34.17196054188688,1,False,False
833e53fffffffff,-47.76128189564634,35.82254180695474,1,False,False
833e54fffffffff,-45.47485157899944,35.089501482747,1,False,False
833e55fffffffff,-45.818653685596665,36.68782049531568,1,False,False
833e56fffffffff,-46.26067359686108,33.83208466587778,1,False,False
833e58fffffffff,-48.38832691099275,39.162972514082696,1,False,False
833e59fffffffff,-48.66264585606016,40.84738292711113,1,False,False
833e5afffffffff,-49.21280932442907,37.91079241772125,1,False,False
833e5bfffffffff,-49.50279206201016,39.62135248508903,1,False,False
833e5cfffffffff,-47.266553873558976,38.72211684465376,1,False,False
833e5dfffffffff,-47.55174042974806,40.37343233532386,1,False,False
833e5efffffffff,-48.08775643147355,37.48710005173985,1,False,False
833e60fffffffff,-42.22211650535992,39.760592643135936,1,False,False
833e61fffffffff,-42.07462062926606,41.3591372032669,1,False,False
833e62fffffffff,-43.04883085769025,38.64543409722325,1,False,False
833e63fffffffff,-43.34899362172387,40.18262378677,1,False,False
833e64fffffffff,-41.09280561957775,39.3530395593002,1,False,False
833e65fffffffff,-40.937239983259786,41.01518820087363,1,False,False
833e68fffffffff,-45.340178670056495,41.54296161131921,1,False,False
833e69fffffffff,-45.75361591087501,43.055838010345255,1,False,False
833e6afffffffff,-44.34094642629433,42.083948195155656,1,False,False
833e6bfffffffff,-46.48599932214291,41.77758225079171,1,False,False
833e6cfffffffff,-42.40517128849916,42.845222760647786,1,False,False
833e6dfffffffff,-44.61245721284724,42.80090879041448,1,False,False
833e6efffffffff,-43.20952658682357,41.715183648785214,1,False,False
833e70fffffffff,-43.53101016987775,35.94706137100672,1,False,False
833e71fffffffff,-43.86747804392183,37.49563268073432,1,False,False
833e72fffffffff,-44.32514259078207,34.7435794057516,1,False,False
833e73fffffffff,-44.67663344254739,36.31051867194199,1,False,False
833e75fffffffff,-42.72663642519392,37.116102377905655,1,False,False
833e76fffffffff,-43.17248326335893,34.41041177945155,1,False,False
833e89fffffffff,-50.138768208341226,23.84956634107025,1,False,False
833e8dfffffffff,-48.97862714592202,23.708571626508643,1,False,False
833e93fffffffff,-49.0388266875914,14.54182983294008,1,False,False
833e9afffffffff,-50.80498103115151,16.012062548478863,1,False,False
833e9efffffffff,-49.6555968765658,16.038318213497856,1,False,False
833ea9fffffffff,-47.14847969990012,24.99936087470124,1,False,False
833eabfffffffff,-47.81345392976274,23.57344048849948,1,False,False
833eadfffffffff,-45.97798431711991,24.84238028102984,1,False,False
833ec0fffffffff,-50.82882961564005,30.39199679566684,1,False,False
833ec1fffffffff,-51.22722495686244,32.132209727659394,1,False,False
833ec2fffffffff,-51.54985267123456,28.93248751104657,1,False,False
833ec3fffffffff,-51.96807288240503,30.68720033714217,1,False,False
833ec4fffffffff,-49.68220760882845,30.10925941245785,1,False,False
833ec5fffffffff,-50.08797696261287,31.81063945527375,1,False,False
833ec6fffffffff,-50.40372487722133,28.67721597498825,1,False,False
833ec8fffffffff,-52.720223941573565,34.27180528850652,1,False,False
833ec9fffffffff,-53.05257571830907,36.09558333309087,1,False,False
833ecafffffffff,-53.48084631417489,32.81878944345324,1,False,False
833ecbfffffffff,-53.832907140292114,34.665350893313594,1,False,False
833eccfffffffff,-51.59803562945202,33.89514759402406,1,False,False
833ecdfffffffff,-51.9405167273497,35.677860509127,1,False,False
833ecefffffffff,-52.35848301131464,32.46794876562621,1,False,False
833ed0fffffffff,-51.78409011675807,25.697411002021937,1,False,False
833ed1fffffffff,-52.24960861137403,27.432296067626016,1,False,False
833ed2fffffffff,-52.44024976446229,24.150734524767028,1,False,False
833ed3fffffffff,-52.926705879031466,25.89184026724889,1,False,False
833ed4fffffffff,-50.634046457735366,25.51146646819931,1,False,False
833ed5fffffffff,-51.10480958668256,27.20645810467176,1,False,False
833ed6fffffffff,-51.29294428410866,23.99681291765861,1,False,False
833ed8fffffffff,-53.81814498772156,29.47825961000512,1,False,False
833ed9fffffffff,-54.22081115879492,31.318384080224767,1,False,False
833edafffffffff,-54.51435508950703,27.91575318522624,1,False,False
833edbfffffffff,-54.93857212862076,29.77039176044344,1,False,False
833edcfffffffff,-52.68828796103905,29.199241973068847,1,False,False
833eddfffffffff,-53.09902640160752,30.99569632565325,1,False,False
833edefffffffff,-53.38641015799856,27.668487726878155,1,False,False
833ee0fffffffff,-47.78927586616344,31.206634411784307,1,False,False
833ee1fffffffff,-48.18357227029733,32.85655893395553,1,False,False
833ee2fffffffff,-48.52914676706762,29.83822780400876,1,False,False
833ee3fffffffff,-48.94167358184989,31.50237859996287,1,False,False
833ee4fffffffff,-46.63176771761629,30.922674559787666,1,False,False
833ee5fffffffff,-47.03263531983931,32.537881986691914,1,False,False
833ee6fffffffff,-47.37061237849526,29.57820116833829,1,False,False
833ee8fffffffff,-49.689641657410704,34.89387863060916,1,False,False
833ee9fffffffff,-50.023632824721886,36.61595659748986,1,False,False
833eeafffffffff,-50.46724054397305,33.53434415646096,1,False,False
833eebfffffffff,-50.81923127292701,35.27763914613613,1,False,False
833eecfffffffff,-48.55269830399993,34.5256162937405,1,False,False
833eedfffffffff,-48.89596581099871,36.21126354181727,1,False,False
833eeefffffffff,-49.3287673879517,33.188441496151064,1,False,False
833ef0fffffffff,-48.794819194574,26.783259131005853,1,False,False
833ef1fffffffff,-49.25082152997045,28.43271104376653,1,False,False
833ef2fffffffff,-49.477474046159486,25.33346679865868,1,False,False
833ef3fffffffff,-49.95290557471901,26.990314221405,1,False,False
833ef4fffffffff,-47.63149956575582,26.584736449293423,1,False,False
833ef5fffffffff,-48.09208739893957,28.198313997982243,1,False,False
833ef6fffffffff,-48.3153008286229,25.162916679148104,1,False,False
833f0cfffffffff,-35.43190628485318,29.935309550503472,1,False,False
833f48fffffffff,-39.1424835814705,40.016440890971445,1,False,False
833f49fffffffff,-39.43467447606701,41.45943671035237,1,False,False
833f4bfffffffff,-40.26610783068016,40.42220326207378,1,False,False
833f4dfffffffff,-39.0698983845491,41.86194771939649,1,False,False
833f68fffffffff,-36.81261991369373,41.19553979493927,1,False,False
833f69fffffffff,-37.1603543275531,42.56721480434107,1,False,False
833f6afffffffff,-37.5808574813134,40.13454124298246,1,False,False
833f6bfffffffff,-37.94033866769284,41.52321555490425,1,False,False
833f6dfffffffff,-36.04120379737877,42.22735230564368,1,False,False
833fb0fffffffff,-36.87618879395575,16.267045518517094,1,False,False
833fb1fffffffff,-37.441796998678974,17.512085464171953,1,False,False
833fb2fffffffff,-37.450818412331785,15.011804888033016,1,False,False
833fb3fffffffff,-38.03080395433489,16.249920725663618,1,False,False
833fb4fffffffff,-35.72675924289836,16.283586624296834,1,False,False
833fb5fffffffff,-36.28660850155577,17.507354461632083,1,False,False
833fb6fffffffff,-36.67189421821526,15.575156424431842,1,False,False
834004fffffffff,2.385995001315253,133.65967655095287,1,False,False
834005fffffffff,1.7159912361572862,132.8291703635564,1,False,False
83401bfffffffff,4.784856816074268,129.29924080215213,1,False,False
834020fffffffff,1.0008790320767689,134.93354797338014,1,False,False
834021fffffffff,0.3194000591375958,134.1042574259853,1,False,False
834022fffffffff,2.0309062501628734,134.70656340538946,1,False,False
834023fffffffff,1.3589334386981011,133.88072248342007,1,False,False
834024fffffffff,0.6422164139698571,135.98693736144617,1,False,False
834025fffffffff,-0.0412725808737561,135.16305637014054,1,False,False
834026fffffffff,1.674742244507457,135.75415958027287,1,False,False
83402cfffffffff,-0.3691932295980881,133.2665024124139,1,False,False
83402efffffffff,0.6795518366142188,133.0465938807,1,False,False
834030fffffffff,3.7025147009160975,135.29613005745327,1,False,False
834031fffffffff,3.048317927563577,134.48206827180712,1,False,False
834032fffffffff,4.69687404878862,135.07081196473308,1,False,False
834034fffffffff,3.3507700991108185,136.3325402784106,1,False,False
834035fffffffff,2.694997101765962,135.52390160454536,1,False,False
834036fffffffff,4.348176894743276,136.10166422676133,1,False,False
834041fffffffff,-41.77232419989813,116.14866579590633,1,False,False
834044fffffffff,-2.43592918083062,127.69004904327528,1,False,False
834046fffffffff,-1.3619710997965413,127.5002989131606,1,False,False
83404efffffffff,-42.88984665583582,116.28477204642417,1,False,False
834059fffffffff,-52.45673278645528,121.86468949509594,1,False,False
83406afffffffff,-41.14991269450895,117.36260046624848,1,False,False
83406cfffffffff,-39.372985428215856,118.4001298183849,1,False,False
83406efffffffff,-40.01966872836888,117.21369518754612,1,False,False
834070fffffffff,-1.0306698594085977,129.43093714757563,1,False,False
834071fffffffff,-1.7311578043011977,128.56371679865225,1,False,False
834073fffffffff,-0.6646407335341581,128.3693523119929,1,False,False
834080fffffffff,11.015317073721793,80.25456176078399,1,False,False
834081fffffffff,11.794515130995103,79.61717337624195,1,False,False
834082fffffffff,11.235062302769096,81.17479754151249,1,False,False
834083fffffffff,12.011087934252496,80.55003078400597,1,False,False
834086fffffffff,10.243891151476044,80.88121781115716,1,False,False
83408afffffffff,13.788503766518936,80.21243672339493,1,False,False
83408bfffffffff,14.582298363003638,79.56780915820833,1,False,False
83408efffffffff,12.79452913585614,79.91448062318116,1,False,False
834090fffffffff,10.683670313977789,82.68264624635056,1,False,False
834091fffffffff,11.4483917218893,82.08107544031692,1,False,False
834092fffffffff,10.894248840854118,83.5623263238262,1,False,False
834093fffffffff,11.655372072933298,82.97326749528467,1,False,False
834094fffffffff,9.707029861101288,82.39249555081066,1,False,False
834095fffffffff,10.466904197654523,81.78890819938654,1,False,False
834096fffffffff,9.927298761976363,83.27379516693,1,False,False
834098fffffffff,13.201284074691458,81.7636338841387,1,False,False
834099fffffffff,13.985211265279911,81.14277129272253,1,False,False
83409afffffffff,13.39470030094007,82.6669240523638,1,False,False
83409bfffffffff,14.17512360446798,82.05886247991941,1,False,False
83409cfffffffff,12.221065347936602,81.4689408738533,1,False,False
83409dfffffffff,13.001258581651047,80.84610529359207,1,False,False
83409efffffffff,12.42452169001897,82.37375205126024,1,False,False
8340a4fffffffff,7.597460131623431,134.40925471450564,1,False,False
8340a6fffffffff,8.535860051824287,134.19342875442783,1,False,False
8340b1fffffffff,9.248187436902638,80.58821543515398,1,False,False
8340b2fffffffff,8.726060243803195,82.10282911172791,1,False,False
8340b3fffffffff,9.480672567702268,81.49726415375396,1,False,False
8340b4fffffffff,10.043804499061652,134.7667271174333,1,False,False
8340d0fffffffff,16.187353974726374,78.24520730810117,1,False,False
8340d2fffffffff,16.37498983059194,79.21438005924361,1,False,False
8340d3fffffffff,17.182416927336874,78.5492345914012,1,False,False
8340d6fffffffff,15.382105363778614,78.9121032961022,1,False,False
8340dafffffffff,18.8864531407371,78.3063232833108,1,False,False
8340dbfffffffff,19.68891327868793,77.64559241094713,1,False,False
8340defffffffff,17.994264544514873,77.87272654390432,1,False,False
8340e2fffffffff,4.473332922564192,127.4317470260588,1,False,False
8340f1fffffffff,5.45901109469935,127.25081690926376,1,False,False
8340f5fffffffff,5.123718596109362,128.27262018946462,1,False,False
834108fffffffff,-0.7625898602730617,137.28117081615216,1,False,False
834109fffffffff,-1.4575559451803763,136.46018785478896,1,False,False
83410afffffffff,0.2833367735175219,137.04017889265194,1,False,False
83410bfffffffff,-0.4020686529658265,136.22226872660704,1,False,False
83410dfffffffff,-1.819318189473095,137.5247742707596,1,False,False
834110fffffffff,2.9405226275892407,140.21627194572793,1,False,False
834111fffffffff,2.289699706396446,139.4368539814178,1,False,False
834112fffffffff,3.9338691492709046,139.96730557849256,1,False,False
834113fffffffff,3.293630604316869,139.1902643624939,1,False,False
834118fffffffff,1.9852816719336792,137.60736395086022,1,False,False
834119fffffffff,1.3178858126106348,136.80176512030826,1,False,False
83411afffffffff,2.997803850679273,137.36858132987186,1,False,False
83411bfffffffff,2.340525802201633,136.56589647238428,1,False,False
83411cfffffffff,1.629644648078734,138.64761720488448,1,False,False
83411dfffffffff,0.9607223228808076,137.84868003267258,1,False,False
83411efffffffff,2.6439887662847226,138.4035767033434,1,False,False
834142fffffffff,-3.583614245206384,133.9415033256983,1,False,False
834146fffffffff,-3.952434387657754,135.0240017736742,1,False,False
834150fffffffff,-1.794970661670666,134.55893625738835,1,False,False
834151fffffffff,-2.501387377722613,133.71392007839538,1,False,False
834152fffffffff,-0.7320888480759808,134.33031673547842,1,False,False
834153fffffffff,-1.429702359704751,133.488932215381,1,False,False
834154fffffffff,-2.159754978498642,135.6297844530991,1,False,False
834155fffffffff,-2.8686369507898464,134.79015232758704,1,False,False
834156fffffffff,-1.095011488053263,135.3951234351296,1,False,False
83415cfffffffff,-3.213666359275773,132.86030765653442,1,False,False
834170fffffffff,-3.5996863982214524,136.9439281081745,1,False,False
834171fffffffff,-4.31970152848484,136.1070317116632,1,False,False
834172fffffffff,-2.52364371561183,136.70072932382462,1,False,False
834173fffffffff,-3.2348754513321345,135.8670751538704,1,False,False
834175fffffffff,-4.684995916955594,137.189819576245,1,False,False
834176fffffffff,-2.886228601318112,137.77102298607912,1,False,False
834180fffffffff,7.183119929955205,138.22862799418323,1,False,False
834181fffffffff,6.57576310366887,137.45230034533893,1,False,False
834182fffffffff,8.122178855382394,137.99425553054806,1,False,False
834183fffffffff,7.525439906345212,137.22055303934192,1,False,False
834184fffffffff,6.838602968871991,139.23518116531594,1,False,False
834185fffffffff,6.230426221968346,138.46538657134357,1,False,False
834186fffffffff,7.780580194386274,138.9959722059224,1,False,False
834188fffffffff,6.302932838587343,135.6472251104666,1,False,False
834189fffffffff,5.677698970837185,134.84791475508382,1,False,False
83418afffffffff,7.259618416103372,135.42359923379374,1,False,False
83418bfffffffff,6.644657353490725,134.62740626020883,1,False,False
83418cfffffffff,5.958748286063932,136.66712059062803,1,False,False
83418dfffffffff,5.332348917183521,135.87323636677792,1,False,False
83418efffffffff,6.918941304544704,136.43815976805138,1,False,False
834190fffffffff,9.62345871294077,138.52463891896625,1,False,False
834191fffffffff,9.04735391752914,137.7622410154608,1,False,False
834192fffffffff,10.523936713754846,138.29246062949963,1,False,False
834193fffffffff,9.958434564254087,137.53255653845414,1,False,False
834194fffffffff,9.285546867747875,139.51507009025187,1,False,False
834195fffffffff,8.708942210045866,138.75913382068936,1,False,False
834196fffffffff,10.18936245297616,139.27824923359046,1,False,False
834198fffffffff,8.797345443060252,135.98734534706526,1,False,False
834199fffffffff,8.20213739588264,135.20232787760187,1,False,False
83419afffffffff,9.715099665776703,135.76543225702818,1,False,False
83419bfffffffff,9.130262210368038,134.98338054816918,1,False,False
83419cfffffffff,8.461210617658784,136.99117558565035,1,False,False
83419dfffffffff,7.865223092867869,136.21157799032065,1,False,False
83419efffffffff,9.38284627284956,136.7641390588079,1,False,False
8341a0fffffffff,5.534676273373764,140.48588049087024,1,False,False
8341a1fffffffff,4.914918383481905,139.7208202359223,1,False,False
8341a2fffffffff,6.492234856078751,140.23959649143063,1,False,False
8341a3fffffffff,5.883279464243931,139.47678800394897,1,False,False
8341a5fffffffff,4.564404268518072,140.73459614751943,1,False,False
8341a6fffffffff,6.144365722883408,141.24126577487164,1,False,False
8341a8fffffffff,4.635806905529863,137.92302166585426,1,False,False
8341a9fffffffff,3.997826936684824,137.13230064690686,1,False,False
8341aafffffffff,5.612448893416027,137.68644671967755,1,False,False
8341abfffffffff,4.984933121158863,136.89849069585443,1,False,False
8341acfffffffff,4.285330893674288,138.94617597373457,1,False,False
8341adfffffffff,3.646188741058851,138.16205497128843,1,False,False
8341aefffffffff,5.264386616595478,138.7045596774274,1,False,False
8341b0fffffffff,8.02468006763093,140.74689883956518,1,False,False
8341b1fffffffff,7.436751986547995,139.99571763053484,1,False,False
8341b2fffffffff,8.989033816840037,140.48224597195795,1,False,False
8341b3fffffffff,8.367939255605355,139.75421755629338,1,False,False
8341b5fffffffff,7.0910372362902905,140.9928910092162,1,False,False
8341b6fffffffff,8.82045465978244,141.39466512195477,1,False,False
834205fffffffff,-49.256610921220606,75.25283422168002,1,False,False
834208fffffffff,-58.748360027740034,74.42481980987168,1,False,False
834209fffffffff,-58.68001534899523,76.51798111326103,1,False,False
83420afffffffff,-59.69195160476459,73.5543840490245,1,False,False
83420bfffffffff,-59.64180592250844,75.69067222864693,1,False,False
83420dfffffffff,-57.78693539224452,75.25947536127205,1,False,False
834219fffffffff,-60.61701680242296,72.64624568489168,1,False,False
83421bfffffffff,-61.52289042310218,71.69838811072908,1,False,False
834224fffffffff,-42.48188722455647,67.54402212732384,1,False,False
834226fffffffff,-42.546515821238266,66.11076688888167,1,False,False
834240fffffffff,-57.23799549814902,83.46675651396832,1,False,False
834241fffffffff,-57.0150638744589,85.50267210270539,1,False,False
834242fffffffff,-58.26514034197808,82.81357590837452,1,False,False
834243fffffffff,-58.05636299724088,84.8987910012135,1,False,False
834244fffffffff,-56.39941523449356,82.0901101005195,1,False,False
834245fffffffff,-56.19624213264033,84.09111476187432,1,False,False
834246fffffffff,-57.42667694310745,81.41927632726645,1,False,False
834248fffffffff,-57.53436680990912,89.0167738997612,1,False,False
834249fffffffff,-57.22231042262401,91.03956443395172,1,False,False
83424afffffffff,-58.58738081587566,88.4889463727386,1,False,False
83424bfffffffff,-58.28681080522853,90.56451701932428,1,False,False
83424cfffffffff,-56.75821761955693,87.5220356372846,1,False,False
83424dfffffffff,-56.46799089742808,89.52010411830821,1,False,False
83424efffffffff,-57.81261176839809,86.96823926487669,1,False,False
834250fffffffff,-59.43466224828778,79.9843410905221,1,False,False
834251fffffffff,-59.2769275425445,82.12971213631609,1,False,False
834252fffffffff,-60.41392591238528,79.21630863557829,1,False,False
834253fffffffff,-60.27264056923017,81.41316047808625,1,False,False
834254fffffffff,-58.57691196154963,78.6175764289454,1,False,False
834255fffffffff,-58.43867452736701,80.7179857254258,1,False,False
834256fffffffff,-59.556202465553774,77.83598434235938,1,False,False
834258fffffffff,-59.87859953449467,85.77863994580068,1,False,False
834259fffffffff,-59.62631507280669,87.93488498685413,1,False,False
83425afffffffff,-60.888791666230006,85.13896994082106,1,False,False
83425bfffffffff,-60.650487306229145,87.35269589745768,1,False,False
83425cfffffffff,-59.08296736951374,84.2661171942718,1,False,False
83425dfffffffff,-58.85297833176168,86.38772503667101,1,False,False
83425efffffffff,-60.09415946704716,83.60270707679423,1,False,False
834260fffffffff,-54.500871157499134,81.4246452696371,1,False,False
834261fffffffff,-54.30224636217901,83.34736571402694,1,False,False
834262fffffffff,-55.54216753572324,80.76719891075943,1,False,False
834263fffffffff,-55.35766781217486,82.73225649153217,1,False,False
834268fffffffff,-54.89142093138415,86.6311064228503,1,False,False
834269fffffffff,-54.61039284875271,88.55616655415993,1,False,False
83426afffffffff,-55.95982128647087,86.07955683474474,1,False,False
83426bfffffffff,-55.690548629012895,88.0508204905021,1,False,False
83426cfffffffff,-54.07207423584134,85.26015157195168,1,False,False
83426dfffffffff,-53.81068301289815,87.1588581746019,1,False,False
83426efffffffff,-55.140662875304514,84.6883782771618,1,False,False
834270fffffffff,-56.70540352180095,78.06971166060625,1,False,False
834271fffffffff,-56.56913789775744,80.08133918715055,1,False,False
834272fffffffff,-57.70097013620334,77.31036731615971,1,False,False
834273fffffffff,-57.58097690166108,79.36539337647234,1,False,False
834275fffffffff,-55.69408021817065,78.79778789941616,1,False,False
834276fffffffff,-56.808400869922366,76.060179165679,1,False,False
8342c0fffffffff,-64.08146503106583,78.17429349921757,1,False,False
8342c1fffffffff,-63.97155330875509,80.59691134637825,1,False,False
8342c2fffffffff,-64.98706925116504,77.25837274199314,1,False,False
8342c3fffffffff,-64.89598774448889,79.74453308719004,1,False,False
8342c4fffffffff,-63.24466614352401,76.68330828611107,1,False,False
8342c5fffffffff,-63.15662397307709,79.04493019638868,1,False,False
8342c6fffffffff,-64.15045537704343,75.75434006844354,1,False,False
8342c8fffffffff,-64.58707681672361,84.69829420097713,1,False,False
8342c9fffffffff,-64.3693672417682,87.14763130756077,1,False,False
8342cafffffffff,-65.52833959727957,83.94027843035035,1,False,False
8342cbfffffffff,-65.3268258606489,86.46294250025186,1,False,False
8342ccfffffffff,-63.82043278861729,83.0135521916832,1,False,False
8342cdfffffffff,-63.62811515213904,85.4157016674137,1,False,False
8342cefffffffff,-64.7626897704694,82.22759663276985,1,False,False
8342d1fffffffff,-65.87286740560907,76.29404726139632,1,False,False
8342d3fffffffff,-66.73830235636964,75.27796783377076,1,False,False
8342d5fffffffff,-65.0363491636743,74.77845420761942,1,False,False
8342d8fffffffff,-66.59145172213037,80.52128769382689,1,False,False
8342d9fffffffff,-66.46316284546104,83.05712326720007,1,False,False
8342dafffffffff,-67.52559596661796,79.21321686923793,1,False,False
8342dbfffffffff,-67.42306098690388,81.85273825519366,1,False,False
8342dcfffffffff,-65.80130817986002,78.84585724535242,1,False,False
8342ddfffffffff,-65.68653926913198,81.39796387303933,1,False,False
8342defffffffff,-66.68696953998187,77.89748682290814,1,False,False
8342e0fffffffff,-61.46203913300008,76.16322497941199,1,False,False
8342e1fffffffff,-61.37578123881124,78.4117089734311,1,False,False
8342e2fffffffff,-62.38725019721481,75.26759754632195,1,False,False
8342e3fffffffff,-62.31957174036845,77.56820805684497,1,False,False
8342e4fffffffff,-60.5856387428644,74.82644876468821,1,False,False
8342e5fffffffff,-60.51813850425104,77.01858761954537,1,False,False
8342e6fffffffff,-61.51083905222933,73.92320442998643,1,False,False
8342e8fffffffff,-62.067597749915365,82.17508714701788,1,False,False
8342e9fffffffff,-61.88290361461686,84.46652414087171,1,False,False
8342eafffffffff,-63.02856408254016,81.40613021020513,1,False,False
8342ebfffffffff,-62.86031483896221,83.75891754930952,1,False,False
8342ecfffffffff,-61.2515940281414,80.6617609530478,1,False,False
8342edfffffffff,-61.08925431889697,82.90645661222496,1,False,False
8342eefffffffff,-62.21313168379141,79.87318641378222,1,False,False
8342f1fffffffff,-63.29314175515593,74.32926380889757,1,False,False
8342f3fffffffff,-64.17910513857929,73.34563572047438,1,False,False
8342f5fffffffff,-62.41675830184713,72.97871618517442,1,False,False
834300fffffffff,-44.46529393799892,66.60350944892471,1,False,False
834302fffffffff,-45.42864236705358,67.2193725603464,1,False,False
834303fffffffff,-44.6182871714329,68.1356688331655,1,False,False
834304fffffffff,-44.82137835755522,64.61222179603737,1,False,False
834306fffffffff,-45.800411941207095,65.18637829009616,1,False,False
834308fffffffff,-41.39584062430289,69.65652867047605,1,False,False
834309fffffffff,-42.29560401049897,70.44748991115928,1,False,False
83430bfffffffff,-42.39840143190017,68.99016005394101,1,False,False
83430dfffffffff,-41.27974328991086,71.09255422214179,1,False,False
834310fffffffff,-47.71807623420304,66.37743200134564,1,False,False
834311fffffffff,-46.94438693769991,67.34633449142041,1,False,False
834312fffffffff,-48.655582271724896,66.99513267241333,1,False,False
834313fffffffff,-47.88776523509451,67.97087068912666,1,False,False
834314fffffffff,-47.52691318331264,64.79838659747908,1,False,False
834315fffffffff,-46.766171962741865,65.77464895472656,1,False,False
834316fffffffff,-48.47281092474578,65.39352624251255,1,False,False
834318fffffffff,-45.69716797704099,70.33281221492112,1,False,False
83431cfffffffff,-45.57337950516338,68.77122580840772,1,False,False
83431dfffffffff,-44.75092012063429,69.67824922548193,1,False,False
83431efffffffff,-47.10122171064612,68.93076019291176,1,False,False
834320fffffffff,-43.109944165174085,63.01724284009926,1,False,False
834322fffffffff,-44.608122634828526,63.09912529257549,1,False,False
834323fffffffff,-43.30863306553783,64.50196342545789,1,False,False
834326fffffffff,-44.37602293627293,61.60366205566527,1,False,False
834330fffffffff,-46.34785987664408,62.67809122387117,1,False,False
834331fffffffff,-45.59399210112679,63.651600100916966,1,False,False
834332fffffffff,-47.31487614446561,63.235903279025,1,False,False
834333fffffffff,-46.56712103708668,64.21788406524055,1,False,False
834334fffffffff,-46.1090884250422,61.15717954149435,1,False,False
834335fffffffff,-45.36803925066681,62.134149656291655,1,False,False
834336fffffffff,-47.08264433632114,61.69200732512391,1,False,False
834366fffffffff,-41.68462252484227,76.35222851368606,1,False,False
834370fffffffff,-42.03059040672145,73.38855390376659,1,False,False
834371fffffffff,-42.91920804977174,74.27332030022538,1,False,False
834372fffffffff,-42.17310614819637,71.91423688534677,1,False,False
834373fffffffff,-43.06977394648074,72.76843821837558,1,False,False
834374fffffffff,-40.98981441983959,73.98776117148127,1,False,False
834375fffffffff,-41.86781586415555,74.86853478328617,1,False,False
834376fffffffff,-41.14448792316305,72.5368907131515,1,False,False
834380fffffffff,-51.50778594034685,70.6242894220129,1,False,False
834382fffffffff,-52.37229087821599,71.32843753869318,1,False,False
834383fffffffff,-51.61449419011854,72.31548964713981,1,False,False
834384fffffffff,-51.3768811405472,68.94188480156029,1,False,False
834386fffffffff,-52.25215996537681,69.62342534744208,1,False,False
83438afffffffff,-50.90732044030576,74.96388267555999,1,False,False
834390fffffffff,-53.95283851846556,71.03800829803203,1,False,False
834391fffffffff,-53.21988085910407,72.04969611662575,1,False,False
834392fffffffff,-54.77764903121293,71.77191121522127,1,False,False
834393fffffffff,-54.050263538923794,72.788459404355,1,False,False
834394fffffffff,-53.8300536948036,69.2962083518665,1,False,False
834395fffffffff,-53.11091645843831,70.32198975257458,1,False,False
834396fffffffff,-54.66629999117404,70.00618130312535,1,False,False
834398fffffffff,-52.53828697934006,74.75873800584405,1,False,False
834399fffffffff,-51.754415901971946,75.71263207219887,1,False,False
83439cfffffffff,-52.46773531117002,73.04121625669171,1,False,False
83439dfffffffff,-51.69675141025333,74.01258964347547,1,False,False
83439efffffffff,-53.30369620804999,73.78404871430911,1,False,False
8343a0fffffffff,-50.32088698212718,66.6294341961817,1,False,False
8343a1fffffffff,-49.57818736446262,67.62816263632823,1,False,False
8343a2fffffffff,-51.22214381528406,67.27108111241652,1,False,False
8343a3fffffffff,-50.4854283528929,68.27693926777,1,False,False
8343a4fffffffff,-50.13357668861841,64.99689108699683,1,False,False
8343a5fffffffff,-49.40429551130008,66.00373027529102,1,False,False
8343a6fffffffff,-51.04404283479517,65.61456646699625,1,False,False
8343acfffffffff,-48.81625940274933,68.61054139410223,1,False,False
8343b0fffffffff,-52.818745438987385,66.89873206472065,1,False,False
8343b1fffffffff,-52.10766232702368,67.92912099259317,1,False,False
8343b2fffffffff,-53.72178057847993,67.61411686510473,1,False,False
8343b3fffffffff,-52.977075846739694,68.60400978027548,1,False,False
8343b4fffffffff,-52.79035355073194,65.36880039669589,1,False,False
8343b5fffffffff,-51.93922699161256,66.24835430338368,1,False,False
8343b6fffffffff,-53.71035001734451,66.06457992941105,1,False,False
834402fffffffff,-30.380897494046955,-26.102195291935583,1,False,False
834403fffffffff,-29.32620275121264,-26.212477875217683,1,False,False
834408fffffffff,-27.185369810853224,-26.429508575122856,1,False,False
834409fffffffff,-26.100463752655063,-26.53629272589551,1,False,False
83440afffffffff,-27.58128793002041,-25.342285099843565,1,False,False
83440bfffffffff,-26.50592218085326,-25.454503969816304,1,False,False
83440efffffffff,-28.26082811618569,-26.321576238300096,1,False,False
834410fffffffff,-31.78033818187596,-24.881277465718806,1,False,False
834411fffffffff,-30.74707819836265,-24.99838646936109,1,False,False
834412fffffffff,-32.12178426103473,-23.77930660263783,1,False,False
834413fffffffff,-31.09892012504713,-23.90187570172404,1,False,False
834418fffffffff,-29.01929310183851,-24.143148856929688,1,False,False
834419fffffffff,-27.96358091499856,-24.261891232083165,1,False,False
83441afffffffff,-29.37773765103904,-23.06511344165997,1,False,False
83441bfffffffff,-28.332258576285582,-23.18902339748573,1,False,False
83441cfffffffff,-29.70245629478765,-25.11424480605911,1,False,False
83441dfffffffff,-28.647002668367524,-25.22887147169356,1,False,False
83441efffffffff,-30.06458794295904,-24.02315000666654,1,False,False
834441fffffffff,-21.22747278522998,-28.018237461576724,1,False,False
834442fffffffff,-22.795980629035554,-26.84992932637508,1,False,False
834443fffffffff,-21.680378254606783,-26.952292339090327,1,False,False
834448fffffffff,-19.432796544927687,-27.153842199832813,1,False,False
834449fffffffff,-18.302501980981333,-27.2530605077907,1,False,False
83444afffffffff,-19.88980591609732,-26.103708206552184,1,False,False
83444bfffffffff,-18.76693014710541,-26.20804743006497,1,False,False
83444cfffffffff,-20.09840548484426,-28.11420391243049,1,False,False
83444dfffffffff,-18.964803870280424,-28.209169057503228,1,False,False
83444efffffffff,-20.55903981454341,-27.053591336710607,1,False,False
834450fffffffff,-24.32886755853131,-25.67542882792944,1,False,False
834451fffffffff,-23.228583200147263,-25.78416967291325,1,False,False
834452fffffffff,-24.739974046388088,-24.61076406438811,1,False,False
834453fffffffff,-23.64881059238413,-24.72466340234216,1,False,False
834454fffffffff,-25.00678410060501,-26.641946185180565,1,False,False
834455fffffffff,-23.905041442925324,-26.746486109772107,1,False,False
834456fffffffff,-25.42155374568822,-25.5655460144836,1,False,False
834458fffffffff,-21.445850605936748,-24.94897891601913,1,False,False
834459fffffffff,-20.33559619747165,-25.05942873347196,1,False,False
83445afffffffff,-21.871654265748205,-23.90629610755545,1,False,False
83445bfffffffff,-20.76997342417759,-24.02164254052972,1,False,False
83445cfffffffff,-22.12145259353133,-25.891785488153683,1,False,False
83445dfffffffff,-21.008257368939343,-25.9982928954366,1,False,False
83445efffffffff,-22.55051702880251,-24.83739602766195,1,False,False
834469fffffffff,-19.14393215393505,-30.24858608299257,1,False,False
83446bfffffffff,-19.62660494291655,-29.179438978374016,1,False,False
834488fffffffff,-29.6723511704068,-18.985625263222683,1,False,False
834489fffffffff,-28.659128228769703,-19.12705595364532,1,False,False
83448bfffffffff,-28.972100966654573,-18.105370307194857,1,False,False
83448cfffffffff,-30.37094923923037,-19.883693847577725,1,False,False
83448dfffffffff,-29.357279148254207,-20.022067526341523,1,False,False
8344a1fffffffff,-32.448815189866465,-22.68552882478356,1,False,False
8344a8fffffffff,-30.74678847228052,-21.865197616205315,1,False,False
8344a9fffffffff,-29.722413648066432,-21.995438582431174,1,False,False
8344abfffffffff,-30.053434950147818,-20.93476394922112,1,False,False
8344acfffffffff,-31.436516707507938,-22.81338556529497,1,False,False
8344adfffffffff,-30.412663835086864,-22.939907241768715,1,False,False
8344c0fffffffff,-25.204438580935808,-20.562009875002943,1,False,False
8344c1fffffffff,-24.14456197053917,-20.693699159941453,1,False,False
8344c2fffffffff,-25.56198404669585,-19.543141745174363,1,False,False
8344c3fffffffff,-24.512335347185257,-19.679162108330743,1,False,False
8344c4fffffffff,-25.89640403074392,-21.46169379101985,1,False,False
8344c5fffffffff,-24.834377313299136,-21.590155580658987,1,False,False
8344c6fffffffff,-26.25625757812749,-20.429020123929043,1,False,False
8344c8fffffffff,-22.390881054413367,-19.947296423468,1,False,False
8344c9fffffffff,-21.320427463902035,-20.079444713207184,1,False,False
8344cafffffffff,-22.76667254536499,-18.950626641255774,1,False,False
8344cbfffffffff,-21.70600803503699,-19.086867993497627,1,False,False
8344ccfffffffff,-23.077285049837982,-20.82410559006677,1,False,False
8344cdfffffffff,-22.003294751552414,-20.95324648841661,1,False,False
8344cefffffffff,-23.45508030878316,-19.813874565799555,1,False,False
8344d0fffffffff,-26.93792003731458,-18.39253539042388,1,False,False
8344d1fffffffff,-25.90709345139148,-18.53406152559479,1,False,False
8344d2fffffffff,-27.25997160919704,-17.389718045334376,1,False,False
8344d3fffffffff,-26.239877171357367,-17.535245529985396,1,False,False
8344d4fffffffff,-27.63596471475219,-19.26710668000156,1,False,False
8344d5fffffffff,-26.60339408660267,-19.405795891743537,1,False,False
8344d6fffffffff,-27.95977031927317,-18.24964433026376,1,False,False
8344d8fffffffff,-24.174642958321986,-17.822221237194366,1,False,False
8344d9fffffffff,-23.16350845012336,-17.951993138980285,1,False,False
8344dafffffffff,-24.660342934347845,-16.782324035792833,1,False,False
8344dbfffffffff,-23.651261262832705,-16.91484739839714,1,False,False
8344dcfffffffff,-24.867866662188383,-18.67424049736567,1,False,False
8344ddfffffffff,-23.82084722284807,-18.813089795310635,1,False,False
8344defffffffff,-25.21123992454205,-17.679407483876084,1,False,False
8344e0fffffffff,-26.21191619681236,-23.43302977582293,1,False,False
8344e1fffffffff,-25.13828340295714,-23.55316295340041,1,False,False
8344e2fffffffff,-26.587453385384173,-22.37824368487621,1,False,False
8344e3fffffffff,-25.523759178294394,-22.50326852382329,1,False,False
8344e4fffffffff,-26.8980358626186,-24.379395759489697,1,False,False
8344e5fffffffff,-25.823280502849308,-24.49568072181852,1,False,False
8344e6fffffffff,-27.276785767801847,-23.31165599410125,1,False,False
8344e8fffffffff,-23.372112752292207,-22.74956182234649,1,False,False
8344e9fffffffff,-22.285544305957675,-22.87086548421496,1,False,False
8344eafffffffff,-23.764494017848484,-21.7173453037276,1,False,False
8344ebfffffffff,-22.68743654485954,-21.843280526575587,1,False,False
8344ecfffffffff,-24.056555920256,-23.67207341084076,1,False,False
8344edfffffffff,-22.96743537560233,-23.78977871208723,1,False,False
8344eefffffffff,-24.45175354456901,-22.627035317814304,1,False,False
8344f0fffffffff,-27.994317312998408,-21.20088223101693,1,False,False
8344f1fffffffff,-26.94992323918755,-21.33194206648772,1,False,False
8344f2fffffffff,-28.33325306178088,-20.15906730530216,1,False,False
8344f3fffffffff,-27.299393236482583,-20.294712001900297,1,False,False
8344f4fffffffff,-28.687370469541285,-22.124347269492137,1,False,False
8344f5fffffffff,-27.642193159963835,-22.2519427306073,1,False,False
8344f6fffffffff,-29.029003461378505,-21.068495794983043,1,False,False
834501fffffffff,-25.351164564748288,-30.179851114449928,1,False,False
834508fffffffff,-25.22204089247365,-28.09336570138025,1,False,False
834509fffffffff,-24.60798561138704,-27.11976011114214,1,False,False
83450afffffffff,-26.28653311971057,-27.9407494075984,1,False,False
83450bfffffffff,-25.680663445913424,-26.96351279242705,1,False,False
83450cfffffffff,-24.75543276158132,-29.213376374938207,1,False,False
83450dfffffffff,-24.14638486467523,-28.244871014436686,1,False,False
83450efffffffff,-25.82278527206904,-29.06556548637248,1,False,False
834521fffffffff,-23.31410295839021,-32.50741976792885,1,False,False
834523fffffffff,-24.38689414517641,-32.37414440580558,1,False,False
834528fffffffff,-23.201447409859977,-30.4647468236333,1,False,False
834529fffffffff,-22.58909672864608,-29.50574994815992,1,False,False
83452afffffffff,-24.281472107640425,-30.322828615617823,1,False,False
83452bfffffffff,-23.67732567376625,-29.36010118782179,1,False,False
83452cfffffffff,-22.71940343400684,-31.55814884464488,1,False,False
83452dfffffffff,-22.111738412645103,-30.60561574500615,1,False,False
83452efffffffff,-23.80080829584525,-31.42105129534232,1,False,False
834572fffffffff,-23.52434770815367,-27.274883523208853,1,False,False
834576fffffffff,-23.06018117936848,-28.395275338237035,1,False,False
834881fffffffff,-17.750101884583415,-35.57113750837217,1,False,False
834883fffffffff,-18.277131796525868,-34.487644601332384,1,False,False
834888fffffffff,-15.944719272355146,-34.610851742506064,1,False,False
834889fffffffff,-14.776543389768577,-34.671461541986446,1,False,False
83488afffffffff,-16.47130275247736,-33.53923647716873,1,False,False
83488bfffffffff,-15.306870518626951,-33.605583825993484,1,False,False
83488cfffffffff,-16.580776381270454,-35.62717240763936,1,False,False
83488dfffffffff,-15.409967731930047,-35.682599429643254,1,False,False
83488efffffffff,-17.11190522084953,-34.549582983216126,1,False,False
834899fffffffff,-16.989197314651975,-32.46850267021958,1,False,False
83489cfffffffff,-18.79480876778578,-33.40437511556972,1,False,False
83489dfffffffff,-17.63426805676931,-33.47217075501038,1,False,False
83489efffffffff,-19.302650044309107,-32.32210264114406,1,False,False
8348c0fffffffff,-10.731494879838475,-35.89842042955268,1,False,False
8348c1fffffffff,-9.567935434316734,-35.95095009286936,1,False,False
8348c2fffffffff,-11.275814167450546,-34.84944050981602,1,False,False
8348c3fffffffff,-10.11339718048784,-34.90751673741159,1,False,False
8348c6fffffffff,-11.898443198559567,-35.84532957540099,1,False,False
8348c8fffffffff,-7.8009895421600035,-35.02185199892533,1,False,False
8348c9fffffffff,-6.652828937884964,-35.07812966476547,1,False,False
8348cafffffffff,-8.34340212552367,-33.989199259680134,1,False,False
8348cbfffffffff,-7.195517915355187,-34.05082194591964,1,False,False
8348ccfffffffff,-8.408707819820386,-36.002927329651804,1,False,False
8348cdfffffffff,-7.254733740734485,-36.05436072446413,1,False,False
8348cefffffffff,-8.954813444889046,-34.96498409669462,1,False,False
8348d0fffffffff,-12.977466977748255,-33.73616839405012,1,False,False
8348d1fffffffff,-11.814427713547412,-33.80042753365302,1,False,False
8348d2fffffffff,-13.506922244070497,-32.68231137524123,1,False,False
8348d3fffffffff,-12.346759695230574,-32.75208434004462,1,False,False
8348d4fffffffff,-13.608351864530489,-34.73142282220754,1,False,False
8348d5fffffffff,-12.441118982799392,-34.79074580716625,1,False,False
8348d6fffffffff,-14.141936185427,-33.671224107153414,1,False,False
8348d8fffffffff,-10.03304901366378,-32.88945412514945,1,False,False
8348d9fffffffff,-8.8813750168487,-32.95707306561951,1,False,False
8348dafffffffff,-10.564017937298862,-31.85322734231848,1,False,False
8348dbfffffffff,-9.414331260886172,-31.926141926821987,1,False,False
8348dcfffffffff,-10.653776032027311,-33.86401215216262,1,False,False
8348ddfffffffff,-9.496457710329532,-33.926932660507326,1,False,False
8348defffffffff,-11.18848727105821,-32.82112819949298,1,False,False
8348e8fffffffff,-8.464207563872082,-38.03483982675253,1,False,False
8348e9fffffffff,-7.305570606332696,-38.075769571941,1,False,False
8348eafffffffff,-9.017997263241206,-36.99362063935362,1,False,False
8348ebfffffffff,-7.8587514555188,-37.04008168100621,1,False,False
8348f2fffffffff,-14.238655229413636,-35.73742831049949,1,False,False
8348f3fffffffff,-13.067820623644993,-35.791668581699774,1,False,False
834b30fffffffff,10.738609492902318,140.86049648336035,1,False,False
834b32fffffffff,9.78468478795736,141.1269456808708,1,False,False
834b34fffffffff,10.88759634293916,139.9567698366343,1,False,False
834b35fffffffff,11.68181200892807,140.59531995306187,1,False,False
834b36fffffffff,9.94348227805323,140.21886902255687,1,False,False
835200fffffffff,-56.51447491660472,51.40384609538034,1,False,False
835201fffffffff,-56.7112130672885,53.2456861883252,1,False,False
835202fffffffff,-57.322725808289725,50.0295195031026,1,False,False
835203fffffffff,-57.53444943407315,51.915935775940966,1,False,False
835204fffffffff,-55.48181988100405,50.91368839103124,1,False,False
835205fffffffff,-55.6938443152706,52.7169359073298,1,False,False
835206fffffffff,-56.28768445709699,49.55864969605668,1,False,False
835208fffffffff,-57.86649491964904,55.67090703191341,1,False,False
835209fffffffff,-57.98812709567282,57.53153356608147,1,False,False
83520afffffffff,-58.70609441498796,54.37455699059938,1,False,False
83520bfffffffff,-58.840495407266886,56.2874287367732,1,False,False
83520cfffffffff,-56.878418847428506,55.08039067210854,1,False,False
83520dfffffffff,-57.01673830551814,56.90426776649176,1,False,False
83520efffffffff,-57.71550894280461,53.79773807772488,1,False,False
835211fffffffff,-58.116785925970106,48.59126641111647,1,False,False
835215fffffffff,-57.079886462436754,48.14256821060905,1,False,False
835218fffffffff,-59.35338022994711,51.03803788759678,1,False,False
835219fffffffff,-59.53379628263043,53.0116994662492,1,False,False
83521bfffffffff,-60.34777755918898,51.57874787869006,1,False,False
83521cfffffffff,-58.34483268006076,50.52215977109672,1,False,False
83521dfffffffff,-58.54109503755237,52.45137554275362,1,False,False
835220fffffffff,-53.62259825835962,51.723996176820194,1,False,False
835221fffffffff,-53.83615535979507,53.45044211365412,1,False,False
835222fffffffff,-54.4371660045144,50.44415058478448,1,False,False
835223fffffffff,-54.66407218623195,52.21012703424791,1,False,False
835224fffffffff,-52.57015586276974,51.25736902419782,1,False,False
835225fffffffff,-52.79834943468047,52.949997258872365,1,False,False
835226fffffffff,-53.38122813136548,49.99401759598028,1,False,False
835228fffffffff,-55.033186438272125,55.72498381010037,1,False,False
835229fffffffff,-55.176521564849935,57.46736843585061,1,False,False
83522afffffffff,-55.876893635747216,54.51438612458808,1,False,False
83522bfffffffff,-56.03154329179571,56.30255286487953,1,False,False
83522cfffffffff,-54.022342071202665,55.17024640343666,1,False,False
83522dfffffffff,-54.18171050143916,56.880371618522055,1,False,False
83522efffffffff,-54.86257642824631,53.97150212023149,1,False,False
835230fffffffff,-54.96916706145489,47.30404590066932,1,False,False
835231fffffffff,-55.24036795680439,49.1081980370372,1,False,False
835232fffffffff,-55.74254826190791,45.873465507340136,1,False,False
835233fffffffff,-56.030456639651504,47.71391781257065,1,False,False
835234fffffffff,-53.89672414443139,46.91178426739916,1,False,False
835235fffffffff,-54.18147021598752,48.67691686585917,1,False,False
835236fffffffff,-54.668032709382025,45.50479715773068,1,False,False
835240fffffffff,-57.29787375175243,64.02304048691339,1,False,False
835241fffffffff,-57.30507723343428,65.7432571165214,1,False,False
835242fffffffff,-58.18578517614372,63.0016796215545,1,False,False
835243fffffffff,-58.19935503989039,64.77679624162722,1,False,False
835244fffffffff,-56.38140579972272,63.297180361368426,1,False,False
835245fffffffff,-56.40627995979052,64.9916076302711,1,False,False
835246fffffffff,-57.26650454040173,62.27621176453533,1,False,False
835248fffffffff,-58.15493823206199,68.23766252739907,1,False,False
83524afffffffff,-59.056503618003774,67.33195724467625,1,False,False
83524cfffffffff,-57.28926600279288,67.43443895427292,1,False,False
83524dfffffffff,-57.25162872394544,69.09444618465898,1,False,False
83524efffffffff,-58.18866614928319,66.52294269536308,1,False,False
835250fffffffff,-59.02080872720396,60.065879206808525,1,False,False
835251fffffffff,-59.06865882211589,61.923792897165725,1,False,False
835252fffffffff,-59.88705513774975,58.86883151127943,1,False,False
835253fffffffff,-59.94505572450636,60.78538420143327,1,False,False
835254fffffffff,-58.08124286065525,59.37586615938525,1,False,False
835255fffffffff,-58.14678445172651,61.20035323804732,1,False,False
835256fffffffff,-58.9450947775218,58.185852645950064,1,False,False
835258fffffffff,-59.97787045228416,64.54112071598327,1,False,False
83525cfffffffff,-59.089756981020656,63.75615036900469,1,False,False
83525dfffffffff,-59.08528994292033,65.55981068482907,1,False,False
83525efffffffff,-59.974929717623,62.67733670235325,1,False,False
835260fffffffff,-54.56536046341687,63.56750850629776,1,False,False
835261fffffffff,-54.60209113078765,65.18820274993678,1,False,False
835262fffffffff,-55.45053685254149,62.59791595604176,1,False,False
835263fffffffff,-55.49284283268719,64.26675400671007,1,False,False
835264fffffffff,-53.6244540108052,62.89273527287628,1,False,False
835265fffffffff,-53.678233744826336,64.49017648683623,1,False,False
835266fffffffff,-54.505879226099765,61.92400913563132,1,False,False
835268fffffffff,-55.50990818815684,67.5281308608015,1,False,False
835269fffffffff,-55.486824076973896,69.11671165916208,1,False,False
83526afffffffff,-56.40819627691492,66.65922785096865,1,False,False
83526bfffffffff,-56.38827957632618,68.29791723521143,1,False,False
83526cfffffffff,-54.617070947243,66.78402686878465,1,False,False
83526dfffffffff,-54.611335855341686,68.35313270111276,1,False,False
83526efffffffff,-55.51227933391035,65.91085839417252,1,False,False
835270fffffffff,-56.25850349072716,59.83766769665303,1,False,False
835271fffffffff,-56.33249022223288,61.57832568832494,1,False,False
835272fffffffff,-57.12693323928325,58.71375655963836,1,False,False
835273fffffffff,-57.20986953745201,60.50546646440303,1,False,False
835274fffffffff,-55.29330316578649,59.195574553286185,1,False,False
835275fffffffff,-55.3843439920245,60.906673499758064,1,False,False
835276fffffffff,-56.15848246973027,58.07805792918988,1,False,False
835280fffffffff,-60.158791941112746,47.56199145683763,1,False,False
835281fffffffff,-60.23870206206637,49.68352087568712,1,False,False
835282fffffffff,-61.01955672038317,46.16771888615649,1,False,False
835283fffffffff,-61.11667476055432,48.34770393079452,1,False,False
835284fffffffff,-59.18391428320984,46.81146814143839,1,False,False
835285fffffffff,-59.28184149531735,48.88789323163381,1,False,False
835286fffffffff,-60.043797698941006,45.43096496480767,1,False,False
835288fffffffff,-60.43368911389051,53.37464747828693,1,False,False
835289fffffffff,-60.415539380794606,55.44901697254082,1,False,False
83528afffffffff,-62.0992575105952,51.38597528892118,1,False,False
83528bfffffffff,-61.33048023544541,54.28731936149088,1,False,False
83528cfffffffff,-59.51825918793521,52.49933067894583,1,False,False
83528dfffffffff,-59.51938301870318,54.53724122195173,1,False,False
83528efffffffff,-61.178052061536256,50.51549082830823,1,False,False
835290fffffffff,-61.70877485528032,42.46065297497755,1,False,False
835291fffffffff,-61.86235890174961,44.70143201532035,1,False,False
835292fffffffff,-62.51021373008734,40.86440290421817,1,False,False
835293fffffffff,-62.68537014166858,43.15947952382448,1,False,False
835294fffffffff,-60.71560488036031,41.79623181074631,1,False,False
835295fffffffff,-60.88602009996513,43.98177928484398,1,False,False
835296fffffffff,-61.51714174313213,40.22492683161611,1,False,False
835298fffffffff,-62.91917281776119,47.75147550103022,1,False,False
835299fffffffff,-62.9789232532032,50.033718114894576,1,False,False
83529afffffffff,-63.76299561276244,46.2529456860456,1,False,False
83529bfffffffff,-63.84182243057696,48.60344923268287,1,False,False
83529cfffffffff,-61.97822035938338,46.9404242182764,1,False,False
83529dfffffffff,-62.05692323108103,49.17082244974428,1,False,False
83529efffffffff,-62.8215471799986,45.45763026005469,1,False,False
8352a0fffffffff,-57.31825999741492,47.39761765107795,1,False,False
8352a1fffffffff,-57.41816079944573,49.37950554039546,1,False,False
8352a2fffffffff,-58.192709081622034,46.09406282465158,1,False,False
8352a3fffffffff,-58.308131031589305,48.12656514494171,1,False,False
8352a4fffffffff,-56.31294792851567,46.699249541244455,1,False,False
8352a5fffffffff,-56.429939417343554,48.64154449632631,1,False,False
8352a6fffffffff,-57.18587334858477,45.40784148725628,1,False,False
8352a8fffffffff,-57.672387963742494,52.81942825130452,1,False,False
8352aafffffffff,-58.58480291940889,51.65950606245087,1,False,False
8352abfffffffff,-58.6047906397999,53.66127245084311,1,False,False
8352aefffffffff,-57.63396088717344,50.85339761583756,1,False,False
8352b0fffffffff,-58.88438137000824,42.642790143341735,1,False,False
8352b1fffffffff,-59.05158600324712,44.72793790354192,1,False,False
8352b2fffffffff,-59.706473944357626,41.1639024368649,1,False,False
8352b3fffffffff,-59.89314619375812,43.29629675680564,1,False,False
8352b4fffffffff,-57.86040074318702,42.019231774973726,1,False,False
8352b5fffffffff,-58.04359356048986,44.05657146691227,1,False,False
8352b6fffffffff,-58.68202666927617,40.56153805810113,1,False,False
8352c4fffffffff,-62.42255447629765,54.85929261672449,1,False,False
8352c8fffffffff,-59.69879204175128,67.13130778074469,1,False,False
8352c9fffffffff,-59.49260345971043,68.92128268024459,1,False,False
8352cafffffffff,-60.66062441892945,66.36932534655638,1,False,False
8352cbfffffffff,-60.4570633353144,68.22279886934477,1,False,False
8352d0fffffffff,-61.22325482465502,58.47592394060984,1,False,False
8352d2fffffffff,-62.15017920556468,57.38705426592569,1,False,False
8352d3fffffffff,-62.06056106051612,59.49736821413392,1,False,False
8352d4fffffffff,-60.36601536901139,57.493592964597966,1,False,False
8352d6fffffffff,-61.292661973015726,56.39834978946048,1,False,False
8352d8fffffffff,-61.79252827433476,63.58790625808909,1,False,False
8352d9fffffffff,-61.599267282506766,65.65564621503674,1,False,False
8352dafffffffff,-62.68103036003017,63.03309756238862,1,False,False
8352dbfffffffff,-62.48956968775949,65.18658094396498,1,False,False
8352dcfffffffff,-60.99567915830524,62.51311938228418,1,False,False
8352ddfffffffff,-60.84074079630341,64.46533911662189,1,False,False
8352defffffffff,-61.94078238424593,61.56564415588077,1,False,False
8352e0fffffffff,-60.64374027418092,55.60893915305655,1,False,False
8352e1fffffffff,-60.74391273374964,57.60502254125112,1,False,False
8352e2fffffffff,-61.47506361867131,54.21378231792424,1,False,False
8352e3fffffffff,-61.58967855383285,56.27004529830325,1,False,False
8352e4fffffffff,-59.6823633948948,54.97772268533024,1,False,False
8352e5fffffffff,-59.79982386239604,56.931559647693,1,False,False
8352e6fffffffff,-60.51196990571045,53.598568477399255,1,False,False
8352ecfffffffff,-60.81344943499673,59.58218785481618,1,False,False
8352edfffffffff,-60.85343497567644,61.53607106535461,1,False,False
8352eefffffffff,-61.67222187817496,58.30966820234428,1,False,False
8352f0fffffffff,-62.12691864997583,50.616091707881495,1,False,False
8352f1fffffffff,-62.29192127153612,52.74175114750477,1,False,False
8352f2fffffffff,-59.48939616268978,56.548716360429225,1,False,False
8352f3fffffffff,-63.09234742893842,51.18842361330531,1,False,False
8352f4fffffffff,-61.14613383466445,50.0720888852496,1,False,False
8352f5fffffffff,-61.32746671882504,52.14602323738443,1,False,False
835300fffffffff,-49.06005078861792,48.366187430020126,1,False,False
835301fffffffff,-49.35480860305549,49.963958050271735,1,False,False
835302fffffffff,-49.845122173205546,47.12170584955452,1,False,False
835303fffffffff,-50.15334165191341,48.74918432479582,1,False,False
835304fffffffff,-47.959512829041785,47.997712146634846,1,False,False
835305fffffffff,-48.2664253318812,49.56514807050034,1,False,False
835306fffffffff,-48.73988635522585,46.77061678806562,1,False,False
835308fffffffff,-50.69160973125532,52.00651744196473,1,False,False
835309fffffffff,-50.92207454969995,53.63111832596216,1,False,False
83530afffffffff,-51.50750932649214,50.80915325468391,1,False,False
83530bfffffffff,-51.74990798788176,52.4690398838249,1,False,False
83530cfffffffff,-49.62426139113599,51.56144691599663,1,False,False
83530dfffffffff,-49.86861561798221,53.15617491635915,1,False,False
83530efffffffff,-50.43545278914296,50.37833203267941,1,False,False
835310fffffffff,-50.27051836773117,44.18019999902148,1,False,False
835311fffffffff,-50.6200600671821,45.830303652038026,1,False,False
835312fffffffff,-51.01755078192279,42.81459018488561,1,False,False
835313fffffffff,-51.38323587264784,44.49066449610934,1,False,False
835314fffffffff,-49.15030454786304,43.88217702838232,1,False,False
835315fffffffff,-49.5107522380396,45.49851200870602,1,False,False
835316fffffffff,-49.89425809441297,42.539364906753455,1,False,False
835318fffffffff,-52.03187689515388,47.86734317668558,1,False,False
835319fffffffff,-52.31475371351212,49.56216312573392,1,False,False
83531afffffffff,-52.8138694773674,46.5360563482836,1,False,False
83531bfffffffff,-53.111719356538025,48.26365378199488,1,False,False
83531cfffffffff,-50.9427364771411,47.486998595998685,1,False,False
83531dfffffffff,-51.23852180986777,49.14754218863363,1,False,False
83531efffffffff,-51.72137872256002,46.17586874877377,1,False,False
835320fffffffff,-46.06995219595265,48.810977972661775,1,False,False
835321fffffffff,-46.37636376477512,50.32205377393097,1,False,False
835322fffffffff,-46.852614806643615,47.64297676239575,1,False,False
835323fffffffff,-47.17117536816234,49.18107793144164,1,False,False
835324fffffffff,-44.9636673300453,48.45412884814132,1,False,False
835325fffffffff,-45.28137324514319,49.9381785204197,1,False,False
835326fffffffff,-45.74026419498247,47.30125256939266,1,False,False
835328fffffffff,-47.73650205662799,52.257664094281445,1,False,False
835329fffffffff,-47.98356705114881,53.791723621047936,1,False,False
83532afffffffff,-48.5486959489358,51.13290964712872,1,False,False
83532bfffffffff,-48.80647774422539,52.698652153519845,1,False,False
83532cfffffffff,-46.659551721507135,51.832379836323526,1,False,False
83532dfffffffff,-46.91966144438218,53.33986226260205,1,False,False
83532efffffffff,-47.46577050166578,50.72004656254833,1,False,False
835330fffffffff,-47.27166185363532,44.873160644796016,1,False,False
835331fffffffff,-47.62790717265613,46.43294368062139,1,False,False
835332fffffffff,-48.0234754611113,43.59587760402429,1,False,False
835333fffffffff,-48.394322098670585,45.179707421113655,1,False,False
835334fffffffff,-46.1436858908217,44.578194639006405,1,False,False
835335fffffffff,-46.51008565702045,46.10795412979079,1,False,False
835336fffffffff,-46.89093688544516,43.320636793588,1,False,False
835340fffffffff,-50.60255583153127,59.45925511655198,1,False,False
835341fffffffff,-50.72780150138689,61.0046468405636,1,False,False
835342fffffffff,-51.46343651256189,58.457854192468766,1,False,False
835343fffffffff,-51.59570380969975,60.04294191193591,1,False,False
835344fffffffff,-49.59908437663802,58.89559493699656,1,False,False
835345fffffffff,-49.7399410992859,60.417402873431016,1,False,False
835346fffffffff,-50.45461899230961,57.89952024666569,1,False,False
835348fffffffff,-51.79205127216315,63.16389086803977,1,False,False
835349fffffffff,-51.857715665279855,64.69573470858252,1,False,False
83534afffffffff,-52.67077135097832,62.2413493728404,1,False,False
83534bfffffffff,-52.741335573251376,63.81573854837398,1,False,False
83534cfffffffff,-50.83106142074899,62.53367769851276,1,False,False
83534dfffffffff,-50.91309617042678,64.04446543833718,1,False,False
83534efffffffff,-51.70498696055054,61.61231556099624,1,False,False
835350fffffffff,-52.15632338366835,55.77258648115778,1,False,False
835351fffffffff,-52.32128767558229,57.41085870369936,1,False,False
835352fffffffff,-52.99971450951468,54.63711115653425,1,False,False
835353fffffffff,-53.174738409399694,56.31583126517432,1,False,False
835354fffffffff,-51.127211914314366,55.24954697259184,1,False,False
835355fffffffff,-51.30748267599719,56.8592745685732,1,False,False
835356fffffffff,-51.96603771622294,54.12442749731431,1,False,False
835358fffffffff,-53.44819977112594,59.63702909451072,1,False,False
835359fffffffff,-53.54807230143658,61.274281829291965,1,False,False
83535afffffffff,-54.31491349629988,58.57788316492654,1,False,False
83535bfffffffff,-54.42269492481285,60.25997785358934,1,False,False
83535cfffffffff,-52.46154300130375,59.0366822867616,1,False,False
83535dfffffffff,-52.57778264385184,60.64761407804408,1,False,False
83535efffffffff,-53.32400779086314,57.98336416316431,1,False,False
835360fffffffff,-47.73522079760853,59.30065091565835,1,False,False
835361fffffffff,-47.885038137007456,60.76390258779467,1,False,False
835362fffffffff,-48.586059578681024,58.35105175784018,1,False,False
835363fffffffff,-48.74215631336995,59.84968828700735,1,False,False
835364fffffffff,-46.71992966068451,58.76948000761267,1,False,False
835365fffffffff,-46.88452251418027,60.21148167489762,1,False,False
835366fffffffff,-47.564274546916906,57.82476278946254,1,False,False
835368fffffffff,-48.99067655415115,62.803825480240015,1,False,False
835369fffffffff,-49.20824884995388,64.39485967130618,1,False,False
83536afffffffff,-49.859071900771625,61.92418471589939,1,False,False
83536bfffffffff,-49.95718003003649,63.41411105975084,1,False,False
83536cfffffffff,-48.04335580935734,62.240741038066965,1,False,False
83536dfffffffff,-48.26851689455245,63.80801333057708,1,False,False
83536efffffffff,-48.8768129855416,61.33453795054738,1,False,False
835370fffffffff,-49.24967056763826,55.814811951647485,1,False,False
835371fffffffff,-49.43585493577416,57.36071156606574,1,False,False
835372fffffffff,-50.0881779346576,54.74568855985452,1,False,False
835373fffffffff,-50.28334943494435,56.32758238035908,1,False,False
835374fffffffff,-48.2072531601933,55.32004878559545,1,False,False
835375fffffffff,-48.40793332078146,56.84051201975598,1,False,False
835376fffffffff,-49.04002149206348,54.2600489287232,1,False,False
835380fffffffff,-53.017274140894585,42.94044575149415,1,False,False
835381fffffffff,-53.2120340788645,44.771245195940175,1,False,False
835382fffffffff,-53.8683654219571,41.65131485932513,1,False,False
835383fffffffff,-54.07902631704108,43.51882122538,1,False,False
835384fffffffff,-51.94385653987168,42.38535259853656,1,False,False
835385fffffffff,-52.15278646333869,44.1793202463287,1,False,False
835386fffffffff,-52.79266993791396,41.11204438289238,1,False,False
83538afffffffff,-55.29294568063199,46.02977115164695,1,False,False
83538bfffffffff,-55.42650445221698,47.933459207502686,1,False,False
83538efffffffff,-54.259036077280406,45.38759811702236,1,False,False
835390fffffffff,-54.44514072914163,38.41484682917783,1,False,False
835391fffffffff,-54.704409769417865,40.31019323024094,1,False,False
835392fffffffff,-55.245481190028734,36.98813216628411,1,False,False
835393fffffffff,-55.523733166158976,38.91543195797134,1,False,False
835394fffffffff,-53.35496687917247,37.93586467611838,1,False,False
835395fffffffff,-53.62698174554472,39.78903327859576,1,False,False
835396fffffffff,-54.15451672580678,36.53193380539087,1,False,False
835398fffffffff,-55.98311066978175,42.80128025551562,1,False,False
835399fffffffff,-56.16413528349815,44.75099874605445,1,False,False
83539afffffffff,-56.82191199312645,41.42374716003764,1,False,False
83539bfffffffff,-57.02052333929257,43.41494650390442,1,False,False
83539cfffffffff,-54.93212404883152,42.21391625665889,1,False,False
83539dfffffffff,-55.12825526016677,44.12184955845084,1,False,False
83539efffffffff,-55.76965647137335,40.85460251289511,1,False,False
8353a0fffffffff,-50.00109522335858,43.06361652099224,1,False,False
8353a2fffffffff,-50.85966240787876,41.85226185051801,1,False,False
8353a3fffffffff,-51.08217101484173,43.61051840674754,1,False,False
8353a4fffffffff,-48.91049450547205,42.53746782971668,1,False,False
8353a6fffffffff,-49.76561018881634,41.33997779646163,1,False,False
8353a9fffffffff,-53.58279942680406,45.15208730537221,1,False,False
8353adfffffffff,-52.48760381357755,44.81434679147432,1,False,False
8353b0fffffffff,-51.43898888409547,38.81105240443389,1,False,False
8353b1fffffffff,-51.7059051773136,40.59477288253031,1,False,False
8353b2fffffffff,-52.254062951945386,37.47717942483448,1,False,False
8353b3fffffffff,-52.53821601135338,39.289745445909446,1,False,False
8353b4fffffffff,-50.33020781678599,38.35176852941152,1,False,False
8353b5fffffffff,-50.60896986245627,40.09826051634407,1,False,False
8353b6fffffffff,-51.14331318005074,37.03758294724623,1,False,False
835400fffffffff,-30.48623140419549,-12.35138720974602,1,False,False
835401fffffffff,-31.511297363471733,-12.49505707497645,1,False,False
835402fffffffff,-29.81334035887468,-13.361636470194634,1,False,False
835403fffffffff,-30.84290751825681,-13.50859887683514,1,False,False
835404fffffffff,-30.115528177717646,-11.190793181777494,1,False,False
835405fffffffff,-31.14951209178513,-11.32982978776933,1,False,False
835406fffffffff,-29.447606414112773,-12.208892629521785,1,False,False
835408fffffffff,-32.86061003069161,-13.80612115305191,1,False,False
835409fffffffff,-33.84804084691075,-13.956706419409176,1,False,False
83540afffffffff,-32.191940103533966,-14.813993212283329,1,False,False
83540bfffffffff,-33.18425560288007,-14.967706600854184,1,False,False
83540cfffffffff,-32.52240596641039,-12.639914996697032,1,False,False
83540dfffffffff,-33.51920461045364,-12.785973897731854,1,False,False
83540efffffffff,-31.858788980465413,-13.65675622849589,1,False,False
835410fffffffff,-28.085002732290736,-14.211254954390975,1,False,False
835411fffffffff,-29.13159497314477,-14.360146815869726,1,False,False
835413fffffffff,-28.441773439096828,-15.34652594182348,1,False,False
835414fffffffff,-27.71487682387431,-13.071246679289995,1,False,False
835415fffffffff,-28.770507917145338,-13.215856520677384,1,False,False
835418fffffffff,-30.50323848962533,-15.65376521911566,1,False,False
835419fffffffff,-31.513930630475265,-15.809198046824967,1,False,False
83541afffffffff,-29.81282738679852,-16.633188133880047,1,False,False
83541bfffffffff,-30.82733981807004,-16.791383968349123,1,False,False
83541cfffffffff,-30.16523572357568,-14.510225679836116,1,False,False
83541dfffffffff,-31.18548293741913,-14.661503713469717,1,False,False
83541efffffffff,-29.479046803714787,-15.499545160834169,1,False,False
835420fffffffff,-30.38348828309123,-8.99260906570973,1,False,False
835421fffffffff,-31.42088853963059,-9.123095202067468,1,False,False
835422fffffffff,-29.73091939794182,-10.027757759279016,1,False,False
835423fffffffff,-30.77352782609817,-10.162025739750092,1,False,False
835424fffffffff,-29.9795870678614,-7.82255193036745,1,False,False
835425fffffffff,-31.02513926899433,-7.948001384550448,1,False,False
835426fffffffff,-29.33257564537139,-8.86323390605506,1,False,False
835428fffffffff,-32.8172938567079,-10.433993735440366,1,False,False
835429fffffffff,-33.81769852831143,-10.571720001305062,1,False,False
83542afffffffff,-32.16966406242347,-11.47003178750332,1,False,False
83542bfffffffff,-33.17560818309541,-11.61141219471736,1,False,False
83542cfffffffff,-32.44435269435353,-9.254705316029144,1,False,False
83542dfffffffff,-33.45350403240425,-9.387452585987209,1,False,False
83542efffffffff,-31.802452527510184,-10.297433385124954,1,False,False
835430fffffffff,-28.007800974261897,-10.916164897050509,1,False,False
835431fffffffff,-29.068134682233094,-11.052909116333517,1,False,False
835432fffffffff,-27.331505063360044,-11.92737898644386,1,False,False
835433fffffffff,-28.395867127423152,-12.067560712759704,1,False,False
835434fffffffff,-27.60648574416977,-9.762589473388932,1,False,False
835435fffffffff,-28.67507396774023,-9.894616572183502,1,False,False
835436fffffffff,-26.93504365407996,-10.780547986611264,1,False,False
835440fffffffff,-37.35778722377279,-13.382483125655872,1,False,False
835441fffffffff,-38.2792669706107,-13.534746158754492,1,False,False
835442fffffffff,-36.72134308089415,-14.41591409526297,1,False,False
835443fffffffff,-37.64877066715343,-14.571511274008875,1,False,False
835444fffffffff,-37.05135934732757,-12.188983889127336,1,False,False
835445fffffffff,-37.98217831579287,-12.336457279936752,1,False,False
835446fffffffff,-36.4208786698307,-13.23148800409107,1,False,False
835448fffffffff,-39.45730419408165,-14.88657827802833,1,False,False
835449fffffffff,-40.33826435048364,-15.046075522478803,1,False,False
83544afffffffff,-38.82686145125996,-15.916400825116598,1,False,False
83544bfffffffff,-39.71386412185208,-16.079040310055127,1,False,False
83544cfffffffff,-39.18521191610323,-13.6882909628023,1,False,False
83544dfffffffff,-40.07555099588508,-13.843131557890342,1,False,False
83544efffffffff,-38.56078762372631,-14.728394789674482,1,False,False
835450fffffffff,-35.12527384768063,-15.27885539507106,1,False,False
835451fffffffff,-36.07348839295049,-15.43631630133556,1,False,False
835452fffffffff,-34.46149762164096,-16.282894204873855,1,False,False
835453fffffffff,-35.41489513003064,-16.443299756778934,1,False,False
835454fffffffff,-34.820795432427225,-14.108524938534629,1,False,False
835455fffffffff,-35.77863032016576,-14.26158976446068,1,False,False
835456fffffffff,-34.16212179254297,-15.122656433524805,1,False,False
835458fffffffff,-37.2767157329797,-16.76794604319047,1,False,False
835459fffffffff,-38.18484515023306,-16.932212170302552,1,False,False
83545afffffffff,-36.61837341909645,-17.766662019130106,1,False,False
83545bfffffffff,-37.53190560882078,-17.9336709476618,1,False,False
83545cfffffffff,-37.00658195490281,-15.595052099824182,1,False,False
83545dfffffffff,-37.9244092661837,-15.755075870263504,1,False,False
83545efffffffff,-36.35335628031118,-16.60497949056151,1,False,False
835460fffffffff,-37.34103572508739,-9.930083140028184,1,False,False
835461fffffffff,-38.27454195221045,-10.068720246148386,1,False,False
835462fffffffff,-36.72943239645118,-10.99202900037669,1,False,False
835463fffffffff,-37.669444721739154,-11.134554518540336,1,False,False
835464fffffffff,-36.99696926456447,-8.724101947539806,1,False,False
835465fffffffff,-37.93934772936774,-8.857479161473146,1,False,False
835466fffffffff,-36.3919988041126,-9.792651828400071,1,False,False
835468fffffffff,-39.502713333449705,-11.423323631991806,1,False,False
835469fffffffff,-40.39579743581248,-11.569595967785489,1,False,False
83546afffffffff,-38.89744540726633,-12.485190628798255,1,False,False
83546bfffffffff,-39.79707365228857,-12.63519812147089,1,False,False
83546cfffffffff,-39.19239618103415,-10.208577440821523,1,False,False
83546dfffffffff,-40.09451352144861,-10.34966921264674,1,False,False
83546efffffffff,-38.59390627574376,-11.278314636518388,1,False,False
835470fffffffff,-35.143596173181315,-11.897761099654083,1,False,False
835471fffffffff,-36.10511158544175,-12.042756443153293,1,False,False
835472fffffffff,-34.501385451869496,-12.933246853632404,1,False,False
835473fffffffff,-35.4686841953177,-13.081747094049872,1,False,False
835474fffffffff,-34.8033586153215,-10.710625565969853,1,False,False
835475fffffffff,-35.77401029793146,-10.850723987404129,1,False,False
835476fffffffff,-34.16701415471692,-11.75398418542676,1,False,False
8354a9fffffffff,-29.11503850247334,-17.59945890067574,1,False,False
8354adfffffffff,-28.78512523720164,-16.47620390862868,1,False,False
8354c0fffffffff,-32.687425685651306,-20.33074328396553,1,False,False
8354c1fffffffff,-33.64406863117487,-20.502294408802754,1,False,False
8354c2fffffffff,-31.986020814612413,-21.266265275069905,1,False,False
8354c4fffffffff,-32.41489610623106,-19.212376278062788,1,False,False
8354c5fffffffff,-33.38177809097337,-19.38048227648722,1,False,False
8354c6fffffffff,-31.71678243866628,-20.160439012819143,1,False,False
8354c8fffffffff,-34.82473093232086,-21.7906869667909,1,False,False
8354c9fffffffff,-35.742426661234816,-21.96801093771252,1,False,False
8354ccfffffffff,-34.58646503101674,-20.67510302071531,1,False,False
8354cdfffffffff,-35.51440711970023,-20.8491798180288,1,False,False
8354cefffffffff,-33.89263166770036,-21.61462815907877,1,False,False
8354d0fffffffff,-30.30134496116188,-22.012730848850232,1,False,False
8354d4fffffffff,-30.02457106213705,-20.922841291142664,1,False,False
8354d5fffffffff,-31.012002851515657,-21.093940949552945,1,False,False
8354e0fffffffff,-32.81526268051185,-17.11145713429901,1,False,False
8354e1fffffffff,-33.78801553614641,-17.273358062912354,1,False,False
8354e2fffffffff,-32.12855655805328,-18.08546851943824,1,False,False
8354e3fffffffff,-33.10556355138673,-18.24994061632093,1,False,False
8354e4fffffffff,-32.51075011326001,-15.965855691085212,1,False,False
8354e5fffffffff,-33.49336782118228,-16.12375031637416,1,False,False
8354e6fffffffff,-31.828268349163483,-16.95080305313543,1,False,False
8354e8fffffffff,-35.016547458008176,-18.582656937575127,1,False,False
8354e9fffffffff,-35.95007316159413,-18.75092441397674,1,False,False
8354eafffffffff,-34.33439711110533,-19.54984531230124,1,False,False
8354ebfffffffff,-35.272527034341586,-19.720476544854645,1,False,False
8354ecfffffffff,-34.746261568114654,-17.43651779506564,1,False,False
8354edfffffffff,-35.689776054193715,-17.600948391823472,1,False,False
8354eefffffffff,-34.06830896323496,-18.41566622894453,1,False,False
8354f0fffffffff,-30.439447325420904,-18.879891148944186,1,False,False
8354f1fffffffff,-31.43401695444938,-19.04551623614204,1,False,False
8354f2fffffffff,-29.73467987995691,-19.8235288283064,1,False,False
8354f3fffffffff,-30.732424888963592,-19.991371027853862,1,False,False
8354f4fffffffff,-30.132944427799185,-17.760239011556063,1,False,False
8354f5fffffffff,-31.13757413711384,-17.922238449910047,1,False,False
8354f6fffffffff,-29.43153582593873,-18.71549009437599,1,False,False
835500fffffffff,-27.607001111734427,-4.209471136166597,1,False,False
835501fffffffff,-28.687402979281373,-4.3182781710913005,1,False,False
835502fffffffff,-26.97163297912424,-5.257266677670501,1,False,False
835503fffffffff,-28.057585824993986,-5.370343223153507,1,False,False
835504fffffffff,-27.14427593419636,-3.051890852139173,1,False,False
835505fffffffff,-28.230993258458884,-3.155371918415553,1,False,False
835506fffffffff,-26.51457452896536,-4.101621705955618,1,False,False
835508fffffffff,-30.19200668375727,-5.599497481831864,1,False,False
835509fffffffff,-31.239432744163743,-5.715599998819872,1,False,False
83550afffffffff,-29.56206807461336,-6.652829696781121,1,False,False
83550bfffffffff,-30.61542247964395,-6.773139884180757,1,False,False
83550cfffffffff,-29.755210829758635,-4.428054826241057,1,False,False
83550dfffffffff,-30.80990357718786,-4.538813303755273,1,False,False
83550efffffffff,-29.13122543231962,-5.484416054920469,1,False,False
835510fffffffff,-25.22309999144325,-6.181917165687604,1,False,False
835511fffffffff,-26.325537436817743,-6.298120791509351,1,False,False
835512fffffffff,-24.56269831320134,-7.21124490783199,1,False,False
835513fffffffff,-25.669400817061224,-7.331422452034838,1,False,False
835514fffffffff,-24.76520728741322,-5.03405412222353,1,False,False
835515fffffffff,-25.87396000040021,-5.145174292633124,1,False,False
835518fffffffff,-27.84902550640197,-7.574878689850791,1,False,False
835519fffffffff,-28.920717153060224,-7.6981819374784655,1,False,False
83551afffffffff,-27.19214627265205,-8.607765386510161,1,False,False
83551bfffffffff,-28.268621930634563,-8.734956897324462,1,False,False
83551cfffffffff,-27.416580877533075,-6.415332603065417,1,False,False
83551dfffffffff,-28.49561399696777,-6.53356478413329,1,False,False
83551efffffffff,-26.765056144036688,-7.452629649126673,1,False,False
835520fffffffff,-27.282216337235035,-0.8429937468291919,1,False,False
835521fffffffff,-28.36846901296996,-0.9365382885201086,1,False,False
835522fffffffff,-26.66987227235475,-1.8985286314786545,1,False,False
835523fffffffff,-27.76243603388852,-1.996637246699403,1,False,False
835524fffffffff,-26.790862062293662,0.3046635395614075,1,False,False
835525fffffffff,-27.88231346598653,0.2165892150334706,1,False,False
835526fffffffff,-26.18429584725993,-0.7502903445404397,1,False,False
835528fffffffff,-29.91100069746396,-2.195522898594505,1,False,False
835529fffffffff,-30.965912509317768,-2.2963230177402907,1,False,False
83552afffffffff,-29.30540351297685,-3.2597815494925846,1,False,False
83552bfffffffff,-30.366961646068543,-3.3651315972463944,1,False,False
83552cfffffffff,-29.44246231520836,-1.0309349642793204,1,False,False
83552dfffffffff,-30.5036524217918,-1.1261949514916312,1,False,False
83552efffffffff,-28.84300170581357,-2.0956315197616195,1,False,False
835530fffffffff,-24.936339533120325,-2.847667931362065,1,False,False
835531fffffffff,-26.045844580952075,-2.949326684427412,1,False,False
835532fffffffff,-24.29616214386148,-3.88874851158414,1,False,False
835533fffffffff,-25.41074025725549,-3.994718048368192,1,False,False
835534fffffffff,-24.451261926749915,-1.7049234951955188,1,False,False
835535fffffffff,-25.56592660944293,-1.801294409319244,1,False,False
835536fffffffff,-23.81644730285527,-2.7469032880828523,1,False,False
835540fffffffff,-34.88878504238608,-4.991916196585676,1,False,False
835541fffffffff,-35.871761012109424,-5.107773581657864,1,False,False
835542fffffffff,-34.29733147525228,-6.070161896037685,1,False,False
835543fffffffff,-35.28732398522433,-6.190477553538685,1,False,False
835544fffffffff,-34.475457648043424,-3.796179681378155,1,False,False
835545fffffffff,-35.46625922297743,-3.906416328714714,1,False,False
835546fffffffff,-33.89080317280821,-4.877104560232553,1,False,False
835548fffffffff,-37.22169992975103,-6.434381944524366,1,False,False
835549fffffffff,-38.1656847294797,-6.557998243067116,1,False,False
83554afffffffff,-36.63731326195904,-7.517677742053432,1,False,False
83554bfffffffff,-37.58836846748421,-7.645671883083966,1,False,False
83554cfffffffff,-36.839489715849936,-5.224690107915811,1,False,False
83554dfffffffff,-37.79177214695749,-5.342679378524404,1,False,False
83554efffffffff,-36.26218682077872,-6.3118796769897125,1,False,False
835550fffffffff,-32.68099045867586,-7.016947178594134,1,False,False
835551fffffffff,-33.69240236835812,-7.1404703033363015,1,False,False
835552fffffffff,-32.05692573286464,-8.07454319635308,1,False,False
835553fffffffff,-33.07454596980162,-8.202190445041245,1,False,False
835554fffffffff,-32.27305497656677,-5.832736289986302,1,False,False
835555fffffffff,-33.29247250790967,-5.950919231749015,1,False,False
835556fffffffff,-31.65520477514368,-6.894508073460018,1,False,False
835558fffffffff,-35.06591873581117,-8.460854500924903,1,False,False
835559fffffffff,-36.03909988316544,-8.591898405581702,1,False,False
83555afffffffff,-34.44801196652919,-9.521350370213296,1,False,False
83555bfffffffff,-35.427590891384725,-9.65641220926356,1,False,False
83555cfffffffff,-34.68910978617009,-7.265090744187646,1,False,False
83555dfffffffff,-35.67082727189668,-7.390821993405908,1,False,False
83555efffffffff,-34.07764628194977,-8.330956395497338,1,False,False
835560fffffffff,-34.611181720922595,-1.5160981599813088,1,False,False
835561fffffffff,-35.60187003369134,-1.6158490148554234,1,False,False
835562fffffffff,-34.04764091057275,-2.6042950364057176,1,False,False
835563fffffffff,-35.04595704907759,-2.708850319720008,1,False,False
835564fffffffff,-34.16231106011645,-0.3291575892892647,1,False,False
835565fffffffff,-35.160014055807586,-0.4231028206818093,1,False,False
835566fffffffff,-33.60568508876545,-1.4172693720501082,1,False,False
835568fffffffff,-36.99741762125226,-2.920883232809533,1,False,False
835569fffffffff,-38.0406462265044,-3.185837526202244,1,False,False
83556afffffffff,-36.441937767630336,-4.0176685966128725,1,False,False
83556bfffffffff,-37.4022733007729,-4.129949734923641,1,False,False
83556cfffffffff,-36.59729094896356,-1.7517640553193607,1,False,False
83556dfffffffff,-37.64852844221643,-1.9984921854227249,1,False,False
83556efffffffff,-36.02929642707765,-2.814375441515515,1,False,False
835570fffffffff,-32.449582671925405,-3.5787012988689133,1,False,False
835571fffffffff,-33.46979618970543,-3.686945615486694,1,False,False
835572fffffffff,-31.85100845228957,-4.6505659956648415,1,False,False
835573fffffffff,-32.87810073854378,-4.763325487212736,1,False,False
835574fffffffff,-32.00726483723424,-2.398043701888953,1,False,False
835575fffffffff,-33.034633313031954,-2.500696969484561,1,False,False
835576fffffffff,-31.41517088899309,-3.471434102579068,1,False,False
83558dfffffffff,-26.255058564449,-11.788335124664473,1,False,False
8355a8fffffffff,-25.43329516455369,-9.50182754040672,1,False,False
8355a9fffffffff,-26.52569648052868,-9.631663922228377,1,False,False
8355abfffffffff,-25.850426422815428,-10.646046003030706,1,False,False
8355acfffffffff,-25.003943738864592,-8.356589096488303,1,False,False
8355adfffffffff,-26.10371552053135,-8.481646891044395,1,False,False
8355aefffffffff,-24.329917314572977,-9.373068109975865,1,False,False
835800fffffffff,-46.82646060647242,0.6709048516135925,1,False,False
835801fffffffff,-47.52812677346547,1.856275744838324,1,False,False
835802fffffffff,-47.19945675356133,-0.7410609640869308,1,False,False
835803fffffffff,-47.912928468938254,0.4186435321306433,1,False,False
835804fffffffff,-45.7366324045507,0.9137851978393938,1,False,False
835805fffffffff,-46.431133113635134,2.081035778231564,1,False,False
835806fffffffff,-46.1203102359326,-0.4718821878963776,1,False,False
835808fffffffff,-49.32339060148481,2.87236110049808,1,False,False
835809fffffffff,-50.01746933694584,4.169232533149432,1,False,False
83580afffffffff,-49.710065194403576,1.3795722055402335,1,False,False
83580bfffffffff,-50.41788888236986,2.650344853267024,1,False,False
83580cfffffffff,-48.22393491728753,3.0855828669198657,1,False,False
83580dfffffffff,-48.912441144927136,4.360118738650586,1,False,False
83580efffffffff,-48.62137975562975,1.6226309510260737,1,False,False
835810fffffffff,-46.82274504078047,-3.2428938776309018,1,False,False
835811fffffffff,-47.55019980372769,-2.1531490139993386,1,False,False
835812fffffffff,-47.141797077562885,-4.625004304136472,1,False,False
835813fffffffff,-47.87884365009241,-3.563645754184836,1,False,False
835814fffffffff,-45.76275917986881,-2.9336416453003604,1,False,False
835815fffffffff,-46.48231036358182,-1.857982246032613,1,False,False
835816fffffffff,-46.09366215558008,-4.291450921559983,1,False,False
835818fffffffff,-49.34550788775235,-1.3110243839504288,1,False,False
835819fffffffff,-50.07249713462818,-0.1162393050362005,1,False,False
83581afffffffff,-49.67243220157201,-2.7778908269019724,1,False,False
83581bfffffffff,-50.41080713955991,-1.6130402112271385,1,False,False
83581cfffffffff,-48.2747925876243,-1.0205773413318704,1,False,False
83581dfffffffff,-48.995211064016125,0.1564574153567655,1,False,False
83581efffffffff,-48.61383858972221,-2.4595725765565293,1,False,False
835820fffffffff,-44.22929210858057,2.5058297086569747,1,False,False
835821fffffffff,-44.90416672294272,3.6773640139220745,1,False,False
835822fffffffff,-44.644279301374326,1.1477900390674027,1,False,False
835823fffffffff,-45.33123849230535,2.297401843924906,1,False,False
835824fffffffff,-43.126149135222185,2.7067431415556737,1,False,False
835825fffffffff,-43.79328725941115,3.8601149266325208,1,False,False
835826fffffffff,-43.55024392613416,1.3733897520496343,1,False,False
835828fffffffff,-46.68963967010187,4.719590378766927,1,False,False
835829fffffffff,-47.35832088449609,5.994308612213507,1,False,False
83582afffffffff,-47.12034886453867,3.290516982354035,1,False,False
83582bfffffffff,-47.80288352474039,4.543424965169089,1,False,False
83582cfffffffff,-45.57356708959455,4.88902112517151,1,False,False
83582dfffffffff,-46.23612967147964,6.1417575060872895,1,False,False
83582efffffffff,-46.013474744752855,3.4876324792675177,1,False,False
835830fffffffff,-44.33701527108171,-1.2990820835647614,1,False,False
835831fffffffff,-45.03817427064342,-0.212489188612506,1,False,False
835832fffffffff,-44.6996877476736,-2.635298605690762,1,False,False
835833fffffffff,-45.41097690846651,-1.5734780042581702,1,False,False
835834fffffffff,-43.26124740116164,-1.0342771128235448,1,False,False
835835fffffffff,-43.95387835533542,0.0376320613215371,1,False,False
835836fffffffff,-43.63433952942663,-2.34731286997252,1,False,False
835840fffffffff,-51.56235032836212,9.932962200208458,1,False,False
835841fffffffff,-51.62669933196834,9.70412729249438,1,False,False
835842fffffffff,-52.03620814249502,8.355219851949558,1,False,False
835843fffffffff,-52.05327436337648,8.079616848133004,1,False,False
835844fffffffff,-50.43611041412962,10.009984233722394,1,False,False
835845fffffffff,-51.06220076044363,11.494344385970829,1,False,False
835846fffffffff,-50.91874161487515,8.466633083013768,1,False,False
835848fffffffff,-53.41915164556964,11.044632809652782,1,False,False
835849fffffffff,-54.07698713611971,12.607150848232966,1,False,False
83584afffffffff,-53.85359121074739,9.359608841439142,1,False,False
83584bfffffffff,-54.53041672232113,10.90030062672603,1,False,False
83584cfffffffff,-52.29981847637298,11.182560954109231,1,False,False
83584dfffffffff,-52.95647226879276,12.712115229800276,1,False,False
83584efffffffff,-52.74398058474606,9.535695670079974,1,False,False
835850fffffffff,-51.80621745735304,5.340835933728313,1,False,False
835851fffffffff,-52.483439870234925,6.763285931709432,1,False,False
835852fffffffff,-52.21065656001043,3.7627776498468974,1,False,False
835853fffffffff,-52.90381963428702,5.159455611437006,1,False,False
835854fffffffff,-50.70205634848715,5.514557909162942,1,False,False
835855fffffffff,-51.37552903564384,6.909535937544059,1,False,False
835856fffffffff,-51.11714264711532,3.970290771037537,1,False,False
835858fffffffff,-53.54886481333079,6.201104744271948,1,False,False
835859fffffffff,-54.25947052647363,7.6597212198401,1,False,False
83585afffffffff,-53.90925077839125,4.518765289761734,1,False,False
83585bfffffffff,-54.63659437940342,5.947799613519609,1,False,False
83585cfffffffff,-52.45267598703969,6.443424556089119,1,False,False
83585dfffffffff,-53.16040553432017,7.874332308009563,1,False,False
83585efffffffff,-52.82475934520816,4.798117186651413,1,False,False
835862fffffffff,-49.304476906290375,10.083766488702778,1,False,False
835863fffffffff,-49.9279950049884,11.537563497353542,1,False,False
835868fffffffff,-50.69318803620493,12.908412842328794,1,False,False
835869fffffffff,-51.32979501321148,14.42298777552158,1,False,False
83586afffffffff,-51.173211853038,11.3145005341094,1,False,False
83586bfffffffff,-51.82826779255208,12.812435574916124,1,False,False
83586cfffffffff,-49.55207807185394,13.000322582547833,1,False,False
83586dfffffffff,-50.18711689575605,14.483689369209388,1,False,False
83586efffffffff,-50.04015780814738,11.440831967309478,1,False,False
835870fffffffff,-49.14200356253144,7.183888618675099,1,False,False
835871fffffffff,-49.79549001907065,8.57334719668264,1,False,False
835872fffffffff,-49.592135056453486,5.681093541222114,1,False,False
835873fffffffff,-50.261444497430624,7.049609638303453,1,False,False
835874fffffffff,-48.01804629849963,7.312723787175455,1,False,False
835875fffffffff,-48.667289583718485,8.6756526517702,1,False,False
835876fffffffff,-48.47727575987418,5.840877061688127,1,False,False
835880fffffffff,-48.97793172121956,-9.156106981343417,1,False,False
835881fffffffff,-49.74685017695158,-8.177355350060763,1,False,False
835882fffffffff,-49.20074980946359,-10.533766382638763,1,False,False
835883fffffffff,-49.97615304007872,-9.588537809301569,1,False,False
835884fffffffff,-47.9734598881048,-8.738758166456366,1,False,False
835885fffffffff,-48.73477252365307,-7.768699013450549,1,False,False
835886fffffffff,-48.210076921422,-10.094086266760796,1,False,False
835888fffffffff,-51.52812619693229,-7.569539087256997,1,False,False
835889fffffffff,-52.30238781722463,-6.491179376791419,1,False,False
83588bfffffffff,-52.53281515835227,-7.99946200378085,1,False,False
83588cfffffffff,-50.515749329427216,-7.155723901388669,1,False,False
83588dfffffffff,-51.283462625920144,-6.089025754235136,1,False,False
83588efffffffff,-50.75231565556666,-8.601211754235463,1,False,False
835890fffffffff,-48.62514564245407,-12.772306266703405,1,False,False
835891fffffffff,-49.403741248020815,-11.900205084690802,1,False,False
835894fffffffff,-47.65625706776237,-12.306446013102285,1,False,False
835895fffffffff,-48.4271347740497,-11.439050756233367,1,False,False
835896fffffffff,-47.84992894966767,-13.60748301934836,1,False,False
8358a0fffffffff,-46.693718655460245,-6.99397884189869,1,False,False
8358a1fffffffff,-47.43971599304568,-6.0027202743032895,1,False,False
8358a2fffffffff,-46.96346627435308,-8.335757917037578,1,False,False
8358a3fffffffff,-47.71681371263452,-7.374478932580589,1,False,False
8358a4fffffffff,-45.6662440006165,-6.626526625869042,1,False,False
8358a5fffffffff,-46.40389252479726,-5.64539248629137,1,False,False
8358a6fffffffff,-45.94869174877157,-7.94641667212199,1,False,False
8358a8fffffffff,-49.22433696270426,-5.329651116301707,1,False,False
8358a9fffffffff,-49.97622509907733,-4.242223124634943,1,False,False
8358aafffffffff,-49.49639840047529,-6.7571686857349125,1,False,False
8358abfffffffff,-50.25720233840618,-5.702122319898852,1,False,False
8358acfffffffff,-48.18561414640768,-4.97084919705729,1,False,False
8358adfffffffff,-48.93026332325329,-3.896529579136689,1,False,False
8358aefffffffff,-48.470804886159925,-6.373081147771243,1,False,False
8358b0fffffffff,-46.45590831244688,-10.562292519334054,1,False,False
8358b1fffffffff,-47.21351384233255,-9.669322064964788,1,False,False
8358b2fffffffff,-46.681487765222776,-11.855733184699666,1,False,False
8358b3fffffffff,-47.44428770115383,-10.993316350411884,1,False,False
8358b4fffffffff,-45.46271576787205,-10.14530930093714,1,False,False
8358b5fffffffff,-46.21178531272349,-9.2587718169836,1,False,False
8358b6fffffffff,-45.70154049014776,-11.419493977701483,1,False,False
8358c0fffffffff,-53.22259209552237,-1.9242988160883143,1,False,False
8358c1fffffffff,-53.99740704235899,-0.6886793608755905,1,False,False
8358c2fffffffff,-53.46754164815025,-3.5267709505596048,1,False,False
8358c3fffffffff,-54.25377664871508,-2.3291611849702467,1,False,False
8358c4fffffffff,-53.26652930501626,-1.00396891688668,1,False,False
8358c5fffffffff,-52.95220611829332,-0.316992326641645,1,False,False
8358c6fffffffff,-52.44139599066923,-3.106895727709438,1,False,False
8358c8fffffffff,-55.80406486412173,0.234340296647923,1,False,False
8358c9fffffffff,-56.56480032748355,1.6054872429318277,1,False,False
8358cafffffffff,-56.05877118830509,-1.4809649310687991,1,False,False
8358cbfffffffff,-56.83341051132957,-0.150316844925126,1,False,False
8358ccfffffffff,-54.764262182132015,0.6023807606855709,1,False,False
8358cdfffffffff,-55.52149460604129,1.951295906180243,1,False,False
8358cefffffffff,-55.033156149183206,-1.076332418428647,1,False,False
8358d0fffffffff,-52.88656075117417,-6.227940382556957,1,False,False
8358d1fffffffff,-53.68754032237448,-5.121938653952894,1,False,False
8358d3fffffffff,-53.88315354661322,-6.707399473044108,1,False,False
8358d4fffffffff,-53.07381585178487,-5.363708170180148,1,False,False
8358d5fffffffff,-52.67597844949108,-4.671753788227328,1,False,False
8358d6fffffffff,-53.313267389139256,-6.909460893025216,1,False,False
8358d8fffffffff,-55.49078217169937,-4.419458183811855,1,False,False
8358d9fffffffff,-56.26505371797224,-3.2408982449038444,1,False,False
8358dafffffffff,-55.58602432852728,-6.292637025670084,1,False,False
8358dbfffffffff,-56.379964626566014,-5.158474725697518,1,False,False
8358dcfffffffff,-54.484230269702174,-3.96394594515336,1,False,False
8358ddfffffffff,-55.27516068374084,-2.7512236841274853,1,False,False
8358defffffffff,-54.68930805054623,-5.590419619691359,1,False,False
8358e0fffffffff,-51.87050912821033,0.8628810860822496,1,False,False
8358e1fffffffff,-52.58880038157036,2.177689150542216,1,False,False
8358e2fffffffff,-52.20892058561962,-0.6957423661818348,1,False,False
8358e3fffffffff,-52.9407056916347,0.5879622055509384,1,False,False
8358e4fffffffff,-50.79337226043464,1.1265281563127654,1,False,False
8358e5fffffffff,-51.50662119078386,2.41898566616464,1,False,False
8358e6fffffffff,-51.14399205913556,-0.4000784528391039,1,False,False
8358e8fffffffff,-53.48696877047788,1.4908424651103545,1,False,False
8358e9fffffffff,-54.2415760335237,2.8301589493709427,1,False,False
8358eafffffffff,-53.71466975677794,0.954830012371977,1,False,False
8358ebfffffffff,-54.46806987053304,2.2820418906184154,1,False,False
8358ecfffffffff,-53.29723043499467,3.546132845139743,1,False,False
8358edfffffffff,-53.16949530869816,3.1463501270576626,1,False,False
8358eefffffffff,-53.66366341941706,1.9258101523568087,1,False,False
8358f0fffffffff,-51.77138264104211,-3.45300509513194,1,False,False
8358f1fffffffff,-52.52206333474911,-2.254581830334647,1,False,False
8358f2fffffffff,-52.04873769796058,-4.975002062748606,1,False,False
8358f3fffffffff,-52.8102345664282,-3.811332532341588,1,False,False
8358f4fffffffff,-50.72520097848491,-3.1087892152585965,1,False,False
8358f5fffffffff,-51.46991190697561,-1.9273122290658649,1,False,False
8358f6fffffffff,-51.01596527179223,-4.601453606915086,1,False,False
835900fffffffff,-39.17418960173348,2.2000736801860565,1,False,False
835901fffffffff,-39.81810587123,3.2682099180859367,1,False,False
835902fffffffff,-39.61178937366101,0.9545235178553824,1,False,False
835903fffffffff,-40.26650562174393,2.0039953411585487,1,False,False
835904fffffffff,-38.0843901624154,2.389666015711509,1,False,False
835905fffffffff,-38.7187205533324,3.44275323738786,1,False,False
835906fffffffff,-38.52919286808127,1.1648757389774465,1,False,False
835908fffffffff,-41.5702831007652,4.206147842441109,1,False,False
835909fffffffff,-42.21708994021589,5.360532755857974,1,False,False
83590afffffffff,-42.022667109633,2.9005366379866704,1,False,False
83590bfffffffff,-42.68170341881844,4.03625998427224,1,False,False
83590cfffffffff,-40.45989123730606,4.370103259817995,1,False,False
83590dfffffffff,-41.09843461123922,5.506525140937517,1,False,False
83590efffffffff,-40.91970226863503,3.087577873493056,1,False,False
835910fffffffff,-39.366431794671705,-1.289094286700985,1,False,False
835911fffffffff,-40.03135016466668,-0.2927269863069819,1,False,False
835912fffffffff,-39.758650155603846,-2.516026567496393,1,False,False
835913fffffffff,-40.43276456579223,-1.5404979378744077,1,False,False
835914fffffffff,-38.301864611894,-1.045770802684318,1,False,False
835915fffffffff,-38.95658623588601,-0.0617516182249275,1,False,False
835916fffffffff,-38.70257073312493,-2.253121310238609,1,False,False
835918fffffffff,-41.78214631820944,0.5119448205664825,1,False,False
835919fffffffff,-42.45537266076733,1.5910225646706606,1,False,False
83591afffffffff,-42.18449817516212,-0.7785796235557508,1,False,False
83591bfffffffff,-42.86825698955936,0.2789609054761053,1,False,False
83591cfffffffff,-40.69638071879372,0.7370019694696891,1,False,False
83591dfffffffff,-41.36051212422767,1.8010972125873663,1,False,False
83591efffffffff,-41.10759213063552,-0.5315373861188867,1,False,False
835920fffffffff,-36.529889277991714,3.774753238707236,1,False,False
835921fffffffff,-37.14341204209618,4.829304550618458,1,False,False
835922fffffffff,-36.99791964872927,2.573084980257508,1,False,False
835923fffffffff,-37.62237675740114,3.611507503882355,1,False,False
835924fffffffff,-35.44205396156143,3.932753301987005,1,False,False
835925fffffffff,-36.04559283516404,4.972365732151039,1,False,False
835926fffffffff,-35.915573377958445,2.7506236804112545,1,False,False
835928fffffffff,-38.86661663245836,5.783459370016998,1,False,False
83592afffffffff,-39.35138600308901,4.528429093025482,1,False,False
83592bfffffffff,-39.98132217991533,5.647413531517584,1,False,False
83592cfffffffff,-37.75516950537596,5.914906649157128,1,False,False
83592efffffffff,-38.245615083180326,4.681408096732387,1,False,False
835930fffffffff,-36.81469417932808,0.378160103406306,1,False,False
835931fffffffff,-37.44939985408053,1.3684019283809736,1,False,False
835932fffffffff,-37.23984910665515,-0.8101524682953327,1,False,False
835933fffffffff,-37.884104108983024,0.1617609280779146,1,False,False
835934fffffffff,-35.74913041330056,0.587774277782491,1,False,False
835935fffffffff,-36.37320381817877,1.5654241478290958,1,False,False
835936fffffffff,-36.18115671033375,-0.5818866018631033,1,False,False
835940fffffffff,-43.59598681141923,10.410548411188682,1,False,False
835942fffffffff,-44.12241091449545,9.045824608682336,1,False,False
835943fffffffff,-44.74140217297678,10.350264886103355,1,False,False
835944fffffffff,-42.45054095791537,10.468579516194936,1,False,False
835946fffffffff,-42.982642726874815,9.129699941474142,1,False,False
835950fffffffff,-43.9855372446479,6.420047495085692,1,False,False
835951fffffffff,-44.62774517079796,7.669676197497938,1,False,False
835952fffffffff,-44.45553399323123,5.052093352000777,1,False,False
835953fffffffff,-45.11157453416361,6.283565124669838,1,False,False
835954fffffffff,-42.858904994701206,6.551497589134973,1,False,False
835955fffffffff,-43.49445409802874,7.779730073004703,1,False,False
835956fffffffff,-43.33641553274977,5.209155907603603,1,False,False
835958fffffffff,-46.39949274654915,8.868084722686358,1,False,False
83595afffffffff,-46.89043211236429,7.436438386244755,1,False,False
83595bfffffffff,-47.534998394724006,8.773816506360069,1,False,False
83595cfffffffff,-45.26166327498186,8.958684205435242,1,False,False
83595dfffffffff,-45.88586847660238,10.287595348979048,1,False,False
83595efffffffff,-45.7600360949346,7.5553306560605265,1,False,False
835970fffffffff,-41.22846503016473,7.98789141528497,1,False,False
835971fffffffff,-41.84326765041963,9.210489997703254,1,False,False
835972fffffffff,-41.7325663778179,6.678187377790652,1,False,False
835973fffffffff,-42.36106136456,7.885728678572107,1,False,False
835976fffffffff,-40.60740734063257,6.800369670916735,1,False,False
835980fffffffff,-41.856900610411245,-6.51322547083274,1,False,False
835981fffffffff,-42.56523467862201,-5.596334137910501,1,False,False
835982fffffffff,-42.16803073898195,-7.746030120698667,1,False,False
835983fffffffff,-42.88322668056598,-6.85404853251028,1,False,False
835984fffffffff,-40.82959878705556,-6.183174736196462,1,False,False
835985fffffffff,-41.52795767707452,-5.2751304455107535,1,False,False
835986fffffffff,-41.151632981938526,-7.397345128664957,1,False,False
835988fffffffff,-44.3211388331923,-4.967278129121192,1,False,False
835989fffffffff,-45.04199645911984,-3.96956667106468,1,False,False
83598afffffffff,-44.63515578949467,-6.271491183230284,1,False,False
83598bfffffffff,-45.36410654069816,-5.300448108715895,1,False,False
83598cfffffffff,-43.27577625404388,-4.645311220450193,1,False,False
83598dfffffffff,-43.98759504068059,-3.658769018349972,1,False,False
83598efffffffff,-43.6012269530879,-5.928279532164926,1,False,False
835990fffffffff,-41.7443110701597,-9.807010067669312,1,False,False
835991fffffffff,-42.46157048049992,-8.972445078022343,1,False,False
835992fffffffff,-42.015453763653255,-11.000493866735004,1,False,False
835993fffffffff,-42.73778655064552,-10.191405770923945,1,False,False
835994fffffffff,-40.74926953769295,-9.434217371922983,1,False,False
835995fffffffff,-41.45646074335206,-8.605631350631732,1,False,False
835996fffffffff,-41.0319348474662,-10.61106513235318,1,False,False
835998fffffffff,-44.195780961878455,-8.47770451114925,1,False,False
835999fffffffff,-44.92988714353001,-7.570085776551716,1,False,False
83599afffffffff,-44.46543808247498,-9.741733719027629,1,False,False
83599bfffffffff,-45.20562652785832,-8.861773916746591,1,False,False
83599cfffffffff,-43.18299804770453,-8.105975070448993,1,False,False
83599dfffffffff,-43.90781091736337,-7.206154712959944,1,False,False
83599efffffffff,-43.46480995639312,-9.350967525333887,1,False,False
8359a0fffffffff,-39.45265512494877,-4.663001350042365,1,False,False
8359a1fffffffff,-40.133219457865145,-3.7414250170735257,1,False,False
8359a2fffffffff,-39.80208448091344,-5.86341445762192,1,False,False
8359a3fffffffff,-40.49017338377212,-4.964174601572974,1,False,False
8359a4fffffffff,-38.41616928326633,-4.371172088109593,1,False,False
8359a5fffffffff,-39.08616774452981,-3.459219605265867,1,False,False
8359a6fffffffff,-38.77511542288931,-5.553489781329022,1,False,False
8359a8fffffffff,-41.87378793031381,-3.0682847746872737,1,False,False
8359a9fffffffff,-42.56752739576395,-2.0691681154125536,1,False,False
8359aafffffffff,-42.228808920767385,-4.334011005691138,1,False,False
8359abfffffffff,-42.93125808000194,-3.3585122613595404,1,False,False
8359acfffffffff,-40.81598609282497,-2.787606486614244,1,False,False
8359adfffffffff,-41.50006519087853,-1.800380853610445,1,False,False
8359aefffffffff,-41.18102733654533,-4.032873543674442,1,False,False
8359b0fffffffff,-39.44358999521978,-7.905131942355751,1,False,False
8359b1fffffffff,-40.13455712615533,-7.0594245298561695,1,False,False
8359b2fffffffff,-39.77711075028439,-9.12781174387717,1,False,False
8359b3fffffffff,-40.450221366392434,-8.250020065090828,1,False,False
8359b4fffffffff,-38.52383410540088,-7.774818514467853,1,False,False
8359b5fffffffff,-39.117551303894125,-6.731799890560631,1,False,False
8359b6fffffffff,-38.86609560544113,-8.992044281470957,1,False,False
835e25fffffffff,-30.459624864437508,-26.11871213930572,1,False,False
835e34fffffffff,-32.33235467209186,-22.28923003429813,1,False,False
835e35fffffffff,-31.405667858153464,-22.930616144342,1,False,False
835f00fffffffff,-35.09648557078481,-27.184568647181152,1,False,False
835f01fffffffff,-34.12405370358147,-27.76836118251805,1,False,False
835f02fffffffff,-35.13897962617918,-25.80739368290537,1,False,False
835f03fffffffff,-34.17037842859644,-26.41665668277939,1,False,False
835f04fffffffff,-36.0227018784013,-27.97445796444596,1,False,False
835f05fffffffff,-35.0387984974145,-28.5525141481929,1,False,False
835f06fffffffff,-36.076750333034106,-26.58001349433999,1,False,False
835f08fffffffff,-32.25794176763169,-27.57465998494473,1,False,False
835f09fffffffff,-31.31553992959608,-28.12515029818539,1,False,False
835f0afffffffff,-32.296974248732326,-26.26317883937862,1,False,False
835f0bfffffffff,-31.357436881233085,-26.836969785473087,1,False,False
835f0cfffffffff,-33.16022531307936,-28.332327446819004,1,False,False
835f0dfffffffff,-32.20571107768554,-28.87735665173751,1,False,False
835f0efffffffff,-33.20978360358607,-27.005446589132248,1,False,False
835f10fffffffff,-36.13649146722176,-23.766178928485488,1,False,False
835f11fffffffff,-35.1659699059607,-24.422501197736054,1,False,False
835f12fffffffff,-36.141646222935485,-22.35006675679568,1,False,False
835f13fffffffff,-35.17720452156052,-23.03145611671632,1,False,False
835f14fffffffff,-37.09691450428917,-24.523635933420056,1,False,False
835f15fffffffff,-36.11478055617077,-25.176716112983424,1,False,False
835f16fffffffff,-37.11265610613639,-23.08687206041961,1,False,False
835f18fffffffff,-33.26680284023341,-24.327615406481225,1,False,False
835f19fffffffff,-32.32253160734984,-24.94421087389713,1,False,False
835f1afffffffff,-33.27377285021859,-22.979473974571587,1,False,False
835f1bfffffffff,-32.33438466659682,-23.61910028139408,1,False,False
835f1cfffffffff,-34.20199232398604,-25.05682220625135,1,False,False
835f1dfffffffff,-33.24539997218774,-25.67008207021298,1,False,False
835f1efffffffff,-34.21863204037721,-23.69032829647609,1,False,False
835f20fffffffff,-36.865595468589696,-30.18690638179028,1,False,False
835f21fffffffff,-35.86805276668229,-30.73065582706002,1,False,False
835f22fffffffff,-36.94797283653501,-28.786968349406283,1,False,False
835f23fffffffff,-35.95299677234819,-29.35849855833403,1,False,False
835f24fffffffff,-37.77551334150697,-31.03832545707111,1,False,False
835f25fffffffff,-36.76759255129866,-31.57368277426219,1,False,False
835f26fffffffff,-37.87121242011949,-29.6227444924462,1,False,False
835f28fffffffff,-33.98859051815867,-30.441774452973146,1,False,False
835f29fffffffff,-33.02061096005634,-30.955388356560487,1,False,False
835f2afffffffff,-34.063335305895194,-29.11051881433416,1,False,False
835f2bfffffffff,-33.09704573546548,-29.649396949083265,1,False,False
835f2cfffffffff,-34.8793597889094,-31.25498815264668,1,False,False
835f2dfffffffff,-33.90023263703982,-31.7608418875024,1,False,False
835f2efffffffff,-34.96628430302967,-29.90978043705488,1,False,False
835f30fffffffff,-38.01259533195466,-26.75423188511968,1,False,False
835f31fffffffff,-37.01425201537685,-27.375373950679776,1,False,False
835f32fffffffff,-38.05739537719338,-25.30462148650686,1,False,False
835f33fffffffff,-37.0640172237245,-25.953710105022587,1,False,False
835f34fffffffff,-38.95939593426147,-27.57903941559457,1,False,False
835f35fffffffff,-37.95039751361665,-28.19417362712986,1,False,False
835f36fffffffff,-39.016818334678106,-26.109945049565304,1,False,False
835f40fffffffff,-28.49295662572111,-30.88435680089068,1,False,False
835f41fffffffff,-27.593637952063624,-31.34653774655752,1,False,False
835f42fffffffff,-28.55096845848173,-29.672207063503645,1,False,False
835f43fffffffff,-27.652037454341464,-30.155538515536247,1,False,False
835f44fffffffff,-29.33622868796923,-31.63048869562407,1,False,False
835f45fffffffff,-28.424760612187423,-32.08598767267619,1,False,False
835f46fffffffff,-29.40427696135461,-30.40705188066072,1,False,False
835f48fffffffff,-25.890584041840444,-31.077709841023243,1,False,False
835f49fffffffff,-25.0287232066524,-31.517781900736924,1,False,False
835f4afffffffff,-25.93996992034328,-29.917521281769968,1,False,False
835f4bfffffffff,-25.078039034852782,-30.377051201738613,1,False,False
835f4cfffffffff,-26.706695645165745,-31.79424495341726,1,False,False
835f4dfffffffff,-25.83245462447633,-32.22809564347593,1,False,False
835f4efffffffff,-26.765124252612065,-30.62382890487021,1,False,False
835f50fffffffff,-29.50761936617972,-27.92986776729748,1,False,False
835f51fffffffff,-28.59849085365626,-28.45049819469044,1,False,False
835f52fffffffff,-29.54232308252946,-26.67821931825385,1,False,False
835f53fffffffff,-28.6352483750988,-27.22023983735073,1,False,False
835f54fffffffff,-30.38320624841808,-28.65772957800602,1,False,False
835f55fffffffff,-29.46151110503364,-29.173170283309428,1,False,False
835f56fffffffff,-30.4274504700723,-27.392272785343067,1,False,False
835f58fffffffff,-26.85382126006075,-28.25464688110177,1,False,False
835f59fffffffff,-25.980354507304384,-28.74836703394289,1,False,False
835f5cfffffffff,-27.70055660551814,-28.95487256560653,1,False,False
835f5dfffffffff,-26.81425437950876,-29.44366591158604,1,False,False
835f5efffffffff,-27.73892467662387,-27.74548825565393,1,False,False
835f60fffffffff,-30.091664367698616,-33.61643643967267,1,False,False
835f61fffffffff,-29.169083604300337,-34.042212485798814,1,False,False
835f62fffffffff,-30.181036218249336,-32.39429631605559,1,False,False
835f63fffffffff,-29.25770805417484,-32.84251216002852,1,False,False
835f64fffffffff,-30.925784272784355,-34.40807546842246,1,False,False
835f65fffffffff,-29.9919566547932,-34.82531548255249,1,False,False
835f66fffffffff,-31.02652979386276,-33.17613399763239,1,False,False
835f68fffffffff,-27.448412146875217,-33.69598862375235,1,False,False
835f69fffffffff,-26.425679264632915,-34.02590277164151,1,False,False
835f6afffffffff,-27.525655644979302,-32.52697047144622,1,False,False
835f6bfffffffff,-26.639257390325607,-32.95407029369678,1,False,False
835f6cfffffffff,-28.228861403764213,-34.43533876165,1,False,False
835f6dfffffffff,-27.19968243610591,-34.76387948680369,1,False,False
835f6efffffffff,-28.346712581357643,-33.27619348343777,1,False,False
835f70fffffffff,-31.194624447317832,-30.67323218962416,1,False,False
835f71fffffffff,-30.259665614237846,-31.159805308914407,1,False,False
835f72fffffffff,-31.2611624010311,-29.404293017896656,1,False,False
835f73fffffffff,-30.32717236242652,-29.913937900852392,1,False,False
835f74fffffffff,-32.06298230083055,-31.45148008357124,1,False,False
835f75fffffffff,-31.11628332878967,-31.93086054781732,1,False,False
835f76fffffffff,-32.1406037066083,-30.1700247633383,1,False,False
835fa1fffffffff,-36.13007527967145,-20.93008477951097,1,False,False
835fa4fffffffff,-38.08434743152797,-20.91581124670593,1,False,False
835fa5fffffffff,-37.111024182803895,-21.64518881648188,1,False,False
835fa9fffffffff,-33.266145526700555,-21.62712232387129,1,False,False
835facfffffffff,-35.17249359551319,-21.63586624652209,1,False,False
835fadfffffffff,-34.22009120972162,-22.31869017251964,1,False,False
836002fffffffff,-75.78919117362756,80.69194678157116,1,False,False
836004fffffffff,-77.6939009795922,80.75809503439486,1,False,False
836006fffffffff,-76.70384915051042,83.00160266685215,1,False,False
836010fffffffff,-74.66999432342887,86.63062564787039,1,False,False
836011fffffffff,-74.80311897840295,82.65545802745771,1,False,False
836012fffffffff,-73.6335236173807,88.11328607511969,1,False,False
836013fffffffff,-73.80093490382524,84.38514660132658,1,False,False
836014fffffffff,-75.52313392706603,89.16418942240398,1,False,False
836015fffffffff,-75.69453694133506,84.94103510269008,1,False,False
836016fffffffff,-74.46513341027891,90.56703938971556,1,False,False
836018fffffffff,-73.93600675882044,76.91430410769422,1,False,False
83601afffffffff,-72.99360420163514,78.85779641841198,1,False,False
83601cfffffffff,-74.86513246678987,78.67942908401078,1,False,False
83601efffffffff,-73.90138630105385,80.64155473638863,1,False,False
836022fffffffff,-78.6190044060338,83.4650649805071,1,False,False
836024fffffffff,-80.54403193083394,84.11754963500891,1,False,False
836026fffffffff,-79.52311513089751,86.66734054704165,1,False,False
836030fffffffff,-77.42397106003534,90.5367453752328,1,False,False
836031fffffffff,-77.60362036866007,85.66999134327561,1,False,False
836032fffffffff,-76.35420416589943,92.03299976568476,1,False,False
836033fffffffff,-76.57035199391774,87.54826256193226,1,False,False
836034fffffffff,-78.24714556689187,93.97632063148608,1,False,False
836035fffffffff,-78.48149543145139,88.77297281349556,1,False,False
836036fffffffff,-77.15569035870826,95.29068157901436,1,False,False
836080fffffffff,-69.6908220122867,89.60726394673598,1,False,False
836081fffffffff,-69.91067015805311,86.6115637904838,1,False,False
836082fffffffff,-68.64947496993562,90.602604250678,1,False,False
836083fffffffff,-68.89244807201642,87.75562890708079,1,False,False
836084fffffffff,-70.47821947666337,91.62886886985572,1,False,False
836085fffffffff,-70.72864394807517,88.50642768529212,1,False,False
836086fffffffff,-69.41803134043383,92.5647982276022,1,False,False
836088fffffffff,-69.22761212300493,81.99816476119719,1,False,False
836089fffffffff,-69.32057319181828,79.11645838636836,1,False,False
83608afffffffff,-68.25502876247116,83.3018277499788,1,False,False
83608bfffffffff,-68.37623143019334,80.54343961236037,1,False,False
83608cfffffffff,-70.07743631171508,83.59356286433979,1,False,False
83608dfffffffff,-70.19149689056059,80.56985302168,1,False,False
83608efffffffff,-69.08510768742144,84.88274379301396,1,False,False
836090fffffffff,-67.29501236597095,94.17732626919737,1,False,False
836091fffffffff,-67.60627437128754,91.506397001141,1,False,False
836092fffffffff,-66.23494927032735,94.87628670825688,1,False,False
836093fffffffff,-66.56272641600565,92.33032342533436,1,False,False
836094fffffffff,-68.01418175299055,96.16612917496666,1,False,False
836095fffffffff,-68.35647929580207,93.41021604563495,1,False,False
836096fffffffff,-66.93722986354474,96.79808423351926,1,False,False
836098fffffffff,-67.08351820379379,87.12965754903833,1,False,False
836099fffffffff,-67.27588792895354,84.49528805191001,1,False,False
83609afffffffff,-66.07791368442037,88.11316865349474,1,False,False
83609bfffffffff,-66.2921079075969,85.59103692383393,1,False,False
83609cfffffffff,-67.8702366399037,88.79573842121408,1,False,False
83609dfffffffff,-68.08649273088471,86.05681099425237,1,False,False
83609efffffffff,-66.84574760875005,89.74484450897482,1,False,False
8360a0fffffffff,-72.32685630411046,92.8777958382567,1,False,False
8360a1fffffffff,-72.5878865836844,89.42317146889953,1,False,False
8360a2fffffffff,-71.25071563583504,93.8391821499797,1,False,False
8360a3fffffffff,-71.53543768354182,90.58766072785592,1,False,False
8360a4fffffffff,-73.09800825416502,95.40141825287556,1,False,False
8360a5fffffffff,-73.39896845213431,91.79495609866468,1,False,False
8360a6fffffffff,-72.00378505664676,96.2583366839231,1,False,False
8360a8fffffffff,-71.92724968782464,83.94730789328581,1,False,False
8360a9fffffffff,-72.03430285491774,80.60188848885045,1,False,False
8360aafffffffff,-70.92298981295278,85.34820366714403,1,False,False
8360abfffffffff,-71.06131659644593,82.17298506433589,1,False,False
8360acfffffffff,-72.78597585544509,85.91777528416745,1,False,False
8360adfffffffff,-72.92099217270726,82.38710818396348,1,False,False
8360aefffffffff,-71.76106856261703,87.28334323786949,1,False,False
8360b0fffffffff,-69.81176370977161,97.69810798500008,1,False,False
8360b1fffffffff,-70.1722376144682,94.69800262528584,1,False,False
8360b2fffffffff,-68.7166364744016,98.30833067292605,1,False,False
8360b3fffffffff,-69.09293584353058,95.46950835384028,1,False,False
8360b4fffffffff,-70.50858994356312,100.110154548985,1,False,False
8360b5fffffffff,-70.90790502324504,97.01884094314434,1,False,False
8360b6fffffffff,-69.39835178150207,100.61566224866418,1,False,False
8360d0fffffffff,-68.48014478707377,75.06717112976128,1,False,False
8360d2fffffffff,-67.58439520138884,76.58785594452492,1,False,False
8360d3fffffffff,-67.60068395530709,73.98743253880626,1,False,False
8360d4fffffffff,-69.36504441768209,76.25210469470079,1,False,False
8360d6fffffffff,-68.45088322968677,77.79439134910655,1,False,False
8360f2fffffffff,-70.25374222448683,77.55721474433548,1,False,False
8360f4fffffffff,-72.08323539014494,77.2697971480236,1,False,False
8360f6fffffffff,-71.14427797716925,79.000175396023,1,False,False
836102fffffffff,-82.64132374939756,87.15254388149262,1,False,False
836111fffffffff,-81.65758049524314,91.27115099125572,1,False,False
836113fffffffff,-80.63622978329796,94.52516782398166,1,False,False
836115fffffffff,-82.60773540720771,95.7429539552757,1,False,False
836119fffffffff,-80.39645091981991,90.4878879410884,1,False,False
83611bfffffffff,-79.3284532219937,92.40267519056594,1,False,False
83611cfffffffff,-81.62119283126584,83.73200538461992,1,False,False
83611efffffffff,-80.67396523773886,87.74454368820518,1,False,False
836188fffffffff,-74.9518321431974,97.35809555922508,1,False,False
836189fffffffff,-75.27509637850875,93.3166608333334,1,False,False
83618afffffffff,-73.84320898845154,98.18471967035484,1,False,False
83618bfffffffff,-74.18902719175861,94.42897820144714,1,False,False
83618cfffffffff,-75.68007777880703,100.61669497689115,1,False,False
83618dfffffffff,-76.05657236742056,96.40386397916892,1,False,False
83618efffffffff,-74.55589000487633,101.25460725629505,1,False,False
836198fffffffff,-72.30395883002677,102.29216013090348,1,False,False
836199fffffffff,-72.73223081590808,98.90744434799282,1,False,False
83619afffffffff,-71.17851789732106,102.71959465691616,1,False,False
83619bfffffffff,-71.62027180111258,99.54450782143508,1,False,False
83619efffffffff,-71.81611099258281,105.53945885587184,1,False,False
8361a9fffffffff,-77.91843369281672,98.99614067927722,1,False,False
8361abfffffffff,-76.80139940290462,99.87327579099768,1,False,False
8361adfffffffff,-79.68655768006163,91.02109121917964,1,False,False
836322fffffffff,-55.65841181262458,74.3200555623434,1,False,False
836324fffffffff,-54.12210542573417,74.54434031681916,1,False,False
836326fffffffff,-54.86318170692936,73.54511772552428,1,False,False
836330fffffffff,-56.28758029746519,71.48131871286071,1,False,False
836331fffffffff,-56.37499335144101,73.2950805657403,1,False,False
836332fffffffff,-57.19337894956191,70.72142595488654,1,False,False
836334fffffffff,-55.4855523227929,70.73439554799597,1,False,False
836335fffffffff,-55.58510446227121,72.52412700792989,1,False,False
836336fffffffff,-56.34768376630338,69.90581387229359,1,False,False
836382fffffffff,-58.758331605691374,73.9856921075542,1,False,False
836386fffffffff,-58.05369251892952,72.89448465037366,1,False,False
836390fffffffff,-59.9865592932689,71.77176421318562,1,False,False
836391fffffffff,-59.695578505824194,73.56327691358143,1,False,False
836392fffffffff,-60.85600408791558,71.55835359513296,1,False,False
836393fffffffff,-60.559655692737,73.41726582633201,1,False,False
836394fffffffff,-59.26603551652367,70.66092101567521,1,False,False
836395fffffffff,-59.02073874231005,72.34924564273649,1,False,False
836396fffffffff,-60.23179843019191,70.02402158282551,1,False,False
83639cfffffffff,-59.38460937775808,75.3014022693774,1,False,False
83639efffffffff,-60.242016828319095,75.21912170543378,1,False,False
8363b2fffffffff,-58.52524766433183,69.580483542162,1,False,False
8363b3fffffffff,-58.298251720584936,71.26209581200162,1,False,False
836492fffffffff,-38.2321022080966,118.23955600141558,1,False,False
8364b6fffffffff,-12.625959885318734,123.08684230473442,1,False,False
8364f4fffffffff,-30.13854124833345,137.64471782314445,1,False,False
836583fffffffff,-12.31099789129853,128.27289171935968,1,False,False
836598fffffffff,-12.677707911741756,126.23218569714112,1,False,False
83659afffffffff,-12.284429256908204,125.11518168648902,1,False,False
836660fffffffff,-25.89558728352105,-36.15953358207194,1,False,False
836661fffffffff,-26.93901216538765,-35.84273801423929,1,False,False
836664fffffffff,-25.13001238212508,-35.406057724959055,1,False,False
836665fffffffff,-26.166482115725778,-35.087421456850414,1,False,False
836666fffffffff,-24.84923991623005,-36.47143789070018,1,False,False
836668fffffffff,-28.762172804388364,-36.29760576616012,1,False,False
836669fffffffff,-29.80317510379573,-35.97272938843103,1,False,False
83666cfffffffff,-27.97874215361523,-35.520955053896635,1,False,False
83666dfffffffff,-29.01401760308685,-35.19408677583105,1,False,False
83666efffffffff,-27.71627506622765,-36.617314217485614,1,False,False
836748fffffffff,-24.638232181360443,-33.63273853159826,1,False,False
836749fffffffff,-25.657372522507373,-33.306546979375,1,False,False
83674afffffffff,-24.370165302981743,-34.671092500300325,1,False,False
83674bfffffffff,-25.3993493366839,-34.35090796373704,1,False,False
83674dfffffffff,-24.8953563154134,-32.605334497946224,1,False,False
836758fffffffff,-23.05032363737439,-36.02897743531916,1,False,False
836759fffffffff,-24.09103603404426,-35.71987975794884,1,False,False
836a00fffffffff,-62.67033553202906,21.16019770228155,1,False,False
836a01fffffffff,-63.1608942239482,23.329376529140443,1,False,False
836a02fffffffff,-63.18952095017804,19.10812401434601,1,False,False
836a03fffffffff,-63.71462051261389,21.290432249418608,1,False,False
836a04fffffffff,-61.625938040596665,21.038837797557807,1,False,False
836a05fffffffff,-62.12222383930116,23.1396265299395,1,False,False
836a06fffffffff,-62.14739460211521,19.06400183521769,1,False,False
836a08fffffffff,-64.66277004953285,25.907471656326543,1,False,False
836a09fffffffff,-65.08076343891875,28.336013929585103,1,False,False
836a0afffffffff,-65.26451527223895,23.80704454561516,1,False,False
836a0bfffffffff,-65.71892791425213,26.27117521281102,1,False,False
836a0cfffffffff,-63.61807153239201,25.574803363453544,1,False,False
836a0dfffffffff,-64.0395513572944,27.89331710492098,1,False,False
836a0efffffffff,-64.20656213797231,23.557698308978296,1,False,False
836a10fffffffff,-63.09195548050487,14.868361491441853,1,False,False
836a11fffffffff,-63.68268727270557,16.962213994368103,1,False,False
836a12fffffffff,-63.52018786512805,12.63906712235568,1,False,False
836a13fffffffff,-64.14684723112303,14.722317880912453,1,False,False
836a14fffffffff,-62.050361950304776,15.002507601092391,1,False,False
836a15fffffffff,-62.633889289850025,17.012060587628643,1,False,False
836a16fffffffff,-62.474216769714126,12.868062019207494,1,False,False
836a18fffffffff,-65.31052412163353,19.1965021143628,1,False,False
836a19fffffffff,-65.84139198843296,21.58797538893512,1,False,False
836a1afffffffff,-65.81926854825782,16.848275012370824,1,False,False
836a1bfffffffff,-66.38980920430474,19.24715709767504,1,False,False
836a1cfffffffff,-64.24358863544539,19.15034929687356,1,False,False
836a1dfffffffff,-64.77181004287311,21.432465651879983,1,False,False
836a1efffffffff,-64.74464592879252,16.907834670313914,1,False,False
836a20fffffffff,-60.00720458273456,22.800930147065813,1,False,False
836a21fffffffff,-60.809399614222194,23.592275303761628,1,False,False
836a22fffffffff,-60.56840329598637,20.9240339038998,1,False,False
836a23fffffffff,-61.071242469136415,22.965651202017323,1,False,False
836a24fffffffff,-59.23334542378598,21.43811988213472,1,False,False
836a25fffffffff,-59.73779085247891,23.422458226459867,1,False,False
836a26fffffffff,-59.49822869869882,20.81526959918849,1,False,False
836a28fffffffff,-62.32493930039678,25.929763816208663,1,False,False
836a29fffffffff,-62.74562683277672,28.14262780142785,1,False,False
836a2afffffffff,-62.58429772065105,25.301399304329788,1,False,False
836a2bfffffffff,-63.0104762343707,27.520437388707776,1,False,False
836a2cfffffffff,-61.274222080633976,25.688453685081523,1,False,False
836a2dfffffffff,-61.704193771260016,27.836990398537,1,False,False
836a2efffffffff,-61.54110164934571,25.0653567788375,1,False,False
836a30fffffffff,-60.53809302967168,17.03083129614746,1,False,False
836a31fffffffff,-61.09725550139521,19.00189148387838,1,False,False
836a32fffffffff,-61.00863328210836,15.081579371919023,1,False,False
836a33fffffffff,-61.5928113588046,17.03732396727881,1,False,False
836a34fffffffff,-59.47097565762775,17.024679230426205,1,False,False
836a35fffffffff,-60.03435818410138,18.943091161340504,1,False,False
836a36fffffffff,-59.95044054361586,15.126948587066272,1,False,False
836a40fffffffff,-65.77406710719994,36.49144404174306,1,False,False
836a41fffffffff,-66.01018836365027,39.12150072077805,1,False,False
836a42fffffffff,-66.51415504301941,34.663727789351576,1,False,False
836a43fffffffff,-66.78152911344836,37.37577400316593,1,False,False
836a44fffffffff,-64.77236803099797,35.68192231742738,1,False,False
836a45fffffffff,-65.02332949728839,38.19416096880418,1,False,False
836a46fffffffff,-65.49284906123567,33.90691236760959,1,False,False
836a48fffffffff,-67.17104569176603,42.9257762242429,1,False,False
836a49fffffffff,-66.56244713238138,46.82908398202073,1,False,False
836a4afffffffff,-67.29749231959758,42.4995760176791,1,False,False
836a4bfffffffff,-67.42356860180057,45.34862411839335,1,False,False
836a4cfffffffff,-66.20011940348716,41.78696198798045,1,False,False
836a4dfffffffff,-66.34313834734809,44.47682507812887,1,False,False
836a4efffffffff,-67.00083895134426,40.13374807636349,1,False,False
836a50fffffffff,-66.50239339276621,31.448620823574792,1,False,False
836a51fffffffff,-67.2404420394811,32.70088055374091,1,False,False
836a52fffffffff,-67.19361976537131,29.35258615350121,1,False,False
836a53fffffffff,-67.55475103238489,32.119554994804204,1,False,False
836a54fffffffff,-65.45820589398151,30.838204827283533,1,False,False
836a55fffffffff,-66.20014944696696,32.00827473594633,1,False,False
836a56fffffffff,-66.13238454996227,28.820403373077664,1,False,False
836a58fffffffff,-67.91839634468226,37.83972531678569,1,False,False
836a59fffffffff,-68.12639642361401,40.7703945163364,1,False,False
836a5afffffffff,-68.70327447134065,35.852055760533,1,False,False
836a5bfffffffff,-68.9457382530904,38.88984296584781,1,False,False
836a5cfffffffff,-67.54184937925272,35.49390763611214,1,False,False
836a5dfffffffff,-67.79340981488552,38.3452978551715,1,False,False
836a5efffffffff,-67.65829776338272,34.95863976336408,1,False,False
836a60fffffffff,-63.05002777501896,36.85818573637732,1,False,False
836a61fffffffff,-63.28845201945388,39.18999110885575,1,False,False
836a62fffffffff,-63.777619426822135,35.05821321826958,1,False,False
836a63fffffffff,-64.04157532974345,37.43460968814939,1,False,False
836a64fffffffff,-62.042537728468766,36.31255715792892,1,False,False
836a65fffffffff,-62.29590679328034,38.57972107545534,1,False,False
836a66fffffffff,-62.77172099724287,34.55029298389233,1,False,False
836a68fffffffff,-64.44608899163478,42.24915449489954,1,False,False
836a69fffffffff,-64.58508408275911,44.73589384279599,1,False,False
836a6afffffffff,-65.23082491850857,40.74243258653388,1,False,False
836a6bfffffffff,-65.3940505086433,43.31725716184672,1,False,False
836a6cfffffffff,-63.48671357476968,41.53826298341317,1,False,False
836a6dfffffffff,-63.64480543567722,43.895229868093445,1,False,False
836a6efffffffff,-64.26446804351043,39.83431328208887,1,False,False
836a70fffffffff,-64.14483783766498,30.79923420486536,1,False,False
836a71fffffffff,-64.47906579663123,33.21438027084037,1,False,False
836a72fffffffff,-64.80114015611106,28.9093515910221,1,False,False
836a73fffffffff,-65.16796478351566,31.376943288675143,1,False,False
836a74fffffffff,-63.128757667973005,30.40550121647184,1,False,False
836a75fffffffff,-63.47309276185168,32.71281684604076,1,False,False
836a76fffffffff,-63.77277143396733,28.466182052095363,1,False,False
836a80fffffffff,-65.65286752545978,4.863196842767892,1,False,False
836a81fffffffff,-66.40430262201838,6.931814118930033,1,False,False
836a82fffffffff,-65.92709721671002,2.196618987925976,1,False,False
836a83fffffffff,-66.716828634387,4.204973322562281,1,False,False
836a84fffffffff,-64.59796180117503,5.463091545889234,1,False,False
836a85fffffffff,-65.33492187342004,7.455283239471997,1,False,False
836a86fffffffff,-64.87930752409137,2.9234643626140966,1,False,False
836a88fffffffff,-68.22229223773667,8.656369622668095,1,False,False
836a89fffffffff,-68.92993580940103,11.116473078655076,1,False,False
836a8afffffffff,-68.57060759842243,5.717281135201568,1,False,False
836a8bfffffffff,-69.3235570996572,8.122634038832453,1,False,False
836a8cfffffffff,-67.130020820721,9.136645382097509,1,False,False
836a8dfffffffff,-67.82618682338587,11.484398378396214,1,False,False
836a8efffffffff,-67.48319348970156,6.355268958294879,1,False,False
836a90fffffffff,-65.31074551571417,-2.335339005016892,1,False,False
836a91fffffffff,-66.15512209532012,-0.5356949897616113,1,False,False
836a92fffffffff,-65.45693874842969,-5.035737374244547,1,False,False
836a93fffffffff,-66.33476176545612,-3.323365719935986,1,False,False
836a94fffffffff,-64.29166519996542,-1.4307746978735236,1,False,False
836a95fffffffff,-65.1176043257328,0.3210726909004611,1,False,False
836a96fffffffff,-64.4524272057368,-4.010373208956037,1,False,False
836a98fffffffff,-68.04368566435996,0.5201866171452137,1,False,False
836a99fffffffff,-68.86751616356533,2.67679218843677,1,False,False
836a9afffffffff,-68.24517114930302,-2.510524762710806,1,False,False
836a9bfffffffff,-69.10972398056757,-0.4524941818248001,1,False,False
836a9cfffffffff,-66.98231969995163,1.3990257988388024,1,False,False
836a9dfffffffff,-67.78878024882323,3.4796812864702624,1,False,False
836a9efffffffff,-67.19816067947603,-1.4755252621414527,1,False,False
836aa0fffffffff,-63.228111160137615,8.369569771383242,1,False,False
836aa1fffffffff,-63.91577304796939,10.326097387999395,1,False,False
836aa2fffffffff,-63.553053572107416,6.011966024922793,1,False,False
836aa3fffffffff,-64.27593033792492,7.932606460818466,1,False,False
836aa4fffffffff,-62.19216080258271,8.77103948870578,1,False,False
836aa5fffffffff,-62.86766032932002,10.656197547461405,1,False,False
836aa6fffffffff,-62.51897658660998,6.515974518317838,1,False,False
836aa8fffffffff,-65.64997968322355,12.116204633996562,1,False,False
836aa9fffffffff,-66.29449993122311,14.387600860601689,1,False,False
836aaafffffffff,-66.04764789711949,9.57105174555884,1,False,False
836aabfffffffff,-66.73261661139973,11.815933875968154,1,False,False
836aacfffffffff,-64.57896262288446,12.389419645034325,1,False,False
836aadfffffffff,-65.21454389551073,14.562722706217544,1,False,False
836aaefffffffff,-64.97598786585168,9.965816921686198,1,False,False
836ab0fffffffff,-63.06439167947207,1.8246999947761944,1,False,False
836ab1fffffffff,-63.84008455036353,3.588369571098052,1,False,False
836ab2fffffffff,-63.27892744112194,-0.5999246788895036,1,False,False
836ab3fffffffff,-64.08696381008228,1.1049863040752494,1,False,False
836ab4fffffffff,-62.05093525485231,2.4875884922856266,1,False,False
836ab5fffffffff,-62.81042736808426,4.198770357450908,1,False,False
836ab6fffffffff,-62.27376748414856,0.1655585022067961,1,False,False
836ac0fffffffff,-70.2315973897135,22.392035071955668,1,False,False
836ac1fffffffff,-70.51454691242111,25.603106603217004,1,False,False
836ac2fffffffff,-70.81842695436578,19.511164681861946,1,False,False
836ac3fffffffff,-71.15515639262178,22.79341969951228,1,False,False
836ac4fffffffff,-69.11860026058345,22.157688711180093,1,False,False
836ac5fffffffff,-69.60671711377482,25.08551602621202,1,False,False
836ac6fffffffff,-69.69586906674111,19.43385066505008,1,False,False
836ac8fffffffff,-72.0481268065551,29.513399223970826,1,False,False
836ac9fffffffff,-72.40111836491286,33.0883828408487,1,False,False
836acafffffffff,-72.75505130316142,26.61331669598616,1,False,False
836acbfffffffff,-73.16036171851552,30.29525103911809,1,False,False
836accfffffffff,-70.94072888098242,28.82451642650797,1,False,False
836acdfffffffff,-71.30811245513716,32.17227849672024,1,False,False
836acefffffffff,-71.63139795686729,26.076633191859983,1,False,False
836ad0fffffffff,-70.72412189611431,13.475707887504845,1,False,False
836ad1fffffffff,-71.36160113743155,16.438774344980416,1,False,False
836ad2fffffffff,-71.16458125963895,10.24470557861368,1,False,False
836ad3fffffffff,-71.85529017595667,13.174564688397034,1,False,False
836ad4fffffffff,-69.60166419691348,13.742598024474932,1,False,False
836ad5fffffffff,-70.23278354124358,16.539948483330548,1,False,False
836ad6fffffffff,-70.04303623241522,10.705854819970725,1,False,False
836ad8fffffffff,-72.89522141186924,19.89082315570593,1,False,False
836ad9fffffffff,-73.42223942523731,23.454666720232208,1,False,False
836adafffffffff,-73.45493212493746,16.434920890962818,1,False,False
836adbfffffffff,-74.04237099370616,20.02316416741068,1,False,False
836adcfffffffff,-71.75548684279475,19.77536596619463,1,False,False
836addfffffffff,-72.28505748526452,23.102421039179564,1,False,False
836adefffffffff,-72.4991073476494,16.324108953004874,1,False,False
836ae0fffffffff,-67.41490727147422,24.381553840646347,1,False,False
836ae1fffffffff,-67.86286437466744,27.11069001667715,1,False,False
836ae2fffffffff,-68.0154284595315,21.94788763693552,1,False,False
836ae3fffffffff,-68.50600954313062,24.71477591602008,1,False,False
836ae4fffffffff,-66.33417600942872,24.08044847398496,1,False,False
836ae5fffffffff,-66.78587422451103,26.67043564636557,1,False,False
836ae6fffffffff,-66.92280314568568,21.758972307566765,1,False,False
836ae8fffffffff,-69.13519869867203,30.63428151682446,1,False,False
836ae9fffffffff,-69.47156953286805,33.69708457132951,1,False,False
836aeafffffffff,-69.83944622868086,28.213119076756545,1,False,False
836aebfffffffff,-70.21899377146639,31.35968742321757,1,False,False
836aecfffffffff,-68.2635797914922,29.93989569550921,1,False,False
836aedfffffffff,-68.40668006704111,32.87861740158206,1,False,False
836aeefffffffff,-68.9490732508247,27.598532514441,1,False,False
836af0fffffffff,-68.0042780778729,16.710342658563263,1,False,False
836af1fffffffff,-68.58311786404302,19.36489305975937,1,False,False
836af2fffffffff,-68.48874074781159,13.98075486571353,1,False,False
836af3fffffffff,-69.11343158251728,16.62987956681599,1,False,False
836af4fffffffff,-66.90601024020033,16.782757906992586,1,False,False
836af5fffffffff,-67.48087810655736,19.303006706871606,1,False,False
836af6fffffffff,-67.38611655264732,14.19457446283143,1,False,False
836b00fffffffff,-55.382910480425046,19.34507144389076,1,False,False
836b01fffffffff,-55.93067259031816,21.12994403265276,1,False,False
836b02fffffffff,-55.92823154152232,17.61914525025875,1,False,False
836b03fffffffff,-56.4984962310222,19.397196428837496,1,False,False
836b04fffffffff,-54.25788775461643,19.2954022710642,1,False,False
836b05fffffffff,-54.80905346467269,21.037013116106564,1,False,False
836b06fffffffff,-54.80987349505831,17.61006596180268,1,False,False
836b08fffffffff,-57.558216215077465,23.10858020623093,1,False,False
836b09fffffffff,-58.04436112766345,25.038273176052908,1,False,False
836b0afffffffff,-58.14350114343032,21.33012089624503,1,False,False
836b0bfffffffff,-58.65386259696992,23.261448352611254,1,False,False
836b0cfffffffff,-56.45149833614784,22.963253487000543,1,False,False
836b0dfffffffff,-56.94380287323491,24.84309508386944,1,False,False
836b0efffffffff,-57.04238998472712,21.227527381623062,1,False,False
836b10fffffffff,-55.82756431772797,14.150862111215943,1,False,False
836b11fffffffff,-56.44413436814376,15.861423087757885,1,False,False
836b12fffffffff,-56.29186198566399,12.38194072365071,1,False,False
836b13fffffffff,-56.92985813671754,14.074413588683049,1,False,False
836b14fffffffff,-54.71566488319124,14.223705861947291,1,False,False
836b15fffffffff,-55.3333543094724,15.894442064365622,1,False,False
836b16fffffffff,-55.18903179486251,12.497213072501625,1,False,False
836b18fffffffff,-58.13509656458401,17.638699578934986,1,False,False
836b19fffffffff,-58.69852311227768,19.50957987028801,1,False,False
836b1afffffffff,-58.635014378919465,15.790263944826105,1,False,False
836b1bfffffffff,-59.22226152921214,17.649248021198495,1,False,False
836b1cfffffffff,-57.036870151411065,17.62867816683979,1,False,False
836b1dfffffffff,-57.603925830979456,19.451963885175463,1,False,False
836b1efffffffff,-57.544910327315264,15.826740054406743,1,False,False
836b21fffffffff,-53.07203759712384,22.56734089731793,1,False,False
836b23fffffffff,-53.67827928460406,20.948410117042407,1,False,False
836b25fffffffff,-51.92836219180735,22.447230219902195,1,False,False
836b28fffffffff,-54.71078446730099,24.48049439242391,1,False,False
836b29fffffffff,-55.1862216185456,26.3085664161769,1,False,False
836b2afffffffff,-55.33439988856014,22.824925307535484,1,False,False
836b2bfffffffff,-55.8323699847009,24.65739215307504,1,False,False
836b2cfffffffff,-53.57980996912134,24.31179320001084,1,False,False
836b2dfffffffff,-54.061026882731845,26.09534376494312,1,False,False
836b2efffffffff,-54.20765469126464,22.69310351087271,1,False,False
836b30fffffffff,-53.08466191110638,15.955944878076664,1,False,False
836b32fffffffff,-53.59488709771574,14.293193711815189,1,False,False
836b33fffffffff,-54.21328010014206,15.925913917755803,1,False,False
836b34fffffffff,-51.94828780907017,15.984631669162082,1,False,False
836b36fffffffff,-52.46599661815145,14.35955215686663,1,False,False
836b40fffffffff,-58.59993624605328,32.77207645762879,1,False,False
836b41fffffffff,-58.92996679451931,34.83838136570706,1,False,False
836b42fffffffff,-59.31026956539279,31.090068166928983,1,False,False
836b43fffffffff,-59.6639690068434,33.1823956537632,1,False,False
836b44fffffffff,-57.52289466977491,32.38186303731688,1,False,False
836b45fffffffff,-57.864439919169584,34.39486325230895,1,False,False
836b46fffffffff,-58.235318811043406,30.73523366077287,1,False,False
836b48fffffffff,-60.263438680919286,37.45155629108421,1,False,False
836b49fffffffff,-60.508078148657816,39.61741633288765,1,False,False
836b4afffffffff,-61.01964324952421,35.79541179383806,1,False,False
836b4bfffffffff,-61.28737703427189,38.00100133130316,1,False,False
836b4cfffffffff,-59.2247013389766,36.92931325355087,1,False,False
836b4dfffffffff,-59.48363447400496,39.03965995491049,1,False,False
836b4efffffffff,-59.981916711800686,35.30465406896718,1,False,False
836b50fffffffff,-59.58047946698245,27.27388482821405,1,False,False
836b51fffffffff,-59.9938075941446,29.348595637410803,1,False,False
836b52fffffffff,-60.2101827918299,25.46009031224733,1,False,False
836b53fffffffff,-60.64896575365186,27.54783775570392,1,False,False
836b54fffffffff,-58.49931545762104,27.01397541393208,1,False,False
836b55fffffffff,-58.92169646077832,29.03249289989951,1,False,False
836b56fffffffff,-59.13336594034786,25.24366569646532,1,False,False
836b58fffffffff,-61.42024016737173,31.857526656954413,1,False,False
836b59fffffffff,-61.75045134517826,34.06970737539404,1,False,False
836b5afffffffff,-62.09789153149875,30.033614429016577,1,False,False
836b5bfffffffff,-62.45407682868389,32.27329859254912,1,False,False
836b5cfffffffff,-60.37211403979607,31.46366765726832,1,False,False
836b5dfffffffff,-60.714343822803286,33.614370105944786,1,False,False
836b5efffffffff,-61.05273074514402,29.68183360930152,1,False,False
836b60fffffffff,-55.695434442663625,33.56992248100254,1,False,False
836b61fffffffff,-56.02633109958827,35.50769174649362,1,False,False
836b62fffffffff,-56.43353365801901,32.01034662994806,1,False,False
836b63fffffffff,-56.78602113329408,33.9725232014863,1,False,False
836b64fffffffff,-54.593442594155,33.185745939045574,1,False,False
836b65fffffffff,-54.93521973901097,35.07690647706011,1,False,False
836b66fffffffff,-55.33258277362186,31.65624399352308,1,False,False
836b68fffffffff,-57.39122052684102,37.96548141915541,1,False,False
836b69fffffffff,-57.64294050226985,39.98718216039714,1,False,False
836b6afffffffff,-58.17181011808221,36.43238161306825,1,False,False
836b6bfffffffff,-58.444455426883486,38.48963335759861,1,False,False
836b6cfffffffff,-56.32464517908761,37.46550213849971,1,False,False
836b6dfffffffff,-56.58992710052042,39.43903342077706,1,False,False
836b6efffffffff,-57.10544690861608,35.959034379382004,1,False,False
836b70fffffffff,-56.74042160480854,28.446731326615502,1,False,False
836b71fffffffff,-57.14791536334103,30.397810277219275,1,False,False
836b72fffffffff,-57.4060983447332,26.767066561915577,1,False,False
836b73fffffffff,-57.83701446401858,28.732254716905945,1,False,False
836b74fffffffff,-55.63262041239248,28.17488003245912,1,False,False
836b75fffffffff,-56.04875438128629,30.07656897882201,1,False,False
836b76fffffffff,-56.30149656167439,26.53221516872168,1,False,False
836b80fffffffff,-58.41814720305258,7.97166813161086,1,False,False
836b81fffffffff,-59.099600523785774,9.64329037200979,1,False,False
836b82fffffffff,-58.76768310968332,6.107372243620964,1,False,False
836b83fffffffff,-59.469051156159296,7.745439148517842,1,False,False
836b84fffffffff,-57.50086450352532,6.95318239587767,1,False,False
836b85fffffffff,-58.03700349922276,9.821577101462031,1,False,False
836b86fffffffff,-57.71761675544685,6.368536776721365,1,False,False
836b88fffffffff,-60.81002269669497,11.239784517574432,1,False,False
836b89fffffffff,-61.44155227314005,13.078858838478478,1,False,False
836b8afffffffff,-61.168696505877335,9.141136387422163,1,False,False
836b8bfffffffff,-61.83223649738368,10.959737794595942,1,False,False
836b8cfffffffff,-59.759905711059055,11.38485637534176,1,False,False
836b8dfffffffff,-60.39695761319667,13.19742609497218,1,False,False
836b8efffffffff,-60.15054160788484,9.455701073474945,1,False,False
836b90fffffffff,-58.34871962601164,2.703604048817641,1,False,False
836b91fffffffff,-59.07391672089234,4.194206711361915,1,False,False
836b92fffffffff,-58.56250292195622,0.6849438570294162,1,False,False
836b93fffffffff,-59.31396368480418,2.136848928777636,1,False,False
836b94fffffffff,-57.313574750985744,3.039709423867693,1,False,False
836b95fffffffff,-58.048518165756526,4.539535910129102,1,False,False
836b96fffffffff,-57.59733690461629,1.2435899659127354,1,False,False
836b98fffffffff,-60.78322638779063,5.280396928690008,1,False,False
836b99fffffffff,-61.49646765144196,6.98033287305711,1,False,False
836b9afffffffff,-61.04751528908891,3.0999679471585453,1,False,False
836b9bfffffffff,-61.79121639156117,4.760981679002319,1,False,False
836b9cfffffffff,-59.78713712724837,5.761647028226963,1,False,False
836b9dfffffffff,-60.486175891698615,7.4094884817571165,1,False,False
836b9efffffffff,-60.05494000664058,3.667274099076791,1,False,False
836ba0fffffffff,-56.0467320344642,8.982297900700516,1,False,False
836ba1fffffffff,-56.72573696667635,10.59056168620648,1,False,False
836ba2fffffffff,-56.43040566512928,7.199883743001955,1,False,False
836ba3fffffffff,-57.12881554675511,8.779857485091584,1,False,False
836ba4fffffffff,-54.95475551999716,9.1753363433561,1,False,False
836ba5fffffffff,-55.63285318448544,10.74910975985306,1,False,False
836ba6fffffffff,-55.34971175477179,7.435139674897325,1,False,False
836ba8fffffffff,-58.467096543873055,12.133764321127398,1,False,False
836ba9fffffffff,-59.10292390650268,13.90957745077021,1,False,False
836baafffffffff,-58.69783519296835,11.522566632569175,1,False,False
836babfffffffff,-59.336334719952895,13.290855875857975,1,False,False
836bacfffffffff,-57.38477200913993,12.260936873405283,1,False,False
836badfffffffff,-58.02185954806656,13.994086218668274,1,False,False
836baefffffffff,-57.808382405191296,10.424108608074066,1,False,False
836bb0fffffffff,-56.05096323698691,3.9213621263331,1,False,False
836bb1fffffffff,-56.783747826552,5.405148993457935,1,False,False
836bb2fffffffff,-56.26735929738099,3.360444668058318,1,False,False
836bb3fffffffff,-57.00003253154382,4.83213086092479,1,False,False
836bb4fffffffff,-54.98489342926788,4.2267995485267225,1,False,False
836bb5fffffffff,-55.71512431033765,5.682755438130748,1,False,False
836bb6fffffffff,-55.30442333654142,2.49977327739167,1,False,False
836d20fffffffff,-20.385008427709003,-29.793858949805774,1,False,False
836d21fffffffff,-21.013032775568337,-30.74544528957025,1,False,False
836d25fffffffff,-21.49141983894812,-29.650332588243828,1,False,False
836d2cfffffffff,-21.62876189364432,-31.69422550691781,1,False,False
836d2dfffffffff,-22.231857041254425,-32.63969423951517,1,False,False
837434fffffffff,-42.87563307602054,-20.14445826588481,1,False,False
837436fffffffff,-42.24069040774349,-21.132545887806064,1,False,False
837500fffffffff,-43.67608949449213,-14.972901441313942,1,False,False
837501fffffffff,-44.616492464334605,-15.434801805074551,1,False,False
837502fffffffff,-42.93957130199652,-15.677219679829935,1,False,False
837503fffffffff,-43.87097514482109,-16.140165415975076,1,False,False
837504fffffffff,-43.46574615041671,-13.79354119676614,1,False,False
837505fffffffff,-44.419151599468144,-14.240139117418538,1,False,False
837506fffffffff,-42.731870911101296,-14.524328789757329,1,False,False
837508fffffffff,-45.72068217458515,-17.107161154392532,1,False,False
837509fffffffff,-46.637688224832175,-17.61229981291521,1,False,False
83750afffffffff,-44.964848562834646,-17.78485563741574,1,False,False
83750cfffffffff,-45.55241195266613,-15.91057001433719,1,False,False
83750dfffffffff,-46.483186008599326,-16.400771467261237,1,False,False
83750efffffffff,-44.79822937704501,-16.616635070491352,1,False,False
837510fffffffff,-41.44138395200868,-16.408316921421626,1,False,False
837511fffffffff,-42.28190687844916,-16.574981408817045,1,False,False
837512fffffffff,-40.81708590792875,-17.43293733708146,1,False,False
837513fffffffff,-41.6636863661676,-17.602531694938207,1,False,False
837514fffffffff,-41.20364377343647,-15.20690045488362,1,False,False
837515fffffffff,-42.05344780392834,-15.369067156317744,1,False,False
837516fffffffff,-40.58537540842338,-16.243007804384725,1,False,False
837518fffffffff,-43.31079190449586,-17.945829283848095,1,False,False
837519fffffffff,-44.216202122001086,-18.43539005936012,1,False,False
83751afffffffff,-42.69271113590064,-18.96362613475265,1,False,False
83751bfffffffff,-43.49940935273042,-19.14005449022393,1,False,False
83751cfffffffff,-43.13239875125658,-16.8179525809961,1,False,False
83751dfffffffff,-44.05085585250767,-17.294564855989915,1,False,False
83751efffffffff,-42.49490390510028,-17.773491187785975,1,False,False
837520fffffffff,-43.97581740573136,-11.81576469570234,1,False,False
837521fffffffff,-44.95123373397493,-12.242671827033613,1,False,False
837522fffffffff,-43.23951378530683,-12.602909894576449,1,False,False
837523fffffffff,-44.20574062801246,-13.033491938683278,1,False,False
837524fffffffff,-43.72896783503857,-10.58791847704509,1,False,False
837525fffffffff,-44.71712736129711,-10.997090453073952,1,False,False
837526fffffffff,-42.996986275093,-11.401887474225608,1,False,False
837528fffffffff,-46.126130767231466,-13.935296201463144,1,False,False
837529fffffffff,-47.07891227986431,-14.407698463814429,1,False,False
83752afffffffff,-45.36841088487037,-14.700371262600422,1,False,False
83752bfffffffff,-46.31284575263837,-15.174809470179904,1,False,False
83752cfffffffff,-45.92252561081153,-12.683184313468743,1,False,False
83752dfffffffff,-46.888989290304586,-13.137908425903184,1,False,False
83752efffffffff,-45.16817767878012,-13.477428958091066,1,False,False
837530fffffffff,-41.54923412214192,-12.939093154014737,1,False,False
837531fffffffff,-42.50887805693637,-13.360032410595563,1,False,False
837532fffffffff,-40.95024605047421,-13.999282126029136,1,False,False
837533fffffffff,-41.80928976255868,-14.156757012363594,1,False,False
837534fffffffff,-41.29848806685982,-11.779648565754314,1,False,False
837535fffffffff,-42.27019587290729,-12.1851356295347,1,False,False
837536fffffffff,-40.68101017477672,-12.786494117928257,1,False,False
837576fffffffff,-47.25178509839197,-15.664053626716672,1,False,False
837580fffffffff,-39.0787400771212,-21.55838504297462,1,False,False
837581fffffffff,-39.93253393677629,-21.738965441467567,1,False,False
837584fffffffff,-38.87693913093598,-20.415909334653403,1,False,False
837585fffffffff,-39.740514473318,-20.593051634726383,1,False,False
837586fffffffff,-38.209976051021215,-21.37912725832176,1,False,False
83758cfffffffff,-40.77134694441073,-21.9208795184072,1,False,False
83758dfffffffff,-41.595194978018135,-22.104138394878262,1,False,False
8375a0fffffffff,-39.31335929892382,-18.271624313484143,1,False,False
8375a1fffffffff,-40.18115617343188,-18.442593813658696,1,False,False
8375a2fffffffff,-38.660873947913295,-19.26350553027482,1,False,False
8375a3fffffffff,-39.53422329164293,-19.436998608716653,1,False,False
8375a4fffffffff,-39.07765136682528,-17.097790746323007,1,False,False
8375a5fffffffff,-39.95507448349397,-17.264694764533004,1,False,False
8375a6fffffffff,-38.43026034677712,-18.101987552623,1,False,False
8375a8fffffffff,-41.23529513597639,-19.788006419580515,1,False,False
8375a9fffffffff,-42.0630352936826,-19.9655456577768,1,False,False
8375aafffffffff,-40.58898981184756,-20.771530691591217,1,False,False
8375abfffffffff,-41.42237117186352,-20.951358190534258,1,False,False
8375acfffffffff,-41.033634778462144,-18.61490874011637,1,False,False
8375adfffffffff,-41.87080705954852,-18.78858188292989,1,False,False
8375aefffffffff,-40.39236524027662,-19.611828168702623,1,False,False
8375b0fffffffff,-37.10460484006631,-20.065588625628543,1,False,False
8375b1fffffffff,-37.99828548278568,-20.24009217824145,1,False,False
8375b2fffffffff,-36.42772417688071,-21.024535563011952,1,False,False
8375b3fffffffff,-37.32628096309234,-21.20118108081208,1,False,False
8375b4fffffffff,-36.86871814409383,-18.92048042097231,1,False,False
8375b5fffffffff,-37.77235077066961,-19.09133681194459,1,False,False
8375b6fffffffff,-36.19597999331504,-19.89238721125996,1,False,False
837a03fffffffff,-70.35628227431374,68.09030067811887,1,False,False
837a08fffffffff,-70.86880144904208,61.79890331742624,1,False,False
837a09fffffffff,-71.04393270924618,58.50406556141992,1,False,False
837a0afffffffff,-69.86770113190788,62.67474177987636,1,False,False
837a0bfffffffff,-70.05451912683948,59.57005397107638,1,False,False
837a0cfffffffff,-71.65716632806449,64.22504748557566,1,False,False
837a0dfffffffff,-71.87813947434633,60.81720825452908,1,False,False
837a0efffffffff,-70.63837624305405,64.99932316642496,1,False,False
837a11fffffffff,-69.01521084366914,71.4080642806695,1,False,False
837a13fffffffff,-68.01747237548771,71.72093298955534,1,False,False
837a18fffffffff,-68.63270260093796,66.31042596748782,1,False,False
837a19fffffffff,-68.87606474699685,63.46061893605028,1,False,False
837a1afffffffff,-67.64748407622064,66.8700644248794,1,False,False
837a1bfffffffff,-67.89491715671272,64.16946310832009,1,False,False
837a1cfffffffff,-69.34454970910005,68.60444181840644,1,False,False
837a1dfffffffff,-69.62992019056735,65.69024968108248,1,False,False
837a1efffffffff,-68.34539534412305,69.06637407599437,1,False,False
837a29fffffffff,-73.7212131538582,62.3595111171753,1,False,False
837a2bfffffffff,-72.68521102648975,63.351714222324816,1,False,False
837a40fffffffff,-72.13134397255953,46.43590375399149,1,False,False
837a41fffffffff,-72.02651210566938,42.78770847186534,1,False,False
837a42fffffffff,-71.20892352532219,48.2509878039044,1,False,False
837a43fffffffff,-71.13759917052212,44.78810301520004,1,False,False
837a44fffffffff,-73.1150266451321,48.28021358781563,1,False,False
837a45fffffffff,-73.0450927187713,44.40874860290021,1,False,False
837a46fffffffff,-72.16770335966227,50.09190150620488,1,False,False
837a48fffffffff,-70.80265243316332,37.94352908621652,1,False,False
837a49fffffffff,-70.5409611062979,34.608731521770885,1,False,False
837a4afffffffff,-69.9742767463231,40.05204720451387,1,False,False
837a4bfffffffff,-69.75195263228662,36.84176671827129,1,False,False
837a4cfffffffff,-71.85343257213573,39.176541338496,1,False,False
837a4dfffffffff,-71.61328233857215,35.62987940497198,1,False,False
837a4efffffffff,-71.00198612596026,41.344166180521086,1,False,False
837a50fffffffff,-70.26368091711522,53.15542862542188,1,False,False
837a51fffffffff,-70.28150550494814,49.88249502673431,1,False,False
837a52fffffffff,-69.31263544478081,54.45853451073878,1,False,False
837a53fffffffff,-69.35216239228728,51.354650225714906,1,False,False
837a54fffffffff,-71.16060120978129,55.13320485242552,1,False,False
837a55fffffffff,-71.21622526620722,51.70765425878438,1,False,False
837a56fffffffff,-70.18736042906747,56.39112577632709,1,False,False
837a58fffffffff,-69.26267800731246,45.09509942283791,1,False,False
837a59fffffffff,-69.132532306804,41.9765440427301,1,False,False
837a5afffffffff,-68.38224966975686,46.72193084923267,1,False,False
837a5bfffffffff,-68.28120562567109,43.73628276761045,1,False,False
837a5cfffffffff,-70.23950822822668,46.5932695757549,1,False,False
837a5dfffffffff,-70.13706540658778,43.30932989471712,1,False,False
837a5efffffffff,-69.33580287437823,48.227349243397136,1,False,False
837a60fffffffff,-75.050666396377,48.31727294895716,1,False,False
837a61fffffffff,-74.98142043837399,43.92808585209753,1,False,False
837a62fffffffff,-74.08477407668228,50.35381373301176,1,False,False
837a63fffffffff,-74.05445326969615,46.23902464861141,1,False,False
837a64fffffffff,-76.02896579602684,50.69079335101869,1,False,False
837a65fffffffff,-76.00511400227408,45.98562045449766,1,False,False
837a66fffffffff,-75.0359642654978,52.69570917169836,1,False,False
837a68fffffffff,-73.7591382736534,38.08655218643685,1,False,False
837a69fffffffff,-73.49635934533256,34.1285529194876,1,False,False
837a6afffffffff,-72.9020269148681,40.56436605845438,1,False,False
837a6bfffffffff,-72.68671639646772,36.78073442739959,1,False,False
837a6cfffffffff,-74.82802527436682,39.5792138967848,1,False,False
837a6dfffffffff,-74.59190772199891,35.318973210086384,1,False,False
837a6efffffffff,-73.94575833431543,42.13613033350686,1,False,False
837a70fffffffff,-73.03766537474421,55.96435878711553,1,False,False
837a71fffffffff,-73.11208442707058,52.1436448478265,1,False,False
837a72fffffffff,-72.03896695106279,57.30994319400282,1,False,False
837a73fffffffff,-72.13634378076715,53.72610082482181,1,False,False
837a74fffffffff,-73.91531076125882,58.45232751034609,1,False,False
837a75fffffffff,-74.03764346851341,54.43835478419061,1,False,False
837a76fffffffff,-72.89423954782795,59.70992770735811,1,False,False
837a80fffffffff,-64.16900501551304,72.7109831116761,1,False,False
837a81fffffffff,-64.48447415470159,70.523522314432,1,False,False
837a82fffffffff,-63.24384933219197,72.90882959785685,1,False,False
837a83fffffffff,-63.554990786804055,70.81381446149345,1,False,False
837a85fffffffff,-65.10916141698502,72.49586379706392,1,False,False
837a88fffffffff,-64.09044364020865,66.42136773661494,1,False,False
837a89fffffffff,-64.31032383303426,64.13101400735434,1,False,False
837a8afffffffff,-63.17214739291601,66.87264966300748,1,False,False
837a8bfffffffff,-63.39337960463653,64.67991065220191,1,False,False
837a8cfffffffff,-64.76972210369169,68.26236161378786,1,False,False
837a8dfffffffff,-65.02232821887824,65.93110241678538,1,False,False
837a8efffffffff,-63.83793699161118,68.6503102957317,1,False,False
837a91fffffffff,-62.33384154699368,73.09139912029003,1,False,False
837a93fffffffff,-61.43908767275637,73.26039203385994,1,False,False
837a98fffffffff,-62.01749095315923,69.33777876949455,1,False,False
837a99fffffffff,-62.26777661008671,67.28937015537575,1,False,False
837a9afffffffff,-61.12925356433486,69.64372883738679,1,False,False
837a9bfffffffff,-61.37760032752709,67.67531367249434,1,False,False
837a9cfffffffff,-62.64031692892962,71.08141087032935,1,False,False
837a9dfffffffff,-62.92044682832783,69.00762758417713,1,False,False
837a9efffffffff,-61.74061546560811,71.32886259834665,1,False,False
837aa8fffffffff,-66.38696457362504,69.86230896894179,1,False,False
837aa9fffffffff,-66.67490460927145,67.37752377404509,1,False,False
837aaafffffffff,-65.42855449668673,70.20753621248019,1,False,False
837aabfffffffff,-65.71550128693941,67.83970691712994,1,False,False
837aacfffffffff,-67.0336612367261,72.00392521803668,1,False,False
837aadfffffffff,-67.35937660243638,69.48361368299993,1,False,False
837aaefffffffff,-66.06412681149241,72.26111336683637,1,False,False
837ac0fffffffff,-65.6614487380059,56.017702527779264,1,False,False
837ac1fffffffff,-65.7187170539173,53.43033353822309,1,False,False
837ac2fffffffff,-64.75401932945277,56.94679998059064,1,False,False
837ac3fffffffff,-64.82405421585759,54.47092860041292,1,False,False
837ac4fffffffff,-66.4882494720117,57.67955650422396,1,False,False
837ac5fffffffff,-66.57642021045886,55.00576075634573,1,False,False
837ac6fffffffff,-65.56146123683662,58.570147101205535,1,False,False
837ac8fffffffff,-64.83917903997563,49.44794942779121,1,False,False
837ac9fffffffff,-65.51254824829499,45.908530396045215,1,False,False
837acafffffffff,-63.980958586845134,50.609372816416936,1,False,False
837acbfffffffff,-64.68150089978653,47.23255882293492,1,False,False
837accfffffffff,-65.73197846896248,50.81804676120407,1,False,False
837acdfffffffff,-65.70028155400942,48.19145357019686,1,False,False
837acefffffffff,-64.85277902635085,51.96823450225866,1,False,False
837ad0fffffffff,-63.73670606158771,60.13919935924817,1,False,False
837ad1fffffffff,-63.85525093253453,57.80239255712144,1,False,False
837ad2fffffffff,-62.84041174479683,60.83335684011157,1,False,False
837ad3fffffffff,-62.96609095954953,58.59253116756162,1,False,False
837ad4fffffffff,-64.49548654954287,61.784282829796425,1,False,False
837ad5fffffffff,-64.64397727319485,59.3872115127104,1,False,False
837ad6fffffffff,-63.582182107200346,62.43370645607814,1,False,False
837ad8fffffffff,-63.11065650763311,54.01172312162317,1,False,False
837ad9fffffffff,-63.12059146729784,51.76024467472033,1,False,False
837adafffffffff,-62.2080462584473,55.23929564624496,1,False,False
837adbfffffffff,-63.00170875905861,52.29728095140319,1,False,False
837adcfffffffff,-63.93629987634106,55.43007230109078,1,False,False
837addfffffffff,-63.9785532362175,53.02971672670475,1,False,False
837adefffffffff,-63.0566001778552,56.31648808760463,1,False,False
837ae0fffffffff,-68.25632576906261,58.54163158802251,1,False,False
837ae1fffffffff,-68.36523102442061,55.63645722409515,1,False,False
837ae2fffffffff,-67.30170190527357,59.46669837607858,1,False,False
837ae3fffffffff,-67.42326477336577,56.70554212980488,1,False,False
837ae4fffffffff,-69.07234537906785,60.52684963439327,1,False,False
837ae5fffffffff,-69.2186933880919,57.521353179845946,1,False,False
837ae6fffffffff,-68.09876035380395,61.3899521135726,1,False,False
837ae8fffffffff,-67.52315408796032,51.06301881921795,1,False,False
837ae9fffffffff,-67.49871076674295,48.20783549893112,1,False,False
837aeafffffffff,-66.61894302787518,52.29823430081176,1,False,False
837aebfffffffff,-66.61457030930613,49.568603706094166,1,False,False
837aecfffffffff,-68.42347393000078,52.68802549171725,1,False,False
837aedfffffffff,-68.42949882865369,49.71124816234868,1,False,False
837aeefffffffff,-67.49761405449857,53.90010192978643,1,False,False
837af0fffffffff,-66.18168964790965,62.88403060632322,1,False,False
837af1fffffffff,-66.35603458321575,60.30886559383628,1,False,False
837af2fffffffff,-65.2399450557099,63.53449733893323,1,False,False
837af3fffffffff,-65.4203436864351,61.07847923521737,1,False,False
837af4fffffffff,-66.92511762386027,64.81188304793756,1,False,False
837af5fffffffff,-67.13489283722,62.17214109552585,1,False,False
837af6fffffffff,-65.96738691290865,65.39665647456408,1,False,False
837b41fffffffff,-78.79043375070438,60.21891940796247,1,False,False
837b45fffffffff,-79.62241567086153,64.47027508996639,1,False,False
837b48fffffffff,-77.99608201039712,51.14047416696648,1,False,False
837b49fffffffff,-77.97919167037509,45.6472839670242,1,False,False
837b4afffffffff,-76.98349989993748,53.41715899352364,1,False,False
837b4bfffffffff,-77.01201967191885,48.36580278289484,1,False,False
837b4cfffffffff,-78.94957360295196,54.39969407063975,1,False,False
837b4dfffffffff,-78.9949191141851,48.4321034712936,1,False,False
837b4efffffffff,-77.90701138286914,56.56581001288721,1,False,False
837b59fffffffff,-75.96303810234622,55.35200953312424,1,False,False
837b5bfffffffff,-74.93915524283561,57.01306910351627,1,False,False
837b5dfffffffff,-76.8592671219043,58.376533434297926,1,False,False
837b61fffffffff,-81.5107910725094,68.30356405919731,1,False,False
837b68fffffffff,-80.92790251849041,55.81527446264481,1,False,False
837b69fffffffff,-80.99489563197213,48.52812352625757,1,False,False
837b6afffffffff,-79.86250662954473,58.25482451923777,1,False,False
837b6bfffffffff,-79.98143388931483,51.770649821403545,1,False,False
837b6cfffffffff,-81.8195065885371,60.76027380053405,1,False,False
837b6dfffffffff,-81.97967244034884,52.716970555302886,1,False,False
837b6efffffffff,-80.72187664231656,62.839384792497455,1,False,False
838000fffffffff,-49.07632769531117,-16.307805996169417,1,False,False
838001fffffffff,-48.09045781862129,-17.292226849025933,1,False,False
838002fffffffff,-48.983712078702005,-14.511295752339816,1,False,False
838003fffffffff,-48.01338424640989,-15.528522580799152,1,False,False
838004fffffffff,-50.13379610580275,-17.121083619454105,1,False,False
838005fffffffff,-49.14096918004653,-18.110011843554247,1,False,False
838006fffffffff,-50.05348812425952,-15.283695341772995,1,False,False
838008fffffffff,-46.04948775353965,-17.450089676271308,1,False,False
838009fffffffff,-45.058784215216406,-18.357526559370505,1,False,False
83800bfffffffff,-44.99819797213023,-16.69220689503794,1,False,False
83800cfffffffff,-47.09734528175231,-18.23867274457401,1,False,False
83800dfffffffff,-46.09842663750673,-19.148811816475924,1,False,False
83800efffffffff,-47.03482688373365,-16.507598531506584,1,False,False
838010fffffffff,-49.80674925387023,-11.636615003891976,1,False,False
838011fffffffff,-48.86343103715327,-12.723963027422338,1,False,False
838012fffffffff,-49.64128575847139,-9.83407446646712,1,False,False
838013fffffffff,-48.71594135673576,-10.949183080410208,1,False,False
838014fffffffff,-50.89376374591941,-12.35599426495565,1,False,False
838015fffffffff,-49.94433678884453,-13.45432390444854,1,False,False
838016fffffffff,-50.73792062191923,-10.508245055379293,1,False,False
83801cfffffffff,-47.90945472202642,-13.771744451946963,1,False,False
838020fffffffff,-51.221219848474334,-19.852313488549648,1,False,False
838021fffffffff,-50.207054571620745,-20.804884451329023,1,False,False
838022fffffffff,-51.18443782563404,-17.970279266337727,1,False,False
838023fffffffff,-50.18501305723007,-18.96274532891285,1,False,False
838024fffffffff,-52.24820173585438,-20.780697799464065,1,False,False
838025fffffffff,-51.22779645264896,-21.73292820751268,1,False,False
838026fffffffff,-52.22688045058381,-18.857427183962493,1,False,False
838028fffffffff,-48.163306412542816,-20.82711338344078,1,False,False
838029fffffffff,-47.14392296515392,-21.70289027914218,1,False,False
83802afffffffff,-48.14045639250191,-19.059542394646066,1,False,False
83802bfffffffff,-47.13371062928894,-19.97149207739885,1,False,False
83802cfffffffff,-49.185860680985805,-21.71728919276952,1,False,False
83802dfffffffff,-48.15908060165535,-22.591581073532208,1,False,False
83802efffffffff,-49.17748054194462,-19.91436436140475,1,False,False
838030fffffffff,-52.09043404851532,-15.01747468966086,1,False,False
838031fffffffff,-51.11745411556386,-16.090881097794853,1,False,False
838032fffffffff,-51.9756885875621,-13.109357470698606,1,False,False
838033fffffffff,-51.02044643309116,-14.218140594244051,1,False,False
838034fffffffff,-53.15295223597501,-15.854528555246327,1,False,False
838035fffffffff,-52.17425850227442,-16.93491403582305,1,False,False
838036fffffffff,-53.05120482316558,-13.898891105474943,1,False,False
838040fffffffff,-42.07213721227006,-22.457767169981462,1,False,False
838041fffffffff,-41.06439989902103,-23.209462070027985,1,False,False
838042fffffffff,-42.06811544222419,-20.88417339890067,1,False,False
838043fffffffff,-41.06937363312851,-21.66581593735916,1,False,False
838044fffffffff,-43.07218487786859,-23.277497908932933,1,False,False
838045fffffffff,-42.05474716321192,-24.026448261811133,1,False,False
838046fffffffff,-43.08066027324859,-21.67726610297526,1,False,False
838048fffffffff,-39.07641663722462,-23.146073554115542,1,False,False
838049fffffffff,-38.08445501709397,-23.847116979557097,1,False,False
83804afffffffff,-39.07801680112491,-21.655149438630914,1,False,False
83804bfffffffff,-38.09350387503096,-22.38355305678107,1,False,False
83804cfffffffff,-40.058624726492766,-23.93367168333309,1,False,False
83804dfffffffff,-39.05593429830936,-24.63165724555613,1,False,False
83804efffffffff,-40.07175604831969,-22.41936923082245,1,False,False
838050fffffffff,-43.03042256731275,-18.467652513043525,1,False,False
838051fffffffff,-42.042529745416616,-19.3080253251776,1,False,False
838054fffffffff,-44.064098886148486,-19.231398447723688,1,False,False
838055fffffffff,-43.06677556465939,-20.0731490385209,1,False,False
838056fffffffff,-44.01608568084449,-17.596158026468153,1,False,False
83805cfffffffff,-41.05368520518913,-20.118571432714845,1,False,False
83805dfffffffff,-40.0651203316452,-20.90054333927288,1,False,False
838060fffffffff,-44.02359120960411,-25.745313466907167,1,False,False
838061fffffffff,-42.98911847392792,-26.45648652665957,1,False,False
838062fffffffff,-44.06825920031071,-24.12614206020869,1,False,False
838063fffffffff,-43.04156462510876,-24.87137495274772,1,False,False
838064fffffffff,-44.999542387512136,-26.64935589566203,1,False,False
838065fffffffff,-43.95645840237355,-27.354045217481747,1,False,False
838066fffffffff,-45.05907570388454,-25.004864115764,1,False,False
838068fffffffff,-40.99331767341526,-26.277139857661684,1,False,False
838069fffffffff,-39.97403371019029,-26.94042881607828,1,False,False
83806afffffffff,-41.03895385270626,-24.747292465768,1,False,False
83806bfffffffff,-40.02594821773582,-25.44136767493573,1,False,False
83806cfffffffff,-41.95683421928464,-27.13987928953889,1,False,False
83806dfffffffff,-40.92786183970248,-27.796904825037537,1,False,False
83806efffffffff,-42.01619698746543,-25.58790237254432,1,False,False
838070fffffffff,-45.10715751410449,-21.68958959194337,1,False,False
838071fffffffff,-44.09007064845566,-22.49903642824012,1,False,False
838072fffffffff,-45.09510404517563,-20.02426008866929,1,False,False
838073fffffffff,-44.08874132766998,-20.86657764462681,1,False,False
838074fffffffff,-46.1207251395927,-22.54351153402577,1,False,False
838075fffffffff,-45.095067135563504,-23.35071138069741,1,False,False
838076fffffffff,-46.12215068683216,-20.84761303741565,1,False,False
8380a4fffffffff,-51.4513715092997,-7.481265009959896,1,False,False
838100fffffffff,-56.28665666415378,-22.8301964874912,1,False,False
838101fffffffff,-55.25971562416977,-23.81997417342887,1,False,False
838102fffffffff,-56.30219327791356,-20.72531696542231,1,False,False
838103fffffffff,-55.29104334890864,-21.76862773915741,1,False,False
838104fffffffff,-57.26700050448541,-23.94158353904621,1,False,False
838105fffffffff,-56.235668832573154,-24.92529740850981,1,False,False
838106fffffffff,-57.30231580458532,-21.78912553914198,1,False,False
838108fffffffff,-53.23718326684101,-23.70927667351901,1,False,False
838109fffffffff,-52.19747160456442,-24.612253249515245,1,False,False
83810afffffffff,-53.26455603115603,-21.74997473482284,1,False,False
83810bfffffffff,-52.23830896394298,-22.70039934848452,1,False,False
83810cfffffffff,-54.22300234885671,-24.7616090749432,1,False,False
83810dfffffffff,-53.17799456514267,-25.65805695525802,1,False,False
83810efffffffff,-54.26886835515912,-22.76231389790405,1,False,False
838110fffffffff,-57.262149279802486,-17.468267268263542,1,False,False
838111fffffffff,-56.28194858554297,-18.616296294508164,1,False,False
838112fffffffff,-57.18646957706653,-15.312116757844104,1,False,False
838113fffffffff,-56.225825235315526,-16.508838777523163,1,False,False
838114fffffffff,-58.285210011436696,-18.47739370544864,1,False,False
838115fffffffff,-57.300773298356376,-19.62931532521865,1,False,False
838116fffffffff,-58.226911974452975,-16.263516019204204,1,False,False
838118fffffffff,-54.260880123834845,-18.74241180073956,1,False,False
838119fffffffff,-53.25973398336103,-19.78467456617103,1,False,False
83811afffffffff,-54.2066348164331,-16.731652770242864,1,False,False
83811bfffffffff,-53.22252994685678,-17.81798352856647,1,False,False
83811cfffffffff,-55.287906246236446,-19.71065736332653,1,False,False
83811dfffffffff,-54.28159379488216,-20.754282897476184,1,False,False
83811efffffffff,-55.25009923082344,-17.65135304950793,1,False,False
838120fffffffff,-58.137162777978965,-27.28865512778939,1,False,False
838121fffffffff,-57.08790382474571,-28.2007038185208,1,False,False
838122fffffffff,-58.230636307922026,-25.10548219194364,1,False,False
838123fffffffff,-57.19529563815206,-26.08069905572309,1,False,False
838124fffffffff,-59.059838366713294,-28.55168473131492,1,False,False
838125fffffffff,-58.00728102229397,-29.44842971111474,1,False,False
838126fffffffff,-59.17612188886699,-26.324672497122343,1,False,False
838128fffffffff,-55.09555829346316,-27.88222024398479,1,False,False
838129fffffffff,-54.034033194903365,-28.71511116813629,1,False,False
83812afffffffff,-55.19434432233925,-25.859508241727173,1,False,False
83812bfffffffff,-54.1444943344293,-26.74739989003104,1,False,False
83812cfffffffff,-56.02977690493832,-29.064478439037007,1,False,False
83812dfffffffff,-54.964181564299935,-29.88334968973585,1,False,False
83812efffffffff,-56.14978557963395,-27.00513858007771,1,False,False
838130fffffffff,-59.29365387998724,-21.81175604359249,1,False,False
838131fffffffff,-58.28683955435812,-22.904953493004328,1,False,False
838132fffffffff,-59.29359489325825,-19.53950492059589,1,False,False
838133fffffffff,-58.30515231429301,-20.69341172021135,1,False,False
838134fffffffff,-60.26483588836757,-22.98768456153537,1,False,False
838135fffffffff,-59.25432258043679,-24.075800571165864,1,False,False
838136fffffffff,-60.28587866143823,-20.658095872368506,1,False,False
838140fffffffff,-48.94337816317548,-28.844682233013856,1,False,False
838141fffffffff,-47.87784417122909,-29.55324252432376,1,False,False
838142fffffffff,-49.044500970884044,-27.08225712395621,1,False,False
838143fffffffff,-47.98682138059533,-27.833526416171303,1,False,False
838144fffffffff,-49.88800809972778,-29.89204756800549,1,False,False
838145fffffffff,-48.81634363896008,-30.588866135524835,1,False,False
838146fffffffff,-50.00747452461357,-28.103062753596458,1,False,False
838148fffffffff,-45.86926049438051,-29.240136721597768,1,False,False
838149fffffffff,-44.8118341086614,-29.899086155409023,1,False,False
83814afffffffff,-45.96811478058977,-27.584610830525936,1,False,False
83814bfffffffff,-44.91693721400164,-28.281589634540385,1,False,False
83814cfffffffff,-46.81212391828941,-30.23070304747963,1,False,False
83814dfffffffff,-45.747423718135344,-30.878889832427465,1,False,False
83814efffffffff,-46.9279909272336,-28.552198120040675,1,False,False
838150fffffffff,-50.16409356444503,-24.4754282505387,1,False,False
838151fffffffff,-49.11899265399988,-25.30468480576508,1,False,False
838152fffffffff,-50.2000005664884,-22.643699067747274,1,False,False
838153fffffffff,-49.1662630268804,-23.51522889941989,1,False,False
838154fffffffff,-51.15118361929012,-25.47382005051434,1,False,False
838155fffffffff,-50.099734259573054,-26.29639769906127,1,False,False
838156fffffffff,-51.204337596486205,-23.608086163520536,1,False,False
838158fffffffff,-47.08657408153848,-25.148870147081183,1,False,False
838159fffffffff,-46.043327266618086,-25.91485590038493,1,False,False
83815afffffffff,-47.12811989535648,-23.429716634278137,1,False,False
83815bfffffffff,-46.09434410412423,-24.233555956089845,1,False,False
83815cfffffffff,-48.07041223937924,-26.09798493876365,1,False,False
83815dfffffffff,-47.01968868732661,-26.85733238383096,1,False,False
83815efffffffff,-48.1279964189785,-24.34962196231395,1,False,False
838160fffffffff,-50.653966911897,-32.76827082066728,1,False,False
838161fffffffff,-49.57086993244199,-33.40451747161647,1,False,False
838162fffffffff,-50.819361381913005,-30.976864203718915,1,False,False
838163fffffffff,-49.74215927500512,-31.66017943009843,1,False,False
838164fffffffff,-51.55045335676301,-33.914194582734254,1,False,False
838165fffffffff,-50.46283106561429,-34.53304050895707,1,False,False
838166fffffffff,-51.73609422232309,-32.10035679027604,1,False,False
838168fffffffff,-47.58678780545431,-32.93404829553497,1,False,False
838169fffffffff,-46.51097535800085,-33.528418800871286,1,False,False
83816afffffffff,-47.744218309434,-31.254297587694253,1,False,False
83816bfffffffff,-46.67283707963758,-31.890247935307112,1,False,False
83816cfffffffff,-48.48799435506491,-34.011150412496285,1,False,False
83816dfffffffff,-47.40649082956454,-34.590063167458695,1,False,False
83816efffffffff,-48.664234781632594,-32.31191331128606,1,False,False
838170fffffffff,-52.02492134779386,-28.395879409315416,1,False,False
838171fffffffff,-50.95796366527918,-29.16178902292974,1,False,False
838172fffffffff,-52.126136839032704,-26.512085424856785,1,False,False
838173fffffffff,-51.06883903701796,-27.326281948240148,1,False,False
838174fffffffff,-52.966596506998805,-29.50674225863696,1,False,False
838175fffffffff,-51.89460034050217,-30.2598243824948,1,False,False
838176fffffffff,-53.08755322672548,-27.59193753720596,1,False,False
838180fffffffff,-55.648734558320754,-8.205963779549897,1,False,False
838181fffffffff,-54.75575695355205,-9.505618282513968,1,False,False
838182fffffffff,-55.41979297398638,-6.187932381719571,1,False,False
838183fffffffff,-54.54915006686767,-7.516921177327293,1,False,False
838184fffffffff,-56.74105254431117,-8.932564813829686,1,False,False
838185fffffffff,-55.844713949964536,-10.25196691614568,1,False,False
838186fffffffff,-56.52227569512936,-6.854241114227372,1,False,False
838188fffffffff,-52.75297082143871,-10.0287902447471,1,False,False
838189fffffffff,-51.830482270590565,-11.21468714632154,1,False,False
83818afffffffff,-52.55782216388669,-8.122711960255366,1,False,False
83818bfffffffff,-51.65544612924703,-9.3374134206342,1,False,False
83818cfffffffff,-53.84488977351005,-10.754893995082556,1,False,False
83818dfffffffff,-52.917683878294696,-11.955543705368695,1,False,False
83818efffffffff,-53.65970238214758,-8.79671583660049,1,False,False
838199fffffffff,-52.33315652620345,-6.241120684020809,1,False,False
83819dfffffffff,-53.44354639761133,-6.862782948394218,1,False,False
8381a1fffffffff,-57.074009173487006,-13.166916233005086,1,False,False
8381a3fffffffff,-56.92528648048936,-11.03853469679535,1,False,False
8381a8fffffffff,-55.07075765393938,-13.54992370244917,1,False,False
8381a9fffffffff,-54.118973443571946,-14.726941592081248,1,False,False
8381aafffffffff,-54.92991093754351,-11.518156717144963,1,False,False
8381abfffffffff,-53.99821774376596,-12.733125463153954,1,False,False
8381acfffffffff,-56.13396085825149,-14.408623437176557,1,False,False
8381adfffffffff,-55.17763773288922,-15.596025375876255,1,False,False
8381aefffffffff,-56.006725440366765,-12.321212900605095,1,False,False
838200fffffffff,-59.656251114539856,-21.828527614306434,1,False,False
838202fffffffff,-59.80665492327008,-19.661250420476154,1,False,False
838203fffffffff,-58.85618205646522,-20.47607739534555,1,False,False
838206fffffffff,-60.62531732994975,-21.03793874721376,1,False,False
838210fffffffff,-60.86440630593899,-16.516665850692988,1,False,False
838211fffffffff,-59.92130303389136,-17.47260985762775,1,False,False
838212fffffffff,-60.92657117688844,-14.23257851648256,1,False,False
838213fffffffff,-59.99953237300565,-15.268752143329216,1,False,False
838214fffffffff,-61.72638217382384,-17.848424291330275,1,False,False
838215fffffffff,-60.76378734536289,-18.78743034458893,1,False,False
838216fffffffff,-61.811271349847054,-15.490487186501968,1,False,False
838218fffffffff,-58.15714876628503,-17.143016771691624,1,False,False
838219fffffffff,-57.2443136079342,-17.992456377237776,1,False,False
83821afffffffff,-58.22950858694491,-15.074432026492005,1,False,False
83821bfffffffff,-57.329895680752834,-15.990625181796457,1,False,False
83821cfffffffff,-58.98330483839748,-18.36480975110637,1,False,False
83821dfffffffff,-58.051605002953714,-19.19904324775995,1,False,False
83821efffffffff,-59.07594900762297,-16.236903831360006,1,False,False
838226fffffffff,-62.00887277034074,-26.391873056117955,1,False,False
838230fffffffff,-62.43206346016425,-21.68014313205796,1,False,False
838231fffffffff,-61.43722541456727,-22.50081723659619,1,False,False
838232fffffffff,-62.5834014425721,-19.271177047920315,1,False,False
838233fffffffff,-61.60143157737724,-20.18768782945772,1,False,False
838234fffffffff,-63.25329362490278,-23.271973892757742,1,False,False
838235fffffffff,-62.24011539000156,-24.05614437968132,1,False,False
838236fffffffff,-63.43318509325599,-20.792632989554946,1,False,False
838280fffffffff,-59.943366723865765,-6.431010758088514,1,False,False
838281fffffffff,-59.09508744852934,-7.675536586186575,1,False,False
838282fffffffff,-59.837978643365744,-4.248605384824568,1,False,False
838283fffffffff,-59.0122991399798,-5.552466040047187,1,False,False
838284fffffffff,-60.88030627491691,-7.372655729754211,1,False,False
838285fffffffff,-60.01264504114458,-8.630649755698188,1,False,False
838286fffffffff,-60.78797774135604,-5.107582531614961,1,False,False
838288fffffffff,-57.35198047605045,-7.942213617946596,1,False,False
838289fffffffff,-56.52064544071824,-9.038057998424708,1,False,False
83828afffffffff,-57.2776825243023,-5.944535275377282,1,False,False
83828bfffffffff,-56.465343416329794,-7.092276377252788,1,False,False
83828cfffffffff,-58.24494739680294,-8.846936618257809,1,False,False
83828dfffffffff,-57.39458594771053,-9.950574087884322,1,False,False
83828efffffffff,-58.18305639379687,-6.781953333456138,1,False,False
838290fffffffff,-60.491938627328736,-0.6510076658264843,1,False,False
838291fffffffff,-59.6972579850791,-2.089472918574589,1,False,False
838292fffffffff,-60.29039094416997,1.528158367100243,1,False,False
838293fffffffff,-59.52219319007459,0.0407384317198783,1,False,False
838294fffffffff,-61.470882075252106,-1.3955326670912889,1,False,False
838295fffffffff,-60.658197921758806,-2.8648929075278864,1,False,False
838296fffffffff,-61.27727084350322,0.87285322064687,1,False,False
838298fffffffff,-57.96115258817364,-2.6998928768798574,1,False,False
838299fffffffff,-57.17219942816418,-3.9622608568398543,1,False,False
83829afffffffff,-57.80261432930544,-0.6926055068819669,1,False,False
83829bfffffffff,-57.0362084000032,-1.9998928050228333,1,False,False
83829cfffffffff,-58.89536939341527,-3.447856633566295,1,False,False
83829dfffffffff,-58.088242078258354,-4.73125912688806,1,False,False
83829efffffffff,-58.745106169751146,-1.3670596932287713,1,False,False
8382a0fffffffff,-61.85907060280414,-10.750137746441006,1,False,False
8382a1fffffffff,-60.94994251220431,-11.942351518934409,1,False,False
8382a2fffffffff,-61.82182929390392,-8.383884291297958,1,False,False
8382a3fffffffff,-60.93445243622596,-9.653284685558283,1,False,False
8382a4fffffffff,-62.784879684975536,-11.928694159820472,1,False,False
8382a5fffffffff,-61.85557636776932,-13.1217080213937,1,False,False
8382a6fffffffff,-62.76647968598001,-9.471999514122125,1,False,False
8382a8fffffffff,-59.15602772522085,-11.954261678099169,1,False,False
8382a9fffffffff,-58.26832905776048,-12.998601811362136,1,False,False
8382aafffffffff,-59.14312785113203,-9.811420931838793,1,False,False
8382abfffffffff,-58.273457590504165,-10.920951898354438,1,False,False
8382acfffffffff,-60.04091433232234,-13.056088339177558,1,False,False
8382adfffffffff,-59.13361645137552,-14.098085798701282,1,False,False
8382aefffffffff,-60.04526415684426,-10.841185291349706,1,False,False
8382b0fffffffff,-62.60232888165063,-4.598508815528003,1,False,False
8382b1fffffffff,-61.74422771219517,-6.030947217313767,1,False,False
8382b2fffffffff,-62.458045652031295,-2.198833709617118,1,False,False
8382b3fffffffff,-61.62693184009048,-3.6990578402303287,1,False,False
8382b4fffffffff,-63.583104455370574,-5.570722247532655,1,False,False
8382b5fffffffff,-62.70543696863836,-7.025682652691325,1,False,False
8382b6fffffffff,-63.45231608841065,-3.067800142825041,1,False,False
8382d2fffffffff,-54.79182043570897,-7.368630860905203,1,False,False
8382d4fffffffff,-55.69047989914138,-10.07396739368146,1,False,False
8382d6fffffffff,-55.65273270774907,-8.178802252651312,1,False,False
8382f0fffffffff,-56.53965122820807,-12.947824691891876,1,False,False
8382f2fffffffff,-56.545486818165934,-10.991411589461464,1,False,False
8382f4fffffffff,-57.3835922808976,-13.97974836694898,1,False,False
8382f5fffffffff,-56.50309381499796,-14.902742295110697,1,False,False
8382f6fffffffff,-57.4051708075904,-11.964739760975158,1,False,False
838300fffffffff,-64.94201254229978,-33.86914432170533,1,False,False
838302fffffffff,-65.30870436906082,-31.33470137439422,1,False,False
838303fffffffff,-64.23904463783825,-31.83353264709884,1,False,False
838304fffffffff,-65.61938378418216,-36.02422553431623,1,False,False
838306fffffffff,-66.02492273884154,-33.452163686241484,1,False,False
838310fffffffff,-66.70560373023409,-28.037677351369744,1,False,False
838311fffffffff,-65.63311490433428,-28.72054855332721,1,False,False
838312fffffffff,-66.97495120870828,-25.211358407506644,1,False,False
838313fffffffff,-65.91262608056343,-26.03423306581931,1,False,False
838314fffffffff,-67.47598814209704,-30.18509390058256,1,False,False
838315fffffffff,-66.38800236695702,-30.78763381764446,1,False,False
838316fffffffff,-67.78517099995699,-27.285302949443537,1,False,False
838318fffffffff,-63.80873119627026,-27.47044781187711,1,False,False
838319fffffffff,-62.769440958012346,-28.10046688693216,1,False,False
83831afffffffff,-64.06250055695848,-24.97072886964561,1,False,False
83831bfffffffff,-63.03151463947527,-25.71044739008431,1,False,False
83831cfffffffff,-64.56884531324226,-29.34295247435187,1,False,False
83831dfffffffff,-63.51380914793823,-29.91245080260001,1,False,False
83831efffffffff,-64.85681643138604,-26.784249510558908,1,False,False
838320fffffffff,-65.78265680483217,-40.79437517353975,1,False,False
838321fffffffff,-64.69374938308928,-40.8724581198774,1,False,False
838322fffffffff,-66.26765099179123,-38.30295848610376,1,False,False
838323fffffffff,-65.17456830169661,-38.49874079529986,1,False,False
838324fffffffff,-66.35666674232422,-43.20629314370738,1,False,False
838325fffffffff,-65.26249701986366,-43.173569255127056,1,False,False
838326fffffffff,-66.88315438416025,-40.70845315830982,1,False,False
838330fffffffff,-67.8186221422648,-35.344626412159506,1,False,False
838331fffffffff,-66.71388867622939,-35.70127367531907,1,False,False
838332fffffffff,-68.21980478622758,-32.48585959778828,1,False,False
838333fffffffff,-67.1178146964094,-32.9932643581522,1,False,False
838334fffffffff,-68.48624561334266,-37.847919031321815,1,False,False
838335fffffffff,-67.37178067025332,-38.087100421309344,1,False,False
838336fffffffff,-68.93276423792368,-34.94875258318258,1,False,False
838380fffffffff,-66.54011954175469,-14.774560407005284,1,False,False
838381fffffffff,-65.5500735011341,-16.043178094390797,1,False,False
838382fffffffff,-66.56752609835293,-11.89433559659534,1,False,False
838383fffffffff,-65.60166545117401,-13.285387540798814,1,False,False
838384fffffffff,-67.47105732359795,-16.393634802194548,1,False,False
838385fffffffff,-66.46002014878786,-17.64236448909949,1,False,False
838386fffffffff,-67.52727067918602,-13.389272221827303,1,False,False
838388fffffffff,-63.66238584319222,-15.745870754895629,1,False,False
838389fffffffff,-62.693089063538366,-16.837221203414487,1,False,False
83838afffffffff,-63.71005777081968,-13.197318044128863,1,False,False
83838bfffffffff,-62.76038768579519,-14.38677529405783,1,False,False
83838cfffffffff,-64.55934396951923,-17.208168636528153,1,False,False
83838dfffffffff,-63.56987962646356,-18.280875813702902,1,False,False
83838efffffffff,-64.63255655570181,-14.565345742639307,1,False,False
838390fffffffff,-67.47237078101523,-7.379211357222558,1,False,False
838391fffffffff,-66.54209610841455,-9.016187042682136,1,False,False
838392fffffffff,-67.36210906817033,-4.406286963930807,1,False,False
838393fffffffff,-66.46421055682838,-6.154549343057285,1,False,False
838394fffffffff,-68.47927648270496,-8.724195443136713,1,False,False
838395fffffffff,-67.5276646797648,-10.378944397752722,1,False,False
838396fffffffff,-68.39095055362246,-5.59756554307293,1,False,False
838398fffffffff,-64.6366863385896,-9.26208555948726,1,False,False
838399fffffffff,-63.71261326497756,-10.645234643035918,1,False,False
83839afffffffff,-64.5677999955923,-6.624265432768493,1,False,False
83839bfffffffff,-63.670142283429264,-8.099720885599734,1,False,False
83839cfffffffff,-65.60319109606353,-10.523053606422996,1,False,False
83839dfffffffff,-64.65837386617865,-11.9128747033435,1,False,False
83839efffffffff,-65.55475868125141,-7.768978660739983,1,False,False
8383a0fffffffff,-68.24520085324419,-21.25709080248697,1,False,False
8383a1fffffffff,-67.19359420025569,-22.319726603200344,1,False,False
8383a2fffffffff,-68.39144586136385,-18.15742707047896,1,False,False
8383a3fffffffff,-67.35948639832851,-19.37566745949683,1,False,False
8383a4fffffffff,-69.11348786075145,-23.30184636896592,1,False,False
8383a5fffffffff,-68.04242346097476,-24.30486196835088,1,False,False
8383a6fffffffff,-69.29784813923968,-20.08241447131633,1,False,False
8383a8fffffffff,-65.29857344194863,-21.494891780075143,1,False,False
8383a9fffffffff,-64.27321472464511,-22.42104801105428,1,False,False
8383aafffffffff,-65.44877259712524,-18.7837484087294,1,False,False
8383abfffffffff,-64.43925761764508,-19.830258450886024,1,False,False
8383acfffffffff,-66.14488870228895,-23.284984962862627,1,False,False
8383adfffffffff,-65.10071326406138,-24.16518474791463,1,False,False
8383aefffffffff,-66.32789066488101,-20.48362208783468,1,False,False
8383b0fffffffff,-69.48331910492718,-13.513651454352022,1,False,False
8383b1fffffffff,-68.4796689719313,-15.023040522992826,1,False,False
8383b2fffffffff,-69.48246454682852,-10.206424224632077,1,False,False
8383b3fffffffff,-68.50901022341569,-11.87230955359447,1,False,False
8383b4fffffffff,-70.44735390632556,-15.32297219099692,1,False,False
8383b5fffffffff,-69.42157660156077,-16.81285708863404,1,False,False
8383b6fffffffff,-70.47909033776776,-11.845710700864233,1,False,False
838a02fffffffff,-40.35094811110132,-41.7203534507506,1,False,False
838a06fffffffff,-41.147538338315925,-42.73631721773043,1,False,False
838a10fffffffff,-41.63101441977175,-39.983008161666014,1,False,False
838a11fffffffff,-40.58286568130468,-40.362151010933815,1,False,False
838a12fffffffff,-41.85157778091588,-38.56678795206822,1,False,False
838a13fffffffff,-40.80123235318891,-38.978551807413375,1,False,False
838a14fffffffff,-42.44994683280643,-41.01111484160372,1,False,False
838a15fffffffff,-41.396012209911824,-41.37314340050838,1,False,False
838a16fffffffff,-42.6875646161539,-39.58765020913195,1,False,False
838a18fffffffff,-38.72723946702913,-39.753228029872425,1,False,False
838a1afffffffff,-38.92708473489412,-38.407659515424,1,False,False
838a1bfffffffff,-37.90212629583305,-38.80181338454817,1,False,False
838a1cfffffffff,-39.5438495603356,-40.726025020309976,1,False,False
838a1efffffffff,-39.75954542618848,-39.37371564172771,1,False,False
838a30fffffffff,-42.98772337078434,-43.46326528471111,1,False,False
838a31fffffffff,-41.93263990033399,-43.77397037820753,1,False,False
838a32fffffffff,-43.25698727612832,-42.06303143436793,1,False,False
838a33fffffffff,-42.19796523486531,-42.4068226143707,1,False,False
838a34fffffffff,-43.76430844775997,-44.54248956063543,1,False,False
838a35fffffffff,-42.70529360752183,-44.83331242695552,1,False,False
838a36fffffffff,-44.05111376070681,-43.13886080975806,1,False,False
838a80fffffffff,-41.52125654780299,-33.211244404732824,1,False,False
838a81fffffffff,-40.47803253401428,-33.7363913470954,1,False,False
838a82fffffffff,-41.65867207858703,-31.71778428160705,1,False,False
838a83fffffffff,-40.61749256486157,-32.27605936530787,1,False,False
838a84fffffffff,-42.41723069442937,-34.17280580829404,1,False,False
838a85fffffffff,-41.365996430800585,-34.68552151188563,1,False,False
838a86fffffffff,-42.57078662512448,-32.664253506607935,1,False,False
838a88fffffffff,-38.555673658933465,-33.32829400277109,1,False,False
838a89fffffffff,-37.53674606299208,-33.82451242349426,1,False,False
838a8afffffffff,-38.68164494744693,-31.91333605528614,1,False,False
838a8bfffffffff,-37.66383071928213,-32.43939009666576,1,False,False
838a8cfffffffff,-39.44201147381294,-34.24089404560691,1,False,False
838a8dfffffffff,-38.41403430706855,-34.72587255264014,1,False,False
838a8efffffffff,-39.58286492430682,-32.812507004254755,1,False,False
838a90fffffffff,-42.82051334211658,-29.591189559788354,1,False,False
838a91fffffffff,-41.7775094928404,-30.206831044414923,1,False,False
838a92fffffffff,-42.91526437951175,-28.03050187526277,1,False,False
838a93fffffffff,-41.87709728692092,-28.68021150166637,1,False,False
838a94fffffffff,-43.75686675809651,-30.530677198501568,1,False,False
838a95fffffffff,-42.7054623821561,-31.13643465718573,1,False,False
838a96fffffffff,-43.867354215614704,-28.949929723973344,1,False,False
838a98fffffffff,-39.814119864101166,-29.9048989190087,1,False,False
838a99fffffffff,-38.79130692084802,-30.48242889818036,1,False,False
838a9afffffffff,-39.903269503452286,-28.42889704497837,1,False,False
838a9bfffffffff,-38.88406858151423,-29.03711455098289,1,False,False
838a9cfffffffff,-40.73938318050981,-30.79822530054317,1,False,False
838a9dfffffffff,-39.70711908982312,-31.36665826440304,1,False,False
838a9efffffffff,-40.84304004360044,-29.30457212345068,1,False,False
838aa0fffffffff,-43.11568454410848,-36.66151339645239,1,False,False
838aa1fffffffff,-42.05674944295125,-37.12551971583664,1,False,False
838aa2fffffffff,-43.304230177769206,-35.16131042800989,1,False,False
838aa3fffffffff,-42.245599616698655,-35.6604039736737,1,False,False
838aa4fffffffff,-43.97509832455727,-37.689286250898725,1,False,False
838aa5fffffffff,-42.909807929509455,-38.13740097940799,1,False,False
838aa6fffffffff,-44.18107088465908,-36.1772931396814,1,False,False
838aa8fffffffff,-40.14932938108221,-36.59847518639288,1,False,False
838aa9fffffffff,-39.11336019803839,-37.039702909446255,1,False,False
838aaafffffffff,-40.32172260902774,-35.177668651188995,1,False,False
838aabfffffffff,-39.285261779553466,-35.65039216741335,1,False,False
838aacfffffffff,-41.00513485775736,-37.57049474989323,1,False,False
838aadfffffffff,-39.961658286887285,-37.997535303748,1,False,False
838aaefffffffff,-41.19367867698148,-36.13907020872968,1,False,False
838ab0fffffffff,-44.5368990138904,-33.080659274128145,1,False,False
838ab1fffffffff,-43.47451839344284,-33.63829207691874,1,False,False
838ab2fffffffff,-44.684902685221005,-31.499504525086937,1,False,False
838ab3fffffffff,-43.625670712829965,-32.094132996182175,1,False,False
838ab4fffffffff,-45.43790954065168,-34.096723090997465,1,False,False
838ab5fffffffff,-44.36865560896714,-34.640534270237794,1,False,False
838ab6fffffffff,-45.60335976693212,-32.498487137196335,1,False,False
838ac0fffffffff,-34.39740760474151,-36.49047297499485,1,False,False
838ac1fffffffff,-33.42029047124451,-36.89222891766129,1,False,False
838ac2fffffffff,-34.5369561069238,-35.20566249708412,1,False,False
838ac3fffffffff,-33.55820829070944,-35.63320723478673,1,False,False
838ac4fffffffff,-35.23266589158086,-37.367340949231085,1,False,False
838ac6fffffffff,-35.38592863731583,-36.07378824879426,1,False,False
838ac8fffffffff,-31.63582977200448,-36.44386051238635,1,False,False
838ac9fffffffff,-30.59558351719433,-36.77176029893271,1,False,False
838acafffffffff,-31.759195795273808,-35.217731723224915,1,False,False
838acbfffffffff,-30.81449295134876,-35.625777928317866,1,False,False
838accfffffffff,-32.43517123281692,-37.26638556871233,1,False,False
838acefffffffff,-32.591003243755786,-36.04569281464909,1,False,False
838ad0fffffffff,-35.654370598808114,-33.43380802824039,1,False,False
838ad1fffffffff,-34.66417330703352,-33.90410366920659,1,False,False
838ad2fffffffff,-35.76833896298731,-32.089530025581695,1,False,False
838ad3fffffffff,-34.7784880105186,-32.58683540305439,1,False,False
838ad4fffffffff,-36.52685192359039,-34.30218478555992,1,False,False
838ad5fffffffff,-35.52670354751999,-34.7622689202803,1,False,False
838ad6fffffffff,-36.6544881432748,-32.9458819747447,1,False,False
838ad8fffffffff,-32.829643375327834,-33.529411070870054,1,False,False
838ad9fffffffff,-31.87183053958229,-33.97634613262172,1,False,False
838adafffffffff,-32.9313285663839,-32.249102107029174,1,False,False
838adbfffffffff,-31.97324682661401,-32.72060362019624,1,False,False
838adcfffffffff,-33.68453385052192,-34.35764743910734,1,False,False
838addfffffffff,-32.71603299545367,-34.795264807541024,1,False,False
838adefffffffff,-33.79871651612837,-33.06650993019956,1,False,False
838ae2fffffffff,-36.06300584015493,-38.26406624320814,1,False,False
838af0fffffffff,-37.23891344647848,-36.54176402570701,1,False,False
838af1fffffffff,-36.23045449328167,-36.962335686632855,1,False,False
838af2fffffffff,-37.39488555161636,-35.19237310105401,1,False,False
838af3fffffffff,-36.38529315077365,-35.641373519902224,1,False,False
838af4fffffffff,-38.08652551877559,-37.46376191664282,1,False,False
838af5fffffffff,-37.069525437764966,-37.871591306272975,1,False,False
838af6fffffffff,-38.257411389591226,-36.104758988787246,1,False,False
838b00fffffffff,-45.37920321704999,-50.76723074050536,1,False,False
838b01fffffffff,-44.348038654311466,-51.014363487716736,1,False,False
838b02fffffffff,-45.68090612703213,-49.32058726600014,1,False,False
838b03fffffffff,-44.66034727971432,-49.58428819530888,1,False,False
838b04fffffffff,-46.083720177091216,-51.97718280646566,1,False,False
838b05fffffffff,-45.056002591828005,-52.21292260644535,1,False,False
838b06fffffffff,-46.39651831138957,-50.5142872734932,1,False,False
838b0cfffffffff,-43.30348037572158,-51.25587458402355,1,False,False
838b0efffffffff,-43.6262032525802,-49.84204658799124,1,False,False
838b10fffffffff,-47.07902431794538,-47.68104164862572,1,False,False
838b11fffffffff,-46.00569019483599,-47.916043814134646,1,False,False
838b12fffffffff,-47.424824240804384,-46.23850172898915,1,False,False
838b13fffffffff,-46.34619711830876,-46.50987741373061,1,False,False
838b14fffffffff,-47.79430045345229,-48.875571630814,1,False,False
838b15fffffffff,-46.72042810681242,-49.085219531515015,1,False,False
838b16fffffffff,-48.15864614933035,-47.43479714236785,1,False,False
838b18fffffffff,-44.20955411015092,-47.016759888790254,1,False,False
838b19fffffffff,-43.18386995826092,-47.29966136239487,1,False,False
838b1afffffffff,-44.52677024018317,-45.64444974353805,1,False,False
838b1bfffffffff,-43.46456605125426,-45.9142835460299,1,False,False
838b1cfffffffff,-44.95156054586596,-48.15475579509289,1,False,False
838b1dfffffffff,-43.92821025751318,-48.42843554374928,1,False,False
838b1efffffffff,-45.27419106238791,-46.76903094001694,1,False,False
838b20fffffffff,-46.42619188972379,-54.687891733587385,1,False,False
838b21fffffffff,-45.39261536294672,-54.89344823632459,1,False,False
838b22fffffffff,-46.77286612608939,-53.21396400482403,1,False,False
838b23fffffffff,-45.74905630699923,-53.43753090515014,1,False,False
838b24fffffffff,-47.08643827084501,-55.96359780457992,1,False,False
838b25fffffffff,-46.05746588206892,-56.15565520895992,1,False,False
838b26fffffffff,-47.44564084866575,-54.47728592315927,1,False,False
838b28fffffffff,-43.66017865202673,-53.86903077990669,1,False,False
838b29fffffffff,-42.59606901629189,-54.07731229816443,1,False,False
838b2afffffffff,-44.01462520312014,-52.44320137486368,1,False,False
838b2bfffffffff,-42.96006709356477,-52.66819951259175,1,False,False
838b2cfffffffff,-44.34534290557124,-55.09412976100237,1,False,False
838b2dfffffffff,-43.28485336152232,-55.29010294439164,1,False,False
838b2efffffffff,-44.71134196133795,-53.65582713138493,1,False,False
838b30fffffffff,-48.09649175125356,-51.48855850174975,1,False,False
838b31fffffffff,-47.09734542066106,-51.73579365546042,1,False,False
838b32fffffffff,-48.49122400590419,-50.09310436674725,1,False,False
838b33fffffffff,-47.41761044394868,-50.27620499769015,1,False,False
838b34fffffffff,-48.777182418653865,-52.75026504514142,1,False,False
838b35fffffffff,-47.78236250169432,-52.98494027157963,1,False,False
838b36fffffffff,-49.169044843259385,-51.333179728821285,1,False,False
838b80fffffffff,-47.56348610114633,-40.52517293976093,1,False,False
838b81fffffffff,-46.47796468515664,-40.93622883894022,1,False,False
838b82fffffffff,-47.82520300972942,-38.94294418019894,1,False,False
838b83fffffffff,-46.73892134554218,-39.39482719854024,1,False,False
838b84fffffffff,-48.372168472091,-41.684924604443296,1,False,False
838b85fffffffff,-47.28344304296842,-42.0740045066451,1,False,False
838b86fffffffff,-48.65344561456956,-40.094319743456765,1,False,False
838b88fffffffff,-44.58142756773066,-40.23877023526003,1,False,False
838b89fffffffff,-43.51201383964432,-40.63332928571697,1,False,False
838b8afffffffff,-44.822698002901255,-38.74411391395155,1,False,False
838b8bfffffffff,-43.751735598276966,-39.1750543821028,1,False,False
838b8cfffffffff,-45.39779782670668,-41.328781752027645,1,False,False
838b8dfffffffff,-44.32386106015812,-41.70401901250608,1,False,False
838b8efffffffff,-45.65735585709414,-39.82633526882294,1,False,False
838b90fffffffff,-49.156239157506064,-36.81133725575805,1,False,False
838b91fffffffff,-48.06733468836151,-37.32871561499426,1,False,False
838b92fffffffff,-49.375185346736735,-35.12237528648533,1,False,False
838b93fffffffff,-48.28865692789362,-35.68414448268567,1,False,False
838b94fffffffff,-50.00802316348933,-37.97225487607493,1,False,False
838b95fffffffff,-48.91523791951484,-38.46926864141816,1,False,False
838b96fffffffff,-50.247104886213,-36.26849401670012,1,False,False
838b98fffffffff,-46.12331420839336,-36.73199985562827,1,False,False
838b99fffffffff,-45.04657470545052,-37.221249822187154,1,False,False
838b9afffffffff,-46.32746757625882,-35.143002817290416,1,False,False
838b9bfffffffff,-45.25198841333053,-35.6715825515007,1,False,False
838b9cfffffffff,-46.98144304325656,-37.822301134958686,1,False,False
838b9dfffffffff,-45.89957487760913,-38.29362971926431,1,False,False
838b9efffffffff,-47.20434679994802,-36.22013712021353,1,False,False
838ba0fffffffff,-48.84484217272232,-44.43364645023706,1,False,False
838ba1fffffffff,-47.75650926507412,-44.75790964249352,1,False,False
838ba2fffffffff,-49.16390032752044,-42.87425706254808,1,False,False
838ba3fffffffff,-48.07274039878162,-43.239794887166575,1,False,False
838ba4fffffffff,-49.59877463179786,-45.65551050536107,1,False,False
838ba5fffffffff,-48.509289013228845,-45.954031461081286,1,False,False
838ba6fffffffff,-49.937651173426175,-44.09325227804146,1,False,False
838ba8fffffffff,-45.905608039128445,-43.920896594194495,1,False,False
838ba9fffffffff,-44.831329548764685,-44.2386431376984,1,False,False
838baafffffffff,-46.19978440471761,-42.44525768924161,1,False,False
838babfffffffff,-45.122064106194905,-42.79985274086848,1,False,False
838bacfffffffff,-46.67351005514073,-45.06714259076276,1,False,False
838badfffffffff,-45.59666797362818,-45.362349819582775,1,False,False
838baefffffffff,-46.9863544620918,-43.58829472317916,1,False,False
838bb0fffffffff,-50.56114536090398,-40.84805601540046,1,False,False
838bb1fffffffff,-49.46505109991075,-41.27674101559676,1,False,False
838bb2fffffffff,-50.84282009238312,-39.16743719069596,1,False,False
838bb3fffffffff,-49.74688775264777,-39.64225618820492,1,False,False
838bb4fffffffff,-51.35690709725056,-42.08695105775454,1,False,False
838bb5fffffffff,-50.25893368635338,-42.49043253786935,1,False,False
838bb6fffffffff,-51.65947191536931,-40.39733708763229,1,False,False
838e41fffffffff,-35.95977149569237,-61.48477218433015,1,False,False
838e45fffffffff,-35.30024888312262,-60.304986611569,1,False,False
838e4cfffffffff,-37.10258827922421,-61.37184046048375,1,False,False
838e4dfffffffff,-38.2368708389579,-61.25632012174714,1,False,False
838e63fffffffff,-34.62776896279103,-59.14156681607983,1,False,False
838e6afffffffff,-36.44590671972612,-60.17957750638931,1,False,False
838e6bfffffffff,-37.583426218257095,-60.05132502038197,1,False,False
83941afffffffff,-34.418959963662246,133.53637364975805,1,False,False
83941bfffffffff,-33.95244988810301,134.675016717343,1,False,False
839440fffffffff,-27.67941751084048,139.14191829992276,1,False,False
839441fffffffff,-27.11667893844867,140.24211181825507,1,False,False
839442fffffffff,-28.763994203369293,139.15651661388404,1,False,False
839443fffffffff,-28.20711555598929,140.26161786104666,1,False,False
839445fffffffff,-26.58285299785673,139.12745045020924,1,False,False
839446fffffffff,-28.23036487372437,138.03654193491388,1,False,False
839448fffffffff,-27.05890281281544,142.45300996874235,1,False,False
839449fffffffff,-26.46880306743345,143.53782440874545,1,False,False
83944afffffffff,-28.14799012627413,142.4823788169894,1,False,False
83944bfffffffff,-27.562633524128284,143.57190957847862,1,False,False
83944cfffffffff,-26.542725292619945,141.33635380258815,1,False,False
83944dfffffffff,-25.958173303150144,142.42390120137412,1,False,False
83944efffffffff,-27.63855254938836,141.36069986766873,1,False,False
839450fffffffff,-30.37408380222988,138.0558954878613,1,False,False
839451fffffffff,-29.83601424593635,139.1712471628621,1,False,False
839452fffffffff,-31.426221113644672,138.06570475667465,1,False,False
839453fffffffff,-30.89495703256072,139.186111749782,1,False,False
839455fffffffff,-29.30863295114736,138.04617494656603,1,False,False
839458fffffffff,-29.793733339138186,141.41005099437433,1,False,False
839459fffffffff,-29.22484402368164,142.51201123176935,1,False,False
83945afffffffff,-30.85199856482416,141.43506201018494,1,False,False
83945bfffffffff,-30.288921028072707,142.54191076101716,1,False,False
83945cfffffffff,-29.28527861225372,140.28129991560368,1,False,False
83945dfffffffff,-28.722411299054173,141.3852646147583,1,False,False
83945efffffffff,-30.35062349081449,140.3011603703641,1,False,False
83946afffffffff,-26.014561372200493,140.22277944115567,1,False,False
83946bfffffffff,-25.43554533518453,141.3122235209831,1,False,False
8394a9fffffffff,-35.41123418197866,133.52539207286907,1,False,False
8394c0fffffffff,-34.99122700174394,139.24694770243013,1,False,False
8394c1fffffffff,-34.474614871854044,140.3824354974026,1,False,False
8394c2fffffffff,-35.97864972447175,139.26251070081344,1,False,False
8394c3fffffffff,-35.4693796965701,140.40322533112092,1,False,False
8394c4fffffffff,-34.49850884980386,138.09567723922578,1,False,False
8394c5fffffffff,-33.988838746294455,139.2315282653079,1,False,False
8394c6fffffffff,-35.49338460309252,138.10585384346447,1,False,False
8394c8fffffffff,-34.40826805770709,142.66425324014824,1,False,False
8394c9fffffffff,-33.85737651802975,143.78295032885126,1,False,False
8394cafffffffff,-35.40198017012478,142.69554384005897,1,False,False
8394cbfffffffff,-34.85761846522118,143.81925171264493,1,False,False
8394ccfffffffff,-33.94397344756188,141.5114737341227,1,False,False
8394cdfffffffff,-33.399775745446874,142.63324847859673,1,False,False
8394cefffffffff,-34.94576854354588,141.53741443704143,1,False,False
8394d0fffffffff,-37.43766077335855,138.12649355859295,1,False,False
8394d1fffffffff,-36.95086607744484,139.27821927242684,1,False,False
8394d2fffffffff,-38.38666371297697,138.1369593695119,1,False,False
8394d3fffffffff,-37.90767759184701,139.2940754669679,1,False,False
8394d4fffffffff,-36.952601742702974,136.96495135309655,1,False,False
8394d5fffffffff,-36.47317507030199,138.11612550411448,1,False,False
8394d8fffffffff,-36.90428479144422,141.59002067648555,1,False,False
8394d9fffffffff,-36.40344003063435,142.69489742116335,1,False,False
8394dafffffffff,-37.9644217879319,141.4732641076182,1,False,False
8394dbfffffffff,-37.46998538048923,142.5957505261728,1,False,False
8394dcfffffffff,-36.449058202419735,140.4242088408975,1,False,False
8394ddfffffffff,-35.93261932039464,141.5635956348586,1,False,False
8394defffffffff,-37.41343089686673,140.44538874009,1,False,False
8394e0fffffffff,-32.974949951467046,136.9455118091806,1,False,False
8394e1fffffffff,-32.46459677855426,138.0756039728283,1,False,False
8394e2fffffffff,-33.99162291846701,136.95030438129035,1,False,False
8394e3fffffffff,-33.48881046250886,138.0855943785969,1,False,False
8394e6fffffffff,-33.471015606086986,135.81169164348597,1,False,False
8394e8fffffffff,-32.4409216159214,140.34142625185123,1,False,False
8394e9fffffffff,-31.89673507332617,141.4603007202076,1,False,False
8394eafffffffff,-33.465026394542434,140.36183667603868,1,False,False
8394ebfffffffff,-32.927518904599765,141.4857702380396,1,False,False
8394ecfffffffff,-31.940350281762303,139.20111221045735,1,False,False
8394edfffffffff,-31.40265386538227,140.32120165708983,1,False,False
8394eefffffffff,-32.971769772770614,139.21625041434302,1,False,False
8394f0fffffffff,-35.47387939388827,135.81080052086006,1,False,False
8394f1fffffffff,-34.993638454463564,136.95514141305563,1,False,False
8394f2fffffffff,-36.45288271146032,135.8103487203701,1,False,False
8394f3fffffffff,-35.98071171526798,136.96002352595335,1,False,False
8394f4fffffffff,-34.95312957853428,134.66931103939362,1,False,False
8394f5fffffffff,-34.47983608653821,135.81124814266337,1,False,False
8394f6fffffffff,-35.93893437154616,134.66355230025155,1,False,False
839600fffffffff,-80.54214937936364,-18.748858979944256,1,False,False
839601fffffffff,-79.44797404116025,-21.318990155119163,1,False,False
839602fffffffff,-80.60360040856719,-11.540502861054446,1,False,False
839603fffffffff,-79.56924194627899,-14.861491733230348,1,False,False
839604fffffffff,-81.4627809032672,-23.491545756001365,1,False,False
839605fffffffff,-80.33685230475074,-25.75903959731604,1,False,False
839606fffffffff,-81.61283455178393,-15.521448015061898,1,False,False
839608fffffffff,-77.42563678045961,-19.839623178494143,1,False,False
839609fffffffff,-76.33042842258031,-21.739614145785904,1,False,False
83960afffffffff,-77.52733974221647,-14.416352171008825,1,False,False
83960bfffffffff,-76.47423393992598,-16.762776161496557,1,False,False
83960cfffffffff,-78.33786826643846,-23.40626621231934,1,False,False
83960dfffffffff,-77.21721376895894,-25.130806441310884,1,False,False
83960efffffffff,-78.50723011522906,-17.581105454864666,1,False,False
839610fffffffff,-81.42262556771811,0.480648278494903,1,False,False
839611fffffffff,-80.51854196454205,-4.356166533848899,1,False,False
839612fffffffff,-81.0941653511733,7.9235416683579905,1,False,False
839613fffffffff,-80.29143738483691,2.5862738526799127,1,False,False
839614fffffffff,-82.53944940373509,-2.255655678887372,1,False,False
839615fffffffff,-81.59904518649748,-7.425634820258308,1,False,False
839616fffffffff,-82.25148669759562,6.383651978550274,1,False,False
839618fffffffff,-78.48949126066974,-5.722769923271808,1,False,False
839619fffffffff,-77.5196262992853,-8.955094758077205,1,False,False
83961afffffffff,-78.30354331148115,0.0618255665490233,1,False,False
83961bfffffffff,-77.40298004480285,-3.5539398304932326,1,False,False
83961cfffffffff,-79.5589125146952,-8.33864605854851,1,False,False
83961dfffffffff,-78.55825950686047,-11.644885163413958,1,False,False
83961efffffffff,-79.41771170802613,-1.916773911959972,1,False,False
839620fffffffff,-81.88830887719229,-37.33634607500243,1,False,False
839621fffffffff,-80.71246166637115,-37.98754220146507,1,False,False
839622fffffffff,-82.31164660895726,-29.31521117660588,1,False,False
839623fffffffff,-81.1573434930256,-31.048437391032607,1,False,False
839624fffffffff,-82.50375614150174,-44.73537412297951,1,False,False
839625fffffffff,-81.3260002308394,-44.434762070880645,1,False,False
839626fffffffff,-83.06227704056492,-36.46663119122901,1,False,False
839628fffffffff,-78.83323383732781,-33.44188317426871,1,False,False
839629fffffffff,-77.66851928652349,-34.301401402292214,1,False,False
83962afffffffff,-79.19964119169316,-27.55445231001573,1,False,False
83962bfffffffff,-78.05549293153882,-29.00866019126888,1,False,False
83962cfffffffff,-79.53619756803211,-38.4932631463411,1,False,False
83962dfffffffff,-78.3607908558137,-38.89730071049978,1,False,False
83962efffffffff,-79.99690513406695,-32.38328485234698,1,False,False
839630fffffffff,-83.65203139204041,-16.6007584247954,1,False,False
839631fffffffff,-82.57112172306002,-20.54853904178516,1,False,False
839632fffffffff,-83.63315099736444,-5.93537183374942,1,False,False
839633fffffffff,-82.648893820806,-11.378669367548415,1,False,False
839634fffffffff,-84.58235418428403,-23.67381809992,1,False,False
839635fffffffff,-83.45560034756,-26.97921076734251,1,False,False
839636fffffffff,-84.68888531244478,-11.093952004918954,1,False,False
839640fffffffff,-72.69748053112417,-29.779392519257485,1,False,False
839641fffffffff,-71.57003506345568,-30.5825548678516,1,False,False
839642fffffffff,-73.00404960659695,-25.95591474653757,1,False,False
839643fffffffff,-71.8915036248317,-27.01379741066735,1,False,False
839644fffffffff,-73.4641906486501,-32.80865348516704,1,False,False
839645fffffffff,-72.32225997680908,-33.44891962959552,1,False,False
839646fffffffff,-73.82785924650452,-28.86240406984953,1,False,False
839648fffffffff,-69.67364626084601,-28.776775362005,1,False,False
839649fffffffff,-68.57159952367172,-29.51834981855591,1,False,False
83964afffffffff,-69.96022272885521,-25.52622443914493,1,False,False
83964bfffffffff,-68.87053001565033,-26.45254932931534,1,False,False
83964cfffffffff,-70.44706128331234,-31.291581950342167,1,False,False
83964dfffffffff,-69.32991513917695,-31.92192367315947,1,False,False
83964efffffffff,-70.78078793189873,-27.947320149891297,1,False,False
839650fffffffff,-74.32487700620518,-20.49907320881051,1,False,False
839651fffffffff,-73.23734582791634,-22.004561630204645,1,False,False
839652fffffffff,-74.44956688620888,-16.15767274135861,1,False,False
839653fffffffff,-73.39367964824788,-17.95797106998274,1,False,False
839654fffffffff,-75.2261564126949,-23.356830132821727,1,False,False
839655fffffffff,-74.1163992519461,-24.7479385180684,1,False,False
839656fffffffff,-75.40513154572096,-18.768641357212115,1,False,False
839658fffffffff,-71.25901484304734,-20.94069798128028,1,False,False
839659fffffffff,-70.1863671995762,-22.186755250336383,1,False,False
83965afffffffff,-71.39737572472364,-17.32322441727377,1,False,False
83965bfffffffff,-70.34939812905733,-18.778155288820777,1,False,False
83965cfffffffff,-72.1457036129636,-23.32456404414477,1,False,False
83965dfffffffff,-71.0525856648959,-24.49019574954334,1,False,False
83965efffffffff,-72.32905149536948,-19.540578558365244,1,False,False
839660fffffffff,-73.69008153792151,-39.93376481150166,1,False,False
839661fffffffff,-72.53523791983595,-40.106127087810336,1,False,False
839662fffffffff,-74.18460688442846,-36.12164547431169,1,False,False
839663fffffffff,-73.03120195296707,-36.56186369131475,1,False,False
839664fffffffff,-74.29169503273003,-43.5719631967357,1,False,False
839665fffffffff,-73.13394593257419,-43.49798202216403,1,False,False
839666fffffffff,-74.85103413125985,-39.73474365508624,1,False,False
839668fffffffff,-70.74304978883663,-37.28268130073077,1,False,False
839669fffffffff,-69.6102774993328,-37.58142820184433,1,False,False
83966afffffffff,-71.18560881610084,-34.01045469372209,1,False,False
83966bfffffffff,-70.05541937184125,-34.5068488654935,1,False,False
83966cfffffffff,-71.3874167883875,-40.25684810887787,1,False,False
83966dfffffffff,-70.24749031987243,-40.389761180801536,1,False,False
83966efffffffff,-71.88367524294989,-36.945464301893104,1,False,False
839670fffffffff,-75.75845976223654,-31.21590548404154,1,False,False
839671fffffffff,-74.61008543649977,-32.07204968925838,1,False,False
839672fffffffff,-76.09001978589943,-26.577156108012804,1,False,False
839673fffffffff,-74.95939940247904,-27.806134389035822,1,False,False
839674fffffffff,-76.50453340966776,-35.01287279555381,1,False,False
839675fffffffff,-75.34278531065195,-35.61134189906183,1,False,False
839676fffffffff,-76.90760378282405,-30.20904688413389,1,False,False
839680fffffffff,-78.02324249315579,25.546792437679663,1,False,False
839681fffffffff,-77.51938040615418,20.56890159846071,1,False,False
839682fffffffff,-77.29331638273301,29.73147624733412,1,False,False
839683fffffffff,-76.86742778273909,24.88522791232284,1,False,False
839684fffffffff,-79.18054714110409,26.34987882662028,1,False,False
839685fffffffff,-78.68707303174467,20.82597419813299,1,False,False
839686fffffffff,-78.43112269339747,30.89642446899484,1,False,False
839688fffffffff,-75.76628298743933,16.16408716923772,1,False,False
839689fffffffff,-75.29186269193977,11.984271466574953,1,False,False
83968afffffffff,-75.19606148572741,20.17638286579402,1,False,False
83968bfffffffff,-74.60753468007918,16.309791627706296,1,False,False
83968cfffffffff,-76.9302486877534,15.992280545773278,1,False,False
83968dfffffffff,-76.44830607935604,11.450849451017373,1,False,False
83968efffffffff,-76.35538095468739,20.35583988613113,1,False,False
839690fffffffff,-76.77427687849239,38.29619493683205,1,False,False
839691fffffffff,-76.51034869249877,33.4288433191788,1,False,False
839692fffffffff,-75.89032971626911,41.299372857386686,1,False,False
839693fffffffff,-75.68547360999506,36.69344144594337,1,False,False
839694fffffffff,-77.85485454169321,40.18599174836864,1,False,False
839695fffffffff,-77.62472345765899,34.85295817673256,1,False,False
839696fffffffff,-76.94229561100755,43.29938401179863,1,False,False
839698fffffffff,-75.01818798829242,27.93389378877177,1,False,False
839699fffffffff,-74.56573717679073,23.859884508022965,1,False,False
83969afffffffff,-74.27597988189078,31.1898934757578,1,False,False
83969bfffffffff,-73.8843942546954,27.22657907112502,1,False,False
83969cfffffffff,-76.15503323365934,28.75841893379128,1,False,False
83969dfffffffff,-75.71451029674996,24.330943679322964,1,False,False
83969efffffffff,-75.3933021351858,32.223082507863886,1,False,False
8396a0fffffffff,-81.02937254361773,21.540815527013248,1,False,False
8396a1fffffffff,-80.63101341467316,14.719151218932176,1,False,False
8396a2fffffffff,-80.33769639217672,27.344890566498783,1,False,False
8396a3fffffffff,-79.85743040462526,21.14225043818292,1,False,False
8396a4fffffffff,-82.20174514743259,22.05852760191853,1,False,False
8396a5fffffffff,-81.80509291936045,14.228202135887685,1,False,False
8396a6fffffffff,-81.49266328144232,28.609076742564,1,False,False
8396a8fffffffff,-78.77033135045059,10.051938486025948,1,False,False
8396a9fffffffff,-78.00674025054774,5.601927741024101,1,False,False
8396aafffffffff,-78.28686995471065,15.406842388090046,1,False,False
8396abfffffffff,-77.60825413143708,10.817085831084093,1,False,False
8396acfffffffff,-79.93294552497908,9.110209904083474,1,False,False
8396adfffffffff,-79.15150904434766,4.25257102428125,1,False,False
8396aefffffffff,-79.45789206460393,15.101159993844345,1,False,False
8396b0fffffffff,-79.83258404335342,38.63312321314481,1,False,False
8396b1fffffffff,-79.5660922241588,32.31491083368101,1,False,False
8396b2fffffffff,-78.92276549325864,42.44205677319027,1,False,False
8396b3fffffffff,-78.73343161741313,36.55829377928362,1,False,False
8396b4fffffffff,-80.9169036150827,41.20439932054223,1,False,False
8396b5fffffffff,-80.69517192356814,34.07733496878117,1,False,False
8396b6fffffffff,-79.9721294613651,45.17276112291956,1,False,False
8396c0fffffffff,-73.21960897201541,-1.6146318547048053,1,False,False
8396c1fffffffff,-72.31762545931981,-4.103102693550154,1,False,False
8396c2fffffffff,-72.98095079696529,2.307745948209228,1,False,False
8396c3fffffffff,-72.1296752215565,-0.3404614082683688,1,False,False
8396c4fffffffff,-74.30695161055954,-3.0686682823170988,1,False,False
8396c5fffffffff,-73.38252693187523,-5.640917534218947,1,False,False
8396c6fffffffff,-74.0909490713573,1.1510750397954312,1,False,False
8396c8fffffffff,-70.34373050941505,-4.926645560191992,1,False,False
8396c9fffffffff,-69.41917465012105,-6.913118354522808,1,False,False
8396cafffffffff,-70.17874713269204,-1.5342325609994802,1,False,False
8396cbfffffffff,-69.294377283897,-3.655129315373724,1,False,False
8396ccfffffffff,-71.39085098903026,-6.345931366400656,1,False,False
8396cdfffffffff,-70.44434060134446,-8.371830948758197,1,False,False
8396cefffffffff,-71.24880541064086,-2.743540469444344,1,False,False
8396d0fffffffff,-73.42891950885537,9.128623543306306,1,False,False
8396d1fffffffff,-72.67063055258294,6.095123185561322,1,False,False
8396d2fffffffff,-72.99428362275377,12.832142504385835,1,False,False
8396d3fffffffff,-72.29357514223376,9.723158745070162,1,False,False
8396d4fffffffff,-74.56939293282149,8.44478537285259,1,False,False
8396d5fffffffff,-73.79650132325428,5.227396876598575,1,False,False
8396d6fffffffff,-74.14015011558476,12.43935978906038,1,False,False
8396d8fffffffff,-70.76642083669982,4.213892279700066,1,False,False
8396d9fffffffff,-69.95166447945417,1.7835220355114807,1,False,False
8396dafffffffff,-70.43280828577753,7.526096879723216,1,False,False
8396dbfffffffff,-69.66543478584353,5.007662748983521,1,False,False
8396dcfffffffff,-71.87213907866902,3.3204241028180563,1,False,False
8396ddfffffffff,-71.03965504130868,0.7842172086943716,1,False,False
8396defffffffff,-71.54892095107259,6.855136598440967,1,False,False
8396e0fffffffff,-75.48708953185913,-9.39919156144961,1,False,False
8396e1fffffffff,-74.48823235326654,-11.771606103891273,1,False,False
8396e2fffffffff,-75.38868905242597,-4.741209184476918,1,False,False
8396e3fffffffff,-74.44030834805017,-7.391779223159486,1,False,False
8396e4fffffffff,-76.51809293216401,-11.717797056995398,1,False,False
8396e5fffffffff,-75.49268570934183,-14.095860884190117,1,False,False
8396e6fffffffff,-76.46112443370859,-6.681895806460061,1,False,False
8396e8fffffffff,-72.47364988230639,-11.812950074828246,1,False,False
8396e9fffffffff,-71.4658510305404,-13.665252131854444,1,False,False
8396eafffffffff,-72.4329499856375,-7.938247659902843,1,False,False
8396ebfffffffff,-71.46360859378917,-9.996176841144845,1,False,False
8396ecfffffffff,-73.47053121282114,-13.854105755582946,1,False,False
8396edfffffffff,-72.43889013472956,-15.692158727721006,1,False,False
8396eefffffffff,-73.46672691608302,-9.734315628523085,1,False,False
8396f0fffffffff,-76.05382727486585,3.0646127324992887,1,False,False
8396f1fffffffff,-75.19987768023572,-0.1814703345096218,1,False,False
8396f2fffffffff,-75.71361979407858,7.6501369476737375,1,False,False
8396f3fffffffff,-74.92488009878757,4.227811023511137,1,False,False
8396f4fffffffff,-77.18101127390628,1.695295937050567,1,False,False
8396f5fffffffff,-76.30501189877687,-1.7314696143209338,1,False,False
8396f6fffffffff,-76.86002175538783,6.715765815345861,1,False,False
839700fffffffff,-84.35577570272415,-78.61047695360529,1,False,False
839701fffffffff,-83.37248998259888,-72.68941286274611,1,False,False
839702fffffffff,-85.40085856520125,-72.73217793894368,1,False,False
839703fffffffff,-84.35791780231384,-66.78505144599407,1,False,False
839704fffffffff,-84.1225753284278,-89.89070859606329,1,False,False
839705fffffffff,-83.27341940631946,-82.61906773807422,1,False,False
839706fffffffff,-85.25238684982114,-86.85686878404972,1,False,False
839708fffffffff,-82.15741233769637,-59.76862709106731,1,False,False
839709fffffffff,-81.02775425333019,-57.55787290101768,1,False,False
83970afffffffff,-82.97418950652443,-53.25331302249633,1,False,False
83970bfffffffff,-81.8150522016982,-51.72910831260658,1,False,False
83970cfffffffff,-82.33513054937056,-68.31774016546441,1,False,False
83970dfffffffff,-81.26285658805041,-64.99335538930643,1,False,False
83970efffffffff,-83.2707784904608,-62.70910008043288,1,False,False
839710fffffffff,-87.50734431055724,-68.51974901394576,1,False,False
839711fffffffff,-86.37223996538388,-63.55289180042215,1,False,False
839712fffffffff,-88.34505338186302,-45.33043108347496,1,False,False
839713fffffffff,-87.18208177998423,-44.2083857173208,1,False,False
839714fffffffff,-87.32170988079865,-94.038237177157,1,False,False
839715fffffffff,-86.4762133977122,-79.17337248634044,1,False,False
839716fffffffff,-88.46621937552068,-87.70796802300413,1,False,False
839718fffffffff,-84.85426308321294,-45.7444572931718,1,False,False
839719fffffffff,-83.68023717462977,-45.146884002714806,1,False,False
83971afffffffff,-85.3964258015405,-33.41504859997708,1,False,False
83971bfffffffff,-84.23253536638266,-35.246940973624895,1,False,False
83971cfffffffff,-85.26166645042606,-58.50066167821176,1,False,False
83971dfffffffff,-84.12502501450278,-55.37086918782778,1,False,False
83971efffffffff,-86.02444313590061,-46.69085855979938,1,False,False
839720fffffffff,-82.5341159209398,-100.27549054956846,1,False,False
839721fffffffff,-81.84664668464231,-93.41263791239192,1,False,False
839722fffffffff,-83.68794396574751,-99.90116652706423,1,False,False
839723fffffffff,-82.98545792297897,-91.93955071285426,1,False,False
839724fffffffff,-81.95068259115575,-107.4828119380102,1,False,False
839725fffffffff,-81.38524261494402,-100.54900310724744,1,False,False
839726fffffffff,-83.09405141238362,-108.35119975569629,1,False,False
839728fffffffff,-81.27703884020822,-80.31064730023621,1,False,False
839729fffffffff,-80.32394899575652,-76.1007302178743,1,False,False
83972afffffffff,-82.33903808254371,-77.02568766134418,1,False,False
83972bfffffffff,-81.34665760477003,-72.66665013266312,1,False,False
83972cfffffffff,-81.06021950116234,-87.66416441624663,1,False,False
83972dfffffffff,-80.19834168001678,-82.86975008547587,1,False,False
83972efffffffff,-82.17164918364003,-85.50164822380495,1,False,False
839731fffffffff,-84.84566007972816,-99.35776343827588,1,False,False
839733fffffffff,-86.16557039575788,-96.56447549832038,1,False,False
839735fffffffff,-84.23988775323613,-109.56775361590464,1,False,False
839740fffffffff,-76.80891804097303,-57.21789079349155,1,False,False
839741fffffffff,-75.6787623682327,-56.032699498122746,1,False,False
839742fffffffff,-77.59263618789163,-53.35024006265484,1,False,False
839743fffffffff,-76.44249682697743,-52.42107182123669,1,False,False
839744fffffffff,-77.08085008913179,-62.2332984249398,1,False,False
839745fffffffff,-75.97869198264048,-60.62727646791234,1,False,False
839746fffffffff,-77.93589769753954,-58.62469940915206,1,False,False
839748fffffffff,-74.146632151179,-50.96754324039874,1,False,False
839749fffffffff,-73.00387357691203,-50.3887292929694,1,False,False
83974afffffffff,-74.828584844187,-47.47643319303394,1,False,False
83974bfffffffff,-73.67325579909144,-47.12093944981386,1,False,False
83974cfffffffff,-74.54781658508037,-55.021394699379584,1,False,False
83974dfffffffff,-73.41805619902117,-54.14883640009322,1,False,False
83974efffffffff,-75.29330150843019,-51.637313231872014,1,False,False
839750fffffffff,-79.4848034549435,-49.68574813204173,1,False,False
839751fffffffff,-78.31795067185415,-48.968421259817205,1,False,False
839752fffffffff,-80.14806502921896,-44.20555384368924,1,False,False
839753fffffffff,-78.97100400157453,-44.02501483749611,1,False,False
839754fffffffff,-79.8878798607303,-55.83990560265228,1,False,False
839755fffffffff,-78.74185779327378,-54.46876328362303,1,False,False
839756fffffffff,-80.65111999947035,-50.581004773615575,1,False,False
839758fffffffff,-76.62358812829773,-43.7588072323052,1,False,False
839759fffffffff,-75.4552193435583,-43.65786124416241,1,False,False
83975afffffffff,-77.18740730002318,-39.22749053089412,1,False,False
83975bfffffffff,-76.01714137558918,-39.50236647053843,1,False,False
83975cfffffffff,-77.15209321664146,-48.380945624333904,1,False,False
83975dfffffffff,-75.9885686031474,-47.89108511977437,1,False,False
83975efffffffff,-77.79584365036484,-43.87913417161291,1,False,False
839760fffffffff,-76.30374382446318,-70.20816016932363,1,False,False
839761fffffffff,-75.26687486558171,-68.11246784854406,1,False,False
839762fffffffff,-77.25306153872334,-67.4014786548586,1,False,False
839763fffffffff,-76.18810229397693,-65.37240992165307,1,False,False
839764fffffffff,-76.32444485657949,-75.06724916797057,1,False,False
839765fffffffff,-75.3341366956763,-72.63590353834942,1,False,False
839766fffffffff,-77.32264617572046,-72.64288635388833,1,False,False
839768fffffffff,-74.02850884556148,-62.13324114834769,1,False,False
839769fffffffff,-72.9408617806348,-60.823889003641575,1,False,False
83976afffffffff,-74.87115578685334,-59.2560846299651,1,False,False
83976bfffffffff,-73.76105796954307,-58.07300477736202,1,False,False
83976cfffffffff,-74.21705804249014,-66.29420083732452,1,False,False
83976dfffffffff,-73.1583344274307,-64.70472274976058,1,False,False
83976efffffffff,-75.11196362728472,-63.63502087881293,1,False,False
839770fffffffff,-79.25393531242406,-66.4232549841259,1,False,False
839771fffffffff,-78.1741111598726,-64.1368097573453,1,False,False
839772fffffffff,-80.1674810778694,-62.39633316423535,1,False,False
839773fffffffff,-79.05671674607113,-60.31940574191624,1,False,False
839774fffffffff,-79.32840090011658,-72.65251618015371,1,False,False
839775fffffffff,-78.30194733968872,-69.79576953436184,1,False,False
839776fffffffff,-80.31425547266872,-69.21105712110362,1,False,False
839780fffffffff,-86.00807290000186,40.867553918322,1,False,False
839781fffffffff,-85.70706656113003,25.290028051239712,1,False,False
839782fffffffff,-85.02698102768049,48.95417594282242,1,False,False
839783fffffffff,-84.91002067843449,35.796099659514965,1,False,False
839784fffffffff,-87.04898160893916,49.60426811786673,1,False,False
839785fffffffff,-86.8634798657407,27.951839840631227,1,False,False
839786fffffffff,-85.98461708298116,57.45039936370838,1,False,False
839788fffffffff,-83.96670163243915,13.565900934227322,1,False,False
839789fffffffff,-83.4013557081831,4.308917929376259,1,False,False
83978afffffffff,-83.37326799749623,22.75806266902863,1,False,False
83978bfffffffff,-82.97887681039458,13.57407810442485,1,False,False
83978cfffffffff,-85.13722912582168,12.484189700663364,1,False,False
83978dfffffffff,-84.53810809039464,1.371950789322869,1,False,False
83978efffffffff,-84.54241152597761,23.755228871198835,1,False,False
839790fffffffff,-83.7609085746765,64.84011850156013,1,False,False
839791fffffffff,-83.98419535570524,54.295719320947896,1,False,False
839792fffffffff,-82.63588172443207,66.8398939839229,1,False,False
839793fffffffff,-82.90987162765232,58.02735448091282,1,False,False
839794fffffffff,-84.4966043176744,73.60014653859733,1,False,False
839795fffffffff,-84.88056977122004,61.9527839969342,1,False,False
839796fffffffff,-83.3494757227435,74.30138226169001,1,False,False
839798fffffffff,-82.91691432795841,39.26371894267096,1,False,False
839799fffffffff,-82.64275977621706,30.26682135732317,1,False,False
83979afffffffff,-81.97887406709746,44.459238739871886,1,False,False
83979bfffffffff,-81.81417017317771,36.32108468094454,1,False,False
83979cfffffffff,-83.99356057475718,43.26592753062902,1,False,False
83979dfffffffff,-83.78405248294723,32.53110000793885,1,False,False
83979efffffffff,-83.00722706892235,48.679616714808766,1,False,False
8397a0fffffffff,-89.06645056748629,53.060837464705976,1,False,False
8397a1fffffffff,-88.58581130802543,-1.3897421128319205,1,False,False
8397a2fffffffff,-87.94920156732327,66.7250896042982,1,False,False
8397a3fffffffff,-88.00155669843217,33.65389608009121,1,False,False
8397a4fffffffff,-89.33924606732022,144.20243699316765,1,False,False
8397a5fffffffff,-89.49867371180012,-51.6156563930807,1,False,False
8397a6fffffffff,-88.45164019145969,100.66676537570328,1,False,False
8397a8fffffffff,-86.58592428580202,-7.735335468556788,1,False,False
8397a9fffffffff,-85.67916351026395,-18.682695887694887,1,False,False
8397aafffffffff,-86.30249313047806,10.724708409090216,1,False,False
8397abfffffffff,-85.65132939243715,-3.0740133033243686,1,False,False
8397acfffffffff,-87.58579679109057,-19.83537609316046,1,False,False
8397adfffffffff,-86.54908824847922,-30.36484434217464,1,False,False
8397aefffffffff,-87.4577146080696,7.370660799530699,1,False,False
8397b0fffffffff,-86.20891113355692,86.8075667966071,1,False,False
8397b1fffffffff,-86.80032721067849,70.67098162760043,1,False,False
8397b3fffffffff,-85.64765157113985,72.52514638307751,1,False,False
8397b4fffffffff,-86.46904147787112,104.42290227201192,1,False,False
8397b5fffffffff,-87.34491808184599,90.80948400374824,1,False,False
839c01fffffffff,-27.34547430672865,153.2987199716203,1,False,False
839c05fffffffff,-27.760467795930097,154.37719055506446,1,False,False
839c08fffffffff,-27.568803682508875,151.1934117969792,1,False,False
839c09fffffffff,-28.202521608311493,150.15868049236948,1,False,False
839c0afffffffff,-26.497094834832467,151.12721007235106,1,False,False
839c0bfffffffff,-27.133467342397942,150.0964921072546,1,False,False
839c0cfffffffff,-27.990549806657185,152.2860856633178,1,False,False
839c0dfffffffff,-28.62882798899148,151.26017805430266,1,False,False
839c0efffffffff,-26.92799389859229,152.21542446735765,1,False,False
839c19fffffffff,-25.4142734804809,151.06156592511385,1,False,False
839c21fffffffff,-29.25825525563037,155.57443470276417,1,False,False
839c23fffffffff,-28.17393314000859,155.47519749538736,1,False,False
839c25fffffffff,-29.675109888448787,156.7124442665794,1,False,False
839c28fffffffff,-29.490001292569577,153.43344577437415,1,False,False
839c29fffffffff,-30.13245170284291,152.39895348072716,1,False,False
839c2afffffffff,-28.41190221875124,153.3664083494107,1,False,False
839c2bfffffffff,-29.05339556851403,152.34702765375337,1,False,False
839c2cfffffffff,-29.923162620156365,154.54336815609798,1,False,False
839c2dfffffffff,-30.57745422993017,153.50252841850818,1,False,False
839c2efffffffff,-28.83693025654687,154.45903846540432,1,False,False
839c40fffffffff,-31.0984365400927,147.03263320124543,1,False,False
839c41fffffffff,-31.691248875053464,145.94735886821613,1,False,False
839c42fffffffff,-30.05337930696265,146.98287549484436,1,False,False
839c43fffffffff,-30.651085156687994,145.9021865629595,1,False,False
839c44fffffffff,-31.531361232760723,148.16180849599138,1,False,False
839c45fffffffff,-32.129987760748634,147.08283430757896,1,False,False
839c46fffffffff,-30.49506906588358,148.10711431557013,1,False,False
839c48fffffffff,-31.813440863386035,143.71133172067485,1,False,False
839c49fffffffff,-32.37681058597288,142.60252567444172,1,False,False
839c4afffffffff,-30.770453288056583,143.67600569746622,1,False,False
839c4bfffffffff,-31.339725704885385,142.5720810163392,1,False,False
839c4cfffffffff,-32.272830600938946,144.85191792737305,1,False,False
839c4dfffffffff,-32.84254065140204,143.74697847780956,1,False,False
839c4efffffffff,-31.23799178626441,144.81145183738053,1,False,False
839c50fffffffff,-28.383316784247487,147.99915607137865,1,False,False
839c51fffffffff,-28.995260214629408,146.93355541379586,1,False,False
839c52fffffffff,-27.308835203081365,147.94587978536694,1,False,False
839c53fffffffff,-27.924570208650096,146.8846672820573,1,False,False
839c54fffffffff,-28.828364441161938,149.1116789213869,1,False,False
839c55fffffffff,-29.445565563792524,148.05289889501478,1,False,False
839c56fffffffff,-27.762466747405384,149.05364494765243,1,False,False
839c58fffffffff,-29.12785884800317,144.73159965051354,1,False,False
839c59fffffffff,-29.714001073564383,143.6409961253341,1,False,False
839c5afffffffff,-28.053504511792287,144.69220406445086,1,False,False
839c5bfffffffff,-28.64455495975593,143.60629879687318,1,False,False
839c5cfffffffff,-29.597563139327136,145.85741485149185,1,False,False
839c5dfffffffff,-30.189519152704992,144.771347340528,1,False,False
839c5efffffffff,-28.53115161459992,145.81303848251744,1,False,False
839c60fffffffff,-33.075086239982944,149.25308397547963,1,False,False
839c61fffffffff,-33.6666192236307,148.1724004106433,1,False,False
839c62fffffffff,-31.98965969607701,149.2478990641836,1,False,False
839c63fffffffff,-32.583404284343544,148.18377811765123,1,False,False
839c64fffffffff,-33.56414488172305,150.3493289020245,1,False,False
839c65fffffffff,-34.16738207970338,149.25843250797888,1,False,False
839c66fffffffff,-32.469848099417874,150.32710952724022,1,False,False
839c68fffffffff,-33.72986076991826,146.03892672930522,1,False,False
839c69fffffffff,-34.300056899925586,144.93395446015978,1,False,False
839c6afffffffff,-32.71763251739033,145.99293711095908,1,False,False
839c6bfffffffff,-33.29363653624322,144.89275048206432,1,False,False
839c6cfffffffff,-34.243961425947646,147.08577229481696,1,False,False
839c6dfffffffff,-34.80667602541856,145.9939380426746,1,False,False
839c6efffffffff,-33.16362153000792,147.11388580103565,1,False,False
839c70fffffffff,-30.303955705166786,150.28467235320215,1,False,False
839c71fffffffff,-30.92244404881001,149.22926968821375,1,False,False
839c72fffffffff,-29.25952037298132,150.2214049710945,1,False,False
839c73fffffffff,-29.88185266156599,149.17021833221438,1,False,False
839c74fffffffff,-30.763620748406776,151.35612813552828,1,False,False
839c75fffffffff,-31.38288469729008,150.30556751203008,1,False,False
839c76fffffffff,-29.684288470359764,151.31959152931157,1,False,False
839cc0fffffffff,-23.527549465794696,146.6933240619573,1,False,False
839cc1fffffffff,-24.14763421841857,145.63938453091492,1,False,False
839cc3fffffffff,-23.025447719103795,145.5969092040669,1,False,False
839cc4fffffffff,-24.01780886662572,147.7887910704654,1,False,False
839cc5fffffffff,-24.642684280839617,146.7405392573338,1,False,False
839cc8fffffffff,-24.247915503842183,143.47055032132275,1,False,False
839cc9fffffffff,-24.846439861554323,142.39504909015722,1,False,False
839ccafffffffff,-23.122223067141217,143.43735362798242,1,False,False
839ccbfffffffff,-23.724386680792644,142.36645026997064,1,False,False
839cccfffffffff,-24.759924741337915,144.57608411498575,1,False,False
839ccdfffffffff,-25.363677113704743,143.5040392969085,1,False,False
839ccefffffffff,-23.64067468940427,144.5380515223341,1,False,False
839cddfffffffff,-22.51189987687172,144.50034870921291,1,False,False
839ce0fffffffff,-25.595621490632645,148.93906781572636,1,False,False
839ce1fffffffff,-26.22267956198299,147.89306407920327,1,False,False
839ce2fffffffff,-24.49587634749959,148.8825121714824,1,False,False
839ce3fffffffff,-25.125454345307407,147.8407030945477,1,False,False
839ce4fffffffff,-26.052910719645663,150.03483311683263,1,False,False
839ce5fffffffff,-26.68469283144319,148.9961100106829,1,False,False
839ce6fffffffff,-24.961449558855065,149.9736969308498,1,False,False
839ce8fffffffff,-26.36177127358444,145.72545121712082,1,False,False
839ce9fffffffff,-26.96699733612784,144.6531559610751,1,False,False
839ceafffffffff,-25.259975333390567,145.68223026265807,1,False,False
839cebfffffffff,-25.868925755192443,144.61445079899437,1,False,False
839cecfffffffff,-26.84184706504207,146.8362055200586,1,False,False
839cedfffffffff,-27.452366613058228,145.76905229517513,1,False,False
839ceefffffffff,-25.74767506452632,146.78816464268914,1,False,False
839d08fffffffff,-30.49223299892936,159.05529932671476,1,False,False
839d09fffffffff,-31.194032549639047,158.01288004155097,1,False,False
839d0bfffffffff,-30.086704906433773,157.8728367810255,1,False,False
839d0cfffffffff,-30.89087315511528,160.259431831616,1,False,False
839d0dfffffffff,-31.60535876134049,159.21513138224253,1,False,False
839d21fffffffff,-32.0371552452115,163.9964584317887,1,False,False
839d25fffffffff,-32.399938241569394,165.28139541988855,1,False,False
839d28fffffffff,-32.40444143705614,161.68581108964835,1,False,False
839d29fffffffff,-33.13477426463622,160.62553726310327,1,False,False
839d2afffffffff,-31.281795508902967,161.4847429317327,1,False,False
839d2bfffffffff,-32.0091168487732,160.43961726395844,1,False,False
839d2cfffffffff,-32.7904658925407,162.9530853644384,1,False,False
839d2dfffffffff,-33.53407164532796,161.89330387858377,1,False,False
839d2efffffffff,-31.664166634253142,162.73064642338878,1,False,False
839d40fffffffff,-34.3519376099832,154.90789921600074,1,False,False
839d41fffffffff,-35.00675473295287,153.8012998783498,1,False,False
839d42fffffffff,-33.23364406153098,154.81242627748625,1,False,False
839d43fffffffff,-33.888998257486165,153.72302619196356,1,False,False
839d44fffffffff,-34.80825942689304,156.1190770850966,1,False,False
839d45fffffffff,-35.47631674239924,155.0065019008164,1,False,False
839d46fffffffff,-33.683630291033445,156.00317305515105,1,False,False
839d48fffffffff,-35.158694070092,151.51408342908584,1,False,False
839d49fffffffff,-35.77178250549073,150.39593164152362,1,False,False
839d4afffffffff,-34.04971632172025,151.47271067023777,1,False,False
839d4bfffffffff,-34.66504311549956,150.37225808766158,1,False,False
839d4cfffffffff,-35.647388223301064,152.6840363682395,1,False,False
839d4dfffffffff,-36.27319338626811,151.55681521773715,1,False,False
839d4efffffffff,-34.530898580020235,152.62335352379762,1,False,False
839d50fffffffff,-31.454766149373064,155.78215138547935,1,False,False
839d51fffffffff,-32.1222405740339,154.7199369072244,1,False,False
839d52fffffffff,-30.35209693917776,155.67670579765115,1,False,False
839d53fffffffff,-31.018500352510024,154.6302938605176,1,False,False
839d54fffffffff,-31.88540302057864,156.95792047023417,1,False,False
839d55fffffffff,-32.56553266508782,155.89092085186965,1,False,False
839d56fffffffff,-30.77599658291766,156.83329264990903,1,False,False
839d58fffffffff,-32.316653196786405,152.50765831313396,1,False,False
839d59fffffffff,-32.94704508479837,151.43263316388317,1,False,False
839d5afffffffff,-31.22043276105881,152.45247225222806,1,False,False
839d5bfffffffff,-31.851437615775485,151.39379105942336,1,False,False
839d5cfffffffff,-32.77768223101356,153.6472146445291,1,False,False
839d5dfffffffff,-33.420392716998265,152.56459070140286,1,False,False
839d5efffffffff,-31.67358531098461,153.57375111648832,1,False,False
839d60fffffffff,-36.39255848255661,157.4979800470815,1,False,False
839d61fffffffff,-37.07376462991079,156.36257321790802,1,False,False
839d62fffffffff,-35.25698988546456,157.35632717896613,1,False,False
839d63fffffffff,-35.93858998436032,156.2388130953404,1,False,False
839d64fffffffff,-36.83719083795464,158.78363449716366,1,False,False
839d65fffffffff,-37.53253341278764,157.64443019390524,1,False,False
839d66fffffffff,-35.6971381291231,158.61930957078897,1,False,False
839d68fffffffff,-37.25833208857931,153.96572826091617,1,False,False
839d69fffffffff,-37.89505742351641,152.81155064566852,1,False,False
839d6afffffffff,-36.13014390878424,153.88215732129964,1,False,False
839d6bfffffffff,-36.76905220324653,152.74673475702053,1,False,False
839d6cfffffffff,-37.73997603250831,155.21373037734088,1,False,False
839d6dfffffffff,-38.39046305402832,154.05215124751547,1,False,False
839d6efffffffff,-36.60594874923,155.10839017923155,1,False,False
839d70fffffffff,-33.43244767464871,158.3064038502077,1,False,False
839d71fffffffff,-34.12670912375054,157.2192413205263,1,False,False
839d72fffffffff,-32.30954180253956,158.15733251851145,1,False,False
839d73fffffffff,-33.002571569021505,157.08650660565831,1,False,False
839d74fffffffff,-33.85423690214211,159.55022224877797,1,False,False
839d75fffffffff,-34.56193034152545,158.46031704840257,1,False,False
839d76fffffffff,-32.72629744966709,159.38002520412635,1,False,False
83a204fffffffff,-75.05562996727716,76.16726124429866,1,False,False
83a206fffffffff,-76.16299106428652,76.27053141200221,1,False,False
83a210fffffffff,-78.38421916597412,76.53581094071151,1,False,False
83a212fffffffff,-79.49638867927698,76.71011917915173,1,False,False
83a213fffffffff,-78.88015526804773,81.30067315466529,1,False,False
83a214fffffffff,-77.81009669621801,72.13660867685186,1,False,False
83a215fffffffff,-77.27280143644467,76.39168630027281,1,False,False
83a216fffffffff,-78.9272802744067,71.86324966749694,1,False,False
83a220fffffffff,-73.36073553912529,72.8658450761861,1,False,False
83a221fffffffff,-72.85154497756623,76.00057374503449,1,False,False
83a222fffffffff,-74.46842321405484,72.72257749407623,1,False,False
83a223fffffffff,-73.95154485311052,76.07818837180403,1,False,False
83a224fffffffff,-72.71814835450243,69.85065525919241,1,False,False
83a225fffffffff,-72.25754594739075,72.99121120349498,1,False,False
83a226fffffffff,-73.82565692536492,69.50477846581407,1,False,False
83a230fffffffff,-76.0504704828667,68.64787828519142,1,False,False
83a231fffffffff,-75.57978297413703,72.55728158474119,1,False,False
83a232fffffffff,-77.16573683511085,68.10843135273315,1,False,False
83a233fffffffff,-76.69396511734062,72.36445725712043,1,False,False
83a234fffffffff,-75.34890652665156,65.23508836362957,1,False,False
83a235fffffffff,-74.93675911568833,69.10789684150426,1,False,False
83a236fffffffff,-76.45893850965017,64.44117094559049,1,False,False
83a284fffffffff,-82.82862808294867,77.55229292662588,1,False,False
83a2a0fffffffff,-81.16105863716182,71.1119436197536,1,False,False
83a2a1fffffffff,-80.60844090947826,76.92519738224553,1,False,False
83a2a2fffffffff,-82.27565976844228,70.57579274400418,1,False,False
83a2a3fffffffff,-81.71949065854318,77.19723488475505,1,False,False
83a2a4fffffffff,-80.50869986976187,65.73826515799614,1,False,False
83a2a5fffffffff,-80.04458950643189,71.52924921684902,1,False,False
83a2a6fffffffff,-81.61706069027663,64.53474647075868,1,False,False
83a2acfffffffff,-79.97907545863598,82.00070371036334,1,False,False
83a2aefffffffff,-81.07576489485126,82.87069793342033,1,False,False
83a308fffffffff,-70.9282218922929,67.48941369093434,1,False,False
83a309fffffffff,-70.51757221364907,70.42417412495564,1,False,False
83a30afffffffff,-72.028098828471,67.03019815193758,1,False,False
83a30bfffffffff,-71.61516083658351,70.1547448159256,1,False,False
83a30cfffffffff,-70.2005098579034,64.99070232869539,1,False,False
83a30dfffffffff,-69.83360436776984,67.8980705436889,1,False,False
83a30efffffffff,-71.29481758966095,64.39858265841153,1,False,False
83a311fffffffff,-72.95640871531722,56.65483058731924,1,False,False
83a313fffffffff,-74.03417005206664,55.37773689223365,1,False,False
83a318fffffffff,-73.49366448189572,62.97593081737325,1,False,False
83a319fffffffff,-73.13224085892323,66.51049432040483,1,False,False
83a31afffffffff,-74.59555779578012,62.11167662318482,1,False,False
83a31bfffffffff,-74.23957013452522,65.9176135112252,1,False,False
83a31cfffffffff,-72.70418151953449,60.26866430747162,1,False,False
83a31dfffffffff,-72.39295199515925,63.7319254100892,1,False,False
83a31efffffffff,-73.79627320615855,59.25866714452419,1,False,False
83a356fffffffff,-71.15965537032935,73.10183278992324,1,False,False
83a372fffffffff,-69.42621493615094,70.66453943401469,1,False,False
83a376fffffffff,-68.74516924804749,68.26404714553736,1,False,False
83a388fffffffff,-78.6748825879168,62.39089559253202,1,False,False
83a389fffffffff,-78.28141251646109,67.46716685381669,1,False,False
83a38afffffffff,-79.77694090056644,61.037063271379374,1,False,False
83a38bfffffffff,-79.3962230980706,66.69247252286195,1,False,False
83a38cfffffffff,-77.89103596297392,58.58132922258151,1,False,False
83a38dfffffffff,-77.56817723540813,63.5065640200615,1,False,False
83a38efffffffff,-78.97861043379557,56.94191374203197,1,False,False
83a399fffffffff,-80.87165583447,59.3618304719484,1,False,False
83a3a8fffffffff,-75.97349936194784,56.76843227417184,1,False,False
83a3a9fffffffff,-75.69704246343103,61.11460838812452,1,False,False
83a3abfffffffff,-76.79627092555153,59.95233363636464,1,False,False
83a3acfffffffff,-75.10673779924385,53.91668889567797,1,False,False
83a3adfffffffff,-74.88677035467812,58.10287123297899,1,False,False
83a590fffffffff,-62.24009268994248,-20.61879169375359,1,False,False
83a592fffffffff,-62.21637415998165,-23.079737011235096,1,False,False
83a593fffffffff,-63.19912399844715,-21.86490112859845,1,False,False
83a594fffffffff,-61.2619154560096,-19.439831611898885,1,False,False
83a596fffffffff,-61.260622741046895,-21.836870357642404,1,False,False
83a5b2fffffffff,-60.26604180541546,-18.32365733137293,1,False,False
83a600fffffffff,-46.3396456187605,122.75325944282612,1,False,False
83a602fffffffff,-45.56440872553189,122.81516448688647,1,False,False
83a604fffffffff,-46.99064405376438,123.36985993466732,1,False,False
83a605fffffffff,-46.939102221036464,122.0345387532746,1,False,False
83a606fffffffff,-46.136181182599216,123.83659397669788,1,False,False
83a610fffffffff,-44.52252146273983,124.03276754239047,1,False,False
83a611fffffffff,-44.77457759494265,122.87649963877531,1,False,False
83a612fffffffff,-43.70904167569742,124.08839943525489,1,False,False
83a613fffffffff,-43.97004771836642,122.93727259334234,1,False,False
83a614fffffffff,-45.06235550783365,125.14489719156558,1,False,False
83a615fffffffff,-45.32115021666999,123.97661709041458,1,False,False
83a616fffffffff,-44.25490878745281,125.19575473569958,1,False,False
83a620fffffffff,-48.33908766917521,123.2430925316988,1,False,False
83a621fffffffff,-48.34156596127225,121.8045653973758,1,False,False
83a622fffffffff,-47.650381294411474,124.01364202275911,1,False,False
83a623fffffffff,-47.66379383386212,122.6031004491582,1,False,False
83a624fffffffff,-49.02316724375209,123.91258514597772,1,False,False
83a625fffffffff,-49.03259511573377,122.43962508506638,1,False,False
83a626fffffffff,-48.31857083923431,124.68626975484594,1,False,False
83a630fffffffff,-46.61114456397893,125.66998690464725,1,False,False
83a631fffffffff,-46.83108805508893,124.54857719834231,1,False,False
83a632fffffffff,-45.68600808144449,126.0384689738622,1,False,False
83a633fffffffff,-45.91845114420834,124.93186875168512,1,False,False
83a634fffffffff,-47.30912484386028,126.4385320564134,1,False,False
83a635fffffffff,-47.53166743197601,125.2901295502369,1,False,False
83a636fffffffff,-46.37594848643143,126.80265541356802,1,False,False
83a6a0fffffffff,-42.59495885230784,125.29605777773811,1,False,False
83a6a1fffffffff,-42.88063226026311,124.1435198160066,1,False,False
83a6a4fffffffff,-43.14007951361332,126.4095969221068,1,False,False
83a6a5fffffffff,-43.43246698194552,125.24613943542646,1,False,False
83a6a6fffffffff,-42.29348299551194,126.45422045458812,1,False,False
83a700fffffffff,-51.06818665167911,127.70292327691354,1,False,False
83a701fffffffff,-51.12435956097067,126.11771428858708,1,False,False
83a702fffffffff,-50.30342505629843,128.44370314910122,1,False,False
83a703fffffffff,-50.37017440126681,126.89572870998268,1,False,False
83a704fffffffff,-51.77233044054519,128.54926987308423,1,False,False
83a705fffffffff,-51.83950019623714,126.92562072223822,1,False,False
83a706fffffffff,-50.990444707280574,129.2869277117792,1,False,False
83a708fffffffff,-50.44169058542343,123.8021221649048,1,False,False
83a70afffffffff,-49.7156868370167,124.61347005023484,1,False,False
83a70bfffffffff,-49.73275393289834,123.1048097228629,1,False,False
83a70efffffffff,-50.4162411338107,125.34778293202682,1,False,False
83a710fffffffff,-49.17787987641579,130.1884469013271,1,False,False
83a711fffffffff,-49.42860467394191,128.9434392588288,1,False,False
83a712fffffffff,-48.20886912609853,130.51470104048838,1,False,False
83a713fffffffff,-48.47245405371906,129.28921966245554,1,False,False
83a714fffffffff,-49.88528027006957,131.12591922770963,1,False,False
83a715fffffffff,-50.141230347018855,129.85085099476788,1,False,False
83a716fffffffff,-48.90900073349406,131.44280187760256,1,False,False
83a718fffffffff,-48.94759178393669,126.86850103354162,1,False,False
83a719fffffffff,-48.99487393040541,125.38952779136105,1,False,False
83a71afffffffff,-48.01180469971892,127.23913080922787,1,False,False
83a71bfffffffff,-48.237371032941766,126.06286753939116,1,False,False
83a71cfffffffff,-49.6222803087408,127.63829084113792,1,False,False
83a71dfffffffff,-49.67889460756152,126.12533005911725,1,False,False
83a71efffffffff,-48.718535683549405,128.07349811738194,1,False,False
83a722fffffffff,-52.48192412854834,129.4372902198338,1,False,False
83a724fffffffff,-54.02042530344001,129.6034910585678,1,False,False
83a726fffffffff,-53.19619849573884,130.3696802126383,1,False,False
83a730fffffffff,-51.57066439623558,131.78612989184475,1,False,False
83a731fffffffff,-51.68268133070252,130.17029905722433,1,False,False
83a732fffffffff,-50.59375450349031,132.1035942439503,1,False,False
83a733fffffffff,-50.855559661071794,130.79772166216202,1,False,False
83a734fffffffff,-52.2536234116181,132.7483237804504,1,False,False
83a735fffffffff,-52.37939410143957,131.09630278298548,1,False,False
83a736fffffffff,-51.30232511102735,133.12350721685212,1,False,False
83a756fffffffff,-49.73026708109885,121.60142141219556,1,False,False
83a780fffffffff,-44.60067040817918,130.56423067404137,1,False,False
83a781fffffffff,-44.896137321891146,129.41938476093654,1,False,False
83a782fffffffff,-43.62401329699456,130.85836210982555,1,False,False
83a783fffffffff,-43.93106825343112,129.73013597512346,1,False,False
83a784fffffffff,-45.27398920239576,131.4306716040321,1,False,False
83a785fffffffff,-45.574468897173126,130.2607038047921,1,False,False
83a786fffffffff,-44.288507452980944,131.7166631508656,1,False,False
83a788fffffffff,-44.497115810584845,127.498235196699,1,False,False
83a789fffffffff,-44.78775616704325,126.31908590238972,1,False,False
83a78afffffffff,-43.67201987000912,127.53822983775692,1,False,False
83a78bfffffffff,-43.97148287078939,126.36455403234466,1,False,False
83a78cfffffffff,-45.175260439671725,128.28295523494506,1,False,False
83a78dfffffffff,-45.438417425466646,127.15573331349438,1,False,False
83a78efffffffff,-44.221986521774674,128.60983909956005,1,False,False
83a790fffffffff,-42.31061727188792,132.26223732395323,1,False,False
83a791fffffffff,-42.67571846945806,131.07882531970927,1,False,False
83a793fffffffff,-41.80875385496514,131.1018080179202,1,False,False
83a794fffffffff,-42.96023669981242,133.13537316301648,1,False,False
83a795fffffffff,-43.30050014933878,131.99371837964514,1,False,False
83a796fffffffff,-41.95963420262637,133.38686581239358,1,False,False
83a798fffffffff,-42.507060872454495,128.74994732756778,1,False,False
83a799fffffffff,-42.83166883240987,127.57784852459952,1,False,False
83a79bfffffffff,-41.9760085469394,127.61709649608936,1,False,False
83a79cfffffffff,-43.02426757499528,129.89635229902862,1,False,False
83a79dfffffffff,-43.356331494534906,128.71582239063508,1,False,False
83a79efffffffff,-42.16612049216908,129.92492730984725,1,False,False
83a7a0fffffffff,-46.94088568223793,132.04481492339465,1,False,False
83a7a1fffffffff,-47.23480335766028,130.83015539155454,1,False,False
83a7a2fffffffff,-45.95030611813056,132.33095734591572,1,False,False
83a7a3fffffffff,-46.25630045339372,131.1353192617524,1,False,False
83a7a4fffffffff,-47.62740972079321,132.99083299048607,1,False,False
83a7a5fffffffff,-47.92732862271772,131.74892641319525,1,False,False
83a7a6fffffffff,-46.62883576389004,133.2666388796883,1,False,False
83a7a8fffffffff,-46.81612883595468,128.7679626970246,1,False,False
83a7a9fffffffff,-47.07076474580773,127.59807646416564,1,False,False
83a7aafffffffff,-45.85802906670042,129.0988110478042,1,False,False
83a7abfffffffff,-46.12505298475545,127.94585504928313,1,False,False
83a7acfffffffff,-47.510978245598906,129.6236787627396,1,False,False
83a7adfffffffff,-47.769830006952986,128.42636086163503,1,False,False
83a7aefffffffff,-46.54477892299828,129.94734190100775,1,False,False
83a7b0fffffffff,-44.62088178518476,133.79119454074382,1,False,False
83a7b1fffffffff,-44.95623473751981,132.6078138152429,1,False,False
83a7b2fffffffff,-43.61283151092977,134.04079419916178,1,False,False
83a7b3fffffffff,-43.95932495701585,132.87581681654805,1,False,False
83a7b4fffffffff,-45.28437876643715,134.7412764024755,1,False,False
83a7b5fffffffff,-45.62643950596162,133.53327994665852,1,False,False
83a7b6fffffffff,-44.26764164924306,134.9798466813083,1,False,False
83a800fffffffff,-60.49175800475992,-47.29442974338909,1,False,False
83a801fffffffff,-59.40185202335881,-47.62862631851631,1,False,False
83a802fffffffff,-60.90735745364755,-45.28309963488817,1,False,False
83a803fffffffff,-59.81784903152143,-45.686985773413234,1,False,False
83a804fffffffff,-61.13721999502285,-48.94700654427592,1,False,False
83a805fffffffff,-60.05142224780166,-49.23310960964109,1,False,False
83a806fffffffff,-61.5779461972026,-46.93795342712632,1,False,False
83a808fffffffff,-57.62889183196959,-46.42264815650818,1,False,False
83a809fffffffff,-56.53129348969426,-46.75853796588659,1,False,False
83a80afffffffff,-58.02086845302676,-44.546164418815096,1,False,False
83a80bfffffffff,-56.92281016291655,-44.942462111915006,1,False,False
83a80cfffffffff,-58.30911426867313,-47.94254782597263,1,False,False
83a80dfffffffff,-57.214430795272825,-48.23796777234739,1,False,False
83a80efffffffff,-58.72471810689892,-46.066108840913,1,False,False
83a810fffffffff,-62.37777679454426,-42.69044932854944,1,False,False
83a811fffffffff,-61.29579628015104,-43.2001925416078,1,False,False
83a812fffffffff,-62.73179497967816,-40.45564134156019,1,False,False
83a813fffffffff,-61.654648928347314,-41.04761447642928,1,False,False
83a814fffffffff,-63.071789065977406,-44.39085208000822,1,False,False
83a815fffffffff,-61.9923141401622,-44.8519867347071,1,False,False
83a816fffffffff,-63.453290130193096,-42.14492224560474,1,False,False
83a818fffffffff,-59.48184398251152,-42.121361116578825,1,False,False
83a819fffffffff,-58.388249390115135,-42.60960013446203,1,False,False
83a81afffffffff,-59.81895426914912,-40.05637288422309,1,False,False
83a81bfffffffff,-58.72892721232436,-40.61465728225117,1,False,False
83a81cfffffffff,-60.20833265314708,-43.67748762155561,1,False,False
83a81dfffffffff,-59.11636529250582,-44.12527691024837,1,False,False
83a81efffffffff,-60.57098636441914,-41.60171173029326,1,False,False
83a820fffffffff,-61.26486455914845,-52.56404354935266,1,False,False
83a821fffffffff,-60.186722616505065,-52.73314980513047,1,False,False
83a822fffffffff,-61.75343974663477,-50.643779678018525,1,False,False
83a823fffffffff,-60.672656579313376,-50.87865552141769,1,False,False
83a824fffffffff,-61.82744342411324,-54.287718142929705,1,False,False
83a825fffffffff,-60.755997442547134,-54.403143740499104,1,False,False
83a826fffffffff,-62.33970570274207,-52.383452365165965,1,False,False
83a828fffffffff,-58.50251418173625,-51.30556902275834,1,False,False
83a829fffffffff,-57.41478650354089,-51.500123704490704,1,False,False
83a82afffffffff,-58.962649427401765,-49.501556420093344,1,False,False
83a82bfffffffff,-57.87175073419703,-49.75392171175969,1,False,False
83a82cfffffffff,-59.10605952882596,-52.89183028134531,1,False,False
83a82dfffffffff,-58.02366249296386,-53.041018080014695,1,False,False
83a82efffffffff,-59.58874356584566,-51.09880640312953,1,False,False
83a830fffffffff,-63.29651448534138,-48.31444344719461,1,False,False
83a831fffffffff,-62.21919723946386,-48.64146185149399,1,False,False
83a832fffffffff,-63.73563671356837,-46.14874901298656,1,False,False
83a833fffffffff,-62.65953259421789,-46.55692315396072,1,False,False
83a834fffffffff,-63.90240108434331,-50.12355908267316,1,False,False
83a835fffffffff,-62.83028681159478,-50.39265917243639,1,False,False
83a836fffffffff,-64.3683399332256,-47.96362886900069,1,False,False
83a840fffffffff,-52.8338249502822,-49.26367028430023,1,False,False
83a841fffffffff,-51.74252926349746,-49.4870754853085,1,False,False
83a842fffffffff,-53.23699317155058,-47.65863573516202,1,False,False
83a843fffffffff,-52.1413802759731,-47.927423543932655,1,False,False
83a844fffffffff,-53.5038682101934,-50.628237182184805,1,False,False
83a845fffffffff,-52.41502503796746,-50.818288982866754,1,False,False
83a846fffffffff,-53.927516522106544,-49.0281241637005,1,False,False
83a848fffffffff,-49.9591064977979,-48.42502609857961,1,False,False
83a849fffffffff,-48.87411716658541,-48.65575744776958,1,False,False
83a84afffffffff,-50.333609612868656,-46.905234191597394,1,False,False
83a84bfffffffff,-49.24377748858398,-47.17649357384039,1,False,False
83a84cfffffffff,-50.65446008009224,-49.6992485668894,1,False,False
83a84dfffffffff,-49.57042863788315,-49.90101042631952,1,False,False
83a84efffffffff,-51.04846904750472,-48.18255163797638,1,False,False
83a850fffffffff,-54.72284000855391,-45.66930401584237,1,False,False
83a851fffffffff,-53.62281643227143,-46.003334524619184,1,False,False
83a852fffffffff,-55.090881537805146,-43.911419887180685,1,False,False
83a853fffffffff,-53.989549143474925,-44.29826061200886,1,False,False
83a854fffffffff,-55.43284031643213,-47.07550049271792,1,False,False
83a855fffffffff,-54.33444103303191,-47.37507385420837,1,False,False
83a856fffffffff,-55.823150591883184,-45.31622896040808,1,False,False
83a858fffffffff,-51.78938767431855,-45.01201168677638,1,False,False
83a859fffffffff,-50.69243311217481,-45.34188898399013,1,False,False
83a85afffffffff,-52.13310967693746,-43.35911623001675,1,False,False
83a85bfffffffff,-51.0340467159324,-43.73551865934865,1,False,False
83a85cfffffffff,-52.52400307289249,-46.31979991119735,1,False,False
83a85dfffffffff,-51.42730564234733,-46.620032308451925,1,False,False
83a85efffffffff,-52.8887352617738,-44.6646047978307,1,False,False
83a860fffffffff,-53.69257699143874,-53.55802944911739,1,False,False
83a861fffffffff,-52.61337301305969,-53.67045506560638,1,False,False
83a862fffffffff,-54.150803135911794,-52.02043760514778,1,False,False
83a863fffffffff,-53.06525337648152,-52.17553889276152,1,False,False
83a864fffffffff,-54.29642745134347,-54.96481762667382,1,False,False
83a865fffffffff,-53.22184190041132,-55.04120028636587,1,False,False
83a866fffffffff,-54.77399098734107,-53.439426488136064,1,False,False
83a868fffffffff,-50.90261098958093,-52.462366998693206,1,False,False
83a869fffffffff,-49.82706771291223,-52.59523600464233,1,False,False
83a86afffffffff,-51.32907845469498,-50.99866314456358,1,False,False
83a86bfffffffff,-50.24682572817661,-51.17007719002031,1,False,False
83a86cfffffffff,-51.53714761113123,-53.77717289968543,1,False,False
83a86dfffffffff,-50.46465541525094,-53.878606174379584,1,False,False
83a86efffffffff,-51.982261682045866,-52.32264857699773,1,False,False
83a870fffffffff,-55.68697627000845,-50.21582837210115,1,False,False
83a871fffffffff,-54.59479430988899,-50.42771195973596,1,False,False
83a872fffffffff,-56.11868536968703,-48.51646056536684,1,False,False
83a873fffffffff,-55.02275687446873,-48.7794284390345,1,False,False
83a874fffffffff,-56.32638038237111,-51.68351652429503,1,False,False
83a875fffffffff,-55.23811446763886,-51.85667779767956,1,False,False
83a876fffffffff,-56.779576660248615,-49.99159955316778,1,False,False
83a880fffffffff,-62.747676590532826,-31.811853294627124,1,False,False
83a881fffffffff,-61.69846569867721,-32.69653208636996,1,False,False
83a882fffffffff,-62.92478387713035,-29.37314927022725,1,False,False
83a883fffffffff,-61.88923299673627,-30.34269296553142,1,False,False
83a884fffffffff,-63.58075891666028,-33.35067480468567,1,False,False
83a885fffffffff,-62.53016529035174,-34.204980293179936,1,False,False
83a886fffffffff,-63.78521783021549,-30.86753506081945,1,False,False
83a888fffffffff,-59.78417908384422,-32.109240443070846,1,False,False
83a889fffffffff,-58.71738502209261,-32.91543791866109,1,False,False
83a88afffffffff,-59.9618941558649,-29.8723273725571,1,False,False
83a88bfffffffff,-58.90650632733461,-30.75054220876982,1,False,False
83a88cfffffffff,-60.63891200449652,-33.52666386985351,1,False,False
83a88dfffffffff,-59.57031134551441,-34.30682424013185,1,False,False
83a88efffffffff,-60.841907861546375,-31.25311417067561,1,False,False
83a890fffffffff,-64.06500575814191,-25.77433560362452,1,False,False
83a891fffffffff,-63.05988517743115,-26.896614487864408,1,False,False
83a893fffffffff,-63.151664036071146,-24.390799017142808,1,False,False
83a894fffffffff,-64.95489303714868,-27.23477301047204,1,False,False
83a895fffffffff,-63.94715351932449,-28.339143994087724,1,False,False
83a898fffffffff,-61.13236537485627,-26.595129202941028,1,False,False
83a899fffffffff,-60.102012975499015,-27.6020041541176,1,False,False
83a89afffffffff,-61.217245834233445,-24.22469134710228,1,False,False
83a89bfffffffff,-60.20331614507835,-25.304785340976647,1,False,False
83a89cfffffffff,-62.04000979321344,-27.95013364213636,1,False,False
83a89dfffffffff,-61.00686467536629,-28.9403734286757,1,False,False
83a89efffffffff,-62.149420455704735,-25.526414441446576,1,False,False
83a8a0fffffffff,-64.11345896321886,-37.42580246467649,1,False,False
83a8a1fffffffff,-63.05187638561854,-38.15091029660909,1,False,False
83a8a2fffffffff,-64.38705107740546,-34.9618490128822,1,False,False
83a8a3fffffffff,-63.33561915045339,-35.780717906294846,1,False,False
83a8a4fffffffff,-64.86234090217394,-39.14201886452557,1,False,False
83a8a5fffffffff,-63.80137817140061,-39.82191173195528,1,False,False
83a8a6fffffffff,-65.16513559674463,-36.64786812888196,1,False,False
83a8a8fffffffff,-61.20368003567288,-37.26170561585817,1,False,False
83a8a9fffffffff,-60.12553850935978,-37.93308086647953,1,False,False
83a8aafffffffff,-61.46933466866588,-35.004852964069485,1,False,False
83a8abfffffffff,-60.39951467883749,-35.75505056228322,1,False,False
83a8acfffffffff,-61.981522942790576,-38.82818546399611,1,False,False
83a8adfffffffff,-60.90351522716366,-39.46203798909291,1,False,False
83a8aefffffffff,-62.27409749782355,-36.54570295873784,1,False,False
83a8b0fffffffff,-65.64609364328575,-31.45679374393892,1,False,False
83a8b1fffffffff,-64.61983881380101,-32.43660608501163,1,False,False
83a8b2fffffffff,-65.81979806938011,-28.7766422194081,1,False,False
83a8b3fffffffff,-64.80972668965636,-29.85790512791872,1,False,False
83a8b4fffffffff,-66.45473195322062,-33.13962722210975,1,False,False
83a8b5fffffffff,-65.42717292900511,-34.08356804600459,1,False,False
83a8b6fffffffff,-66.65817013076371,-30.40452036370509,1,False,False
83a8c0fffffffff,-55.23043070082971,-37.00418909251467,1,False,False
83a8c1fffffffff,-54.1351252489502,-37.5886880164738,1,False,False
83a8c2fffffffff,-55.47556363027496,-35.0721406819824,1,False,False
83a8c3fffffffff,-54.385325451061455,-35.71459060169788,1,False,False
83a8c4fffffffff,-56.05445876727887,-38.337797742217504,1,False,False
83a8c5fffffffff,-54.95759294975946,-38.89527941620999,1,False,False
83a8c6fffffffff,-56.32278481065792,-36.38663090381429,1,False,False
83a8c8fffffffff,-52.19764542887172,-36.90130401760411,1,False,False
83a8c9fffffffff,-51.10251789384712,-37.4502151343636,1,False,False
83a8cafffffffff,-52.43032148526769,-35.09895704621511,1,False,False
83a8cbfffffffff,-51.33884142496956,-35.6983634881627,1,False,False
83a8ccfffffffff,-53.038013901078,-38.142600627355456,1,False,False
83a8cdfffffffff,-51.94021541700173,-38.66817066980224,1,False,False
83a8cefffffffff,-53.29229534132599,-36.32350096550708,1,False,False
83a8d0fffffffff,-56.76994860002782,-32.3619385427446,1,False,False
83a8d1fffffffff,-55.69143805976678,-33.102318657667816,1,False,False
83a8d2fffffffff,-56.945747213320494,-30.296140364811134,1,False,False
83a8d3fffffffff,-55.87661152574266,-31.098389071085133,1,False,False
83a8d4fffffffff,-57.64283464743577,-33.67565755755145,1,False,False
83a8d5fffffffff,-56.56180932007791,-34.39347737083093,1,False,False
83a8d6fffffffff,-57.842076337081615,-31.57915671293353,1,False,False
83a8d8fffffffff,-53.72087795690237,-32.57930894549597,1,False,False
83a8d9fffffffff,-52.63687375339327,-33.26371976555133,1,False,False
83a8dafffffffff,-53.89248514782384,-30.660420479049943,1,False,False
83a8dbfffffffff,-52.81602234158063,-31.398546655824887,1,False,False
83a8dcfffffffff,-54.6078306280404,-33.80342311829686,1,False,False
83a8ddfffffffff,-53.52038293086039,-34.4681022236254,1,False,False
83a8defffffffff,-54.801217565102384,-31.85844677813201,1,False,False
83a8e0fffffffff,-56.53675694863961,-41.63508895536836,1,False,False
83a8e1fffffffff,-55.43672030213625,-42.102456078252594,1,False,False
83a8e2fffffffff,-56.85620554162964,-39.71618826496822,1,False,False
83a8e3fffffffff,-55.75851678549144,-40.24391472345589,1,False,False
83a8e4fffffffff,-57.29122082542239,-43.06912825060006,1,False,False
83a8e5fffffffff,-56.19176619005404,-43.502351407944566,1,False,False
83a8e6fffffffff,-57.63450795561923,-41.13997769791922,1,False,False
83a8e8fffffffff,-53.55779054589371,-41.21483848144745,1,False,False
83a8e9fffffffff,-52.45685670142416,-41.66230616874757,1,False,False
83a8eafffffffff,-53.858749299801566,-39.42289562665007,1,False,False
83a8ebfffffffff,-52.75901991969561,-39.92290098909452,1,False,False
83a8ecfffffffff,-54.33542835602345,-42.544290233106665,1,False,False
83a8edfffffffff,-53.23389383111414,-42.96257964163957,1,False,False
83a8eefffffffff,-54.65869095185225,-40.7427165139422,1,False,False
83a8f0fffffffff,-58.23777378140103,-37.12298926888348,1,False,False
83a8f1fffffffff,-57.148231427013314,-37.74795607869006,1,False,False
83a8f2fffffffff,-58.49393199519987,-35.04112871663877,1,False,False
83a8f3fffffffff,-57.41101688922224,-35.73328353998763,1,False,False
83a8f4fffffffff,-59.04082531884971,-38.56370667377548,1,False,False
83a8f5fffffffff,-57.95067513957398,-39.1570439359332,1,False,False
83a8f6fffffffff,-59.32192776671334,-36.459826390840725,1,False,False
83a900fffffffff,-64.7364153010217,-56.906388748287,1,False,False
83a901fffffffff,-63.69615969546025,-57.039914350396856,1,False,False
83a903fffffffff,-64.20776866617885,-55.0895819922626,1,False,False
83a904fffffffff,-65.23392296000321,-58.76275758434322,1,False,False
83a905fffffffff,-64.20206460384834,-58.83233087837547,1,False,False
83a908fffffffff,-62.10808753479948,-55.46576171705089,1,False,False
83a909fffffffff,-61.05267920300566,-55.63571834634296,1,False,False
83a90afffffffff,-62.59402882512073,-53.56705970205136,1,False,False
83a90bfffffffff,-61.53559886511096,-53.80297967145165,1,False,False
83a90cfffffffff,-62.651584959419125,-57.16446091520036,1,False,False
83a90dfffffffff,-61.60337734050273,-57.28090361772319,1,False,False
83a90efffffffff,-63.1600239490803,-55.28413017110802,1,False,False
83a918fffffffff,-64.11397540665598,-51.2544196451558,1,False,False
83a919fffffffff,-62.895396810260266,-54.164345709070616,1,False,False
83a91afffffffff,-64.47642082005035,-51.98281192351863,1,False,False
83a91bfffffffff,-63.41047666212027,-52.19016910324739,1,False,False
83a91cfffffffff,-64.69787707091335,-53.04386883294134,1,False,False
83a91dfffffffff,-63.64837063114476,-53.31461858279499,1,False,False
83a920fffffffff,-65.12217327171787,-62.51686900912489,1,False,False
83a921fffffffff,-64.10498105701451,-62.45540213601645,1,False,False
83a923fffffffff,-64.67746174500371,-60.65892464474446,1,False,False
83a924fffffffff,-65.53612437889728,-64.40297664970768,1,False,False
83a925fffffffff,-64.52983018047479,-64.27550061599456,1,False,False
83a928fffffffff,-62.61901524177402,-60.66423583171238,1,False,False
83a929fffffffff,-61.58439069387213,-60.666635630356126,1,False,False
83a92afffffffff,-63.165730780739054,-58.89717370929741,1,False,False
83a92bfffffffff,-62.12557839449604,-58.95775251841383,1,False,False
83a92cfffffffff,-63.08351010806788,-62.39804226184193,1,False,False
83a92dfffffffff,-62.05838949214552,-62.34439117522844,1,False,False
83a92efffffffff,-63.650254879009246,-60.66167135421798,1,False,False
83a940fffffffff,-57.388335774381616,-57.679619744892825,1,False,False
83a941fffffffff,-55.9625442395779,-59.31927506852155,1,False,False
83a942fffffffff,-57.56012096460497,-57.8455881376072,1,False,False
83a943fffffffff,-56.49577482431325,-57.84619125006398,1,False,False
83a944fffffffff,-57.94037416436104,-59.16485990174305,1,False,False
83a945fffffffff,-56.891399724345696,-59.20932577813411,1,False,False
83a946fffffffff,-58.44399558489246,-57.58880735393952,1,False,False
83a948fffffffff,-54.36891665217701,-57.84730077203269,1,False,False
83a949fffffffff,-53.30786555465107,-57.84781221546577,1,False,False
83a94afffffffff,-54.87630797067008,-56.39480997245569,1,False,False
83a94bfffffffff,-53.8071666452502,-56.43386675981118,1,False,False
83a94cfffffffff,-54.90673426496626,-59.28021302753079,1,False,False
83a94dfffffffff,-53.85234616137655,-59.24319680050958,1,False,False
83a94efffffffff,-55.43179580812696,-57.84676124314674,1,False,False
83a950fffffffff,-59.16020474663273,-56.21469588743633,1,False,False
83a951fffffffff,-58.08963004179936,-56.26373260727039,1,False,False
83a952fffffffff,-59.681807369368194,-54.51136551541478,1,False,False
83a953fffffffff,-58.605631726643246,-54.61303675099639,1,False,False
83a954fffffffff,-59.994529112144825,-55.79508794564877,1,False,False
83a955fffffffff,-58.93437543236151,-55.94482762242616,1,False,False
83a956fffffffff,-60.229264936413465,-56.16256571835128,1,False,False
83a958fffffffff,-56.45039020152401,-54.79896865610191,1,False,False
83a959fffffffff,-55.37286453372439,-54.88419469067671,1,False,False
83a95afffffffff,-56.94032334561037,-53.18153842360172,1,False,False
83a95bfffffffff,-55.85683553124785,-53.314123774851694,1,False,False
83a95cfffffffff,-57.01828857042826,-56.30994322951896,1,False,False
83a95dfffffffff,-55.94693103331345,-56.35356516763349,1,False,False
83a95efffffffff,-57.52823612166888,-54.70873413519932,1,False,False
83a960fffffffff,-57.93441465738128,-62.16050569116484,1,False,False
83a961fffffffff,-56.90087135312847,-62.1209318521176,1,False,False
83a962fffffffff,-58.46686750057388,-60.67299164010837,1,False,False
83a963fffffffff,-57.425405987764094,-60.67486917661412,1,False,False
83a964fffffffff,-58.41828033793213,-63.66461476424911,1,False,False
83a965fffffffff,-57.39338228970505,-63.58272809551855,1,False,False
83a966fffffffff,-58.96760862476241,-62.20241232440513,1,False,False
83a968fffffffff,-55.34317063128602,-60.67832097429658,1,False,False
83a969fffffffff,-54.42739905665173,-60.908800173618175,1,False,False
83a96afffffffff,-55.84276200119714,-59.251349062873786,1,False,False
83a96bfffffffff,-54.79516424111238,-59.29112559813525,1,False,False
83a96cfffffffff,-55.90109310484839,-62.14652611518058,1,False,False
83a96dfffffffff,-54.99192718463521,-62.35809151108015,1,False,False
83a96efffffffff,-56.38394444858464,-60.676642824519305,1,False,False
83a970fffffffff,-60.0365152276612,-59.06769621180353,1,False,False
83a971fffffffff,-58.988980517664885,-59.11773215538504,1,False,False
83a972fffffffff,-60.55223579785898,-57.3900076020684,1,False,False
83a973fffffffff,-59.49886956865019,-57.492444728280695,1,False,False
83a974fffffffff,-60.54704217384975,-60.66888611904951,1,False,False
83a975fffffffff,-59.50764123850654,-60.67100081195829,1,False,False
83a976fffffffff,-61.0822787706872,-59.014474392633865,1,False,False
83a981fffffffff,-66.92231826575707,-44.72946985799808,1,False,False
83a983fffffffff,-67.31625696665671,-42.17510113429172,1,False,False
83a985fffffffff,-67.54268513321355,-46.73962436686186,1,False,False
83a988fffffffff,-65.21057278018151,-43.36533166239596,1,False,False
83a989fffffffff,-64.14485207711638,-43.89651307498875,1,False,False
83a98afffffffff,-65.58095223865782,-40.93079889355037,1,False,False
83a98bfffffffff,-64.52134714765015,-41.55981639870443,1,False,False
83a98cfffffffff,-65.86789879130163,-45.238684200423855,1,False,False
83a98dfffffffff,-64.80538254397518,-45.71046960149262,1,False,False
83a98efffffffff,-66.26801948218849,-42.79313213972746,1,False,False
83a998fffffffff,-66.95409960067656,-37.62294330110385,1,False,False
83a999fffffffff,-65.91361145394684,-38.41094223715896,1,False,False
83a99afffffffff,-67.2341099138219,-34.910053738698544,1,False,False
83a99bfffffffff,-66.2057482933255,-35.811437040528645,1,False,False
83a99dfffffffff,-66.63110069770997,-40.25290394775639,1,False,False
83a9a8fffffffff,-66.0293039523809,-49.52316015758795,1,False,False
83a9a9fffffffff,-64.96899744861338,-49.83449003830624,1,False,False
83a9aafffffffff,-66.49223370670212,-47.17953849628704,1,False,False
83a9abfffffffff,-65.43385074604782,-47.58635211134001,1,False,False
83ac10fffffffff,-66.25132818047057,-62.89897942992253,1,False,False
83ac11fffffffff,-65.232652953298,-61.97989808159368,1,False,False
83ac12fffffffff,-67.04788613466046,-61.06053337619904,1,False,False
83ac13fffffffff,-66.00919186436238,-60.190780059041806,1,False,False
83ac14fffffffff,-66.44502701563832,-65.64804366811421,1,False,False
83ac15fffffffff,-65.44383457635232,-64.60427153833439,1,False,False
83ac16fffffffff,-67.27346101095989,-63.90485595888873,1,False,False
83ac30fffffffff,-65.72604948355755,-69.93461485354734,1,False,False
83ac32fffffffff,-66.5893423574702,-68.42601609805503,1,False,False
83ac33fffffffff,-65.60851243975614,-67.25951412949082,1,False,False
83ac34fffffffff,-65.79621102649317,-72.61805401500412,1,False,False
83ac36fffffffff,-66.6837676284985,-71.220148484147,1,False,False
83ac80fffffffff,-68.94153399649888,-51.6018865678452,1,False,False
83ac81fffffffff,-67.8392320632094,-51.12897625804474,1,False,False
83ac82fffffffff,-69.61088841873634,-49.04477919794903,1,False,False
83ac83fffffffff,-68.49509622499679,-48.69277653160524,1,False,False
83ac84fffffffff,-69.33646917823734,-54.62405362698821,1,False,False
83ac85fffffffff,-68.24224268882867,-53.985018083623736,1,False,False
83ac86fffffffff,-70.05167401148118,-52.129158992911485,1,False,False
83ac88fffffffff,-66.2916702456524,-48.0910842940171,1,False,False
83ac89fffffffff,-65.20558189949706,-47.83196743816881,1,False,False
83ac8afffffffff,-66.89308984600497,-45.73435636674,1,False,False
83ac8bfffffffff,-65.79621022930233,-45.58032180077939,1,False,False
83ac8cfffffffff,-66.7457185800386,-50.70248862950088,1,False,False
83ac8dfffffffff,-65.66185748898774,-50.31594898402045,1,False,False
83ac8efffffffff,-67.38842197700296,-48.37660834386241,1,False,False
83ac90fffffffff,-71.38065655717087,-46.54318268259407,1,False,False
83ac91fffffffff,-70.245281786861,-46.305277324680105,1,False,False
83ac92fffffffff,-71.98287261823117,-43.433598894977294,1,False,False
83ac93fffffffff,-70.83934231666689,-43.37705990855605,1,False,False
83ac94fffffffff,-71.8662639477653,-49.88361896797161,1,False,False
83ac95fffffffff,-70.73492626199689,-49.439042801772096,1,False,False
83ac96fffffffff,-72.52362095526411,-46.8128091489728,1,False,False
83ac98fffffffff,-68.57819499341034,-43.28240326009261,1,False,False
83ac99fffffffff,-67.4621197903755,-43.24238809206819,1,False,False
83ac9afffffffff,-69.11628817634553,-40.50784510771116,1,False,False
83ac9bfffffffff,-67.99459607939323,-40.613449642460814,1,False,False
83ac9cfffffffff,-69.1183620761606,-46.0938131067353,1,False,False
83ac9dfffffffff,-68.00071076594118,-45.90461894800524,1,False,False
83ac9efffffffff,-69.70418587501867,-43.327013928657294,1,False,False
83aca0fffffffff,-68.89306985039349,-59.96958769407591,1,False,False
83aca1fffffffff,-67.83016556232967,-59.07696677203925,1,False,False
83aca2fffffffff,-69.67664414696007,-57.74825865776828,1,False,False
83aca3fffffffff,-68.59442011071133,-56.93574966957298,1,False,False
83aca4fffffffff,-69.13593239413969,-63.07243992381095,1,False,False
83aca5fffffffff,-68.09066478364717,-62.016769335365545,1,False,False
83aca6fffffffff,-69.95921477687597,-60.96032040991367,1,False,False
83aca8fffffffff,-66.447603996155,-55.54147670448282,1,False,False
83aca9fffffffff,-65.38537807582779,-54.93919985792009,1,False,False
83acaafffffffff,-67.15532377710706,-53.40922616455953,1,False,False
83acabfffffffff,-66.07674635218123,-52.88783283719506,1,False,False
83acacfffffffff,-66.77202007715763,-58.26894694900634,1,False,False
83acadfffffffff,-65.71997034663461,-57.53432520150153,1,False,False
83acaefffffffff,-67.51765584147506,-56.20390105674014,1,False,False
83acb0fffffffff,-71.542087394217,-56.13777425002104,1,False,False
83acb1fffffffff,-70.43684923221304,-55.33716928263346,1,False,False
83acb2fffffffff,-72.29116379539423,-53.38863780154489,1,False,False
83acb3fffffffff,-71.16860425356467,-52.72063175872584,1,False,False
83acb4fffffffff,-71.85160412734353,-59.67334618121727,1,False,False
83acb5fffffffff,-70.76291081866663,-58.65515240145557,1,False,False
83acb6fffffffff,-72.65071700506505,-57.04264218093223,1,False,False
83acd6fffffffff,-64.71073184539908,-45.440302647775525,1,False,False
83acf2fffffffff,-64.58843435238175,-49.96402643466447,1,False,False
83acf6fffffffff,-65.00743981141561,-52.41355214464567,1,False,False
83ad02fffffffff,-64.79074667182209,-81.63697807399645,1,False,False
83ad10fffffffff,-66.56848572377906,-82.29522033107268,1,False,False
83ad11fffffffff,-65.72623844269584,-80.60177862794058,1,False,False
83ad12fffffffff,-67.53173319302502,-81.30025553432361,1,False,False
83ad13fffffffff,-66.66953365778039,-79.56744576150943,1,False,False
83ad14fffffffff,-66.42175672393643,-84.97593719226172,1,False,False
83ad15fffffffff,-65.61265815504707,-83.20356643175772,1,False,False
83ad16fffffffff,-67.39633820605525,-84.11799234171968,1,False,False
83ad18fffffffff,-64.91245646694951,-76.47566980970332,1,False,False
83ad1afffffffff,-65.8191741461802,-75.29809493496082,1,False,False
83ad1bfffffffff,-64.90856258220056,-73.90576303716225,1,False,False
83ad1cfffffffff,-64.87391370253333,-79.06406591540988,1,False,False
83ad1efffffffff,-65.79552418096966,-77.96308960628095,1,False,False
83ad30fffffffff,-65.25956274484618,-88.2587293465184,1,False,False
83ad32fffffffff,-66.23136133993795,-87.59941382392155,1,False,False
83ad33fffffffff,-65.45645043774809,-85.7587556907908,1,False,False
83ad34fffffffff,-65.02193254614085,-90.76226320071476,1,False,False
83ad36fffffffff,-65.99959238891758,-90.15685084260828,1,False,False
83ad80fffffffff,-70.4770886956418,-74.30853056828055,1,False,False
83ad81fffffffff,-69.51549086219407,-72.62310941117387,1,False,False
83ad82fffffffff,-71.4265378467572,-72.62645460550421,1,False,False
83ad83fffffffff,-70.44138592737286,-70.93950946749686,1,False,False
83ad84fffffffff,-70.4506073414231,-77.66059002160173,1,False,False
83ad85fffffffff,-69.52408280149251,-75.82335199248382,1,False,False
83ad86fffffffff,-71.4266795973012,-76.17055664071508,1,False,False
83ad88fffffffff,-68.4491324188677,-68.0405620805588,1,False,False
83ad89fffffffff,-67.44742977519499,-66.78907007024756,1,False,False
83ad8afffffffff,-69.32127223930998,-66.22796296993663,1,False,False
83ad8bfffffffff,-68.29740266846498,-65.0097141505946,1,False,False
83ad8cfffffffff,-68.545162948276,-71.0928460464153,1,False,False
83ad8dfffffffff,-67.56895186106786,-69.69916722804365,1,False,False
83ad8efffffffff,-69.447952904116,-69.41799005164452,1,False,False
83ad90fffffffff,-73.36736902105903,-72.63060820839428,1,False,False
83ad91fffffffff,-72.36911718403985,-70.75124596571845,1,False,False
83ad92fffffffff,-74.32461829151148,-70.51459421258106,1,False,False
83ad93fffffffff,-73.30087176313494,-68.65241562241597,1,False,False
83ad94fffffffff,-73.35796984437683,-76.60122279199346,1,False,False
83ad95fffffffff,-72.40004475814504,-74.50389381443846,1,False,False
83ad96fffffffff,-74.35053868430616,-74.74941689787654,1,False,False
83ad98fffffffff,-71.22636310758593,-65.54733645572452,1,False,False
83ad99fffffffff,-70.1818651854003,-64.24306269593765,1,False,False
83ad9afffffffff,-72.09401632921255,-63.30545118620155,1,False,False
83ad9bfffffffff,-71.02686446935844,-62.06557804775753,1,False,False
83ad9cfffffffff,-71.35982776821535,-69.07634626767613,1,False,False
83ad9dfffffffff,-70.34291166686864,-67.57671048409638,1,False,False
83ad9efffffffff,-72.26698650655518,-67.00792024400597,1,False,False
83ada0fffffffff,-69.36857081470768,-82.13095696967432,1,False,False
83ada1fffffffff,-68.5009918448224,-80.20635773744297,1,False,False
83ada2fffffffff,-70.363294954443,-80.97319507703622,1,False,False
83ada3fffffffff,-69.47460302249401,-78.99892967248421,1,False,False
83ada4fffffffff,-69.20809074135855,-85.20209191212996,1,False,False
83ada5fffffffff,-68.37905670481722,-83.17400794560258,1,False,False
83ada6fffffffff,-70.21721272079192,-84.22542065690615,1,False,False
83ada8fffffffff,-67.65384865513168,-75.5375098443423,1,False,False
83ada9fffffffff,-66.72825531326059,-74.01723924839754,1,False,False
83adaafffffffff,-68.58539078250452,-74.14938391528413,1,False,False
83adabfffffffff,-67.63769452482494,-72.62035754686153,1,False,False
83adacfffffffff,-67.61812533577589,-78.43561762005093,1,False,False
83adadfffffffff,-66.72322133901548,-76.80400297108808,1,False,False
83adaefffffffff,-68.57030897186134,-77.19284986939732,1,False,False
83adb0fffffffff,-72.25215063334053,-81.91027261684843,1,False,False
83adb1fffffffff,-71.36134620049478,-79.68182025344305,1,False,False
83adb2fffffffff,-73.27407342879725,-80.52661222838164,1,False,False
83adb3fffffffff,-72.36047446278857,-78.23385746842116,1,False,False
83adb4fffffffff,-72.07776552255612,-85.5048903533506,1,False,False
83adb5fffffffff,-71.2324886732335,-83.13488031832114,1,False,False
83adb6fffffffff,-73.1182564372191,-84.37164908429057,1,False,False
83b200fffffffff,-48.43807454427719,-69.19219642715687,1,False,False
83b201fffffffff,-49.468063191649385,-69.0839848217383,1,False,False
83b203fffffffff,-48.97010729302247,-70.57683363995193,1,False,False
83b204fffffffff,-47.883968146698805,-67.82268645463843,1,False,False
83b205fffffffff,-48.921442972887,-67.69593339815883,1,False,False
83b208fffffffff,-51.00024723880602,-70.39602403801632,1,False,False
83b209fffffffff,-51.993921370677896,-70.3016488202719,1,False,False
83b20afffffffff,-50.49346853097071,-71.90567854873849,1,False,False
83b20bfffffffff,-51.493167261595126,-71.83412820110814,1,False,False
83b20cfffffffff,-50.484085841370295,-68.97267660150233,1,False,False
83b20dfffffffff,-51.48578754563498,-68.85813779400696,1,False,False
83b20efffffffff,-49.99219882055365,-70.48771481821016,1,False,False
83b218fffffffff,-48.947480121964354,-73.4339503841662,1,False,False
83b219fffffffff,-49.9664340634395,-73.38583480212617,1,False,False
83b21bfffffffff,-49.42018360149217,-74.83543249066469,1,False,False
83b21cfffffffff,-48.452115054586535,-72.04279964346293,1,False,False
83b21dfffffffff,-49.47966709890623,-71.97520760875743,1,False,False
83b220fffffffff,-47.76266586574215,-64.97211295622064,1,False,False
83b221fffffffff,-48.800192313491216,-64.80562732991271,1,False,False
83b222fffffffff,-47.30826530825093,-66.46959498939,1,False,False
83b223fffffffff,-48.35279826974497,-66.32489982941036,1,False,False
83b224fffffffff,-47.15165650510132,-63.63868790344059,1,False,False
83b225fffffffff,-48.19549322545424,-63.45517883020481,1,False,False
83b226fffffffff,-46.71151901908341,-65.13410940893694,1,False,False
83b228fffffffff,-50.40019338157912,-66.02316677442312,1,False,False
83b229fffffffff,-51.40229285880489,-65.86577729663352,1,False,False
83b22afffffffff,-49.945047383156414,-67.56558786849848,1,False,False
83b22bfffffffff,-50.95440199400983,-67.4314963502514,1,False,False
83b22cfffffffff,-49.8236685864153,-64.63446623720752,1,False,False
83b22dfffffffff,-50.8327115502723,-64.4584331072102,1,False,False
83b22efffffffff,-49.383575750364976,-66.17614741842257,1,False,False
83b240fffffffff,-54.28050866953735,-68.75531037489533,1,False,False
83b241fffffffff,-55.20741067366477,-68.63980968113815,1,False,False
83b242fffffffff,-53.81518268365785,-70.34313228077676,1,False,False
83b243fffffffff,-54.74933899586462,-70.25184569250264,1,False,False
83b244fffffffff,-53.78773122029125,-67.276068874602,1,False,False
83b245fffffffff,-54.72248393910321,-67.13972535173657,1,False,False
83b246fffffffff,-53.33817524414088,-68.86751270625588,1,False,False
83b248fffffffff,-56.5714007469998,-70.06102864850219,1,False,False
83b249fffffffff,-57.45915777761548,-69.96124736380116,1,False,False
83b24afffffffff,-56.10433202128314,-71.69200889357404,1,False,False
83b24bfffffffff,-56.99929536354412,-71.61793259922185,1,False,False
83b24cfffffffff,-56.11877296535992,-68.5208639961744,1,False,False
83b24dfffffffff,-57.01452200983835,-68.39831793090781,1,False,False
83b24efffffffff,-55.66810868755408,-70.15785172409323,1,False,False
83b250fffffffff,-53.44906667206033,-71.68460149550666,1,False,False
83b251fffffffff,-54.40477788323421,-71.60643037951439,1,False,False
83b252fffffffff,-52.93912219802225,-73.23291882349211,1,False,False
83b253fffffffff,-53.90100567562472,-73.1788755504906,1,False,False
83b254fffffffff,-52.972933750965694,-70.20447006029266,1,False,False
83b255fffffffff,-53.937039321600246,-70.10436153501969,1,False,False
83b256fffffffff,-52.47845511628844,-71.76046735737059,1,False,False
83b258fffffffff,-54.69724253530812,-73.33744089909683,1,False,False
83b259fffffffff,-55.61420998467785,-73.28959325372496,1,False,False
83b25afffffffff,-55.2665801114604,-74.6526704834089,1,False,False
83b25bfffffffff,-55.10199788189184,-74.85239108162979,1,False,False
83b25cfffffffff,-54.268268205894096,-71.83371408156415,1,False,False
83b25dfffffffff,-55.19396470549385,-71.76390449404855,1,False,False
83b25efffffffff,-54.84800901652542,-73.12317937043589,1,False,False
83b260fffffffff,-53.68133157680714,-64.20008484911209,1,False,False
83b261fffffffff,-54.61525457636243,-64.0192290382793,1,False,False
83b262fffffffff,-53.27134465978543,-65.81575884718048,1,False,False
83b263fffffffff,-54.21365550917547,-65.65929975156405,1,False,False
83b264fffffffff,-53.12599501255486,-62.76347863337399,1,False,False
83b265fffffffff,-54.06685754698807,-62.56366024413671,1,False,False
83b266fffffffff,-52.73176571639043,-64.37587813604065,1,False,False
83b268fffffffff,-56.05129726932725,-65.33248816298985,1,False,False
83b269fffffffff,-56.94644538641687,-65.1617238957037,1,False,False
83b26afffffffff,-55.641647801674665,-66.99935734670797,1,False,False
83b26bfffffffff,-56.54513210063996,-66.85478576518891,1,False,False
83b26cfffffffff,-55.533406779454005,-63.83309258648958,1,False,False
83b26dfffffffff,-56.435696249908894,-63.6414448974618,1,False,False
83b26efffffffff,-55.14034266629014,-65.49827620324389,1,False,False
83b270fffffffff,-52.929070039552215,-67.15141671528426,1,False,False
83b271fffffffff,-52.83751622605599,-67.40855706782393,1,False,False
83b272fffffffff,-52.47285794678457,-68.7402266389876,1,False,False
83b273fffffffff,-53.44503005386797,-68.61879301827885,1,False,False
83b274fffffffff,-52.38956091805391,-65.70378808903735,1,False,False
83b275fffffffff,-52.31355594038928,-65.96784261978193,1,False,False
83b276fffffffff,-51.949172799112986,-67.29349654007369,1,False,False
83b2c0fffffffff,-51.68198080652719,-79.11841566917244,1,False,False
83b2c1fffffffff,-52.64912219235004,-79.15199892008832,1,False,False
83b2c2fffffffff,-51.081946854963874,-80.51224180790102,1,False,False
83b2c3fffffffff,-52.05278272666679,-80.5654109331374,1,False,False
83b2c4fffffffff,-51.28798214531348,-77.67517513837595,1,False,False
83b2c5fffffffff,-52.26508114582407,-77.68768915376229,1,False,False
83b2c6fffffffff,-50.70091207505264,-79.08578386886286,1,False,False
83b2c8fffffffff,-53.95246354321038,-80.67646694702933,1,False,False
83b2c9fffffffff,-54.88089068570734,-80.73449524649018,1,False,False
83b2cafffffffff,-53.34697973786871,-82.09016375670896,1,False,False
83b2cbfffffffff,-54.27930819666343,-82.16824166446658,1,False,False
83b2ccfffffffff,-53.60209045367464,-79.1865758255107,1,False,False
83b2cdfffffffff,-54.54067828060796,-79.222191121382,1,False,False
83b2cefffffffff,-53.009697461536206,-80.62012976258258,1,False,False
83b2d8fffffffff,-51.77584648296302,-83.36917696854607,1,False,False
83b2d9fffffffff,-52.77375814745469,-83.45342926919265,1,False,False
83b2dafffffffff,-51.31816317245765,-84.66240441109657,1,False,False
83b2dbfffffffff,-52.3257836875302,-84.76940789592578,1,False,False
83b2dcfffffffff,-51.440192700798285,-81.9406305044589,1,False,False
83b2ddfffffffff,-52.40053780127157,-82.01432493714815,1,False,False
83b2defffffffff,-50.81258191019397,-83.27766443646344,1,False,False
83b2e0fffffffff,-51.4262867971508,-74.77804079073788,1,False,False
83b2e1fffffffff,-52.40823176473227,-74.74807989098188,1,False,False
83b2e2fffffffff,-50.87071104362376,-76.23749680702086,1,False,False
83b2e3fffffffff,-51.85747626591287,-76.22908850325865,1,False,False
83b2e4fffffffff,-50.97157122140863,-73.33633213499444,1,False,False
83b2e5fffffffff,-51.96256260945228,-73.2853816020423,1,False,False
83b2e6fffffffff,-50.43016849561687,-74.80714628953339,1,False,False
83b2e8fffffffff,-53.78820286451859,-76.21151677493239,1,False,False
83b2e9fffffffff,-54.73171451090521,-76.20233040282673,1,False,False
83b2eafffffffff,-53.22799412514311,-77.70057308822956,1,False,False
83b2ebfffffffff,-54.17649566363077,-77.71384358890703,1,False,False
83b2ecfffffffff,-53.3757385807918,-74.7172253350665,1,False,False
83b2edfffffffff,-54.32858304839,-74.68543655321322,1,False,False
83b2eefffffffff,-52.83005507257229,-76.22043220435829,1,False,False
83b2f1fffffffff,-50.29696221355115,-77.66301533720383,1,False,False
83b2f5fffffffff,-49.870044829863744,-76.24566762204816,1,False,False
83b300fffffffff,-42.67335282643252,-60.7665086335198,1,False,False
83b301fffffffff,-43.75386768581844,-60.63662393538227,1,False,False
83b302fffffffff,-42.20543115992805,-62.156228676550185,1,False,False
83b303fffffffff,-43.2928752555146,-62.043796789303926,1,False,False
83b304fffffffff,-42.036394367792994,-59.50788492256835,1,False,False
83b305fffffffff,-43.12180093195245,-59.36387755166797,1,False,False
83b306fffffffff,-41.580752522835496,-60.89331611533584,1,False,False
83b308fffffffff,-45.43016813066584,-61.810553994690544,1,False,False
83b309fffffffff,-46.47897015101964,-61.68953435140798,1,False,False
83b30afffffffff,-44.96333648972734,-63.2389198725015,1,False,False
83b30bfffffffff,-46.019382430387886,-63.13646054363715,1,False,False
83b30cfffffffff,-44.82172468136898,-60.503550018604926,1,False,False
83b30dfffffffff,-45.87639944096722,-60.367169450051975,1,False,False
83b30efffffffff,-44.36797006372638,-61.928605847049646,1,False,False
83b319fffffffff,-46.09435529733786,-63.81731000891329,1,False,False
83b31dfffffffff,-43.89417588701201,-63.33887068029525,1,False,False
83b321fffffffff,-42.88888691449954,-56.70470411436349,1,False,False
83b322fffffffff,-41.38284251579511,-58.268706924998135,1,False,False
83b323fffffffff,-42.47259982584848,-58.11116758838988,1,False,False
83b325fffffffff,-42.211673048402936,-55.481527135941526,1,False,False
83b328fffffffff,-44.61518787731081,-57.78464221785445,1,False,False
83b329fffffffff,-45.66691923533399,-57.6153811162093,1,False,False
83b32afffffffff,-44.19480940267623,-59.21637751956108,1,False,False
83b32bfffffffff,-45.25487058641012,-59.06525823159049,1,False,False
83b32cfffffffff,-43.95821173932058,-56.52605063864041,1,False,False
83b32dfffffffff,-45.01457215626476,-56.34308570645637,1,False,False
83b32efffffffff,-43.55023948331108,-57.94985747636422,1,False,False
83b330fffffffff,-39.83082197685169,-59.78589963495183,1,False,False
83b331fffffffff,-40.93918668919541,-59.6485204785205,1,False,False
83b332fffffffff,-39.36182219727211,-61.13812210445144,1,False,False
83b333fffffffff,-40.4766867606467,-61.0171532589213,1,False,False
83b336fffffffff,-38.71199030820073,-59.920132673551294,1,False,False
83b340fffffffff,-49.95446539097053,-59.78602283707999,1,False,False
83b341fffffffff,-50.937031731433336,-59.63113304802347,1,False,False
83b342fffffffff,-49.54072473521283,-61.30751779761917,1,False,False
83b343fffffffff,-50.53190208993708,-61.17344630144776,1,False,False
83b344fffffffff,-49.35633644214745,-58.42183572794168,1,False,False
83b345fffffffff,-50.34509505346001,-58.2504948767715,1,False,False
83b346fffffffff,-48.956806659497175,-59.936924972496286,1,False,False
83b348fffffffff,-52.46847762471838,-60.89439097461833,1,False,False
83b349fffffffff,-53.41346999915986,-60.749110509538646,1,False,False
83b34afffffffff,-52.548202337124096,-61.350722624892896,1,False,False
83b34bfffffffff,-53.49569945455291,-61.13284774455952,1,False,False
83b34cfffffffff,-51.90425976441962,-59.47209778213747,1,False,False
83b34dfffffffff,-52.85594567070493,-59.30875090957952,1,False,False
83b34efffffffff,-51.50789423050214,-61.035785506090654,1,False,False
83b350fffffffff,-48.090281558929306,-62.92363168089501,1,False,False
83b351fffffffff,-50.63493016962819,-61.49279069691812,1,False,False
83b352fffffffff,-49.22540998970866,-63.26658337633086,1,False,False
83b353fffffffff,-50.24099843095627,-63.07269136081014,1,False,False
83b354fffffffff,-47.5139248753261,-61.56543470013423,1,False,False
83b355fffffffff,-48.53462866635345,-61.43813715397954,1,False,False
83b356fffffffff,-47.0618395605171,-63.031397737653656,1,False,False
83b358fffffffff,-51.19752169987407,-63.146785338311545,1,False,False
83b359fffffffff,-52.16948743845306,-62.9577799679011,1,False,False
83b35afffffffff,-51.826983808361454,-64.27732038537522,1,False,False
83b35bfffffffff,-51.76672294171716,-64.54681535551178,1,False,False
83b35cfffffffff,-50.60652971580001,-61.768924097512645,1,False,False
83b35dfffffffff,-51.58507625071099,-61.562670393645405,1,False,False
83b35efffffffff,-51.24189651193831,-62.873281115008304,1,False,False
83b360fffffffff,-49.101035659338834,-55.5649182204862,1,False,False
83b361fffffffff,-50.08598399741574,-55.35793330672018,1,False,False
83b362fffffffff,-48.73827028709445,-57.08181299842668,1,False,False
83b363fffffffff,-49.732828202036046,-56.89482162648744,1,False,False
83b364fffffffff,-48.45057720913931,-54.26144835089136,1,False,False
83b365fffffffff,-49.440661645058775,-54.04018797848143,1,False,False
83b366fffffffff,-48.1010818703948,-55.7667445028918,1,False,False
83b368fffffffff,-51.67628340762945,-56.50607751289039,1,False,False
83b369fffffffff,-52.7402479549484,-56.47090510717005,1,False,False
83b36afffffffff,-51.31860557080581,-58.07463367861463,1,False,False
83b36bfffffffff,-52.27664203772628,-57.89407430599915,1,False,False
83b36cfffffffff,-51.081231634893214,-55.18251506314174,1,False,False
83b36dfffffffff,-52.14986232637912,-55.113668366110765,1,False,False
83b36efffffffff,-50.71224876756838,-56.70297224221,1,False,False
83b370fffffffff,-47.33419455502564,-58.75162470551333,1,False,False
83b371fffffffff,-48.352598545492135,-58.58882535769979,1,False,False
83b372fffffffff,-46.91741573017883,-60.227359037234855,1,False,False
83b373fffffffff,-47.94434517686596,-60.08398947600752,1,False,False
83b374fffffffff,-46.704955712153634,-57.44192678134228,1,False,False
83b375fffffffff,-47.72886711400662,-57.26412473660868,1,False,False
83b376fffffffff,-46.30148335636201,-58.91038700502648,1,False,False
83b800fffffffff,-46.34790240276367,146.70658506455888,1,False,False
83b801fffffffff,-46.84157401466878,145.38696450547903,1,False,False
83b802fffffffff,-45.24559241696903,146.747432591945,1,False,False
83b803fffffffff,-45.747662815899936,145.45236475518732,1,False,False
83b804fffffffff,-46.94017480180679,148.00186198850471,1,False,False
83b805fffffffff,-47.44733747386312,146.66416858783677,1,False,False
83b806fffffffff,-45.83257990548695,148.01901225985125,1,False,False
83b808fffffffff,-46.68814265771394,142.84645542948525,1,False,False
83b809fffffffff,-47.12645538217996,141.5382623416018,1,False,False
83b80afffffffff,-45.60955780125311,142.95715176408189,1,False,False
83b80bfffffffff,-46.05756845390199,141.67283086592917,1,False,False
83b80cfffffffff,-47.31347043118872,144.06150137298357,1,False,False
83b80dfffffffff,-47.76353920711305,142.7315834070796,1,False,False
83b80efffffffff,-46.22854042090407,144.1516021361436,1,False,False
83b810fffffffff,-43.6107083961752,148.05144850288278,1,False,False
83b811fffffffff,-44.14121652570201,146.7867966010899,1,False,False
83b812fffffffff,-42.49809413569555,148.06680081979837,1,False,False
83b813fffffffff,-43.0355927905604,146.82475643393664,1,False,False
83b814fffffffff,-44.178555576595954,149.3154216923697,1,False,False
83b815fffffffff,-44.72248196494602,148.0355296324433,1,False,False
83b816fffffffff,-43.06002880863412,149.3081747984082,1,False,False
83b818fffffffff,-44.05099510835513,144.32214613630984,1,False,False
83b819fffffffff,-44.52854989144456,143.06389524758313,1,False,False
83b81afffffffff,-42.95995434135905,144.40292766359173,1,False,False
83b81bfffffffff,-43.44589371514155,143.16689319141162,1,False,False
83b81cfffffffff,-44.651303133782434,145.5153866525745,1,False,False
83b81dfffffffff,-45.14078761300313,144.23842530013232,1,False,False
83b81efffffffff,-43.55329570962888,145.57615747334555,1,False,False
83b820fffffffff,-48.631477985860194,149.3472863054172,1,False,False
83b821fffffffff,-49.14460522525585,147.9655114605979,1,False,False
83b822fffffffff,-47.52309441360891,149.33885499837697,1,False,False
83b823fffffffff,-48.044450416651664,147.9840417348092,1,False,False
83b824fffffffff,-49.20693688771564,150.7544551323039,1,False,False
83b825fffffffff,-49.73527412935948,149.35605911552102,1,False,False
83b826fffffffff,-48.095227229430336,150.71808498924187,1,False,False
83b828fffffffff,-49.0189033999318,145.24847006115664,1,False,False
83b829fffffffff,-49.47179085196999,143.8706975440396,1,False,False
83b82afffffffff,-47.93224640434454,145.31904886147052,1,False,False
83b82bfffffffff,-48.39480615290138,143.96793431666623,1,False,False
83b82cfffffffff,-49.63441293573238,146.57425297355064,1,False,False
83b82dfffffffff,-50.10078533151408,145.17506855492468,1,False,False
83b82efffffffff,-48.54310116962712,146.6200910462793,1,False,False
83b830fffffffff,-45.859846710126575,150.64949209398105,1,False,False
83b831fffffffff,-46.41092897074706,149.33074563469484,1,False,False
83b832fffffffff,-44.73784666260174,150.617114681374,1,False,False
83b833fffffffff,-45.295804099899854,149.32294012037573,1,False,False
83b834fffffffff,-46.41323120810216,152.01551039023292,1,False,False
83b835fffffffff,-46.979254616641214,150.68312408469254,1,False,False
83b836fffffffff,-45.28725129251724,151.95683698532014,1,False,False
83b840fffffffff,-49.346881962228686,137.39592677595593,1,False,False
83b841fffffffff,-49.6893785639389,136.0652314357442,1,False,False
83b842fffffffff,-48.31449163644304,137.60901541212175,1,False,False
83b843fffffffff,-48.66878645021208,136.30226602652124,1,False,False
83b844fffffffff,-50.022170472948986,138.5333381053934,1,False,False
83b845fffffffff,-50.37404183421773,137.1747656663052,1,False,False
83b846fffffffff,-48.983289006766185,138.72935177972866,1,False,False
83b848fffffffff,-49.31643256994458,133.70136259369517,1,False,False
83b849fffffffff,-49.61050044801058,132.40982621686837,1,False,False
83b84afffffffff,-48.31498625995125,133.97507040842623,1,False,False
83b84bfffffffff,-48.62151074972666,132.70539497260816,1,False,False
83b84cfffffffff,-50.011100940005406,134.7386870070253,1,False,False
83b84dfffffffff,-50.31242068959875,133.41768812212567,1,False,False
83b84efffffffff,-49.00265486273354,134.99927362072748,1,False,False
83b850fffffffff,-46.89145225962752,139.10018988883263,1,False,False
83b851fffffffff,-47.2775492567804,137.81446004106215,1,False,False
83b852fffffffff,-45.839905020338826,139.27575710360028,1,False,False
83b853fffffffff,-46.23674843020047,138.01265971898744,1,False,False
83b854fffffffff,-47.54353065339095,140.22837950965254,1,False,False
83b855fffffffff,-47.93948405854631,138.91817412829738,1,False,False
83b856fffffffff,-46.48483923383039,140.38674567587665,1,False,False
83b858fffffffff,-46.97091673180911,135.49323357607824,1,False,False
83b859fffffffff,-47.30872305742408,134.23931589342325,1,False,False
83b85afffffffff,-45.94895538602644,135.7275208812602,1,False,False
83b85bfffffffff,-46.29829818569916,134.49457071264655,1,False,False
83b85cfffffffff,-47.64332836028681,136.53084768406006,1,False,False
83b85dfffffffff,-47.98904061978148,135.25063163342668,1,False,False
83b85efffffffff,-46.61368025944415,136.75141374704725,1,False,False
83b860fffffffff,-51.73232326289552,139.531940877743,1,False,False
83b861fffffffff,-52.08246453906614,138.1180490465433,1,False,False
83b862fffffffff,-50.6934162506357,139.7162268032803,1,False,False
83b863fffffffff,-51.05544900472965,138.3297191685173,1,False,False
83b864fffffffff,-52.40330634523856,140.78326742060307,1,False,False
83b865fffffffff,-52.764589208341626,139.3401896190395,1,False,False
83b866fffffffff,-51.35930423895557,140.9463052060441,1,False,False
83b868fffffffff,-51.71334058348152,135.56389224861235,1,False,False
83b869fffffffff,-52.00993487003895,134.18776577834345,1,False,False
83b86afffffffff,-50.704444246222685,135.81927477895903,1,False,False
83b86bfffffffff,-51.01373603105655,134.46836544610252,1,False,False
83b86cfffffffff,-52.41004574289883,136.7063485212141,1,False,False
83b86dfffffffff,-52.71544404031582,135.29854217042708,1,False,False
83b86efffffffff,-51.39531027346725,136.94507149197324,1,False,False
83b870fffffffff,-49.25286197555684,141.25363448016503,1,False,False
83b871fffffffff,-49.64852587402781,139.89347143589987,1,False,False
83b872fffffffff,-48.19179782164517,141.398626852176,1,False,False
83b873fffffffff,-48.59833123798335,140.0640675602783,1,False,False
83b874fffffffff,-49.90177252200758,142.48833430553245,1,False,False
83b875fffffffff,-50.30893032741996,141.10297290396514,1,False,False
83b876fffffffff,-48.83499483347201,142.61229585996648,1,False,False
83b880fffffffff,-38.61709462740994,146.96395606911992,1,False,False
83b881fffffffff,-39.16097335136949,145.7989791178376,1,False,False
83b882fffffffff,-37.51756530847988,146.9959064218112,1,False,False
83b883fffffffff,-38.066858656588806,145.85011699382378,1,False,False
83b884fffffffff,-39.16359052474755,148.1097455573384,1,False,False
83b885fffffffff,-39.719474989399785,146.9309237670976,1,False,False
83b886fffffffff,-38.05598168131564,148.12310923013007,1,False,False
83b888fffffffff,-39.11443398740413,143.54510298362095,1,False,False
83b889fffffffff,-39.61222877786831,142.3877031817024,1,False,False
83b88afffffffff,-38.0352638278204,143.63202519925812,1,False,False
83b88bfffffffff,-38.539829604694965,142.49340467089647,1,False,False
83b88cfffffffff,-39.68731064926505,144.6291041172982,1,False,False
83b88dfffffffff,-40.195858484357416,143.4552809189153,1,False,False
83b88efffffffff,-38.59923889777211,144.69954816184858,1,False,False
83b890fffffffff,-35.85151106438046,148.14854735871458,1,False,False
83b891fffffffff,-36.421683134317576,147.02682710740726,1,False,False
83b892fffffffff,-34.75623409938725,148.1606626137973,1,False,False
83b893fffffffff,-35.3302282042079,147.0567670941779,1,False,False
83b894fffffffff,-36.36961298364045,149.26965242623993,1,False,False
83b895fffffffff,-36.95168804290021,148.13603614182855,1,False,False
83b896fffffffff,-35.265811623638704,149.26395253088688,1,False,False
83b898fffffffff,-36.43200933790569,144.83372036587073,1,False,False
83b899fffffffff,-36.95911115608575,143.71618538326737,1,False,False
83b89afffffffff,-35.35437619222397,144.89765826469122,1,False,False
83b89bfffffffff,-35.886725852021115,143.79771277930757,1,False,False
83b89cfffffffff,-36.97592333239302,145.89960455784615,1,False,False
83b89dfffffffff,-37.51388182077986,144.7677174965674,1,False,False
83b89efffffffff,-35.88894297461329,145.9475203587565,1,False,False
83b8a0fffffffff,-40.82254740869987,149.29443882441822,1,False,False
83b8a1fffffffff,-41.38547789788816,148.08161629779815,1,False,False
83b8a2fffffffff,-39.70529718207446,149.28792378216178,1,False,False
83b8a3fffffffff,-40.273698389611496,148.09592260937046,1,False,False
83b8a4fffffffff,-41.36487851540847,150.5268452912252,1,False,False
83b8a5fffffffff,-41.94107502668575,149.30118498962716,1,False,False
83b8a6fffffffff,-40.241118471771536,150.4988446293796,1,False,False
83b8a8fffffffff,-41.35557195180122,145.69141119144788,1,False,False
83b8a9fffffffff,-41.86846170881746,144.48092169855795,1,False,False
83b8aafffffffff,-40.25747785093256,145.74610706384755,1,False,False
83b8abfffffffff,-40.77731514054231,144.55626979959231,1,False,False
83b8acfffffffff,-41.92954472822152,146.8613858760596,1,False,False
83b8adfffffffff,-42.454448259070666,145.6347955807477,1,False,False
83b8aefffffffff,-40.82389765149317,146.89675363449211,1,False,False
83b8b0fffffffff,-37.99961896356145,150.44566167314903,1,False,False
83b8b1fffffffff,-38.59016974802992,149.28162818567594,1,False,False
83b8b2fffffffff,-36.88357721530396,150.42038640071084,1,False,False
83b8b3fffffffff,-37.47800087214777,149.27554113137265,1,False,False
83b8b4fffffffff,-38.51549694232355,151.646632623449,1,False,False
83b8b5fffffffff,-39.11908036323222,150.47179944823165,1,False,False
83b8b6fffffffff,-37.39240466684728,151.6009740673737,1,False,False
83b8c0fffffffff,-42.04922744352413,138.74009134557338,1,False,False
83b8c1fffffffff,-42.46712210322642,137.56129512007968,1,False,False
83b8c2fffffffff,-40.999896081645566,138.9071815413259,1,False,False
83b8c3fffffffff,-41.42704370749774,137.74739961929976,1,False,False
83b8c4fffffffff,-42.67145158347991,139.76699324789035,1,False,False
83b8c5fffffffff,-43.098308314947104,138.5673882321548,1,False,False
83b8c6fffffffff,-41.613159654553456,139.91988715613294,1,False,False
83b8c8fffffffff,-42.22845650952499,135.4341092422026,1,False,False
83b8c9fffffffff,-42.60296341821493,134.28246561022553,1,False,False
83b8cafffffffff,-41.20738973249341,135.65050792524073,1,False,False
83b8cbfffffffff,-41.591955739596855,134.5165724118531,1,False,False
83b8ccfffffffff,-42.86692647051923,136.3844930326325,1,False,False
83b8cdfffffffff,-43.24877111975118,135.21066955558214,1,False,False
83b8cefffffffff,-41.83653099877731,136.58939584490898,1,False,False
83b8d0fffffffff,-39.49782534939871,140.21095164296483,1,False,False
83b8d1fffffffff,-39.95104468539508,139.06892536828974,1,False,False
83b8d2fffffffff,-38.44226231843503,140.34958383976704,1,False,False
83b8d3fffffffff,-38.90340003930373,139.22557292810598,1,False,False
83b8d4fffffffff,-40.092464332933744,141.2282848324278,1,False,False
83b8d5fffffffff,-40.55503683014968,140.06779388180715,1,False,False
83b8d6fffffffff,-39.02739395345542,141.3527466817733,1,False,False
83b8dcfffffffff,-40.38702366966611,137.9275747722684,1,False,False
83b8ddfffffffff,-40.80578291160066,136.7878035550097,1,False,False
83b8defffffffff,-39.34777776431832,138.10209610262606,1,False,False
83b8e0fffffffff,-44.358712669127335,140.68687779700164,1,False,False
83b8e1fffffffff,-44.78556596318878,139.44520937243266,1,False,False
83b8e2fffffffff,-43.292767700234045,140.8292099714129,1,False,False
83b8e3fffffffff,-43.72916821467901,139.6088578836729,1,False,False
83b8e4fffffffff,-44.98588433725334,141.8026019013547,1,False,False
83b8e5fffffffff,-45.42298630746641,140.5394807604616,1,False,False
83b8e6fffffffff,-43.91216090857147,141.92782624390378,1,False,False
83b8e8fffffffff,-44.54458203319466,137.17010484777433,1,False,False
83b8e9fffffffff,-44.92384024293671,135.9539063482745,1,False,False
83b8eafffffffff,-43.50654076455154,137.36896781490887,1,False,False
83b8ebfffffffff,-43.89626410496194,136.17277638256934,1,False,False
83b8ecfffffffff,-45.19279558443059,138.20398654008662,1,False,False
83b8edfffffffff,-45.58053141499944,136.96437236362752,1,False,False
83b8eefffffffff,-44.14640743267746,138.3887878473447,1,False,False
83b8f0fffffffff,-41.761662116004,142.16555397446027,1,False,False
83b8f1fffffffff,-42.225906386477,140.96673226300436,1,False,False
83b8f2fffffffff,-40.68642752973901,142.2784790315276,1,False,False
83b8f3fffffffff,-41.15888626486519,141.09968292647676,1,False,False
83b8f4fffffffff,-42.36237037889534,143.26633870617908,1,False,False
83b8f5fffffffff,-42.837163570971526,142.04873759248966,1,False,False
83b8f6fffffffff,-41.27876402095573,143.3624118932901,1,False,False
83b900fffffffff,-50.24593774705663,156.66158212651249,1,False,False
83b901fffffffff,-50.848506560107566,155.24223359399568,1,False,False
83b902fffffffff,-49.12332302133552,156.50317867795425,1,False,False
83b903fffffffff,-49.73199215292469,155.11182020493524,1,False,False
83b906fffffffff,-49.61958128906597,158.0600922364997,1,False,False
83b908fffffffff,-50.87793424407648,152.27469535148273,1,False,False
83b90afffffffff,-49.76930275669435,152.2059253173615,1,False,False
83b90bfffffffff,-50.31357497006,150.79232144280368,1,False,False
83b90efffffffff,-50.31701891372226,153.70187071416515,1,False,False
83b910fffffffff,-47.35830471836127,157.69662479554728,1,False,False
83b911fffffffff,-47.99517216713394,156.35108713025878,1,False,False
83b912fffffffff,-46.22068962586233,157.52543319743646,1,False,False
83b913fffffffff,-46.86234877188099,156.20493960867415,1,False,False
83b914fffffffff,-47.83735265723592,159.22528106829267,1,False,False
83b915fffffffff,-48.49156484314986,157.8747042827642,1,False,False
83b916fffffffff,-46.69970214370861,159.02220440336123,1,False,False
83b918fffffffff,-48.08009340533808,153.5110079674796,1,False,False
83b919fffffffff,-48.65509770015538,152.13991050933683,1,False,False
83b91afffffffff,-46.95454373685588,153.42116004812036,1,False,False
83b91bfffffffff,-47.53612986911358,152.07648876492246,1,False,False
83b91cfffffffff,-48.60965846026024,154.9866537998468,1,False,False
83b91dfffffffff,-49.20119691832437,153.6045028182554,1,False,False
83b91efffffffff,-47.48234347586664,154.86642509244555,1,False,False
83b930fffffffff,-49.42922103982572,161.03579999156534,1,False,False
83b932fffffffff,-48.29808428343718,160.79004387527547,1,False,False
83b933fffffffff,-48.970061702738384,159.43659107436582,1,False,False
83b934fffffffff,-49.867633085047856,162.67110549947503,1,False,False
83b936fffffffff,-48.739118133977854,162.3897922580788,1,False,False
83b942fffffffff,-52.87413512804053,146.42505427431288,1,False,False
83b943fffffffff,-53.31049909139807,144.93612927817054,1,False,False
83b948fffffffff,-54.10806031738476,141.93981630049572,1,False,False
83b949fffffffff,-54.469604836584566,140.43647364645807,1,False,False
83b94afffffffff,-53.0669590695858,142.0855008770012,1,False,False
83b94bfffffffff,-53.44028272611359,140.6134657841458,1,False,False
83b94dfffffffff,-55.14112293828527,141.78781279739974,1,False,False
83b94efffffffff,-53.72176286538861,143.44038228212818,1,False,False
83b950fffffffff,-51.32943992222667,147.92614408652858,1,False,False
83b951fffffffff,-51.80065689687878,146.47685603550448,1,False,False
83b952fffffffff,-50.23985578720094,147.94622787292968,1,False,False
83b953fffffffff,-50.72051130882304,146.52654680473873,1,False,False
83b956fffffffff,-50.83369753576795,149.36519460558117,1,False,False
83b958fffffffff,-51.60977175151879,143.66431856383772,1,False,False
83b959fffffffff,-52.01844059054811,142.2252507573483,1,False,False
83b95afffffffff,-50.543685536546334,143.76957144103707,1,False,False
83b95bfffffffff,-50.96315365173417,142.35941977591096,1,False,False
83b95cfffffffff,-52.24728763707008,145.01909295406213,1,False,False
83b95dfffffffff,-52.66935415649297,143.55468179746964,1,False,False
83b95efffffffff,-51.17715243587984,145.09867180799392,1,False,False
83b980fffffffff,-42.30222377850155,155.6733562678462,1,False,False
83b981fffffffff,-42.94071353561848,154.4294878156962,1,False,False
83b982fffffffff,-41.15955782877498,155.5523023197149,1,False,False
83b983fffffffff,-41.80169127296205,154.33006664255743,1,False,False
83b984fffffffff,-42.79085188871859,157.04943447053898,1,False,False
83b985fffffffff,-43.44475770709315,155.79888564161044,1,False,False
83b986fffffffff,-41.64500908494206,156.90217603175788,1,False,False
83b988fffffffff,-43.029511668063606,151.8459018017674,1,False,False
83b989fffffffff,-43.61410939650802,150.5859229522859,1,False,False
83b98afffffffff,-41.8995050140336,151.79341084726994,1,False,False
83b98bfffffffff,-42.48949774730762,150.55585296451585,1,False,False
83b98cfffffffff,-43.55984491525077,153.1714857301485,1,False,False
83b98dfffffffff,-44.15905360796885,151.90034039973133,1,False,False
83b98efffffffff,-42.4252022074957,153.09428593296005,1,False,False
83b990fffffffff,-39.35510212632685,156.62300035967934,1,False,False
83b991fffffffff,-40.01768353891105,155.43548967467055,1,False,False
83b992fffffffff,-38.2129023246372,156.49056256940324,1,False,False
83b993fffffffff,-38.87751972374407,155.3227001919383,1,False,False
83b994fffffffff,-39.82206822782039,157.9527228045065,1,False,False
83b995fffffffff,-40.49944721333987,156.7601211152947,1,False,False
83b996fffffffff,-38.67601077152568,157.79592350254845,1,False,False
83b998fffffffff,-40.15666208555418,152.94797826795573,1,False,False
83b999fffffffff,-40.76991514209786,151.74276493574797,1,False,False
83b99afffffffff,-39.02455062251573,152.87859297291322,1,False,False
83b99bfffffffff,-39.64162140595737,151.69386854333015,1,False,False
83b99cfffffffff,-40.66303812286005,154.23415624508152,1,False,False
83b99dfffffffff,-41.29050954246247,153.0198313221174,1,False,False
83b99efffffffff,-39.52566174030489,154.14157440022197,1,False,False
83b9a0fffffffff,-44.41324546258133,158.63891669454304,1,False,False
83b9a1fffffffff,-45.0796265577905,157.36074033493634,1,False,False
83b9a2fffffffff,-43.26631028242622,158.45787122788195,1,False,False
83b9a3fffffffff,-43.9360368226823,157.20218561911005,1,False,False
83b9a4fffffffff,-44.875080682762125,160.1084171334673,1,False,False
83b9a5fffffffff,-45.55802327724111,158.82689389451895,1,False,False
83b9a6fffffffff,-43.7273328295957,159.8980598055076,1,False,False
83b9a8fffffffff,-45.21622667685164,154.63966017317694,1,False,False
83b9a9fffffffff,-45.82540299821717,153.33475017693286,1,False,False
83b9aafffffffff,-44.07919478076057,154.53261549190054,1,False,False
83b9abfffffffff,-44.69354230418505,153.2515850937071,1,False,False
83b9acfffffffff,-45.72573652577723,156.06439613132667,1,False,False
83b9adfffffffff,-46.35090693546403,154.75084855198264,1,False,False
83b9aefffffffff,-44.586235414846016,155.9291420284732,1,False,False
83b9b0fffffffff,-41.42745930769269,159.49994266893708,1,False,False
83b9b1fffffffff,-42.11816721068805,158.28338444390735,1,False,False
83b9b2fffffffff,-40.27726679743144,159.3113968697835,1,False,False
83b9b3fffffffff,-40.96976920410838,158.115109351832,1,False,False
83b9b4fffffffff,-41.8713295475096,160.91394724749952,1,False,False
83b9b5fffffffff,-42.57780367687064,159.6953706438475,1,False,False
83b9b6fffffffff,-40.71954567736612,160.69840108771606,1,False,False
83bc09fffffffff,-71.97691534366254,-104.56120058011408,1,False,False
83bc0bfffffffff,-73.04642619576296,-104.71218909673075,1,False,False
83bc40fffffffff,-69.10570728773978,-96.30157593094776,1,False,False
83bc41fffffffff,-68.42798811372133,-93.9094128101648,1,False,False
83bc42fffffffff,-70.14484361867655,-95.95949677702956,1,False,False
83bc43fffffffff,-69.45557982023342,-93.44784862180008,1,False,False
83bc44fffffffff,-68.71434050493103,-99.03169412274754,1,False,False
83bc45fffffffff,-68.07937420482487,-96.60877898099857,1,False,False
83bc46fffffffff,-69.74967702763193,-98.84937248619708,1,False,False
83bc48fffffffff,-67.98615258609392,-88.91576591867917,1,False,False
83bc49fffffffff,-67.21400906896582,-86.87673218809186,1,False,False
83bc4afffffffff,-68.99577135451072,-88.19704490507944,1,False,False
83bc4bfffffffff,-68.20660568479722,-86.08135524778268,1,False,False
83bc4cfffffffff,-67.72054041773468,-91.66664803671952,1,False,False
83bc4dfffffffff,-66.9871521675248,-89.56596548798503,1,False,False
83bc4efffffffff,-68.73462952499808,-91.10292466319063,1,False,False
83bc50fffffffff,-71.85873294744238,-98.4162829545818,1,False,False
83bc51fffffffff,-71.196213732124,-95.5762741317633,1,False,False
83bc52fffffffff,-72.93137297236224,-98.15639412794992,1,False,False
83bc53fffffffff,-72.25916938519097,-95.1440516887696,1,False,False
83bc54fffffffff,-71.41029341526324,-101.51183370450184,1,False,False
83bc55fffffffff,-70.7979780188993,-98.645577079011,1,False,False
83bc56fffffffff,-72.47729598356449,-101.460346028744,1,False,False
83bc58fffffffff,-70.7957045254192,-89.77821432754388,1,False,False
83bc59fffffffff,-70.01504149611,-87.39863486651538,1,False,False
83bc5afffffffff,-71.84081828162235,-88.99324257516388,1,False,False
83bc5bfffffffff,-71.04282307675267,-86.50687330840314,1,False,False
83bc5cfffffffff,-70.49498140281449,-92.93306580135744,1,False,False
83bc5dfffffffff,-69.75997142425567,-90.47701750282758,1,False,False
83bc5efffffffff,-71.54544138613188,-92.35539664417952,1,False,False
83bc61fffffffff,-66.68432990567626,-99.34418703026128,1,False,False
83bc62fffffffff,-68.28550782182427,-101.63448325143816,1,False,False
83bc63fffffffff,-67.69242383746573,-99.195762963429,1,False,False
83bc68fffffffff,-66.41074213072581,-94.70262418912635,1,False,False
83bc69fffffffff,-65.72895986552034,-92.64093191914267,1,False,False
83bc6afffffffff,-67.41285546454802,-94.32555377345516,1,False,False
83bc6bfffffffff,-66.71844066963598,-92.17692139141172,1,False,False
83bc6cfffffffff,-66.06704848034188,-97.13786435896236,1,False,False
83bc6dfffffffff,-65.42212971952505,-95.04585117649142,1,False,False
83bc6efffffffff,-67.06634314771448,-96.88616556877103,1,False,False
83bc71fffffffff,-69.31393305503768,-101.59803885224912,1,False,False
83bc72fffffffff,-70.91933426622062,-104.4280326285272,1,False,False
83bc73fffffffff,-70.35567595546877,-101.55741045192624,1,False,False
83bc89fffffffff,-79.67785397338973,-106.3264825707418,1,False,False
83bc99fffffffff,-82.38234620617932,-115.29432251060126,1,False,False
83bcc0fffffffff,-76.61037263959822,-92.67501824282895,1,False,False
83bcc1fffffffff,-75.83802791977978,-89.11632251128039,1,False,False
83bcc2fffffffff,-77.71768468925049,-91.76994692760312,1,False,False
83bcc3fffffffff,-76.92716779831753,-87.95535734796013,1,False,False
83bcc4fffffffff,-76.21394259050732,-97.11681313349064,1,False,False
83bcc5fffffffff,-75.50962412667131,-93.4380396551958,1,False,False
83bcc6fffffffff,-77.32708361914818,-96.64439127098392,1,False,False
83bcc8fffffffff,-75.20767121187748,-81.5980824533188,1,False,False
83bcc9fffffffff,-74.29567606672113,-78.95273910147094,1,False,False
83bccafffffffff,-76.25126501505416,-79.88044246060335,1,False,False
83bccbfffffffff,-75.31378531018932,-77.14948316537051,1,False,False
83bcccfffffffff,-75.01932588450663,-85.931213164962,1,False,False
83bccdfffffffff,-74.16235079465433,-83.08063936670635,1,False,False
83bccefffffffff,-76.08742534936631,-84.58232689835874,1,False,False
83bcd0fffffffff,-79.57605845994287,-95.38556416300942,1,False,False
83bcd1fffffffff,-78.82992360572489,-90.67969624383367,1,False,False
83bcd2fffffffff,-80.7094393719282,-94.52141709220056,1,False,False
83bcd3fffffffff,-79.94501835944473,-89.34205742102152,1,False,False
83bcd4fffffffff,-79.10616318692426,-100.92190635988578,1,False,False
83bcd5fffffffff,-78.44816281861938,-96.07770415252271,1,False,False
83bcd6fffffffff,-80.24229076888622,-100.75758751834935,1,False,False
83bcd8fffffffff,-78.22132134773504,-81.12262544073393,1,False,False
83bcd9fffffffff,-77.2893959036992,-77.87095888068585,1,False,False
83bcdafffffffff,-79.27934926810494,-78.86274703523642,1,False,False
83bcdbfffffffff,-78.31723552258248,-75.49481847863083,1,False,False
83bcdcfffffffff,-78.01894703329603,-86.57591821295918,1,False,False
83bcddfffffffff,-77.15587444636057,-83.00043294046468,1,False,False
83bcdefffffffff,-79.11057891835033,-84.91209413807958,1,False,False
83bce0fffffffff,-74.64626619722868,-101.33435338384854,1,False,False
83bce1fffffffff,-74.01526685641211,-97.85936270802296,1,False,False
83bce2fffffffff,-75.74702310508839,-101.25614278137026,1,False,False
83bce3fffffffff,-75.10971530080809,-97.5166334746875,1,False,False
83bce4fffffffff,-74.12728942020497,-104.88482922395588,1,False,False
83bce5fffffffff,-73.55614769753876,-101.40171789197116,1,False,False
83bce6fffffffff,-75.2188753996789,-105.08413396874418,1,False,False
83bce8fffffffff,-73.67590467733697,-90.95958768463495,1,False,False
83bce9fffffffff,-72.89412068006432,-88.10547473401007,1,False,False
83bceafffffffff,-74.75369422786586,-90.10614405209618,1,False,False
83bcebfffffffff,-73.95419306013159,-87.09382747888372,1,False,False
83bcecfffffffff,-73.33297267901082,-94.65284993017492,1,False,False
83bcedfffffffff,-72.6060880583415,-91.70271045472856,1,False,False
83bceefffffffff,-74.4167808393515,-94.08980237869804,1,False,False
83bcf0fffffffff,-77.4314213485492,-105.591929390144,1,False,False
83bcf1fffffffff,-76.85774461843167,-101.16423769689308,1,False,False
83bcf2fffffffff,-78.55083305226512,-105.92233291237108,1,False,False
83bcf3fffffffff,-77.97771220541168,-101.05469684271397,1,False,False
83bcf4fffffffff,-76.82167212406719,-109.695698452198,1,False,False
83bcf5fffffffff,-76.32050006857548,-105.31679176512412,1,False,False
83bcf6fffffffff,-77.9249950564461,-110.3956957891504,1,False,False
83be08fffffffff,-41.07919050778638,170.3146802952704,1,False,False
83be09fffffffff,-41.89543903833999,169.18274503347038,1,False,False
83be0afffffffff,-39.935035424472,169.93532883003994,1,False,False
83be0bfffffffff,-40.74909364265024,168.8186029771745,1,False,False
83be0dfffffffff,-42.22157327710172,170.70729741376056,1,False,False
83be18fffffffff,-37.96753533040228,170.64681566162588,1,False,False
83be19fffffffff,-38.79017050163185,169.56861349796552,1,False,False
83be1afffffffff,-36.82671008321799,170.27844711506327,1,False,False
83be1bfffffffff,-37.64565183759934,169.21394187924318,1,False,False
83be40fffffffff,-45.402300078007706,165.95743278344278,1,False,False
83be41fffffffff,-46.15558549277539,164.7038174922373,1,False,False
83be42fffffffff,-44.25697766081437,165.63367259271243,1,False,False
83be43fffffffff,-45.01132972178412,164.4001943813049,1,False,False
83be44fffffffff,-45.77286811499443,167.54041182540033,1,False,False
83be45fffffffff,-46.54333944027933,166.2935852250062,1,False,False
83be46fffffffff,-44.63114273596821,167.18481269097964,1,False,False
83be48fffffffff,-46.46449527085364,161.8597576440586,1,False,False
83be49fffffffff,-47.16140003037031,160.55391987492024,1,False,False
83be4afffffffff,-45.320252834085295,161.60982246734017,1,False,False
83be4bfffffffff,-46.02008664721647,160.32688016539095,1,False,False
83be4cfffffffff,-46.88995751274914,163.42435506833243,1,False,False
83be4dfffffffff,-47.60443127954634,162.11955294744797,1,False,False
83be4efffffffff,-45.74749708479067,163.14205530058575,1,False,False
83be50fffffffff,-42.33690420017695,166.51160459477873,1,False,False
83be51fffffffff,-43.10837911448021,165.32165137399767,1,False,False
83be52fffffffff,-41.18644662304162,166.19270971534797,1,False,False
83be53fffffffff,-41.95752026144641,165.0207595851054,1,False,False
83be54fffffffff,-42.69792384313948,168.0251854219647,1,False,False
83be55fffffffff,-43.48547989073492,166.84209848446557,1,False,False
83be56fffffffff,-41.55010168603983,167.67732266879497,1,False,False
83be58fffffffff,-43.45163593165472,162.6085674909249,1,False,False
83be59fffffffff,-44.17266273547139,161.36920552595393,1,False,False
83be5afffffffff,-42.30020372345176,162.35627864308955,1,False,False
83be5bfffffffff,-43.02269560120887,161.13740327648827,1,False,False
83be5cfffffffff,-43.86344419525176,164.1077577048246,1,False,False
83be5dfffffffff,-44.60106338094389,162.870316157966,1,False,False
83be5efffffffff,-42.7129275310789,163.82591485867906,1,False,False
83be60fffffffff,-47.25345146946167,169.54990812863673,1,False,False
83be61fffffffff,-48.04046626927231,168.29316206507409,1,False,False
83be62fffffffff,-46.12199479172716,169.1473011711671,1,False,False
83be63fffffffff,-46.90964221192786,167.9096074484498,1,False,False
83be64fffffffff,-47.5738113549472,171.21229265259214,1,False,False
83be65fffffffff,-48.378274046827045,169.96812183657133,1,False,False
83be66fffffffff,-46.44872003043355,170.77606470690938,1,False,False
83be68fffffffff,-48.429274417459496,165.34721589736822,1,False,False
83be69fffffffff,-49.15911333753937,164.0231367993695,1,False,False
83be6afffffffff,-47.29522426955416,165.01926334213493,1,False,False
83be6bfffffffff,-48.0274789008798,163.71782874698513,1,False,False
83be6cfffffffff,-48.80861165701305,167.0059220022601,1,False,False
83be6dfffffffff,-49.55678387155705,165.68841116779373,1,False,False
83be6efffffffff,-47.67910207095564,166.64283075890145,1,False,False
83be70fffffffff,-44.18059639620093,169.9506425196505,1,False,False
83be71fffffffff,-44.98490639410814,168.75948097878137,1,False,False
83be72fffffffff,-43.03962440167941,169.55986749442866,1,False,False
83be73fffffffff,-43.84320546012282,168.38568127631086,1,False,False
83be74fffffffff,-44.49676869500963,171.53504869744896,1,False,False
83be75fffffffff,-45.31730740625563,170.3557867386628,1,False,False
83be76fffffffff,-43.36111965841166,171.11384952122071,1,False,False
83be89fffffffff,-33.88418478501286,166.8735480801145,1,False,False
83bec0fffffffff,-37.35185307238551,163.9176404556109,1,False,False
83bec1fffffffff,-38.10466862220475,162.79396755991982,1,False,False
83bec2fffffffff,-36.20491941152631,163.6645567557494,1,False,False
83bec3fffffffff,-36.95605752190615,162.5575012194608,1,False,False
83bec4fffffffff,-37.73408966398555,165.29998773335083,1,False,False
83bec5fffffffff,-38.501577616387415,164.1793505584491,1,False,False
83bec6fffffffff,-36.58637779959585,165.0220312834576,1,False,False
83bec8fffffffff,-38.41863635340913,160.28943784565266,1,False,False
83bec9fffffffff,-39.12818967093095,159.1293798700226,1,False,False
83becafffffffff,-37.27144682832555,160.09528594247348,1,False,False
83becbfffffffff,-37.981183377027946,158.9535618210481,1,False,False
83beccfffffffff,-38.8438154999814,161.6513899577152,1,False,False
83becdfffffffff,-39.56832350292404,160.49035790232185,1,False,False
83becefffffffff,-37.69428463348744,161.43231497143807,1,False,False
83bed0fffffffff,-34.30153887970022,164.49280140994313,1,False,False
83bed1fffffffff,-35.061748793434866,163.41968926870746,1,False,False
83bed2fffffffff,-33.16632847732809,164.24070878723768,1,False,False
83bed3fffffffff,-33.923290301605206,163.18265280868997,1,False,False
83bed4fffffffff,-34.66794091664481,165.8228547065807,1,False,False
83bed5fffffffff,-35.441870492255646,164.75310990750157,1,False,False
83bed6fffffffff,-33.531178843481,165.54784427927547,1,False,False
83bed8fffffffff,-35.404941112661106,161.01569474525837,1,False,False
83bed9fffffffff,-36.1277023541118,159.90757011333648,1,False,False
83bedafffffffff,-34.26700640034641,160.81746590841135,1,False,False
83bedbfffffffff,-34.988330899657974,159.72597938242038,1,False,False
83bedcfffffffff,-35.810791383392136,162.32881170102155,1,False,False
83beddfffffffff,-36.54767650467932,161.2205341740767,1,False,False
83bedefffffffff,-34.66982077509016,162.10752850934705,1,False,False
83bee0fffffffff,-39.2510102443405,167.01702266180922,1,False,False
83bee1fffffffff,-40.03513983645688,165.88483251590085,1,False,False
83bee2fffffffff,-38.101821037554494,166.70344391875258,1,False,False
83bee3fffffffff,-38.88401352795526,165.58742860167823,1,False,False
83bee4fffffffff,-39.60164262100045,168.46681044873512,1,False,False
83bee5fffffffff,-40.40078285406077,167.34146473575188,1,False,False
83bee6fffffffff,-38.45413670650829,168.12677491512264,1,False,False
83bee8fffffffff,-40.408025445262254,163.29183756563094,1,False,False
83bee9fffffffff,-41.14776072032255,162.11295516234995,1,False,False
83beeafffffffff,-39.255653645055226,163.03860578933572,1,False,False
83beebfffffffff,-39.99530127625071,161.87813582766717,1,False,False
83beecfffffffff,-40.80542128925587,164.7304279427562,1,False,False
83beedfffffffff,-41.56078529833509,163.55411335352025,1,False,False
83beeefffffffff,-39.65310210171665,164.45012425866545,1,False,False
83bef0fffffffff,-36.16311619061784,167.47978036743208,1,False,False
83bef1fffffffff,-36.95424195746604,166.4002097602324,1,False,False
83bef2fffffffff,-35.02164203244095,167.1718046484787,1,False,False
83bef3fffffffff,-35.80928460320428,166.10683278657137,1,False,False
83bef4fffffffff,-36.50252438501711,168.8707561374393,1,False,False
83bef5fffffffff,-37.30761818990457,167.79793947671618,1,False,False
83bef6fffffffff,-35.36181725419274,168.53853068681929,1,False,False
83bf48fffffffff,-48.35927484826293,173.63808331466663,1,False,False
83bf49fffffffff,-49.18502326032832,172.41396896011312,1,False,False
83bf4afffffffff,-47.25125360150484,173.1477222466517,1,False,False
83bf4bfffffffff,-48.07726622505337,171.93974154295097,1,False,False
83bf4cfffffffff,-48.61571244911313,175.35233726088072,1,False,False
83bf4dfffffffff,-49.45827815936978,174.14698798689298,1,False,False
83bf59fffffffff,-46.75217384780726,172.4244694823962,1,False,False
83bf5bfffffffff,-45.6274671382345,171.9716529233663,1,False,False
83bf69fffffffff,-50.78358903271235,176.45949199841382,1,False,False
83bf6bfffffffff,-49.70497474910156,175.89560841016012,1,False,False
83c200fffffffff,-62.79241215047217,-79.82919811189424,1,False,False
83c202fffffffff,-63.43172964041293,-78.85490467337179,1,False,False
83c203fffffffff,-62.5671953670541,-78.21016809576761,1,False,False
83c204fffffffff,-62.519691620752496,-81.41190141387084,1,False,False
83c205fffffffff,-62.01637961604146,-79.77552371427099,1,False,False
83c206fffffffff,-63.40148003745534,-80.89349250294623,1,False,False
83c210fffffffff,-64.78216156445252,-78.95529991638773,1,False,False
83c211fffffffff,-64.07592625651824,-77.81681546149724,1,False,False
83c212fffffffff,-65.45028923237628,-77.84824781087133,1,False,False
83c213fffffffff,-64.72411976454407,-76.70920580164099,1,False,False
83c214fffffffff,-64.80611774707262,-81.19995389088186,1,False,False
83c215fffffffff,-64.11857355323144,-79.98981421574084,1,False,False
83c218fffffffff,-62.98474366189772,-75.40093384103781,1,False,False
83c219fffffffff,-62.04669017209776,-74.9616155028344,1,False,False
83c21afffffffff,-63.64991785775248,-74.14139181783085,1,False,False
83c21bfffffffff,-62.70233733616389,-73.72712621417566,1,False,False
83c21cfffffffff,-63.24239012652027,-77.07488839562691,1,False,False
83c21dfffffffff,-62.31881034791154,-76.58677549527775,1,False,False
83c21efffffffff,-63.91790807192984,-75.86760431738884,1,False,False
83c220fffffffff,-62.46480862224499,-82.89261449550835,1,False,False
83c221fffffffff,-60.80712611850695,-81.2952889357943,1,False,False
83c222fffffffff,-63.324080493468266,-82.98694611182408,1,False,False
83c223fffffffff,-61.66972358481104,-81.35240805713508,1,False,False
83c224fffffffff,-62.136068937205465,-84.49576042211488,1,False,False
83c225fffffffff,-61.59273992155806,-82.80227612491674,1,False,False
83c226fffffffff,-63.00435983307288,-84.62523822021132,1,False,False
83c228fffffffff,-60.94970102510924,-78.03808562833497,1,False,False
83c229fffffffff,-60.64842349467974,-76.35834421318329,1,False,False
83c22afffffffff,-61.74923455345097,-78.0622903219962,1,False,False
83c22bfffffffff,-61.45667846414135,-76.35496141397297,1,False,False
83c22cfffffffff,-60.42042221879324,-79.67329633188392,1,False,False
83c22dfffffffff,-60.13532293532591,-78.01465073295982,1,False,False
83c22efffffffff,-61.22575098698095,-79.72358401309106,1,False,False
83c230fffffffff,-64.80683687258113,-83.87595445701393,1,False,False
83c231fffffffff,-63.10727487060431,-82.66659333842712,1,False,False
83c232fffffffff,-64.62741595330195,-83.22913575394936,1,False,False
83c233fffffffff,-64.01349316211127,-82.02494127089923,1,False,False
83c234fffffffff,-64.47144576575381,-85.75809610953877,1,False,False
83c235fffffffff,-63.88671240682128,-84.47688429829567,1,False,False
83c236fffffffff,-65.40636969548989,-85.18572433642483,1,False,False
83c288fffffffff,-65.29007981357029,-67.9818783668483,1,False,False
83c289fffffffff,-64.30295286143814,-67.73626531274353,1,False,False
83c28bfffffffff,-64.92482261664446,-66.11880436457864,1,False,False
83c28cfffffffff,-65.62582487293764,-69.86104695003566,1,False,False
83c28dfffffffff,-64.65176178286517,-69.55101601071009,1,False,False
83c2a8fffffffff,-65.26447900352454,-73.21297789644072,1,False,False
83c2a9fffffffff,-64.31291413006942,-72.80239645836028,1,False,False
83c2abfffffffff,-64.97214238055096,-71.37779473169688,1,False,False
83c2acfffffffff,-65.37528300665831,-75.52576723162068,1,False,False
83c2adfffffffff,-64.59243210235792,-74.58242212538605,1,False,False
83c2c0fffffffff,-60.71157716532418,-68.49527460290705,1,False,False
83c2c1fffffffff,-59.71866419362413,-68.2694948744933,1,False,False
83c2c2fffffffff,-61.31629423605663,-67.08977240053555,1,False,False
83c2c3fffffffff,-60.31439067944988,-66.89992921513996,1,False,False
83c2c4fffffffff,-61.083118905703074,-70.10158745295156,1,False,False
83c2c5fffffffff,-60.10196568120077,-69.82859267742876,1,False,False
83c2c6fffffffff,-61.7019725668395,-68.73492074834392,1,False,False
83c2c8fffffffff,-58.30486625888705,-66.55226132118031,1,False,False
83c2c9fffffffff,-57.43287996278039,-66.70582083770502,1,False,False
83c2cafffffffff,-58.87693096750041,-65.18543368481919,1,False,False
83c2cbfffffffff,-57.86138721885784,-65.06041624704038,1,False,False
83c2ccfffffffff,-58.759047728180725,-68.14175528632744,1,False,False
83c2cdfffffffff,-57.89461698990748,-68.27200667672876,1,False,False
83c2cefffffffff,-59.31036768102594,-66.72106641069003,1,False,False
83c2d0fffffffff,-62.92175684426234,-65.76709323968603,1,False,False
83c2d1fffffffff,-61.9144406583473,-65.60789666616597,1,False,False
83c2d2fffffffff,-63.518977047409344,-64.1565863485983,1,False,False
83c2d3fffffffff,-62.504180300394125,-64.0454002413894,1,False,False
83c2d4fffffffff,-63.3112021578522,-67.50668877671325,1,False,False
83c2d5fffffffff,-62.31544161825461,-67.2916345329945,1,False,False
83c2d6fffffffff,-63.92542379362332,-65.93702250311091,1,False,False
83c2d8fffffffff,-60.46528091384344,-63.84338568884981,1,False,False
83c2d9fffffffff,-59.44246645278782,-63.75135268465626,1,False,False
83c2dafffffffff,-61.030261747883216,-62.29410052114535,1,False,False
83c2dbfffffffff,-59.99978061106088,-62.24686423690386,1,False,False
83c2dcfffffffff,-60.90410455245677,-65.45844934074907,1,False,False
83c2ddfffffffff,-59.89138646045849,-65.31788416012854,1,False,False
83c2defffffffff,-61.48606839243731,-63.94121339406461,1,False,False
83c2e0fffffffff,-60.79451123738477,-72.96984642070926,1,False,False
83c2e1fffffffff,-59.96940534734724,-73.02739838823179,1,False,False
83c2e2fffffffff,-61.42926214534308,-71.71643395405879,1,False,False
83c2e3fffffffff,-60.46048714273672,-71.39614099281519,1,False,False
83c2e4fffffffff,-61.13848422391123,-74.65651762961934,1,False,False
83c2e5fffffffff,-60.32170205561936,-74.68719811049745,1,False,False
83c2e6fffffffff,-61.75032411599632,-73.33730030376002,1,False,False
83c2e8fffffffff,-58.74287123063556,-71.46282974076982,1,False,False
83c2e9fffffffff,-57.87881239771773,-71.54157512723631,1,False,False
83c2eafffffffff,-59.187993033958605,-69.75225344610037,1,False,False
83c2ebfffffffff,-58.33135396801066,-69.8583708287684,1,False,False
83c2ecfffffffff,-59.12903363360793,-73.08313885823229,1,False,False
83c2edfffffffff,-58.273342596515015,-73.13715193248706,1,False,False
83c2eefffffffff,-59.59148837861846,-71.3815829571625,1,False,False
83c2f0fffffffff,-63.03600232166576,-70.69938735926853,1,False,False
83c2f1fffffffff,-62.06134099893186,-70.39132792754855,1,False,False
83c2f2fffffffff,-63.67268855010801,-69.26121573745992,1,False,False
83c2f3fffffffff,-62.6892186199955,-68.98974198860512,1,False,False
83c2f4fffffffff,-63.35610496447614,-72.41761845803869,1,False,False
83c2f5fffffffff,-62.39467813413175,-72.05631719568012,1,False,False
83c2f6fffffffff,-64.00647674389486,-71.02754016784289,1,False,False
83c300fffffffff,-61.4735460135309,-91.07831777408332,1,False,False
83c301fffffffff,-61.00074028922796,-89.25381004713971,1,False,False
83c302fffffffff,-62.36145818860949,-91.35312087021464,1,False,False
83c303fffffffff,-61.89455742222884,-89.48499470083215,1,False,False
83c304fffffffff,-61.02673657753601,-92.65453173173104,1,False,False
83c305fffffffff,-60.57174577992596,-90.81496082113328,1,False,False
83c306fffffffff,-61.922162964052205,-92.9616222587052,1,False,False
83c308fffffffff,-60.89247175687915,-85.9347094919421,1,False,False
83c309fffffffff,-60.36072059528233,-84.25284246588852,1,False,False
83c30afffffffff,-61.7826803092958,-86.09193559706543,1,False,False
83c30bfffffffff,-61.25480714990135,-84.37174081111695,1,False,False
83c30cfffffffff,-60.505421311294846,-87.48891406872998,1,False,False
83c30dfffffffff,-59.989275465402216,-85.78394059170539,1,False,False
83c30efffffffff,-61.40432247521324,-87.67872768905661,1,False,False
83c310fffffffff,-63.822471458149856,-92.7570031212484,1,False,False
83c311fffffffff,-63.29282298563035,-91.26498062938906,1,False,False
83c312fffffffff,-64.80607258742027,-92.44841481000584,1,False,False
83c313fffffffff,-64.2629094206946,-90.90912909825296,1,False,False
83c314fffffffff,-63.35292011334939,-94.56973695211283,1,False,False
83c315fffffffff,-62.84304368882879,-93.0434047252275,1,False,False
83c316fffffffff,-64.34531700343214,-94.33394563937568,1,False,False
83c318fffffffff,-63.16197790864021,-88.08362509625813,1,False,False
83c319fffffffff,-62.65973905056153,-86.2560402854245,1,False,False
83c31afffffffff,-64.10725002735263,-87.61927000667112,1,False,False
83c31bfffffffff,-63.53820720074408,-86.29053142847457,1,False,False
83c31cfffffffff,-62.77468985155079,-89.7263383557642,1,False,False
83c31dfffffffff,-62.28989148157942,-87.87678346571397,1,False,False
83c31efffffffff,-63.7143175851367,-89.45596965650418,1,False,False
83c320fffffffff,-59.63711261347356,-93.88720272113147,1,False,False
83c321fffffffff,-59.19382074972968,-92.07751661240296,1,False,False
83c322fffffffff,-60.55407943005638,-94.21156635975272,1,False,False
83c323fffffffff,-60.11721970402096,-92.360079803297,1,False,False
83c324fffffffff,-59.13144546085964,-95.39451280636564,1,False,False
83c325fffffffff,-58.706086261976736,-93.57576859245732,1,False,False
83c326fffffffff,-60.05559620490862,-95.74751453172571,1,False,False
83c328fffffffff,-59.17275554622108,-88.81948223271522,1,False,False
83c329fffffffff,-58.66837082083041,-87.13205227236801,1,False,False
83c32afffffffff,-60.09340689133379,-89.03216324943435,1,False,False
83c32bfffffffff,-59.5933674800844,-87.30684251050975,1,False,False
83c32cfffffffff,-58.72726301543082,-90.31987858562144,1,False,False
83c32dfffffffff,-58.23901576487698,-88.61523929417788,1,False,False
83c32efffffffff,-59.656245288709805,-90.5623599311405,1,False,False
83c330fffffffff,-61.86022669676032,-96.49856828962751,1,False,False
83c331fffffffff,-61.45675657015139,-94.54965959999252,1,False,False
83c332fffffffff,-62.85472805623992,-96.34480268662172,1,False,False
83c333fffffffff,-62.3653554086101,-94.78867590930864,1,False,False
83c334fffffffff,-63.32190069920795,-109.82709216400524,1,False,False
83c335fffffffff,-60.96526374866146,-96.11523058590812,1,False,False
83c336fffffffff,-62.32846217617819,-98.08006478498912,1,False,False
83c340fffffffff,-57.05073681432075,-79.4871850247561,1,False,False
83c341fffffffff,-56.72813559648728,-77.92791871614983,1,False,False
83c342fffffffff,-57.9154943783732,-79.53159379864847,1,False,False
83c343fffffffff,-57.60244766187512,-77.94861438998406,1,False,False
83c344fffffffff,-56.47949102029823,-80.9831158755297,1,False,False
83c345fffffffff,-56.17108387512791,-79.44408496752543,1,False,False
83c346fffffffff,-57.349295955196176,-81.04924987019257,1,False,False
83c348fffffffff,-56.902782997299305,-74.80065322707166,1,False,False
83c349fffffffff,-56.51591703810855,-73.24030708043477,1,False,False
83c34afffffffff,-57.78035766666521,-74.77359424013828,1,False,False
83c34bfffffffff,-57.40230403507244,-73.189516591994,1,False,False
83c34cfffffffff,-56.38126661618385,-76.37374348373838,1,False,False
83c34dfffffffff,-56.00998118662173,-74.82690704057471,1,False,False
83c34efffffffff,-57.264931910784334,-76.37085029242493,1,False,False
83c350fffffffff,-59.04454458018303,-81.18762712027677,1,False,False
83c351fffffffff,-58.76534622160811,-79.57737176028319,1,False,False
83c352fffffffff,-59.93201797368433,-81.24040481239044,1,False,False
83c353fffffffff,-59.60030854068455,-79.62458316094123,1,False,False
83c354fffffffff,-59.81076642333154,-82.63260764734603,1,False,False
83c355fffffffff,-58.20431406750637,-81.11738947268874,1,False,False
83c356fffffffff,-60.708006078418194,-82.7156831146243,1,False,False
83c358fffffffff,-58.98687942517285,-76.36479266562523,1,False,False
83c359fffffffff,-58.64268964629318,-74.74569247500362,1,False,False
83c35afffffffff,-59.825180928507805,-76.36161961900739,1,False,False
83c35bfffffffff,-59.48979152325356,-74.71690794896885,1,False,False
83c35cfffffffff,-58.46174078397729,-77.96994799891198,1,False,False
83c35dfffffffff,-58.13347079666702,-76.36786807741528,1,False,False
83c35efffffffff,-59.30602168955068,-77.99194949455844,1,False,False
83c360fffffffff,-56.10096176545558,-82.33152218730785,1,False,False
83c361fffffffff,-55.79482437286296,-80.79429184181629,1,False,False
83c362fffffffff,-57.04604265881576,-82.40246920570341,1,False,False
83c363fffffffff,-56.69414428047103,-80.85593867506122,1,False,False
83c364fffffffff,-55.70509011906776,-83.72513277757045,1,False,False
83c365fffffffff,-55.19734882745399,-82.24865900418662,1,False,False
83c366fffffffff,-56.66007197718002,-83.82261755759495,1,False,False
83c368fffffffff,-56.02955254284925,-77.7416160258046,1,False,False
83c369fffffffff,-55.66042283182362,-76.19286054691547,1,False,False
83c36afffffffff,-55.8388255858802,-77.90783279000581,1,False,False
83c36bfffffffff,-55.48250767332178,-76.3765515789598,1,False,False
83c36cfffffffff,-55.46471539735799,-79.25889226834978,1,False,False
83c36dfffffffff,-55.11039861144024,-77.7275183169245,1,False,False
83c36efffffffff,-56.37406699662032,-79.29672966228178,1,False,False
83c370fffffffff,-58.53480168580859,-84.0291946555374,1,False,False
83c371fffffffff,-57.97955164020234,-82.47618672033096,1,False,False
83c372fffffffff,-59.45398397624866,-84.13875555073315,1,False,False
83c373fffffffff,-58.90120901753209,-82.5528399865546,1,False,False
83c374fffffffff,-58.14471648518761,-85.50025341444262,1,False,False
83c375fffffffff,-57.60340880604122,-83.92389644225304,1,False,False
83c376fffffffff,-59.07328298618225,-85.63924107410394,1,False,False
83c3a9fffffffff,-65.05506637208784,-87.12001305605779,1,False,False
83c3acfffffffff,-65.23644604385561,-90.5255929328308,1,False,False
83c3adfffffffff,-64.67386245300114,-89.0290332170871,1,False,False
83c4dafffffffff,-78.21191662309312,-113.26876938919712,1,False,False
83c980fffffffff,-56.08123682015109,134.603339335213,1,False,False
83c981fffffffff,-56.97836288959635,133.8823551498486,1,False,False
83c982fffffffff,-55.35794491716688,133.4627915245345,1,False,False
83c983fffffffff,-56.23672603699593,132.72632012667577,1,False,False
83c984fffffffff,-55.89751514578926,136.46390822061065,1,False,False
83c985fffffffff,-56.80378358707622,135.804556351137,1,False,False
83c986fffffffff,-55.192911796454375,135.28189491583538,1,False,False
83c98afffffffff,-57.2377645022596,129.99458051142716,1,False,False
83c98efffffffff,-57.12316856189802,131.94426901741744,1,False,False
83c990fffffffff,-53.78283045156403,133.08693568597857,1,False,False
83c991fffffffff,-54.63523060728885,132.37926853133823,1,False,False
83c992fffffffff,-53.07975270445527,132.06758088840525,1,False,False
83c993fffffffff,-53.914289490924666,131.34931763773054,1,False,False
83c994fffffffff,-53.62636275180039,134.81323487647165,1,False,False
83c995fffffffff,-54.48759715179956,134.1573317125656,1,False,False
83c996fffffffff,-52.93918421750162,133.7564588841683,1,False,False
83c998fffffffff,-55.60584262887064,129.78816853515636,1,False,False
83c99afffffffff,-54.85133787876936,128.7947108880755,1,False,False
83c99cfffffffff,-55.49571139084693,131.63033771477126,1,False,False
83c99dfffffffff,-56.36350972464829,130.83670556619523,1,False,False
83c99efffffffff,-54.7565698490897,130.59058970880426,1,False,False
83c9a0fffffffff,-56.36781667340963,139.5852823126229,1,False,False
83c9a2fffffffff,-55.6861735496248,138.30437729777688,1,False,False
83c9a3fffffffff,-56.600022337666736,137.70680238364028,1,False,False
83c9a6fffffffff,-55.44795458275083,140.12134078101528,1,False,False
83c9b0fffffffff,-54.11517508862492,137.66859261995145,1,False,False
83c9b1fffffffff,-55.00111305061455,137.08417285152618,1,False,False
83c9b2fffffffff,-53.41762795724866,136.45806252665122,1,False,False
83c9b3fffffffff,-54.31407151331814,135.92148551026804,1,False,False
83c9b4fffffffff,-53.78957975786142,139.14051459262302,1,False,False
83c9b5fffffffff,-54.78317472710694,138.8663469623298,1,False,False
83c9b6fffffffff,-53.10257840308006,137.89784672373412,1,False,False
83ce10fffffffff,-55.47525593509299,-104.8047984603831,1,False,False
83ce12fffffffff,-56.20615517536695,-103.60125557819023,1,False,False
83ce13fffffffff,-55.24528373273253,-102.95148937024476,1,False,False
83ce16fffffffff,-56.42609698609307,-105.4947132750278,1,False,False
83ce80fffffffff,-54.88202999091484,-89.4400266158611,1,False,False
83ce81fffffffff,-53.890074429456,-89.2401472763481,1,False,False
83ce82fffffffff,-55.36205240414476,-88.04844298188885,1,False,False
83ce83fffffffff,-54.378915608876106,-87.87342587892873,1,False,False
83ce84fffffffff,-55.36670094076069,-91.05304446706909,1,False,False
83ce85fffffffff,-54.3781629724512,-90.8205018489385,1,False,False
83ce86fffffffff,-55.86209749286878,-89.64748840825662,1,False,False
83ce88fffffffff,-52.37876418826474,-87.54205844621193,1,False,False
83ce89fffffffff,-51.36265550218497,-87.38506122574883,1,False,False
83ce8afffffffff,-52.862426401982994,-86.21450844926736,1,False,False
83ce8bfffffffff,-51.85545850342263,-86.08039694867801,1,False,False
83ce8cfffffffff,-52.88665547799637,-89.0474467663239,1,False,False
83ce8dfffffffff,-51.87223397597245,-88.8615492923063,1,False,False
83ce8efffffffff,-53.38434112702137,-87.70474268549683,1,False,False
83ce90fffffffff,-56.78054692607225,-86.80264736744586,1,False,False
83ce91fffffffff,-55.81830081141139,-86.64727612625038,1,False,False
83ce92fffffffff,-57.20382975244284,-85.36664749766071,1,False,False
83ce93fffffffff,-56.2509090673206,-85.23811805300552,1,False,False
83ce94fffffffff,-57.29244942810135,-88.41894692863319,1,False,False
83ce95fffffffff,-56.33335180639932,-88.2301541113994,1,False,False
83ce96fffffffff,-57.73067267956464,-86.9641181972853,1,False,False
83ce98fffffffff,-54.310277441097206,-84.99517826204978,1,False,False
83ce99fffffffff,-53.323306911663096,-84.88026224264588,1,False,False
83ce9afffffffff,-54.73879498732448,-83.6312333544262,1,False,False
83ce9bfffffffff,-53.76155154701741,-83.54072554077536,1,False,False
83ce9cfffffffff,-54.84427564724593,-86.49766742216505,1,False,False
83ce9dfffffffff,-53.85884728855029,-86.35350843482848,1,False,False
83ce9efffffffff,-55.28627390144254,-85.11438237022566,1,False,False
83cea0fffffffff,-55.29557205940343,-94.11371949994157,1,False,False
83cea1fffffffff,-54.30347907757168,-93.8228227001484,1,False,False
83cea2fffffffff,-55.8314433062005,-92.71190327662772,1,False,False
83cea3fffffffff,-54.84714483277674,-92.44529965161568,1,False,False
83cea4fffffffff,-58.08347017367137,-104.97783065948344,1,False,False
83cea5fffffffff,-57.15241029441045,-104.27626871797028,1,False,False
83cea6fffffffff,-56.27478953134182,-94.41568671700628,1,False,False
83cea8fffffffff,-52.84178695636904,-91.94074940647296,1,False,False
83ceaafffffffff,-53.37769549656111,-90.59638197598416,1,False,False
83ceabfffffffff,-52.36574917099226,-90.38024187856765,1,False,False
83ceacfffffffff,-55.958463633182006,-101.7366628891402,1,False,False
83ceadfffffffff,-54.988533457227454,-101.12723757451754,1,False,False
83ceaefffffffff,-53.85044595903938,-92.18841923024154,1,False,False
83ceb0fffffffff,-57.3063689085121,-91.54533694967196,1,False,False
83ceb1fffffffff,-56.342895443594,-91.29448561919502,1,False,False
83ceb2fffffffff,-57.78504945367297,-90.08692880891952,1,False,False
83ceb3fffffffff,-56.82988830452381,-89.86296669427665,1,False,False
83ceb4fffffffff,-57.7612627715811,-93.27652335376963,1,False,False
83ceb5fffffffff,-56.802938169954565,-92.98878057599086,1,False,False
83ceb6fffffffff,-58.256779584827925,-91.8061493305356,1,False,False
83cf80fffffffff,-59.46096081234858,-111.83461364650272,1,False,False
83cf81fffffffff,-58.58451598405653,-110.977105370394,1,False,False
83cf82fffffffff,-60.21156082007223,-110.62004788084523,1,False,False
83cf83fffffffff,-59.33886325347514,-109.7724535520838,1,False,False
83cf86fffffffff,-60.319184553230265,-112.72447107113112,1,False,False
83cf88fffffffff,-57.54121938401271,-108.1705631582075,1,False,False
83cf89fffffffff,-56.61732184492886,-107.41348733188474,1,False,False
83cf8afffffffff,-58.281316784740255,-106.9551653742776,1,False,False
83cf8bfffffffff,-57.36164225037039,-106.21106494996268,1,False,False
83cf8cfffffffff,-57.6903511630341,-110.1505776500517,1,False,False
83cf8efffffffff,-58.448579467753305,-108.9564315127238,1,False,False
83cf90fffffffff,-61.7908301546626,-110.2376311714074,1,False,False
83cf91fffffffff,-60.93980860421552,-109.3680773464732,1,False,False
83cf92fffffffff,-62.49259475341858,-108.9346616344327,1,False,False
83cf93fffffffff,-61.64519685910162,-108.07819867549613,1,False,False
83cf94fffffffff,-61.90229266759438,-112.41590865620944,1,False,False
83cf95fffffffff,-61.06618960754155,-111.5006896338114,1,False,False
83cf96fffffffff,-62.62352721898012,-111.14250365064169,1,False,False
83cf98fffffffff,-59.89783654774357,-106.46617385777516,1,False,False
83cf99fffffffff,-58.9987857279293,-105.7073158016708,1,False,False
83cf9afffffffff,-58.193064402910096,-95.05538479421172,1,False,False
83cf9bfffffffff,-57.24073897001451,-94.72935078033882,1,False,False
83cf9cfffffffff,-60.070902581921416,-108.53219192380796,1,False,False
83cf9dfffffffff,-59.18457563684588,-107.72839254034682,1,False,False
83cf9efffffffff,-60.78012946402365,-107.2559323479652,1,False,False
83cfb0fffffffff,-61.21702547036792,-115.80435061529244,1,False,False
83cfb1fffffffff,-60.39333838184591,-114.83992898846996,1,False,False
83cfb2fffffffff,-62.01172438618097,-114.53002487692063,1,False,False
83cfb3fffffffff,-61.15871384208237,-113.64808892245216,1,False,False
83cfb4fffffffff,-61.37318046346784,-117.70333767273009,1,False,False
83cfb6fffffffff,-62.19151714446739,-116.45197349906896,1,False,False
83d16cfffffffff,-65.0818652318247,-97.36727722436532,1,False,False
83d16dfffffffff,-65.69041143523025,-99.47910046308498,1,False,False
83d890fffffffff,-49.67589349508989,169.4267947041473,1,False,False
83d892fffffffff,-48.5616204135158,169.0062027590417,1,False,False
83d893fffffffff,-49.33375947343154,167.72151384788597,1,False,False
83d894fffffffff,-49.99276603634818,171.1560460738957,1,False,False
83d896fffffffff,-48.88587489416686,170.69946678815464,1,False,False
83d8b2fffffffff,-50.28349302614357,172.9065650056977,1,False,False
83d8b6fffffffff,-50.54731135812402,174.67542336529277,1,False,False
83de1bfffffffff,-72.62458082223911,-116.04980268083146,1,False,False
83de48fffffffff,-64.34626826594052,-97.87633636692354,1,False,False
83de49fffffffff,-63.854657358570805,-96.17930040089524,1,False,False
83de4bfffffffff,-64.85942008190192,-96.00066745852958,1,False,False
83de4cfffffffff,-65.51056850963175,-112.93471394735174,1,False,False
83de4dfffffffff,-63.33467438025554,-97.98204806465462,1,False,False
83de4efffffffff,-66.500596384036,-113.5639085870579,1,False,False
83de68fffffffff,-63.76760852912992,-113.77986065873424,1,False,False
83de69fffffffff,-63.53953942275028,-111.8177856552154,1,False,False
83de6afffffffff,-64.75256936193432,-114.40345859379644,1,False,False
83de6bfffffffff,-64.52325511774579,-112.35447042830609,1,False,False
83de6cfffffffff,-62.99001179842862,-115.1449299204826,1,False,False
83de6dfffffffff,-62.786232755923805,-113.20182625910276,1,False,False
83de6efffffffff,-63.97187330863467,-115.80688720494578,1,False,False
83de88fffffffff,-76.8441054912887,-119.95628388112362,1,False,False
83de89fffffffff,-76.50160396218561,-115.76878564048326,1,False,False
83de8bfffffffff,-77.5534778513539,-116.76902684831032,1,False,False
83de8cfffffffff,-76.08874730274816,-122.8534871495285,1,False,False
83de8dfffffffff,-75.79742076474548,-118.76905628298016,1,False,False
83dec4fffffffff,-73.51988434995103,-107.64981535042944,1,False,False
83dec6fffffffff,-74.58180103346217,-107.9115195996484,1,False,False
83ded0fffffffff,-76.70267073292584,-108.55642478379288,1,False,False
83ded4fffffffff,-76.09860199960379,-111.85102814649044,1,False,False
83ded5fffffffff,-75.64300110954031,-108.21082007288662,1,False,False
83ded6fffffffff,-77.15730906026619,-112.5032919287138,1,False,False
83dee2fffffffff,-72.90869825318191,-110.36889068820408,1,False,False
83dee6fffffffff,-72.25489097375353,-112.93346879744556,1,False,False
83def0fffffffff,-74.38346821505858,-114.1636029431596,1,False,False
83def1fffffffff,-73.97329719418354,-110.79907025495396,1,False,False
83def2fffffffff,-75.44445956392482,-114.90948107741607,1,False,False
83def3fffffffff,-75.03692056694801,-111.28872847555633,1,False,False
83def4fffffffff,-73.68604553560138,-116.84180517568244,1,False,False
83def5fffffffff,-73.31989517219942,-113.51029328090692,1,False,False
83def6fffffffff,-74.74416028157759,-117.74067408307636,1,False,False
83e100fffffffff,-71.43020272229275,110.90708869225574,1,False,False
83e101fffffffff,-72.35761898124142,109.09656969344633,1,False,False
83e102fffffffff,-70.45173806973145,109.19216959170028,1,False,False
83e103fffffffff,-71.37083227155841,107.39654647371648,1,False,False
83e104fffffffff,-71.42415754224038,114.44678424275656,1,False,False
83e105fffffffff,-72.38630515995386,112.79304746698638,1,False,False
83e106fffffffff,-70.47660897807677,112.56712897391036,1,False,False
83e108fffffffff,-73.12013430658934,103.32703940466745,1,False,False
83e109fffffffff,-73.94478288869257,101.0209696553534,1,False,False
83e10cfffffffff,-73.25634214048708,107.1182940227953,1,False,False
83e10dfffffffff,-74.12359681773131,104.9532479123137,1,False,False
83e10efffffffff,-72.26118366985435,105.44670676985533,1,False,False
83e114fffffffff,-68.53691210833942,112.37738565202687,1,False,False
83e115fffffffff,-69.5063450077131,110.84803664606312,1,False,False
83e120fffffffff,-72.23554072493772,120.20419978634796,1,False,False
83e121fffffffff,-73.23785554699323,118.76541239246242,1,False,False
83e122fffffffff,-71.35175664369122,117.9888468073671,1,False,False
83e123fffffffff,-72.34576813287809,116.50593085181688,1,False,False
83e124fffffffff,-72.05617879981966,123.857557020969,1,False,False
83e125fffffffff,-73.08600317946912,122.62194232295342,1,False,False
83e126fffffffff,-71.21296312363835,121.50638295275104,1,False,False
83e128fffffffff,-74.2624658181922,113.0665670443032,1,False,False
83e129fffffffff,-75.1802615785036,111.06456400557076,1,False,False
83e12afffffffff,-73.32259615198788,110.97795208998065,1,False,False
83e12bfffffffff,-74.23046236927496,108.98090351597962,1,False,False
83e12cfffffffff,-74.21790990499504,117.16947059243776,1,False,False
83e12dfffffffff,-75.17345702162659,115.39207242528629,1,False,False
83e12efffffffff,-73.31677115255027,114.87221325824136,1,False,False
83e130fffffffff,-69.431336047084,117.34069723807455,1,False,False
83e131fffffffff,-70.43846621151509,115.9573435281239,1,False,False
83e132fffffffff,-68.49989158991922,115.49629721784495,1,False,False
83e133fffffffff,-69.49913411355459,114.0922348807877,1,False,False
83e134fffffffff,-69.30280094646407,120.57264036124168,1,False,False
83e135fffffffff,-70.33680549034071,119.33918263670276,1,False,False
83e136fffffffff,-68.40470364775781,118.61083795799983,1,False,False
83e140fffffffff,-77.21096341573693,93.99827189211952,1,False,False
83e141fffffffff,-77.86731527890049,90.57722428145468,1,False,False
83e142fffffffff,-76.17974718089383,92.81330208004402,1,False,False
83e143fffffffff,-76.83256650887836,89.59444248902783,1,False,False
83e144fffffffff,-77.51415177590955,98.67397238016932,1,False,False
83e145fffffffff,-78.22832776458716,95.37538824156708,1,False,False
83e146fffffffff,-76.50399914872554,97.12559555468616,1,False,False
83e154fffffffff,-74.73195804711528,98.51131382335366,1,False,False
83e155fffffffff,-75.47819858247239,95.78086747489148,1,False,False
83e160fffffffff,-78.69229092256386,105.812177435172,1,False,False
83e161fffffffff,-79.47665849338739,102.5849395048812,1,False,False
83e162fffffffff,-77.73438972823854,103.57999716832263,1,False,False
83e163fffffffff,-78.50609452311703,100.47317591516604,1,False,False
83e164fffffffff,-78.78038729248998,111.31202986642522,1,False,False
83e165fffffffff,-79.62214168584025,108.42132636225456,1,False,False
83e166fffffffff,-77.86518649970844,108.65739516335266,1,False,False
83e168fffffffff,-79.89898016327294,93.10014779870048,1,False,False
83e16afffffffff,-78.89001877493905,91.7300910814307,1,False,False
83e16cfffffffff,-80.21024142523046,98.71560241255683,1,False,False
83e16dfffffffff,-80.87598993634093,93.61663034364275,1,False,False
83e16efffffffff,-79.22967468109279,96.99345108874938,1,False,False
83e170fffffffff,-75.94903632954221,104.34582337185104,1,False,False
83e171fffffffff,-76.75280765102325,101.65410885101838,1,False,False
83e172fffffffff,-74.95630464701232,102.58081138158111,1,False,False
83e173fffffffff,-75.7510413268442,99.9790962595704,1,False,False
83e174fffffffff,-76.06720525298802,108.83811376479488,1,False,False
83e175fffffffff,-76.91989616671655,106.35522013159417,1,False,False
83e176fffffffff,-75.10702565110216,106.7787577498053,1,False,False
83e425fffffffff,-57.552510602329306,132.95942926290456,1,False,False
83e428fffffffff,-59.39899140611965,128.1467228510167,1,False,False
83e429fffffffff,-60.53555231795875,127.5296643021242,1,False,False
83e42afffffffff,-58.55690907615063,126.54415024542683,1,False,False
83e42bfffffffff,-59.68749335160376,125.88941943500208,1,False,False
83e42cfffffffff,-59.07235363702968,130.36248729216788,1,False,False
83e42dfffffffff,-60.21872371542014,129.82629022607838,1,False,False
83e42efffffffff,-58.25777191503954,128.72462832494082,1,False,False
83e444fffffffff,-64.13767291947012,122.78234364925012,1,False,False
83e445fffffffff,-65.2252840849227,121.85696126990833,1,False,False
83e460fffffffff,-64.74457121994311,127.26344574775992,1,False,False
83e461fffffffff,-65.85487799339982,126.49379148873147,1,False,False
83e462fffffffff,-63.9045234638701,125.40125362560968,1,False,False
83e463fffffffff,-65.00956233515238,124.5822734951362,1,False,False
83e464fffffffff,-64.43187628775308,129.89012841785868,1,False,False
83e465fffffffff,-65.5561136232891,129.2339351337335,1,False,False
83e466fffffffff,-63.62453207510891,127.97595722111444,1,False,False
83e468fffffffff,-67.1844906437177,122.74121914857446,1,False,False
83e469fffffffff,-68.25148583143596,121.70275701662878,1,False,False
83e46afffffffff,-66.30002847434076,120.8589240879628,1,False,False
83e46bfffffffff,-67.36037023247867,119.78000942494496,1,False,False
83e46cfffffffff,-66.95414151561337,125.6601474657602,1,False,False
83e46dfffffffff,-68.04101344674838,124.7545886591516,1,False,False
83e46efffffffff,-66.10335811290462,123.69813596862728,1,False,False
83e470fffffffff,-61.92972112091504,124.44316064433885,1,False,False
83e471fffffffff,-63.03867429437683,123.64229215798191,1,False,False
83e474fffffffff,-61.6661906389778,126.86949309988178,1,False,False
83e475fffffffff,-62.78961875701837,126.16172258426782,1,False,False
83e476fffffffff,-60.81220737543683,125.19055222510136,1,False,False
83e500fffffffff,-53.92558934524366,139.33879881964708,1,False,False
83e501fffffffff,-55.08818961522233,139.14361820745697,1,False,False
83e503fffffffff,-54.38887567145976,137.5211110363128,1,False,False
83e504fffffffff,-53.43839712685364,141.10523276097248,1,False,False
83e505fffffffff,-54.59931678710343,140.96552887816554,1,False,False
83e508fffffffff,-56.71580886490396,136.99825055641716,1,False,False
83e509fffffffff,-57.88033399312968,136.71140609546123,1,False,False
83e50afffffffff,-55.98771462265192,135.3393509980302,1,False,False
83e50bfffffffff,-57.1496739538508,135.00507961487185,1,False,False
83e50cfffffffff,-56.25288814972072,138.93630297913325,1,False,False
83e50dfffffffff,-57.41868022397283,138.7156911658866,1,False,False
83e50efffffffff,-55.55164360131156,137.2676404587854,1,False,False
83e51dfffffffff,-54.82637368491644,135.65372153076802,1,False,False
83e520fffffffff,-53.55334539855241,144.4427646018699,1,False,False
83e521fffffffff,-54.710496949107934,144.40281303351588,1,False,False
83e522fffffffff,-52.92921378933928,142.81933597671954,1,False,False
83e523fffffffff,-54.08702885521557,142.73215321954396,1,False,False
83e524fffffffff,-53.00028040907299,146.09708063662924,1,False,False
83e525fffffffff,-54.15219445394002,146.1062856009566,1,False,False
83e526fffffffff,-52.39996497984982,144.48046852702578,1,False,False
83e528fffffffff,-56.411548604928896,142.5414544867891,1,False,False
83e529fffffffff,-57.57633641645451,142.43688685571792,1,False,False
83e52afffffffff,-55.76296102382161,140.8172447768694,1,False,False
83e52bfffffffff,-56.92835339038251,140.65956713808703,1,False,False
83e52cfffffffff,-55.8704886246173,144.3604067068461,1,False,False
83e52dfffffffff,-57.032375320764125,144.31531225919113,1,False,False
83e52efffffffff,-55.24812448846385,142.63969073995105,1,False,False
83e540fffffffff,-62.07236600303843,137.67112689788425,1,False,False
83e541fffffffff,-63.22828728880015,137.36024830720933,1,False,False
83e542fffffffff,-61.365530862497856,135.72755071884228,1,False,False
83e543fffffffff,-62.52092802034591,135.3509398813466,1,False,False
83e544fffffffff,-61.58755272946598,139.91455115203053,1,False,False
83e545fffffffff,-62.74677779680048,139.69329669502082,1,False,False
83e546fffffffff,-60.91241965817779,137.96001117279337,1,False,False
83e548fffffffff,-64.8158300974118,134.50741411073344,1,False,False
83e549fffffffff,-65.95321183081381,134.03308855946034,1,False,False
83e54afffffffff,-64.073403296044,132.45329754790853,1,False,False
83e54bfffffffff,-65.20900209831325,131.90808873367232,1,False,False
83e54cfffffffff,-64.37916680985707,137.0247847701426,1,False,False
83e54dfffffffff,-65.52399702442003,136.66172587278308,1,False,False
83e54efffffffff,-63.67138214495233,134.9453702999964,1,False,False
83e550fffffffff,-59.4711336191396,134.26887549494234,1,False,False
83e551fffffffff,-60.62844540288469,133.8622878551261,1,False,False
83e552fffffffff,-58.70915874172135,132.53141926254017,1,False,False
83e553fffffffff,-59.86331441856956,132.07441658335674,1,False,False
83e554fffffffff,-59.04416918294329,136.40536976765546,1,False,False
83e555fffffffff,-60.20625600748743,136.07816816447425,1,False,False
83e556fffffffff,-58.311176589255126,134.64898099654735,1,False,False
83e558fffffffff,-62.159544762845336,131.06108077827466,1,False,False
83e559fffffffff,-63.29928793901685,130.4974642038122,1,False,False
83e55afffffffff,-61.36036003882252,129.25253616837676,1,False,False
83e55bfffffffff,-62.49604227096386,128.63726416770544,1,False,False
83e55cfffffffff,-61.78200422413072,133.42639624618795,1,False,False
83e55dfffffffff,-62.93069634875462,132.95797059136734,1,False,False
83e55efffffffff,-61.01382977966917,131.5854366219675,1,False,False
83e560fffffffff,-61.67973287086567,144.10220078397066,1,False,False
83e561fffffffff,-62.836746013686046,144.03889086621456,1,False,False
83e562fffffffff,-61.06913932479121,142.07842917148733,1,False,False
83e563fffffffff,-62.22963973046512,141.94127034415263,1,False,False
83e564fffffffff,-61.09994316409122,146.17525719477302,1,False,False
83e565fffffffff,-62.25513952304159,146.18971801326637,1,False,False
83e566fffffffff,-60.519838781982,144.1610763890953,1,False,False
83e568fffffffff,-64.53922122891042,141.63410329228634,1,False,False
83e569fffffffff,-65.68642846718221,141.46136876441895,1,False,False
83e56afffffffff,-63.901795771704606,139.4547751208375,1,False,False
83e56bfffffffff,-65.0516365925734,139.19689234313688,1,False,False
83e56cfffffffff,-63.98994534636392,143.97062623944856,1,False,False
83e56dfffffffff,-65.1384158266552,143.8968017934889,1,False,False
83e56efffffffff,-63.38664899859541,141.79358133718,1,False,False
83e570fffffffff,-59.2604218320743,140.31223102502918,1,False,False
83e571fffffffff,-60.42510338113684,140.12034206384968,1,False,False
83e572fffffffff,-58.58454940791486,138.4804684011006,1,False,False
83e573fffffffff,-59.74947172020666,138.22914224491328,1,False,False
83e574fffffffff,-58.74151497347502,142.32535614347896,1,False,False
83e575fffffffff,-59.906107767116254,142.206143833054,1,False,False
83e576fffffffff,-58.094505576026734,140.49157680155875,1,False,False
83e664fffffffff,-84.98200658378447,-78.54997166133936,1,False,False
83e665fffffffff,-83.86759970754886,-80.87674685576103,1,False,False
83e700fffffffff,-84.13644039262704,106.10155999094422,1,False,False
83e701fffffffff,-85.12015622623093,109.9141644016464,1,False,False
83e702fffffffff,-83.88556865110942,96.24268381986612,1,False,False
83e703fffffffff,-84.9110758614691,97.85083122132332,1,False,False
83e704fffffffff,-83.27228561579629,112.32315548416692,1,False,False
83e705fffffffff,-84.20272109445831,116.613485108377,1,False,False
83e706fffffffff,-83.14737535400576,103.41943566202818,1,False,False
83e708fffffffff,-86.97575340523954,104.47949540660088,1,False,False
83e709fffffffff,-87.98675674053304,113.00904522763386,1,False,False
83e70cfffffffff,-86.08325893926137,115.69300108575104,1,False,False
83e70dfffffffff,-86.99158504041341,125.19821038320744,1,False,False
83e70efffffffff,-85.94351033626141,100.30348957774687,1,False,False
83e710fffffffff,-82.4623391651762,87.63868003775983,1,False,False
83e711fffffffff,-83.47694792179105,87.48311284216145,1,False,False
83e714fffffffff,-81.86662942504432,94.2664341698964,1,False,False
83e715fffffffff,-82.87017775524531,95.10857498682076,1,False,False
83e71cfffffffff,-84.505210783898,87.26711490554322,1,False,False
83e71dfffffffff,-85.54668203178953,86.94699878466672,1,False,False
83e71efffffffff,-83.94826307177978,78.47890144892106,1,False,False
83e720fffffffff,-82.2282610472592,125.01057119816126,1,False,False
83e721fffffffff,-83.02263705262688,130.2908434247368,1,False,False
83e722fffffffff,-82.35080160064085,117.07846219984644,1,False,False
83e723fffffffff,-83.23130133823443,121.42892645148252,1,False,False
83e724fffffffff,-81.20669272053856,127.75894513034416,1,False,False
83e725fffffffff,-81.96164131613008,132.62682437871,1,False,False
83e726fffffffff,-81.39246705175105,120.78396333406188,1,False,False
83e728fffffffff,-84.84603664090022,134.67596135548263,1,False,False
83e729fffffffff,-85.5076245020371,144.78864982589243,1,False,False
83e72afffffffff,-85.09977131466198,122.57815843297227,1,False,False
83e72bfffffffff,-85.93051595148481,131.1885146086986,1,False,False
83e72cfffffffff,-83.7525389227878,136.9424496590765,1,False,False
83e72dfffffffff,-84.38489358094205,145.3130393790265,1,False,False
83e72efffffffff,-84.072376586004,127.11390779540228,1,False,False
83e730fffffffff,-81.37543951841494,106.6561248705857,1,False,False
83e731fffffffff,-82.32640975770603,109.12197976445928,1,False,False
83e732fffffffff,-81.18076897489338,99.9174900509337,1,False,False
83e733fffffffff,-82.16070017995764,101.43788989910033,1,False,False
83e734fffffffff,-80.53504591365389,110.96529320056946,1,False,False
83e735fffffffff,-81.44833845919506,113.67823871644757,1,False,False
83e736fffffffff,-80.42569337602237,104.70501834881166,1,False,False
83e740fffffffff,-87.30004803014846,-134.05345106653317,1,False,False
83e741fffffffff,-86.38669419896914,-121.9643704128388,1,False,False
83e742fffffffff,-88.31260495725986,-121.43122528870394,1,False,False
83e743fffffffff,-87.28480357109525,-109.6061049108242,1,False,False
83e744fffffffff,-86.8642364686505,-155.0551313765864,1,False,False
83e745fffffffff,-86.21954233418069,-139.70146083472986,1,False,False
83e746fffffffff,-87.98202937409226,-155.87358040306697,1,False,False
83e748fffffffff,-85.08276232489759,-101.41841624426375,1,False,False
83e749fffffffff,-83.95345916769438,-99.56427155590006,1,False,False
83e74afffffffff,-85.69745068032128,-89.6318668927318,1,False,False
83e74bfffffffff,-84.56135970353156,-89.99700095511159,1,False,False
83e74cfffffffff,-85.37095758193162,-114.88856258115858,1,False,False
83e74dfffffffff,-84.30296629590522,-110.37202739476729,1,False,False
83e74efffffffff,-86.19668853199092,-104.34454951632252,1,False,False
83e750fffffffff,-89.7930511388761,49.39167541712992,1,False,False
83e751fffffffff,-89.05028931556873,-83.45036601141703,1,False,False
83e754fffffffff,-88.87926085191326,136.86317196099887,1,False,False
83e755fffffffff,-89.08871071401867,-158.6651413174913,1,False,False
83e758fffffffff,-87.13619779861196,-68.65451346777323,1,False,False
83e759fffffffff,-86.0765275202109,-74.9391769474665,1,False,False
83e75cfffffffff,-87.94424846706218,-87.72280397146909,1,False,False
83e75dfffffffff,-86.82549995385614,-89.01118136648942,1,False,False
83e75efffffffff,-88.11547944144263,-55.594326026914935,1,False,False
83e760fffffffff,-85.03146355258421,-165.98613427375767,1,False,False
83e761fffffffff,-84.60175453056043,-154.43540694160208,1,False,False
83e762fffffffff,-86.12741372581465,-169.5190179466091,1,False,False
83e763fffffffff,-85.73715768332578,-154.66430735602222,1,False,False
83e764fffffffff,-84.18471881570551,-174.25018987677387,1,False,False
83e765fffffffff,-83.91588015839365,-163.72030312591082,1,False,False
83e766fffffffff,-85.22842426668507,-178.9574786039884,1,False,False
83e768fffffffff,-84.31939855519687,-133.92461181628772,1,False,False
83e769fffffffff,-83.41967630703726,-127.25632288192456,1,False,False
83e76afffffffff,-85.38078245195238,-129.25562716852764,1,False,False
83e76bfffffffff,-84.43015817948805,-122.12867992156224,1,False,False
83e76cfffffffff,-83.98390024492915,-144.83275413740702,1,False,False
83e76dfffffffff,-83.22516858010752,-137.13106327104316,1,False,False
83e76efffffffff,-85.11021915474679,-142.84320955218047,1,False,False
83e770fffffffff,-87.09730851279832,162.09502656706874,1,False,False
83e771fffffffff,-87.18933232295217,-175.7199100145369,1,False,False
83e772fffffffff,-87.75854122060784,142.15481137042403,1,False,False
83e773fffffffff,-88.1724310636052,171.16840371946154,1,False,False
83e774fffffffff,-85.99073626565388,157.97657019348676,1,False,False
83e775fffffffff,-86.21568690130184,173.85700985469234,1,False,False
83e776fffffffff,-86.6327780882879,143.91269111856397,1,False,False
83ead9fffffffff,-51.72954901928672,177.15779142428516,1,False,False
83eadbfffffffff,-51.58686150182803,175.6579977114198,1,False,False
83ec00fffffffff,-53.17840156469652,161.9607403117401,1,False,False
83ec01fffffffff,-54.248747218911966,162.40866001964997,1,False,False
83ec02fffffffff,-52.820353527237394,160.2880589569839,1,False,False
83ec03fffffffff,-53.901803945483024,160.68946378000777,1,False,False
83ec04fffffffff,-52.45150247378984,163.1738826811995,1,False,False
83ec05fffffffff,-53.50930479495736,163.6429241145708,1,False,False
83ec06fffffffff,-52.10924076872967,161.5357262752297,1,False,False
83ec08fffffffff,-56.06683239460743,161.56103936828444,1,False,False
83ec09fffffffff,-57.14848305628768,162.03513918945862,1,False,False
83ec0afffffffff,-55.71419165073545,159.75321063068438,1,False,False
83ec0bfffffffff,-56.80821265753224,160.1726125344496,1,False,False
83ec0cfffffffff,-55.31933142738856,162.88132893426052,1,False,False
83ec0dfffffffff,-56.3891835814762,163.38078654340336,1,False,False
83ec0efffffffff,-54.98428115104719,161.1131701777238,1,False,False
83ec10fffffffff,-51.34657645398291,158.2910511014962,1,False,False
83ec11fffffffff,-52.43534030521185,158.62762215533908,1,False,False
83ec12fffffffff,-50.92672369897405,156.68945209875235,1,False,False
83ec13fffffffff,-52.02365943138047,156.98205001150396,1,False,False
83ec14fffffffff,-50.66422318826323,159.54559841106052,1,False,False
83ec15fffffffff,-51.74085887767841,159.9072765825286,1,False,False
83ec16fffffffff,-50.26140417826696,157.97140771156674,1,False,False
83ec18fffffffff,-54.22692419767496,157.6163058770869,1,False,False
83ec19fffffffff,-55.331438209073575,157.9607411130046,1,False,False
83ec1afffffffff,-53.80519255753362,155.89370502226328,1,False,False
83ec1bfffffffff,-54.91889103249052,156.1868935742461,1,False,False
83ec1cfffffffff,-53.52680940584961,158.98247693886017,1,False,False
83ec1dfffffffff,-54.62007168494405,159.357117318467,1,False,False
83ec1efffffffff,-53.12402488123705,157.29056283285098,1,False,False
83ec20fffffffff,-52.02489368589651,165.94036972132062,1,False,False
83ec21fffffffff,-53.057343483191765,166.46880279665302,1,False,False
83ec22fffffffff,-51.72261906509768,164.33177328575815,1,False,False
83ec23fffffffff,-52.767535779272855,164.81913492226215,1,False,False
83ec24fffffffff,-51.282708970540426,167.0095937159011,1,False,False
83ec25fffffffff,-52.30191522429343,167.55141013260564,1,False,False
83ec26fffffffff,-50.99314223236312,165.43721890397478,1,False,False
83ec28fffffffff,-54.85806393814493,165.87161333316416,1,False,False
83ec29fffffffff,-55.90174062658518,166.44078045471434,1,False,False
83ec2afffffffff,-54.56750372517232,164.1370735762993,1,False,False
83ec2bfffffffff,-55.62513557206467,164.65832279208325,1,False,False
83ec2cfffffffff,-54.08954985084339,167.02437573766164,1,False,False
83ec2dfffffffff,-55.120542884932725,167.6091214681484,1,False,False
83ec2efffffffff,-53.81300207469709,165.33177170732253,1,False,False
83ec30fffffffff,-50.34080918402991,162.3040563055008,1,False,False
83ec31fffffffff,-51.39503411302973,162.72814139791396,1,False,False
83ec32fffffffff,-49.97812712439714,160.74789020945298,1,False,False
83ec33fffffffff,-51.04218512809891,161.13194807990786,1,False,False
83ec34fffffffff,-49.63810901469333,163.42599400594494,1,False,False
83ec35fffffffff,-50.67917794221727,163.86792810204517,1,False,False
83ec36fffffffff,-49.28970765408384,161.90012985655986,1,False,False
83ec40fffffffff,-60.64108490946805,165.6956980553805,1,False,False
83ec41fffffffff,-61.69195423858352,166.36857618411054,1,False,False
83ec42fffffffff,-60.377990383380144,163.63923034503998,1,False,False
83ec43fffffffff,-61.44590672441297,164.24416154851025,1,False,False
83ec44fffffffff,-59.82986597025155,167.06195216443473,1,False,False
83ec45fffffffff,-60.86936518987354,167.7567944470145,1,False,False
83ec46fffffffff,-59.58430679226219,165.0637905574326,1,False,False
83ec48fffffffff,-63.56248515923478,165.5806568764508,1,False,False
83ec49fffffffff,-64.60895460697179,166.3209578132164,1,False,False
83ec4afffffffff,-63.31449767237397,163.31392056597338,1,False,False
83ec4bfffffffff,-64.37962781032061,163.97119602287856,1,False,False
83ec4cfffffffff,-62.73581634788818,167.08633799263677,1,False,False
83ec4dfffffffff,-63.7715490071101,167.85337972179948,1,False,False
83ec4efffffffff,-62.50776688560268,164.88993732171386,1,False,False
83ec50fffffffff,-58.99203798356919,161.08987065651007,1,False,False
83ec51fffffffff,-60.07984114209438,161.59264287478234,1,False,False
83ec52fffffffff,-58.64518110616898,159.12347831914838,1,False,False
83ec53fffffffff,-59.746585097627374,159.56103652274666,1,False,False
83ec54fffffffff,-58.228238330814335,162.53777253265548,1,False,False
83ec55fffffffff,-59.30508460062365,163.0715103883278,1,False,False
83ec56fffffffff,-57.90115903445129,160.6173936428569,1,False,False
83ec58fffffffff,-61.93865210836511,160.52626925315127,1,False,False
83ec59fffffffff,-63.02728595067955,161.06019281125333,1,False,False
83ec5afffffffff,-61.59739128134841,158.3713575698253,1,False,False
83ec5bfffffffff,-62.70078874549561,158.8262552326519,1,False,False
83ec5cfffffffff,-61.16354568817077,162.12863515072667,1,False,False
83ec5dfffffffff,-62.242114852036565,162.7011485882339,1,False,False
83ec5efffffffff,-60.84474533574888,160.02765798532596,1,False,False
83ec60fffffffff,-59.21204894114661,170.28778594323447,1,False,False
83ec61fffffffff,-60.221497929611246,171.0565282490594,1,False,False
83ec62fffffffff,-59.01427156005087,168.3488010467891,1,False,False
83ec63fffffffff,-60.04209611840621,169.06115111999122,1,False,False
83ec64fffffffff,-58.38094541226427,171.44241497065704,1,False,False
83ec65fffffffff,-59.37851482370053,172.22037718415396,1,False,False
83ec66fffffffff,-58.19614071739796,169.5617803403876,1,False,False
83ec68fffffffff,-62.07661871343043,170.6207959387282,1,False,False
83ec69fffffffff,-63.0810228575321,171.47623317266675,1,False,False
83ec6afffffffff,-61.90201648338543,168.49607316818148,1,False,False
83ec6bfffffffff,-62.92668935601284,169.2839202939128,1,False,False
83ec6cfffffffff,-61.22335895457192,171.8715924124814,1,False,False
83ec6dfffffffff,-62.216474046628726,172.73693355063858,1,False,False
83ec6efffffffff,-61.06325597470703,169.81719662200032,1,False,False
83ec70fffffffff,-57.734719572714624,165.79114612461524,1,False,False
83ec71fffffffff,-58.784623733608285,166.40784388777536,1,False,False
83ec72fffffffff,-57.45731028215671,163.90929386152277,1,False,False
83ec73fffffffff,-58.5226965737619,164.4693628824084,1,False,False
83ec74fffffffff,-56.943025735056,167.0416072682199,1,False,False
83ec75fffffffff,-57.98088797383903,167.67666705084915,1,False,False
83ec76fffffffff,-56.68121168152588,165.20887005023823,1,False,False
83ec80fffffffff,-50.12018797294717,150.59537756534613,1,False,False
83ec81fffffffff,-51.24447366774944,150.72502692799068,1,False,False
83ec82fffffffff,-49.583545864301904,149.0577821102033,1,False,False
83ec83fffffffff,-50.71085456528023,149.1452974403447,1,False,False
83ec84fffffffff,-49.51864946408333,151.99432566140212,1,False,False
83ec85fffffffff,-50.63330357302006,152.15844428977928,1,False,False
83ec86fffffffff,-49.00192707172381,150.47234180318378,1,False,False
83ec88fffffffff,-52.9818943884488,149.33513348309538,1,False,False
83ec89fffffffff,-54.12388747962716,149.43831215003988,1,False,False
83ec8afffffffff,-52.429823394805474,147.69521231869143,1,False,False
83ec8bfffffffff,-53.5753097720327,147.75022547119838,1,False,False
83ec8cfffffffff,-52.37394337881026,150.86183643347962,1,False,False
83ec8dfffffffff,-53.50773031539249,151.00641437752108,1,False,False
83ec8efffffffff,-51.84392307941765,149.2376127283993,1,False,False
83ec99fffffffff,-51.85256785454473,146.08838516775734,1,False,False
83ec9dfffffffff,-51.288913981244825,147.64319110884364,1,False,False
83eca0fffffffff,-49.38273433139515,154.8682051840959,1,False,False
83eca1fffffffff,-50.48173918390734,155.10474739682624,1,False,False
83eca2fffffffff,-48.90790299939072,153.34321789889222,1,False,False
83eca3fffffffff,-50.01216644845474,153.53905412765693,1,False,False
83eca4fffffffff,-48.7465926885305,156.14736925907746,1,False,False
83eca5fffffffff,-49.83408761874593,156.41158273048453,1,False,False
83eca8fffffffff,-52.23674770831879,153.96260792975448,1,False,False
83eca9fffffffff,-53.35536011132599,154.19209088674043,1,False,False
83ecaafffffffff,-51.75338303875661,152.3314321556235,1,False,False
83ecabfffffffff,-52.878034887729534,152.514024761193,1,False,False
83ecacfffffffff,-51.585724353804,155.35381814346096,1,False,False
83ecadfffffffff,-52.693835652997656,155.61642965848768,1,False,False
83ecaefffffffff,-51.12206108228931,153.74523857574422,1,False,False
83ecb1fffffffff,-48.41024570413435,151.83841371704884,1,False,False
83ecc0fffffffff,-58.06800169754477,151.67728647411292,1,False,False
83ecc1fffffffff,-59.209712830747776,151.87271852688653,1,False,False
83ecc2fffffffff,-57.56490711799332,149.78718004639188,1,False,False
83ecc3fffffffff,-58.71383182987432,149.91872696940914,1,False,False
83ecc4fffffffff,-57.40450749114484,153.35833381017505,1,False,False
83ecc5fffffffff,-58.53847573141288,153.60336534851658,1,False,False
83ecc6fffffffff,-56.92600988678832,151.49396753744912,1,False,False
83ecc8fffffffff,-61.00892034958674,150.20951805240105,1,False,False
83ecc9fffffffff,-62.15320609915916,150.37077247455085,1,False,False
83eccafffffffff,-60.493141635818354,148.16059379485503,1,False,False
83eccbfffffffff,-61.64486869730393,148.24622159607776,1,False,False
83ecccfffffffff,-60.3501977885727,152.0815002745781,1,False,False
83eccdfffffffff,-61.488511415341904,152.30504177585706,1,False,False
83eccefffffffff,-59.86215000556836,150.05919389046278,1,False,False
83ecd0fffffffff,-55.87641104640182,147.87032259394442,1,False,False
83ecd1fffffffff,-57.03018394092263,147.9360401330962,1,False,False
83ecd2fffffffff,-55.30739743213466,146.11604619116287,1,False,False
83ecd3fffffffff,-56.46496087770042,146.12641427985622,1,False,False
83ecd4fffffffff,-55.26900107565314,149.54765509498318,1,False,False
83ecd5fffffffff,-56.416317569963695,149.663730870084,1,False,False
83ecd6fffffffff,-54.724477021562,147.80849621544445,1,False,False
83ecd8fffffffff,-58.78340231310855,146.14921487055742,1,False,False
83ecd9fffffffff,-59.94238408421917,146.16178909016912,1,False,False
83ecdafffffffff,-58.1952023616925,144.2672657873733,1,False,False
83ecdbfffffffff,-59.35801013559655,144.21596768390583,1,False,False
83ecdcfffffffff,-58.184858340535406,148.00602792420037,1,False,False
83ecddfffffffff,-59.33949187031678,148.08071592734797,1,False,False
83ecdefffffffff,-57.623944817698,146.13744840397877,1,False,False
83ece0fffffffff,-57.14959642752231,156.8267501672706,1,False,False
83ece1fffffffff,-58.26470383592286,157.1767266955975,1,False,False
83ece2fffffffff,-56.72574849712809,154.9641753634839,1,False,False
83ece3fffffffff,-57.85096907615836,155.25374118653573,1,False,False
83ece4fffffffff,-56.436627029636405,158.32549780906075,1,False,False
83ece5fffffffff,-57.5415326039928,158.71239669202842,1,False,False
83ece6fffffffff,-56.034006434579815,156.4973889361297,1,False,False
83ece8fffffffff,-60.09834214796722,155.8907497472461,1,False,False
83ece9fffffffff,-61.21856423351141,156.24213633948435,1,False,False
83eceafffffffff,-59.67149677525072,153.864669336927,1,False,False
83ecebfffffffff,-60.802616455713306,154.1439103781161,1,False,False
83ececfffffffff,-59.37835935325808,157.5492878196326,1,False,False
83ecedfffffffff,-60.48958400831442,157.94665777058248,1,False,False
83eceefffffffff,-58.97548780399954,155.5619835104916,1,False,False
83ecf0fffffffff,-55.13752289139513,152.91139435165917,1,False,False
83ecf1fffffffff,-56.27054226533696,153.1281087788773,1,False,False
83ecf2fffffffff,-54.644945109038616,151.15943975758228,1,False,False
83ecf3fffffffff,-55.78467945169272,151.32167281857588,1,False,False
83ecf4fffffffff,-54.47700805743096,154.4347210549465,1,False,False
83ecf5fffffffff,-55.6007804380692,154.69165206791104,1,False,False
83ecf6fffffffff,-54.00638129181318,152.7070408293802,1,False,False
83ed09fffffffff,-51.7891556283417,170.15413803439458,1,False,False
83ed0bfffffffff,-51.54798129017028,168.58268983022893,1,False,False
83ed1bfffffffff,-49.96300157530858,164.95765065759892,1,False,False
83ed40fffffffff,-54.92932053314221,173.77348507236243,1,False,False
83ed41fffffffff,-55.896094181515096,174.52527515256244,1,False,False
83ed42fffffffff,-54.75856549657544,172.09525063435464,1,False,False
83ed43fffffffff,-55.74243648042887,172.80759932468575,1,False,False
83ed44fffffffff,-54.12054039897208,174.6880249866923,1,False,False
83ed45fffffffff,-55.074842759677466,175.4409638928033,1,False,False
83ed46fffffffff,-53.958126058271006,173.0570658017263,1,False,False
83ed48fffffffff,-57.69510318717895,174.3444127968527,1,False,False
83ed49fffffffff,-58.66174398985036,175.17430357648487,1,False,False
83ed4afffffffff,-57.55034082431615,172.53033775426468,1,False,False
83ed4bfffffffff,-58.53590418665685,173.3145576756815,1,False,False
83ed4cfffffffff,-56.8574020877435,175.31484273176574,1,False,False
83ed4dfffffffff,-57.81217223858393,176.14478494176504,1,False,False
83ed4efffffffff,-56.72163695430495,173.55645232957676,1,False,False
83ed50fffffffff,-53.55883654598726,169.77047346727622,1,False,False
83ed51fffffffff,-54.56199516565267,170.40905890813426,1,False,False
83ed52fffffffff,-53.3210376451921,168.12016250874802,1,False,False
83ed53fffffffff,-54.33911981799614,168.71778977023556,1,False,False
83ed54fffffffff,-52.78093015803602,170.77064923987737,1,False,False
83ed55fffffffff,-53.77106042026976,171.41700549848704,1,False,False
83ed56fffffffff,-52.55384206070143,169.1623508732282,1,False,False
83ed58fffffffff,-56.36819753044201,170.0083268717646,1,False,False
83ed59fffffffff,-57.37714215128045,170.7060743137699,1,False,False
83ed5afffffffff,-56.14932557497888,168.22526772011486,1,False,False
83ed5bfffffffff,-57.17487458628906,168.87525886480853,1,False,False
83ed5cfffffffff,-55.562320164181,171.0802837228225,1,False,False
83ed5dfffffffff,-56.558786228154666,171.78651674725617,1,False,False
83ed5efffffffff,-55.35517712147789,169.34640758326955,1,False,False
83ed60fffffffff,-53.44914623201298,177.12792099555404,1,False,False
83ed61fffffffff,-54.37384937644115,177.91258440492703,1,False,False
83ed62fffffffff,-53.31708212755412,175.55477647322692,1,False,False
83ed63fffffffff,-54.25889326120034,176.30734157343838,1,False,False
83ed64fffffffff,-52.64640110654627,177.90592872067023,1,False,False
83ed65fffffffff,-53.5589233082292,178.68653218093223,1,False,False
83ed66fffffffff,-52.51982481821256,176.37702259585942,1,False,False
83ed68fffffffff,-56.126772930714445,177.91993651951873,1,False,False
83ed6afffffffff,-56.02395659624312,176.23033530839126,1,False,False
83ed6bfffffffff,-56.96683146937922,177.05852653066898,1,False,False
83ed6efffffffff,-55.19579917402448,177.09499715780294,1,False,False
83ed70fffffffff,-52.20043833129133,173.2827091240984,1,False,False
83ed71fffffffff,-53.16207331659661,173.9692961393936,1,False,False
83ed72fffffffff,-52.00651782660914,171.72158396420275,1,False,False
83ed73fffffffff,-52.983528456802375,172.37378746755917,1,False,False
83ed75fffffffff,-52.37136659766723,174.83525110907956,1,False,False
83ed89fffffffff,-49.59132179077015,159.2016486872552,1,False,False
83ed8bfffffffff,-49.18068174863433,157.66746473953108,1,False,False
83ee14fffffffff,-76.33549082744676,-127.30977627824711,1,False,False
83ee16fffffffff,-77.38990362438807,-124.99915875270744,1,False,False
83ee24fffffffff,-74.51800691003011,-151.58772240676888,1,False,False
83ee25fffffffff,-75.58041492050533,-149.60929347192828,1,False,False
83ee26fffffffff,-74.36392422018524,-155.94255844401582,1,False,False
83ee30fffffffff,-75.07994601582321,-133.85182745956354,1,False,False
83ee31fffffffff,-74.17066075975552,-131.01705111720278,1,False,False
83ee32fffffffff,-76.1896219797088,-132.23980365219649,1,False,False
83ee33fffffffff,-75.26087822934655,-129.2957308072055,1,False,False
83ee34fffffffff,-74.81181174252535,-138.2684697292628,1,False,False
83ee35fffffffff,-73.9600426922079,-135.2450406342682,1,False,False
83ee36fffffffff,-75.94818336378351,-137.03014778488816,1,False,False
83ee80fffffffff,-79.80842598105384,-102.00847315452197,1,False,False
83ee82fffffffff,-80.51024121787604,-96.64300503511906,1,False,False
83ee84fffffffff,-80.15130173435014,-108.43042178787957,1,False,False
83ee85fffffffff,-79.02584932735789,-106.68089466094922,1,False,False
83ee86fffffffff,-80.95196737508867,-103.3335283488752,1,False,False
83ee90fffffffff,-82.26888715875542,-90.4077536524596,1,False,False
83ee91fffffffff,-81.11433700232313,-90.53470236628328,1,False,False
83ee92fffffffff,-82.73986474125049,-82.49609940305429,1,False,False
83ee93fffffffff,-81.60239262490968,-83.6863331039614,1,False,False
83ee94fffffffff,-82.81333620626967,-98.28669606136818,1,False,False
83ee95fffffffff,-81.6649934484249,-97.35379259850572,1,False,False
83ee96fffffffff,-83.41819944255583,-90.2374470474886,1,False,False
83eea0fffffffff,-79.413444489436,-119.07430292374944,1,False,False
83eea1fffffffff,-78.35549676172661,-116.44854031340437,1,False,False
83eea2fffffffff,-80.36551872498255,-115.23583279155328,1,False,False
83eea3fffffffff,-79.28098797021133,-112.7618677856316,1,False,False
83eea4fffffffff,-79.41801254549179,-125.47325960153836,1,False,False
83eea5fffffffff,-78.4183520562572,-122.28690254203084,1,False,False
83eea6fffffffff,-80.44152844479748,-122.255728790496,1,False,False
83eeb0fffffffff,-82.35162960642819,-113.41263255307332,1,False,False
83eeb1fffffffff,-81.26176927807902,-110.61557264145358,1,False,False
83eeb2fffffffff,-83.20416427752477,-107.27442218107362,1,False,False
83eeb3fffffffff,-82.0851605928669,-105.02991494417635,1,False,False
83eeb4fffffffff,-82.44700099321271,-122.20853091064522,1,False,False
83eeb5fffffffff,-81.4240893730336,-118.31046587185462,1,False,False
83eeb6fffffffff,-83.4123745269997,-117.09933366790814,1,False,False
83ef00fffffffff,-71.20673360898671,-150.70435944287928,1,False,False
83ef01fffffffff,-71.54762002458402,-145.17769299366918,1,False,False
83ef02fffffffff,-72.3733915668187,-150.51801632240733,1,False,False
83ef03fffffffff,-71.52245706799486,-148.8679736236994,1,False,False
83ef04fffffffff,-70.65687771459841,-153.81072936132065,1,False,False
83ef05fffffffff,-70.04330930235055,-150.86920306786308,1,False,False
83ef06fffffffff,-71.82068344488847,-153.82660437087304,1,False,False
83ef08fffffffff,-73.57082726697455,-145.05044541901717,1,False,False
83ef09fffffffff,-74.5658788012585,-142.77409757042685,1,False,False
83ef0afffffffff,-73.54662867923736,-149.19323269900963,1,False,False
83ef0bfffffffff,-74.5855015082197,-147.18106228443006,1,False,False
83ef0cfffffffff,-72.54147745689816,-143.17082553323272,1,False,False
83ef0dfffffffff,-73.51408952399998,-140.92952213962292,1,False,False
83ef0efffffffff,-72.55484926523545,-147.06938101086456,1,False,False
83ef10fffffffff,-74.15603875615304,-153.86524352579391,1,False,False
83ef11fffffffff,-73.54228855701362,-150.30567906954852,1,False,False
83ef12fffffffff,-75.3256588748484,-153.88908189420044,1,False,False
83ef13fffffffff,-74.71240730418907,-150.06150802962358,1,False,False
83ef14fffffffff,-73.54136341998378,-157.385563907515,1,False,False
83ef15fffffffff,-72.9873904094537,-153.84462087300707,1,False,False
83ef16fffffffff,-74.7049279909145,-157.67105137926268,1,False,False
83ef18fffffffff,-73.30433937666466,-143.26214349001373,1,False,False
83ef19fffffffff,-73.44115565895225,-153.31484749831017,1,False,False
83ef1afffffffff,-74.46176271266,-142.50237204274137,1,False,False
83ef1bfffffffff,-73.66959603582751,-139.3377564500501,1,False,False
83ef1cfffffffff,-72.87014274753872,-146.9940308579917,1,False,False
83ef1dfffffffff,-72.49213474297318,-150.96873069365094,1,False,False
83ef1efffffffff,-74.03621689815668,-146.52159313276945,1,False,False
83ef20fffffffff,-68.90825340604933,-156.55361191045372,1,False,False
83ef21fffffffff,-68.3417328442017,-153.78403881305496,1,False,False
83ef22fffffffff,-70.06137250760445,-156.72576744705617,1,False,False
83ef23fffffffff,-69.50285520943842,-141.9656139749382,1,False,False
83ef24fffffffff,-68.28244640001336,-159.14292579099333,1,False,False
83ef25fffffffff,-67.76016012878335,-156.39919719324212,1,False,False
83ef26fffffffff,-69.42590360819732,-159.4528972605815,1,False,False
83ef28fffffffff,-71.38594176075733,-137.8757497819683,1,False,False
83ef29fffffffff,-72.29143039538613,-135.51715426987627,1,False,False
83ef2afffffffff,-71.50166315800345,-141.5037310825214,1,False,False
83ef2bfffffffff,-72.4529624502236,-139.30882157564338,1,False,False
83ef2cfffffffff,-70.31591235491327,-136.60102544336178,1,False,False
83ef2dfffffffff,-71.2027813913015,-134.32122139815343,1,False,False
83ef2efffffffff,-70.45490990637437,-140.01744433520813,1,False,False
83ef30fffffffff,-71.72395533992861,-160.18846877334278,1,False,False
83ef31fffffffff,-71.21857935125593,-156.91890380015607,1,False,False
83ef32fffffffff,-72.87643852124559,-160.62932130122078,1,False,False
83ef33fffffffff,-72.3789074171534,-157.13709997138898,1,False,False
83ef34fffffffff,-71.02922074446664,-163.00879722529962,1,False,False
83ef35fffffffff,-70.573416840854,-159.79916455855434,1,False,False
83ef36fffffffff,-72.16878712947911,-163.6094294318734,1,False,False
83ef50fffffffff,-76.59703278540724,-142.25866715711268,1,False,False
83ef54fffffffff,-75.53464164336953,-140.1965120652698,1,False,False
83ef55fffffffff,-76.47069270507576,-137.26645822131988,1,False,False
83ef56fffffffff,-75.60415891622424,-144.88762887639086,1,False,False
83ef60fffffffff,-74.39835336872541,-122.83820611812406,1,False,False
83ef64fffffffff,-73.25653540555236,-122.36105231886503,1,False,False
83ef65fffffffff,-73.93055596601413,-119.03828103676985,1,False,False
83ef66fffffffff,-73.66405460933869,-126.10470336746565,1,False,False
83ef70fffffffff,-74.27180907267874,-134.16191035404938,1,False,False
83ef72fffffffff,-74.46035581348657,-138.41836896237157,1,False,False
83ef73fffffffff,-75.37429102731717,-135.59711949155923,1,False,False
83ef74fffffffff,-73.16624280769649,-132.9162790476358,1,False,False
83ef75fffffffff,-74.00455769323601,-130.04630007014094,1,False,False
83ef76fffffffff,-73.37819424160718,-136.87215988214555,1,False,False
83ef80fffffffff,-79.38391837698023,-148.56251342973084,1,False,False
83ef81fffffffff,-78.68497082605354,-143.68656778548404,1,False,False
83ef82fffffffff,-80.54395666442241,-147.96365390524903,1,False,False
83ef83fffffffff,-79.83577656943785,-142.5858148183215,1,False,False
83ef84fffffffff,-78.83060741476793,-153.98970892146977,1,False,False
83ef85fffffffff,-78.21957649932995,-149.04582572932426,1,False,False
83ef86fffffffff,-79.99438997737926,-154.03845234639354,1,False,False
83ef88fffffffff,-78.19288455259579,-133.8637357444509,1,False,False
83ef89fffffffff,-77.28560787171634,-130.3563015140692,1,False,False
83ef8afffffffff,-79.29436404823431,-131.80156704109447,1,False,False
83ef8bfffffffff,-78.36358724818848,-128.13175517967392,1,False,False
83ef8cfffffffff,-77.91157985982497,-139.37673614761513,1,False,False
83ef8dfffffffff,-77.07621760979347,-135.58075575438855,1,False,False
83ef8efffffffff,-79.04709873161136,-137.91207666433343,1,False,False
83ef90fffffffff,-82.30945474772705,-154.1787815949255,1,False,False
83ef91fffffffff,-81.69838131005699,-147.20237891917742,1,False,False
83ef92fffffffff,-83.45889699328748,-154.28507286360374,1,False,False
83ef93fffffffff,-82.84567387429577,-146.20267264367112,1,False,False
83ef94fffffffff,-81.64801485340992,-160.99481299370655,1,False,False
83ef95fffffffff,-81.15431582579727,-154.09965193562104,1,False,False
83ef96fffffffff,-82.78692170382449,-162.14806409185616,1,False,False
83ef98fffffffff,-81.2784367355973,-133.8837781821302,1,False,False
83ef99fffffffff,-80.37563739570487,-129.2859294521239,1,False,False
83ef9afffffffff,-82.36434194544925,-131.02278316971515,1,False,False
83ef9bfffffffff,-81.42981436534399,-126.16259406159364,1,False,False
83ef9cfffffffff,-80.97816996477219,-141.2130866200762,1,False,False
83ef9dfffffffff,-80.170752898113,-136.1204842812125,1,False,False
83ef9efffffffff,-82.1093114048347,-139.45574090656268,1,False,False
83efa0fffffffff,-77.03116587289885,-158.391901755931,1,False,False
83efa1fffffffff,-76.49527615194083,-153.9169517135107,1,False,False
83efa2fffffffff,-78.19164422605779,-158.85592464374022,1,False,False
83efa3fffffffff,-77.66391576139247,-153.9499701040101,1,False,False
83efa4fffffffff,-76.33382545003538,-162.38791030274305,1,False,False
83efa5fffffffff,-75.86855464881017,-158.002485901466,1,False,False
83efa6fffffffff,-77.48192664814184,-163.18410934602736,1,False,False
83efa8fffffffff,-76.3664520446461,-145.34008757914845,1,False,False
83efa9fffffffff,-75.61666498166556,-141.62330488987234,1,False,False
83efaafffffffff,-77.52793210518621,-144.5882695634329,1,False,False
83efabfffffffff,-76.76728425074704,-140.59498284232896,1,False,False
83efacfffffffff,-75.88270842976192,-149.77777552316346,1,False,False
83efadfffffffff,-75.20208209887991,-145.97632004334574,1,False,False
83efaefffffffff,-77.05212885712874,-149.44403716572444,1,False,False
83efb0fffffffff,-79.76222566983661,-165.29481179666487,1,False,False
83efb1fffffffff,-79.34881480360067,-159.4181836811414,1,False,False
83efb2fffffffff,-80.89031248531701,-166.7332146669393,1,False,False
83efb3fffffffff,-80.50141184805094,-160.1134147735216,1,False,False
83efb4fffffffff,-78.95606212017391,-169.73673383019502,1,False,False
83efb5fffffffff,-78.6253420663388,-164.13636245034914,1,False,False
83efb6fffffffff,-80.0603292972815,-171.54008215569212,1,False,False
83f000fffffffff,-73.60543731561114,156.4620464132087,1,False,False
83f001fffffffff,-74.65848856305983,157.12252914035062,1,False,False
83f002fffffffff,-73.26354907220193,152.99438577791864,1,False,False
83f003fffffffff,-74.32323609925695,153.43075463288912,1,False,False
83f004fffffffff,-72.84781505197606,159.23923924917707,1,False,False
83f005fffffffff,-73.888269115629,160.0605603276768,1,False,False
83f006fffffffff,-72.5505670199859,155.87930132416335,1,False,False
83f008fffffffff,-76.45601360354911,154.438617167347,1,False,False
83f009fffffffff,-77.53573205421156,155.07293587285554,1,False,False
83f00afffffffff,-76.05896405451355,150.37555136050844,1,False,False
83f00bfffffffff,-77.13729922182696,150.634409197609,1,False,False
83f00cfffffffff,-75.71959801466177,157.88569638844288,1,False,False
83f00dfffffffff,-76.78753674390822,158.7771660207396,1,False,False
83f00efffffffff,-75.3842667485556,153.90074954735772,1,False,False
83f010fffffffff,-71.77624915168244,149.4269384813062,1,False,False
83f011fffffffff,-72.86084651819048,149.63181730176237,1,False,False
83f012fffffffff,-71.30456515918088,146.35981930758723,1,False,False
83f013fffffffff,-72.39943236249034,146.3916345228856,1,False,False
83f014fffffffff,-71.11000323901878,152.25516404542643,1,False,False
83f015fffffffff,-72.1922311133159,152.60490233346735,1,False,False
83f016fffffffff,-70.68141106633999,149.2427435486363,1,False,False
83f018fffffffff,-74.55708465403833,146.46709606688609,1,False,False
83f019fffffffff,-75.61868015757273,146.51230575471158,1,False,False
83f01afffffffff,-74.0549210551012,142.98525706931093,1,False,False
83f01bfffffffff,-75.12432733646868,142.80543764642374,1,False,False
83f01cfffffffff,-73.934538929195,149.86106501131894,1,False,False
83f01dfffffffff,-74.99669653355669,150.11929543849425,1,False,False
83f01efffffffff,-73.48381102503197,146.4271632932118,1,False,False
83f020fffffffff,-72.23803156378847,165.1756300928043,1,False,False
83f021fffffffff,-73.25222130792247,166.3606918186749,1,False,False
83f022fffffffff,-72.0539112766508,161.7878214874691,1,False,False
83f023fffffffff,-73.0796428419308,162.7372067844606,1,False,False
83f024fffffffff,-71.36827394942247,167.3985356680294,1,False,False
83f025fffffffff,-72.3640001363217,168.66168016058757,1,False,False
83f026fffffffff,-71.22859550640867,164.12598543748703,1,False,False
83f028fffffffff,-75.14691044044866,165.055290729888,1,False,False
83f029fffffffff,-76.18446496799184,166.4880587648979,1,False,False
83f02afffffffff,-74.93571889406437,161.00202595510177,1,False,False
83f02bfffffffff,-75.98864085116001,162.09143788919602,1,False,False
83f02cfffffffff,-74.26916793782006,167.70794149099547,1,False,False
83f02dfffffffff,-75.28642696332876,169.2512724971055,1,False,False
83f02efffffffff,-74.11123762995274,163.8170554297223,1,False,False
83f030fffffffff,-70.74111943120928,157.89857932654482,1,False,False
83f031fffffffff,-71.80154597465824,158.53124609148756,1,False,False
83f032fffffffff,-70.4060691264881,154.88438151016496,1,False,False
83f033fffffffff,-71.48383576337167,155.35630123817083,1,False,False
83f034fffffffff,-69.96909285689537,160.24577308105822,1,False,False
83f035fffffffff,-71.02190389933236,160.96727673604937,1,False,False
83f036fffffffff,-69.66947712539783,157.324925724523,1,False,False
83f040fffffffff,-81.09110317735453,164.5715028791733,1,False,False
83f041fffffffff,-82.15998449412338,167.03566192038096,1,False,False
83f042fffffffff,-80.8105516940607,157.90549615950283,1,False,False
83f043fffffffff,-81.90837070689307,159.3719260680628,1,False,False
83f044fffffffff,-80.20894012392678,168.8971203346186,1,False,False
83f045fffffffff,-81.24737840369643,171.64673652031027,1,False,False
83f046fffffffff,-80.01542193433,162.64370312374717,1,False,False
83f048fffffffff,-84.09522294829193,163.96132648058713,1,False,False
83f049fffffffff,-85.17109344690506,167.81970059634207,1,False,False
83f04afffffffff,-83.75753752510815,154.15670693685894,1,False,False
83f04bfffffffff,-84.87508975731251,155.6486541574489,1,False,False
83f04cfffffffff,-83.21500898949901,170.28176162994436,1,False,False
83f04dfffffffff,-84.24463140254599,174.71684982988768,1,False,False
83f04efffffffff,-83.004859051039,161.3048199497543,1,False,False
83f050fffffffff,-79.31909545979379,151.31543508899256,1,False,False
83f051fffffffff,-80.42090643300743,151.77590732754118,1,False,False
83f052fffffffff,-78.84317954967523,146.35875329836313,1,False,False
83f053fffffffff,-79.93907030534962,146.2427800614151,1,False,False
83f054fffffffff,-78.62232620943253,155.83199702401683,1,False,False
83f055fffffffff,-79.71448055186578,156.7562440924772,1,False,False
83f056fffffffff,-78.22427110418715,150.9425310719651,1,False,False
83f058fffffffff,-82.15115508543596,145.91112009762813,1,False,False
83f059fffffffff,-83.26574880635154,145.6620856154986,1,False,False
83f05afffffffff,-81.56120246091547,139.70020514484793,1,False,False
83f05bfffffffff,-82.65642777209648,138.52908047084753,1,False,False
83f05cfffffffff,-81.52872771328254,152.3588089457045,1,False,False
83f05dfffffffff,-82.64141551134674,153.12026540291123,1,False,False
83f05efffffffff,-81.04198843588914,146.09773426025887,1,False,False
83f060fffffffff,-79.28382702080867,178.4693896902373,1,False,False
83f061fffffffff,-80.23553512390953,-178.03038576467006,1,False,False
83f062fffffffff,-79.27664220381928,172.51338201298643,1,False,False
83f063fffffffff,-80.28450921805243,175.39181914177624,1,False,False
83f064fffffffff,-78.25434055535084,-178.97050350679598,1,False,False
83f065fffffffff,-79.17687332171052,-175.57189520820526,1,False,False
83f066fffffffff,-78.30538563547303,175.55878241056251,1,False,False
83f068fffffffff,-82.21523930029485,-176.6157201392454,1,False,False
83f069fffffffff,-83.10696713892496,-170.9684304297396,1,False,False
83f06afffffffff,-82.26587763010143,175.14004248488152,1,False,False
83f06bfffffffff,-83.25173970839884,179.68560582824398,1,False,False
83f06cfffffffff,-81.14861285103137,-173.77715501969868,1,False,False
83f06dfffffffff,-82.00663328238723,-168.5643046599228,1,False,False
83f06efffffffff,-81.26824297469977,178.94034751136837,1,False,False
83f070fffffffff,-78.10292905201064,164.8743254566427,1,False,False
83f071fffffffff,-79.15888629316574,166.68600389204315,1,False,False
83f072fffffffff,-77.86081537731839,159.83169756917337,1,False,False
83f073fffffffff,-78.93757720149011,161.09757541793442,1,False,False
83f074fffffffff,-77.22114679600833,168.1628114888362,1,False,False
83f075fffffffff,-78.25342267334995,170.14276363047233,1,False,False
83f076fffffffff,-77.04516292401355,163.36563194615135,1,False,False
83f080fffffffff,-70.02305676685164,134.85302697635248,1,False,False
83f081fffffffff,-71.12290011381857,134.28450844540356,1,False,False
83f082fffffffff,-69.31238953619234,132.34111579019805,1,False,False
83f083fffffffff,-70.4109251000348,131.66568247230956,1,False,False
83f084fffffffff,-69.58042284465812,137.91582017520423,1,False,False
83f085fffffffff,-70.69044437111621,137.51426907451372,1,False,False
83f086fffffffff,-68.9122810759254,135.3685673709463,1,False,False
83f088fffffffff,-72.56971302256653,130.09408784732608,1,False,False
83f089fffffffff,-73.62768696583605,129.17323600163732,1,False,False
83f08afffffffff,-71.80921704188889,127.43787428543864,1,False,False
83f08bfffffffff,-72.86250896702775,126.4081688645874,1,False,False
83f08cfffffffff,-72.2108481413497,133.65453465246622,1,False,False
83f08dfffffffff,-73.28592576502884,132.95275190643858,1,False,False
83f08efffffffff,-71.49707119792893,130.9203846956791,1,False,False
83f090fffffffff,-67.45435319964349,130.675330670176,1,False,False
83f091fffffffff,-68.56181939061197,129.9751713886996,1,False,False
83f092fffffffff,-66.67078732573876,128.52293665795443,1,False,False
83f093fffffffff,-67.77466294857444,127.75021697070493,1,False,False
83f094fffffffff,-67.08247012956063,133.5177409796647,1,False,False
83f095fffffffff,-68.2025488878916,132.95590452108274,1,False,False
83f096fffffffff,-66.33636427708984,131.31736780442603,1,False,False
83f098fffffffff,-69.94492132194794,125.98588755171184,1,False,False
83f099fffffffff,-71.00863579827961,124.97359892892722,1,False,False
83f09afffffffff,-69.11409646010499,123.76790693578052,1,False,False
83f09bfffffffff,-70.17192868667223,122.6893625087824,1,False,False
83f09cfffffffff,-69.65759324922122,129.20886393823108,1,False,False
83f09dfffffffff,-70.74047444797237,128.36688694732686,1,False,False
83f09efffffffff,-68.86647616005706,126.90769599664335,1,False,False
83f0a0fffffffff,-69.66755069788667,143.52968620835534,1,False,False
83f0a1fffffffff,-70.7795412183207,143.41444816726766,1,False,False
83f0a2fffffffff,-69.08691987516093,140.84478963919378,1,False,False
83f0a3fffffffff,-70.20385844380696,140.59832459297138,1,False,False
83f0a4fffffffff,-69.08604141810589,146.30522108768247,1,False,False
83f0a5fffffffff,-70.19986826203697,146.33116435584006,1,False,False
83f0a6fffffffff,-68.54665413951267,143.63423558711568,1,False,False
83f0a8fffffffff,-72.40807494272187,140.0236781884187,1,False,False
83f0a9fffffffff,-73.49384880375378,139.68597374178475,1,False,False
83f0aafffffffff,-71.78985184481154,137.06985435191666,1,False,False
83f0abfffffffff,-72.87780138869573,136.57538901580318,1,False,False
83f0acfffffffff,-71.88189084515342,143.28679511280757,1,False,False
83f0adfffffffff,-72.97390313334569,143.14460804897286,1,False,False
83f0aefffffffff,-71.31116562592538,140.3260428044654,1,False,False
83f0b0fffffffff,-67.3319876428594,138.61283461261957,1,False,False
83f0b1fffffffff,-68.46064526710292,138.28038929238656,1,False,False
83f0b2fffffffff,-66.66178118655075,136.2675536707057,1,False,False
83f0b3fffffffff,-67.7915340048719,135.83813222847627,1,False,False
83f0b4fffffffff,-66.82736419423422,141.27365674692268,1,False,False
83f0b5fffffffff,-67.96114636052371,141.06893556357412,1,False,False
83f0b6fffffffff,-66.19534594396531,138.9172031144659,1,False,False
83f0c0fffffffff,-77.43658040041326,129.1186055345721,1,False,False
83f0c1fffffffff,-78.43078014850548,127.78580549816168,1,False,False
83f0c2fffffffff,-76.7006206246308,125.65578194214532,1,False,False
83f0c3fffffffff,-77.68617232462609,124.14401398360732,1,False,False
83f0c4fffffffff,-77.09817006457372,133.88192641015223,1,False,False
83f0c5fffffffff,-78.11597967512664,132.94734984351035,1,False,False
83f0c6fffffffff,-76.42364713223229,130.2721468497434,1,False,False
83f0c8fffffffff,-79.58703743111232,120.37118214805918,1,False,False
83f0c9fffffffff,-80.53105271315367,117.3589470523988,1,False,False
83f0cafffffffff,-78.76636058454244,116.87598642731716,1,False,False
83f0cbfffffffff,-79.6598814126838,114.39230194143926,1,False,False
83f0ccfffffffff,-79.41383701958497,126.11638373102043,1,False,False
83f0cdfffffffff,-80.41052919320107,123.72990075999354,1,False,False
83f0cefffffffff,-78.64915718321394,122.40036889164844,1,False,False
83f0d0fffffffff,-74.91698439739608,123.97699283867668,1,False,False
83f0d1fffffffff,-75.91490840324029,122.5307152919043,1,False,False
83f0d2fffffffff,-74.09641806681977,121.24780840057544,1,False,False
83f0d3fffffffff,-75.08553952826364,119.7123612416003,1,False,False
83f0d4fffffffff,-74.66975497670714,128.1411829967138,1,False,False
83f0d5fffffffff,-75.69456888458679,126.97730098026152,1,False,False
83f0d6fffffffff,-73.89894410756905,125.26124969571843,1,False,False
83f0d8fffffffff,-76.99099033085693,116.04160384116126,1,False,False
83f0d9fffffffff,-77.90189222730987,113.83254858856068,1,False,False
83f0dafffffffff,-76.10192818343614,113.40448603551545,1,False,False
83f0dbfffffffff,-77.00034111688565,111.17283002638862,1,False,False
83f0dcfffffffff,-76.89074138871636,120.89193780985694,1,False,False
83f0ddfffffffff,-77.84215982905653,119.0227909643145,1,False,False
83f0defffffffff,-76.05122552746643,117.98807218698865,1,False,False
83f0e0fffffffff,-77.22603093607243,142.36631517336627,1,False,False
83f0e1fffffffff,-78.30035926953036,141.88870330011747,1,False,False
83f0e2fffffffff,-76.67734579997526,138.38611275787247,1,False,False
83f0e3fffffffff,-77.71164080341389,137.8210872696868,1,False,False
83f0e4fffffffff,-76.6754039507539,146.53260535176767,1,False,False
83f0e5fffffffff,-77.75505650309204,146.45359788097088,1,False,False
83f0e6fffffffff,-76.18154400213173,142.6009397317855,1,False,False
83f0e8fffffffff,-79.82900072854723,135.8163661582816,1,False,False
83f0e9fffffffff,-80.89575501353599,134.4112693855625,1,False,False
83f0eafffffffff,-79.13776353597456,131.6722294933434,1,False,False
83f0ebfffffffff,-80.1747362680179,129.92532017097295,1,False,False
83f0ecfffffffff,-79.38173194689013,141.31132866163267,1,False,False
83f0edfffffffff,-80.46910038907487,140.59945332818126,1,False,False
83f0eefffffffff,-78.76413662952436,136.95019357989187,1,False,False
83f0f0fffffffff,-75.01597990867981,135.39861616863828,1,False,False
83f0f1fffffffff,-76.06451549225451,134.69123641786038,1,False,False
83f0f2fffffffff,-74.3471310707474,132.1663919454001,1,False,False
83f0f3fffffffff,-75.39341419413421,131.2795427546766,1,False,False
83f0f4fffffffff,-74.56777591769846,139.30637743170414,1,False,False
83f0f5fffffffff,-75.62916668574296,138.8766193657532,1,False,False
83f0f6fffffffff,-73.95345684162783,136.0220012596289,1,False,False
83f100fffffffff,-67.69496654501339,171.7248521016053,1,False,False
83f101fffffffff,-68.63083333357395,172.98075649851904,1,False,False
83f102fffffffff,-67.65503862530925,168.94304164112458,1,False,False
83f103fffffffff,-68.60606806198835,170.05553394090404,1,False,False
83f104fffffffff,-66.77049153830913,173.26469732162914,1,False,False
83f105fffffffff,-67.68703476946833,174.53956739199324,1,False,False
83f106fffffffff,-66.7624207140224,170.57996325776477,1,False,False
83f108fffffffff,-70.51805561797677,172.64000751297263,1,False,False
83f109fffffffff,-71.4747375394333,174.14964151774774,1,False,False
83f10afffffffff,-70.47467430963852,169.42741271213413,1,False,False
83f10bfffffffff,-71.45124590973263,170.74670943557737,1,False,False
83f10cfffffffff,-69.56803134115638,174.36324393577624,1,False,False
83f10dfffffffff,-70.50421732086959,175.8905857314996,1,False,False
83f10efffffffff,-69.56105901190996,171.2821277513793,1,False,False
83f110fffffffff,-66.48377226050394,165.43930088511678,1,False,False
83f111fffffffff,-67.52054836887265,166.26200814995715,1,False,False
83f112fffffffff,-66.25120038750967,162.91450984672738,1,False,False
83f113fffffffff,-67.30832800271091,163.63348530038988,1,False,False
83f114fffffffff,-65.64604348878609,167.11610140959013,1,False,False
83f115fffffffff,-66.67259010249462,167.97207303188856,1,False,False
83f116fffffffff,-65.43642119884325,164.67781236689802,1,False,False
83f118fffffffff,-69.38978322322764,165.26143759513613,1,False,False
83f119fffffffff,-70.37627141140308,166.27186774066956,1,False,False
83f11afffffffff,-69.172312889084,162.4124815954817,1,False,False
83f11bfffffffff,-70.21652476215067,163.20492897515624,1,False,False
83f11cfffffffff,-68.5318325516066,167.174447538639,1,False,False
83f11dfffffffff,-69.50090617487028,168.2429197704157,1,False,False
83f11efffffffff,-68.35489679015582,164.41322337909884,1,False,False
83f120fffffffff,-65.76931117274887,177.29426526641964,1,False,False
83f121fffffffff,-66.64699528919526,178.6932615132565,1,False,False
83f122fffffffff,-65.83524983799443,174.6875851701939,1,False,False
83f123fffffffff,-66.73238089626888,175.97309548503685,1,False,False
83f124fffffffff,-64.80002278284053,178.5145355797692,1,False,False
83f125fffffffff,-65.65807568802508,179.9063384883255,1,False,False
83f126fffffffff,-64.89159787627534,176.004783132074,1,False,False
83f128fffffffff,-68.52531194320396,178.904681344707,1,False,False
83f129fffffffff,-69.41612774973223,-179.4185132742107,1,False,False
83f12afffffffff,-68.60435215689232,175.93561288198373,1,False,False
83f12bfffffffff,-69.52010784122773,177.46905249406876,1,False,False
83f12cfffffffff,-67.52239434591215,-179.78555882779523,1,False,False
83f12dfffffffff,-68.39290505731553,-178.1279106602029,1,False,False
83f12efffffffff,-67.62983654319,177.37401167431682,1,False,False
83f130fffffffff,-64.9474319655303,171.02434966224615,1,False,False
83f131fffffffff,-65.85672017797997,172.09699461039213,1,False,False
83f132fffffffff,-64.79800296437429,168.674651425627,1,False,False
83f133fffffffff,-65.81399731945923,169.5557387303709,1,False,False
83f134fffffffff,-64.04962532836244,172.41416289845367,1,False,False
83f135fffffffff,-64.94042800427988,173.50493204948592,1,False,False
83f136fffffffff,-63.94222493554627,170.12495505529012,1,False,False
83f140fffffffff,-74.1749894492607,-176.0621496415552,1,False,False
83f141fffffffff,-75.05236740323957,-173.40462577362547,1,False,False
83f142fffffffff,-74.3123209099086,179.8585855598017,1,False,False
83f143fffffffff,-75.23381980298801,-177.72733866930866,1,False,False
83f144fffffffff,-73.10502070449581,-174.60181065143672,1,False,False
83f145fffffffff,-73.9608393277801,-172.03640509180448,1,False,False
83f146fffffffff,-73.27631021546212,-178.42415963307522,1,False,False
83f148fffffffff,-77.00575206812599,-171.84594183723615,1,False,False
83f149fffffffff,-77.839856772199,-168.25485502807786,1,False,False
83f14afffffffff,-77.20272592652408,-176.8155363735958,1,False,False
83f14bfffffffff,-78.09869817999169,-173.54371547207725,1,False,False
83f14cfffffffff,-75.90167318748972,-170.40628921963034,1,False,False
83f14dfffffffff,-76.71476944964895,-167.01706903640107,1,False,False
83f14efffffffff,-76.13407081873726,-174.98146569360333,1,False,False
83f150fffffffff,-73.40330009001428,173.88554852017336,1,False,False
83f151fffffffff,-74.37276047337487,175.76649063478865,1,False,False
83f152fffffffff,-73.36129594639108,170.08621348625147,1,False,False
83f153fffffffff,-74.35754503356723,171.70302517841264,1,False,False
83f154fffffffff,-72.42833751667722,175.83548134711936,1,False,False
83f155fffffffff,-73.37553527321911,177.7267894928284,1,False,False
83f156fffffffff,-72.42836121284218,172.22354024247284,1,False,False
83f158fffffffff,-76.3332604788427,175.67760812914003,1,False,False
83f159fffffffff,-77.30368126782852,178.14487152226164,1,False,False
83f15afffffffff,-76.30096076656154,171.0340339784585,1,False,False
83f15bfffffffff,-77.30892937543796,173.11221783871824,1,False,False
83f15cfffffffff,-75.33269638156385,177.90769602629013,1,False,False
83f15dfffffffff,-76.27810204340724,-179.64022511484808,1,False,False
83f15efffffffff,-75.34953311312344,173.55067990915336,1,False,False
83f160fffffffff,-71.75860302345377,-169.7838783261199,1,False,False
83f161fffffffff,-72.54926342204104,-167.16656434091752,1,False,False
83f162fffffffff,-72.02677000697608,-173.31230264052542,1,False,False
83f163fffffffff,-72.8621604840426,-170.83926414414427,1,False,False
83f164fffffffff,-70.65213869577391,-168.8470815658844,1,False,False
83f165fffffffff,-71.42528849098883,-166.3425142192327,1,False,False
83f166fffffffff,-70.9426764579506,-172.16641100888123,1,False,False
83f168fffffffff,-74.4472606760139,-165.06959646065786,1,False,False
83f169fffffffff,-75.18262242006156,-161.71255428328442,1,False,False
83f16afffffffff,-74.7893622223169,-169.1715186150395,1,False,False
83f16bfffffffff,-75.58323080211795,-165.96857293554248,1,False,False
83f16cfffffffff,-73.30859892059368,-164.29064714228414,1,False,False
83f16dfffffffff,-74.02972927364907,-161.13262206816876,1,False,False
83f16efffffffff,-73.67121344562213,-168.1017371649149,1,False,False
83f170fffffffff,-71.33550736257985,-178.97386234456434,1,False,False
83f171fffffffff,-72.22814918284399,-176.90353891261353,1,False,False
83f172fffffffff,-71.43662186076162,177.58425362047788,1,False,False
83f173fffffffff,-72.36195847550205,179.46947757854198,1,False,False
83f174fffffffff,-70.29916555720067,-177.57692227410354,1,False,False
83f175fffffffff,-71.17079187790934,-175.5494248836097,1,False,False
83f176fffffffff,-70.43156468777288,179.15866138214545,1,False,False
83f180fffffffff,-66.00135489559722,153.3830479161982,1,False,False
83f181fffffffff,-67.11488083747611,153.71025892790908,1,False,False
83f182fffffffff,-65.56193789550723,150.9334618239269,1,False,False
83f183fffffffff,-66.68714200939854,151.15291067321698,1,False,False
83f184fffffffff,-65.28902974258752,155.48264818862938,1,False,False
83f185fffffffff,-66.39639557238112,155.8863878307581,1,False,False
83f186fffffffff,-64.88105155577195,153.08163757971292,1,False,False
83f188fffffffff,-68.91580036784605,151.65291941683782,1,False,False
83f189fffffffff,-70.01760545096347,151.93940502588396,1,False,False
83f18afffffffff,-68.46384457480889,148.92503663253893,1,False,False
83f18bfffffffff,-69.57703153086435,149.07625404597704,1,False,False
83f18cfffffffff,-68.22074891363852,154.06670716665244,1,False,False
83f18dfffffffff,-69.31809473863866,154.4564628321638,1,False,False
83f18efffffffff,-67.8053751350605,151.39182926889077,1,False,False
83f190fffffffff,-63.93884497417399,148.43740113800567,1,False,False
83f191fffffffff,-65.07927492488658,148.5445592827864,1,False,False
83f192fffffffff,-63.407044607682174,146.2052855005733,1,False,False
83f193fffffffff,-64.55474573994347,146.22209174656695,1,False,False
83f194fffffffff,-63.2940789967192,150.54419140402996,1,False,False
83f195fffffffff,-64.43062303452038,150.7312016998718,1,False,False
83f196fffffffff,-62.79374246766439,148.33824293910692,1,False,False
83f198fffffffff,-66.83398981775133,146.26006306468787,1,False,False
83f199fffffffff,-67.9638234144597,146.28162198323443,1,False,False
83f19afffffffff,-66.28126429048004,143.8167097422403,1,False,False
83f19bfffffffff,-67.41762321500678,143.72951689098463,1,False,False
83f19cfffffffff,-66.21415152153484,148.66072535635772,1,False,False
83f19dfffffffff,-67.34261796186568,148.78708394245993,1,False,False
83f19efffffffff,-65.69735032457496,146.24029073299087,1,False,False
83f1a0fffffffff,-64.89036035061892,159.84022700639238,1,False,False
83f1a1fffffffff,-65.97452515954951,160.40738376935082,1,False,False
83f1a2fffffffff,-64.55372687869506,157.45768366144793,1,False,False
83f1a3fffffffff,-65.65371068097924,157.92720292445904,1,False,False
83f1a4fffffffff,-64.10961757670238,161.63321424030707,1,False,False
83f1a5fffffffff,-65.18460682620295,162.24966297843844,1,False,False
83f1a6fffffffff,-63.79877908926903,159.31462627517632,1,False,False
83f1a8fffffffff,-67.83025738616506,158.98726213198552,1,False,False
83f1a9fffffffff,-68.90487847395164,159.5884505441296,1,False,False
83f1aafffffffff,-67.49620325953279,156.32480123236533,1,False,False
83f1abfffffffff,-68.58753468540652,156.8024969012711,1,False,False
83f1acfffffffff,-67.0502587413477,161.02110218491453,1,False,False
83f1adfffffffff,-68.11653537142378,161.68720161572122,1,False,False
83f1aefffffffff,-66.74621057568714,158.43542866065744,1,False,False
83f1b0fffffffff,-63.05533420570697,154.7640700420178,1,False,False
83f1b1fffffffff,-64.17503136191613,155.10966105319972,1,False,False
83f1b2fffffffff,-62.62371250015265,152.54495794551312,1,False,False
83f1b3fffffffff,-63.75486710952266,152.80310695869932,1,False,False
83f1b4fffffffff,-62.33518332729914,156.61853162011622,1,False,False
83f1b5fffffffff,-63.44722786404124,157.0226677024014,1,False,False
83f1b6fffffffff,-61.93087985579637,154.4429862861438,1,False,False
83f280fffffffff,-66.58676910308138,-168.6365965171272,1,False,False
83f281fffffffff,-66.22952395307995,-165.96483693544204,1,False,False
83f282fffffffff,-67.67532027417327,-169.39062510031417,1,False,False
83f283fffffffff,-67.33184866283405,-166.58032025685222,1,False,False
83f284fffffffff,-65.82491377201897,-170.55049278789735,1,False,False
83f285fffffffff,-65.50089593387179,-167.94967871565896,1,False,False
83f286fffffffff,-66.89573933223771,-171.3659977324628,1,False,False
83f288fffffffff,-66.49779194926504,-161.18225200908884,1,False,False
83f289fffffffff,-67.1105857216573,-133.50976860694118,1,False,False
83f28afffffffff,-67.62438549076907,-161.5697801888845,1,False,False
83f28bfffffffff,-67.14402978568228,-158.86384315566278,1,False,False
83f28cfffffffff,-65.8256410690257,-163.36012443471975,1,False,False
83f28efffffffff,-66.93865878985845,-163.84108076800194,1,False,False
83f290fffffffff,-69.038330993921,-173.246554306251,1,False,False
83f291fffffffff,-68.76518433746476,-170.22180042090565,1,False,False
83f292fffffffff,-70.10678009634715,-174.3371808160792,1,False,False
83f293fffffffff,-69.85485868646822,-171.14219014519847,1,False,False
83f294fffffffff,-68.2068515851166,-175.17798267872217,1,False,False
83f295fffffffff,-67.96740203648059,-172.26080162840898,1,False,False
83f296fffffffff,-69.25552285849052,-176.31775182795164,1,False,False
83f298fffffffff,-69.17743665341844,-164.95794757461076,1,False,False
83f299fffffffff,-68.75586556126804,-161.9985209756723,1,False,False
83f29afffffffff,-70.30086970406587,-165.61117894404396,1,False,False
83f29bfffffffff,-69.89118273721948,-162.47536115585598,1,False,False
83f29cfffffffff,-68.43727437706912,-167.2588387696479,1,False,False
83f29dfffffffff,-68.05629735680303,-164.37108824882654,1,False,False
83f29efffffffff,-69.544509020318,-168.01037553268992,1,False,False
83f2a2fffffffff,-65.04975942881856,-172.33244871395246,1,False,False
83f2a6fffffffff,-64.2644271078888,-173.99254087832836,1,False,False
83f2b0fffffffff,-66.33201444478694,-175.8799315646115,1,False,False
83f2b1fffffffff,-66.10226141869359,-173.19735035715024,1,False,False
83f2b2fffffffff,-67.36418764135233,-176.9530625287774,1,False,False
83f2b3fffffffff,-67.15516489950225,-174.14218660203278,1,False,False
83f2b4fffffffff,-65.50107521552165,-177.4870248157797,1,False,False
83f2b5fffffffff,-65.29821226218873,-174.89651998772462,1,False,False
83f2b6fffffffff,-66.51363552973838,-178.5870147437824,1,False,False
83f2c0fffffffff,-69.16982137130164,-123.8544904434875,1,False,False
83f2c2fffffffff,-69.53764437157959,-126.87132311755153,1,False,False
83f2c3fffffffff,-70.28365604063907,-124.3188262949188,1,False,False
83f2c6fffffffff,-68.4345101191159,-126.2867548134644,1,False,False
83f2cafffffffff,-72.12027508020454,-121.94545240341502,1,False,False
83f2d0fffffffff,-69.02867167528686,-132.30929264445905,1,False,False
83f2d1fffffffff,-69.85390076626902,-130.0102062684425,1,False,False
83f2d2fffffffff,-69.24532238225625,-135.46085432432196,1,False,False
83f2d3fffffffff,-70.1145406084204,-133.25878343742107,1,False,False
83f2d4fffffffff,-67.94687586843399,-131.45609469452162,1,False,False
83f2d5fffffffff,-68.75725407379045,-129.24694288719195,1,False,False
83f2d6fffffffff,-68.1762731679466,-134.43577608950156,1,False,False
83f2d8fffffffff,-71.76291964103972,-128.26053891817756,1,False,False
83f2d9fffffffff,-72.53191223711684,-125.43111481755096,1,False,False
83f2dafffffffff,-72.06006391262473,-131.82596645612685,1,False,False
83f2dbfffffffff,-72.88245538385362,-129.09412556131156,1,False,False
83f2dcfffffffff,-70.64752265099332,-127.52498028470718,1,False,False
83f2ddfffffffff,-71.40471360314766,-124.84061417047177,1,False,False
83f2defffffffff,-70.95535479044737,-130.8642883515,1,False,False
83f2f0fffffffff,-66.58368407969294,-127.9413004115616,1,False,False
83f2f1fffffffff,-67.33921671692451,-125.76097616433898,1,False,False
83f2f2fffffffff,-66.8706410529145,-130.68557518493043,1,False,False
83f2f3fffffffff,-67.66677897336214,-128.56097627483084,1,False,False
83f382fffffffff,-62.030567822833085,179.4180730719952,1,False,False
83f386fffffffff,-61.21175589373316,178.2289025496112,1,False,False
83f390fffffffff,-63.08493119878803,176.03192326096652,1,False,False
83f391fffffffff,-62.98740611675748,178.3614669676661,1,False,False
83f392fffffffff,-64.01581028460552,174.81360522750236,1,False,False
83f393fffffffff,-63.94167053305458,177.22639657986707,1,False,False
83f394fffffffff,-62.23147006668628,174.9221911882509,1,False,False
83f395fffffffff,-62.149673399860944,177.16793602847892,1,False,False
83f396fffffffff,-63.14364200479143,173.71082402177143,1,False,False
83f398fffffffff,-63.66988601676415,-177.94202450983363,1,False,False
83f399fffffffff,-63.47170804462923,-175.5403378593422,1,False,False
83f39afffffffff,-64.66509809738292,-178.97540312531947,1,False,False
83f39bfffffffff,-64.48654732212951,-176.47463256791525,1,False,False
83f39cfffffffff,-62.85054474570354,-179.30821719445782,1,False,False
83f39efffffffff,-63.82650100412879,179.64404999088418,1,False,False
83f3a2fffffffff,-59.47528322791929,178.11298218349924,1,False,False
83f3a4fffffffff,-57.779807949975634,178.0107572193056,1,False,False
83f3a6fffffffff,-58.68171206241939,177.07236725233267,1,False,False
83f3b0fffffffff,-60.48459884200207,175.0167261970817,1,False,False
83f3b1fffffffff,-60.395691706727554,177.11705424464662,1,False,False
83f3b2fffffffff,-61.35044236968107,173.914762037968,1,False,False
83f3b3fffffffff,-61.31493044155299,176.05542924802796,1,False,False
83f3b4fffffffff,-59.51436887713309,174.14224041722136,1,False,False
83f3b5fffffffff,-59.58376328669329,176.0759852164049,1,False,False
83f3b6fffffffff,-60.36873021738512,173.0432798402677,1,False,False
830000fffffffff,15.714587145021106,15.95171883303374,0,False,False
830004fffffffff,14.83056113240828,16.50456360843922,0,False,False
830006fffffffff,14.996574821631402,16.03689084857445,0,False,False
830010fffffffff,16.808883148664957,17.238465512583936,0,False,False
830011fffffffff,16.80508397982396,16.080614082576048,0,False,False
830012fffffffff,17.72454310927913,17.855960981654977,0,False,False
830013fffffffff,17.726092725285586,16.688571604881275,0,False,False
830014fffffffff,15.901935592577766,17.776157775076562,0,False,False
830015fffffffff,15.899327078839434,16.63216532961065,0,False,False
830016fffffffff,16.806229604020153,18.39153235153896,0,False,False
83001efffffffff,17.720710881546953,15.516742364251124,0,False,False
830020fffffffff,13.0840139015456,16.468045295300584,0,False,False
830022fffffffff,13.957150195618986,17.045554268708866,0,False,False
830024fffffffff,12.2339078770951,16.998793629783336,0,False,False
830026fffffffff,13.094794603097748,17.57497461509433,0,False,False
830030fffffffff,14.119523535943111,17.69950397943618,0,False,False
830031fffffffff,14.113026388558072,16.57799208901202,0,False,False
830032fffffffff,15.00576399089596,18.301958431162348,0,False,False
830033fffffffff,15.00397759876448,17.171696603623587,0,False,False
830034fffffffff,13.246404188408697,18.215878767913825,0,False,False
830035fffffffff,13.963926779484048,18.1616580977559,0,False,False
830036fffffffff,14.120832753400173,18.816171973976644,0,False,False
830080fffffffff,21.32227551776431,19.00888614445636,0,False,False
830081fffffffff,21.359040136416,17.799260542691638,0,False,False
830082fffffffff,22.25483835101618,19.690941326098628,0,False,False
830083fffffffff,22.29915788702652,18.472136975561703,0,False,False
830084fffffffff,20.35441765896485,19.53277907184435,0,False,False
830085fffffffff,20.392129975805155,18.33912365624975,0,False,False
830086fffffffff,21.2771379966888,20.21121152664845,0,False,False
830088fffffffff,22.36077171657181,16.01459469552216,0,False,False
830089fffffffff,22.377739680831148,14.778029714843653,0,False,False
83008afffffffff,23.317856378417048,16.679962639527062,0,False,False
83008bfffffffff,23.34164421119257,15.43222770471384,0,False,False
83008cfffffffff,21.387251414008865,16.583355242031015,0,False,False
83008dfffffffff,21.40675789760036,15.362223972260788,0,False,False
83008efffffffff,22.334528713989613,17.24633131920543,0,False,False
830090fffffffff,23.12744747396008,21.60439795338776,0,False,False
830091fffffffff,23.188921968649623,20.38543207711444,0,False,False
830092fffffffff,26.556048676436752,23.08414607662259,0,False,False
830093fffffffff,24.12360592031307,21.092491912529383,0,False,False
830095fffffffff,22.20177922232116,20.90171152495405,0,False,False
830096fffffffff,25.65705748051038,23.778898929453863,0,False,False
830098fffffffff,24.235793322887403,18.610995165233803,0,False,False
830099fffffffff,24.27708967975128,17.35853522903701,0,False,False
83009afffffffff,25.18790711244193,19.31304148077942,0,False,False
83009bfffffffff,25.237521314382327,18.05051338239956,0,False,False
83009cfffffffff,23.241302941483006,19.15766843088613,0,False,False
83009dfffffffff,23.284350693146493,17.922150213492262,0,False,False
83009efffffffff,24.184551874171174,19.85601343147986,0,False,False
8300a0fffffffff,19.24665312318838,20.73213698786836,0,False,False
8300a1fffffffff,18.64556855710023,18.484817236223503,0,False,False
8300a2fffffffff,20.20105010916321,21.32329476159232,0,False,False
8300a3fffffffff,20.154702554008928,20.14006539502048,0,False,False
8300a4fffffffff,18.348101372521963,21.310407277431704,0,False,False
8300a5fffffffff,17.71615055148181,19.01797271887341,0,False,False
8300a6fffffffff,19.291601360620568,21.89981519691808,0,False,False
8300a8fffffffff,19.59087303207264,16.747351773281615,0,False,False
8300a9fffffffff,19.58899134615229,15.550912898564707,0,False,False
8300aafffffffff,20.42184656154968,17.138872442630674,0,False,False
8300abfffffffff,20.44341369390364,15.933031880307658,0,False,False
8300acfffffffff,18.65295446626384,17.308010921675898,0,False,False
8300adfffffffff,18.65300026822425,16.126160778733084,0,False,False
8300aefffffffff,19.584901476077366,17.939111436324485,0,False,False
8300f4fffffffff,19.57917582376816,14.350815868407354,0,False,False
8300f6fffffffff,20.456705481754643,14.722637585756967,0,False,False
830100fffffffff,9.045165764572172,18.54156812651765,0,False,False
830101fffffffff,9.031708637187728,17.486681205539316,0,False,False
830102fffffffff,9.867829419079472,19.11571985376761,0,False,False
830103fffffffff,9.857888959218192,18.0534164449956,0,False,False
830104fffffffff,8.24503228929288,19.01963271496371,0,False,False
830105fffffffff,8.231206469460778,17.976676974854996,0,False,False
830106fffffffff,9.055565597086227,19.59159461297823,0,False,False
830108fffffffff,10.55554776126988,16.95383451483393,0,False,False
83010afffffffff,11.395289462139548,17.518419068105548,0,False,False
83010cfffffffff,9.741115803728968,17.46401905537722,0,False,False
83010efffffffff,10.568483556426774,18.027184795770133,0,False,False
830110fffffffff,10.701124267885897,20.763037782662742,0,False,False
830111fffffffff,10.69874002175066,19.699243583553496,0,False,False
830112fffffffff,11.535176173826976,21.362711211139523,0,False,False
830113fffffffff,11.537403313869063,20.292246632351528,0,False,False
830114fffffffff,9.877705234730504,21.2236737703049,0,False,False
830115fffffffff,9.874419217924002,20.172696827298147,0,False,False
830116fffffffff,10.699923227678722,21.82034206404976,0,False,False
830118fffffffff,11.529971100516562,18.13309317521624,0,False,False
830119fffffffff,12.243887661770424,18.09310434633769,0,False,False
83011afffffffff,12.38501117123162,18.72110722957921,0,False,False
83011bfffffffff,13.100842757277077,18.67804508173831,0,False,False
83011cfffffffff,10.692710185674466,18.629639244946457,0,False,False
83011dfffffffff,11.404776931070058,18.6002187488782,0,False,False
83011efffffffff,11.535689687679152,19.215470337328465,0,False,False
830121fffffffff,6.650622706345902,17.902715543270947,0,False,False
830123fffffffff,7.443252282141739,18.456708492636523,0,False,False
830128fffffffff,8.13313439053956,17.411653741441846,0,False,False
83012afffffffff,8.214613937799347,16.92930931017993,0,False,False
83012bfffffffff,8.9231084286108,16.910574834120915,0,False,False
83012efffffffff,7.426372043373312,17.420931334766067,0,False,False
830132fffffffff,9.067340810642346,21.67442200550694,0,False,False
830133fffffffff,9.062942914815457,20.636094177388184,0,False,False
830180fffffffff,15.757720886850407,24.07325787208175,0,False,False
830181fffffffff,14.97822776352707,21.65714191665789,0,False,False
830183fffffffff,16.624631590041623,23.54906235179076,0,False,False
830184fffffffff,14.075843741923412,23.21858261713812,0,False,False
830185fffffffff,14.09442263018254,22.129132544107986,0,False,False
830186fffffffff,15.794790603261392,25.172642418164934,0,False,False
830188fffffffff,15.889272173809454,20.04798074206988,0,False,False
830189fffffffff,15.89855390518951,18.91504932818099,0,False,False
83018afffffffff,17.459609282377386,21.875239493869667,0,False,False
83018bfffffffff,16.797213385675065,19.53891670218144,0,False,False
83018cfffffffff,14.99279186225212,20.545488951913537,0,False,False
83018dfffffffff,15.002005735021818,19.42682983029091,0,False,False
83018efffffffff,16.581687808393397,22.426990635972672,0,False,False
830194fffffffff,15.758730783082584,25.595269039600016,0,False,False
830196fffffffff,16.61694216231127,26.25744299117914,0,False,False
830199fffffffff,18.39203268323836,22.46270251224262,0,False,False
83019dfffffffff,17.50288081568429,23.012329749938225,0,False,False
8301a0fffffffff,12.364638208161946,23.041259340650203,0,False,False
8301a1fffffffff,12.376035142449652,21.971805652498468,0,False,False
8301a2fffffffff,13.206007489981106,23.66565079842369,0,False,False
8301a3fffffffff,13.223126904217136,22.590403932135544,0,False,False
8301a4fffffffff,11.51921006666737,23.481993651005435,0,False,False
8301a5fffffffff,11.529083345365082,22.426179135684624,0,False,False
8301a6fffffffff,12.349199571433646,24.10253432155391,0,False,False
8301a8fffffffff,13.24400467627358,20.41641991890189,0,False,False
8301a9fffffffff,13.247557669238065,19.319097094821824,0,False,False
8301aafffffffff,14.10818818148263,21.031757871699003,0,False,False
8301abfffffffff,14.117025363019502,19.92718517743,0,False,False
8301acfffffffff,12.383288505785805,20.89483170720565,0,False,False
8301adfffffffff,12.386307083727749,19.811026476675814,0,False,False
8301aefffffffff,13.23582887102788,21.507096381269744,0,False,False
8301b0fffffffff,14.024767594709571,25.37097146725181,0,False,True
8301b1fffffffff,14.052579081068863,24.299414859871696,0,False,False
8301b2fffffffff,14.837941037653716,26.003528129499028,0,False,True
8301b3fffffffff,15.826099105772716,26.26344775783572,0,False,False
8301b4fffffffff,13.018225711867917,25.7263088017636,0,False,True
8301b5fffffffff,13.18459040824614,24.73217814507981,0,False,True
8301b6fffffffff,13.825917131115652,26.36048428578172,0,False,True
830200fffffffff,16.811035698229734,2.0389905513171964,0,False,False
830201fffffffff,15.776254017763735,2.197704770739328,0,False,False
830202fffffffff,17.223831550434454,0.9696712122312224,0,False,False
830203fffffffff,16.19289761646999,1.130112168577766,0,False,False
830205fffffffff,16.39273890510679,3.103634077474892,0,False,False
83020cfffffffff,14.728441440375326,2.356758401517105,0,False,False
83020efffffffff,15.1496995354015,1.2881264651882518,0,False,False
830211fffffffff,17.63171049739182,-0.1064060944450709,0,False,False
830213fffffffff,18.034175450431384,-1.188539801750014,0,False,False
830218fffffffff,15.973354503078026,-0.8525473277423958,0,False,False
830219fffffffff,14.927216801488315,-0.6965687396031548,0,False,False
83021afffffffff,16.37492458666851,-1.9230972841022207,0,False,False
83021bfffffffff,15.33437682515163,-1.7684774179103353,0,False,False
83021cfffffffff,16.602968080129063,0.0612475203606863,0,False,False
83021dfffffffff,15.564812399320818,0.2181096849464929,0,False,False
83021efffffffff,17.006057035823023,-1.0081466705506383,0,False,False
830221fffffffff,16.571256487276496,5.079152666294761,0,False,False
83022afffffffff,15.353469236097547,3.26328811795316,0,False,False
83022cfffffffff,15.538225068811071,5.224334841199135,0,False,False
83022efffffffff,15.968315752292192,4.165654472619472,0,False,False
830281fffffffff,18.549564149322435,-5.314233021711376,0,False,False
830283fffffffff,18.91909081163997,-6.402493835941644,0,False,False
83029cfffffffff,19.2811968590284,-7.492330098997828,0,False,False
83029efffffffff,19.6355296810552,-8.582955470022217,0,False,False
8302a8fffffffff,17.78978641815154,-3.1455457267690856,0,False,False
8302a9fffffffff,16.76914754971919,-2.992793343376692,0,False,False
8302aafffffffff,18.17299526361238,-4.228327185010234,0,False,False
8302abfffffffff,17.155676079604426,-4.060892233480917,0,False,False
8302acfffffffff,18.430743312686168,-2.276003163477103,0,False,False
8302adfffffffff,17.401781663634406,-2.077325691175753,0,False,False
830346fffffffff,14.564454468322724,9.395495462827157,0,False,False
830350fffffffff,15.703864550584232,7.166882178304824,0,False,False
830352fffffffff,16.138975432919487,6.128009615100197,0,False,False
830354fffffffff,16.287505281312463,8.111063707069722,0,False,False
830355fffffffff,15.262254237914403,8.211011260242431,0,False,False
830373fffffffff,15.842127542881956,9.141146113736704,0,False,False
830400fffffffff,35.68560180131197,8.39761565704824,0,False,False
830401fffffffff,35.409645611967406,6.985617165072649,0,False,False
830402fffffffff,36.81530613547162,8.826727897931363,0,False,False
830403fffffffff,36.54420332631649,7.392864672092164,0,False,False
830404fffffffff,34.81883048197093,9.380868589750383,0,False,False
830406fffffffff,35.94495900798115,9.819119726496623,0,False,False
830410fffffffff,38.69891839310255,6.236330061846573,0,False,False
830411fffffffff,38.214896147053786,4.862369762550484,0,False,False
830412fffffffff,39.86900448030589,6.400289146911058,0,False,False
830413fffffffff,39.38822051181871,5.004038145486796,0,False,False
830414fffffffff,37.30475026008931,11.72044521292721,0,False,False
830415fffffffff,37.06897094151797,10.269840310470537,0,False,False
830416fffffffff,38.418431551855775,12.205822676315837,0,False,False
83041afffffffff,39.551371660414055,2.367234091416527,0,False,False
83041cfffffffff,37.67685384889814,7.812056758167037,0,False,False
83041efffffffff,38.890337685222384,3.625480060601071,0,False,False
830422fffffffff,33.94506112836419,10.342745456400802,0,False,False
830431fffffffff,35.06699675896664,10.78938208195602,0,False,False
830433fffffffff,36.18724954285156,11.24846009831414,0,False,False
830435fffffffff,34.182605194759184,11.737708960385572,0,False,False
83045bfffffffff,29.270223993367445,2.1021933281671124,0,False,False
830480fffffffff,44.04024948217714,5.617582369908755,0,False,False
830481fffffffff,43.55717975143363,4.144038698184858,0,False,False
830482fffffffff,45.18819650505598,5.783856559670606,0,False,False
830483fffffffff,44.71011955206808,4.284539621458157,0,False,False
830484fffffffff,43.3532080945968,6.924248188075111,0,False,False
830485fffffffff,42.88535425802535,5.456712463008046,0,False,False
830486fffffffff,44.50275232585649,7.110469708203915,0,False,False
830488fffffffff,43.69325001956642,1.3516016096214456,0,False,False
830489fffffffff,43.15642132458968,-0.079247585143029,0,False,False
83048afffffffff,44.84722940351917,1.4452850933519374,0,False,False
83048bfffffffff,44.31328516946325,-0.0103350496225759,0,False,False
83048cfffffffff,43.05442279605885,2.691374618968068,0,False,False
83048dfffffffff,42.53293032912772,1.2609756944035475,0,False,False
83048efffffffff,44.21148811561164,2.80663218123307,0,False,False
830496fffffffff,46.02015506255743,16.023626436783857,0,False,False
830499fffffffff,45.99398327954868,1.5421830093102706,0,False,False
83049bfffffffff,47.1326600950909,1.6424630998679337,0,False,False
83049cfffffffff,45.855723953585326,4.429825883898123,0,False,False
83049dfffffffff,45.361714132998245,2.925799385624693,0,False,False
8304a0fffffffff,41.49360059200194,8.005351680537254,0,False,False
8304a1fffffffff,41.03539409576629,6.569428360178607,0,False,False
8304a2fffffffff,42.65014583606599,8.203993871791564,0,False,False
8304a3fffffffff,42.197112938139504,6.743994040751961,0,False,False
8304a5fffffffff,40.331853072850976,7.812887157158292,0,False,False
8304a8fffffffff,41.23289311109735,3.876483461698223,0,False,False
8304a9fffffffff,40.72342009381521,2.4718466496175644,0,False,False
8304aafffffffff,42.39779685191874,4.008092129635922,0,False,False
8304abfffffffff,41.891422617158575,2.5798382911310727,0,False,False
8304acfffffffff,40.5583894359801,5.15017398551945,0,False,False
8304adfffffffff,40.06341675773833,3.7490096534106527,0,False,False
8304aefffffffff,41.72442141984919,5.300989992610615,0,False,False
8304b1fffffffff,43.80054671130936,8.409111001699902,0,False,False
8304c0fffffffff,33.60011385278818,7.065069824635016,0,False,False
8304c1fffffffff,33.29973280110228,5.716363015612457,0,False,False
8304c4fffffffff,39.69766833635135,-2.905476811182703,0,False,False
8304c5fffffffff,32.47632105166844,6.6848877317835775,0,False,False
8304c8fffffffff,33.78560573958873,3.399262950320364,0,False,False
8304c9fffffffff,33.44816809990087,2.07968909919284,0,False,False
8304ccfffffffff,32.98608614952984,4.382111734228867,0,False,False
8304cdfffffffff,32.65987106082083,3.06350741042145,0,False,False
8304cefffffffff,34.110449142429374,4.735649669480146,0,False,False
8304d4fffffffff,42.60207721112759,-1.4847743136201017,0,False,False
8304d6fffffffff,43.76096048740931,-1.4398534717455456,0,False,False
8304e2fffffffff,39.09714173037358,-1.6111333100880256,0,False,False
8304eafffffffff,32.17362458103859,5.353581845484052,0,False,False
8304ebfffffffff,31.85842224166173,4.036767095826919,0,False,False
8304f0fffffffff,40.82609857357558,-0.210475459262916,0,False,False
8304f1fffffffff,40.269224740695655,-1.570347738230128,0,False,False
8304f2fffffffff,41.99371761302295,-0.1459254582150781,0,False,False
8304f3fffffffff,41.43785453224548,-1.5282495252916564,0,False,False
8304f4fffffffff,40.19695696468128,1.0883183976582211,0,False,False
8304f5fffffffff,39.65451262285614,-0.2729976914726361,0,False,False
8304f6fffffffff,41.36718555615503,1.1732604974208207,0,False,False
830504fffffffff,27.29221802512505,15.581880994200786,0,False,False
830510fffffffff,31.876309847885548,17.160909393645746,0,False,False
830514fffffffff,30.9628426915056,17.99097769556278,0,False,False
830515fffffffff,30.79074321665688,16.654190199129108,0,False,False
830516fffffffff,32.040539318000675,18.51359618020619,0,False,False
830520fffffffff,25.3048261919949,15.505374612147897,0,False,False
830522fffffffff,26.281906268648893,16.188813181679535,0,False,False
830524fffffffff,24.308234407754952,16.09977330042046,0,False,False
830525fffffffff,24.32905725386528,14.835884843355602,0,False,False
830526fffffffff,25.276561669200422,16.78089235137491,0,False,False
830530fffffffff,27.21450238771613,18.184722683285,0,False,False
830531fffffffff,27.25929794066748,16.88644042173101,0,False,False
830532fffffffff,30.04987572795789,18.800275380032964,0,False,False
830533fffffffff,29.88443188690927,17.48066297947773,0,False,False
830534fffffffff,26.198176746088183,18.75609038831073,0,False,False
830535fffffffff,26.24565046101124,17.475804634865792,0,False,False
830536fffffffff,27.1580613787581,19.47545070548932,0,False,False
830580fffffffff,37.13157047548456,18.450957905060903,0,False,False
830581fffffffff,36.97899291853472,17.00904812653151,0,False,False
830582fffffffff,38.20527508353661,19.021164930108856,0,False,False
830583fffffffff,38.06283454987256,17.560955139036373,0,False,False
830584fffffffff,36.19655475157055,19.31674788437544,0,False,False
830585fffffffff,36.05206449452591,17.895130762768954,0,False,False
830586fffffffff,37.26588258713803,19.889927004063047,0,False,False
83058cfffffffff,36.80815102538902,15.566018348137774,0,False,False
83058efffffffff,37.90148096013455,16.098878170910414,0,False,False
830590fffffffff,39.38443438365756,21.080257850548048,0,False,False
830591fffffffff,39.27215088533044,19.60619974364521,0,False,False
830592fffffffff,40.43165425707164,21.698278279211447,0,False,False
830593fffffffff,40.33118854413223,20.206521472210863,0,False,False
830595fffffffff,38.32884650423141,20.477620360101955,0,False,False
83059cfffffffff,39.1404166514283,18.12751471534201,0,False,False
83059efffffffff,40.210714780019394,18.70920289727616,0,False,False
8305a0fffffffff,34.18964429688975,19.59719413359832,0,False,False
8305a1fffffffff,34.04293102341701,18.212259819778875,0,False,False
8305a4fffffffff,33.256467478240445,20.41428731815623,0,False,False
8305a5fffffffff,33.11648654501828,19.048878647928923,0,False,False
8305aafffffffff,35.88993215115161,16.471331055643727,0,False,False
8305aefffffffff,34.967798307589604,17.353247069435625,0,False,False
830984fffffffff,-7.248856038863015,16.96073904685654,0,False,False
830994fffffffff,-9.290549023916878,18.615686790337097,0,False,False
830996fffffffff,-9.86514754918338,19.46748315693681,0,False,False
8309a2fffffffff,-7.559967969516147,16.083254526387574,0,False,False
8309a3fffffffff,-6.677489587613048,16.129423167555768,0,False,False
8309aefffffffff,-5.810113054213296,16.174639407281788,0,False,False
8309b0fffffffff,-9.040990375583185,16.884921520966348,0,False,False
8309b1fffffffff,-8.137458857526465,16.923230968488163,0,False,False
8309b2fffffffff,-9.623622627616676,17.738128015056006,0,False,False
8309b3fffffffff,-8.714485812016937,17.767487215583504,0,False,False
8309b4fffffffff,-9.370065253476987,15.987937341499013,0,False,False
8309b5fffffffff,-8.457514659650997,16.03610313437351,0,False,False
8309b6fffffffff,-9.959368048225928,16.845784780186218,0,False,False
830a20fffffffff,28.10489964992519,33.3442752390017,0,False,False
830a21fffffffff,28.109169885508155,32.161352298846445,0,False,False
830a22fffffffff,29.06143708783116,33.981995157587384,0,False,False
830a24fffffffff,27.13413505259764,33.90149053231643,0,False,False
830a25fffffffff,27.14944104626285,32.7204142887207,0,False,False
830a26fffffffff,28.090230287306422,34.54224750974511,0,False,False
830a30fffffffff,30.003324450829027,35.86609821514815,0,False,False
830a31fffffffff,30.01815171242535,34.633877674659665,0,False,False
830a34fffffffff,29.021129596847963,36.42608082274231,0,False,False
830a35fffffffff,29.04693454185884,35.19702065598862,0,False,False
830a48fffffffff,31.263336440462403,20.65702843764478,0,False,False
830a49fffffffff,31.120384032828543,19.325736868796817,0,False,False
830a4afffffffff,32.323470903716924,21.20951041224163,0,False,False
830a59fffffffff,33.38070885172356,21.77483376122564,0,False,False
830a64fffffffff,26.78637619426489,25.553547032812123,0,False,False
830a65fffffffff,26.67702310649073,24.322678801195792,0,False,False
830a69fffffffff,26.13972108251475,20.028455391215665,0,False,False
830a6dfffffffff,25.12795847505964,20.567321250810803,0,False,False
830b0afffffffff,26.15340250802425,34.45345299249819,0,False,False
830b0bfffffffff,26.17955146716644,33.274459658104696,0,False,False
830b18fffffffff,27.07240173604467,36.30627112376687,0,False,False
830b19fffffffff,27.10856985799813,35.09704010569196,0,False,False
830b1afffffffff,28.02821859825107,36.98015938618,0,False,False
830b1bfffffffff,28.06478704568813,35.754491366002064,0,False,False
830b1efffffffff,27.02531155571284,37.52832479232199,0,False,False
830b24fffffffff,15.810845489419426,35.523884226115456,0,False,False
830b25fffffffff,16.051150129020844,34.41370364284903,0,False,False
830b42fffffffff,25.16488705533831,29.21129231168218,0,False,False
830b43fffffffff,25.08033885321179,28.036892624204693,0,False,False
830b4bfffffffff,25.77517665498327,24.99927626243272,0,False,False
830b50fffffffff,26.20292377985508,30.961071935048256,0,False,False
830b51fffffffff,26.13847055277133,29.7904617385618,0,False,False
830b52fffffffff,27.15485261815965,31.55453506994661,0,False,False
830b54fffffffff,25.24525284242513,31.51305512794941,0,False,False
830b55fffffffff,25.2394004885404,30.37460826977514,0,False,False
830b56fffffffff,26.195940747894777,32.11010857913963,0,False,False
830b5cfffffffff,26.063685667439263,28.60810686884001,0,False,False
830b5dfffffffff,25.97833779779541,27.41485113627873,0,False,False
830b64fffffffff,17.319626713332298,27.973856178625898,0,False,False
830b65fffffffff,17.4776226644706,26.92915604163239,0,False,False
830b66fffffffff,18.158909349780423,28.65541873333705,0,False,False
830b75fffffffff,19.00312296261546,29.34964012686682,0,False,False
830b94fffffffff,31.52592848514793,45.08438650964903,0,False,False
830b96fffffffff,32.452532064185576,45.892369313071846,0,False,False
830ba8fffffffff,28.934213740810662,38.92261514586248,0,False,False
830ba9fffffffff,28.98366509358329,37.668270338178274,0,False,False
830bacfffffffff,27.92044014886785,39.46804102555019,0,False,False
830badfffffffff,27.98020075885859,38.21833620645245,0,False,False
830baefffffffff,28.87248191286346,40.18807550480375,0,False,False
830bb4fffffffff,28.498253644538654,45.33821790035789,0,False,False
830bb5fffffffff,28.61124744241433,44.03985416272879,0,False,False
830c0bfffffffff,28.92175896492762,-14.114443606065096,0,False,False
830c14fffffffff,30.39140355263143,-7.7661755074650785,0,False,False
830c15fffffffff,29.977012006750293,-8.898995611655318,0,False,False
830c24fffffffff,25.27037599465077,-7.566333148695531,0,False,False
830c25fffffffff,24.889737311971,-8.648116870901124,0,False,False
830c26fffffffff,26.37015723469157,-7.383933591692177,0,False,False
830c32fffffffff,29.6899537625186,-6.810814286239628,0,False,False
830c33fffffffff,29.2856881938622,-7.950872747457915,0,False,False
830c34fffffffff,27.862822732667787,-6.0658324085073385,0,False,False
830c35fffffffff,27.473907866040584,-7.197311179912964,0,False,False
830c60fffffffff,49.91841039781684,-42.99511560839251,0,False,False
830c61fffffffff,48.97872928721719,-43.02701595450044,0,False,False
830c66fffffffff,50.87355287264091,-42.96138980954683,0,False,False
830c6cfffffffff,48.05463118680076,-43.05723513183483,0,False,False
830c70fffffffff,51.903416361941375,-45.92313170454423,0,False,False
830c75fffffffff,51.39647292424507,-44.42173081909516,0,False,False
830d01fffffffff,23.06681193971685,-4.8488568151733,0,False,False
830d03fffffffff,24.1694866175628,-4.6370646473475645,0,False,False
830d08fffffffff,23.450278123696712,-6.84452615595138,0,False,False
830d09fffffffff,23.08596837868871,-7.919010506617931,0,False,False
830d0afffffffff,24.54638993317268,-6.656418110885874,0,False,False
830d0bfffffffff,24.17538152561845,-7.744648003553048,0,False,False
830d0cfffffffff,22.71502634886614,-5.948174400324197,0,False,False
830d0dfffffffff,22.36019300008705,-7.028491193438448,0,False,False
830d0efffffffff,23.811659058466315,-5.75045125795268,0,False,False
830d12fffffffff,27.11074504629407,-1.8557044880463751,0,False,False
830d18fffffffff,26.02114347813464,-5.341456212997366,0,False,False
830d19fffffffff,25.647734349234767,-6.464029705389877,0,False,False
830d1afffffffff,27.13233294795205,-5.129882173598729,0,False,False
830d1bfffffffff,26.75349224746768,-6.267217650310735,0,False,False
830d1cfffffffff,25.27746948404856,-4.420476436367214,0,False,False
830d1dfffffffff,24.913971135380084,-5.548261160377122,0,False,False
830d1efffffffff,26.38991697727627,-4.198933812343698,0,False,False
830d40fffffffff,20.9219403158293,-11.155465835419337,0,False,False
830d41fffffffff,21.77675273394532,-14.377433298530384,0,False,False
830d42fffffffff,21.98141068116491,-11.023085299687214,0,False,False
830d43fffffffff,22.787451736077752,-14.71129861100408,0,False,False
830d44fffffffff,20.22312724697828,-10.294766771516064,0,False,False
830d45fffffffff,21.4536909236856,-13.295043559358133,0,False,False
830d46fffffffff,21.283238886936537,-10.153146406511173,0,False,False
830d48fffffffff,21.40082041027283,-16.18236735488046,0,False,False
830d49fffffffff,30.82337679172916,-32.83655034245681,0,False,False
830d4afffffffff,32.52587545029586,-32.67661748270324,0,False,False
830d4cfffffffff,21.09159689209271,-15.118572276766336,0,False,False
830d4dfffffffff,20.41418141715172,-15.841308070203358,0,False,False
830d4efffffffff,22.090323959981216,-15.456235360327966,0,False,False
830d54fffffffff,22.719335251455377,-8.973690451461705,0,False,False
830d55fffffffff,22.3509626020966,-10.008413595434934,0,False,False
830d56fffffffff,23.801583147323587,-8.812719687814603,0,False,False
830d60fffffffff,20.3196038342478,-10.763414482702816,0,False,False
830d61fffffffff,19.6406098334882,-11.535926771229652,0,False,False
830d63fffffffff,21.121321959362035,-12.209824095724423,0,False,False
830d64fffffffff,19.98176411239573,-9.673580184984347,0,False,False
830d68fffffffff,19.288149395683625,-13.351228900938954,0,False,False
830d69fffffffff,19.12958297020124,-14.62645973583875,0,False,False
830d6afffffffff,20.773211630146577,-14.050769661319,0,False,False
830d6bfffffffff,20.100160945635498,-14.788053517470262,0,False,False
830d6efffffffff,20.445835189030152,-12.979682260417189,0,False,False
830d70fffffffff,20.92693192178947,-8.256380586253023,0,False,False
830d71fffffffff,20.575500811221065,-9.285196776215535,0,False,False
830d72fffffffff,22.002905199632625,-8.089547498600268,0,False,False
830d73fffffffff,21.643736567957752,-9.131145605835682,0,False,False
830d75fffffffff,19.858757250989363,-8.419626402198382,0,False,False
830d76fffffffff,21.276900587350724,-7.20844493386835,0,False,False
830d80fffffffff,31.244359026056205,-2.033950079637922,0,False,False
830d81fffffffff,30.8667595718006,-3.2598087040465664,0,False,False
830d82fffffffff,32.36810449681733,-1.7680955032307502,0,False,False
830d83fffffffff,31.988208349470074,-3.010870309815494,0,False,False
830d86fffffffff,31.613272833999805,-0.7879343336149971,0,False,False
830d88fffffffff,31.20358922345273,-5.4326413866759244,0,False,False
830d89fffffffff,30.80053100432145,-6.610631592717224,0,False,False
830d8afffffffff,32.31849236875461,-5.21133106322326,0,False,False
830d8cfffffffff,30.48128658142125,-4.464900832471983,0,False,False
830d8efffffffff,31.59975831836428,-4.232569138731581,0,False,False
830d9dfffffffff,32.717799386175656,-3.9945897264504,0,False,False
830da4fffffffff,27.80451833734893,0.561539698903425,0,False,False
830da5fffffffff,27.4613723497377,-0.6560260897554719,0,False,False
830da6fffffffff,28.93368672747021,0.851220375997129,0,False,False
830da9fffffffff,28.24667583923042,-4.913378123903287,0,False,False
830db0fffffffff,31.19330864343732,1.4510476576241862,0,False,False
830db1fffffffff,30.84487272999788,0.1841313390862881,0,False,False
830db2fffffffff,32.321819649632275,1.7616475156166338,0,False,False
830db3fffffffff,31.97269261469456,0.4775327853382709,0,False,False
830db6fffffffff,31.53140848780001,2.735575407414846,0,False,False
831000fffffffff,6.651018913972202,32.515351183061355,0,False,False
831001fffffffff,7.701047189644294,32.17602994577328,0,False,False
831002fffffffff,6.375513389472106,33.5543332453147,0,False,False
831003fffffffff,7.431365684301321,33.217096393625425,0,False,False
831004fffffffff,5.879775689432178,31.824847348725047,0,False,False
831005fffffffff,6.921540409106751,31.485966598000097,0,False,False
831006fffffffff,5.6034854963062015,32.852350045425055,0,False,False
831008fffffffff,9.548622905950117,32.53544485170904,0,False,False
831009fffffffff,10.608363275972035,32.1910279804997,0,False,False
83100afffffffff,9.285917156491676,33.59034702892162,0,False,False
83100bfffffffff,10.352405259829396,33.24808497978095,0,False,True
83100cfffffffff,8.75276105005146,31.83438629270741,0,False,False
83100dfffffffff,9.805342178434008,31.490420843014256,0,False,False
83100efffffffff,8.48934503799088,32.87746740295512,0,False,False
831010fffffffff,5.037334346896534,34.934776914553936,0,False,True
831011fffffffff,6.095202252301159,34.60235513952567,0,False,False
831012fffffffff,4.747889833673957,35.98854750879755,0,False,True
831013fffffffff,5.810284471155886,35.658825306158725,0,False,True
831014fffffffff,4.273444973236437,34.22163941403608,0,False,False
831015fffffffff,5.322605569174882,33.8891800226254,0,False,False
831016fffffffff,3.983677033735091,35.264748975315925,0,False,True
831018fffffffff,7.945855730009931,34.99182912275045,0,False,True
831019fffffffff,9.01735893655661,34.65454315405966,0,False,True
83101afffffffff,7.666118466507366,36.061900774021005,0,False,True
83101bfffffffff,8.743105331613808,35.72741304728522,0,False,True
83101cfffffffff,7.156473575081305,34.26747889805106,0,False,False
83101dfffffffff,8.220324306195662,33.93014403826958,0,False,False
83101efffffffff,6.8765494249197765,35.32658794092017,0,False,True
831020fffffffff,5.390747633036311,30.13963583989373,0,False,False
831021fffffffff,6.417892228400043,29.799894340644432,0,False,False
831022fffffffff,5.118083672556253,31.145512711877,0,False,False
831023fffffffff,6.151297518945187,30.807198290627085,0,False,False
831024fffffffff,4.640276726130853,29.483180812243784,0,False,False
831026fffffffff,4.366346929544249,30.47726484847955,0,False,False
831028fffffffff,8.224171105473939,30.124027324039584,0,False,False
831029fffffffff,9.262261876561102,29.779177662208586,0,False,False
83102afffffffff,7.96536094625628,31.144834084461948,0,False,False
83102bfffffffff,9.010437621893184,30.80145171648304,0,False,False
83102cfffffffff,7.447020608838776,29.458044577188783,0,False,False
83102dfffffffff,8.477362818564703,29.114091428968003,0,False,False
83102efffffffff,7.186920073943901,30.466702124652485,0,False,False
831030fffffffff,3.805556627563216,32.495849188035166,0,False,False
831031fffffffff,4.84085597620544,32.16147508352363,0,False,False
831032fffffffff,3.5190742264147654,33.51938400175796,0,False,False
831033fffffffff,4.5592436627506325,33.18702721587698,0,False,False
831034fffffffff,3.0619408290878583,31.81558710586493,0,False,False
831035fffffffff,4.0880469607777465,31.481642926556365,0,False,False
831036fffffffff,2.7746359792148603,32.82796967010989,0,False,False
831040fffffffff,14.007859738037103,30.09137755851125,0,False,True
831041fffffffff,15.052440513540368,29.735836758533686,0,False,False
831042fffffffff,13.781966177641118,31.14341419050906,0,False,True
831043fffffffff,14.835178778135225,30.78942636336058,0,False,False
831044fffffffff,13.18714035382145,29.405485720116484,0,False,True
831045fffffffff,14.226380540745216,29.05090678535719,0,False,True
831046fffffffff,12.960046427683231,30.44461017994428,0,False,True
831048fffffffff,16.929708201409994,30.074291795657786,0,False,False
831049fffffffff,17.96943889568567,29.713153086402748,0,False,False
83104afffffffff,16.722472204216505,31.14267096660724,0,False,False
83104cfffffffff,16.092992581020997,29.37799273139088,0,False,False
83104dfffffffff,17.128735818704182,29.01785121151318,0,False,False
83104efffffffff,15.884693503192802,30.433051025899548,0,False,False
831050fffffffff,12.484654813731092,32.55615752985142,0,False,True
831051fffffffff,13.548709241242122,32.20648973931388,0,False,True
831052fffffffff,12.236452385872155,33.627474713179545,0,False,True
831053fffffffff,13.3081220102326,33.28003577839396,0,False,False
831054fffffffff,11.667726413928838,31.84421671138948,0,False,True
831055fffffffff,12.72587265212019,31.495011667149765,0,False,True
831056fffffffff,11.41893598497965,32.90335566221552,0,False,True
831058fffffffff,15.444235303391466,32.577518263289775,0,False,False
831059fffffffff,16.506979029079357,32.22243706438162,0,False,False
83105afffffffff,15.212058561428336,33.665768756333684,0,False,False
83105bfffffffff,16.283204403095166,33.312994291213904,0,False,False
83105cfffffffff,14.610252654202814,31.854352171017737,0,False,False
83105dfffffffff,15.668448142842392,31.49974544997756,0,False,False
83105efffffffff,14.377668285842717,32.93005085602504,0,False,False
831060fffffffff,12.595309725570694,27.71736618869917,0,False,True
831061fffffffff,13.620057394401831,27.362993104545133,0,False,True
831062fffffffff,12.373629304903778,28.73162750680013,0,False,True
831063fffffffff,13.407141259682644,28.37812992137717,0,False,True
831064fffffffff,11.7914317356725,27.068467779866385,0,False,False
831065fffffffff,12.810167751812353,26.7154677419588,0,False,True
831066fffffffff,11.567893804320512,28.069670549472573,0,False,False
831068fffffffff,15.464062635482549,27.664706233237137,0,False,True
831069fffffffff,16.485951494075234,27.3047970172245,0,False,False
83106afffffffff,15.262055280407218,28.69410412037607,0,False,True
83106bfffffffff,16.293389855431272,28.33508467417278,0,False,False
83106cfffffffff,14.641377220275404,27.006560372786865,0,False,True
83106dfffffffff,15.658522752062105,26.648077812621874,0,False,True
83106efffffffff,14.437541651269704,28.02248680972453,0,False,True
831070fffffffff,11.101129033169904,30.10794842558623,0,False,False
831071fffffffff,12.14512341027728,29.757834743280107,0,False,True
831072fffffffff,10.857966818762694,31.1441348936815,0,False,False
831073fffffffff,11.909809441130191,30.79553043732987,0,False,True
831074fffffffff,10.300398538903917,29.432157590879225,0,False,False
831075fffffffff,11.337785582629428,29.082972254883813,0,False,False
831076fffffffff,10.055963722483437,30.45582207414217,0,False,False
831080fffffffff,4.629225879013928,39.95625629143368,0,False,True
831081fffffffff,5.710843977279271,39.63735718451415,0,False,True
831082fffffffff,4.324949863401555,41.045020652104206,0,False,True
831083fffffffff,5.409171733841744,40.73014106796232,0,False,True
831084fffffffff,3.856979641390554,39.19250896534728,0,False,True
831085fffffffff,4.930182534769379,38.87253229352042,0,False,True
831086fffffffff,3.55339411791443,40.272441708993874,0,False,True
831088fffffffff,7.593087760420453,40.09206144535056,0,False,True
831089fffffffff,8.691051278549658,39.76882806450754,0,False,True
83108afffffffff,7.293518218130487,41.197862096379865,0,False,True
83108bfffffffff,8.395034373182433,40.87880662730979,0,False,True
83108cfffffffff,6.797417370332673,39.315729315702775,0,False,True
83108dfffffffff,7.888090461665041,38.99135804132737,0,False,True
83108efffffffff,6.498835601475764,40.41249362272501,0,False,True
831090fffffffff,2.9381075148301075,42.44588228560261,0,False,False
831091fffffffff,4.017664446155835,42.1380693832696,0,False,False
831092fffffffff,2.6270580658052585,43.537872090823335,0,False,False
831093fffffffff,3.707694168010416,43.23462807465247,0,False,False
831094fffffffff,2.1761096395701816,41.66654557859558,0,False,False
831095fffffffff,3.2469968919153485,41.35714962225739,0,False,False
831096fffffffff,1.8660885062053625,42.750932968802594,0,False,False
831098fffffffff,5.8898298621198135,42.61969663697235,0,False,False
831099fffffffff,6.989672418872972,42.30796656320134,0,False,True
83109afffffffff,5.580030707291109,43.72854289374637,0,False,False
83109bfffffffff,6.681860244815433,43.42156232043487,0,False,False
83109cfffffffff,5.103970617453672,41.82747458465728,0,False,False
83109dfffffffff,6.196205166568101,41.5140785093731,0,False,True
83109efffffffff,4.795555745285527,42.92857674195869,0,False,False
8310a0fffffffff,3.393193647565147,37.37405194051462,0,False,True
8310a1fffffffff,4.454509167013104,37.04986719010635,0,False,True
8310a2fffffffff,3.0930021979605,38.438967262887,0,False,True
8310a3fffffffff,4.157447992233587,38.11808166555814,0,False,True
8310a4fffffffff,2.6379288292565586,36.64047442395834,0,False,True
8310a5fffffffff,3.690175438422559,36.31576141064152,0,False,True
8310a6fffffffff,2.337819128339876,37.69568342946836,0,False,True
8310a8fffffffff,6.302425749027695,37.46846088568884,0,False,True
8310a9fffffffff,7.381313882953839,37.13970387288972,0,False,True
8310aafffffffff,6.008688842579816,38.5498842429902,0,False,True
8310abfffffffff,7.091665275557327,38.2245519404151,0,False,True
8310acfffffffff,5.5209793138846335,36.72311965861967,0,False,True
8310adfffffffff,6.591793148847986,36.393800342106616,0,False,True
8310aefffffffff,5.227525897338885,37.7945832612437,0,False,True
8310b0fffffffff,1.7296854689501582,39.824501915010345,0,False,True
8310b1fffffffff,2.789887726609727,39.50982758606571,0,False,True
8310b2fffffffff,1.422271090685373,40.89673377223762,0,False,True
8310b3fffffffff,2.484151811831361,40.58592891545268,0,False,True
8310b4fffffffff,0.9841109499428192,39.07294705190311,0,False,True
8310b5fffffffff,2.034971939032441,38.75725169350381,0,False,True
8310b6fffffffff,0.6771198118389792,40.13654612125283,0,False,True
8310c0fffffffff,12.27401908152956,37.66616236837,0,False,False
8310c1fffffffff,13.371764832802754,37.32787111237303,0,False,False
8310c2fffffffff,11.998174531871038,38.78216249811302,0,False,False
8310c3fffffffff,13.101888604832531,38.44756844793615,0,False,False
8310c4fffffffff,11.4509057204809,36.8961399444184,0,False,True
8310c5fffffffff,12.543087158364232,36.5572108189434,0,False,False
8310c6fffffffff,11.175861866665045,38.00164428284752,0,False,True
8310ccfffffffff,14.468179644532468,36.986758961794095,0,False,False
8310cefffffffff,14.20472246062216,38.110097705861136,0,False,False
8310d0fffffffff,10.607069718564182,40.232105505710535,0,False,False
8310d1fffffffff,11.715745743246895,39.90442434964941,0,False,False
8310d2fffffffff,10.313775472122371,41.355468935819296,0,False,False
8310d3fffffffff,11.426952259136655,41.03213301881895,0,False,False
8310d4fffffffff,9.79182984137579,39.442777432865874,0,False,True
8310d5fffffffff,10.894511821939515,39.11389395203045,0,False,True
8310d6fffffffff,9.499856490088428,40.55689375049409,0,False,True
8310d8fffffffff,13.655382764192415,40.37658832882674,0,False,False
8310dafffffffff,13.369878388507402,41.51806506715292,0,False,False
8310dcfffffffff,12.824947188665664,39.57383318209705,0,False,False
8310ddfffffffff,13.933732133895829,39.2403153728344,0,False,False
8310defffffffff,12.541138153638908,40.70584586197904,0,False,False
8310e0fffffffff,10.90159789152468,35.0506444215471,0,False,True
8310e1fffffffff,11.98134945036558,34.70835070876299,0,False,True
8310e2fffffffff,10.633293870875406,36.13752630339171,0,False,True
8310e3fffffffff,11.719455445918594,35.79813484808151,0,False,True
8310e4fffffffff,10.090202838234507,34.31472495150415,0,False,True
8310e5fffffffff,11.163523334834071,33.97237006770827,0,False,True
8310e6fffffffff,9.821889815306038,35.39032983668104,0,False,True
8310e8fffffffff,13.889674907524306,35.111305691139655,0,False,False
8310e9fffffffff,14.971947624894105,34.763854280631726,0,False,False
8310eafffffffff,13.63440700343262,36.21553106363173,0,False,False
8310ebfffffffff,14.723959529495334,35.87109165625584,0,False,False
8310ecfffffffff,13.060262382639062,34.363443255998924,0,False,False
8310edfffffffff,14.137456688366484,34.01591729520759,0,False,False
8310eefffffffff,12.80521402848273,35.45606370629369,0,False,False
8310f0fffffffff,9.267587653256264,37.56578549562758,0,False,True
8310f1fffffffff,10.35877061376356,37.23232808761451,0,False,True
8310f2fffffffff,8.981986747319262,38.664229170284685,0,False,True
8310f3fffffffff,10.078212702495051,38.33432898831674,0,False,True
8310f4fffffffff,8.463336634498038,36.80830207774965,0,False,True
8310f5fffffffff,9.547624064365564,36.4742458991457,0,False,True
8310f6fffffffff,8.17825626392175,37.89652298972395,0,False,True
831119fffffffff,3.624926657235016,29.820011937451312,0,False,False
83111afffffffff,2.328749659148165,31.146171669939992,0,False,False
83111bfffffffff,3.345437232708289,30.81277777914993,0,False,False
831140fffffffff,8.43258325734238,25.53794387961205,0,False,False
831141fffffffff,9.43235390382046,25.19138779144925,0,False,False
831142fffffffff,8.194575046887998,26.50003504188694,0,False,False
831143fffffffff,9.2023832561886,26.15376775701131,0,False,False
831145fffffffff,8.664918647989818,24.588346893047166,0,False,False
831148fffffffff,11.215228463659574,25.455668624448244,0,False,False
831149fffffffff,12.218805810402586,25.10385925875256,0,False,False
83114afffffffff,10.996011524605022,26.43127997067937,0,False,False
83114bfffffffff,12.008397033932432,26.079748811880823,0,False,True
83114cfffffffff,10.431104315964998,24.84305452443256,0,False,False
83114dfffffffff,11.428119759745826,24.492956319937235,0,False,False
83114efffffffff,10.209511772663808,25.80564198211666,0,False,False
831151fffffffff,7.950935768251859,27.47431549836504,0,False,False
831158fffffffff,9.748008115106286,27.7684783259992,0,False,False
831159fffffffff,10.770459133997464,27.41947440302386,0,False,False
83115afffffffff,9.508142300904437,28.768040442022908,0,False,False
83115bfffffffff,10.53857921763961,28.41989784242153,0,False,False
83115cfffffffff,8.966533637705751,27.1285731121602,0,False,False
83115dfffffffff,9.981808510175451,26.780891450195966,0,False,False
83115efffffffff,8.724841781516597,28.11547096342999,0,False,False
831168fffffffff,9.874597777952646,23.305054055396383,0,False,False
831169fffffffff,10.69520680212218,22.870502575898687,0,False,False
83116afffffffff,9.656426329432788,24.241729653376208,0,False,False
83116bfffffffff,10.646589637230308,23.89341673614455,0,False,False
83116cfffffffff,9.068810245698216,22.70595707582823,0,False,False
83116dfffffffff,9.877743326026865,22.26800084310361,0,False,False
83116efffffffff,8.891556364397294,23.65151366052564,0,False,False
831180fffffffff,-0.5859931632970515,34.82565430329767,0,False,False
831181fffffffff,0.4305041256601151,34.50255411708723,0,False,False
831183fffffffff,0.1296332417183312,35.52767766303549,0,False,False
831185fffffffff,-0.284587482011875,33.810818445868904,0,False,False
831188fffffffff,2.1894830696922463,34.87940979832614,0,False,False
831189fffffffff,3.228816310511274,34.551714712861305,0,False,False
83118afffffffff,1.8921187256677707,35.91736584390391,0,False,False
83118bfffffffff,2.9350172857163765,35.592276654203104,0,False,False
83118cfffffffff,1.4539772755798213,34.17714466411121,0,False,False
83118dfffffffff,2.4837388939546883,33.84942231694367,0,False,False
83118efffffffff,1.1561845663021086,35.20472911677483,0,False,False
831198fffffffff,0.5528589067060022,37.28243006226649,0,False,False
831199fffffffff,1.5919120682153738,36.96269449074178,0,False,False
83119afffffffff,0.2478978387413732,38.33132715203534,0,False,False
83119bfffffffff,1.2891443818170911,38.01477167089726,0,False,True
83119cfffffffff,-0.1734742126919914,36.56025501000248,0,False,False
83119dfffffffff,0.8557187269906139,36.2400229777016,0,False,False
83119efffffffff,-0.4785277500705931,37.59969007894844,0,False,False
8311a8fffffffff,1.02444127746593,32.4769131167019,0,False,False
8311a9fffffffff,2.040500726582441,32.14734403877466,0,False,False
8311aafffffffff,0.7288611586376984,33.48545281009845,0,False,False
8311abfffffffff,1.7488323337054543,33.15783714325612,0,False,False
8311adfffffffff,1.3169964871692663,31.47744417013837,0,False,False
8311aefffffffff,0.0144536650966376,32.804294318146894,0,False,False
831200fffffffff,10.134515480948856,-17.969905089909307,0,False,False
831201fffffffff,9.073196561591663,-17.84528747632057,0,False,False
831202fffffffff,10.489662302827195,-18.95525410313859,0,False,False
831203fffffffff,9.43748395941727,-18.833204222418328,0,False,False
831204fffffffff,10.83108821305767,-17.100588779743614,0,False,False
831205fffffffff,9.771739602568946,-16.973906325461094,0,False,False
831206fffffffff,11.184816463286792,-18.09404939599464,0,False,False
831208fffffffff,7.301902086034393,-18.587688081931475,0,False,False
831209fffffffff,6.219729464244759,-18.46421860410421,0,False,False
83120afffffffff,7.6769392147410915,-19.56976298869553,0,False,False
83120bfffffffff,6.603618340194734,-19.448894384183067,0,False,False
83120cfffffffff,8.001440113294478,-17.72019502907598,0,False,False
83120dfffffffff,6.919867614649158,-17.59462622847793,0,False,False
83120efffffffff,8.374698687484429,-18.710682752521567,0,False,False
831210fffffffff,11.868571310463585,-20.04854502413957,0,False,False
831211fffffffff,10.837050305383585,-19.92954998650124,0,False,False
831212fffffffff,12.767767216354244,-21.48847614026285,0,False,False
831213fffffffff,11.74484227784975,-21.38227062658215,0,False,False
831214fffffffff,12.560020604679984,-19.197945566573708,0,False,False
831215fffffffff,11.530678927738167,-19.07683401093678,0,False,False
831216fffffffff,13.449360644693424,-20.63774891828331,0,False,False
831218fffffffff,9.099243675470587,-20.658248574310218,0,False,False
831219fffffffff,8.044798526696614,-20.540465007087903,0,False,False
83121afffffffff,9.45024955041288,-21.6146010798566,0,False,False
83121bfffffffff,8.405327477175073,-21.49944317521753,0,False,False
83121cfffffffff,9.794244881629382,-19.81008909835597,0,False,False
83121dfffffffff,8.740684540946019,-19.6901606634704,0,False,False
83121efffffffff,10.143351361383056,-20.77556761938289,0,False,False
831222fffffffff,11.526504956584224,-16.225596431679993,0,False,False
831223fffffffff,10.469626157840183,-16.09688410189901,0,False,False
831228fffffffff,8.32269400986129,-15.838029830791864,0,False,False
83122afffffffff,8.701538466233984,-16.846748065730452,0,False,False
83122bfffffffff,7.621091056867272,-16.719112574591367,0,False,False
83122efffffffff,9.401492604541543,-15.967695676790264,0,False,False
831230fffffffff,12.915015134931462,-17.352532015328794,0,False,False
831231fffffffff,11.879020354472097,-17.22679686249537,0,False,False
831232fffffffff,13.250253527221842,-18.3409242210476,0,False,False
831233fffffffff,12.223561094340388,-18.21772192693468,0,False,False
831234fffffffff,13.60435708509891,-16.48159815457854,0,False,False
831235fffffffff,12.571582705893022,-16.35383400116419,0,False,False
831236fffffffff,13.938595105679786,-17.47779568729289,0,False,False
831242fffffffff,2.9238711742606003,-18.09094534139754,0,False,False
831243fffffffff,1.8112833638384875,-17.96556067708193,0,False,False
831246fffffffff,3.623055125003052,-17.21504661174665,0,False,False
83124afffffffff,0.0013207281676066,-18.713699073255803,0,False,False
83124bfffffffff,-1.1189992846533694,-18.58948696925709,0,False,False
83124efffffffff,0.6930283861441857,-17.83969325589756,0,False,False
831250fffffffff,4.4308772745649865,-19.205737644379862,0,False,False
831251fffffffff,3.332860345055677,-19.083446147895668,0,False,False
831252fffffffff,4.825464970147706,-20.18430955279717,0,False,False
831253fffffffff,3.7358810652076446,-20.064650287586968,0,False,False
831254fffffffff,5.128854387130153,-18.34027271770772,0,False,False
831255fffffffff,4.029986862830231,-18.21584882686436,0,False,False
831256fffffffff,5.5213695934182505,-19.327553163605465,0,False,False
831258fffffffff,1.5363088864285808,-19.82391005847688,0,False,False
831259fffffffff,0.4278614685144484,-19.702825594839705,0,False,False
83125afffffffff,1.9497785042475448,-20.798752418529464,0,False,False
83125bfffffffff,0.8492191202163584,-20.680329716919484,0,False,False
83125cfffffffff,2.2280701227104727,-18.960676999745864,0,False,False
83125dfffffffff,1.1172876464471615,-18.837428529962523,0,False,False
83125efffffffff,2.6392435009323245,-19.94451770659668,0,False,False
831270fffffffff,5.432086970257256,-16.46240423562904,0,False,False
831272fffffffff,5.829140330625454,-17.468579561536554,0,False,False
831273fffffffff,4.72995766158222,-17.34205352222638,0,False,False
831276fffffffff,6.531044831072743,-16.590998434306155,0,False,False
831280fffffffff,22.234859925304217,-40.48375961722753,0,False,False
831281fffffffff,21.262244539138564,-40.23933190778186,0,False,False
831283fffffffff,21.458448336813525,-41.224392608854366,0,False,False
831284fffffffff,23.01150228291331,-39.73135678412715,0,False,False
831285fffffffff,22.040072666139924,-39.48583394931687,0,False,False
831288fffffffff,19.500802720437484,-40.738366491609376,0,False,False
831289fffffffff,8.75657677541279,-25.10722404974059,0,False,False
83128afffffffff,19.70923309067771,-41.711278291818125,0,False,False
83128bfffffffff,18.72502553281606,-41.46972009367322,0,False,False
83128cfffffffff,20.27835127081559,-39.99542113748917,0,False,False
83128dfffffffff,9.441807430103,-24.303041996265247,0,False,False
83128efffffffff,20.485066565448783,-40.98113764582914,0,False,False
831290fffffffff,38.470675082792845,-44.03883774825001,0,False,False
831291fffffffff,37.77294379153834,-43.18942262913132,0,False,False
831293fffffffff,37.47291432305038,-44.25844052239102,0,False,False
831294fffffffff,39.47280650703236,-43.811972427838754,0,False,False
831295fffffffff,38.77797547621451,-42.94939369939348,0,False,False
831298fffffffff,36.058337419721255,-42.59092553461348,0,False,False
831299fffffffff,35.33037159339137,-41.7660407596367,0,False,False
83129afffffffff,35.777659927504594,-43.64694027901511,0,False,False
83129bfffffffff,35.061654108546534,-42.82822103062094,0,False,False
83129cfffffffff,37.06071883614449,-42.346013380084,0,False,False
83129efffffffff,36.772631507261146,-43.42182120308563,0,False,False
8312a0fffffffff,23.59481587641349,-37.94373043844479,0,False,False
8312a1fffffffff,22.61460317947165,-37.69689274677449,0,False,False
8312a2fffffffff,23.78766476611226,-38.96716700802405,0,False,False
8312a3fffffffff,22.817838851142906,-38.72063195528625,0,False,False
8312a4fffffffff,24.370264216725992,-37.155151255637705,0,False,False
8312a5fffffffff,23.39212869735237,-36.90751965277964,0,False,False
8312a6fffffffff,24.56262328135709,-38.19118941917464,0,False,False
8312a8fffffffff,20.842481518882025,-38.2293259750358,0,False,False
8312a9fffffffff,10.3779801415499,-23.06566601891511,0,False,False
8312aafffffffff,11.143861160933852,-23.600336689667024,0,False,False
8312abfffffffff,10.12922678258792,-23.490890034436774,0,False,False
8312acfffffffff,11.508166144015744,-21.843541413727365,0,False,False
8312adfffffffff,11.06112106686051,-22.227722272425144,0,False,False
8312aefffffffff,11.83176649463106,-22.78260207066277,0,False,False
8312c0fffffffff,5.88035370331828,-24.42115204315153,0,False,False
8312c1fffffffff,4.818372264948727,-24.32145428360669,0,False,False
8312c2fffffffff,5.653352198107788,-24.789374914695188,0,False,False
8312c3fffffffff,5.206186654677513,-25.2411867524506,0,False,False
8312c4fffffffff,6.558396588050772,-23.592916135167883,0,False,False
8312c5fffffffff,4.906676474394008,-22.936922818717584,0,False,False
8312c6fffffffff,6.934361541437223,-24.52047985724949,0,False,False
8312c8fffffffff,2.4770044286227337,-24.467552907831788,0,False,False
8312c9fffffffff,1.4049843196899814,-24.359386675830144,0,False,False
8312cafffffffff,3.4790384016551723,-25.957179522964,0,False,False
8312cbfffffffff,2.415214159394626,-25.86118653826432,0,False,False
8312ccfffffffff,3.1541671261688773,-23.650127454745352,0,False,False
8312cdfffffffff,2.079215760136157,-23.539734625198392,0,False,False
8312cefffffffff,4.1462519237631925,-25.143520836036835,0,False,False
8312d0fffffffff,16.727102638210752,-40.98798751878039,0,False,False
8312d1fffffffff,6.016085877002719,-25.69617671123273,0,False,False
8312d3fffffffff,15.956000307584358,-41.71025452034743,0,False,False
8312d4fffffffff,17.501508409729638,-40.25430450600111,0,False,False
8312d5fffffffff,6.696695032709477,-24.89576338679095,0,False,False
8312d6fffffffff,17.730812733773497,-41.22862076684029,0,False,False
8312d8fffffffff,4.919554576214709,-26.94907255340185,0,False,False
8312d9fffffffff,3.904875906907024,-26.865479710291144,0,False,False
8312dbfffffffff,4.4281151682633615,-27.80070304837401,0,False,False
8312dcfffffffff,4.974320145346145,-25.59199556257049,0,False,False
8312ddfffffffff,4.536460492383164,-26.05281058715864,0,False,False
8312defffffffff,5.339740356869384,-26.488244513729107,0,False,False
8312e0fffffffff,6.286346792339609,-21.26774276087692,0,False,False
8312e1fffffffff,5.213517202323059,-21.15119660053274,0,False,False
8312e2fffffffff,6.658425285220845,-22.219962559592,0,False,False
8312e3fffffffff,5.594829541107785,-22.106066169739496,0,False,False
8312e4fffffffff,6.980599677318336,-20.422215154771298,0,False,False
8312e5fffffffff,5.907268983624978,-20.30349725631904,0,False,False
8312e6fffffffff,7.350494485025816,-21.383824344090232,0,False,False
8312e8fffffffff,3.4436313960490854,-21.87688985284545,0,False,False
8312e9fffffffff,2.35741128131998,-21.76160616054305,0,False,False
8312eafffffffff,3.836357616682699,-22.824769096482296,0,False,False
8312ebfffffffff,2.758950383691785,-22.712157441181933,0,False,False
8312ecfffffffff,4.132673528618786,-21.034184038753672,0,False,False
8312edfffffffff,3.0445166934471346,-20.916703252167647,0,False,False
8312eefffffffff,4.523006405742238,-21.99170922830114,0,False,False
8312f0fffffffff,8.65960364667638,-23.79524238916854,0,False,False
8312f1fffffffff,7.613521531395515,-23.694265624417984,0,False,False
8312f2fffffffff,8.416279012779022,-24.195337150947704,0,False,False
8312f3fffffffff,7.979770924745803,-24.619439187485906,0,False,False
8312f4fffffffff,9.341758667046562,-22.9630551853228,0,False,False
8312f5fffffffff,7.713151399667652,-22.333400279717868,0,False,False
8312f6fffffffff,9.69606100757691,-23.89584785793922,0,False,False
831312fffffffff,17.49056843058705,-15.398262379842905,0,False,False
83131afffffffff,14.290903991786234,-15.605269279997286,0,False,False
831380fffffffff,27.635626412564545,-34.97000945074292,0,False,False
831381fffffffff,16.25370052416875,-18.707725149952804,0,False,False
831382fffffffff,17.516577543560324,-19.796535076011,0,False,False
831383fffffffff,26.872892384623235,-35.7927862582131,0,False,False
831384fffffffff,28.393437264305035,-34.13571988475841,0,False,False
831385fffffffff,16.93072243568632,-17.850772414681845,0,False,False
831386fffffffff,28.57732679806229,-35.2209352171156,0,False,False
831388fffffffff,14.58183618246852,-19.43877012557509,0,False,False
831389fffffffff,14.129756111302044,-19.78005454544517,0,False,False
83138afffffffff,25.14343501940718,-36.35493461807634,0,False,False
83138bfffffffff,13.895847431904478,-20.28514434697793,0,False,False
83138cfffffffff,25.7104948853754,-34.47045552475815,0,False,False
83138dfffffffff,14.808290322751578,-18.91569607307272,0,False,False
83138efffffffff,15.573493609271688,-19.55848639096068,0,False,False
831390fffffffff,45.54066434278681,-42.27641449275828,0,False,False
831394fffffffff,46.55475404449293,-41.987203363874094,0,False,False
831398fffffffff,26.28792248142745,-37.65238039028204,0,False,False
831399fffffffff,25.335643096792936,-37.40344041464773,0,False,False
83139bfffffffff,25.517664451024984,-38.43926277100999,0,False,False
83139cfffffffff,27.05511081922696,-36.85366269279639,0,False,False
83139dfffffffff,15.872660447285025,-20.51990069043376,0,False,False
8313a0fffffffff,18.79191027559045,-16.51996143361562,0,False,False
8313a1fffffffff,17.81607477570256,-16.40313208686757,0,False,False
8313a2fffffffff,18.569174984963297,-17.113365338529544,0,False,False
8313a3fffffffff,18.1323479365624,-17.398673390241115,0,False,False
8313a4fffffffff,19.446207082133952,-15.635889500986451,0,False,False
8313a5fffffffff,18.475585734922664,-15.51726870396396,0,False,False
8313a6fffffffff,19.75333328916831,-16.63640566555644,0,False,False
8313a8fffffffff,16.157118299694297,-17.168282865908285,0,False,False
8313a9fffffffff,15.149010481193262,-17.052507595251228,0,False,False
8313aafffffffff,16.483017053085756,-18.158521665235973,0,False,False
8313abfffffffff,15.484298654034692,-18.044993403986773,0,False,False
8313acfffffffff,16.826091446204966,-16.28591668794341,0,False,False
8313adfffffffff,15.822266879967197,-16.16831430619508,0,False,False
8313aefffffffff,17.151673272704574,-17.283671128917604,0,False,False
8313b0fffffffff,30.253828766733022,-34.63924502052202,0,False,False
8313b1fffffffff,29.33088187526712,-34.38708412718064,0,False,False
8313b2fffffffff,47.54120373189871,-41.7474988937527,0,False,False
8313b3fffffffff,29.504776775039502,-35.47261868334889,0,False,False
8313b4fffffffff,31.00187274973936,-34.0062874301392,0,False,False
8313b5fffffffff,30.07842846277192,-33.54171705360733,0,False,False
831400fffffffff,51.20340768292105,27.959830497413503,0,False,False
831403fffffffff,52.15101467890694,27.05950110796688,0,False,False
831406fffffffff,51.14541083622088,29.643842451938045,0,False,False
831408fffffffff,52.17547074096247,23.55547273076133,0,False,False
831409fffffffff,52.14823106923502,21.78057200559543,0,False,False
83140afffffffff,53.1036945177616,24.340904545987097,0,False,False
83140bfffffffff,53.09217933029794,22.54230500589717,0,False,False
83140cfffffffff,51.24657469367134,24.53149813039109,0,False,False
83140dfffffffff,51.23017487257388,22.79272048392104,0,False,False
83140efffffffff,52.17616350861065,25.31615219343833,0,False,False
831410fffffffff,71.21536620894346,64.0564897663269,0,False,False
831411fffffffff,72.13546921553701,62.52708979880305,0,False,False
831412fffffffff,71.20647044564518,67.14721703937781,0,False,False
831413fffffffff,72.14367925789318,65.80190499349379,0,False,False
831414fffffffff,70.26960633533267,62.46666658050515,0,False,False
831415fffffffff,71.17249398533382,60.92670327655208,0,False,False
831416fffffffff,70.29458722815467,65.43208181723104,0,False,False
831418fffffffff,74.01550874063429,62.60172830421475,0,False,False
83141afffffffff,74.00578008753652,66.25786024751504,0,False,False
83141bfffffffff,74.95822483229091,64.59530997924011,0,False,False
83141efffffffff,73.08091099834857,64.29608879602489,0,False,False
831429fffffffff,49.33758569659212,23.02723564719842,0,False,False
83142bfffffffff,50.300173113977365,23.76874083412148,0,False,False
83142dfffffffff,48.396294660728046,23.9686769009495,0,False,False
831431fffffffff,50.18179260185401,30.47182889953671,0,False,False
831432fffffffff,69.30899231867825,61.01466776323633,0,False,False
831434fffffffff,49.1191574629713,32.852803532670855,0,False,False
831435fffffffff,49.21109136748938,31.26812165784589,0,False,False
831444fffffffff,50.016619501202,16.849406996770817,0,False,False
831454fffffffff,52.09385542988042,19.994718513992574,0,False,False
831460fffffffff,48.100427862968736,17.26746826385335,0,False,False
831461fffffffff,47.96351897100468,15.580031157967856,0,False,False
831462fffffffff,49.1208298185353,17.918219309859747,0,False,False
831463fffffffff,48.99692454855506,16.20480160522794,0,False,False
831464fffffffff,47.19118564425276,18.29715543338129,0,False,False
831465fffffffff,47.06659603907429,16.636175053998635,0,False,False
831466fffffffff,48.21191282378956,18.95292679311501,0,False,False
831470fffffffff,50.21084674809936,20.324392196051697,0,False,False
831471fffffffff,50.12702117879747,18.58916597918459,0,False,False
831472fffffffff,51.18757576562711,21.041522099621403,0,False,False
831473fffffffff,51.11826232276429,19.28107038397493,0,False,False
831474fffffffff,49.29084706221953,21.33242798188038,0,False,False
831475fffffffff,49.21871976507759,19.62843629812506,0,False,False
831476fffffffff,50.26841628478691,22.05193840962212,0,False,False
831488fffffffff,74.39652423197559,79.28795560705083,0,False,False
831489fffffffff,75.39826901487098,78.53564504372999,0,False,False
83148bfffffffff,75.12526583443992,82.10609446028127,0,False,False
83148cfffffffff,73.6302711471281,76.70548057198371,0,False,False
83148dfffffffff,74.62127408878243,75.8107262815553,0,False,False
831492fffffffff,69.9250024435792,86.5388923218812,0,False,False
8314a8fffffffff,72.96718399066407,71.07760162743834,0,False,False
8314a9fffffffff,73.93594460690571,69.84320004539556,0,False,False
8314aafffffffff,72.83087627145103,74.33955757713586,0,False,False
8314abfffffffff,73.80945199096473,73.33271050859521,0,False,False
8314acfffffffff,72.09836741401803,69.02273648759773,0,False,False
8314adfffffffff,73.05163504130678,67.72316237395498,0,False,False
8314aefffffffff,72.00229387358765,72.17116874893689,0,False,False
8314c0fffffffff,78.62628828709813,70.57104444213621,0,False,False
8314c2fffffffff,78.43936544398646,75.44998410582818,0,False,False
8314c4fffffffff,77.75188711983176,67.58455438792967,0,False,False
8314c5fffffffff,78.73152237139114,65.49097149443287,0,False,False
8314c6fffffffff,77.62286608001816,72.21198178457747,0,False,False
8314d0fffffffff,77.15356652716908,80.86296842302625,0,False,False
8314d1fffffffff,78.17840248588034,80.07367765837135,0,False,False
8314d2fffffffff,76.82756786257482,84.82335421545999,0,False,False
8314d3fffffffff,77.85184722642029,84.40655195685896,0,False,False
8314d4fffffffff,76.40689889030486,77.66632071907365,0,False,False
8314d5fffffffff,77.42112843806632,76.65089279954138,0,False,False
8314d6fffffffff,76.13552423097647,81.53197309790762,0,False,False
8314e2fffffffff,76.84319998165554,64.97954580320973,0,False,False
8314e3fffffffff,77.80224448148864,62.81988780789506,0,False,False
8314e6fffffffff,75.90579109876492,62.696266959057496,0,False,False
8314eefffffffff,78.74883282452164,60.28075459786229,0,False,False
8314f0fffffffff,75.77933305991733,70.87528985490817,0,False,False
8314f1fffffffff,76.7666112512311,69.35742125726478,0,False,False
8314f2fffffffff,75.6181464415016,74.78522735463119,0,False,False
8314f3fffffffff,76.61932553784568,73.59889590350141,0,False,False
8314f4fffffffff,74.90659435622203,68.44028847226356,0,False,False
8314f5fffffffff,75.87669461917656,66.8339191337197,0,False,False
8314f6fffffffff,74.7928701260548,72.18774697103089,0,False,False
831512fffffffff,46.90105016952673,37.232611525758514,0,False,False
831513fffffffff,47.03582539737891,35.7722182869414,0,False,False
83151afffffffff,48.13832723032761,33.58262043488068,0,False,False
83151bfffffffff,48.23440669845517,32.03421570312941,0,False,False
831540fffffffff,44.46962606382522,22.770229997223,0,False,False
831541fffffffff,44.39936745616097,21.19722142217164,0,False,False
831543fffffffff,45.418718870909714,21.86214714316704,0,False,False
831544fffffffff,43.51356918654432,23.6491464736231,0,False,False
831545fffffffff,43.451534975097935,22.103959595874347,0,False,False
831548fffffffff,45.236987497789336,18.65360493534911,0,False,False
83154afffffffff,46.270433585341365,19.29474006003745,0,False,False
83154bfffffffff,46.15733870616847,17.660434050122756,0,False,False
83154cfffffffff,44.30678837508555,19.61651164883303,0,False,False
83154efffffffff,45.33941329813216,20.261123180307383,0,False,False
831551fffffffff,46.467540692079226,24.15648873542119,0,False,False
831553fffffffff,47.4457520735392,24.87751231092216,0,False,False
831558fffffffff,47.36657587639718,21.60543949807576,0,False,False
831559fffffffff,47.2910979758696,19.9544928321943,0,False,False
83155afffffffff,48.35948238973428,22.306344834671066,0,False,False
83155bfffffffff,48.298161956484,20.633503353605985,0,False,False
83155cfffffffff,46.42519155283647,22.54532390370202,0,False,False
83155dfffffffff,46.35962091683562,20.92390117836483,0,False,False
83155efffffffff,47.41797388228527,23.247311137410804,0,False,False
831560fffffffff,41.53741855213719,23.83305841531069,0,False,False
831561fffffffff,41.469538257182606,22.33212880907568,0,False,False
831562fffffffff,42.55176293190418,24.49988527412109,0,False,False
831563fffffffff,42.49714626003733,22.98226429383914,0,False,False
831568fffffffff,42.32546638842544,19.9199353962956,0,False,False
83156afffffffff,43.36798764735985,20.5499971178122,0,False,False
83156cfffffffff,41.38140093105478,20.822600113876224,0,False,False
83156dfffffffff,41.2727247047624,19.306509004715345,0,False,False
83156efffffffff,42.421826940819024,21.454916077486285,0,False,False
831580fffffffff,65.77070417418332,65.94514168609854,0,False,False
831581fffffffff,66.65074679587153,64.8687928564079,0,False,False
831584fffffffff,64.86293456856228,64.6493780015958,0,False,False
831585fffffffff,65.72716191300596,63.558267828383016,0,False,False
831589fffffffff,69.36548930544818,63.860313559205,0,False,False
83158cfffffffff,67.53494965619015,63.69674018425236,0,False,False
83158dfffffffff,68.42167154705545,62.416750791165406,0,False,False
8315a2fffffffff,63.94526221185215,63.43953173414203,0,False,False
8315a4fffffffff,46.58393009954592,40.06793763359721,0,False,False
8315a5fffffffff,46.750082011497895,38.66482776153232,0,False,False
8315aafffffffff,66.59519385370558,62.37482091862734,0,False,False
8315adfffffffff,48.02314019569496,35.105152297894655,0,False,False
8315b5fffffffff,63.10198542204861,64.460073649791,0,False,False
831700fffffffff,48.31112281953737,-4.219454574086774,0,False,False
831701fffffffff,47.71519841121489,-5.683186494004104,0,False,False
831702fffffffff,49.42709029275146,-4.220084250704077,0,False,False
831703fffffffff,48.83342643274676,-5.709957512327134,0,False,False
831704fffffffff,47.76531046349704,-2.7475015093659296,0,False,False
831705fffffffff,47.18573635992893,-4.218846874100893,0,False,False
831706fffffffff,48.88804076234436,-2.7216918133398367,0,False,False
83170cfffffffff,47.101584234619615,-7.112189548951838,0,False,False
83170efffffffff,48.2212656665372,-7.163823586143435,0,False,False
831710fffffffff,51.10326850839575,-2.667188351036159,0,False,False
831711fffffffff,50.53292097192841,-4.220737118037412,0,False,False
831712fffffffff,52.19441033815768,-2.638385147153868,0,False,False
831713fffffffff,51.62794019904994,-4.221414481277311,0,False,False
831715fffffffff,50.00092677113381,-2.6949383335053656,0,False,False
83171cfffffffff,49.941930450013935,-5.737702194675998,0,False,False
831720fffffffff,46.05911293634297,-1.345376802535164,0,False,False
831721fffffffff,45.49332774522376,-2.7964824687291845,0,False,False
831722fffffffff,47.196662292423824,-1.2956589090445187,0,False,False
831723fffffffff,46.633478455324685,-2.7724164868872307,0,False,False
831724fffffffff,45.46341261818312,0.0609261928510208,0,False,False
831725fffffffff,44.91359793405476,-1.3934137339128774,0,False,False
831726fffffffff,46.60593894844328,0.134658066243911,0,False,False
83172afffffffff,46.58798114899281,-5.65733878041284,0,False,False
83172efffffffff,46.05168992044361,-4.218260019955093,0,False,False
831731fffffffff,48.32543943302801,-1.24417032797592,0,False,False
831735fffffffff,47.740034673061366,0.210991065065011,0,False,False
831828fffffffff,-15.922497044699114,13.705117924950388,0,False,False
83182cfffffffff,-14.905884012369995,13.783730354039998,0,False,False
831929fffffffff,-9.701451602466626,15.076628875455247,0,False,False
831940fffffffff,-13.405323616295073,17.614116379789188,0,False,False
831942fffffffff,-13.7784865513883,16.680405562873375,0,False,False
831944fffffffff,-12.438466866993789,17.64614916009536,0,False,False
831945fffffffff,-13.034105751455154,18.53173485840232,0,False,False
831946fffffffff,-12.802242118111542,16.723134249070338,0,False,False
831950fffffffff,-13.534883816540177,14.830203292022167,0,False,False
831951fffffffff,-14.15322962863694,15.730684317317936,0,False,False
831952fffffffff,-13.90300970233688,13.860553889316757,0,False,False
831953fffffffff,-14.52916529227232,14.76507256267912,0,False,False
831954fffffffff,-12.554725829108106,14.89387713445772,0,False,False
831955fffffffff,-13.1678342907434,15.784447572819523,0,False,False
831956fffffffff,-12.91420465581126,13.935648638534886,0,False,False
831960fffffffff,-11.133713045617556,18.574622952866207,0,False,False
831961fffffffff,-11.717695452328837,19.44488647511713,0,False,False
831962fffffffff,-11.485765712886847,17.677480333336863,0,False,False
831963fffffffff,-12.07684617469248,18.553414449124595,0,False,False
831964fffffffff,-10.204896043491964,18.59537555370457,0,False,False
831965fffffffff,-10.784295380499966,19.45630654778965,0,False,False
831966fffffffff,-10.547427530131037,17.708132682395313,0,False,False
83196cfffffffff,-12.250995607224633,20.30951798238548,0,False,True
83196efffffffff,-12.665174834502318,19.43321489709646,0,False,False
831970fffffffff,-11.239754936626724,15.888429023814163,0,False,False
831971fffffffff,-11.840163261167811,16.764920016440374,0,False,False
831972fffffffff,-11.58895741175509,14.956142280078666,0,False,False
831973fffffffff,-12.196594195631851,15.837016040119057,0,False,False
831974fffffffff,-10.29752259378874,15.938724126864196,0,False,False
831975fffffffff,-10.892475998499838,16.80579369324969,0,False,False
831976fffffffff,-10.637803947431808,15.017044823350863,0,False,False
831e13fffffffff,-15.619805874864074,30.500622203911515,0,False,False
831e18fffffffff,-14.24345758612685,32.32429546873619,0,False,False
831e19fffffffff,-13.5473883761312,33.23111855518231,0,False,False
831e1afffffffff,-15.333352558406345,32.44801898375001,0,False,False
831e1bfffffffff,-14.63478387618546,33.363169771370906,0,False,False
831e1efffffffff,-14.934492787083196,31.41398274373561,0,False,False
831e20fffffffff,-10.602142929055985,28.165115461172025,0,False,False
831e21fffffffff,-9.939856722664407,29.03379419489525,0,False,False
831e23fffffffff,-10.972401411284997,29.121416320244144,0,False,False
831e24fffffffff,-10.234318205700555,27.224652256391654,0,False,True
831e25fffffffff,-9.578744120178929,28.08680169417686,0,False,True
831e28fffffffff,-9.630684167685748,30.86892248844816,0,False,False
831e29fffffffff,-8.955123204627892,31.73907984137318,0,False,False
831e2cfffffffff,-9.273908812363295,29.900812004201143,0,False,False
831e2dfffffffff,-8.604921478465691,30.76577789369455,0,False,False
831e2efffffffff,-10.303323972633557,29.99623616418925,0,False,False
831e40fffffffff,-7.585243411460317,36.34092868084363,0,False,False
831e42fffffffff,-8.619829034658787,36.49614328562296,0,False,False
831e43fffffffff,-7.921000481981709,37.36456698896465,0,False,False
831e46fffffffff,-8.2779274345416,35.47468088576915,0,False,False
831e48fffffffff,-6.5249612280533205,39.08447836879351,0,False,False
831e4afffffffff,-7.553079691928977,39.263896971982135,0,False,False
831e4bfffffffff,-6.849884043035654,40.12149968562544,0,False,False
831e4efffffffff,-7.222481927468864,38.227456954689465,0,False,False
831e51fffffffff,-9.66726328080606,36.65416369759609,0,False,False
831e52fffffffff,-11.436089894581515,35.926394003040365,0,False,False
831e55fffffffff,-9.318270867735595,35.6225351286139,0,False,False
831e56fffffffff,-11.073455785275714,34.887021785274094,0,False,False
831e58fffffffff,-9.305466320744394,38.575475157216886,0,False,False
831e59fffffffff,-8.594386392259334,39.44650321488928,0,False,False
831e5cfffffffff,-8.962472791605949,37.52989529683914,0,False,False
831e5dfffffffff,-8.257508664619518,38.39992023624992,0,False,False
831e5efffffffff,-10.01659714295304,37.69821269389712,0,False,False
831e70fffffffff,-8.622906589912676,33.59824145662046,0,False,False
831e71fffffffff,-7.937145105881973,34.465927726922644,0,False,False
831e73fffffffff,-8.970023012265436,34.60376335738189,0,False,False
831e74fffffffff,-8.277290900995897,32.606319722169715,0,False,False
831e76fffffffff,-9.307216213324878,32.72676141148834,0,False,False
831e88fffffffff,-29.612873711797288,25.195558910091663,0,False,False
831e89fffffffff,-29.569862450253765,26.509811399328704,0,False,False
831e8bfffffffff,-30.564594357438857,25.87375910555432,0,False,False
831e8dfffffffff,-28.62897581842636,25.83140922711437,0,False,False
831e94fffffffff,-21.42860034082461,25.7039869467098,0,False,False
831e96fffffffff,-21.89386078485451,24.5992873566291,0,False,False
831eb0fffffffff,-19.88956031582038,26.884394765566743,0,False,False
831ec0fffffffff,-15.078155394652915,37.48904507376202,0,False,False
831ec1fffffffff,-14.348466216583084,38.40299036604458,0,False,False
831ec2fffffffff,-16.190631649095863,37.665553832811824,0,False,False
831ec3fffffffff,-15.4570824970785,38.58749072452501,0,False,False
831ec5fffffffff,-13.974856569522244,37.315828414028246,0,False,False
831ec6fffffffff,-15.80415759337229,36.56882242049845,0,False,False
831ec8fffffffff,-13.980343143416563,40.41031169274287,0,False,False
831ec9fffffffff,-31.766773633221423,40.30997374386938,0,False,False
831ecbfffffffff,-32.42430616170544,39.2362804168713,0,False,False
831eccfffffffff,-13.615887424975265,39.310262166188174,0,False,False
831ecdfffffffff,-12.881219696873105,40.21048348174642,0,False,False
831ecefffffffff,-14.720047800656255,39.50253815283206,0,False,False
831ed2fffffffff,-31.46621443200617,27.92486183356313,0,False,False
831ed6fffffffff,-30.51591619906075,27.20742495979175,0,False,False
831edcfffffffff,-16.574524357557518,38.77549553030716,0,False,False
831eddfffffffff,-15.833433139733508,39.69843130136804,0,False,False
831ee0fffffffff,-13.223617023373874,35.18085683905919,0,False,False
831ee1fffffffff,-12.512484260612778,36.082545351631474,0,False,False
831ee2fffffffff,-14.314734463769646,35.33192249538438,0,False,False
831ee3fffffffff,-13.599737481161451,36.24161341631267,0,False,False
831ee4fffffffff,-12.846990170028755,34.13402054659432,0,False,False
831ee5fffffffff,-12.142981331369365,35.03258149216012,0,False,False
831ee6fffffffff,-13.93129648449555,34.27425922152935,0,False,False
831ee8fffffffff,-12.16066618877593,38.04413270230032,0,False,False
831ee9fffffffff,-11.438125770361845,38.93618459754115,0,False,False
831eeafffffffff,-13.249425182279078,38.22190109577573,0,False,False
831eebfffffffff,-12.521684102280188,39.12150828496399,0,False,False
831eeefffffffff,-12.881459528463107,37.14581568177725,0,False,False
831ef1fffffffff,-15.41566136179432,35.48585581227049,0,False,False
831f00fffffffff,-9.78009302419859,23.658994413655577,0,False,False
831f01fffffffff,-9.148633671450613,24.499146816350244,0,False,False
831f02fffffffff,-10.778191783047546,23.69591825829008,0,False,True
831f03fffffffff,-10.145222535798366,24.54357648602696,0,False,True
831f06fffffffff,-10.406545889374216,22.819598191008573,0,False,False
831f08fffffffff,-8.86486603167869,26.23967116746427,0,False,True
831f09fffffffff,-8.218565983387935,27.08736479960841,0,False,False
831f0afffffffff,-9.869257940417526,26.300130655337643,0,False,True
831f0bfffffffff,-9.220312747455294,27.15539452157132,0,False,True
831f0cfffffffff,-8.5126841882848,25.33969479578195,0,False,False
831f0dfffffffff,-7.8727777612739,26.180276728489293,0,False,False
831f0efffffffff,-9.507268846684848,25.39161792083948,0,False,True
831f15fffffffff,-11.405660019582456,22.84901362691212,0,False,True
831f1dfffffffff,-10.51380367956567,25.44447375095393,0,False,True
831f2afffffffff,-8.164024353000553,24.45549534516396,0,False,False
831f2bfffffffff,-7.530429058269193,25.28867998671049,0,False,False
831f30fffffffff,-10.653261497027614,21.1303291489338,0,False,False
831f31fffffffff,-10.038718377535805,21.959786887429058,0,False,False
831f32fffffffff,-11.64246282226481,21.144506055114714,0,False,False
831f33fffffffff,-11.027494759969589,21.981316805615137,0,False,False
831f34fffffffff,-10.283195867998035,20.29593729845518,0,False,False
831f35fffffffff,-9.67494551158861,21.11639857442589,0,False,False
831f36fffffffff,-11.261846337884403,20.30266818325367,0,False,False
831f50fffffffff,-7.911521468266589,28.86322345156331,0,False,False
831f52fffffffff,-8.91941981541098,28.94774374968741,0,False,False
831f53fffffffff,-8.256948708140575,29.80709316534305,0,False,False
831f54fffffffff,-7.568934841020767,27.934328335103523,0,False,False
831f56fffffffff,-8.56753902888726,28.00988491193424,0,False,False
831f5afffffffff,-7.933526560399186,31.62830645424805,0,False,False
832041fffffffff,30.983424532211902,50.437343708946514,0,False,False
832045fffffffff,30.07380285244212,49.5944999644759,0,False,False
832048fffffffff,32.94802140298833,50.80029000254412,0,False,False
832049fffffffff,34.001350916823995,50.29904677118948,0,False,False
83204cfffffffff,32.04895608626613,49.94116717542933,0,False,False
832060fffffffff,28.23286728831698,47.94890349709419,0,False,False
832061fffffffff,29.301428627451628,47.4459757635892,0,False,False
832063fffffffff,29.15661440006629,48.76501172456639,0,False,False
832065fffffffff,28.372135172829125,46.64167625305596,0,False,False
832068fffffffff,31.283756279688564,47.75538256602139,0,False,False
832069fffffffff,32.33301770859037,47.23910770633221,0,False,False
83206afffffffff,31.14084608115869,49.09572098384723,0,False,False
83206bfffffffff,32.1984891706452,48.58920387492766,0,False,False
83206cfffffffff,30.36146659249836,46.93563205176688,0,False,False
83206dfffffffff,31.41211181693289,46.41778990164192,0,False,False
83206efffffffff,30.22467048255456,48.26398680399244,0,False,False
832089fffffffff,23.66594521429313,66.6579613084431,0,False,False
832090fffffffff,-45.57579039078523,88.37715286748053,0,False,False
832096fffffffff,-45.64075537071477,86.73656506290192,0,False,False
83209bfffffffff,-51.881244026534425,91.9974168539008,0,False,False
8320c0fffffffff,27.7778270369514,67.70327459098361,0,False,False
8320c1fffffffff,28.814934760532864,68.30527173140014,0,False,False
8320c2fffffffff,26.7944103746546,68.40547178142363,0,False,False
8320c3fffffffff,27.82839892133241,69.00667369966281,0,False,False
8320c6fffffffff,26.7351209682445,67.1109548774068,0,False,False
8320c8fffffffff,29.87723693131433,70.23767737534233,0,False,False
8320c9fffffffff,30.89019006699929,70.86764306860557,0,False,False
8320cbfffffffff,29.895764849687826,71.54924236922879,0,False,False
8320ccfffffffff,29.84546513353956,68.91704921654853,0,False,False
8320cefffffffff,28.856327745825865,69.6173805252407,0,False,False
8320d0fffffffff,24.776331726632822,68.50204554036841,0,False,False
8320d1fffffffff,25.81127694450985,69.09302651221276,0,False,False
8320d2fffffffff,23.799100873155407,69.17628321594232,0,False,False
8320d4fffffffff,24.71218496446457,67.23121401053575,0,False,False
8320d5fffffffff,25.755341174550903,67.81368390941057,0,False,False
8320d6fffffffff,23.73781464134561,67.92013234593105,0,False,False
8320dcfffffffff,26.841661067665857,69.69316016171973,0,False,False
8320ddfffffffff,27.866507053702897,70.30252600540453,0,False,False
8320f2fffffffff,24.636909843339897,65.95491162604861,0,False,False
8320f3fffffffff,25.68781250900991,66.52820468000151,0,False,False
832100fffffffff,10.213444036403471,45.58034624133752,0,False,False
832101fffffffff,11.342159975569938,45.27414249656627,0,False,False
832102fffffffff,9.897027616511016,46.72232653283002,0,False,False
832104fffffffff,9.40154962278966,44.74804222386848,0,False,False
832105fffffffff,10.524976935781366,44.43944058127859,0,False,False
832106fffffffff,9.087732201601831,45.88350113901621,0,False,False
832110fffffffff,8.447571668321103,48.15600319509342,0,False,False
832111fffffffff,9.576091494578838,47.86447509319721,0,False,False
832112fffffffff,8.12198647458396,49.29126028742685,0,False,False
832113fffffffff,9.2510177797418,49.00588475868148,0,False,False
832114fffffffff,7.646654918812874,47.3142202558896,0,False,False
832115fffffffff,8.76961584086188,47.01978585711972,0,False,False
832116fffffffff,7.323998214831888,48.44450884045247,0,False,False
832120fffffffff,8.90019594845835,42.798889009183135,0,False,False
832121fffffffff,10.014894101942485,42.483150933221495,0,False,False
832122fffffffff,8.593094579555151,43.92509630367072,0,False,False
832123fffffffff,9.71071478158665,43.61429840648781,0,False,False
832124fffffffff,8.094211534136406,41.99336560614309,0,False,True
832125fffffffff,9.202551242551376,41.67587315677356,0,False,False
832126fffffffff,7.788879579274254,43.11168529266147,0,False,False
832128fffffffff,11.953849263153732,42.98370925379331,0,False,False
83212afffffffff,11.65090440741159,44.12780397458397,0,False,False
83212cfffffffff,11.132040465928489,42.16444881682035,0,False,False
83212dfffffffff,12.250687527583532,41.84276072606209,0,False,False
83212efffffffff,10.831282843969523,43.30051080677543,0,False,False
832130fffffffff,7.165974139114369,45.356246687391874,0,False,False
832131fffffffff,8.281571847772017,45.05363537725667,0,False,False
832132fffffffff,6.849088038196459,46.48077884084401,0,False,False
832133fffffffff,7.965971587439912,46.183635777468616,0,False,False
832134fffffffff,6.370409428344824,44.53782118867607,0,False,False
832135fffffffff,7.4793553411940765,44.23292899297176,0,False,False
832136fffffffff,6.055663898045419,45.65590294824345,0,False,False
832180fffffffff,7.917498265403147,53.54620332437506,0,False,False
832185fffffffff,8.255017904492243,52.41668703980507,0,False,False
8321a1fffffffff,7.793260399352728,50.4246687882994,0,False,False
8321a3fffffffff,7.46180447811545,51.55534902064802,0,False,False
8321a5fffffffff,6.998390897333152,49.57362293941733,0,False,False
8321acfffffffff,8.922204611949711,50.1456518810824,0,False,False
8321aefffffffff,8.590063730359145,51.28288060279362,0,False,False
832404fffffffff,53.4428989772408,66.50767835484265,0,False,False
832405fffffffff,54.40609905742326,67.17778926960548,0,False,False
83240cfffffffff,55.40379629395639,69.71546494528872,0,False,False
83240dfffffffff,56.31716290496873,70.45958386135075,0,False,False
832420fffffffff,54.18683805643932,63.5136051363203,0,False,False
832421fffffffff,55.16408458947129,64.14610238458879,0,False,False
832422fffffffff,53.33248075000309,64.70814633185742,0,False,False
832423fffffffff,54.31086294682027,65.349375748981,0,False,False
832424fffffffff,54.03363936740926,61.67421711566932,0,False,False
832425fffffffff,55.025423458745934,62.27428013818743,0,False,False
832426fffffffff,53.19376427086135,62.902766155922,0,False,False
832428fffffffff,56.21848224590736,66.69950874546304,0,False,False
832429fffffffff,57.14670437403339,67.41043346574625,0,False,False
83242afffffffff,55.35274412465792,67.87055606166359,0,False,False
83242bfffffffff,56.28232555788878,68.58693427097744,0,False,False
83242cfffffffff,56.124959481968986,64.80126792024774,0,False,False
83242dfffffffff,57.068957989059285,65.48016171435128,0,False,False
83242efffffffff,55.273039111887314,66.01283364615098,0,False,False
832435fffffffff,52.33845965367523,64.08819951375825,0,False,False
832442fffffffff,58.90455645238021,74.77548419964097,0,False,False
832443fffffffff,59.72698142096434,75.64996169903715,0,False,False
832448fffffffff,61.31325532855369,77.48534706419741,0,False,False
832449fffffffff,62.076593856758656,78.44814464995666,0,False,False
83244afffffffff,60.423235111770325,78.49855530729297,0,False,False
83244bfffffffff,61.18891451838495,79.45226305373534,0,False,False
832450fffffffff,57.1650797486564,74.96360772557912,0,False,False
832451fffffffff,58.00837773510624,75.80702224334895,0,False,False
832459fffffffff,15.229808494361892,88.87551739612927,0,False,False
83245cfffffffff,58.83270339017209,76.67676367820393,0,False,False
83245dfffffffff,59.637748421999575,77.57366415987289,0,False,False
832470fffffffff,58.08845385743195,70.09453017446852,0,False,False
832472fffffffff,57.21271737753903,71.22849298561383,0,False,False
832473fffffffff,58.090044907756194,72.02316088686769,0,False,False
832474fffffffff,58.05725514409112,68.14668452443043,0,False,False
832476fffffffff,57.19437318850284,69.32791611538254,0,False,False
8324a3fffffffff,24.253772551482072,80.1392380676388,0,False,False
8324a8fffffffff,22.527426725535097,81.47432124522035,0,False,False
8324aefffffffff,23.38719341605344,80.81485945960316,0,False,False
8324e5fffffffff,55.3928689823615,75.13787131614987,0,False,False
83250afffffffff,39.955735873087775,48.55768231891437,0,False,False
83250bfffffffff,40.92801830201154,48.00790459104984,0,False,False
832510fffffffff,35.926707357512065,50.66866233263541,0,False,False
832511fffffffff,50.7464309145075,58.25283541369439,0,False,False
832512fffffffff,35.762431685837186,52.06488145706567,0,False,False
832513fffffffff,36.79795797971666,51.56201931664727,0,False,False
832514fffffffff,35.04367911947095,49.78964532209987,0,False,False
832516fffffffff,34.88757251277345,51.17499933558137,0,False,False
832518fffffffff,52.00440877361464,60.53597676931566,0,False,False
832519fffffffff,53.02643378977563,61.09510466773752,0,False,False
83251afffffffff,51.162516437132346,61.74226247865408,0,False,False
83251bfffffffff,52.18544827718875,62.31262369282681,0,False,False
83251cfffffffff,51.795229416727416,58.76167085493364,0,False,False
83251dfffffffff,38.968891540582646,49.09852386568537,0,False,False
83251efffffffff,50.9682080678916,59.995917676149965,0,False,False
832532fffffffff,34.14976651829369,48.925029581770126,0,False,False
832536fffffffff,33.245894927313,48.074848188775874,0,False,False
832540fffffffff,43.867560390791056,43.3416388526153,0,False,False
832541fffffffff,44.75454731558364,42.73499393200953,0,False,False
832542fffffffff,43.8199065200995,44.81905519572042,0,False,False
832543fffffffff,44.71825846448893,44.221931749056495,0,False,False
832548fffffffff,61.33908709565336,62.88100131769062,0,False,False
832549fffffffff,62.22378724063567,63.60751817296596,0,False,False
83254afffffffff,60.5467510631694,64.28301843463954,0,False,False
83254bfffffffff,61.43358433414969,65.02213096750046,0,False,False
83254cfffffffff,45.62464208356516,42.11925139946724,0,False,False
83254dfffffffff,46.47762175326043,41.49435050795125,0,False,False
83254efffffffff,45.599853698558334,43.61549191682761,0,False,False
832550fffffffff,42.82694469378539,46.88106534314316,0,False,False
832551fffffffff,43.75273117112649,46.30377393561379,0,False,False
832552fffffffff,56.00122520210634,62.89631251535212,0,False,False
832553fffffffff,56.960524030758265,63.54138825062669,0,False,False
832554fffffffff,41.974135259518846,45.98570325599338,0,False,False
832555fffffffff,42.90508736102021,45.40694855585981,0,False,False
832556fffffffff,41.88523869354998,47.44907113923348,0,False,False
832558fffffffff,58.82772441349268,64.9052563924307,0,False,False
832559fffffffff,59.73477363662473,65.62649425231159,0,False,False
83255afffffffff,57.99561367503488,66.18389521944287,0,False,False
83255bfffffffff,58.904496792981874,66.91363268808679,0,False,False
83255cfffffffff,58.71878636458092,62.88910440775819,0,False,False
83255dfffffffff,59.6417004975589,63.572482760033,0,False,False
83255efffffffff,57.90283843553503,64.21063899672762,0,False,False
832569fffffffff,45.75977201073984,39.23989381688634,0,False,False
83256bfffffffff,45.62992113251739,40.63411518730674,0,False,False
832590fffffffff,31.891647718936007,72.8336843697625,0,False,False
832591fffffffff,32.87488451496601,73.49017904997358,0,False,False
832592fffffffff,30.893176474592146,73.49466423632786,0,False,False
832593fffffffff,31.875451868440425,74.14805750991222,0,False,False
832596fffffffff,30.898323990603675,72.18672035685837,0,False,False
83259efffffffff,32.84732521886821,74.81068312721463,0,False,False
8325acfffffffff,36.62505389442291,52.96858852551907,0,False,False
8325adfffffffff,37.65657368388854,52.46962508158817,0,False,False
832612fffffffff,-7.3911026768068915,-25.32023907471537,0,False,False
832613fffffffff,-8.498427305078728,-25.217726258732995,0,False,False
832616fffffffff,-6.792138015760956,-24.44980337434169,0,False,False
83261afffffffff,-10.23072486240473,-26.00509371148268,0,False,False
83261bfffffffff,-11.35307359227665,-25.90413952206623,0,False,False
832640fffffffff,-17.654843023296415,-21.457491419664983,0,False,False
832641fffffffff,-18.74830860634441,-21.33324500601911,0,False,False
832642fffffffff,-17.220330560463573,-22.45473352455153,0,False,False
832643fffffffff,-18.322086724916225,-22.33481748705917,0,False,False
832645fffffffff,-18.078805492285348,-20.468414479800096,0,False,False
832648fffffffff,-20.514672908901183,-22.0914562609229,0,False,False
832649fffffffff,-21.60391662804727,-21.96797851922676,0,False,False
83264afffffffff,-20.094596368195106,-23.10987255977232,0,False,False
83264bfffffffff,-21.192784614664248,-22.99096344755633,0,False,False
83264cfffffffff,-19.83805623726168,-21.20779957120113,0,False,False
83264dfffffffff,-20.92330540597681,-21.081138894872,0,False,False
83264efffffffff,-19.42046823809999,-22.213730445565783,0,False,False
832651fffffffff,-16.775418859116638,-23.459630933748592,0,False,False
832653fffffffff,-16.32029556223027,-24.47164711033472,0,False,False
832658fffffffff,-18.55208033461981,-24.24888879389635,0,False,False
832659fffffffff,-19.66317919477409,-24.135834653421963,0,False,False
83265afffffffff,-18.10158258121081,-25.27699431094237,0,False,False
83265cfffffffff,-17.8850987422123,-23.34419017147254,0,False,False
83265dfffffffff,-18.99176564012586,-23.227609377334414,0,False,False
83265efffffffff,-17.437504673465657,-24.36082102086164,0,False,False
832668fffffffff,-19.567998077813623,-19.35553075737233,0,False,False
83266afffffffff,-19.163641444081907,-20.33998737393464,0,False,False
83266bfffffffff,-20.24443486043184,-20.210336197488733,0,False,False
83266efffffffff,-18.513882277638803,-19.48049509224689,0,False,False
832680fffffffff,-6.452690497576542,-29.19181201823919,0,False,False
832681fffffffff,-7.576820254852149,-29.10692690007792,0,False,False
832682fffffffff,-5.927978011276967,-30.19538599215347,0,False,False
832684fffffffff,-5.856441853682341,-28.280486854173628,0,False,False
832685fffffffff,-6.972576851996708,-28.191678139624564,0,False,False
832686fffffffff,-5.334707422631971,-29.27585897094968,0,False,False
832690fffffffff,-4.27897727084945,-31.27607800137504,0,False,False
832691fffffffff,-5.3989605528685365,-31.201799241483226,0,False,False
832693fffffffff,-4.866180024638486,-32.21044054220722,0,False,False
832695fffffffff,-4.808709604057201,-30.27458689439189,0,False,False
8326a0fffffffff,-5.779816999973881,-26.399225173099666,0,False,False
8326a1fffffffff,-6.88511174680937,-26.302118257810623,0,False,False
8326a2fffffffff,-5.265652058937304,-27.38162412562879,0,False,False
8326a3fffffffff,-6.373404908526127,-27.28905109856352,0,False,False
8326a4fffffffff,-5.192289487180337,-25.522350019377736,0,False,False
8326a5fffffffff,-6.288794676868961,-25.421775913946828,0,False,False
8326a6fffffffff,-4.68080487217894,-26.495403239360723,0,False,False
8326a8fffffffff,-8.60604628171367,-27.10117605349865,0,False,False
8326a9fffffffff,-9.729294778524316,-27.00584811692938,0,False,False
8326aafffffffff,-8.094371545033216,-28.10199017640064,0,False,False
8326acfffffffff,-7.995904407131159,-26.204069538571755,0,False,False
8326adfffffffff,-9.111385659065697,-26.105065830015327,0,False,False
8326aefffffffff,-7.487139063007034,-27.19557268868144,0,False,False
8326b0fffffffff,-3.6443433911673866,-28.45551609531444,0,False,False
8326b1fffffffff,-4.7467718928854366,-28.368428765922697,0,False,False
8326b3fffffffff,-4.223671639796051,-29.359079755030013,0,False,False
8326b4fffffffff,-3.071186376010304,-27.564104262767163,0,False,False
8326b5fffffffff,-4.164661972267206,-27.47330438370085,0,False,False
8326c8fffffffff,-17.342355405517946,-29.357636746407003,0,False,False
8326cafffffffff,-16.847287995793845,-30.415836183354056,0,False,False
8326cbfffffffff,-17.99702350839944,-30.33265402573577,0,False,False
8326ccfffffffff,-16.68751147757001,-28.39615544513145,0,False,False
8326cdfffffffff,-17.827542126760868,-28.303147973073944,0,False,False
8326e2fffffffff,-13.116491878891647,-26.714142126852657,0,False,False
8326e3fffffffff,-14.248443585983324,-26.61495337206686,0,False,False
8326e6fffffffff,-12.477569372792116,-25.80218935553549,0,False,False
8326e8fffffffff,-16.51132971181903,-26.413560171896226,0,False,False
8326e9fffffffff,-17.640481999204564,-26.311326277921,0,False,False
8326eafffffffff,-16.033262233684173,-27.44846030961462,0,False,False
8326ebfffffffff,-17.16902826378642,-27.35126154541348,0,False,False
8326ecfffffffff,-15.855186035564044,-25.490220141214365,0,False,False
8326edfffffffff,-16.979502654100163,-25.38414191315703,0,False,False
8326eefffffffff,-15.380353916955814,-26.514764249889883,0,False,False
8326f4fffffffff,-10.856032719169846,-26.909575564224173,0,False,False
8326f5fffffffff,-11.985391944252038,-26.81234483678486,0,False,False
832712fffffffff,-2.922366070671439,-19.33669387608418,0,False,False
832713fffffffff,-4.04458096331713,-19.21368473362481,0,False,False
832716fffffffff,-2.2428210065086542,-18.464790562766044,0,False,False
832780fffffffff,-2.272214223097556,-23.09359436646919,0,False,False
832781fffffffff,-3.3691330850875536,-22.9809071340243,0,False,False
832782fffffffff,-1.840803270310708,-24.0321830391163,0,False,False
832783fffffffff,-2.9301195542207203,-23.92220676120263,0,False,False
832784fffffffff,-1.6069554647690196,-22.2570927671356,0,False,False
832785fffffffff,-2.708643501542473,-22.142162393407062,0,False,False
832786fffffffff,-1.1781324694777218,-23.20581874287939,0,False,False
832788fffffffff,-5.115127640482701,-23.70087941559095,0,False,False
832789fffffffff,-6.199470212104833,-23.59285285724465,0,False,False
83278afffffffff,-4.611261995856218,-24.658546713107903,0,False,False
83278bfffffffff,-5.698656218807697,-24.55466559250034,0,False,False
83278cfffffffff,-4.468080702520856,-22.86775505333233,0,False,False
83278dfffffffff,-5.568239614841305,-22.754136130214853,0,False,False
83278efffffffff,-4.021827356576922,-23.811772898739683,0,False,False
832790fffffffff,-0.3368372665457886,-25.06451761820909,0,False,False
832791fffffffff,-1.3928198196982684,-24.964432722314392,0,False,False
832792fffffffff,0.1776153697754332,-26.01122745777304,0,False,False
832793fffffffff,-0.879069439287928,-25.915276138738648,0,False,False
832794fffffffff,0.3275147114577534,-24.25077096894664,0,False,False
832795fffffffff,-0.7546669861362112,-24.141703765265767,0,False,False
832796fffffffff,0.7367827533397208,-25.170896305333,0,False,False
832798fffffffff,-3.0197017620471818,-25.720661874102856,0,False,False
832799fffffffff,-4.1023477541095685,-25.62197440775009,0,False,False
83279afffffffff,-2.5046263184906468,-26.68502352055692,0,False,False
83279bfffffffff,-3.5888324213003284,-26.590665185804443,0,False,False
83279cfffffffff,-2.457652154842548,-24.86341756983663,0,False,False
83279dfffffffff,-3.530691550288077,-24.76145976739585,0,False,False
83279efffffffff,-1.945052900167475,-25.81842499617936,0,False,False
8327a0fffffffff,-1.366198067592283,-20.442061433952464,0,False,False
8327a1fffffffff,-2.479420560898111,-20.32221221922563,0,False,False
8327a2fffffffff,-0.9348342152385036,-21.41295035204909,0,False,False
8327a3fffffffff,-2.040829629951576,-21.29579056240308,0,False,False
8327a4fffffffff,-0.6852898998689124,-19.58126257048219,0,False,False
8327a5fffffffff,-1.802315057876506,-19.459219243613127,0,False,False
8327a6fffffffff,-0.2563757743532533,-20.561433327946222,0,False,False
8327a8fffffffff,-4.260786252560196,-21.06004790991245,0,False,False
8327aafffffffff,-3.8128078304500974,-22.026762457153936,0,False,False
8327abfffffffff,-4.9186210487824935,-21.91089101682868,0,False,False
8327acfffffffff,-3.595200520740769,-20.20188387021172,0,False,False
8327aefffffffff,-3.149758928989106,-21.1781570421427,0,False,False
8327b0fffffffff,0.585741601118839,-22.48555258976601,0,False,False
8327b1fffffffff,-0.5085599338710465,-22.371555519234143,0,False,False
8327b2fffffffff,0.9983527107282408,-23.42888688565808,0,False,False
8327b3fffffffff,-0.0876835679475318,-23.31758225334115,0,False,False
8327b4fffffffff,1.2650817510725512,-21.64585626834421,0,False,False
8327b5fffffffff,0.167404790800724,-21.52963829316036,0,False,False
8327b6fffffffff,1.6751657468458534,-22.59908591778852,0,False,False
832880fffffffff,1.849757184168016,-30.35411449054131,0,False,False
832882fffffffff,1.318833727682255,-29.390561670076966,0,False,False
832883fffffffff,2.375253101306142,-29.464811556091814,0,False,False
832886fffffffff,0.7836849981377944,-30.28349188529277,0,False,False
83288afffffffff,3.928360804189544,-28.66386309837906,0,False,False
83288efffffffff,3.420508132820655,-29.53838873917612,0,False,False
832890fffffffff,-0.2781631679572057,-28.35145623195078,0,False,False
832891fffffffff,0.7893043638972147,-28.430621540780653,0,False,False
832892fffffffff,-1.4288804215701745,-26.77849053518116,0,False,False
832893fffffffff,0.2616976381653557,-27.47480941683583,0,False,False
832895fffffffff,0.2518050156294235,-29.31563006600337,0,False,False
832898fffffffff,2.3666439245583346,-27.63921234000848,0,False,False
832899fffffffff,3.403071368103649,-27.72031702580881,0,False,False
83289afffffffff,1.841609151375048,-26.696068783651945,0,False,False
83289bfffffffff,2.878733913381234,-26.781148274382133,0,False,False
83289cfffffffff,1.8465875799898124,-28.50907157421132,0,False,False
83289dfffffffff,2.893116306276357,-28.58681569244317,0,False,False
83289efffffffff,1.319337733060505,-27.557379639694577,0,False,False
8328b3fffffffff,-0.2928299146358152,-30.21221388639883,0,False,False
8328d8fffffffff,33.59051373080752,-41.20825184747091,0,False,False
8328d9fffffffff,34.33247547166532,-42.01523696344818,0,False,False
8328dbfffffffff,34.589111977792555,-40.94744001983848,0,False,False
8328dcfffffffff,32.73052093969491,-41.68627199362839,0,False,False
8328ddfffffffff,33.451469552902935,-42.44547332014788,0,False,False
832c00fffffffff,-35.631201637064585,53.36267091096488,0,False,False
832c02fffffffff,-36.68687983646004,53.75716956698116,0,False,False
832c03fffffffff,-35.918465969858616,54.63106519629221,0,False,False
832c04fffffffff,-35.33073860417869,52.10356741480593,0,False,False
832c06fffffffff,-36.395560727228265,52.48000153768112,0,False,False
832c11fffffffff,-37.74318175182673,54.163409128338266,0,False,False
832c13fffffffff,-38.79922771609483,54.58187892635063,0,False,False
832c15fffffffff,-36.363647261823786,53.415765179952864,0,False,False
832c18fffffffff,-37.24809094740439,56.35207116493058,0,False,False
832c19fffffffff,-36.459745753298414,57.23182178291418,0,False,False
832c1afffffffff,-38.295317660354726,56.79344932110475,0,False,False
832c1bfffffffff,-37.512023148482605,57.681807339817176,0,False,False
832c1cfffffffff,-36.97186419908853,55.04323135871555,0,False,False
832c1dfffffffff,-36.19490944018121,55.921043742504914,0,False,False
832c1efffffffff,-38.019877880793146,55.465357036572726,0,False,False
832c20fffffffff,-33.21052484829185,50.94665182479745,0,False,False
832c21fffffffff,-32.484021107088004,51.83814877181616,0,False,False
832c22fffffffff,-35.014186673103964,50.841798624765175,0,False,False
832c23fffffffff,-33.54734799739629,52.17510558510786,0,False,False
832c26fffffffff,-33.939811382960805,50.02850563551647,0,False,False
832c2efffffffff,-32.80238837721638,53.04409744111205,0,False,False
832c31fffffffff,-35.096910916344825,51.64408271141005,0,False,False
832c33fffffffff,-36.14594038517875,52.109414110719264,0,False,False
832c34fffffffff,-35.661018461414514,49.4818352822082,0,False,False
832c35fffffffff,-34.853184029231855,50.35025701842211,0,False,False
832c41fffffffff,3.536553310494714,47.35454642156293,0,False,False
832c45fffffffff,2.7651033156594536,46.53741113803009,0,False,False
832c48fffffffff,5.417734172747766,47.8941366485158,0,False,False
832c49fffffffff,6.529063916211556,47.60566032185749,0,False,False
832c4afffffffff,5.095301433153685,49.012582114738045,0,False,False
832c4bfffffffff,6.206281361644741,48.73002438585552,0,False,False
832c4cfffffffff,4.633524315676309,47.066205332357065,0,False,False
832c4dfffffffff,5.737981936596687,46.77495908807591,0,False,False
832c4efffffffff,4.313525545923793,48.17967981139829,0,False,False
832c60fffffffff,1.241469087484038,44.92796463043008,0,False,False
832c61fffffffff,2.314191445792079,44.63233737850238,0,False,False
832c63fffffffff,1.9998595386625104,45.728485725490856,0,False,False
832c64fffffffff,0.4905403509075529,44.136025162151206,0,False,False
832c65fffffffff,1.554426172613595,43.838330483573394,0,False,False
832c68fffffffff,4.170419050244034,45.138883915374336,0,False,False
832c69fffffffff,5.267144367982722,44.83979780134887,0,False,False
832c6afffffffff,3.854396098734323,46.24645810656164,0,False,False
832c6bfffffffff,4.951521397713934,45.952631079727375,0,False,False
832c6cfffffffff,3.395376536633814,44.33390706407141,0,False,False
832c6dfffffffff,4.484257340865141,44.0326500547961,0,False,False
832c6efffffffff,3.0810602551745827,45.43510476737456,0,False,False
832c88fffffffff,-41.647579930649385,59.59229346097829,0,False,False
832c89fffffffff,-40.86889083697936,60.50616449371511,0,False,False
832c8bfffffffff,-41.88619257947772,61.02143209645758,0,False,False
832c8dfffffffff,-40.62634366769417,59.097418266716005,0,False,False
832ca8fffffffff,-40.09646448195707,56.34076942274735,0,False,False
832ca9fffffffff,-39.335758091934665,57.24550126693545,0,False,False
832cabfffffffff,-40.36860233791697,57.70856055339928,0,False,False
832cadfffffffff,-39.061680356659046,55.89776010556267,0,False,False
832cc2fffffffff,-38.42958961448787,63.188736370726325,0,False,False
832cc3fffffffff,-37.5836974567722,64.0623617869594,0,False,False
832cc6fffffffff,-38.2223681298856,61.78619483802981,0,False,False
832ccafffffffff,-36.89118992888416,66.33286158345524,0,False,False
832cd1fffffffff,-39.46235707268831,63.726129880899904,0,False,False
832cd4fffffffff,-40.07269894423207,61.41038509165436,0,False,False
832cd5fffffffff,-39.25943656778001,62.30466416993335,0,False,False
832cd6fffffffff,-41.09548323432767,61.933491181142784,0,False,False
832cdafffffffff,-39.9484862356097,74.56697527017236,0,False,False
832cdcfffffffff,-38.62092590341721,64.60621277271824,0,False,False
832cddfffffffff,-37.763661850169264,65.47518434617838,0,False,False
832cf0fffffffff,-38.80643854185606,59.51152824398962,0,False,False
832cf2fffffffff,-39.84204569278159,60.00297821813408,0,False,False
832cf3fffffffff,-39.04056975509968,60.899334521171255,0,False,False
832cf4fffffffff,-38.557767659339945,58.14251618387612,0,False,False
832cf6fffffffff,-39.59614477747548,58.61427448919951,0,False,False
832d00fffffffff,-32.40755857220147,45.04964965021593,0,False,False
832d02fffffffff,-33.5159838767461,45.29437573881639,0,False,False
832d03fffffffff,-32.813061995332234,46.29046843455281,0,False,False
832d04fffffffff,-31.987672839747898,43.81334966844968,0,False,False
832d06fffffffff,-33.39677381824094,43.85535020223503,0,False,False
832d11fffffffff,-34.80980444544485,45.52383512036764,0,False,False
832d15fffffffff,-34.49346891341044,44.20564296440434,0,False,False
832d18fffffffff,-34.31789429627015,47.75345949749904,0,False,False
832d19fffffffff,-33.57947807054684,48.78106598471882,0,False,False
832d1afffffffff,-35.3937332134478,48.16333019955102,0,False,False
832d1bfffffffff,-34.59350079811244,49.05294257823445,0,False,False
832d1cfffffffff,-34.026457790104985,46.45314120608649,0,False,False
832d1dfffffffff,-33.20380798818753,47.53466164961596,0,False,False
832d1efffffffff,-35.10995464185248,46.84353039478677,0,False,False
832d22fffffffff,-31.55383500281447,42.582687740800274,0,False,False
832d30fffffffff,-33.813309327733386,41.57930596145636,0,False,False
832d31fffffffff,-32.66984047078961,42.78870936270681,0,False,False
832d32fffffffff,-34.92520872024944,41.898208859260016,0,False,False
832d33fffffffff,-34.161198936457204,42.89034297935997,0,False,False
832d34fffffffff,-33.45017745162718,40.2738760165507,0,False,False
832d35fffffffff,-32.225167086202184,41.54541752266963,0,False,False
832d36fffffffff,-34.56659530836922,40.57133848138885,0,False,False
832d41fffffffff,-1.711999989572341,41.81321814899241,0,False,False
832d48fffffffff,0.0585518236163824,42.27721048239631,0,False,False
832d49fffffffff,1.1130518962817426,41.97322645200836,0,False,False
832d4afffffffff,-0.2523584444280219,43.3528277394952,0,False,False
832d4bfffffffff,0.8023611063929663,43.05324138487562,0,False,False
832d4cfffffffff,-0.6764880576628372,41.51036166708119,0,False,False
832d4dfffffffff,0.3684903646705285,41.204872501971394,0,False,True
832d4efffffffff,-0.9867002774034336,42.5785161976094,0,False,False
832d68fffffffff,-1.0932522248417709,39.69662107347032,0,False,False
832d69fffffffff,-0.0588593622490411,39.38606586544796,0,False,False
832d6bfffffffff,-0.3670965537195896,40.445974762116,0,False,False
832d6cfffffffff,-1.809562869411428,38.956884025565294,0,False,False
832d6dfffffffff,-0.7852248408011656,38.64536081280043,0,False,False
832ec8fffffffff,73.26187594610393,94.61976303559986,0,False,False
832ec9fffffffff,72.33777875207207,94.29597277232928,0,False,False
832ecdfffffffff,72.58958304302278,97.29358866765624,0,False,False
832ecefffffffff,74.19964256053474,94.9861197549806,0,False,False
832ed8fffffffff,75.44193269724177,88.5958166511534,0,False,False
832edafffffffff,75.81169854640778,85.1780645267356,0,False,False
832eddfffffffff,74.843467135934,91.9177256190136,0,False,False
832edefffffffff,76.40685558061683,88.5597851952158,0,False,False
83301bfffffffff,4.753433788469699,89.05494786644651,0,False,False
833080fffffffff,13.45886671472513,136.63656990492956,0,False,False
833082fffffffff,12.605551422306604,136.85720812342328,0,False,False
833083fffffffff,13.139738117329689,137.60956010580855,0,False,False
83308dfffffffff,3.920094985813293,86.49231516032818,0,False,False
833099fffffffff,12.743272523226787,139.43641098146526,0,False,False
83309dfffffffff,12.867419900562096,138.55632299478063,0,False,False
8330a8fffffffff,5.582390716241712,86.61020855518456,0,False,False
8330a9fffffffff,5.0331636437791145,87.41013504541445,0,False,False
8330aafffffffff,5.340648016701669,85.80100046361625,0,False,False
8330abfffffffff,4.758851578628339,86.55173019720169,0,False,False
8330c0fffffffff,1.652808659268623,89.75492809412032,0,False,False
8330c1fffffffff,1.080975168076913,90.57459024563308,0,False,False
8330c2fffffffff,1.3496522204394064,88.89578726442417,0,False,False
8330c3fffffffff,0.7734973861797678,89.72081032913638,0,False,False
8330c4fffffffff,2.5172448841947697,89.78849810233719,0,False,False
8330c5fffffffff,1.951110234898406,90.60159517238672,0,False,False
8330c6fffffffff,2.223086951836962,88.93654149224544,0,False,False
8330d4fffffffff,2.496394347747612,87.25102099272266,0,False,False
8330d5fffffffff,1.924105114835754,88.07241282450521,0,False,False
8330e0fffffffff,3.647108221400139,90.65432282559298,0,False,False
8330e2fffffffff,3.3667959108374976,89.821533417492,0,False,False
8330e3fffffffff,2.80648788160916,90.6281692936669,0,False,False
8330e6fffffffff,4.201478167480291,89.85404669185085,0,False,False
8330e8fffffffff,2.0874261896201807,92.18982560740464,0,False,False
8330eafffffffff,1.4980695171107117,91.39668257447096,0,False,False
8330ebfffffffff,1.1543915352958456,92.1834975631784,0,False,False
8330edfffffffff,2.679259434606528,92.98744339045616,0,False,False
8330eefffffffff,2.4205349302007573,91.40760341938432,0,False,False
8330f0fffffffff,3.643497595861525,88.16635133732218,0,False,False
8330f1fffffffff,3.081520169643415,88.97664272917869,0,False,False
8330f2fffffffff,3.3571706923119047,87.30491121457456,0,False,False
8330f3fffffffff,2.7913561577256982,88.11976048479188,0,False,False
8330f4fffffffff,4.480552074729522,88.21220332335207,0,False,False
8330f5fffffffff,3.9249583428614967,89.0161065061032,0,False,False
8330f6fffffffff,4.202747685708589,87.35794247022976,0,False,False
833100fffffffff,65.13205644364417,81.4778678255229,0,False,False
833101fffffffff,65.82283864898805,83.21050276849873,0,False,False
833102fffffffff,64.2453739481807,81.79957955913639,0,False,False
833103fffffffff,11.21266141934715,93.05558301700984,0,False,False
833104fffffffff,65.31137390239387,79.42218773155973,0,False,False
833105fffffffff,66.03132061694565,81.12858442371483,0,False,False
833106fffffffff,64.42077093120047,79.83083429775239,0,False,False
833108fffffffff,9.342582632787842,93.6942937884952,0,False,False
83310afffffffff,9.62241487756663,92.83409855112404,0,False,False
83310cfffffffff,66.49117318879698,85.03216568496714,0,False,False
83310dfffffffff,9.056613664737572,94.56545156143768,0,False,False
83310efffffffff,10.27638210792849,93.37636032284234,0,False,False
833110fffffffff,12.979209380616904,91.33775491722986,0,False,False
833111fffffffff,12.249369830998836,91.78351101308,0,False,False
833112fffffffff,12.967568969675977,90.31917220362536,0,False,False
833113fffffffff,12.23782403008084,90.7779647354784,0,False,False
833114fffffffff,62.81976945123272,79.4422659827188,0,False,False
833115fffffffff,63.54258852737118,80.46863646430884,0,False,False
833116fffffffff,61.93456468591618,80.4356016735837,0,False,False
833118fffffffff,10.815298085607402,91.66387168468766,0,False,False
83311cfffffffff,11.477744373355952,92.19199705113016,0,False,False
83311dfffffffff,10.549013235964871,92.5144410515224,0,False,False
83311efffffffff,11.520387107351157,91.2260930324951,0,False,False
833128fffffffff,67.64878103493507,82.61990133161596,0,False,False
833129fffffffff,68.32955495859642,84.59842504226411,0,False,False
83312afffffffff,66.7296115560273,82.9282381854316,0,False,False
83312bfffffffff,67.4041545830599,84.82515527242536,0,False,False
833133fffffffff,63.69297120091821,78.39325501095449,0,False,False
833160fffffffff,71.14274323886457,91.30216863597346,0,False,False
833161fffffffff,71.42761204467209,94.00775520255142,0,False,False
833162fffffffff,70.19731671315,91.21284283975147,0,False,False
833165fffffffff,72.04666812177963,91.42976017470922,0,False,False
833166fffffffff,70.55112409883964,88.85557590137188,0,False,False
833168fffffffff,70.98436223658888,99.1900257896224,0,False,False
83316cfffffffff,71.67622228831517,96.831812585194,0,False,False
83316dfffffffff,71.8849727015394,99.76769979107208,0,False,False
833170fffffffff,68.67328505068139,88.92457657121273,0,False,False
833171fffffffff,6.8813617879593245,96.0662610999886,0,False,False
833172fffffffff,8.119234343848586,94.87856443001556,0,False,False
833174fffffffff,68.98285681203907,86.68787699443256,0,False,False
833175fffffffff,69.60626824916393,88.89181533387668,0,False,False
833176fffffffff,68.05278654707429,86.82293233821646,0,False,False
8331a4fffffffff,14.463677282380596,89.3682875603544,0,False,False
8331a5fffffffff,13.70955324607853,89.8493911695556,0,False,False
833800fffffffff,-27.95650329736302,11.064200008089218,0,False,False
833801fffffffff,-28.45287391234453,12.108900719765574,0,False,False
833802fffffffff,-28.51833033437163,9.987207617232214,0,False,False
833803fffffffff,-29.02440445462938,11.026776257056229,0,False,False
833804fffffffff,-26.88859221631344,11.10089052760728,0,False,False
833806fffffffff,-27.45231750915763,10.02913689292369,0,False,False
833808fffffffff,-30.03360297637256,13.171330720674348,0,False,False
833809fffffffff,-30.5336609834551,14.279195547334032,0,False,False
83380afffffffff,-30.61787855738903,12.064801652529278,0,False,False
83380bfffffffff,-31.13003300936561,13.165895284834503,0,False,False
83380cfffffffff,-28.947233308282133,13.176598924888332,0,False,False
83380dfffffffff,-29.43879748068216,14.26729634274722,0,False,False
83380efffffffff,-29.53024203316053,12.087191833515211,0,False,False
833810fffffffff,-28.557897090701523,7.846006502542554,0,False,False
833811fffffffff,-29.072595955935263,8.896729089157422,0,False,False
833813fffffffff,-29.61855727866991,7.793314001150191,0,False,False
833815fffffffff,-28.009001964580246,8.943995460615954,0,False,False
833818fffffffff,-30.664114911239,9.880291112557314,0,False,False
833819fffffffff,-31.19093072922971,10.948392530599008,0,False,False
83381afffffffff,-31.213704713475177,8.764218527105047,0,False,False
83381bfffffffff,-31.752101717650927,9.822828974901254,0,False,False
83381cfffffffff,-29.585496662015377,9.935993786053237,0,False,False
83381dfffffffff,-30.10275430475766,10.988192028389662,0,False,False
83381efffffffff,-30.1355323240974,8.837248652412717,0,False,False
833822fffffffff,-25.81021216491523,11.13724329787073,0,False,False
833830fffffffff,-25.84853394733478,9.03722041807204,0,False,False
833831fffffffff,-26.37541893292812,10.070678806479638,0,False,False
833833fffffffff,-26.934118054488515,8.990823904791416,0,False,False
833834fffffffff,-24.75288186041585,9.08319088900258,0,False,False
833835fffffffff,-25.2882408414812,10.111838658088034,0,False,False
833841fffffffff,-31.82536782774369,20.06087019199757,0,False,False
833848fffffffff,-33.29197780173749,21.0657817372383,0,False,False
833849fffffffff,-33.79612124295924,22.30295209704865,0,False,False
83384afffffffff,-33.91881811024319,19.894601078032345,0,False,False
83384bfffffffff,-34.43673370930227,21.13033020116368,0,False,False
83384cfffffffff,-32.15512935254301,21.003335956495864,0,False,False
83384dfffffffff,-32.65457418105234,22.219642284521427,0,False,False
83384efffffffff,-32.77912872634923,19.85093241195294,0,False,False
833852fffffffff,-32.752159857676766,14.304158103689003,0,False,False
833856fffffffff,-31.63834817292795,14.29147657548008,0,False,False
833868fffffffff,-30.397236880944163,22.060963131778504,0,False,False
833869fffffffff,-30.87872348526689,23.257478816202816,0,False,False
83386afffffffff,-31.02699596948948,20.94289190374521,0,False,False
83386bfffffffff,-31.52134862258461,22.13902191598036,0,False,False
83386efffffffff,-30.043144600559515,21.03852779013277,0,False,False
833889fffffffff,-34.44863134475489,6.283864262893772,0,False,False
83388dfffffffff,-33.35835950859424,6.399055294956824,0,False,False
8338a8fffffffff,-31.20014504017848,6.618817277242135,0,False,False
8338a9fffffffff,-31.750943940706023,7.6407392841427875,0,False,False
8338abfffffffff,-32.27529513178642,6.510651333125199,0,False,False
8338adfffffffff,-30.673929410361765,7.731269785517904,0,False,False
8338c0fffffffff,-35.62810276887136,10.775817281482098,0,False,False
8338c1fffffffff,-36.186071521148136,11.941413549934143,0,False,False
8338c2fffffffff,-36.18369767419059,9.573608894853471,0,False,False
8338c3fffffffff,-36.75475141220097,10.728986437426768,0,False,False
8338c4fffffffff,-34.50761100591422,10.82110024461246,0,False,False
8338c5fffffffff,-35.05757188714937,11.967743753787628,0,False,False
8338c6fffffffff,-35.06534194120028,9.639012016985522,0,False,False
8338c8fffffffff,-37.87953446066622,13.129277962028826,0,False,False
8338c9fffffffff,-38.43101139947328,14.37431974818034,0,False,False
8338cafffffffff,-38.459707698190016,11.885968482922886,0,False,False
8338cbfffffffff,-39.02548642184085,13.122412283384817,0,False,False
8338ccfffffffff,-36.73818504021803,13.135906914195502,0,False,False
8338cdfffffffff,-37.283347791692655,14.359308350247312,0,False,False
8338cefffffffff,-37.32040043203794,11.914171200020949,0,False,False
8338d0fffffffff,-36.13596978009882,7.248497354860858,0,False,False
8338d1fffffffff,-36.72375845132574,8.362056440769184,0,False,False
8338d2fffffffff,-36.64781621199329,6.041983335275964,0,False,False
8338d3fffffffff,-37.24774333525013,7.142145771434941,0,False,False
8338d4fffffffff,-35.02962802438955,7.351370389414456,0,False,False
8338d5fffffffff,-35.60831253430033,8.447832550592578,0,False,False
8338d6fffffffff,-35.545372538219176,6.164902655390401,0,False,False
8338d8fffffffff,-38.43652896426962,9.43595909057513,0,False,False
8338d9fffffffff,-39.02317788887528,10.63035268693432,0,False,False
8338dafffffffff,-38.96922672731999,8.181510731073484,0,False,False
8338dbfffffffff,-39.56931631379978,9.363469902412769,0,False,False
8338dcfffffffff,-37.30770430449592,9.505963622782414,0,False,False
8338ddfffffffff,-37.886727736925344,10.680527032863962,0,False,False
8338defffffffff,-37.8443415507267,8.273333843159321,0,False,False
8338e0fffffffff,-32.821326637895275,12.01784499261116,0,False,False
8338e1fffffffff,-33.3503413320551,13.154489823315073,0,False,False
8338e2fffffffff,-33.39407730516807,10.864910767523083,0,False,False
8338e3fffffffff,-33.9357256066594,11.993206858279546,0,False,False
8338e4fffffffff,-31.715135875773225,12.041697600865694,0,False,False
8338e5fffffffff,-32.23585007720052,13.160284526255422,0,False,False
8338e6fffffffff,-32.288271775708765,10.907319470187431,0,False,False
8338e8fffffffff,-35.00416643581186,14.330803661456102,0,False,False
8338eafffffffff,-35.602310208082315,13.142311175603009,0,False,False
8338ebfffffffff,-36.140776671949055,14.344811662879453,0,False,False
8338ecfffffffff,-33.87435768704038,14.317260046628135,0,False,False
8338eefffffffff,-34.47275647593225,13.148501979679237,0,False,False
8338f0fffffffff,-33.3960505147047,8.611112159770052,0,False,False
8338f1fffffffff,-33.9534440722102,9.702282485972876,0,False,False
8338f2fffffffff,-33.92950735950508,7.450932161649429,0,False,False
8338f3fffffffff,-34.49881511760755,8.530806188898579,0,False,False
8338f4fffffffff,-32.30077310467546,8.688876778340067,0,False,False
8338f5fffffffff,-32.84878198617237,9.763522793119748,0,False,False
8338f6fffffffff,-32.83636911424144,7.547339439681157,0,False,False
83390efffffffff,-23.87685044525155,12.908424507164083,0,False,False
833961fffffffff,-21.90422505496049,23.17487101154436,0,False,False
833968fffffffff,-21.758565548415497,25.09024181110551,0,False,False
83396efffffffff,-22.38063728753235,24.1502812663468,0,False,False
833c21fffffffff,-52.6333883472223,103.08112900319271,0,False,False
833c24fffffffff,-52.524289969310615,99.9456117927136,0,False,False
833c25fffffffff,-52.04296283424752,101.61095252471576,0,False,False
833c29fffffffff,-52.10193003344229,107.74030189521228,0,False,False
833c2cfffffffff,-52.1124311764687,104.69817247342456,0,False,False
833c2dfffffffff,-50.293806478512586,106.87332004727068,0,False,False
833c40fffffffff,-51.141858603729446,115.18378667559352,0,False,False
833c41fffffffff,-48.85867881216175,116.7544044012114,0,False,False
833c42fffffffff,-52.180783873969766,115.37868641512136,0,False,False
833c44fffffffff,-50.76514483354455,113.61539817886047,0,False,False
833c45fffffffff,-48.55267396607434,115.21806504846414,0,False,False
833c46fffffffff,-51.79845898388681,113.76159207577147,0,False,False
833c4efffffffff,-49.14678560861996,118.32469853369663,0,False,False
833c62fffffffff,-48.85860632995925,112.46820803060608,0,False,False
833c70fffffffff,-52.01552517655907,110.7216314603566,0,False,False
833c71fffffffff,-51.39878210536476,112.18935437659272,0,False,False
833c73fffffffff,-52.43857289017439,112.29517761651712,0,False,False
833c74fffffffff,-51.527002977865024,109.25435531731075,0,False,False
833c75fffffffff,-49.50872779327825,111.13836080816615,0,False,False
833cc8fffffffff,-36.4122243678808,130.4488454887611,0,False,False
833cc9fffffffff,-42.11118900027075,120.1335188786323,0,False,False
833ccafffffffff,-35.72282433132707,131.55042347154676,0,False,False
833ccbfffffffff,-41.44303890016471,121.34282840768546,0,False,False
833cccfffffffff,-37.52790647163726,130.66328142183656,0,False,False
833ccdfffffffff,-37.08538652378929,129.33765919889453,0,False,False
833ccefffffffff,-36.843734833671874,131.7760146656531,0,False,False
833cd9fffffffff,-35.017819011132985,132.6417138931774,0,False,False
833cddfffffffff,-36.14343233430795,132.87807481809372,0,False,False
833ce9fffffffff,-38.84546421041538,128.4086198346587,0,False,False
833cebfffffffff,-38.1953339964514,129.54057034708316,0,False,False
833d00fffffffff,-50.953447964954265,93.98047512328114,0,False,False
833d01fffffffff,-49.66270745129139,96.44584870763636,0,False,False
833d03fffffffff,-51.65317445447556,95.37106266627458,0,False,False
833d05fffffffff,-49.013003909056025,95.04030985514524,0,False,False
833d08fffffffff,-49.7832730154099,99.4657204695981,0,False,False
833d09fffffffff,-49.256839667750334,101.0187401176881,0,False,False
833d0afffffffff,-51.89049290837952,98.49585646365654,0,False,False
833d0bfffffffff,-50.3686654214913,100.91436989961976,0,False,False
833d0cfffffffff,-49.17417478179,98.03829134117694,0,False,False
833d0dfffffffff,-48.66501200998344,99.59646869001791,0,False,False
833d0efffffffff,-50.28948074005345,97.87610180104178,0,False,False
833d19fffffffff,-52.9826007388603,98.24095801423428,0,False,False
833d1dfffffffff,-52.32984497204238,96.7915002494528,0,False,False
833d21fffffffff,-47.21190233189082,93.89527496834964,0,False,False
833d23fffffffff,-48.34120866886599,93.66049688957447,0,False,False
833d25fffffffff,-46.51562971088037,92.56394258580454,0,False,False
833d28fffffffff,-47.4129482975473,96.81400695509473,0,False,False
833d2afffffffff,-48.54205577476289,96.63335118490367,0,False,False
833d2bfffffffff,-48.05014948001631,98.1944874830698,0,False,False
833d2cfffffffff,-46.754184714894976,95.45610104939266,0,False,False
833d2efffffffff,-47.88768334324061,95.2520210353128,0,False,False
833d34fffffffff,-52.98809262268359,91.60858861864706,0,False,False
833d35fffffffff,-52.62354137924808,93.41719367291964,0,False,False
833d52fffffffff,-50.36902968468413,103.91863955073558,0,False,False
833d53fffffffff,-49.79060801368411,105.41281933560484,0,False,False
833d56fffffffff,-49.82502038748888,102.45995618963244,0,False,False
833d5afffffffff,-49.68368518613021,108.30987537118152,0,False,False
833d5efffffffff,-49.19599408773946,106.86508476384894,0,False,False
833d61fffffffff,29.894230983279108,74.1401808650557,0,False,False
833d65fffffffff,29.90132351649397,72.85047809817083,0,False,False
833d68fffffffff,30.844505074879528,76.07240741562332,0,False,False
833d6cfffffffff,30.875104779229705,74.79027037131435,0,False,False
833d6efffffffff,29.87484481122485,75.41721487663638,0,False,False
833e00fffffffff,-42.70170686423133,28.635915347100863,0,False,False
833e01fffffffff,-43.13867623381298,30.13497203737777,0,False,False
833e02fffffffff,-43.41849193532119,27.35034979720725,0,False,False
833e03fffffffff,-43.87211759824828,28.857922930403355,0,False,False
833e04fffffffff,-41.53088326918353,28.422125595811373,0,False,False
833e05fffffffff,-41.97087614007644,29.89185306279096,0,False,False
833e06fffffffff,-42.24546757468757,27.15826866612144,0,False,False
833e0cfffffffff,-43.555453536080165,31.653812706874326,0,False,False
833e10fffffffff,-43.629942191834026,24.54662839558929,0,False,False
833e11fffffffff,-44.1199439458474,26.03543561165773,0,False,False
833e12fffffffff,-44.29739095553447,23.199798105021124,0,False,False
833e13fffffffff,-44.8048046314185,24.69158843086021,0,False,False
833e14fffffffff,-42.45440528083266,24.40717003134539,0,False,False
833e15fffffffff,-42.94556663459499,25.86629995324908,0,False,False
833e16fffffffff,-43.12181425177155,23.08482161561155,0,False,False
833e20fffffffff,-39.63631061813075,29.431711392276355,0,False,False
833e21fffffffff,-40.06333434393007,30.864494154173435,0,False,False
833e22fffffffff,-40.36067320517189,28.21611131747573,0,False,False
833e23fffffffff,-40.80307818263368,29.6575887376744,0,False,False
833e24fffffffff,-38.47159222466722,29.21378520854484,0,False,False
833e25fffffffff,-38.90080094258271,30.61990637494073,0,False,False
833e26fffffffff,-39.192096378337006,28.01746094866164,0,False,False
833e28fffffffff,-41.63251195097733,32.59581873113626,0,False,False
833e29fffffffff,-42.0179165766099,34.08932730638065,0,False,False
833e2afffffffff,-42.39169222773786,31.38094219785058,0,False,False
833e2bfffffffff,-42.79248383818078,32.88772894585854,0,False,False
833e2cfffffffff,-40.47231984262604,32.31435050422767,0,False,False
833e2dfffffffff,-40.862487008004535,33.779699469731106,0,False,False
833e2efffffffff,-41.22730740553571,31.118010271768306,0,False,False
833e30fffffffff,-40.59710824228412,25.546683700699614,0,False,False
833e31fffffffff,-41.0726331233197,26.973279170031795,0,False,False
833e32fffffffff,-41.2792039442682,24.272907525854347,0,False,False
833e33fffffffff,-41.77094964744552,25.70349824023513,0,False,False
833e34fffffffff,-39.42505163977627,25.39553424796188,0,False,False
833e35fffffffff,-39.90100709115848,26.79499934475658,0,False,False
833e36fffffffff,-40.10534498061993,24.14355720867084,0,False,False
833e66fffffffff,-41.91343695488782,38.25122781677862,0,False,False
833e74fffffffff,-42.382827015233,35.59672802123341,0,False,False
833e80fffffffff,-47.35469306144092,19.04044664585992,0,False,False
833e81fffffffff,-47.91586532560877,20.560846341765448,0,False,False
833e82fffffffff,-47.939371335113385,17.563529720637092,0,False,False
833e83fffffffff,-48.519122388366064,19.07846113771689,0,False,False
833e84fffffffff,-46.186851324874816,19.00396988904962,0,False,False
833e85fffffffff,-46.74788255076264,20.49283913854279,0,False,False
833e86fffffffff,-46.77556312918669,17.556881020616988,0,False,False
833e88fffffffff,-49.620267630221015,22.222509890235752,0,False,False
833e8afffffffff,-50.23907819109966,20.705746145253283,0,False,False
833e8bfffffffff,-50.77747805901511,22.332399831986145,0,False,False
833e8cfffffffff,-48.45764264470996,22.11724903222192,0,False,False
833e8efffffffff,-49.079910790751214,20.63175229746441,0,False,False
833e90fffffffff,-47.885815043697576,14.597567794714031,0,False,False
833e91fffffffff,-48.50101923867415,16.0634725940835,0,False,False
833e92fffffffff,-48.40581037804271,13.0884175590852,0,False,False
833e94fffffffff,-46.72899496961618,14.651049056402744,0,False,False
833e95fffffffff,-47.342156807937904,16.087593547279088,0,False,False
833e96fffffffff,-47.25528118222935,13.17293005230143,0,False,False
833e98fffffffff,-50.25451645472458,17.577693788504643,0,False,False
833e99fffffffff,-50.83399102615359,19.15950924662601,0,False,False
833e9bfffffffff,-51.40402372169114,17.585247649300616,0,False,False
833e9cfffffffff,-49.09933123626789,17.57046116726425,0,False,False
833e9dfffffffff,-49.679195812499,19.118112661139858,0,False,False
833ea0fffffffff,-44.40395874686702,20.36483856137864,0,False,False
833ea1fffffffff,-44.94675336832027,21.82649572911378,0,False,False
833ea2fffffffff,-45.01655741908934,18.96893943984673,0,False,False
833ea3fffffffff,-45.57692226810978,20.427556670284343,0,False,False
833ea4fffffffff,-43.229975960656894,20.304536768274385,0,False,False
833ea5fffffffff,-43.77203102925377,21.737112184484342,0,False,False
833ea6fffffffff,-43.844783687108745,18.935270975746167,0,False,False
833ea8fffffffff,-46.64420456728182,23.44381601714977,0,False,False
833eaafffffffff,-47.29054025317556,22.01633146100914,0,False,False
833eacfffffffff,-45.47185389030711,23.31936958390424,0,False,False
833eaefffffffff,-46.11991880530239,21.919494379865988,0,False,False
833eb0fffffffff,-45.01531153457103,16.13297982882131,0,False,False
833eb1fffffffff,-45.60885183119163,17.55049811254169,0,False,False
833eb2fffffffff,-45.56929767208721,14.702407863575816,0,False,False
833eb3fffffffff,-46.179938983152034,16.11074346823019,0,False,False
833eb4fffffffff,-43.8492320679797,16.15435565381025,0,False,False
833eb5fffffffff,-44.44019698622953,17.544365370734827,0,False,False
833eb6fffffffff,-44.40766818870332,14.75176802749044,0,False,False
833f00fffffffff,-34.554010319306286,27.2892064747455,0,False,False
833f01fffffffff,-34.99967730635557,28.60377987531796,0,False,False
833f02fffffffff,-35.246546899820096,26.14222561581173,0,False,False
833f03fffffffff,-35.706159855710325,27.46198675834324,0,False,False
833f04fffffffff,-33.408325702583085,27.12211158761723,0,False,False
833f05fffffffff,-33.852988182236494,28.41385047741644,0,False,False
833f06fffffffff,-34.095764238202804,25.99262405736914,0,False,False
833f08fffffffff,-36.58409892126997,30.155725531792687,0,False,False
833f09fffffffff,-37.00072089157912,31.52739638387063,0,False,False
833f0afffffffff,-37.30992747173867,29.00340359757929,0,False,False
833f0bfffffffff,-37.74072288748028,30.38379189998916,0,False,False
833f0efffffffff,-36.15230183365937,28.800186827577445,0,False,False
833f10fffffffff,-35.443078939867945,23.6702751972618,0,False,False
833f11fffffffff,-35.92948932300979,24.97318231823124,0,False,False
833f12fffffffff,-36.10082048903691,22.47819537977615,0,False,False
833f13fffffffff,-36.6017375810663,23.78243507753982,0,False,False
833f14fffffffff,-34.29057784254239,23.56187935978488,0,False,False
833f15fffffffff,-34.77437320336017,24.84189544634196,0,False,False
833f16fffffffff,-34.94515886347523,22.38908784294433,0,False,False
833f18fffffffff,-37.56540529524038,26.45717204631695,0,False,False
833f19fffffffff,-38.026160899281386,27.82579112147805,0,False,False
833f1afffffffff,-38.25577807726443,25.24975033752194,0,False,False
833f1bfffffffff,-38.73159915874823,26.62307391940373,0,False,False
833f1cfffffffff,-36.40340302465772,26.296985256609137,0,False,False
833f1dfffffffff,-36.863858488074165,27.64074431908165,0,False,False
833f1efffffffff,-37.09026998175239,25.1090530419142,0,False,False
833f21fffffffff,-32.01127732190136,29.316355222189603,0,False,False
833f25fffffffff,-31.52117717470423,26.57160855187941,0,False,False
833f2afffffffff,-34.28509638770004,29.722171570730094,0,False,False
833f2efffffffff,-33.1445907586055,29.51596259184592,0,False,False
833f30fffffffff,-32.48473424966992,24.592180664462376,0,False,False
833f31fffffffff,-32.95195116778832,25.847928874468085,0,False,False
833f32fffffffff,-33.14512210744963,23.45706195066756,0,False,False
833f33fffffffff,-33.62582973507424,24.714965618627115,0,False,False
833f36fffffffff,-32.00756529604252,23.35564931564549,0,False,False
833f40fffffffff,-37.36451008874201,36.804293466741,0,False,False
833f41fffffffff,-37.700706337181565,38.2105178275656,0,False,False
833f42fffffffff,-38.15203559188751,35.72562755867269,0,False,False
833f43fffffffff,-38.50076845748577,37.14779127086933,0,False,False
833f45fffffffff,-37.2036825508964,38.75385486772028,0,False,False
833f4afffffffff,-39.96210726480754,38.95927127811824,0,False,False
833f4cfffffffff,-38.01889436327412,39.623917750394334,0,False,False
833f4efffffffff,-38.83106324490751,38.57863543757674,0,False,False
833f50fffffffff,-38.55319607778922,33.19251062437244,0,False,False
833f51fffffffff,-38.93337268139501,34.61795220724347,0,False,False
833f52fffffffff,-39.31294291744423,32.042786711389454,0,False,False
833f53fffffffff,-39.707235779663534,33.48094299441187,0,False,False
833f56fffffffff,-38.15540646085714,31.78062519119772,0,False,False
833f58fffffffff,-40.4394951432097,36.39661456738704,0,False,False
833f59fffffffff,-40.77626572186949,37.870654050111945,0,False,False
833f5afffffffff,-41.23313052169803,35.25884522960572,0,False,False
833f5bfffffffff,-41.58362628318567,36.74998649700432,0,False,False
833f5cfffffffff,-39.29528658698381,36.05535810776191,0,False,False
833f5dfffffffff,-39.6383630913468,37.50304955919056,0,False,False
833f5efffffffff,-40.08296597381784,34.93278315751925,0,False,False
833f60fffffffff,-34.93187346879686,38.20206834903602,0,False,False
833f61fffffffff,-35.3177871597206,39.5361766686128,0,False,False
833f63fffffffff,-36.06575159769269,38.47340848761132,0,False,False
833f64fffffffff,-33.078096931789595,38.1375548488336,0,False,False
833f65fffffffff,-34.19235986729473,39.25129319001898,0,False,False
833f6cfffffffff,-35.68771993189829,40.87840822451941,0,False,False
833f6efffffffff,-36.44760233866825,39.83044108797404,0,False,False
833f80fffffffff,-39.16249029308451,18.812743339636604,0,False,False
833f81fffffffff,-39.71179427986681,20.136810314588107,0,False,False
833f82fffffffff,-39.76556982700616,17.522063305216577,0,False,False
833f83fffffffff,-40.33038720803325,18.84168715133062,0,False,False
833f84fffffffff,-37.99798701045965,18.78482524728649,0,False,False
833f85fffffffff,-38.54359626948298,20.0849019169047,0,False,False
833f86fffffffff,-38.60175956244231,17.516985343203125,0,False,False
833f88fffffffff,-41.42189485409708,21.568380343257928,0,False,False
833f89fffffffff,-41.94612677427794,22.97418111403344,0,False,False
833f8afffffffff,-42.05596269946097,20.246514417576925,0,False,False
833f8bfffffffff,-42.59674603828227,21.651137382471244,0,False,False
833f8cfffffffff,-40.2484711542546,21.48866406607637,0,False,False
833f8dfffffffff,-40.77133102929562,22.86763664225122,0,False,False
833f8efffffffff,-40.88290761754372,20.19064477296593,0,False,False
833f90fffffffff,-39.7609561532232,14.931385922722992,0,False,False
833f91fffffffff,-40.35193627731231,16.213791992479266,0,False,False
833f92fffffffff,-40.314757485290926,13.615665249358932,0,False,False
833f93fffffffff,-40.92074835085736,14.888958362646802,0,False,False
833f94fffffffff,-38.60400263527585,14.972308552458578,0,False,False
833f95fffffffff,-39.18969620375234,16.232180799173854,0,False,False
833f96fffffffff,-39.16060892755046,13.68025649089996,0,False,False
833f98fffffffff,-42.10093830965016,17.532793776332227,0,False,False
833f99fffffffff,-42.6725097788191,18.90288660235513,0,False,False
833f9afffffffff,-42.68266534320956,16.174919942760322,0,False,False
833f9bfffffffff,-43.27056779368412,17.53846837079473,0,False,False
833f9cfffffffff,-40.93228258892844,17.527329238286242,0,False,False
833f9dfffffffff,-41.50071776299341,18.871714252473485,0,False,False
833f9efffffffff,-41.516578503897605,16.194718044833987,0,False,False
833fa0fffffffff,-36.21976220966709,19.986464434492017,0,False,False
833fa1fffffffff,-36.74655654011218,21.2661740658636,0,False,False
833fa2fffffffff,-36.83782051816605,18.75787931155224,0,False,False
833fa3fffffffff,-37.37927241691705,20.034818112934687,0,False,False
833fa4fffffffff,-35.06598143579166,19.93975281942136,0,False,False
833fa5fffffffff,-35.58855263918326,21.197089197240004,0,False,False
833fa6fffffffff,-35.68291269788117,18.731855634439544,0,False,False
833fa8fffffffff,-38.428392370834096,22.665961076042382,0,False,False
833fa9fffffffff,-38.93382695494046,24.01885559253885,0,False,False
833faafffffffff,-39.07746087419624,21.41182427543441,0,False,False
833fabfffffffff,-39.598424033229975,22.764965572665467,0,False,False
833facfffffffff,-37.26220737516106,22.57043074866351,0,False,False
833fadfffffffff,-37.76563530204045,23.898557618053232,0,False,False
833faefffffffff,-37.90983733780394,21.337708299672325,0,False,False
834000fffffffff,2.7396302642786106,132.6141961327697,0,False,False
834001fffffffff,2.071668917639649,131.7795959439281,0,False,False
834002fffffffff,3.750021075132144,132.4016359846744,0,False,False
834003fffffffff,3.091440403136818,131.5708136535551,0,False,False
834006fffffffff,3.4001149410986464,133.4410847583379,0,False,False
834008fffffffff,1.7529662753919122,129.88754860894582,0,False,False
834009fffffffff,1.0740996327417014,129.03565615080902,0,False,False
83400afffffffff,2.7773865180503123,129.68915505334954,0,False,False
83400bfffffffff,2.1071530924645083,128.84151075804823,0,False,False
83400cfffffffff,1.396720487748216,130.93753484131796,0,False,False
83400dfffffffff,0.7153091349488707,130.08828085930347,0,False,False
83400efffffffff,2.4255899075906666,130.73269560569156,0,False,False
834010fffffffff,5.3878816485627405,133.0111265298879,0,False,False
834011fffffffff,4.746762304557,132.19145523597427,0,False,False
834012fffffffff,6.360817883044343,132.79969276338008,0,False,False
834013fffffffff,5.729498383529518,131.98361971933022,0,False,False
834014fffffffff,5.0435594577757925,134.04041095202172,0,False,False
834015fffffffff,4.400869739490218,133.22491271951117,0,False,False
834016fffffffff,6.020635074522998,133.82318219549663,0,False,False
834018fffffffff,4.442735094113707,130.33004943944644,0,False,False
834019fffffffff,3.788143219117808,129.49306423291466,0,False,False
83401afffffffff,5.430252111019393,130.13217220943983,0,False,False
83401cfffffffff,4.097677432464035,131.3644008175926,0,False,False
83401dfffffffff,3.441062307110672,130.53021228514038,0,False,False
83401efffffffff,5.090001138016143,131.16032259525187,0,False,False
834028fffffffff,-0.0067287513014958,132.2044110206901,0,False,False
834029fffffffff,-0.6993628642952318,131.35442576893118,0,False,False
83402afffffffff,1.0387883731252516,131.9907830822477,0,False,False
83402bfffffffff,0.3549037945813399,131.14476602080788,0,False,False
83402dfffffffff,-1.0643626691870298,132.42051627578005,0,False,False
834033fffffffff,4.052668862770925,134.26002862278222,0,False,False
834040fffffffff,-2.063352295459484,126.62529420377996,0,False,False
834042fffffffff,-0.9941870246152138,126.44258568776476,0,False,False
834045fffffffff,-40.648012041924815,116.01645477011328,0,False,False
834048fffffffff,-37.27484770886935,126.91455523342698,0,False,False
834049fffffffff,-37.74173703142336,128.21758463023636,0,False,False
83404afffffffff,-37.90298590391356,125.79128084720526,0,False,False
83404bfffffffff,-38.38076276790267,127.08938051309772,0,False,False
83404cfffffffff,-42.27366977598862,117.51585695623136,0,False,False
83404dfffffffff,-42.76041124011538,118.910165379945,0,False,False
834050fffffffff,0.7491851507425493,127.1276669367802,0,False,False
834051fffffffff,0.0626115405824158,126.2621089516627,0,False,False
834052fffffffff,1.7853356990513165,126.94471041135756,0,False,False
834053fffffffff,1.1065195798436391,126.08382686860185,0,False,False
834054fffffffff,0.3895521539854888,128.17731818299967,0,False,False
834055fffffffff,-0.3000836591706409,127.31285077685378,0,False,False
834056fffffffff,1.4308973022141522,127.98757698902584,0,False,False
83405dfffffffff,-43.48606347770713,115.0429604272483,0,False,False
834060fffffffff,-12.837161124449567,117.9997512846764,0,False,False
834061fffffffff,-13.965702787507505,118.13922163118424,0,False,False
834062fffffffff,-2.8094273337755062,128.7604497648287,0,False,False
834063fffffffff,-13.541364184155617,117.07958423865142,0,False,False
834064fffffffff,-12.12721662751723,118.9180596346664,0,False,False
834065fffffffff,-13.255110573710985,119.06425698478854,0,False,False
834066fffffffff,-3.183422853476741,129.83578876447837,0,False,False
834068fffffffff,-40.5085779587943,118.56528981237676,0,False,False
834069fffffffff,-40.98338647239592,119.94197676021044,0,False,False
83406bfffffffff,-41.6380030479364,118.7352324435258,0,False,False
83406dfffffffff,-39.84887901238508,119.75584499996008,0,False,False
834072fffffffff,0.0279923323475255,129.23211926423414,0,False,False
834074fffffffff,-1.3977707159358117,130.49690840725216,0,False,False
834075fffffffff,-2.10133988033673,129.6321475166771,0,False,False
834076fffffffff,-0.3351105992953557,130.29138838714115,0,False,False
834084fffffffff,10.01458482236354,79.95971203475165,0,False,False
834085fffffffff,8.590784998360235,131.3738505292345,0,False,False
83408cfffffffff,8.304980714285385,129.55191417712504,0,False,False
83408dfffffffff,7.687629272375065,128.73103041457634,0,False,False
8340a0fffffffff,7.932141879073149,133.39576137039202,0,False,False
8340a1fffffffff,7.319389552119548,132.59057846915806,0,False,False
8340a2fffffffff,8.866079162219439,133.18550536911548,0,False,False
8340a3fffffffff,8.263350362976718,132.38375116817576,0,False,False
8340a5fffffffff,6.983585118305289,133.60830972983035,0,False,False
8340a8fffffffff,7.031620396830034,130.75903335553062,0,False,False
8340a9fffffffff,6.403302632117332,129.93654630938374,0,False,False
8340aafffffffff,7.980381932654531,130.56175536508832,0,False,False
8340abfffffffff,7.361620111360243,129.743138019282,0,False,False
8340acfffffffff,6.697918573166793,131.77809577873484,0,False,False
8340adfffffffff,6.068078332762569,130.95854469243457,0,False,False
8340aefffffffff,7.651755753448621,131.57485026469408,0,False,False
8340b0fffffffff,8.490327903690057,81.20615697079752,0,False,False
8340b5fffffffff,8.24860385090643,80.295803991054,0,False,False
8340b6fffffffff,7.741386943730482,81.81366048745393,0,False,False
8340c4fffffffff,4.810802642370275,126.40884536565596,0,False,False
8340c5fffffffff,4.1563862881300215,125.56178809296888,0,False,False
8340c6fffffffff,5.790440897145984,126.23444213529478,0,False,False
8340e0fffffffff,3.473191252801413,127.61482713927704,0,False,False
8340e1fffffffff,2.8079166288670416,126.76394492154569,0,False,False
8340e3fffffffff,3.816524421703977,126.58533487754544,0,False,False
8340e4fffffffff,3.1267017977085887,128.64964669278106,0,False,False
8340e5fffffffff,2.458919426491869,127.80009199456768,0,False,False
8340e6fffffffff,4.13234244464495,128.46002820741657,0,False,False
8340ecfffffffff,2.1370616646428453,125.90770303916024,0,False,False
8340eefffffffff,3.153810492878572,125.73370177670786,0,False,False
8340f0fffffffff,6.100519652965919,128.0873881510917,0,False,False
8340f2fffffffff,7.062479573873778,127.90429821872311,0,False,False
8340f3fffffffff,6.429937778348659,127.07200268298546,0,False,False
8340f4fffffffff,5.767193948384596,129.10765002063863,0,False,False
8340f6fffffffff,6.734866310704477,128.9182577439484,0,False,False
834103fffffffff,0.6036376038773412,138.8942070893497,0,False,False
83410efffffffff,-0.075368040707399,138.09256141099303,0,False,False
834140fffffffff,-8.856467362923341,121.49393502660229,0,False,False
834141fffffffff,-9.970265193139982,121.6572243116202,0,False,False
834143fffffffff,-9.576306553938045,120.5902548745569,0,False,False
834144fffffffff,-8.134468468428777,122.39407863382364,0,False,False
834145fffffffff,-9.244765823963943,122.56353038289724,0,False,False
834148fffffffff,-11.817782212099775,120.9065601295922,0,False,False
834149fffffffff,-12.949784646550608,121.06823635330818,0,False,False
83414afffffffff,-11.412254568998025,119.83404479008142,0,False,False
83414bfffffffff,-12.538888893927362,119.9868587244029,0,False,False
83414cfffffffff,-11.092552975308168,121.82290338210372,0,False,False
83414dfffffffff,-12.2225292559374,121.99102225506364,0,False,False
83414efffffffff,-10.69301798047866,120.7472493450007,0,False,False
834158fffffffff,-2.8430190461058444,131.78118049360873,0,False,False
834159fffffffff,-3.557484777764858,130.91533799706457,0,False,False
83415afffffffff,-1.7655345589261386,131.5665513137214,0,False,False
83415bfffffffff,-2.4721012092337142,130.70487877538966,0,False,False
83415dfffffffff,-10.293224903669657,119.6834693335554,0,False,False
83415efffffffff,-2.133546416245175,132.63913593389398,0,False,False
834160fffffffff,-7.788637452109634,124.36343408487777,0,False,False
834161fffffffff,-8.899938546895791,124.54736633089767,0,False,False
834162fffffffff,-7.411075645928098,123.2902648848259,0,False,False
834163fffffffff,-8.517296654226056,123.46573912396232,0,False,False
834164fffffffff,-7.059566792206583,125.25621182835827,0,False,False
834165fffffffff,-8.166059534777544,125.44592067994202,0,False,False
834166fffffffff,-6.687055228407544,124.18208439835256,0,False,False
834168fffffffff,-10.75694211503758,123.82430798152906,0,False,False
834169fffffffff,-11.888786576885185,124.00750648665714,0,False,False
83416afffffffff,-10.363977580996655,122.73544086571668,0,False,False
83416bfffffffff,-11.491317123697062,122.90986082377482,0,False,False
83416cfffffffff,-10.020206242766289,124.73393282519572,0,False,False
83416dfffffffff,-11.148647125354715,124.9231865242544,0,False,False
83416efffffffff,-9.632842205572391,123.64373639007964,0,False,False
834221fffffffff,-47.36835968783075,75.40493040224621,0,False,False
834228fffffffff,-48.46807335148794,77.76743312775173,0,False,False
834229fffffffff,-48.54163828022368,79.4185992124187,0,False,False
83422afffffffff,-49.3688451080837,76.89671698165793,0,False,False
83422bfffffffff,-49.45840476713637,78.56310074082441,0,False,False
83422cfffffffff,-47.470165159788806,77.00057562181513,0,False,False
83422dfffffffff,-47.55041515622504,78.61723809369333,0,False,False
83422efffffffff,-48.37196367932394,76.13688022362936,0,False,False
834264fffffffff,-46.67517848250692,84.34642756404337,0,False,False
834265fffffffff,-46.64766733820816,86.00248180957348,0,False,False
834266fffffffff,-47.65411311319347,83.5704403384138,0,False,False
834274fffffffff,-48.59185604083312,81.08798119292577,0,False,False
83430afffffffff,-41.49311015408681,68.23052897545519,0,False,False
83430cfffffffff,-40.39070393761188,70.30188737049205,0,False,False
834319fffffffff,-41.57194714398528,66.81619662725949,0,False,False
834324fffffffff,-42.89320035200223,61.549134997104886,0,False,False
834325fffffffff,-42.108146207861225,62.46899409541008,0,False,False
834329fffffffff,-40.11462564883877,73.13912821207305,0,False,False
83432bfffffffff,-40.26196284702065,71.71686299840415,0,False,False
83434afffffffff,-45.69992291971402,83.47471637496204,0,False,False
83434bfffffffff,-45.68203333928733,85.10154731046137,0,False,False
834352fffffffff,-46.46578656630357,76.26125162772439,0,False,False
834353fffffffff,-46.551875456697815,77.84423596224413,0,False,False
834358fffffffff,-46.65910401306554,81.06589698056221,0,False,False
834359fffffffff,-46.67883322169659,82.7000304186958,0,False,False
83435afffffffff,-47.60829658736712,80.2527141943208,0,False,False
83435bfffffffff,-47.64307666441992,81.90462643608547,0,False,False
83435cfffffffff,-45.66725581971903,80.25566551740575,0,False,False
83435dfffffffff,-45.694828904723565,81.85861024782604,0,False,False
83435efffffffff,-46.61656338514047,79.44651561230894,0,False,False
83485afffffffff,-6.749803602860149,-39.10931916668578,0,False,False
834885fffffffff,-18.385081127778225,-36.60342758319871,0,False,False
834898fffffffff,-18.14736227921302,-32.39569691016651,0,False,False
83489afffffffff,-18.650724481749904,-31.320918664298706,0,False,False
83489bfffffffff,-17.497919169272514,-31.39939566725774,0,False,False
8348a0fffffffff,-22.752842796756106,-41.51915980285921,0,False,False
8348a1fffffffff,-22.065187676471226,-40.49182292593212,0,False,False
8348a2fffffffff,-20.18430202796572,-37.60031145225132,0,False,False
8348a3fffffffff,-19.01602912034538,-37.64594290564639,0,False,False
8348a4fffffffff,-22.269714992025747,-42.67834028774536,0,False,False
8348a5fffffffff,-21.588349400826345,-41.65037529418689,0,False,False
8348a6fffffffff,-23.43158766110501,-42.55334031284867,0,False,False
8348a8fffffffff,-16.67010843918521,-37.73569775704932,0,False,False
8348a9fffffffff,-15.494414041714426,-37.77983756935436,0,False,False
8348aafffffffff,-17.214241088244048,-36.65407928923023,0,False,False
8348abfffffffff,-16.041421234966567,-36.70417709002206,0,False,False
8348acfffffffff,-21.369416821271543,-39.471915627790125,0,False,False
8348aefffffffff,-17.844307758449137,-37.69106890829655,0,False,False
8348c4fffffffff,-11.350031705695333,-36.89920563375901,0,False,False
8348c5fffffffff,-10.18207013966727,-36.94666458669944,0,False,False
8348e1fffffffff,-10.238486511454372,-39.00199558340691,0,False,False
8348e2fffffffff,-11.968271592444928,-37.90940137064854,0,False,False
8348e3fffffffff,-10.796500586001816,-37.9516627882103,0,False,False
8348ecfffffffff,-9.070408087184182,-39.03815234402684,0,False,False
8348edfffffffff,-7.907206128244627,-39.07392484990167,0,False,False
8348eefffffffff,-9.628161458347089,-37.99347322806607,0,False,False
8348f0fffffffff,-13.693775726110465,-36.80274662978251,0,False,False
8348f1fffffffff,-12.520924329565783,-36.85123572411022,0,False,False
8348f4fffffffff,-14.318214936183235,-37.82349628805364,0,False,False
8348f5fffffffff,-13.142503998326603,-37.86668168601978,0,False,False
8348f6fffffffff,-14.867603737138667,-36.75372994670693,0,False,False
834980fffffffff,-21.427226699289548,-47.13285923327522,0,False,False
834982fffffffff,-22.58861119702407,-47.03802501623706,0,False,False
834983fffffffff,-21.93912694340364,-46.00292938021211,0,False,False
834984fffffffff,-20.909325037230936,-48.25158022688209,0,False,False
834986fffffffff,-22.07032095517003,-48.16454435285653,0,False,False
83498afffffffff,-21.778419696620684,-43.829475984429806,0,False,False
834991fffffffff,-23.74560788533686,-46.94194042674472,0,False,False
834994fffffffff,-23.854976580685744,-49.11726884911748,0,False,False
834995fffffffff,-23.227431700904123,-48.07636135365574,0,False,False
834998fffffffff,-23.604505020928528,-44.75186561171731,0,False,False
834999fffffffff,-22.94201369694733,-43.712378783385525,0,False,False
83499bfffffffff,-24.10065961928751,-43.5937528617057,0,False,False
83499cfffffffff,-23.10025038024816,-45.90021882067507,0,False,False
83499dfffffffff,-22.444294655370346,-44.862512924918576,0,False,False
8349b1fffffffff,-21.54612626698092,-49.27908644977822,0,False,False
8349b2fffffffff,-23.32379880635029,-50.23468942966569,0,False,False
8349b3fffffffff,-22.702707285067085,-49.19871004363911,0,False,False
835860fffffffff,-48.78878953520192,11.578972149234486,0,False,False
835861fffffffff,-48.90151068616834,11.561904223780564,0,False,False
835864fffffffff,-47.64545900465713,11.618681728001548,0,False,False
835865fffffffff,-47.75814972780312,11.678037999429812,0,False,False
835866fffffffff,-48.168305199164536,10.154508936862632,0,False,False
835929fffffffff,-39.48430715228805,6.91827976782661,0,False,False
83592dfffffffff,-38.364134439727295,7.032136940884171,0,False,False
835941fffffffff,-44.19972904929728,11.728600816668296,0,False,False
835945fffffffff,-43.04896953948731,11.762461574280078,0,False,False
835948fffffffff,-45.46090519299135,11.896647983894768,0,False,False
835949fffffffff,-46.10140651928519,13.25407388973325,0,False,False
83594afffffffff,-46.49889740104141,11.6567946695822,0,False,False
83594bfffffffff,-46.61097535457588,11.789528513939548,0,False,False
83594cfffffffff,-44.79247091661551,13.084045673411673,0,False,False
83594dfffffffff,-44.94511804853007,13.332046239992712,0,False,False
83594efffffffff,-45.35001398536682,11.693405340459991,0,False,False
835959fffffffff,-47.028471402069485,10.222395442168937,0,False,False
835960fffffffff,-40.74974109159562,11.826471452008946,0,False,False
835961fffffffff,-41.32760502150634,13.107918146687457,0,False,False
835962fffffffff,-41.30598304584549,10.524482011708038,0,False,False
835963fffffffff,-41.89866460074226,11.795062102902692,0,False,False
835964fffffffff,-39.60311912649753,11.856753718526544,0,False,False
835965fffffffff,-40.17514711891364,13.115296967329725,0,False,False
835966fffffffff,-40.16322699617978,10.578370805290866,0,False,False
835968fffffffff,-42.62907803984072,13.479191214207257,0,False,False
835969fffffffff,-43.24506084715896,14.799243918929932,0,False,False
83596afffffffff,-43.63720330210731,13.092309190130427,0,False,False
83596bfffffffff,-43.78735867688221,13.40702920169788,0,False,False
83596cfffffffff,-41.47122789507835,13.54868831301247,0,False,False
83596dfffffffff,-42.0824346084369,14.844941350638583,0,False,False
83596efffffffff,-42.481935114827245,13.10026090784137,0,False,False
835974fffffffff,-40.09755856396743,8.08642218496603,0,False,False
835975fffffffff,-40.705192220632114,9.28836163226668,0,False,False
836404fffffffff,-31.64547273567861,130.58556263302387,0,False,False
836406fffffffff,-32.47274371886117,129.59029163631064,0,False,False
836410fffffffff,-34.10123903806863,127.54610326286824,0,False,False
836412fffffffff,-34.90032102145483,126.4975606661238,0,False,False
836413fffffffff,-35.24981459026039,127.87209754260364,0,False,False
836414fffffffff,-32.95133786758731,127.22871145341982,0,False,False
836415fffffffff,-33.29169266574007,128.57708467140318,0,False,False
836416fffffffff,-33.74921731084708,126.19158595948008,0,False,False
836420fffffffff,-29.67254394335857,131.2058662858858,0,False,False
836421fffffffff,-29.970343660351165,132.52189242526046,0,False,False
836422fffffffff,-30.503195045702533,130.23762097974142,0,False,False
836423fffffffff,-30.81097285095486,131.5627850797234,0,False,False
836424fffffffff,-28.535593817898253,130.85767319871593,0,False,False
836425fffffffff,-28.836395533794484,132.15658056460987,0,False,False
836426fffffffff,-29.36195502421756,129.89833183572844,0,False,False
83642cfffffffff,-30.25486716366669,133.84509249984197,0,False,False
83642efffffffff,-31.105182587216373,132.89627802397146,0,False,False
836430fffffffff,-30.995793394051223,127.92914294011568,0,False,False
836431fffffffff,-31.32726357458768,129.25192354935584,0,False,False
836432fffffffff,-31.801142742881844,126.9196047705668,0,False,False
836433fffffffff,-32.143668256375165,128.24889707171334,0,False,False
836434fffffffff,-29.84909650108762,127.61752049798984,0,False,False
836435fffffffff,-30.18237743354385,128.9221109884498,0,False,False
836436fffffffff,-30.651681290902545,126.61848029297845,0,False,False
836480fffffffff,-36.61535865024108,123.02151393196029,0,False,False
836481fffffffff,-37.03988769677915,124.38107442155166,0,False,False
836482fffffffff,-37.32899297804747,121.88630726105588,0,False,False
836483fffffffff,-37.76616692608548,123.2467240896286,0,False,False
836484fffffffff,-35.460776720343205,122.80230044955766,0,False,False
836485fffffffff,-35.88688917330772,124.14220408053956,0,False,False
836486fffffffff,-36.17685886030834,121.6810000074292,0,False,False
836488fffffffff,-32.42378670818556,134.53955616852144,0,False,False
83648afffffffff,-33.161105038163726,133.48052862320267,0,False,False
83648cfffffffff,-31.278045273335263,134.29334879423132,0,False,False
83648dfffffffff,-31.673679421463635,135.58692067667127,0,False,False
83648efffffffff,-32.01819123556367,133.24400435160254,0,False,False
836490fffffffff,-37.56326813122798,119.39893526373488,0,False,False
836491fffffffff,-38.026974339255,120.73720830595288,0,False,False
836493fffffffff,-38.70853987645688,119.57490132382434,0,False,False
836494fffffffff,-36.41398479342428,119.22774739788814,0,False,False
836495fffffffff,-36.877947579330026,120.54632338966402,0,False,False
836496fffffffff,-37.08682868337179,118.08338237389748,0,False,False
836498fffffffff,-39.619801604716855,122.31420571445244,0,False,False
836499fffffffff,-33.88482788012566,132.41037748792235,0,False,False
83649afffffffff,-40.31042808424874,121.13523191154373,0,False,False
83649bfffffffff,-40.756618723940605,122.53727621098358,0,False,False
83649cfffffffff,-38.47695385217869,122.09729804634836,0,False,False
83649dfffffffff,-38.9122435163736,123.4781731434282,0,False,False
83649efffffffff,-39.17144122988432,120.93343688996885,0,False,False
8364a0fffffffff,-33.57179389431701,123.6830745762966,0,False,False
8364a1fffffffff,-35.68790157163266,125.43172448343547,0,False,False
8364a2fffffffff,-34.30339519809756,122.58885344796376,0,False,False
8364a3fffffffff,-34.73052848189725,123.9096165617166,0,False,False
8364a4fffffffff,-14.973155722061694,126.64255191533906,0,False,False
8364a5fffffffff,-32.827586828651775,124.76327937615598,0,False,False
8364a6fffffffff,-14.57451552572907,125.50762015529244,0,False,False
8364a8fffffffff,-29.37340055653712,135.08105193885297,0,False,False
8364a9fffffffff,-29.762069105613563,136.35772060913578,0,False,False
8364aafffffffff,-30.127521566779887,134.05215766989778,0,False,False
8364abfffffffff,-30.525717540476663,135.3314173578693,0,False,False
8364acfffffffff,-36.04966401416769,126.81196232046372,0,False,False
8364adfffffffff,-28.608588609350843,136.09856019923552,0,False,False
8364aefffffffff,-36.83734029796346,125.7338788867141,0,False,False
8364b0fffffffff,-13.767046349699337,123.26643870069589,0,False,False
8364b1fffffffff,-35.02150951573892,121.4811547542125,0,False,False
8364b2fffffffff,-13.359356435347337,122.16163226342326,0,False,False
8364b3fffffffff,-35.72530123280897,120.36057086587871,0,False,False
8364b4fffffffff,-13.027528981483757,124.19338582016604,0,False,False
8364b5fffffffff,-14.172289136645942,124.3820012604845,0,False,False
8364f6fffffffff,-30.91163402329342,136.62212566196175,0,False,False
836500fffffffff,-24.827554014368268,128.62196243890938,0,False,False
836501fffffffff,-25.14368371613348,129.86259237301334,0,False,False
836503fffffffff,-25.95460278230416,128.92948116734553,0,False,False
836505fffffffff,-24.0226036312982,129.5465022211762,0,False,False
836508fffffffff,-26.575254238079616,131.4520003596127,0,False,False
836509fffffffff,-26.86932743900306,132.725397703234,0,False,False
83650afffffffff,-27.40113916560723,130.51791450209797,0,False,False
83650bfffffffff,-27.704362998146014,131.80004516949444,0,False,False
83650cfffffffff,-25.45005619256866,131.1121712011302,0,False,False
83650dfffffffff,-25.746165630529784,132.3695955690719,0,False,False
83650efffffffff,-26.270177718978648,130.1863104487665,0,False,False
836512fffffffff,-11.895884207619677,133.47473705381037,0,False,False
836518fffffffff,-27.89848047264023,128.28696762918617,0,False,False
836519fffffffff,-28.22277560386537,129.56739934429004,0,False,False
83651afffffffff,-28.704594424695625,127.3137411961215,0,False,False
83651bfffffffff,-29.03911214986759,128.60055456957076,0,False,False
83651cfffffffff,-26.761476297348224,127.981075626939,0,False,False
83651dfffffffff,-27.086663144822904,129.24453981220074,0,False,False
83651efffffffff,-27.56328761414211,127.01752906343826,0,False,False
836528fffffffff,-23.51374221991404,131.68250331231002,0,False,False
836529fffffffff,-23.80298348751137,132.91591178686744,0,False,False
83652afffffffff,-24.32973015493686,130.78029327378013,0,False,False
83652bfffffffff,-24.62732175495516,132.0220505832182,0,False,False
83652cfffffffff,-22.4063418336729,131.35070387788576,0,False,False
83652dfffffffff,-22.696704001236125,132.5691753452181,0,False,False
83652efffffffff,-23.21520766303828,130.45611225128368,0,False,False
836550fffffffff,-28.27509175290849,134.3857077723019,0,False,False
836552fffffffff,-29.124685148776663,133.4628611574946,0,False,False
836554fffffffff,-27.151932175208817,134.00530479580564,0,False,False
836556fffffffff,-27.995833108371063,133.08972634461034,0,False,False
836572fffffffff,-26.031542047044123,133.6337180496946,0,False,False
836576fffffffff,-24.91490607062094,133.27067475506567,0,False,False
836580fffffffff,-11.552473786904214,129.18084007757273,0,False,False
836581fffffffff,-12.6924492378272,129.4046283863351,0,False,False
836582fffffffff,-11.173001592903878,128.05766616535846,0,False,False
836584fffffffff,-10.79336257714218,130.08125605421412,0,False,False
836585fffffffff,-11.928703370226074,130.31033484878884,0,False,False
836586fffffffff,-10.418958506912794,128.96015092709135,0,False,False
836588fffffffff,-30.506992953164865,124.30302645923904,0,False,False
836589fffffffff,-32.59737880875456,125.89372064889764,0,False,False
83658afffffffff,-14.21554253223518,127.5703559188684,0,False,False
83658bfffffffff,-31.667251631818413,124.53022940589044,0,False,False
83658cfffffffff,-13.837978061250508,129.6315746236063,0,False,False
83658dfffffffff,-31.445829996298784,125.60366203903588,0,False,False
83658efffffffff,-13.45501771644087,128.4911786135838,0,False,False
836590fffffffff,-9.662739739289515,126.73791654914758,0,False,False
836591fffffffff,-10.790793366173029,126.94161557691056,0,False,False
836592fffffffff,-9.281915285842585,125.63831869871966,0,False,False
836593fffffffff,-10.406358541327943,125.83345903953806,0,False,False
836594fffffffff,-8.918607067334333,127.63616834111114,0,False,False
836595fffffffff,-10.041919246658802,127.84544394789368,0,False,False
836596fffffffff,-8.542874401670124,126.53706416438462,0,False,False
836599fffffffff,-13.822874321855409,126.43588481271335,0,False,False
83659bfffffffff,-13.426685214584506,125.30997390734844,0,False,False
83659cfffffffff,-11.92619869766788,127.14821693648037,0,False,False
83659dfffffffff,-13.068083335854926,127.35777761295664,0,False,False
83659efffffffff,-11.538573701003378,126.0313961288076,0,False,False
8365a0fffffffff,-10.401107722335462,132.09714524402168,0,False,False
8365a1fffffffff,-11.532305612305397,132.33939540544137,0,False,False
8365a2fffffffff,-10.034506963602327,130.97379394356582,0,False,False
8365a3fffffffff,-11.164639942061935,131.2079493317171,0,False,False
8365a4fffffffff,-9.638940004596366,132.9776183005761,0,False,False
8365a5fffffffff,-10.764236871359964,133.22452550241442,0,False,False
8365a6fffffffff,-9.276736353991192,131.85812934459312,0,False,False
8365a9fffffffff,-29.50397213628598,126.32504877849858,0,False,False
8365aafffffffff,-13.07003619526906,130.54260285775925,0,False,False
8365abfffffffff,-30.295588947662203,125.3211214929318,0,False,False
8365acfffffffff,-12.669441945764232,132.58493708356633,0,False,False
8365aefffffffff,-12.301189833244631,131.44531933446953,0,False,False
8365b0fffffffff,-8.544186233512717,129.63243504536786,0,False,False
8365b1fffffffff,-9.664904655951837,129.8553084116191,0,False,False
8365b2fffffffff,-8.174769914786987,128.52784123796107,0,False,False
8365b3fffffffff,-9.292777742964804,128.74250341327058,0,False,False
8365b4fffffffff,-7.796948807841118,130.5148993431928,0,False,False
8365b5fffffffff,-8.911664118199694,130.7427959726769,0,False,False
8365b6fffffffff,-7.43202645222208,129.41258024481058,0,False,False
83660dfffffffff,-22.8625052249524,-40.00770728176156,0,False,False
836640fffffffff,-27.153712292263,-38.83960274226565,0,False,False
836641fffffffff,-28.220026873244567,-38.535371847667584,0,False,False
836642fffffffff,-26.853407990904813,-39.964099333886224,0,False,False
836643fffffffff,-27.92945236655917,-39.668168914715366,0,False,False
836644fffffffff,-26.38126647220486,-38.03089017252681,0,False,False
836645fffffffff,-27.44130573938716,-37.7237621865732,0,False,False
836646fffffffff,-26.083978016004764,-39.138847259229216,0,False,False
836648fffffffff,-30.06913339235362,-39.06108274689721,0,False,False
836649fffffffff,-31.131159057469304,-38.74969889952269,0,False,False
83664afffffffff,-29.785299379028697,-40.21965061153742,0,False,False
83664bfffffffff,-30.857778546879643,-39.91713334908327,0,False,False
83664cfffffffff,-29.28211324243161,-38.226046486024046,0,False,False
83664dfffffffff,-30.339178511789207,-37.91151610584676,0,False,False
83664efffffffff,-29.001632287100904,-39.36720094994252,0,False,False
836650fffffffff,-25.45229918734797,-41.37889234604771,0,False,False
836651fffffffff,-26.540343726162103,-41.09647730245389,0,False,False
836652fffffffff,-25.117914702221064,-42.50942135092497,0,False,False
836653fffffffff,-26.214510298847472,-42.23592649936774,0,False,False
836654fffffffff,-24.69305165099929,-40.54128502769196,0,False,False
836655fffffffff,-25.77432789253502,-40.25510223463385,0,False,False
836656fffffffff,-24.362478882128755,-41.65656061415945,0,False,False
836658fffffffff,-28.400197200717137,-41.67451373923677,0,False,False
836659fffffffff,-29.487567228702627,-41.38636796092993,0,False,False
83665afffffffff,-28.079134725324263,-42.83895948639068,0,False,False
83665bfffffffff,-29.17587003733799,-42.56034403924695,0,False,False
83665cfffffffff,-27.625755148260087,-40.80920679515789,0,False,False
83665dfffffffff,-28.707685392849093,-40.516969343266766,0,False,False
83665efffffffff,-27.308893253262696,-41.95766143614668,0,False,False
836662fffffffff,-25.61287184916481,-37.24163691958938,0,False,False
836663fffffffff,-26.66624785075223,-36.9319576401213,0,False,False
83666afffffffff,-28.4975605768204,-37.41160205395138,0,False,False
83666bfffffffff,-29.549243435840392,-37.09430407401166,0,False,False
836670fffffffff,-24.25304934990962,-38.63046141641804,0,False,False
836671fffffffff,-25.31824389149637,-38.33308948913045,0,False,False
836672fffffffff,-23.937542318294312,-39.722797427280746,0,False,False
836673fffffffff,-25.011644834489115,-39.43321106225585,0,False,False
836674fffffffff,-23.499250779256336,-37.846496619171845,0,False,False
836675fffffffff,-24.556939316551727,-37.5464509436459,0,False,False
836676fffffffff,-23.18650099067185,-38.923105065117966,0,False,False
8366c0fffffffff,-24.784804187283136,-46.84716828502317,0,False,False
8366c1fffffffff,-25.91047869555738,-46.60803175119552,0,False,False
8366c2fffffffff,-24.39651006110203,-48.00880853230516,0,False,False
8366c3fffffffff,-25.52870682797356,-47.78012740364984,0,False,False
8366c5fffffffff,-25.160942658926714,-45.688133114193406,0,False,False
8366c8fffffffff,-27.78970991208497,-47.30986557740941,0,False,False
8366c9fffffffff,-28.916650784466103,-47.06805647777547,0,False,False
8366cafffffffff,-27.40882794953864,-48.50567973996352,0,False,False
8366cbfffffffff,-28.54315738683092,-48.27503767138085,0,False,False
8366ccfffffffff,-27.03485352517223,-46.36448352624021,0,False,False
8366cdfffffffff,-28.1570060966378,-46.116409440150434,0,False,False
8366cefffffffff,-26.66008541518859,-47.54718387571001,0,False,False
8366d8fffffffff,-25.87170276606172,-49.917911982264044,0,False,False
8366d9fffffffff,-27.014589433669776,-49.70281496018323,0,False,False
8366dafffffffff,-25.4586536525434,-51.1039151323631,0,False,False
8366dbfffffffff,-26.607276182415028,-50.900227372308784,0,False,False
8366dcfffffffff,-25.13446491939997,-48.95410168350771,0,False,False
8366ddfffffffff,-26.272282692303264,-48.73199651999179,0,False,False
8366defffffffff,-24.72803695263179,-50.12897183113329,0,False,False
8366e1fffffffff,-24.77123874327652,-43.64586247006628,0,False,False
8366e3fffffffff,-24.41237861450211,-44.78736167503604,0,False,False
8366e8fffffffff,-26.635720839959674,-44.27335546335255,0,False,False
8366e9fffffffff,-27.74450965699405,-44.00939870388944,0,False,False
8366eafffffffff,-26.27954544464301,-45.43878806407509,0,False,False
8366ebfffffffff,-27.396380360833074,-45.184894164155615,0,False,False
8366ecfffffffff,-25.87594046661364,-43.38160428616356,0,False,False
8366edfffffffff,-26.97886696312548,-43.11267423403544,0,False,False
8366eefffffffff,-25.52471070774099,-44.53263889397423,0,False,False
83675afffffffff,-22.750912255133816,-37.080948343773976,0,False,False
83675bfffffffff,-23.80075209923848,-36.77854528770457,0,False,False
836914fffffffff,-6.32920411312143,129.19568944253055,0,False,False
836916fffffffff,-6.691159554932875,130.290049082283,0,False,False
836930fffffffff,-6.698527803058703,127.22623627727188,0,False,False
836932fffffffff,-7.0657344482722335,128.31610930154923,0,False,False
836933fffffffff,-5.966429131171775,128.10725367825094,0,False,False
836934fffffffff,-7.431995063947631,126.33900399952417,0,False,False
836935fffffffff,-6.3308579243914656,126.14368286715784,0,False,False
836936fffffffff,-7.803883787940023,127.42978386891316,0,False,False
8369a0fffffffff,-7.410838320565089,132.49349379446082,0,False,False
8369a2fffffffff,-7.767676249879235,133.6010029849547,0,False,False
8369a4fffffffff,-8.16004557978596,131.62229152068826,0,False,False
8369a5fffffffff,-7.051852211523956,131.38957663923438,0,False,False
8369a6fffffffff,-8.52086264125491,132.7339594118478,0,False,False
8369b0fffffffff,-9.233866753595734,134.96684120880232,0,False,False
8369b1fffffffff,-8.121929162642601,134.7112907276634,0,False,False
8369b3fffffffff,-8.473167663548375,135.8235311179225,0,False,False
8369b4fffffffff,-9.997819281580377,134.1004272089844,0,False,False
8369b5fffffffff,-8.878950439768845,133.84908662414543,0,False,False
836b20fffffffff,-52.53913677564152,20.86383997566977,0,False,False
836b22fffffffff,-53.12418830203695,19.248019419947745,0,False,False
836b24fffffffff,-51.39245016022996,20.783033823796988,0,False,False
836b26fffffffff,-51.98261108806831,19.20276864014029,0,False,False
836b31fffffffff,-53.68253055001092,17.601408675233575,0,False,False
836b35fffffffff,-52.54697687663808,17.59314463741497,0,False,False
836d32fffffffff,-23.933054382490443,-51.27180855634136,0,False,False
837280fffffffff,-27.77623256737951,134.0354513426518,0,False,False
837282fffffffff,-27.588430087915008,132.7496160837607,0,False,False
837284fffffffff,-26.863607453066795,134.8561094046848,0,False,False
837286fffffffff,-26.68579623338921,133.57516742075853,0,False,False
837288fffffffff,-19.14816911034777,142.25452261227423,0,False,False
83728afffffffff,-20.303804029638737,142.28214077172015,0,False,False
83728bfffffffff,-19.69324391720904,143.33947968591082,0,False,False
83728efffffffff,-19.75409047045053,141.19471091455603,0,False,False
837291fffffffff,-22.0897419674165,139.07084936451466,0,False,False
837293fffffffff,-23.22763096076553,139.08481244636633,0,False,False
837295fffffffff,-26.497740807680128,132.30625724027763,0,False,False
837298fffffffff,-22.05273939584087,141.2410991477854,0,False,False
837299fffffffff,-21.452277800698056,142.309999332559,0,False,False
83729afffffffff,-23.189822711310768,141.26459896719572,0,False,False
83729bfffffffff,-22.592742335813004,142.3381014340149,0,False,False
83729cfffffffff,-21.502762913862707,140.14714109940627,0,False,False
83729dfffffffff,-20.907218107585813,141.21780401526593,0,False,False
83729efffffffff,-22.644751485727515,140.16580145932556,0,False,False
8372a2fffffffff,-25.94439808270891,135.6652715439705,0,False,False
8372b0fffffffff,-24.69184829100744,133.933700687818,0,False,False
8372b1fffffffff,-25.776195857589045,134.38972397351165,0,False,False
8372b3fffffffff,-25.597979226420104,133.12528156654488,0,False,False
8372b4fffffffff,-23.780316401900816,134.73140366469363,0,False,False
8372b5fffffffff,-24.860603929813458,135.19318127189447,0,False,False
8372b6fffffffff,-23.611532411948897,133.48775389521452,0,False,False
8372d2fffffffff,-19.60743960098601,145.47165868424895,0,False,False
8372d3fffffffff,-18.980531217283698,146.50846220642632,0,False,False
8372d6fffffffff,-19.07628352194561,144.38917691922245,0,False,False
838a00fffffffff,-40.10640367972849,-43.05236836886322,0,False,False
838a01fffffffff,-39.0644359253433,-43.35888624448484,0,False,False
838a03fffffffff,-39.3154444138231,-42.05361256315212,0,False,False
838a04fffffffff,-40.8885836532729,-44.07449158357496,0,False,False
838a05fffffffff,-39.84671288597131,-44.374547070942526,0,False,False
838a08fffffffff,-37.22375017015705,-42.67489950656504,0,False,False
838a09fffffffff,-36.16163632820579,-42.97537153286006,0,False,False
838a0afffffffff,-37.48225283033013,-41.403179814470576,0,False,False
838a0bfffffffff,-36.43135792530503,-41.71484599027911,0,False,False
838a0cfffffffff,-38.01147241031936,-43.659355420991055,0,False,False
838a0dfffffffff,-36.948149330485016,-43.9539371452377,0,False,False
838a0efffffffff,-38.27592394892897,-42.36855241869453,0,False,False
838a19fffffffff,-37.70498530958464,-40.1179693772182,0,False,False
838a1dfffffffff,-38.51464717425556,-41.07550668624492,0,False,False
838a20fffffffff,-41.388191982893424,-46.48308255998097,0,False,False
838a21fffffffff,-40.33583748134336,-46.76229662625911,0,False,False
838a22fffffffff,-41.66295519399071,-45.12289330766584,0,False,False
838a23fffffffff,-40.62166471685255,-45.41585594634045,0,False,False
838a24fffffffff,-42.14519113333765,-47.57643825719434,0,False,False
838a25fffffffff,-41.09403920055179,-47.84727482358426,0,False,False
838a26fffffffff,-42.42841822890798,-46.19787070647519,0,False,False
838a28fffffffff,-38.50438897384812,-45.983850330072485,0,False,False
838a29fffffffff,-37.42965333740805,-46.259217406137374,0,False,False
838a2afffffffff,-38.793453880097246,-44.66855236014863,0,False,False
838a2bfffffffff,-37.729427343682914,-44.95667359076759,0,False,False
838a2cfffffffff,-39.27194035927824,-47.03568727723604,0,False,False
838a2dfffffffff,-38.19712939319419,-47.303422747998304,0,False,False
838a2efffffffff,-39.56860803547487,-45.70278477030331,0,False,False
838a40fffffffff,-32.60532333553697,-45.0764423248326,0,False,False
838a41fffffffff,-31.50105546593084,-45.34383551127955,0,False,False
838a42fffffffff,-32.92271183946688,-43.84302827616106,0,False,False
838a43fffffffff,-31.828066050729355,-44.12146911962844,0,False,False
838a44fffffffff,-33.37945100660188,-46.0534557688157,0,False,False
838a45fffffffff,-32.27226270281357,-46.31446633634608,0,False,False
838a46fffffffff,-33.702963742330006,-44.80389583738243,0,False,False
838a48fffffffff,-29.62112612684066,-44.662994797724174,0,False,False
838a49fffffffff,-28.51053972321511,-44.92633603962905,0,False,False
838a4afffffffff,-29.951869980262856,-43.466997858093485,0,False,False
838a4bfffffffff,-28.85018580675385,-43.74065263148442,0,False,False
838a4cfffffffff,-30.39100030898892,-45.60620886165864,0,False,False
838a4dfffffffff,-29.27602221839448,-45.863691719094135,0,False,False
838a4efffffffff,-30.727256510667576,-44.39474791464545,0,False,False
838a50fffffffff,-34.30173492573846,-42.32077913826488,0,False,False
838a51fffffffff,-33.224438688162444,-42.61533425484357,0,False,False
838a52fffffffff,-34.57713945105316,-41.0894627334353,0,False,False
838a53fffffffff,-33.51056775420512,-41.39443908106436,0,False,False
838a54fffffffff,-35.090270395591695,-43.27011983718639,0,False,False
838a55fffffffff,-34.01037631328711,-43.55929126044398,0,False,False
838a56fffffffff,-35.370952347485385,-42.02066371626356,0,False,False
838a58fffffffff,-31.35532053674237,-41.98793062303504,0,False,False
838a59fffffffff,-30.268212856885945,-42.27670862477812,0,False,False
838a5afffffffff,-31.64716525083082,-40.79460479387513,0,False,False
838a5bfffffffff,-30.57016359162517,-41.093105553374215,0,False,False
838a5cfffffffff,-32.13982857300434,-42.90446702761946,0,False,False
838a5dfffffffff,-31.04869880864237,-43.188311490577,0,False,False
838a5efffffffff,-32.43637134582706,-41.69388397270045,0,False,False
838a60fffffffff,-33.802760676782206,-48.32097576059587,0,False,False
838a61fffffffff,-32.684223991311626,-48.56276016084088,0,False,False
838a62fffffffff,-34.149405244467054,-47.05269333371232,0,False,False
838a63fffffffff,-33.03984821390703,-47.30680606145412,0,False,False
838a64fffffffff,-34.55993240733785,-49.35704718599554,0,False,False
838a65fffffffff,-33.43971199854288,-49.59092585530933,0,False,False
838a66fffffffff,-34.914122730276134,-48.07429328982,0,False,False
838a68fffffffff,-30.80144374143377,-47.80030370564565,0,False,False
838a69fffffffff,-29.67433645349437,-48.039952816485446,0,False,False
838a6afffffffff,-31.15882147470891,-46.57048264832693,0,False,False
838a6bfffffffff,-30.039989242329504,-46.82163675292027,0,False,False
838a6cfffffffff,-31.55936377071403,-48.79978257853629,0,False,False
838a6dfffffffff,-30.42905851630233,-49.03217444586733,0,False,False
838a6efffffffff,-31.92357521219697,-47.55596474553132,0,False,False
838a70fffffffff,-35.5717565136873,-45.51590165289249,0,False,False
838a71fffffffff,-34.47955088476837,-45.78731452472937,0,False,False
838a72fffffffff,-35.8751421644363,-44.242787652384415,0,False,False
838a73fffffffff,-34.79316404160525,-44.52605832310039,0,False,False
838a74fffffffff,-36.3450876361898,-46.52904521822658,0,False,False
838a75fffffffff,-35.25141742283178,-46.79348762778451,0,False,False
838a76fffffffff,-36.65529467696216,-45.23907150952223,0,False,False
838ac5fffffffff,-34.24612440042638,-37.75759002022004,0,False,False
838acdfffffffff,-31.390448604278003,-37.59166765906917,0,False,False
838ae0fffffffff,-35.88363819247991,-39.54566848712497,0,False,False
838ae1fffffffff,-34.83674039415292,-39.86640598681953,0,False,False
838ae3fffffffff,-35.067558787087144,-38.64200299303533,0,False,False
838ae4fffffffff,-36.68447960102039,-40.46236415605041,0,False,False
838ae5fffffffff,-35.63534606990027,-40.778818002233805,0,False,False
838ae6fffffffff,-36.88744203883933,-39.180876709402334,0,False,False
838ae8fffffffff,-32.984160700531625,-39.29601928707017,0,False,False
838ae9fffffffff,-31.92432421206581,-39.60929732869953,0,False,False
838aeafffffffff,-33.23570502031379,-38.11065880353962,0,False,False
838aebfffffffff,-32.1869335599446,-38.43293124190682,0,False,False
838aecfffffffff,-33.78121356695854,-40.18138500595201,0,False,False
838aedfffffffff,-32.717773203343555,-40.49074071017473,0,False,False
838aeefffffffff,-34.03653823424318,-38.97717286614868,0,False,False
838b08fffffffff,-42.57895246488253,-50.09405099035123,0,False,False
838b09fffffffff,-41.51911924129548,-50.34048251514281,0,False,False
838b0afffffffff,-42.891559957754566,-48.69606874943826,0,False,False
838b0bfffffffff,-41.84211004757576,-48.957842305427214,0,False,False
838b0dfffffffff,-42.24603043200758,-51.491945393325885,0,False,False
838b40fffffffff,-37.89896858988928,-52.38520327377556,0,False,False
838b41fffffffff,-36.78619489969898,-52.59654794064018,0,False,False
838b42fffffffff,-38.27005148628194,-51.04804640025945,0,False,False
838b43fffffffff,-37.16603747341605,-51.27386030997281,0,False,False
838b44fffffffff,-38.621241915129154,-53.518737921676994,0,False,False
838b45fffffffff,-37.50959230453211,-53.71978796276142,0,False,False
838b46fffffffff,-39.00204433582702,-52.16922169364816,0,False,False
838b48fffffffff,-34.930922691307664,-51.71132837554282,0,False,False
838b49fffffffff,-33.801425620996575,-51.92326320305552,0,False,False
838b4afffffffff,-35.31028468098111,-50.4150379440841,0,False,False
838b4bfffffffff,-34.188970357359324,-50.640466195733374,0,False,False
838b4cfffffffff,-35.66449097963131,-52.80339786291688,0,False,False
838b4dfffffffff,-34.53466302461178,-53.00588969492442,0,False,False
838b4efffffffff,-36.05273337767152,-51.494906624033845,0,False,False
838b50fffffffff,-39.707039506879184,-49.46452276957864,0,False,False
838b51fffffffff,-38.62264484697676,-49.70976909854909,0,False,False
838b52fffffffff,-40.030980404357216,-48.11234854986988,0,False,False
838b53fffffffff,-38.95662515391403,-48.37183043840863,0,False,False
838b54fffffffff,-40.447273684705486,-50.58151517799579,0,False,False
838b55fffffffff,-39.36403117666221,-50.81731621757967,0,False,False
838b56fffffffff,-40.78040629343359,-49.21393598930642,0,False,False
838b58fffffffff,-36.77668199079149,-48.8746718604304,0,False,False
838b59fffffffff,-35.67252569689246,-49.11834329882522,0,False,False
838b5afffffffff,-37.11207541291497,-47.56566537363723,0,False,False
838b5bfffffffff,-36.017489823128244,-47.82257181732567,0,False,False
838b5cfffffffff,-37.52790072920733,-49.94983519205161,0,False,False
838b5dfffffffff,-36.42352732986667,-50.1848752965424,0,False,False
838b5efffffffff,-37.87162712866349,-48.62588527050941,0,False,False
838b60fffffffff,-38.9219580588755,-56.02999779051175,0,False,False
838b61fffffffff,-37.80421574167179,-56.20468663523364,0,False,False
838b62fffffffff,-39.33179374685646,-54.67422183859012,0,False,False
838b63fffffffff,-38.22186158932659,-54.86437950770568,0,False,False
838b64fffffffff,-39.60886270503767,-57.21623642457817,0,False,False
838b65fffffffff,-38.49365105850933,-57.37905366476201,0,False,False
838b66fffffffff,-40.02958179880424,-55.8513317688555,0,False,False
838b68fffffffff,-35.97355757915027,-55.2323116075425,0,False,False
838b69fffffffff,-34.83677116014532,-55.41034468923118,0,False,False
838b6afffffffff,-36.38860164816892,-53.916493943228055,0,False,False
838b6bfffffffff,-35.25906040504238,-54.108990660236906,0,False,False
838b6cfffffffff,-36.677109097211634,-56.37552649951619,0,False,False
838b6dfffffffff,-35.54143314676166,-56.54264026626974,0,False,False
838b6efffffffff,-37.10219183207798,-55.05036543113454,0,False,False
838b70fffffffff,-40.81355890053745,-53.10303823030248,0,False,False
838b71fffffffff,-39.72280013704341,-53.31320343095743,0,False,False
838b72fffffffff,-41.176237235177645,-51.72274993935964,0,False,False
838b73fffffffff,-40.09469525626837,-51.948455251660384,0,False,False
838b74fffffffff,-41.51956284840315,-54.28083487430402,0,False,False
838b75fffffffff,-40.43125681022776,-54.47975480438615,0,False,False
838b76fffffffff,-41.89285413891894,-52.88808989278247,0,False,False
838cd0fffffffff,-20.504623326489632,131.89881153483478,0,False,False
838cd1fffffffff,-20.788009738635616,133.09463634131646,0,False,False
838cd2fffffffff,-21.3060002216386,131.0264115955426,0,False,False
838cd3fffffffff,-21.596964030125903,132.23022063218036,0,False,False
838cd5fffffffff,-19.704162812400284,132.75654769196123,0,False,False
838cdafffffffff,-22.97803134848075,133.7937504685304,0,False,False
838cdefffffffff,-21.87957876303964,133.44029359934677,0,False,False
838cf3fffffffff,-18.62883577874965,132.42580454516985,0,False,False
838d26fffffffff,-38.68868568999674,119.06627906371511,0,False,False
838e25fffffffff,-26.253953433345487,-57.75859991145168,0,False,False
838e29fffffffff,-29.976967076528965,-59.662375585993495,0,False,False
838e2cfffffffff,-28.11874607880489,-58.69395658695311,0,False,False
838e2dfffffffff,-29.290820886959427,-58.56000277214879,0,False,False
838e44fffffffff,-34.147306985330246,-60.42764469395921,0,False,False
838e60fffffffff,-33.94327464174767,-57.99511358962817,0,False,False
838e61fffffffff,-35.092668020505826,-57.84615350011752,0,False,False
838e62fffffffff,-33.47306067840555,-59.27600891616574,0,False,False
838e64fffffffff,-33.247741186402614,-56.866156045660304,0,False,False
838e65fffffffff,-34.398021072074684,-56.70614576981429,0,False,False
838e66fffffffff,-32.787464055396526,-58.140880820307125,0,False,False
838e68fffffffff,-36.91574482533909,-58.86364123251485,0,False,False
838e69fffffffff,-38.04730539251205,-58.71995619086705,0,False,False
838e6cfffffffff,-36.234757644188086,-57.69389656801332,0,False,False
838e6dfffffffff,-37.368690640360086,-57.53823434167656,0,False,False
838e6efffffffff,-35.77562076579623,-59.00414379427659,0,False,False
838e71fffffffff,-32.987969243079526,-60.54764020452798,0,False,False
838e74fffffffff,-31.14671616365157,-59.5363245265376,0,False,False
838e75fffffffff,-32.31239923089496,-59.40756461174923,0,False,False
838f08fffffffff,-24.854716846709408,-55.67183522932648,0,False,False
838f09fffffffff,-26.020600597002574,-55.51195825054799,0,False,False
838f0bfffffffff,-25.556852026352505,-56.707364518051605,0,False,False
838f0dfffffffff,-25.310483441995533,-54.483700096152205,0,False,False
838f40fffffffff,-29.951415878234823,-53.77482996018431,0,False,False
838f41fffffffff,-31.105013306529724,-53.58850567931271,0,False,False
838f42fffffffff,-29.513210912008297,-55.01269392373545,0,False,False
838f43fffffffff,-30.672447043044432,-54.83939954060194,0,False,False
838f44fffffffff,-29.224087776896408,-52.72871022047813,0,False,False
838f45fffffffff,-30.375504585478783,-52.53344651764448,0,False,False
838f46fffffffff,-28.79419254201545,-53.957405090396925,0,False,False
838f48fffffffff,-32.97767268781196,-54.48186910566388,0,False,False
838f49fffffffff,-34.121796570726325,-54.29740758351736,0,False,False
838f4afffffffff,-32.5421700302739,-55.75515298603383,0,False,False
838f4bfffffffff,-33.69268132448154,-55.58458624122868,0,False,False
838f4cfffffffff,-32.25403520944509,-53.39831963261131,0,False,False
838f4dfffffffff,-33.39755294561967,-53.20415482859943,0,False,False
838f4efffffffff,-31.827582466472386,-54.66249477911758,0,False,False
838f50fffffffff,-27.894501112717226,-56.402849457807584,0,False,False
838f51fffffffff,-29.061347265603843,-56.245903733255766,0,False,False
838f52fffffffff,-27.425713303980288,-57.617427923114185,0,False,False
838f53fffffffff,-28.59633744833853,-57.47335044739464,0,False,False
838f54fffffffff,-27.18630494651312,-55.34887287220592,0,False,False
838f55fffffffff,-28.35083757372252,-55.18248426050029,0,False,False
838f56fffffffff,-26.72600434484508,-56.55663901709847,0,False,False
838f58fffffffff,-30.93020596215359,-57.17612046214979,0,False,False
838f59fffffffff,-32.09149350767173,-57.02277956604793,0,False,False
838f5afffffffff,-30.4602836645486,-58.42323162589493,0,False,False
838f5bfffffffff,-31.62615284972338,-58.28355493103686,0,False,False
838f5cfffffffff,-30.225555039411663,-56.08570610639752,0,False,False
838f5dfffffffff,-31.38614885206833,-55.92215703488877,0,False,False
838f5efffffffff,-29.764830254644963,-57.32627873378007,0,False,False
838f60fffffffff,-28.89983588008091,-50.480862407038856,0,False,False
838f61fffffffff,-30.04185970476832,-50.26495931512815,0,False,False
838f62fffffffff,-28.49149370690005,-51.70124407655459,0,False,False
838f63fffffffff,-29.6400993897996,-51.49751769434657,0,False,False
838f64fffffffff,-28.15574157418377,-49.48357005190785,0,False,False
838f65fffffffff,-29.29421045397521,-49.260062719205294,0,False,False
838f66fffffffff,-27.75465733063903,-50.69258012020399,0,False,False
838f68fffffffff,-31.92548804279217,-51.077665783689326,0,False,False
838f69fffffffff,-33.06041676442772,-50.86129787383207,0,False,False
838f6afffffffff,-31.52281872595722,-52.33419708141047,0,False,False
838f6bfffffffff,-32.66509615076685,-52.1308435881385,0,False,False
838f6cfffffffff,-31.1797903079344,-50.0447518137137,0,False,False
838f6dfffffffff,-32.31270719035029,-49.82011658714425,0,False,False
838f6efffffffff,-30.785076612826217,-51.289697925127214,0,False,False
838f70fffffffff,-26.912770595033628,-53.107732324498855,0,False,False
838f71fffffffff,-28.069520895561112,-52.92010219725559,0,False,False
838f72fffffffff,-26.47274469817877,-54.31173763385358,0,False,False
838f73fffffffff,-27.634309459502266,-54.13633950307989,0,False,False
838f74fffffffff,-26.18722223146926,-52.09687166027823,0,False,False
838f75fffffffff,-27.3402129897506,-51.90099182977913,0,False,False
838f76fffffffff,-25.754812921126145,-53.29170652448331,0,False,False
839400fffffffff,-31.261894526936835,131.340926037859,0,False,False
839401fffffffff,-30.791224527056865,132.46022301767897,0,False,False
839402fffffffff,-32.29418047031683,131.32017366671323,0,False,False
839403fffffffff,-31.8320199018301,132.44454834510378,0,False,False
839405fffffffff,-30.21610904498972,131.36149188963847,0,False,False
839406fffffffff,-31.7180551137337,130.22226928162158,0,False,False
839408fffffffff,-30.86423706470628,134.69182261658315,0,False,False
839409fffffffff,-30.35919413666944,135.81299798140722,0,False,False
83940afffffffff,-31.907650618288447,134.68627179588538,0,False,False
83940bfffffffff,-31.410318145466466,135.81256650774824,0,False,False
83940cfffffffff,-30.30628404545688,133.57930636906897,0,False,False
83940dfffffffff,-29.80736268887448,134.6973232168946,0,False,False
83940efffffffff,-31.35528402687633,133.56871951979994,0,False,False
839410fffffffff,-33.751051606128655,130.1704181216985,0,False,False
839411fffffffff,-33.31256922356665,131.29923223274167,0,False,False
839412fffffffff,-34.746223898668184,130.14413745075078,0,False,False
839413fffffffff,-34.316708867018946,131.27809914613107,0,False,False
839414fffffffff,-33.173972212639704,129.0742727989977,0,False,False
839415fffffffff,-32.74155230092572,130.19646099788986,0,False,False
839416fffffffff,-34.174349701699484,129.04316252591275,0,False,False
839418fffffffff,-33.41199779763772,133.54725450157974,0,False,False
839419fffffffff,-32.93718025321803,134.68067006398596,0,False,False
83941cfffffffff,-32.85904087060146,132.4287306567644,0,False,False
83941dfffffffff,-32.39065494305361,133.55803600703726,0,False,False
83941efffffffff,-33.87191219559043,132.4127679888206,0,False,False
83942afffffffff,-29.737076448637605,132.47575660306345,0,False,False
83942bfffffffff,-29.24410108352924,133.5897978601271,0,False,False
839433fffffffff,-32.15951767063725,129.1051036750412,0,False,False
839444fffffffff,-27.1398241736572,138.02699527648628,0,False,False
839454fffffffff,-29.84052093758955,136.9313948050169,0,False,False
839456fffffffff,-30.89899870218876,136.93605761461023,0,False,False
839462fffffffff,-26.588886626937462,136.91765662715528,0,False,False
839463fffffffff,-26.037603451008945,138.01753381584297,0,False,False
839468fffffffff,-24.90140277037027,140.20361842510707,0,False,False
839469fffffffff,-24.31767518315124,141.28830617516738,0,False,False
83946cfffffffff,-24.35627358469434,139.0988992169712,0,False,False
83946dfffffffff,-23.77788923063713,140.18462650599065,0,False,False
83946efffffffff,-25.47491722587295,139.11311132541763,0,False,False
839470fffffffff,-28.21763313203485,135.81384927988984,0,False,False
839471fffffffff,-27.684920771635586,136.92219487336376,0,False,False
839472fffffffff,-29.29480066677033,135.81342555457027,0,False,False
839473fffffffff,-28.768988267648336,136.92677408031687,0,False,False
839474fffffffff,-27.655162065059603,134.70817645769765,0,False,False
839475fffffffff,-27.1282349718089,135.81426920907478,0,False,False
839476fffffffff,-28.7374981798062,134.70277427519486,0,False,False
839480fffffffff,-38.18527794565395,131.19159679454629,0,False,False
839481fffffffff,-37.77596793993703,132.34742696393843,0,False,False
839482fffffffff,-39.1144135013077,131.16946489940517,0,False,False
839483fffffffff,-38.71401550272971,132.33070864814786,0,False,False
839484fffffffff,-37.64313693464185,130.0638357631717,0,False,False
839485fffffffff,-37.240777984426174,131.2135233545891,0,False,False
839486fffffffff,-38.578565972100535,130.0365707031073,0,False,False
839488fffffffff,-37.86499593522152,134.6518726503509,0,False,False
839489fffffffff,-37.416626221025936,135.80989268240515,0,False,False
83948afffffffff,-38.8048943779891,134.64595021035822,0,False,False
83948bfffffffff,-38.36493142300615,135.80943234706902,0,False,False
83948cfffffffff,-37.35070885583568,133.50312110040653,0,False,False
83948dfffffffff,-36.90962292634652,134.65773975639576,0,False,False
83948efffffffff,-38.29750932674313,133.49182881694773,0,False,False
839490fffffffff,-40.4033035796306,129.98127288406135,0,False,False
839491fffffffff,-40.02807939606913,131.1471247779506,0,False,False
839492fffffffff,-41.29246786522793,129.95323291201612,0,False,False
839493fffffffff,-40.92620531425851,131.12457348455987,0,False,False
839494fffffffff,-39.86672383051376,128.85041603648088,0,False,False
839495fffffffff,-39.49865119086487,130.0090509344312,0,False,False
839496fffffffff,-40.762260691012834,128.81723971655538,0,False,False
839498fffffffff,-40.14453316367974,133.46892323086038,0,False,False
839499fffffffff,-39.729197642285285,134.63997165003755,0,False,False
83949afffffffff,-41.04458579047044,133.45730687361777,0,False,False
83949bfffffffff,-40.637821540415175,134.63393616803947,0,False,False
83949cfffffffff,-39.63657360577821,132.31383278221355,0,False,False
83949dfffffffff,-39.22881843194827,133.4804300314056,0,False,False
83949efffffffff,-40.54355601581904,132.2967971314794,0,False,False
8394a0fffffffff,-36.131688551911935,128.98008853330555,0,False,False
8394a1fffffffff,-35.726783881922415,130.11761572440253,0,False,False
8394a2fffffffff,-37.088163125933306,128.9481170126798,0,False,False
8394a3fffffffff,-36.692488797715335,130.0908496223317,0,False,False
8394a4fffffffff,-35.55900122075342,127.88187266832408,0,False,False
8394a5fffffffff,-35.160343188957015,129.01176905914727,0,False,False
8394a6fffffffff,-36.52096375946128,127.84508082868304,0,False,False
8394a8fffffffff,-35.853931934177034,132.38039967755014,0,False,False
8394aafffffffff,-36.82255327481967,132.36398992281806,0,False,False
8394abfffffffff,-36.388557310212896,133.51430836659512,0,False,False
8394acfffffffff,-35.30629224887223,131.25677176965542,0,False,False
8394adfffffffff,-34.87030425570083,132.39665834135658,0,False,False
8394aefffffffff,-36.28105577487504,131.23524741758916,0,False,False
8394b0fffffffff,-38.400120643846535,127.7704826844377,0,False,False
8394b1fffffffff,-38.02958415673636,128.91585048965243,0,False,False
8394b2fffffffff,-39.3170227489642,127.73266707721032,0,False,False
8394b3fffffffff,-38.95580710466798,128.88328488305467,0,False,False
8394b4fffffffff,-37.8322002060714,126.67124630230413,0,False,False
8394b5fffffffff,-37.46805844218933,127.80795237050016,0,False,False
8394b6fffffffff,-38.75479247804678,126.62863497489865,0,False,False
8394d6fffffffff,-37.90910986283992,136.9699255395076,0,False,False
8394e4fffffffff,-32.44772526400303,135.81213107997604,0,False,False
8394e5fffffffff,-31.94394968466871,136.94076308661923,0,False,False
839569fffffffff,-22.70449425920229,134.2796625246693,0,False,False
839588fffffffff,-33.99354882944751,126.83788072733832,0,False,False
839589fffffffff,-33.591326339725086,127.95446452068082,0,False,False
83958afffffffff,-34.97508328402882,126.79678357129391,0,False,False
83958bfffffffff,-34.58237418555616,127.91833241666951,0,False,False
83958dfffffffff,-32.99784079641944,126.87861184585464,0,False,False
839599fffffffff,-35.9421794945293,126.75531546412148,0,False,False
83959bfffffffff,-36.89461342812953,126.71347140467138,0,False,False
839c00fffffffff,-26.694399791374988,154.29771677726873,0,False,False
839c02fffffffff,-25.62828836368195,154.21971648927513,0,False,False
839c03fffffffff,-26.28088770845004,153.22431343428127,0,False,False
839c04fffffffff,-27.099782620423003,155.37886171736795,0,False,False
839c06fffffffff,-26.036414253425065,155.2853024786491,0,False,False
839c15fffffffff,-24.971002533684032,155.2013135792287,0,False,False
839c1bfffffffff,-24.320955309011914,150.99647251077664,0,False,False
839c1dfffffffff,-25.85414010250772,152.145354009587,0,False,False
839c20fffffffff,-28.58346268467138,156.5952069945385,0,False,False
839c22fffffffff,-27.501734798182586,156.4814222983885,0,False,False
839c24fffffffff,-28.98830640804932,157.73700549292116,0,False,False
839c26fffffffff,-27.89954489184533,157.6052004323845,0,False,False
839c30fffffffff,-25.75355493085319,157.35297866309142,0,False,False
839c31fffffffff,-26.43056448118626,156.37094073565257,0,False,False
839c32fffffffff,-24.697528930520782,157.23224092267904,0,False,False
839c33fffffffff,-25.370547139766536,156.26362131780795,0,False,False
839c34fffffffff,-26.13276267621002,158.4622385640681,0,False,False
839c35fffffffff,-26.821086643068,157.47724653442066,0,False,False
839c36fffffffff,-25.069515395366352,158.3245591707829,0,False,False
839c88fffffffff,-19.85648305736916,150.74147305285845,0,False,False
839c89fffffffff,-20.50001710859314,149.7342521109297,0,False,False
839c8bfffffffff,-19.3644778066794,149.67563474940505,0,False,False
839c8dfffffffff,-20.984805564866743,150.80442983795967,0,False,False
839cc2fffffffff,-22.402988519256432,146.64651384323523,0,False,False
839cc6fffffffff,-22.9004359507516,147.73732234144288,0,False,False
839cd0fffffffff,-20.63948586196185,147.63569257206476,0,False,False
839cd1fffffffff,-21.269760538424404,146.6001034747304,0,False,False
839cd2fffffffff,-19.49749424574078,147.5855206605996,0,False,False
839cd3fffffffff,-20.12866344764568,146.55408791511334,0,False,False
839cd4fffffffff,-21.139480498355752,148.71570413858507,0,False,False
839cd5fffffffff,-21.774070202760903,147.6862913354529,0,False,False
839cd6fffffffff,-20.00412540866493,148.66103478164527,0,False,False
839cd8fffffffff,-21.374366493781217,144.46297143710584,0,False,False
839cd9fffffffff,-21.98734786121434,143.4044454290777,0,False,False
839cdafffffffff,-20.22888024337847,144.4259155392675,0,False,False
839cdbfffffffff,-20.844078977536803,143.37182200158796,0,False,False
839cdcfffffffff,-21.89415824240816,145.55479954560295,0,False,False
839cdefffffffff,-20.75454863766676,145.5130508986351,0,False,False
839cf0fffffffff,-22.74842237384397,149.852967141708,0,False,False
839cf1fffffffff,-23.38612473640076,148.82643698802863,0,False,False
839cf2fffffffff,-21.62826513480557,149.79336088233453,0,False,False
839cf3fffffffff,-22.267076186833965,148.77083627479487,0,False,False
839cf4fffffffff,-23.217798554598243,150.93192309352702,0,False,False
839cf5fffffffff,-23.859725435801995,149.9130770655751,0,False,False
839cf6fffffffff,-22.10550249633028,150.8679110441445,0,False,False
839d00fffffffff,-29.434533165707567,162.3058904029591,0,False,False
839d01fffffffff,-30.166963898025244,161.28981029408294,0,False,False
839d02fffffffff,-28.332797587474303,162.10298658659315,0,False,False
839d03fffffffff,-29.06073845289369,161.10074087565155,0,False,False
839d04fffffffff,-29.800414986874863,163.53009730697977,0,False,False
839d05fffffffff,-30.545249273729425,162.51501543538154,0,False,False
839d06fffffffff,-28.69450130460157,163.3073421088418,0,False,False
839d0afffffffff,-29.387695437251047,158.90030186528216,0,False,False
839d0efffffffff,-29.780846009621666,160.0847230827829,0,False,False
839d10fffffffff,-26.511410636970712,162.88120502020416,0,False,False
839d11fffffffff,-27.240779456631724,161.90603531435585,0,False,False
839d12fffffffff,-25.435630626241466,162.67728064045374,0,False,False
839d13fffffffff,-26.15917146110874,161.71478288659054,0,False,False
839d14fffffffff,-26.85703707325949,164.06491398479008,0,False,False
839d15fffffffff,-27.597926097867884,163.0911376404388,0,False,False
839d18fffffffff,-27.58845621832004,159.75077820566912,0,False,False
839d19fffffffff,-28.29248201324328,158.7499250802928,0,False,False
839d1afffffffff,-26.50749637447714,159.5910973065671,0,False,False
839d1bfffffffff,-27.20728726640453,158.60396736595592,0,False,False
839d1cfffffffff,-27.963870356578656,160.91727800151708,0,False,False
839d1dfffffffff,-28.67979940203765,159.91524816783615,0,False,False
839d1efffffffff,-26.87706805350465,160.73917953611794,0,False,False
839d20fffffffff,-31.27512708408048,165.023125455972,0,False,False
839d22fffffffff,-30.157617998093738,164.7726735206458,0,False,False
839d23fffffffff,-30.914901968375,163.75969848224548,0,False,False
839d24fffffffff,-31.62514088836809,166.30446729368862,0,False,False
839d26fffffffff,-30.505384397640103,166.0328411484883,0,False,False
839d30fffffffff,-28.28970266251806,165.51357768246996,0,False,False
839d31fffffffff,-29.04824517176938,164.529699071218,0,False,False
839d33fffffffff,-27.94780165535282,164.29388052246037,0,False,False
839d35fffffffff,-29.39329820256642,165.7693270736673,0,False,False
839da8fffffffff,-24.736271333787965,160.39817407262473,0,False,False
839da9fffffffff,-25.437555353900976,159.43600167486755,0,False,False
839dabfffffffff,-24.379223143614976,159.2852987840155,0,False,False
839dacfffffffff,-25.088620603313004,161.52898956707298,0,False,False
839dadfffffffff,-25.80099558523195,160.5662168843673,0,False,False
83a603fffffffff,-46.05410956690982,121.71014008447342,0,False,False
83a61afffffffff,-44.02236668064182,120.78341122321828,0,False,False
83a61cfffffffff,-45.204541741308816,121.7646940380124,0,False,False
83a61efffffffff,-44.34234961485922,121.81841599248878,0,False,False
83a62afffffffff,-46.63732650705721,120.87330800598102,0,False,False
83a62efffffffff,-47.54508727451421,121.2856429239934,0,False,False
83a680fffffffff,-40.60356372077327,123.17489165836808,0,False,False
83a681fffffffff,-40.88644458877797,122.0509341091396,0,False,False
83a682fffffffff,-39.72471083160345,123.23296441170848,0,False,False
83a683fffffffff,-40.01720745162204,122.11383089335897,0,False,False
83a684fffffffff,-41.17882250015528,124.25225360585466,0,False,False
83a685fffffffff,-41.46752078918758,123.11629320860456,0,False,False
83a686fffffffff,-40.30538289597471,124.30588049374067,0,False,False
83a68afffffffff,-40.034012708364806,120.01104220966404,0,False,False
83a68cfffffffff,-41.33125162467229,120.96357422216558,0,False,False
83a68dfffffffff,-41.88525643322338,119.87795723827035,0,False,False
83a68efffffffff,-40.4097746049712,121.02184771563913,0,False,False
83a690fffffffff,-38.51354121077135,124.411687069162,0,False,False
83a691fffffffff,-38.831000578952455,123.29051839347278,0,False,False
83a694fffffffff,-39.09368869457663,125.49119328185814,0,False,False
83a695fffffffff,-39.41693892120763,124.35902283233568,0,False,False
83a696fffffffff,-38.18065759557432,125.53887314634686,0,False,False
83a698fffffffff,-38.53159766916817,121.13583982412364,0,False,False
83a699fffffffff,-39.090408712132096,120.07611406708506,0,False,False
83a69cfffffffff,-39.13322150075442,122.1761701945459,0,False,False
83a69dfffffffff,-39.476463904162216,121.07926335235132,0,False,False
83a6a2fffffffff,-41.74233631024887,125.34551613292604,0,False,False
83a6a3fffffffff,-42.03723671740964,124.19813560643696,0,False,False
83a6a8fffffffff,-42.580591130300085,121.9234385321272,0,False,False
83a6a9fffffffff,-43.13774864888339,120.84437609870334,0,False,False
83a6aafffffffff,-41.740905777211815,121.98747248382094,0,False,False
83a6abfffffffff,-42.24064828368666,120.9044236244526,0,False,False
83a6acfffffffff,-43.15073389661127,122.99749091007996,0,False,False
83a6adfffffffff,-43.46765116751952,121.87132474468032,0,False,False
83a6aefffffffff,-42.31657200306735,123.05716201602792,0,False,False
83a6b0fffffffff,-40.554581191111104,126.54223244675968,0,False,False
83a6b1fffffffff,-40.87457632157849,125.39452075716063,0,False,False
83a6b2fffffffff,-39.66227867836236,126.58563214680784,0,False,False
83a6b3fffffffff,-39.99168283130075,125.44307779500424,0,False,False
83a6b4fffffffff,-41.105010203889954,127.65597889489636,0,False,False
83a6b5fffffffff,-41.43165444987052,126.4984304057017,0,False,False
83a6b6fffffffff,-40.218672322613465,127.69450076967966,0,False,False
83a6f0fffffffff,-43.33577350956256,118.69120152151832,0,False,False
83a6f2fffffffff,-42.43129186940625,118.7684943823965,0,False,False
83a6f4fffffffff,-43.68695138772649,119.74080187691992,0,False,False
83a6f6fffffffff,-42.79240155755976,119.80989984289818,0,False,False
83a792fffffffff,-41.43491060314975,132.2795994188843,0,False,False
83a79afffffffff,-41.64237657042795,128.7837516111527,0,False,False
83b320fffffffff,-41.8071476966854,-56.87919339985274,0,False,False
83b324fffffffff,-41.1263756628044,-55.66855477893267,0,False,False
83b326fffffffff,-40.71359154993881,-57.04965928457968,0,False,False
83b334fffffffff,-39.16950528595815,-58.572981172959175,0,False,False
83b335fffffffff,-40.28158852310066,-58.42260387607439,0,False,False
83b8d8fffffffff,-39.77538636003166,136.98001563146664,0,False,False
83b8d9fffffffff,-40.21470839977291,135.80849853900006,0,False,False
83b8dafffffffff,-38.85007791726464,136.97494674239977,0,False,False
83b8dbfffffffff,-39.29765930633797,135.80896765333122,0,False,False
83ba24fffffffff,-46.75194236960461,-167.30629656469438,0,False,False
83ba25fffffffff,-46.46193171987983,-168.80623814235852,0,False,False
83ba2dfffffffff,-44.71311718637956,-172.16092081001912,0,False,False
83bb08fffffffff,-48.61735347528239,-167.916488008266,0,False,False
83bb09fffffffff,-48.3276314867768,-169.4787978439664,0,False,False
83bb0afffffffff,-47.81874442401302,-166.840162466016,0,False,False
83bb0bfffffffff,-47.54070788096282,-168.3704242479677,0,False,False
83bb0cfffffffff,-49.6909107981595,-167.44333576756748,0,False,False
83bb0dfffffffff,-49.41370714340957,-169.0388577911248,0,False,False
83bb0efffffffff,-48.882778610642205,-166.35486071721127,0,False,False
83bb29fffffffff,-51.29768532187311,-169.76637366797866,0,False,False
83bb2afffffffff,-50.76041930027109,-166.94978979650404,0,False,False
83bb2bfffffffff,-50.49637190196347,-168.57974599138188,0,False,False
83bb46fffffffff,-48.43096507057551,-173.8094409314081,0,False,False
83bb50fffffffff,-46.91390271155685,-171.4287906980984,0,False,False
83bb51fffffffff,-46.565139784103096,-172.9525537160052,0,False,False
83bb52fffffffff,-46.14910072213867,-170.30559007499554,0,False,False
83bb53fffffffff,-45.81345208393262,-171.80230322205804,0,False,False
83bb54fffffffff,-48.01351541678296,-171.03946940233226,0,False,False
83bb55fffffffff,-47.67500913383959,-172.5961964216161,0,False,False
83bb56fffffffff,-47.23910919690194,-169.9006936857826,0,False,False
83bb58fffffffff,-45.07417879528558,-174.77974075843662,0,False,False
83bb5afffffffff,-44.34578699623803,-173.62243700703817,0,False,False
83bb5cfffffffff,-46.19297047623691,-174.4698578682517,0,False,False
83bb5efffffffff,-45.45508148788479,-173.29435001565713,0,False,False
83bb70fffffffff,-49.890325512005205,-171.83603701944466,0,False,False
83bb71fffffffff,-49.548237307352416,-173.45713750042063,0,False,False
83bb72fffffffff,-49.11132822500579,-170.6333523320256,0,False,False
83bb73fffffffff,-48.78372716387571,-172.22435682389911,0,False,False
83bb74fffffffff,-50.99383338978859,-171.43015472532662,0,False,False
83bb75fffffffff,-50.66306409997132,-173.08879718883526,0,False,False
83bb76fffffffff,-50.206374303124,-170.20937222273886,0,False,False
83be0cfffffffff,-41.39025661384078,171.8279862420912,0,False,False
83be0efffffffff,-40.25037205836927,171.4209784036829,0,False,False
83be1dfffffffff,-39.109108967005554,171.02746309070602,0,False,False
83be29fffffffff,-43.66160158721272,172.68517133092936,0,False,False
83be88fffffffff,-33.0916740212122,167.9050067572754,0,False,False
83be8afffffffff,-31.964176918758582,167.60279968397683,0,False,False
83be8bfffffffff,-32.751707027890056,166.5845731569776,0,False,False
83be8dfffffffff,-34.22453915276088,168.2167700305634,0,False,False
83be99fffffffff,-30.842970207836487,167.30973213455977,0,False,False
83be9bfffffffff,-29.72894007852183,167.0254103434284,0,False,False
83bea9fffffffff,-35.68767835486693,169.92180177684833,0,False,False
83beabfffffffff,-34.551466825857915,169.57635514535323,0,False,False
83bf4efffffffff,-47.51674925901469,174.8286611594796,0,False,False
83bf5afffffffff,-44.790923654357,173.1367993060864,0,False,False
83bf5dfffffffff,-46.40906061367762,174.32362167610623,0,False,False
83ce14fffffffff,-55.67745594994405,-106.6839005096898,0,False,False
83ce30fffffffff,-55.06326992988208,-109.7264760576285,0,False,False
83ce32fffffffff,-55.85101374718031,-108.58521858308136,0,False,False
83ce34fffffffff,-55.190413126678806,-111.62451350419543,0,False,False
83ce36fffffffff,-55.99519707552243,-110.5048957395841,0,False,False
83cf10fffffffff,-56.268966122316655,-118.28275095721358,0,False,False
83cf11fffffffff,-55.39301684707442,-117.37042847355526,0,False,False
83cf12fffffffff,-57.11893679835696,-117.24279301260027,0,False,False
83cf13fffffffff,-56.2464789804456,-116.33222416632746,0,False,False
83cf14fffffffff,-56.26081761876947,-120.22981987707745,0,False,False
83cf15fffffffff,-55.40040772919017,-119.28884569145524,0,False,False
83cf16fffffffff,-57.12589249920924,-119.2241084222771,0,False,False
83cf18fffffffff,-54.44666109311835,-114.59726500538402,0,False,False
83cf1afffffffff,-55.28794137251512,-113.5339788156015,0,False,False
83cf1bfffffffff,-54.365281500575705,-112.71302140193258,0,False,False
83cf1cfffffffff,-54.4985961957978,-116.48625980913415,0,False,False
83cf1efffffffff,-55.355529710694135,-115.45070496953107,0,False,False
83cf84fffffffff,-59.55036057557774,-113.90971410094184,0,False,False
83cf85fffffffff,-58.68855309622481,-113.0123828703708,0,False,False
83cf8dfffffffff,-56.7789967351115,-109.35370734053154,0,False,False
83cfa0fffffffff,-58.7995410058116,-117.10652236991058,0,False,False
83cfa1fffffffff,-57.94960700581567,-116.16795365996111,0,False,False
83cfa2fffffffff,-59.60674452326714,-115.99239614791688,0,False,False
83cfa3fffffffff,-58.760297066708,-115.05724354421146,0,False,False
83cfa4fffffffff,-58.8062687542241,-119.1549869959472,0,False,False
83cfa5fffffffff,-57.9723670714307,-118.18338817680508,0,False,False
83cfa6fffffffff,-59.62999052935664,-118.0771820680193,0,False,False
83cfa8fffffffff,-57.0111154068906,-113.28163681298956,0,False,False
83cfa9fffffffff,-56.10942338092032,-112.43883601423867,0,False,False
83cfaafffffffff,-57.808405323349525,-112.14663948622416,0,False,False
83cfabfffffffff,-56.91043649481074,-111.31121998312508,0,False,False
83cfacfffffffff,-57.08067629852322,-115.26038980009967,0,False,False
83cfadfffffffff,-56.19326953004458,-114.38275291869796,0,False,False
83cfaefffffffff,-57.89491899276259,-114.15405190857246,0,False,False
83cfb5fffffffff,-60.43378688762451,-116.96071125471074,0,False,False
83da90fffffffff,-52.88149610734043,-172.29955712727033,0,False,False
83da91fffffffff,-53.66057652430956,-173.65075618056747,0,False,False
83da92fffffffff,-51.77447321536818,-172.7033321305236,0,False,False
83da96fffffffff,-52.093281015571584,-171.0055345776797,0,False,False
83da9cfffffffff,-54.42867984603975,-175.06140086520912,0,False,False
83df02fffffffff,-45.82506969426596,-117.19141090199903,0,False,False
83df06fffffffff,-46.485148497731394,-118.51317976947531,0,False,False
83df11fffffffff,-46.23766703640022,-115.67205737451756,0,False,False
83df22fffffffff,-46.66170149442937,-121.3765255814108,0,False,False
83df26fffffffff,-47.274512232356166,-122.78024940975908,0,False,False
83df30fffffffff,-48.24203811127382,-119.73099151090844,0,False,False
83df31fffffffff,-47.13292131574618,-119.87411415150194,0,False,False
83df33fffffffff,-47.58661906088606,-118.33678870013672,0,False,False
83df34fffffffff,-48.88270648200647,-121.1667402169993,0,False,False
83df35fffffffff,-47.76691831154276,-121.27437653431672,0,False,False
83df49fffffffff,-60.53606041201874,-118.901385940011,0,False,False
83df69fffffffff,-57.963281574053966,-120.19537625000744,0,False,False
83df6dfffffffff,-57.101716892487616,-121.199613556133,0,False,False
83e880fffffffff,-49.555107359734535,-128.76039214928477,0,False,False
83e882fffffffff,-50.135644314326974,-127.26527741707147,0,False,False
83e883fffffffff,-49.013317896140975,-127.21182647719806,0,False,False
83e890fffffffff,-51.83879082385693,-125.73503525619016,0,False,False
83e891fffffffff,-50.70075783883641,-125.72214426654078,0,False,False
83e894fffffffff,-52.40671211133521,-127.38154419159484,0,False,False
83e895fffffffff,-51.26703753101561,-127.32176145803606,0,False,False
83e896fffffffff,-52.98477043539851,-125.74869209615925,0,False,False
83e898fffffffff,-48.98766857370401,-124.19262277326322,0,False,False
83e899fffffffff,-47.87165193062709,-124.22101554787744,0,False,False
83e89afffffffff,-49.50707658358788,-122.64403581896929,0,False,False
83e89bfffffffff,-48.38566019061026,-122.71395110871022,0,False,False
83e89cfffffffff,-49.57147726344067,-125.70995646425462,0,False,False
83e89dfffffffff,-48.45171535179605,-125.69841584098356,0,False,False
83e89efffffffff,-50.1136036292873,-124.16265857964616,0,False,False
83e8b2fffffffff,-52.95095530199947,-129.06939832440602,0,False,False
83e982fffffffff,-53.42487805706788,-139.1021549583698,0,False,False
83e984fffffffff,-53.537731436283416,-144.2599375804418,0,False,False
83e986fffffffff,-53.78725866361759,-140.90381944287952,0,False,False
83e991fffffffff,-54.14937847812274,-137.68307381506435,0,False,False
83e993fffffffff,-54.86335056956568,-136.19961083637682,0,False,False
83e99efffffffff,-53.736510786540144,-135.8751703805999,0,False,False
83e9a0fffffffff,-53.463360985319454,-147.41466122965963,0,False,False
83e9a1fffffffff,-52.35930090105967,-147.2326711483138,0,False,False
83e9a2fffffffff,-54.06860760309693,-145.91863116190714,0,False,False
83e9a3fffffffff,-52.954262282244144,-145.77544121745214,0,False,False
83e9a4fffffffff,-53.94604973749781,-149.08045213403807,0,False,False
83e9a5fffffffff,-52.847660088774845,-148.8505615550137,0,False,False
83e9a6fffffffff,-54.57263914517556,-147.60735272961574,0,False,False
83e9b0fffffffff,-55.79001569393908,-144.46784475366593,0,False,False
83e9b1fffffffff,-54.6614896740806,-144.36078499293407,0,False,False
83e9b4fffffffff,-56.31149427010156,-146.23167760689225,0,False,False
83e9b5fffffffff,-55.187968087206265,-146.070443099123,0,False,False
83e9b6fffffffff,-56.92244744828256,-144.58170831794587,0,False,False
83eacafffffffff,-51.85136443684655,178.6443281338516,0,False,False
83ef48fffffffff,-54.70757573912388,-127.51223267287772,0,False,False
83ef49fffffffff,-53.553844452523215,-127.44492313470434,0,False,False
83ef4bfffffffff,-54.1378541793119,-125.76318512257414,0,False,False
83ef4cfffffffff,-55.25075337908616,-129.30770376046166,0,False,False
83ef4dfffffffff,-54.097838050636106,-129.18492865600817,0,False,False
83ef68fffffffff,-55.10464465116425,-132.78940015335516,0,False,False
83ef69fffffffff,-53.96267063314711,-132.56294051271882,0,False,False
83ef6bfffffffff,-54.61524448163033,-130.96709408874943,0,False,False
83ef6dfffffffff,-54.427488184603725,-134.3646191988247,0,False,False
83f204fffffffff,-60.09301543809404,-169.3067921912099,0,False,False
83f205fffffffff,-59.71119568310228,-167.2605100190833,0,False,False
83f208fffffffff,-60.48000385047348,-161.8062045827984,0,False,False
83f209fffffffff,-59.977897365113584,-159.8063310745503,0,False,False
83f20bfffffffff,-61.04590751195445,-159.95375669415407,0,False,False
83f20cfffffffff,-59.89631259802464,-163.57337578789725,0,False,False
83f20dfffffffff,-59.42368525917588,-161.59377507834506,0,False,False
83f220fffffffff,-58.42562925051456,-170.32653002108995,0,False,False
83f221fffffffff,-58.06282477018977,-168.3909862337802,0,False,False
83f222fffffffff,-59.42921553324132,-170.84089680276654,0,False,False
83f223fffffffff,-59.07302629727348,-168.83277613692422,0,False,False
83f226fffffffff,-58.757766937308645,-172.29501052089748,0,False,False
83f228fffffffff,-58.267673304211655,-164.93411530236435,0,False,False
83f229fffffffff,-57.82105401395929,-163.04995149778176,0,False,False
83f22afffffffff,-59.297339601092254,-165.2578899905691,0,False,False
83f22bfffffffff,-58.85283389232482,-163.3022783868157,0,False,False
83f22cfffffffff,-57.67039971004835,-166.49185865832067,0,False,False
83f22dfffffffff,-57.24952809981126,-164.63217818353738,0,False,False
83f22efffffffff,-58.68544233265473,-166.8626998384493,0,False,False
83f235fffffffff,-59.7529448341947,-172.8831076211545,0,False,False
83f240fffffffff,-57.25812165823179,-154.2455534646872,0,False,False
83f242fffffffff,-58.303483029937865,-154.1805912373244,0,False,False
83f243fffffffff,-57.6959255472253,-152.43273979548997,0,False,False
83f246fffffffff,-57.83711559615034,-155.99452732636598,0,False,False
83f24bfffffffff,-53.3101104435675,-150.4918048566445,0,False,False
83f250fffffffff,-59.95095806979051,-155.99010897512295,0,False,False
83f251fffffffff,-59.36185577255656,-154.11078623648783,0,False,False
83f254fffffffff,-59.44647045876805,-157.86791572679957,0,False,False
83f255fffffffff,-58.8876687998534,-155.99239899217244,0,False,False
83f256fffffffff,-60.513015024690816,-157.9380721027836,0,False,False
83f258fffffffff,-59.167991450681775,-150.35443236690708,0,False,False
83f259fffffffff,-55.04899545218813,-149.32391509718062,0,False,False
83f25afffffffff,-56.80347337307962,-148.02883054442634,0,False,False
83f25bfffffffff,-55.68629753237758,-147.81171337024824,0,False,False
83f25cfffffffff,-58.74785226960528,-152.3003693262972,0,False,False
83f25dfffffffff,-58.11109326230992,-150.55855476085998,0,False,False
83f25efffffffff,-59.81248720819796,-152.15796613797158,0,False,False
83f270fffffffff,-57.8779958201835,-159.54252060124014,0,False,False
83f271fffffffff,-57.35094500214048,-157.74217719659518,0,False,False
83f272fffffffff,-58.9217512542167,-159.66962817497733,0,False,False
83f273fffffffff,-58.3922832769162,-157.80279160504384,0,False,False
83f274fffffffff,-57.34702444563882,-161.2126209384072,0,False,False
83f275fffffffff,-56.84710975383383,-159.42403347681557,0,False,False
83f276fffffffff,-58.37918485880509,-161.39642963396196,0,False,False
83f28dfffffffff,-65.37707351668902,-160.83029748819052,0,False,False
83f2a3fffffffff,-64.7563482028331,-169.8044833088857,0,False,False
83f2aafffffffff,-65.13148818082473,-165.40411887804171,0,False,False
83f2c9fffffffff,-56.94567381368086,-141.0593755064762,0,False,False
83f2cdfffffffff,-57.51690776349996,-142.85998040900515,0,False,False
83f35afffffffff,-56.80149443571058,-162.81451972393714,0,False,False
